time,cfl
0.0015,0
0.003,6.23037e-06
0.0045,1.24576e-05
0.006,1.86778e-05
0.0075,2.48913e-05
0.009,3.11036e-05
0.0105,3.73172e-05
0.012,4.35259e-05
0.0135,4.97298e-05
0.015,5.59288e-05
0.0165,6.21229e-05
0.018,6.83121e-05
0.0195,7.44964e-05
0.021,8.06758e-05
0.0225,8.68466e-05
0.024,9.30087e-05
0.0255,9.91659e-05
0.027,0.000105318
0.0285,0.000111462
0.03,0.000117597
0.0315,0.000123723
0.033,0.000129841
0.0345,0.00013595
0.036,0.00014205
0.0375,0.000148142
0.039,0.000154225
0.0405,0.000160295
0.042,0.000166353
0.0435,0.000172403
0.045,0.000178444
0.0465,0.000184472
0.048,0.000190488
0.0495,0.000196491
0.051,0.000202486
0.0525,0.000208468
0.054,0.000214438
0.0555,0.000220395
0.057,0.00022634
0.0585,0.000232272
0.06,0.000238192
0.0615,0.000244099
0.063,0.000249994
0.0645,0.000255873
0.066,0.000261739
0.0675,0.000267593
0.069,0.000273434
0.0705,0.000279263
0.072,0.000285075
0.0735,0.000290875
0.075,0.000296663
0.0765,0.000302438
0.078,0.000308197
0.0795,0.000313943
0.081,0.000319677
0.0825,0.000325398
0.084,0.000331107
0.0855,0.000336803
0.087,0.000342487
0.0885,0.000348158
0.09,0.000353817
0.0915,0.000359459
0.093,0.000365089
0.0945,0.000370706
0.0960001,0.000376311
0.0975001,0.000381903
0.0990001,0.000387482
0.1005,0.000393049
0.102,0.000398604
0.1035,0.000404146
0.105,0.000409675
0.1065,0.000415192
0.108,0.000420696
0.1095,0.000426188
0.111,0.000431671
0.1125,0.000437143
0.114,0.000442601
0.1155,0.000448051
0.117,0.000453492
0.1185,0.000458923
0.12,0.000464343
0.1215,0.000469753
0.123,0.000475155
0.1245,0.000480547
0.126,0.000485931
0.1275,0.000491306
0.129,0.000496672
0.1305,0.000502029
0.132,0.000507381
0.1335,0.000512724
0.135,0.000518057
0.1365,0.000523382
0.138,0.000528702
0.1395,0.000534017
0.141,0.000539322
0.1425,0.000544622
0.144,0.000549917
0.1455,0.000555207
0.147,0.000560491
0.1485,0.00056577
0.15,0.000571044
0.1515,0.000576313
0.153,0.00058158
0.1545,0.000586842
0.156,0.000592099
0.1575,0.00059735
0.159,0.0006026
0.1605,0.000607935
0.162,0.0006133
0.1635,0.000618667
0.165,0.000624033
0.1665,0.000629401
0.168,0.000634769
0.1695,0.000640137
0.171,0.000645506
0.1725,0.000650876
0.174,0.000656245
0.1755,0.000661615
0.177,0.000666986
0.1785,0.000672484
0.18,0.000678054
0.1815,0.000683616
0.183,0.000689167
0.1845,0.000694701
0.186,0.000700228
0.1875,0.000705747
0.189,0.000711255
0.1905,0.000716747
0.192,0.000722231
0.1935,0.000727704
0.195,0.000733166
0.1965,0.000738624
0.198,0.000744073
0.1995,0.000749512
0.201,0.000754939
0.2025,0.000760362
0.204,0.000765774
0.2055,0.000771175
0.207,0.000776564
0.2085,0.000781947
0.21,0.000787323
0.2115,0.000792687
0.213,0.000798048
0.2145,0.000803402
0.216,0.00080875
0.2175,0.000814088
0.219,0.000819418
0.2205,0.000824742
0.222,0.000830058
0.2235,0.000835363
0.225,0.00084066
0.2265,0.000845951
0.228,0.000851235
0.2295,0.000856516
0.231,0.00086179
0.2325,0.000867057
0.234,0.000872321
0.2355,0.000877582
0.237,0.000882837
0.2385,0.000888085
0.24,0.00089333
0.2415,0.000898572
0.243,0.000903899
0.2445,0.000909269
0.246,0.000914638
0.2475,0.000920009
0.249,0.000925379
0.2505,0.00093075
0.252,0.000936121
0.2535,0.000941492
0.255,0.000946863
0.2565,0.000952234
0.258,0.000957662
0.2595,0.000963193
0.261,0.000968716
0.2625,0.00097423
0.264,0.000979735
0.2655,0.000985229
0.267,0.000990718
0.2685,0.000996199
0.27,0.00100167
0.2715,0.00100713
0.273,0.00101258
0.2745,0.00101802
0.276,0.00102346
0.2775,0.00102888
0.279,0.0010343
0.2805,0.00103971
0.282,0.00104511
0.2835,0.0010505
0.285,0.00105589
0.2865,0.00106127
0.288,0.00106665
0.2895,0.00107202
0.291,0.00107738
0.2925,0.00108274
0.294,0.00108809
0.2955,0.00109343
0.297,0.00109877
0.2985,0.0011041
0.3,0.00110942
0.3015,0.00111473
0.303,0.00112004
0.3045,0.00112535
0.306,0.00113066
0.3075,0.00113595
0.309,0.00114124
0.3105,0.00114652
0.312,0.0011518
0.3135,0.00115708
0.315,0.00116235
0.3165,0.00116762
0.318,0.00117296
0.3195,0.00117834
0.321,0.00118371
0.3225,0.00118908
0.324,0.00119445
0.3255,0.00119982
0.327,0.00120519
0.3285,0.00121056
0.33,0.00121593
0.3315,0.00122131
0.333,0.00122668
0.3345,0.00123205
0.336,0.00123742
0.3375,0.00124288
0.339,0.00124836
0.3405,0.00125383
0.342,0.0012593
0.3435,0.00126477
0.345,0.00127022
0.3465,0.00127567
0.348,0.00128111
0.3495,0.00128655
0.351,0.00129198
0.3525,0.0012974
0.354,0.00130281
0.3555,0.00130821
0.357,0.00131361
0.358501,0.00131901
0.360001,0.00132439
0.361501,0.00132977
0.363001,0.00133515
0.364501,0.00134051
0.366001,0.00134588
0.367501,0.00135124
0.369001,0.00135659
0.370501,0.00136194
0.372001,0.00136728
0.373501,0.00137261
0.375001,0.00137794
0.376501,0.00138326
0.378001,0.00138858
0.379501,0.00139389
0.381001,0.00139919
0.382501,0.00140449
0.384001,0.00140978
0.385501,0.00141507
0.387001,0.00142036
0.388501,0.00142563
0.390001,0.001431
0.391501,0.00143639
0.393001,0.00144179
0.394501,0.00144717
0.396001,0.00145256
0.397501,0.00145795
0.399001,0.00146333
0.400501,0.00146871
0.402001,0.00147408
0.403501,0.00147946
0.405001,0.00148483
0.406501,0.0014902
0.408001,0.00149557
0.409501,0.00150094
0.411001,0.00150631
0.412501,0.00151168
0.414001,0.0015171
0.415501,0.00152258
0.417001,0.00152805
0.418501,0.00153351
0.420001,0.00153898
0.421501,0.00154443
0.423001,0.00154988
0.424501,0.00155532
0.426001,0.00156076
0.427501,0.00156619
0.429001,0.00157162
0.430501,0.00157704
0.432001,0.00158246
0.433501,0.00158786
0.435001,0.00159327
0.436501,0.00159866
0.438001,0.00160405
0.439501,0.00160944
0.441001,0.00161482
0.442501,0.00162019
0.444001,0.00162555
0.445501,0.00163091
0.447001,0.00163627
0.448501,0.00164161
0.450001,0.00164695
0.451501,0.00165229
0.453001,0.00165762
0.454501,0.00166294
0.456001,0.00166826
0.457501,0.00167358
0.459001,0.00167889
0.460501,0.00168419
0.462001,0.00168948
0.463501,0.00169477
0.465001,0.00170006
0.466501,0.00170543
0.468001,0.00171083
0.469501,0.00171622
0.471001,0.00172161
0.472501,0.001727
0.474001,0.00173238
0.475501,0.00173776
0.477001,0.00174314
0.478501,0.00174853
0.480001,0.0017539
0.481501,0.00175928
0.483001,0.00176465
0.484501,0.00177003
0.486001,0.0017754
0.487501,0.00178077
0.489001,0.00178614
0.490501,0.00179157
0.492001,0.00179701
0.493501,0.00180244
0.495001,0.00180788
0.496501,0.00181331
0.498001,0.00181872
0.499501,0.00182414
0.501001,0.00182955
0.502501,0.00183495
0.504001,0.00184034
0.505502,0.00184573
0.507002,0.00185111
0.508502,0.00185649
0.510002,0.00186186
0.511502,0.00186723
0.513002,0.0018726
0.514502,0.00187795
0.516002,0.00188331
0.517502,0.00188866
0.519002,0.001894
0.520502,0.00189934
0.522002,0.00190468
0.523502,0.00191001
0.525002,0.00191533
0.526502,0.00192066
0.528002,0.00192598
0.529502,0.00193129
0.531002,0.00193661
0.532502,0.00194192
0.534002,0.00194723
0.535502,0.00195257
0.537002,0.00195796
0.538502,0.00196335
0.540002,0.00196873
0.541502,0.00197412
0.543002,0.0019795
0.544502,0.00198487
0.546002,0.00199024
0.547502,0.00199562
0.549002,0.00200099
0.550502,0.00200636
0.552002,0.00201173
0.553502,0.0020171
0.555002,0.00202247
0.556502,0.00202784
0.558002,0.00203321
0.559502,0.00203858
0.561002,0.00204395
0.562502,0.00204932
0.564002,0.00205469
0.565502,0.00206006
0.567002,0.00206543
0.568502,0.0020708
0.570002,0.00207621
0.571502,0.00208162
0.573002,0.00208702
0.574502,0.00209242
0.576002,0.00209781
0.577502,0.0021032
0.579002,0.00210857
0.580502,0.00211394
0.582002,0.0021193
0.583502,0.00212466
0.585002,0.00213001
0.586502,0.00213536
0.588002,0.00214071
0.589502,0.00214606
0.591002,0.0021514
0.592502,0.00215674
0.594002,0.00216208
0.595502,0.00216742
0.597002,0.00217275
0.598502,0.00217808
0.600002,0.00218341
0.601502,0.00218873
0.603002,0.00219406
0.604502,0.00219938
0.606002,0.0022047
0.607502,0.00221001
0.609002,0.00221532
0.610502,0.00222063
0.612002,0.00222594
0.613502,0.00223124
0.615002,0.00223654
0.616502,0.00224184
0.618002,0.00224714
0.619502,0.00225243
0.621002,0.00225772
0.622502,0.002263
0.624002,0.00226828
0.625502,0.00227356
0.627002,0.00227884
0.628502,0.00228411
0.630002,0.00228938
0.631502,0.00229464
0.633002,0.00229997
0.634502,0.00230533
0.636002,0.00231068
0.637502,0.00231604
0.639002,0.0023214
0.640502,0.00232676
0.642002,0.00233212
0.643502,0.00233748
0.645002,0.00234284
0.646502,0.00234819
0.648003,0.00235355
0.649503,0.0023589
0.651003,0.00236426
0.652503,0.00236962
0.654003,0.00237497
0.655503,0.00238032
0.657003,0.00238568
0.658503,0.00239103
0.660003,0.00239638
0.661503,0.00240174
0.663003,0.00240709
0.664503,0.00241244
0.666003,0.00241779
0.667503,0.00242314
0.669003,0.00242849
0.670503,0.00243384
0.672003,0.00243918
0.673503,0.00244453
0.675003,0.00244988
0.676503,0.00245522
0.678003,0.00246057
0.679503,0.00246592
0.681003,0.00247126
0.682503,0.0024766
0.684003,0.00248195
0.685503,0.00248729
0.687003,0.00249263
0.688503,0.00249797
0.690003,0.00250331
0.691503,0.00250865
0.693003,0.00251398
0.694503,0.00251931
0.696003,0.00252464
0.697503,0.00252997
0.699003,0.00253529
0.700503,0.00254061
0.702003,0.00254592
0.703503,0.00255123
0.705003,0.00255653
0.706503,0.00256183
0.708003,0.00256713
0.709503,0.00257242
0.711003,0.00257771
0.712503,0.002583
0.714003,0.00258828
0.715503,0.00259356
0.717003,0.00259884
0.718503,0.00260411
0.720003,0.00260938
0.721503,0.00261464
0.723003,0.00261989
0.724503,0.00262515
0.726003,0.00263041
0.727503,0.00263572
0.729003,0.00264102
0.730503,0.00264631
0.732003,0.00265161
0.733503,0.00265689
0.735003,0.00266218
0.736503,0.00266746
0.738003,0.00267274
0.739503,0.00267801
0.741003,0.00268328
0.742503,0.00268855
0.744003,0.00269382
0.745503,0.00269908
0.747003,0.00270434
0.748503,0.00270962
0.750003,0.00271494
0.751503,0.00272025
0.753003,0.00272557
0.754503,0.00273088
0.756003,0.00273619
0.757503,0.0027415
0.759003,0.00274681
0.760503,0.00275212
0.762003,0.00275742
0.763503,0.00276273
0.765003,0.00276803
0.766503,0.00277334
0.768003,0.00277864
0.769503,0.00278395
0.771003,0.00278925
0.772503,0.00279455
0.774003,0.00279985
0.775503,0.00280515
0.777003,0.00281045
0.778503,0.00281575
0.780003,0.00282104
0.781503,0.00282634
0.783003,0.00283163
0.784503,0.00283693
0.786003,0.00284222
0.787503,0.00284751
0.789003,0.0028528
0.790504,0.00285808
0.792004,0.0028634
0.793504,0.00286872
0.795004,0.00287403
0.796504,0.00287935
0.798004,0.00288467
0.799504,0.00288999
0.801004,0.0028953
0.802504,0.00290061
0.804004,0.00290593
0.805504,0.00291124
0.807004,0.00291655
0.808504,0.00292186
0.810004,0.00292717
0.811504,0.00293248
0.813004,0.00293779
0.814504,0.00294309
0.816004,0.00294839
0.817504,0.00295369
0.819004,0.00295899
0.820504,0.00296428
0.822004,0.00296958
0.823504,0.00297487
0.825004,0.00298016
0.826504,0.00298544
0.828004,0.00299072
0.829504,0.00299601
0.831004,0.00300129
0.832504,0.00300656
0.834004,0.00301184
0.835504,0.00301711
0.837004,0.00302238
0.838504,0.00302768
0.840004,0.00303298
0.841504,0.00303827
0.843004,0.00304357
0.844504,0.00304886
0.846004,0.00305416
0.847504,0.00305945
0.849004,0.00306474
0.850504,0.00307003
0.852004,0.00307532
0.853504,0.00308061
0.855004,0.00308589
0.856504,0.00309117
0.858004,0.00309646
0.859504,0.00310174
0.861004,0.00310702
0.862504,0.00311229
0.864004,0.00311757
0.865504,0.00312284
0.867004,0.00312812
0.868504,0.00313345
0.870004,0.0031388
0.871504,0.00314414
0.873004,0.00314949
0.874504,0.00315483
0.876004,0.00316017
0.877504,0.0031655
0.879004,0.00317083
0.880504,0.00317616
0.882004,0.00318149
0.883504,0.00318681
0.885004,0.00319213
0.886504,0.00319744
0.888004,0.00320275
0.889504,0.00320806
0.891004,0.00321337
0.892504,0.00321867
0.894004,0.00322397
0.895504,0.00322925
0.897004,0.00323452
0.898504,0.00323976
0.900004,0.00324499
0.901504,0.00325019
0.903004,0.00325538
0.904504,0.00326055
0.906004,0.00326581
0.907504,0.00327112
0.909004,0.00327641
0.910504,0.00328169
0.912004,0.00329707
0.913504,0.00332684
0.915004,0.00335668
0.916504,0.00338658
0.918004,0.00341651
0.919504,0.00344647
0.921004,0.00347642
0.922504,0.00350635
0.924004,0.00353625
0.925504,0.00356609
0.927004,0.00359587
0.928504,0.00362555
0.930004,0.00365514
0.931504,0.0036846
0.933004,0.00371393
0.934505,0.00374311
0.936005,0.00377213
0.937505,0.00380096
0.939005,0.0038296
0.940505,0.00385804
0.942005,0.00388625
0.943505,0.00391423
0.945005,0.00394197
0.946505,0.00396945
0.948005,0.00399667
0.949505,0.0040236
0.951005,0.00405024
0.952505,0.00407658
0.954005,0.00410234
0.955505,0.00412751
0.957005,0.00415209
0.958505,0.00417609
0.960005,0.00419952
0.961505,0.0042224
0.963005,0.00424474
0.964505,0.00426655
0.966005,0.00428787
0.967505,0.0043087
0.969005,0.00432907
0.970505,0.00434899
0.972005,0.00436851
0.973505,0.00439683
0.975005,0.00443028
0.976505,0.00446354
0.978005,0.00449663
0.979505,0.00452954
0.981005,0.00456226
0.982505,0.00459479
0.984005,0.00462713
0.985505,0.00465927
0.987005,0.00469122
0.988505,0.00472296
0.990005,0.0047545
0.991505,0.00478582
0.993005,0.00481692
0.994505,0.00484781
0.996005,0.00487847
0.997505,0.0049089
0.999005,0.0049391
1.0005,0.00496907
1.002,0.00499878
1.0035,0.00502826
1.00501,0.00505748
1.00651,0.00508645
1.00801,0.00511516
1.00951,0.00514361
1.01101,0.00517179
1.01251,0.0051997
1.01401,0.00522734
1.01551,0.0052547
1.01701,0.00528178
1.01851,0.00530857
1.02001,0.00533507
1.02151,0.00536128
1.02301,0.0053872
1.02451,0.00541283
1.02601,0.00543816
1.02751,0.00546318
1.02901,0.0054879
1.03051,0.00551232
1.03201,0.00553643
1.03351,0.00556023
1.03501,0.00558373
1.03651,0.00560691
1.03801,0.00562979
1.03951,0.00565235
1.04101,0.0056746
1.04251,0.00569654
1.04401,0.00571817
1.04551,0.00573948
1.04701,0.00576049
1.04851,0.00578118
1.05001,0.00580157
1.05151,0.00582164
1.05301,0.00584141
1.05451,0.00586088
1.05601,0.00588004
1.05751,0.0058989
1.05901,0.00591747
1.06051,0.00593573
1.06201,0.0059537
1.06351,0.00597138
1.06501,0.00598877
1.06651,0.00600587
1.06801,0.00602269
1.06951,0.00603923
1.07101,0.0060555
1.07251,0.00607149
1.07401,0.0060872
1.07551,0.00610266
1.07701,0.00611785
1.07851,0.00613278
1.08001,0.00614746
1.08151,0.00616188
1.08301,0.00617606
1.08451,0.00618999
1.08601,0.00620368
1.08751,0.00621714
1.08901,0.00623036
1.09051,0.00624335
1.09201,0.00625612
1.09351,0.00626867
1.09501,0.006281
1.09651,0.00629312
1.09801,0.00630503
1.09951,0.00631673
1.10101,0.00632823
1.10251,0.00633954
1.10401,0.00635065
1.10551,0.00636158
1.10701,0.00637232
1.10851,0.00638288
1.11001,0.00639326
1.11151,0.00640347
1.11301,0.00641351
1.11451,0.00642338
1.11601,0.00643309
1.11751,0.00644264
1.11901,0.00645203
1.12051,0.00646128
1.12201,0.00647038
1.12351,0.00647933
1.12501,0.00648815
1.12651,0.00649683
1.12801,0.00650538
1.12951,0.0065138
1.13101,0.00652209
1.13251,0.00653027
1.13401,0.00653832
1.13551,0.00654626
1.13701,0.00655409
1.13851,0.00656181
1.14001,0.00656943
1.14151,0.00657695
1.14301,0.00658437
1.14451,0.0065917
1.14601,0.00659895
1.14751,0.00660611
1.14901,0.00661319
1.15051,0.00662019
1.15201,0.00662712
1.15351,0.00663398
1.15501,0.00664077
1.15651,0.00664751
1.15801,0.00665419
1.15951,0.00666081
1.16101,0.00666738
1.16251,0.00667391
1.16401,0.0066804
1.16551,0.00668686
1.16701,0.00669327
1.16851,0.00669967
1.17001,0.00670603
1.17151,0.00671238
1.17301,0.00671871
1.17451,0.00672502
1.17601,0.00673133
1.17751,0.00673763
1.17901,0.00674393
1.18051,0.00675024
1.18201,0.00675655
1.18351,0.00676287
1.18501,0.00676921
1.18651,0.00677557
1.18801,0.00678196
1.18951,0.00678837
1.19101,0.00679481
1.19251,0.00680129
1.19401,0.00680781
1.19551,0.00681438
1.19701,0.00682099
1.19851,0.00682766
1.20001,0.00683439
1.20151,0.00684118
1.20301,0.00684803
1.20451,0.00685495
1.20601,0.00686195
1.20751,0.00686902
1.20901,0.00687618
1.21051,0.00688342
1.21201,0.00689075
1.21351,0.00689818
1.21501,0.0069057
1.21651,0.00691332
1.21801,0.00692105
1.21951,0.00692889
1.22101,0.00693684
1.22251,0.00694492
1.22401,0.00695311
1.22551,0.00696143
1.22701,0.00696987
1.22851,0.00697935
1.23001,0.00698987
1.23151,0.00700142
1.23301,0.007014
1.23451,0.00702761
1.23601,0.00704224
1.23751,0.00705788
1.23901,0.00707453
1.24051,0.00709216
1.24201,0.00711077
1.24351,0.00713034
1.24501,0.00715086
1.24651,0.00717231
1.24801,0.00719468
1.24951,0.00721795
1.25101,0.0072421
1.25251,0.00726712
1.25401,0.00729298
1.25551,0.00731966
1.25701,0.00734714
1.25851,0.0073754
1.26001,0.00740441
1.26151,0.00743419
1.26301,0.00746505
1.26451,0.00749697
1.26601,0.0075299
1.26751,0.00756382
1.26901,0.00759868
1.27051,0.00763445
1.27201,0.00767109
1.27351,0.00770854
1.27501,0.00774678
1.27651,0.00778576
1.27801,0.00782543
1.27951,0.00786574
1.28101,0.00790665
1.28251,0.0079481
1.28401,0.00799006
1.28551,0.00803246
1.28701,0.00807526
1.28851,0.0081184
1.29001,0.00816183
1.29151,0.00820549
1.29301,0.00824933
1.29451,0.00829329
1.29601,0.00833732
1.29751,0.00838136
1.29901,0.00842534
1.30051,0.00846922
1.30201,0.00851293
1.30351,0.00855642
1.30501,0.00859963
1.30651,0.00864249
1.30801,0.00868496
1.30951,0.00872697
1.31101,0.00876846
1.31251,0.00880938
1.31401,0.00884966
1.31551,0.00888926
1.31701,0.00892811
1.31851,0.00896616
1.32001,0.00900336
1.32151,0.00903964
1.32301,0.00907496
1.32451,0.00910927
1.32601,0.00914251
1.32751,0.00917464
1.32901,0.00920561
1.33051,0.00923537
1.33201,0.00926387
1.33351,0.00929108
1.33501,0.00931696
1.33651,0.00934145
1.33801,0.00936453
1.33951,0.00938617
1.34101,0.00940632
1.34251,0.00942496
1.34401,0.00944206
1.34551,0.0094576
1.34701,0.00947219
1.34851,0.00948651
1.35001,0.00950055
1.35151,0.00951429
1.35301,0.00952772
1.35451,0.00954084
1.35601,0.00955364
1.35751,0.00956609
1.35901,0.0095782
1.36051,0.00958996
1.36201,0.00960135
1.36351,0.00961237
1.36501,0.00962301
1.36651,0.00963326
1.36801,0.00964312
1.36951,0.00965257
1.37101,0.00966161
1.37251,0.00967024
1.37401,0.00967845
1.37551,0.00968624
1.37701,0.00969359
1.37851,0.0097005
1.38001,0.00970698
1.38151,0.00971301
1.38301,0.0097186
1.38451,0.00972374
1.38601,0.00972842
1.38751,0.00973265
1.38901,0.00973643
1.39051,0.00973974
1.39201,0.0097426
1.39351,0.009745
1.39501,0.00974694
1.39651,0.00974842
1.39801,0.00974945
1.39951,0.00975002
1.40101,0.00975014
1.40251,0.00974981
1.40401,0.00974904
1.40551,0.00974783
1.40701,0.00974619
1.40851,0.00974412
1.41001,0.00974162
1.41151,0.0097387
1.41301,0.00973537
1.41451,0.00973164
1.41601,0.00972751
1.41751,0.00972299
1.41901,0.0097181
1.42051,0.00971307
1.42201,0.00970803
1.42351,0.00970297
1.42501,0.0096979
1.42651,0.00969282
1.42801,0.00968779
1.42951,0.00968282
1.43101,0.00967791
1.43251,0.00967305
1.43401,0.00966824
1.43551,0.00966349
1.43701,0.0096588
1.43851,0.00965416
1.44001,0.00964957
1.44151,0.00964504
1.44301,0.00964055
1.44451,0.00963612
1.44601,0.00963173
1.44751,0.0096274
1.44901,0.00962311
1.45051,0.00961887
1.45201,0.00961467
1.45351,0.00961052
1.45501,0.00960641
1.45651,0.00960234
1.45801,0.00959833
1.45951,0.00959445
1.46101,0.00959069
1.46251,0.00958706
1.46401,0.00958358
1.46551,0.00958024
1.46701,0.00957706
1.46851,0.00957403
1.47001,0.00957117
1.47151,0.00956849
1.47301,0.00956599
1.47451,0.00956368
1.47601,0.00956159
1.47751,0.00955974
1.47901,0.00955813
1.48051,0.00955677
1.48201,0.00955567
1.48351,0.00955482
1.48501,0.00955836
1.48651,0.00957793
1.48801,0.00959671
1.48951,0.00961469
1.49101,0.00963186
1.49251,0.0096482
1.49401,0.0096637
1.49551,0.00967833
1.49701,0.00969211
1.49851,0.00970501
1.50001,0.00971702
1.50151,0.00972815
1.50301,0.00973838
1.50451,0.0097477
1.50601,0.0097561
1.50751,0.00976359
1.50901,0.00977016
1.51051,0.00977581
1.51201,0.00978054
1.51351,0.00978434
1.51501,0.00978722
1.51651,0.00978919
1.51801,0.00979024
1.51951,0.00979038
1.52101,0.00978961
1.52251,0.00978794
1.52401,0.00978538
1.52551,0.00978193
1.52701,0.0097776
1.52851,0.00977239
1.53001,0.00976633
1.53151,0.00975942
1.53301,0.00975168
1.53451,0.00974311
1.53601,0.00973372
1.53751,0.00973399
1.53901,0.0097453
1.54051,0.00975696
1.54201,0.00976896
1.54351,0.0097813
1.54501,0.00979397
1.54651,0.00980698
1.54801,0.00982032
1.54951,0.00983397
1.55101,0.00984795
1.55251,0.00986224
1.55401,0.00987684
1.55551,0.00989173
1.55701,0.00990692
1.55851,0.0099224
1.56001,0.00993815
1.56151,0.00995417
1.56301,0.00997045
1.56451,0.00998699
1.56601,0.0100038
1.56751,0.0100208
1.56901,0.010038
1.57051,0.0100555
1.57201,0.0100732
1.57351,0.010091
1.57501,0.0101091
1.57651,0.0101273
1.57801,0.0101457
1.57951,0.0101642
1.58101,0.0101829
1.58251,0.0102017
1.58401,0.0102207
1.58551,0.0102397
1.58701,0.0102588
1.58851,0.010278
1.59001,0.0102973
1.59151,0.0103166
1.59301,0.010336
1.59451,0.0103554
1.59601,0.0103748
1.59751,0.0103942
1.59901,0.0104136
1.60051,0.0104329
1.60201,0.0104523
1.60351,0.0104715
1.60501,0.0104907
1.60651,0.0105098
1.60801,0.0105288
1.60951,0.0105477
1.61101,0.0105665
1.61251,0.0105851
1.61401,0.0106036
1.61551,0.010622
1.61701,0.0106401
1.61851,0.0106581
1.62001,0.0106759
1.62151,0.0106935
1.62301,0.0107108
1.62451,0.0107279
1.62601,0.0107448
1.62751,0.0107615
1.62901,0.0107779
1.63051,0.010794
1.63201,0.0108099
1.63351,0.0108255
1.63501,0.0108408
1.63651,0.0108558
1.63801,0.0108705
1.63951,0.0108849
1.64101,0.010899
1.64251,0.0109128
1.64401,0.0109263
1.64551,0.0109395
1.64701,0.0109523
1.64851,0.0109648
1.65001,0.010977
1.65151,0.0109888
1.65301,0.0110003
1.65451,0.0110114
1.65601,0.0110223
1.65751,0.0110327
1.65901,0.0110429
1.66051,0.0110527
1.66201,0.0110621
1.66351,0.0110712
1.66501,0.01108
1.66651,0.0110885
1.66801,0.0110965
1.66951,0.0111043
1.67101,0.0111117
1.67251,0.0111188
1.67401,0.0111256
1.67551,0.011132
1.67701,0.0111382
1.67851,0.011144
1.68001,0.0111495
1.68151,0.0111547
1.68301,0.0111595
1.68451,0.0111641
1.68601,0.0111684
1.68751,0.0111724
1.68901,0.011176
1.69051,0.0111794
1.69201,0.0111825
1.69351,0.0111853
1.69501,0.0111879
1.69651,0.0111901
1.69801,0.0111921
1.69951,0.0111938
1.70101,0.0111953
1.70251,0.0111965
1.70401,0.0111974
1.70551,0.0111981
1.70701,0.0111985
1.70851,0.0111987
1.71001,0.0111986
1.71151,0.0111984
1.71301,0.0111978
1.71451,0.0111971
1.71601,0.0111962
1.71751,0.011195
1.71901,0.0111937
1.72051,0.0111922
1.72201,0.0111904
1.72351,0.0111885
1.72501,0.0111865
1.72651,0.0111903
1.72801,0.0111977
1.72951,0.0112051
1.73101,0.0112123
1.73251,0.0112194
1.73401,0.0112264
1.73551,0.0112333
1.73701,0.0112401
1.73851,0.0112468
1.74001,0.0112534
1.74151,0.0112599
1.74301,0.0112663
1.74451,0.0112727
1.74601,0.0112791
1.74751,0.0112853
1.74901,0.0112916
1.75051,0.0112977
1.75201,0.0113038
1.75351,0.0113099
1.75501,0.0113159
1.75651,0.0113219
1.75801,0.0113278
1.75951,0.0113337
1.76101,0.0113396
1.76251,0.0113454
1.76401,0.0113511
1.76551,0.0113568
1.76701,0.0113625
1.76851,0.0113681
1.77001,0.0113738
1.77151,0.0113793
1.77301,0.0113849
1.77451,0.0113904
1.77601,0.0113959
1.77751,0.0114014
1.77901,0.0114068
1.78051,0.0114122
1.78201,0.0114176
1.78351,0.011423
1.78501,0.0114284
1.78651,0.0114338
1.78801,0.0114391
1.78951,0.0114445
1.79101,0.0114498
1.79251,0.0114552
1.79401,0.0114606
1.79551,0.0114659
1.79701,0.0114713
1.79851,0.0114766
1.80001,0.011482
1.80151,0.0114874
1.80301,0.0114929
1.80451,0.0114983
1.80601,0.0115037
1.80751,0.0115092
1.80901,0.0115147
1.81051,0.0115202
1.81201,0.0115258
1.81351,0.0115315
1.81501,0.0115372
1.81651,0.011543
1.81801,0.011549
1.81951,0.011555
1.82101,0.0115611
1.82251,0.0115674
1.82401,0.0115738
1.82551,0.0115803
1.82701,0.0115869
1.82851,0.0115936
1.83001,0.0116005
1.83151,0.0116075
1.83301,0.0116147
1.83451,0.011622
1.83601,0.0116294
1.83751,0.0116369
1.83901,0.0116446
1.84051,0.0116525
1.84201,0.0116604
1.84351,0.0116685
1.84501,0.0116767
1.84651,0.0116851
1.84801,0.0116936
1.84951,0.0117022
1.85101,0.011711
1.85251,0.0117199
1.85401,0.0117289
1.85551,0.0117381
1.85701,0.0117474
1.85851,0.0117568
1.86001,0.0117663
1.86151,0.011776
1.86301,0.0117858
1.86451,0.0117957
1.86601,0.0118057
1.86751,0.0118159
1.86901,0.0118261
1.87051,0.0118365
1.87201,0.011847
1.87351,0.0118576
1.87501,0.0118684
1.87651,0.0118792
1.87801,0.0118901
1.87951,0.0119012
1.88101,0.0119123
1.88251,0.0119236
1.88401,0.0119349
1.88551,0.0119463
1.88701,0.0119578
1.88851,0.0119693
1.89001,0.011981
1.89151,0.0119927
1.89301,0.0120044
1.89451,0.0120163
1.89601,0.0120281
1.89751,0.0120401
1.89901,0.012052
1.90051,0.012064
1.90201,0.0120761
1.90351,0.0120881
1.90501,0.0121002
1.90651,0.0121123
1.90801,0.0121245
1.90951,0.0121366
1.91101,0.0121487
1.91251,0.0121608
1.91401,0.012173
1.91551,0.012185
1.91701,0.0121971
1.91851,0.0122092
1.92001,0.0122212
1.92151,0.0122332
1.92301,0.0122451
1.92451,0.012257
1.92601,0.0122689
1.92751,0.0122806
1.92901,0.0122924
1.93051,0.012304
1.93201,0.0123156
1.93351,0.0123271
1.93501,0.0123386
1.93651,0.0123499
1.93801,0.0123612
1.93951,0.0123724
1.94101,0.0123835
1.94251,0.0123945
1.94401,0.0124054
1.94551,0.0124162
1.94701,0.0124269
1.94851,0.0124376
1.95001,0.0124481
1.95151,0.0124585
1.95301,0.0124688
1.95451,0.0124789
1.95601,0.012489
1.95751,0.012499
1.95901,0.0125088
1.96051,0.0125185
1.96201,0.0125282
1.96351,0.0125377
1.96501,0.012547
1.96651,0.0125563
1.96801,0.0125654
1.96951,0.0125744
1.97101,0.0125833
1.97251,0.0125921
1.97401,0.0126008
1.97551,0.0126093
1.97701,0.0126177
1.97851,0.012626
1.98001,0.0126341
1.98151,0.0126422
1.98301,0.0126501
1.98451,0.0126579
1.98601,0.0126656
1.98751,0.0126732
1.98901,0.0126806
1.99051,0.012688
1.99201,0.0126953
1.99351,0.0127024
1.99501,0.0127094
1.99651,0.0127164
1.99801,0.0127232
1.99951,0.01273
2.00101,0.0127367
2.00251,0.0127432
2.00401,0.0127498
2.00551,0.0127562
2.00701,0.0127625
2.00851,0.0127688
2.01001,0.012775
2.01151,0.0127812
2.01301,0.0127873
2.01451,0.0127933
2.01601,0.0127993
2.01751,0.0128052
2.01901,0.0128111
2.02051,0.012817
2.02201,0.0128228
2.02351,0.0128286
2.02501,0.0128343
2.02651,0.0128401
2.02801,0.0128458
2.02951,0.0128515
2.03101,0.0128572
2.03251,0.0128629
2.03401,0.0128685
2.03551,0.0128742
2.03701,0.0128799
2.03851,0.0128856
2.04001,0.0128913
2.04151,0.012897
2.04301,0.0129028
2.04451,0.0129085
2.04601,0.0129143
2.04751,0.0129201
2.04901,0.012926
2.05051,0.0129318
2.05201,0.0129378
2.05351,0.0129437
2.05501,0.0129498
2.05651,0.0129558
2.05801,0.012962
2.05951,0.0129682
2.06101,0.0129745
2.06251,0.0129808
2.06401,0.0129872
2.06551,0.0129937
2.06701,0.0130003
2.06851,0.013007
2.07001,0.0130138
2.07151,0.0130207
2.07301,0.0130277
2.07451,0.0130348
2.07601,0.013042
2.07751,0.0130493
2.07901,0.0130567
2.08051,0.0130643
2.08201,0.0130719
2.08351,0.0130797
2.08501,0.0130878
2.08651,0.0130959
2.08801,0.0131041
2.08951,0.0131122
2.09101,0.0131205
2.09251,0.013129
2.09401,0.0131376
2.0955,0.0131464
2.097,0.0131553
2.0985,0.0131643
2.1,0.0131734
2.1015,0.0131827
2.103,0.0131921
2.1045,0.0132016
2.106,0.0132112
2.1075,0.0132209
2.109,0.0132307
2.1105,0.0132407
2.112,0.0132508
2.1135,0.0132609
2.115,0.0132712
2.1165,0.0132816
2.118,0.013292
2.1195,0.0133026
2.121,0.0133132
2.1225,0.0133239
2.124,0.0133348
2.1255,0.0133457
2.127,0.0133566
2.1285,0.0133676
2.13,0.0133787
2.1315,0.0133899
2.133,0.0134011
2.1345,0.0134124
2.136,0.0134237
2.1375,0.013435
2.139,0.0134464
2.1405,0.0134578
2.142,0.0134693
2.1435,0.0134808
2.145,0.0134922
2.1465,0.0135037
2.148,0.0135152
2.1495,0.0135267
2.151,0.0135382
2.1525,0.0135497
2.154,0.0135611
2.1555,0.0135726
2.157,0.013584
2.1585,0.0135953
2.16,0.0136067
2.1615,0.0136179
2.163,0.0136292
2.1645,0.0136403
2.166,0.0136514
2.1675,0.0136625
2.169,0.0136734
2.1705,0.0136843
2.172,0.0136951
2.1735,0.0137058
2.175,0.0137164
2.1765,0.0137266
2.178,0.0137365
2.1795,0.0137461
2.181,0.0137554
2.1825,0.0137643
2.184,0.013773
2.1855,0.0137813
2.187,0.0137892
2.1885,0.0137969
2.19,0.0138042
2.1915,0.0138113
2.193,0.013818
2.1945,0.0138245
2.196,0.0138306
2.1975,0.0138365
2.199,0.0138441
2.2005,0.0138548
2.202,0.0138655
2.2035,0.013876
2.205,0.0138864
2.2065,0.0138967
2.208,0.0139069
2.2095,0.013917
2.211,0.013927
2.2125,0.0139368
2.214,0.0139466
2.2155,0.0139562
2.217,0.0139657
2.2185,0.0139751
2.22,0.0139844
2.2215,0.0139936
2.223,0.0140028
2.2245,0.0140119
2.226,0.014021
2.2275,0.01403
2.229,0.014039
2.2305,0.0140479
2.232,0.0140568
2.23349,0.0140656
2.23499,0.0140743
2.23649,0.014083
2.23799,0.0140916
2.23949,0.0141002
2.24099,0.0141087
2.24249,0.0141171
2.24399,0.0141255
2.24549,0.0141338
2.24699,0.0141421
2.24849,0.0141504
2.24999,0.0141586
2.25149,0.0141668
2.25299,0.014175
2.25449,0.0141832
2.25599,0.0141913
2.25749,0.0141994
2.25899,0.0142075
2.26049,0.0142156
2.26199,0.0142237
2.26349,0.0142317
2.26499,0.0142398
2.26649,0.0142479
2.26799,0.0142559
2.26949,0.014264
2.27099,0.0142721
2.27249,0.0142802
2.27399,0.0142883
2.27549,0.0142964
2.27699,0.0143046
2.27849,0.0143127
2.27999,0.0143209
2.28149,0.0143292
2.28299,0.0143374
2.28449,0.0143457
2.28599,0.014354
2.28749,0.0143623
2.28899,0.0143707
2.29049,0.0143791
2.29199,0.0143876
2.29349,0.0143961
2.29499,0.0144047
2.29649,0.0144133
2.29799,0.0144219
2.29949,0.0144306
2.30099,0.0144394
2.30249,0.0144546
2.30399,0.0144704
2.30549,0.0144861
2.30699,0.0145018
2.30849,0.0145175
2.30999,0.0145332
2.31149,0.0145489
2.31299,0.0145645
2.31449,0.0145801
2.31599,0.0145957
2.31749,0.0146113
2.31899,0.0146267
2.32049,0.0146422
2.32199,0.0146575
2.32349,0.0146728
2.32499,0.0146881
2.32649,0.0147033
2.32799,0.0147184
2.32949,0.0147334
2.33099,0.0147483
2.33249,0.0147631
2.33399,0.0147778
2.33549,0.0147924
2.33699,0.0148069
2.33849,0.0148213
2.33999,0.0148355
2.34149,0.0148496
2.34299,0.0148636
2.34449,0.0148774
2.34599,0.0148911
2.34749,0.0149046
2.34899,0.014918
2.35049,0.0149312
2.35199,0.0149442
2.35349,0.0149571
2.35499,0.0149698
2.35649,0.0149823
2.35799,0.0149947
2.35949,0.0150069
2.36099,0.0150189
2.36249,0.0150308
2.36399,0.0150425
2.36549,0.015054
2.36699,0.0150653
2.36849,0.0150765
2.36999,0.0150875
2.37148,0.0150983
2.37298,0.0151089
2.37448,0.0151194
2.37598,0.0151298
2.37748,0.0151399
2.37898,0.01515
2.38048,0.0151598
2.38198,0.0151695
2.38348,0.0151791
2.38498,0.0151885
2.38648,0.0151978
2.38798,0.0152069
2.38948,0.0152159
2.39098,0.0152247
2.39248,0.0152334
2.39398,0.015242
2.39548,0.0152504
2.39698,0.0152587
2.39848,0.0152669
2.39998,0.015275
2.40148,0.0152829
2.40298,0.0152907
2.40448,0.0152984
2.40598,0.015306
2.40748,0.0153134
2.40898,0.0153208
2.41048,0.015328
2.41198,0.0153351
2.41348,0.0153421
2.41498,0.015349
2.41648,0.0153558
2.41798,0.0153625
2.41948,0.0153691
2.42098,0.0153756
2.42248,0.015382
2.42398,0.0153884
2.42548,0.0153946
2.42698,0.0154007
2.42848,0.0154067
2.42998,0.0154127
2.43148,0.0154186
2.43298,0.0154243
2.43448,0.01543
2.43598,0.0154381
2.43748,0.0154498
2.43898,0.0154615
2.44048,0.015473
2.44198,0.0154845
2.44348,0.0154958
2.44498,0.015507
2.44648,0.015518
2.44798,0.0155289
2.44948,0.0155397
2.45098,0.0155504
2.45248,0.0155609
2.45398,0.0155712
2.45548,0.0155815
2.45698,0.0155935
2.45848,0.0156116
2.45998,0.0156295
2.46148,0.0156471
2.46298,0.0156644
2.46448,0.0156814
2.46598,0.0156981
2.46748,0.0157146
2.46898,0.0157308
2.47048,0.0157466
2.47198,0.0157622
2.47348,0.0157776
2.47498,0.0157926
2.47648,0.0158074
2.47798,0.0158218
2.47948,0.0158361
2.48098,0.01585
2.48248,0.0158637
2.48398,0.0158771
2.48548,0.0158903
2.48698,0.0159032
2.48848,0.0159158
2.48998,0.0159282
2.49148,0.0159404
2.49298,0.0159523
2.49448,0.015964
2.49598,0.0159755
2.49748,0.0159868
2.49898,0.0159979
2.50048,0.0160087
2.50198,0.0160194
2.50348,0.0160299
2.50498,0.0160402
2.50648,0.0160504
2.50798,0.0160604
2.50947,0.0160702
2.51097,0.0160799
2.51247,0.0160895
2.51397,0.0160989
2.51547,0.0161082
2.51697,0.0161175
2.51847,0.0161266
2.51997,0.0161356
2.52147,0.0161446
2.52297,0.0161534
2.52447,0.0161622
2.52597,0.016171
2.52747,0.0161797
2.52897,0.0161883
2.53047,0.0161969
2.53197,0.0162055
2.53347,0.0162141
2.53497,0.0162227
2.53647,0.0162312
2.53797,0.0162398
2.53947,0.0162484
2.54097,0.0162569
2.54247,0.0162656
2.54397,0.0162742
2.54547,0.0162829
2.54697,0.0162916
2.54847,0.0163003
2.54997,0.0163091
2.55147,0.0163179
2.55297,0.0163268
2.55447,0.0163357
2.55597,0.0163447
2.55747,0.0163537
2.55897,0.0163627
2.56047,0.0163717
2.56197,0.0163807
2.56347,0.0163898
2.56497,0.0163988
2.56647,0.0164078
2.56797,0.0164168
2.56947,0.0164259
2.57097,0.0164349
2.57247,0.0164439
2.57397,0.0164529
2.57547,0.0164619
2.57697,0.0164708
2.57847,0.0164798
2.57997,0.0164887
2.58147,0.0164975
2.58297,0.0165063
2.58447,0.0165149
2.58597,0.0165236
2.58747,0.0165321
2.58897,0.0165406
2.59047,0.0165489
2.59197,0.0165572
2.59347,0.0165654
2.59497,0.0165736
2.59647,0.0165816
2.59797,0.0165896
2.59947,0.0165974
2.60097,0.0166051
2.60247,0.0166128
2.60397,0.0166203
2.60547,0.0166278
2.60697,0.0166351
2.60847,0.0166423
2.60997,0.0166494
2.61147,0.0166564
2.61297,0.0166633
2.61447,0.01667
2.61597,0.0166767
2.61747,0.0166832
2.61897,0.0166896
2.62047,0.0166958
2.62197,0.0167018
2.62347,0.0167077
2.62497,0.0167134
2.62647,0.016719
2.62797,0.0167243
2.62947,0.0167294
2.63097,0.0167343
2.63247,0.0167389
2.63397,0.0167433
2.63547,0.0167475
2.63697,0.0167514
2.63847,0.0167551
2.63997,0.0167586
2.64147,0.0167618
2.64297,0.0167648
2.64447,0.0167675
2.64597,0.0167701
2.64746,0.0167725
2.64896,0.0167746
2.65046,0.0167766
2.65196,0.0167783
2.65346,0.0167799
2.65496,0.0167813
2.65646,0.0167826
2.65796,0.0167837
2.65946,0.0167847
2.66096,0.0167863
2.66246,0.0167984
2.66396,0.0168105
2.66546,0.0168226
2.66696,0.0168348
2.66846,0.0168469
2.66996,0.0168591
2.67146,0.0168712
2.67296,0.0168833
2.67446,0.0168953
2.67596,0.0169073
2.67746,0.0169193
2.67896,0.0169312
2.68046,0.016943
2.68196,0.0169548
2.68346,0.0169664
2.68496,0.016978
2.68646,0.0169895
2.68796,0.0170087
2.68946,0.0170322
2.69096,0.0170555
2.69246,0.0170784
2.69396,0.017101
2.69546,0.0171233
2.69696,0.0171451
2.69846,0.0171666
2.69996,0.0171877
2.70146,0.0172083
2.70296,0.0172285
2.70446,0.0172482
2.70596,0.0172673
2.70746,0.017286
2.70896,0.0173041
2.71046,0.0173216
2.71196,0.0173385
2.71346,0.0173549
2.71496,0.0173706
2.71646,0.0173857
2.71796,0.0174
2.71946,0.0174136
2.72096,0.0174264
2.72246,0.0174385
2.72396,0.0174499
2.72546,0.0174606
2.72696,0.0174705
2.72846,0.0174797
2.72996,0.0174882
2.73146,0.0174959
2.73296,0.0175029
2.73446,0.0175091
2.73596,0.0175146
2.73746,0.0175193
2.73896,0.0175233
2.74046,0.0175266
2.74196,0.0175293
2.74346,0.0175314
2.74496,0.0175329
2.74646,0.0175339
2.74796,0.0175342
2.74946,0.0175339
2.75096,0.0175328
2.75246,0.0175311
2.75396,0.0175286
2.75546,0.0175255
2.75696,0.0175217
2.75846,0.0175173
2.75996,0.0175122
2.76146,0.0175065
2.76296,0.0175002
2.76446,0.0174933
2.76596,0.0174858
2.76746,0.0174778
2.76896,0.0174692
2.77046,0.0174602
2.77196,0.0174508
2.77346,0.0174412
2.77496,0.0174314
2.77646,0.0174407
2.77796,0.0174597
2.77946,0.0174784
2.78096,0.017497
2.78246,0.0175154
2.78396,0.0175336
2.78545,0.0175517
2.78695,0.0175695
2.78845,0.0175872
2.78995,0.0176048
2.79145,0.0176221
2.79295,0.0176393
2.79445,0.0176563
2.79595,0.0176731
2.79745,0.0176897
2.79895,0.0177062
2.80045,0.0177225
2.80195,0.0177386
2.80345,0.0177545
2.80495,0.0177702
2.80645,0.0177858
2.80795,0.0178012
2.80945,0.0178163
2.81095,0.0178311
2.81245,0.0178457
2.81395,0.0178599
2.81545,0.0178739
2.81695,0.0178876
2.81845,0.017901
2.81995,0.0179141
2.82145,0.0179269
2.82295,0.0179394
2.82445,0.0179516
2.82595,0.0179634
2.82745,0.0179749
2.82895,0.0179861
2.83045,0.017997
2.83195,0.0180075
2.83345,0.0180177
2.83495,0.0180276
2.83645,0.0180371
2.83795,0.0180462
2.83945,0.018055
2.84095,0.0180634
2.84245,0.0180715
2.84395,0.0180792
2.84545,0.0180866
2.84695,0.0180936
2.84845,0.0181002
2.84995,0.0181065
2.85145,0.0181124
2.85295,0.018118
2.85445,0.0181231
2.85595,0.0181279
2.85745,0.0181323
2.85895,0.0181363
2.86045,0.0181398
2.86195,0.0181428
2.86345,0.0181451
2.86495,0.018147
2.86645,0.0181483
2.86795,0.0181491
2.86945,0.0181494
2.87095,0.0181492
2.87245,0.0181486
2.87395,0.0181476
2.87545,0.0181461
2.87695,0.0181443
2.87845,0.0181422
2.87995,0.0181397
2.88145,0.0181419
2.88295,0.018149
2.88445,0.0181557
2.88595,0.0181619
2.88745,0.0181676
2.88895,0.0181729
2.89045,0.0181777
2.89195,0.0181819
2.89345,0.0181856
2.89495,0.0181887
2.89645,0.0181913
2.89795,0.0181932
2.89945,0.0181945
2.90095,0.0181952
2.90245,0.0181953
2.90395,0.0181947
2.90545,0.0181938
2.90695,0.0181925
2.90845,0.0181909
2.90995,0.018189
2.91145,0.0181867
2.91295,0.018184
2.91445,0.0181883
2.91595,0.0182129
2.91745,0.018237
2.91895,0.0182607
2.92045,0.018284
2.92195,0.0183068
2.92344,0.0183296
2.92494,0.0183521
2.92644,0.0183746
2.92794,0.0183968
2.92944,0.0184189
2.93094,0.0184407
2.93244,0.0184623
2.93394,0.0184837
2.93544,0.0185048
2.93694,0.0185257
2.93844,0.0185463
2.93994,0.0185666
2.94144,0.0185866
2.94294,0.0186063
2.94444,0.0186257
2.94594,0.0186447
2.94744,0.0186633
2.94894,0.0186816
2.95044,0.0186995
2.95194,0.0187171
2.95344,0.0187342
2.95494,0.0187509
2.95644,0.0187672
2.95794,0.0187831
2.95944,0.0187986
2.96094,0.0188136
2.96244,0.0188282
2.96394,0.0188424
2.96544,0.0188561
2.96694,0.0188693
2.96844,0.0188821
2.96994,0.0188945
2.97144,0.0189064
2.97294,0.0189179
2.97444,0.018929
2.97594,0.0189396
2.97744,0.0189498
2.97894,0.0189595
2.98044,0.0189689
2.98194,0.0189778
2.98344,0.0189863
2.98494,0.0189944
2.98644,0.0190022
2.98794,0.0190095
2.98944,0.0190165
2.99094,0.0190231
2.99244,0.0190294
2.99394,0.0190354
2.99544,0.019041
2.99694,0.0190464
2.99844,0.0190514
2.99994,0.0190562
3.00144,0.0190607
3.00294,0.0190649
3.00444,0.019069
3.00594,0.0190728
3.00744,0.0190765
3.00894,0.0190799
3.01044,0.0190832
3.01194,0.0190864
3.01344,0.0190895
3.01494,0.0190924
3.01644,0.0190953
3.01794,0.0190982
3.01944,0.019101
3.02094,0.0191037
3.02244,0.0191065
3.02394,0.0191093
3.02544,0.0191121
3.02694,0.019115
3.02844,0.019118
3.02994,0.019121
3.03144,0.0191242
3.03294,0.0191325
3.03444,0.0191604
3.03594,0.0191879
3.03744,0.0192149
3.03894,0.0192415
3.04044,0.0192677
3.04194,0.0192933
3.04344,0.0193184
3.04494,0.019343
3.04644,0.0193671
3.04794,0.0193906
3.04944,0.0194135
3.05094,0.0194359
3.05244,0.0194576
3.05394,0.0194788
3.05544,0.0194994
3.05694,0.0195193
3.05844,0.0195387
3.05994,0.0195574
3.06143,0.0195755
3.06293,0.0195931
3.06443,0.0196101
3.06593,0.0196265
3.06743,0.0196683
3.06893,0.0197274
3.07043,0.0197853
3.07193,0.0198422
3.07343,0.0198979
3.07493,0.0199523
3.07643,0.0200054
3.07793,0.0200571
3.07943,0.0201074
3.08093,0.0201561
3.08243,0.0202031
3.08393,0.0202485
3.08543,0.0202921
3.08693,0.0203339
3.08843,0.0203738
3.08993,0.0204118
3.09143,0.0204477
3.09293,0.0204816
3.09443,0.0205134
3.09593,0.020543
3.09743,0.0205705
3.09893,0.0205957
3.10043,0.0206187
3.10193,0.0206394
3.10343,0.0206579
3.10493,0.0206741
3.10643,0.0206881
3.10793,0.0206998
3.10943,0.0207093
3.11093,0.0207166
3.11243,0.0207218
3.11393,0.0207249
3.11543,0.0207259
3.11693,0.020725
3.11843,0.020722
3.11993,0.0207183
3.12143,0.0207149
3.12293,0.0207118
3.12443,0.0207089
3.12593,0.0207064
3.12743,0.0207042
3.12893,0.0207022
3.13043,0.0207004
3.13193,0.0206989
3.13343,0.0206977
3.13493,0.0206968
3.13643,0.020696
3.13793,0.0206956
3.13943,0.0206954
3.14093,0.0206954
3.14243,0.0206957
3.14393,0.0206963
3.14543,0.020697
3.14693,0.0206981
3.14843,0.0206993
3.14993,0.0207009
3.15143,0.0207026
3.15293,0.0207047
3.15443,0.0207069
3.15593,0.0207141
3.15743,0.0207612
3.15893,0.0208076
3.16043,0.0208532
3.16193,0.0208979
3.16343,0.0209418
3.16493,0.0209848
3.16643,0.0210269
3.16793,0.021068
3.16943,0.0211103
3.17093,0.0211615
3.17243,0.0212118
3.17393,0.0212612
3.17543,0.0213096
3.17693,0.0213571
3.17843,0.0214036
3.17993,0.021449
3.18143,0.0214934
3.18293,0.0215367
3.18443,0.0215789
3.18593,0.02162
3.18743,0.02166
3.18893,0.0216988
3.19043,0.0217365
3.19193,0.021773
3.19343,0.0218084
3.19493,0.0218426
3.19643,0.0218756
3.19793,0.0219075
3.19942,0.0219382
3.20092,0.0219677
3.20242,0.021996
3.20392,0.0220231
3.20542,0.022049
3.20692,0.0220738
3.20842,0.0220975
3.20992,0.0221199
3.21142,0.0221413
3.21292,0.0221615
3.21442,0.0221807
3.21592,0.0221988
3.21742,0.0222158
3.21892,0.0222318
3.22042,0.0222467
3.22192,0.0222607
3.22342,0.0222738
3.22492,0.0222859
3.22642,0.0222971
3.22792,0.0223074
3.22942,0.0223168
3.23092,0.0223255
3.23242,0.0223333
3.23392,0.0223404
3.23542,0.0223467
3.23692,0.0223524
3.23842,0.0223573
3.23992,0.0223617
3.24142,0.0223654
3.24292,0.0223685
3.24442,0.0223712
3.24592,0.0223733
3.24742,0.022375
3.24892,0.0223762
3.25042,0.0223771
3.25192,0.0223775
3.25342,0.0223777
3.25492,0.0223775
3.25642,0.0223771
3.25792,0.0223764
3.25942,0.022375
3.26092,0.0223739
3.26242,0.0223732
3.26392,0.0223728
3.26542,0.0223728
3.26692,0.0223731
3.26842,0.0223737
3.26992,0.0223744
3.27142,0.0223754
3.27292,0.0223766
3.27442,0.0223905
3.27592,0.0224376
3.27742,0.0224831
3.27892,0.022527
3.28042,0.0225693
3.28192,0.0226099
3.28342,0.0226489
3.28492,0.0226862
3.28642,0.0227219
3.28792,0.022756
3.28942,0.0227884
3.29092,0.0228192
3.29242,0.0228484
3.29392,0.022876
3.29542,0.022902
3.29692,0.0229264
3.29842,0.0229492
3.29992,0.0229705
3.30142,0.0229902
3.30292,0.0230084
3.30442,0.023025
3.30592,0.0230402
3.30742,0.0230539
3.30892,0.0230661
3.31042,0.0230769
3.31192,0.0230863
3.31342,0.0230943
3.31492,0.0231009
3.31642,0.0231061
3.31792,0.02311
3.31942,0.0231126
3.32092,0.0231139
3.32242,0.0231139
3.32392,0.0231127
3.32542,0.0231103
3.32692,0.0231067
3.32842,0.0231019
3.32992,0.023096
3.33142,0.0230889
3.33292,0.0230808
3.33442,0.0230716
3.33592,0.0230614
3.33741,0.0230502
3.33891,0.023038
3.34041,0.0230248
3.34191,0.0230108
3.34341,0.0229958
3.34491,0.02298
3.34641,0.022964
3.34791,0.0229481
3.34941,0.0229321
3.35091,0.0229162
3.35241,0.0229002
3.35391,0.0228843
3.35541,0.0228683
3.35691,0.0228524
3.35841,0.0228365
3.35991,0.0228205
3.36141,0.0228046
3.36291,0.0227887
3.36441,0.0227728
3.36591,0.022757
3.36741,0.0227411
3.36891,0.022744
3.37041,0.0227472
3.37191,0.02275
3.37341,0.0227526
3.37491,0.0227548
3.37641,0.0227567
3.37791,0.0227583
3.37941,0.0227596
3.38091,0.0227607
3.38241,0.0227614
3.38391,0.0227618
3.38541,0.0228098
3.38691,0.0228848
3.38841,0.0229587
3.38991,0.0230315
3.39141,0.0231032
3.39291,0.0231737
3.39441,0.0232428
3.39591,0.0233106
3.39741,0.0233771
3.39891,0.023442
3.40041,0.0235055
3.40191,0.0235674
3.40341,0.0236277
3.40491,0.0236863
3.40641,0.0237432
3.40791,0.0237984
3.40941,0.0238517
3.41091,0.0239031
3.41241,0.0239526
3.41391,0.0240002
3.41541,0.0240457
3.41691,0.0240891
3.41841,0.0241305
3.41991,0.0241697
3.42141,0.0242067
3.42291,0.0242415
3.42441,0.024274
3.42591,0.0243043
3.42741,0.0243323
3.42891,0.0243579
3.43041,0.0243813
3.43191,0.0244022
3.43341,0.0244209
3.43491,0.0244371
3.43641,0.0244511
3.43791,0.0244626
3.43941,0.0244719
3.44091,0.0244797
3.44241,0.024486
3.44391,0.0244908
3.44541,0.0244942
3.44691,0.0244961
3.44841,0.0244967
3.44991,0.0244959
3.45141,0.0244938
3.45291,0.0244904
3.45441,0.0244858
3.45591,0.0244799
3.45741,0.0244728
3.45891,0.0244645
3.46041,0.024455
3.46191,0.0244444
3.46341,0.0244328
3.46491,0.02442
3.46641,0.0244062
3.46791,0.0243914
3.46941,0.0243756
3.47091,0.0243588
3.47241,0.0243411
3.47391,0.0243225
3.4754,0.024303
3.4769,0.0242827
3.4784,0.0242616
3.4799,0.0242396
3.4814,0.0242169
3.4829,0.0241935
3.4844,0.0241693
3.4859,0.0241445
3.4874,0.0241189
3.4889,0.0240927
3.4904,0.0240659
3.4919,0.0240384
3.4934,0.0240104
3.4949,0.0239817
3.4964,0.0239525
3.4979,0.0239228
3.4994,0.0238935
3.5009,0.0238649
3.5024,0.0238369
3.5039,0.0238095
3.5054,0.0237827
3.5069,0.0237565
3.5084,0.0237309
3.5099,0.0237059
3.5114,0.0236814
3.5129,0.0236575
3.5144,0.0236341
3.5159,0.0236113
3.5174,0.023589
3.5189,0.0235671
3.5204,0.0235458
3.5219,0.0235249
3.5234,0.0235045
3.5249,0.0234845
3.5264,0.023465
3.5279,0.0234458
3.5294,0.0234271
3.5309,0.0234088
3.5324,0.0233909
3.5339,0.0233733
3.5354,0.0233561
3.5369,0.0233392
3.5384,0.0233226
3.5399,0.0233064
3.5414,0.0232905
3.5429,0.0232749
3.5444,0.0232595
3.5459,0.0232445
3.5474,0.0232297
3.5489,0.0232151
3.5504,0.0232008
3.5519,0.0232386
3.5534,0.0233699
3.5549,0.0235048
3.5564,0.0236435
3.5579,0.0237863
3.5594,0.0239333
3.5609,0.0240847
3.5624,0.0242406
3.5639,0.0244007
3.5654,0.0245651
3.5669,0.0247334
3.5684,0.0249054
3.5699,0.0250805
3.5714,0.0252582
3.5729,0.0254379
3.5744,0.0256186
3.5759,0.0257995
3.5774,0.0259795
3.5789,0.0261576
3.5804,0.0263328
3.5819,0.026504
3.5834,0.0266703
3.5849,0.0268307
3.5864,0.0269841
3.5879,0.0271294
3.5894,0.0272654
3.5909,0.0273911
3.5924,0.0275055
3.5939,0.0276079
3.5954,0.0276974
3.5969,0.0277734
3.5984,0.0278354
3.5999,0.027883
3.6014,0.0279159
3.6029,0.027934
3.6044,0.0279495
3.6059,0.0279628
3.6074,0.0279741
3.6089,0.0279837
3.6104,0.0279919
3.6119,0.0279989
3.61339,0.028005
3.61489,0.0280105
3.61639,0.0280158
3.61789,0.0280211
3.61939,0.0280267
3.62089,0.0280329
3.62239,0.0280398
3.62389,0.0280477
3.62539,0.0280566
3.62689,0.0280664
3.62839,0.0280771
3.62989,0.0280884
3.63139,0.0280998
3.63289,0.028111
3.63439,0.0281217
3.63589,0.0281313
3.63739,0.0281394
3.63889,0.0281457
3.64039,0.0281497
3.64189,0.028151
3.64339,0.0281494
3.64489,0.0281445
3.64639,0.028136
3.64789,0.0281237
3.64939,0.0281076
3.65089,0.0280874
3.65239,0.0280632
3.65389,0.028035
3.65539,0.0280029
3.65689,0.0279671
3.65839,0.0279277
3.65989,0.0278851
3.66139,0.0278395
3.66289,0.0277912
3.66439,0.0277406
3.66589,0.0276882
3.66739,0.0276344
3.66889,0.0275796
3.67039,0.0275244
3.67189,0.027469
3.67339,0.0274138
3.67489,0.027359
3.67639,0.027305
3.67789,0.0272518
3.67939,0.0271997
3.68089,0.0271487
3.68239,0.0270989
3.68389,0.0270504
3.68539,0.0270031
3.68689,0.026957
3.68839,0.0269119
3.68989,0.0268678
3.69139,0.0268247
3.69289,0.0267825
3.69439,0.0267409
3.69589,0.0266999
3.69739,0.0266594
3.69889,0.0266192
3.70039,0.0265792
3.70189,0.0265393
3.70339,0.0264994
3.70489,0.0264598
3.70639,0.0264204
3.70789,0.0263814
3.70939,0.0263426
3.71089,0.0263041
3.71239,0.026266
3.71389,0.0262284
3.71539,0.0261912
3.71689,0.0261546
3.71839,0.0261186
3.71989,0.0260833
3.72139,0.0260487
3.72289,0.026015
3.72439,0.0259822
3.72589,0.0259504
3.72739,0.0259197
3.72889,0.0258901
3.73039,0.0258616
3.73189,0.0258343
3.73339,0.0258082
3.73489,0.0257834
3.73639,0.0257597
3.73789,0.0257371
3.73939,0.0257156
3.74089,0.0256952
3.74239,0.0256757
3.74389,0.0256571
3.74539,0.0256393
3.74689,0.0256224
3.74839,0.0256062
3.74989,0.0255906
3.75138,0.0255755
3.75288,0.0255608
3.75438,0.0255465
3.75588,0.0255325
3.75738,0.0255186
3.75888,0.0255048
3.76038,0.025491
3.76188,0.0254771
3.76338,0.0254632
3.76488,0.0254492
3.76638,0.025435
3.76788,0.0254206
3.76938,0.025406
3.77088,0.0253913
3.77238,0.0253844
3.77388,0.0253931
3.77538,0.0253982
3.77688,0.0253998
3.77838,0.0253978
3.77988,0.0253922
3.78138,0.0253832
3.78288,0.0253706
3.78438,0.0253549
3.78588,0.0253375
3.78738,0.0253183
3.78888,0.0252975
3.79038,0.025275
3.79188,0.025251
3.79338,0.0252253
3.79488,0.0252097
3.79638,0.0252022
3.79788,0.025195
3.79938,0.025188
3.80088,0.0251814
3.80238,0.025175
3.80388,0.0251689
3.80538,0.0251629
3.80688,0.0251572
3.80838,0.0251517
3.80988,0.0251462
3.81138,0.0251408
3.81288,0.0251355
3.81438,0.0251302
3.81588,0.0251249
3.81738,0.0251195
3.81888,0.025114
3.82038,0.0251084
3.82188,0.0251027
3.82338,0.0250969
3.82488,0.0250909
3.82638,0.0250848
3.82788,0.025087
3.82938,0.0253214
3.83088,0.0255595
3.83238,0.0258008
3.83388,0.0260441
3.83538,0.0262885
3.83688,0.0265329
3.83838,0.0267769
3.83988,0.0270196
3.84138,0.0272604
3.84288,0.0274985
3.84438,0.027733
3.84588,0.0279628
3.84738,0.0281869
3.84888,0.028404
3.85038,0.0286132
3.85188,0.0288132
3.85338,0.0290029
3.85488,0.0291816
3.85638,0.0293482
3.85788,0.0295019
3.85938,0.0296421
3.86088,0.0297681
3.86238,0.0298794
3.86388,0.0299758
3.86538,0.0300568
3.86688,0.0301223
3.86838,0.0301723
3.86988,0.030207
3.87138,0.0302267
3.87288,0.0302316
3.87438,0.030222
3.87588,0.0301984
3.87738,0.030172
3.87888,0.0301443
3.88038,0.030115
3.88188,0.0300841
3.88338,0.0300513
3.88488,0.0300165
3.88638,0.0299795
3.88788,0.0299402
3.88937,0.0298983
3.89087,0.0298537
3.89237,0.0298063
3.89387,0.0297562
3.89537,0.0297031
3.89687,0.0296487
3.89837,0.0295954
3.89987,0.0295433
3.90137,0.0294923
3.90287,0.0294424
3.90437,0.0293937
3.90587,0.0293461
3.90737,0.0292995
3.90887,0.0292541
3.91037,0.0292098
3.91187,0.0291666
3.91337,0.0291244
3.91487,0.0290834
3.91637,0.0290434
3.91787,0.0290045
3.91937,0.0289665
3.92087,0.0289295
3.92237,0.0288935
3.92387,0.0288583
3.92537,0.028824
3.92687,0.0287904
3.92837,0.0287574
3.92987,0.0287251
3.93137,0.0286934
3.93287,0.0286621
3.93437,0.0286314
3.93587,0.0286012
3.93737,0.0285714
3.93887,0.0285421
3.94037,0.0285131
3.94187,0.0284845
3.94337,0.0284562
3.94487,0.0284282
3.94637,0.0284003
3.94787,0.0283727
3.94937,0.0283451
3.95087,0.0283177
3.95237,0.0282903
3.95387,0.0282629
3.95537,0.0282354
3.95687,0.0282079
3.95837,0.0281803
3.95987,0.0281525
3.96137,0.0281246
3.96287,0.0280964
3.96437,0.0280681
3.96587,0.0280396
3.96737,0.0280113
3.96887,0.0279831
3.97037,0.027955
3.97187,0.0279271
3.97337,0.0278994
3.97487,0.0278718
3.97637,0.0278444
3.97787,0.0278173
3.97937,0.0277903
3.98087,0.0277636
3.98237,0.0277371
3.98387,0.0277108
3.98537,0.0276847
3.98687,0.0276589
3.98837,0.0276333
3.98987,0.0276079
3.99137,0.0275827
3.99287,0.0275578
3.99437,0.0275331
3.99587,0.0275085
3.99737,0.0274842
3.99887,0.0274601
4.00037,0.0274361
4.00187,0.0274122
4.00337,0.0273886
4.00487,0.0273651
4.00637,0.0273417
4.00787,0.0273185
4.00937,0.0272955
4.01087,0.0272726
4.01237,0.0272499
4.01387,0.0272534
4.01537,0.0273322
4.01687,0.0274107
4.01837,0.027489
4.01987,0.0275666
4.02137,0.0276436
4.02287,0.0277196
4.02437,0.0277944
4.02587,0.0278678
4.02737,0.0279396
4.02887,0.0280096
4.03037,0.0280773
4.03187,0.0281427
4.03337,0.0282053
4.03487,0.0282651
4.03637,0.0283217
4.03787,0.0283751
4.03937,0.028425
4.04087,0.0284713
4.04237,0.0285139
4.04387,0.0285527
4.04537,0.0285878
4.04687,0.028619
4.04837,0.0286464
4.04987,0.02867
4.05137,0.0286899
4.05287,0.0287062
4.05437,0.028719
4.05587,0.0287283
4.05737,0.0287357
4.05887,0.0287413
4.06037,0.0287451
4.06187,0.0287471
4.06337,0.028747
4.06487,0.0287449
4.06637,0.0287404
4.06787,0.0287333
4.06937,0.0287234
4.07087,0.0287105
4.07237,0.0286941
4.07387,0.028674
4.07537,0.0288017
4.07687,0.0289503
4.07837,0.0290956
4.07987,0.0292376
4.08137,0.0293758
4.08287,0.0295101
4.08437,0.0296403
4.08587,0.0297658
4.08737,0.0298866
4.08887,0.0300022
4.09037,0.0301124
4.09188,0.0302169
4.09338,0.0303153
4.09488,0.0304074
4.09638,0.030493
4.09788,0.0305719
4.09938,0.0306437
4.10088,0.0307084
4.10238,0.0307658
4.10388,0.0308157
4.10538,0.030858
4.10688,0.0308938
4.10838,0.030926
4.10988,0.0309546
4.11138,0.0309792
4.11288,0.0310001
4.11438,0.0310169
4.11588,0.0310285
4.11738,0.0310322
4.11888,0.0310278
4.12038,0.0310155
4.12188,0.0309953
4.12338,0.0309674
4.12488,0.0309317
4.12638,0.0308885
4.12788,0.0308378
4.12938,0.0307797
4.13088,0.0307143
4.13238,0.0306418
4.13388,0.0305623
4.13538,0.0304762
4.13688,0.0303835
4.13838,0.0302846
4.13988,0.0301797
4.14138,0.0300692
4.14288,0.0299534
4.14438,0.0298324
4.14588,0.0297067
4.14738,0.0295764
4.14888,0.0294419
4.15038,0.0293034
4.15188,0.0291892
4.15338,0.0291964
4.15488,0.0292001
4.15638,0.0292016
4.15788,0.029201
4.15938,0.0291982
4.16088,0.0291933
4.16238,0.0291861
4.16388,0.0291766
4.16538,0.029165
4.16688,0.029151
4.16838,0.0291348
4.16988,0.0291163
4.17138,0.0290956
4.17288,0.0290726
4.17438,0.0290473
4.17588,0.0290199
4.17738,0.0289902
4.17888,0.0289575
4.18038,0.0289197
4.18188,0.0288769
4.18338,0.028829
4.18488,0.0287763
4.18638,0.0287188
4.18788,0.0286564
4.18938,0.0285893
4.19088,0.0285177
4.19238,0.0284415
4.19388,0.028361
4.19538,0.0282762
4.19688,0.0281873
4.19838,0.0280945
4.19988,0.0279979
4.20138,0.0278976
4.20288,0.027794
4.20438,0.0276871
4.20588,0.0275771
4.20739,0.0274644
4.20889,0.027349
4.21039,0.0272312
4.21189,0.0271771
4.21339,0.0273224
4.21489,0.0274689
4.21639,0.0276159
4.21789,0.0277622
4.21939,0.0279069
4.22089,0.0280488
4.22239,0.0281866
4.22389,0.0283195
4.22539,0.0284464
4.22689,0.0285661
4.22839,0.0286777
4.22989,0.0287798
4.23139,0.0288712
4.23289,0.0289508
4.23439,0.0290173
4.23589,0.0290697
4.23739,0.029107
4.23889,0.0291284
4.24039,0.029133
4.24189,0.0291202
4.24339,0.0291062
4.24489,0.0290913
4.24639,0.0290757
4.24789,0.0290594
4.24939,0.0290428
4.25089,0.0290259
4.25239,0.029009
4.25389,0.0289924
4.25539,0.0289762
4.25689,0.0289607
4.25839,0.0289462
4.25989,0.0289328
4.26139,0.0289206
4.26289,0.0289098
4.26439,0.0289002
4.26589,0.0288918
4.26739,0.0288846
4.26889,0.0288784
4.27039,0.0288732
4.27189,0.0288687
4.27339,0.0288649
4.27489,0.0288614
4.27639,0.028859
4.27789,0.0288575
4.27939,0.0288567
4.28089,0.0288565
4.28239,0.0288568
4.28389,0.0288573
4.28539,0.0288581
4.28689,0.028859
4.28839,0.0288598
4.28989,0.0288605
4.29139,0.028861
4.29289,0.0288612
4.29439,0.0288612
4.29589,0.0288608
4.29739,0.02886
4.29889,0.0288589
4.30039,0.0288573
4.30189,0.0288554
4.30339,0.028853
4.30489,0.0288503
4.30639,0.0288472
4.30789,0.0288437
4.30939,0.0288398
4.31089,0.0288355
4.31239,0.0288308
4.31389,0.0288256
4.31539,0.02882
4.31689,0.0288138
4.31839,0.0288071
4.31989,0.0287996
4.32139,0.0287914
4.3229,0.0287824
4.3244,0.0287726
4.3259,0.028762
4.3274,0.0287504
4.3289,0.0287379
4.3304,0.0287244
4.3319,0.0287099
4.3334,0.0286943
4.3349,0.0286775
4.3364,0.0286595
4.3379,0.028641
4.3394,0.0286229
4.3409,0.0286054
4.3424,0.0285882
4.3439,0.0285714
4.3454,0.028555
4.3469,0.0285389
4.3484,0.0285231
4.3499,0.0285075
4.3514,0.0284922
4.3529,0.028477
4.3544,0.0284621
4.3559,0.0284473
4.3574,0.0284327
4.3589,0.0284181
4.3604,0.0284037
4.3619,0.0283893
4.3634,0.0283749
4.3649,0.0283606
4.3664,0.0283463
4.3679,0.028332
4.3694,0.0283178
4.3709,0.0283038
4.3724,0.0282899
4.3739,0.0282761
4.3754,0.0282625
4.3769,0.0282491
4.3784,0.0282358
4.3799,0.0282228
4.3814,0.0282099
4.3829,0.0281973
4.3844,0.0281848
4.3859,0.0281725
4.3874,0.0281604
4.3889,0.0281485
4.3904,0.0281367
4.3919,0.0281251
4.3934,0.0281135
4.3949,0.0281021
4.3964,0.0280908
4.3979,0.0280795
4.3994,0.0280683
4.4009,0.028057
4.4024,0.0280458
4.4039,0.0280345
4.4054,0.0280232
4.4069,0.0280118
4.4084,0.0280003
4.4099,0.0279889
4.4114,0.0279774
4.4129,0.0279659
4.4144,0.0279544
4.4159,0.0279429
4.4174,0.0279314
4.4189,0.0279199
4.4204,0.0279085
4.4219,0.0278972
4.4234,0.0278859
4.4249,0.0278746
4.4264,0.0278635
4.4279,0.0278523
4.4294,0.0278413
4.4309,0.0278303
4.4324,0.0278193
4.4339,0.0278084
4.4354,0.0277975
4.4369,0.0277867
4.43841,0.0277759
4.43991,0.027765
4.44141,0.0277542
4.44291,0.0277434
4.44441,0.0277325
4.44591,0.0277216
4.44741,0.0277108
4.44891,0.0276999
4.45041,0.027689
4.45191,0.0276782
4.45341,0.0276673
4.45491,0.0276564
4.45641,0.0276455
4.45791,0.0276347
4.45941,0.0276238
4.46091,0.0276129
4.46241,0.027602
4.46391,0.0275912
4.46541,0.0275803
4.46691,0.0275695
4.46841,0.0275586
4.46991,0.0275478
4.47141,0.0275369
4.47291,0.0275261
4.47441,0.0275152
4.47591,0.0275044
4.47741,0.0274935
4.47891,0.0274827
4.48041,0.0274718
4.48191,0.027461
4.48341,0.0274502
4.48491,0.0274393
4.48641,0.0274285
4.48791,0.0274177
4.48941,0.0274068
4.49091,0.027396
4.49241,0.0273852
4.49391,0.0273744
4.49541,0.0273635
4.49691,0.0273527
4.49841,0.0273419
4.49991,0.0273311
4.50141,0.0273203
4.50291,0.0273095
4.50441,0.0272987
4.50591,0.0272879
4.50741,0.0272771
4.50891,0.0272664
4.51041,0.0272556
4.51191,0.0272448
4.51341,0.0272341
4.51491,0.0272233
4.51641,0.0272126
4.51791,0.0272018
4.51941,0.0271911
4.52091,0.0271804
4.52241,0.0271697
4.52391,0.027159
4.52541,0.0271483
4.52691,0.0271376
4.52841,0.0271269
4.52991,0.0271162
4.53141,0.0271056
4.53291,0.0270949
4.53441,0.0270843
4.53591,0.0270736
4.53741,0.027063
4.53891,0.0270524
4.54041,0.0270418
4.54191,0.0270312
4.54341,0.0270206
4.54491,0.02701
4.54641,0.0269994
4.54791,0.0269889
4.54941,0.0269783
4.55091,0.0269678
4.55241,0.0269573
4.55392,0.0269468
4.55542,0.0269363
4.55692,0.0269258
4.55842,0.0269153
4.55992,0.0269049
4.56142,0.0268944
4.56292,0.026884
4.56442,0.0268736
4.56592,0.0268632
4.56742,0.0268528
4.56892,0.0268425
4.57042,0.0268321
4.57192,0.0268218
4.57342,0.0268115
4.57492,0.0268012
4.57642,0.026791
4.57792,0.0267807
4.57942,0.0267705
4.58092,0.0267603
4.58242,0.0267501
4.58392,0.0267399
4.58542,0.0267298
4.58692,0.0267197
4.58842,0.0267096
4.58992,0.0266995
4.59142,0.0266894
4.59292,0.0266794
4.59442,0.0266694
4.59592,0.0266594
4.59742,0.0266495
4.59892,0.0266396
4.60042,0.0266297
4.60192,0.0266198
4.60342,0.02661
4.60492,0.0266002
4.60642,0.0265904
4.60792,0.0265806
4.60942,0.0265709
4.61092,0.0265612
4.61242,0.0265515
4.61392,0.0265419
4.61542,0.0265323
4.61692,0.0265228
4.61842,0.0265132
4.61992,0.0265037
4.62142,0.0264943
4.62292,0.0264849
4.62442,0.0264755
4.62592,0.0264661
4.62742,0.0264568
4.62892,0.0264475
4.63042,0.0264383
4.63192,0.0264291
4.63342,0.0264199
4.63492,0.0264108
4.63642,0.0264017
4.63792,0.0263927
4.63942,0.0263837
4.64092,0.0263747
4.64242,0.0263658
4.64392,0.026357
4.64542,0.0263481
4.64692,0.0263394
4.64842,0.0263306
4.64992,0.0263219
4.65142,0.0263133
4.65292,0.0263047
4.65442,0.0262961
4.65592,0.0262876
4.65742,0.0262792
4.65892,0.0262707
4.66042,0.0262624
4.66192,0.026254
4.66342,0.0262458
4.66492,0.0262376
4.66642,0.0262294
4.66792,0.0262213
4.66943,0.0262132
4.67093,0.0262052
4.67243,0.0261972
4.67393,0.0261892
4.67543,0.0261814
4.67693,0.0261735
4.67843,0.0261658
4.67993,0.026158
4.68143,0.0261504
4.68293,0.0261427
4.68443,0.0261352
4.68593,0.0261277
4.68743,0.0261202
4.68893,0.0261128
4.69043,0.0261054
4.69193,0.0260981
4.69343,0.0260908
4.69493,0.0260836
4.69643,0.0260765
4.69793,0.0260693
4.69943,0.0260623
4.70093,0.0260553
4.70243,0.0260483
4.70393,0.0260414
4.70543,0.0260346
4.70693,0.0260277
4.70843,0.026021
4.70993,0.0260143
4.71143,0.0260076
4.71293,0.026001
4.71443,0.0259944
4.71593,0.0259879
4.71743,0.0259815
4.71893,0.0259751
4.72043,0.0259687
4.72193,0.0259624
4.72343,0.0259561
4.72493,0.0259499
4.72643,0.0259437
4.72793,0.0259375
4.72943,0.0259314
4.73093,0.0259254
4.73243,0.0259194
4.73393,0.0259134
4.73543,0.0259075
4.73693,0.0259016
4.73843,0.0258958
4.73993,0.02589
4.74143,0.0258843
4.74293,0.0258785
4.74443,0.0258729
4.74593,0.0258672
4.74743,0.0258616
4.74893,0.0258561
4.75043,0.0258506
4.75193,0.0258451
4.75343,0.0258396
4.75493,0.0258342
4.75643,0.0258288
4.75793,0.0258235
4.75943,0.0258181
4.76093,0.0258129
4.76243,0.0258076
4.76393,0.0258024
4.76543,0.0257972
4.76693,0.025792
4.76843,0.0257869
4.76993,0.0257818
4.77143,0.0257767
4.77293,0.0257716
4.77443,0.0257666
4.77593,0.0257616
4.77743,0.0257566
4.77893,0.0257516
4.78043,0.0257467
4.78193,0.0257417
4.78343,0.0257368
4.78493,0.0257319
4.78644,0.0257271
4.78794,0.0257222
4.78944,0.0257174
4.79094,0.0257126
4.79244,0.0257078
4.79394,0.025703
4.79544,0.0256982
4.79694,0.0256935
4.79844,0.0256887
4.79994,0.025684
4.80144,0.0256793
4.80294,0.0256746
4.80444,0.0256699
4.80594,0.0256652
4.80744,0.0256606
4.80894,0.0256559
4.81044,0.0256513
4.81194,0.0256467
4.81344,0.0256421
4.81494,0.0256374
4.81644,0.0256329
4.81794,0.0256283
4.81944,0.0256237
4.82094,0.0256191
4.82244,0.0256145
4.82394,0.02561
4.82544,0.0256054
4.82694,0.0256009
4.82844,0.0255963
4.82994,0.0255918
4.83144,0.0255873
4.83294,0.0255827
4.83444,0.0255782
4.83594,0.0255737
4.83744,0.0255692
4.83894,0.0255647
4.84044,0.0255601
4.84194,0.0255556
4.84344,0.0255511
4.84494,0.0255466
4.84644,0.0255421
4.84794,0.0255376
4.84944,0.0255331
4.85094,0.0255286
4.85244,0.0255241
4.85394,0.0255196
4.85544,0.0255151
4.85694,0.0255105
4.85844,0.025506
4.85994,0.0255015
4.86144,0.025497
4.86294,0.0254925
4.86444,0.025488
4.86594,0.0254834
4.86744,0.0254789
4.86894,0.0254744
4.87044,0.0254698
4.87194,0.0254653
4.87344,0.0254607
4.87494,0.0254562
4.87644,0.0254516
4.87794,0.0254471
4.87944,0.0254425
4.88094,0.0254379
4.88244,0.0254334
4.88394,0.0254288
4.88544,0.0254242
4.88694,0.0254196
4.88844,0.025415
4.88994,0.0254104
4.89144,0.0254058
4.89294,0.0254012
4.89444,0.0253965
4.89594,0.0253919
4.89744,0.0253873
4.89894,0.0253826
4.90044,0.025378
4.90195,0.0253733
4.90345,0.0253686
4.90495,0.0253639
4.90645,0.0253593
4.90795,0.0253546
4.90945,0.0253499
4.91095,0.0253452
4.91245,0.0253405
4.91395,0.0253357
4.91545,0.025331
4.91695,0.0253263
4.91845,0.0253215
4.91995,0.0253168
4.92145,0.025312
4.92295,0.0253072
4.92445,0.0253025
4.92595,0.0252977
4.92745,0.0252929
4.92895,0.0252881
4.93045,0.0252833
4.93195,0.0252785
4.93345,0.0252736
4.93495,0.0252688
4.93645,0.025264
4.93795,0.0252591
4.93945,0.0252543
4.94095,0.0252494
4.94245,0.0252446
4.94395,0.0252397
4.94545,0.0252348
4.94695,0.0252299
4.94845,0.025225
4.94995,0.0252201
4.95145,0.0252152
4.95295,0.0252103
4.95445,0.0252053
4.95595,0.0252004
4.95745,0.0251955
4.95895,0.0251905
4.96045,0.0251856
4.96195,0.0251806
4.96345,0.0251757
4.96495,0.0251707
4.96645,0.0251657
4.96795,0.0251607
4.96945,0.0251557
4.97095,0.0251507
4.97245,0.0251457
4.97395,0.0251407
4.97545,0.0251357
4.97695,0.0251307
4.97845,0.0251257
4.97995,0.0251207
4.98145,0.0251156
4.98295,0.0251106
4.98445,0.0251055
4.98595,0.0251005
4.98745,0.0250954
4.98895,0.0250904
4.99045,0.0250853
4.99195,0.0250803
4.99345,0.0250752
4.99495,0.0250701
4.99645,0.0250651
4.99795,0.02506
4.99945,0.0250549
5.00095,0.0250498
5.00245,0.0250447
5.00395,0.0250396
5.00545,0.0250345
5.00695,0.0250294
5.00845,0.0250243
5.00995,0.0250192
5.01145,0.0250141
5.01295,0.025009
5.01445,0.0250039
5.01595,0.0249988
5.01746,0.0249937
5.01896,0.0249885
5.02046,0.0249834
5.02196,0.0249783
5.02346,0.0249732
5.02496,0.024968
5.02646,0.0249629
5.02796,0.0249578
5.02946,0.0249527
5.03096,0.0249475
5.03246,0.0249424
5.03396,0.0249373
5.03546,0.0249321
5.03696,0.024927
5.03846,0.0249219
5.03996,0.0249167
5.04146,0.0249116
5.04296,0.0249065
5.04446,0.0249013
5.04596,0.0248962
5.04746,0.024891
5.04896,0.0248859
5.05046,0.0248808
5.05196,0.0248756
5.05346,0.0248705
5.05496,0.0248654
5.05646,0.0248602
5.05796,0.0248551
5.05946,0.02485
5.06096,0.0248448
5.06246,0.0248397
5.06396,0.0248346
5.06546,0.0248294
5.06696,0.0248243
5.06846,0.0248192
5.06996,0.024814
5.07146,0.0248089
5.07296,0.0248038
5.07446,0.0247987
5.07596,0.0247935
5.07746,0.0247884
5.07896,0.0247833
5.08046,0.0247782
5.08196,0.0247731
5.08346,0.0247679
5.08496,0.0247628
5.08646,0.0247577
5.08796,0.0247526
5.08946,0.0247475
5.09096,0.0247424
5.09246,0.0247373
5.09396,0.0247322
5.09546,0.024727
5.09696,0.0247219
5.09846,0.0247168
5.09996,0.0247117
5.10146,0.0247066
5.10296,0.0247015
5.10446,0.0246964
5.10596,0.0246913
5.10746,0.0246862
5.10896,0.0246811
5.11046,0.024676
5.11196,0.0246709
5.11346,0.0246659
5.11496,0.0246608
5.11646,0.0246557
5.11796,0.0246506
5.11946,0.0246455
5.12096,0.0246404
5.12246,0.0246353
5.12396,0.0246302
5.12546,0.0246251
5.12696,0.0246201
5.12846,0.024615
5.12996,0.0246099
5.13146,0.0246048
5.13297,0.0245997
5.13447,0.0245946
5.13597,0.0245896
5.13747,0.0245845
5.13897,0.0245794
5.14047,0.0245743
5.14197,0.0245692
5.14347,0.0245641
5.14497,0.0245591
5.14647,0.024554
5.14797,0.0245489
5.14947,0.0245438
5.15097,0.0245387
5.15247,0.0245336
5.15397,0.0245286
5.15547,0.0245235
5.15697,0.0245184
5.15847,0.0245133
5.15997,0.0245082
5.16147,0.0245032
5.16297,0.0244981
5.16447,0.024493
5.16597,0.0244879
5.16747,0.0244829
5.16897,0.0244778
5.17047,0.0244727
5.17197,0.0244676
5.17347,0.0244626
5.17497,0.0244575
5.17647,0.0244524
5.17797,0.0244473
5.17947,0.0244422
5.18097,0.0244372
5.18247,0.0244321
5.18397,0.024427
5.18547,0.0244219
5.18697,0.0244169
5.18847,0.0244118
5.18997,0.0244067
5.19147,0.0244017
5.19297,0.0243966
5.19447,0.0243915
5.19597,0.0243864
5.19747,0.0243814
5.19897,0.0243763
5.20047,0.0243712
5.20197,0.0243661
5.20347,0.0243611
5.20497,0.024356
5.20647,0.0243509
5.20797,0.0243459
5.20947,0.0243408
5.21097,0.0243357
5.21247,0.0243307
5.21397,0.0243256
5.21547,0.0243205
5.21697,0.0243155
5.21847,0.0243104
5.21997,0.0243053
5.22147,0.0243002
5.22297,0.0242952
5.22447,0.0242901
5.22597,0.024285
5.22747,0.02428
5.22897,0.0242749
5.23047,0.0242698
5.23197,0.0242648
5.23347,0.0242597
5.23497,0.0242546
5.23647,0.0242496
5.23797,0.0242445
5.23947,0.0242394
5.24097,0.0242344
5.24247,0.0242293
5.24397,0.0242242
5.24547,0.0242192
5.24697,0.0242141
5.24848,0.0242091
5.24998,0.024204
5.25148,0.0241989
5.25298,0.0241939
5.25448,0.0241888
5.25598,0.0241837
5.25748,0.0241787
5.25898,0.0241736
5.26048,0.0241685
5.26198,0.0241635
5.26348,0.0241584
5.26498,0.0241534
5.26648,0.0241483
5.26798,0.0241432
5.26948,0.0241382
5.27098,0.0241331
5.27248,0.024128
5.27398,0.024123
5.27548,0.0241179
5.27698,0.0241129
5.27848,0.0241078
5.27998,0.0241027
5.28148,0.0240977
5.28298,0.0240926
5.28448,0.0240876
5.28598,0.0240825
5.28748,0.0240774
5.28898,0.0240724
5.29048,0.0240673
5.29198,0.0240623
5.29348,0.0240572
5.29498,0.0240521
5.29648,0.0240471
5.29798,0.024042
5.29948,0.024037
5.30098,0.0240319
5.30248,0.0240269
5.30398,0.0240218
5.30548,0.0240167
5.30698,0.0240117
5.30848,0.0240066
5.30998,0.0240016
5.31148,0.0239965
5.31298,0.0239915
5.31448,0.0239864
5.31598,0.0239813
5.31748,0.0239763
5.31898,0.0239712
5.32048,0.0239662
5.32198,0.0239611
5.32348,0.0239561
5.32498,0.023951
5.32648,0.023946
5.32798,0.0239409
5.32948,0.0239358
5.33098,0.0239308
5.33248,0.0239257
5.33398,0.0239207
5.33548,0.0239156
5.33698,0.0239106
5.33848,0.0239055
5.33998,0.0239005
5.34148,0.0238954
5.34298,0.0238904
5.34448,0.0238853
5.34598,0.0238802
5.34748,0.0238752
5.34898,0.0238701
5.35048,0.0238651
5.35198,0.02386
5.35348,0.023855
5.35498,0.0238499
5.35648,0.0238449
5.35798,0.0238398
5.35948,0.0238348
5.36098,0.0238297
5.36248,0.0238247
5.36399,0.0238196
5.36549,0.0238146
5.36699,0.0238095
5.36849,0.0238045
5.36999,0.0237994
5.37149,0.0237944
5.37299,0.0237893
5.37449,0.0237843
5.37599,0.0237792
5.37749,0.0237741
5.37899,0.0237691
5.38049,0.023764
5.38199,0.023759
5.38349,0.0237539
5.38499,0.0237489
5.38649,0.0237438
5.38799,0.0237388
5.38949,0.0237337
5.39099,0.0237287
5.39249,0.0237236
5.39399,0.0237186
5.39549,0.0237135
5.39699,0.0237085
5.39849,0.0237034
5.39999,0.0236984
5.40149,0.0236933
5.40299,0.0236883
5.40449,0.0236832
5.40599,0.0236782
5.40749,0.0236731
5.40899,0.0236681
5.41049,0.023663
5.41199,0.023658
5.41349,0.0236529
5.41499,0.0236479
5.41649,0.0236428
5.41799,0.0236378
5.41949,0.0236327
5.42099,0.0236277
5.42249,0.0236226
5.42399,0.0236176
5.42549,0.0236125
5.42699,0.0236075
5.42849,0.0236025
5.42999,0.0235974
5.43149,0.0235924
5.43299,0.0235873
5.43449,0.0235823
5.43599,0.0235772
5.43749,0.0235722
5.43899,0.0235671
5.44049,0.0235621
5.44199,0.023557
5.44349,0.023552
5.44499,0.0235469
5.44649,0.0235419
5.44799,0.0235368
5.44949,0.0235318
5.45099,0.0235267
5.45249,0.0235217
5.45399,0.0235166
5.45549,0.0235116
5.45699,0.0235065
5.45849,0.0235015
5.45999,0.0234964
5.46149,0.0234914
5.46299,0.0234864
5.46449,0.0234813
5.46599,0.0234763
5.46749,0.0234712
5.46899,0.0234662
5.47049,0.0234611
5.47199,0.0234561
5.47349,0.023451
5.47499,0.023446
5.47649,0.0234409
5.47799,0.0234359
5.4795,0.0234308
5.481,0.0234258
5.4825,0.0234207
5.484,0.0234157
5.4855,0.0234107
5.487,0.0234056
5.4885,0.0234006
5.49,0.0233955
5.4915,0.0233905
5.493,0.0233854
5.4945,0.0233804
5.496,0.0233753
5.4975,0.0233703
5.499,0.0233652
5.5005,0.0233602
5.502,0.0233551
5.5035,0.0233501
5.505,0.0233451
5.5065,0.02334
5.508,0.023335
5.5095,0.0233299
5.511,0.0233249
5.5125,0.0233198
5.514,0.0233148
5.5155,0.0233097
5.517,0.0233047
5.5185,0.0232996
5.52,0.0232946
5.5215,0.0232896
5.523,0.0232845
5.5245,0.0232795
5.526,0.0232744
5.5275,0.0232694
5.529,0.0232643
5.5305,0.0232593
5.532,0.0232542
5.5335,0.0232492
5.535,0.0232441
5.5365,0.0232391
5.538,0.0232341
5.5395,0.023229
5.541,0.023224
5.5425,0.0232189
5.544,0.0232139
5.5455,0.0232088
5.547,0.0232038
5.5485,0.0231987
5.55,0.0231937
5.5515,0.0231886
5.553,0.0231836
5.5545,0.0231786
5.556,0.0231735
5.5575,0.0231685
5.559,0.0231634
5.5605,0.0231584
5.562,0.0231533
5.5635,0.0231483
5.565,0.0231432
5.5665,0.0231382
5.568,0.0231332
5.5695,0.0231281
5.571,0.0231231
5.5725,0.023118
5.574,0.023113
5.5755,0.0231079
5.577,0.0231029
5.5785,0.0230978
5.58,0.0230928
5.5815,0.0230878
5.583,0.0230827
5.5845,0.0230777
5.586,0.0230726
5.5875,0.0230676
5.589,0.0230625
5.5905,0.0230575
5.592,0.0230524
5.5935,0.0230474
5.59501,0.0230424
5.59651,0.0230373
5.59801,0.0230323
5.59951,0.0230272
5.60101,0.0230222
5.60251,0.0230171
5.60401,0.0230121
5.60551,0.023007
5.60701,0.023002
5.60851,0.022997
5.61001,0.0229919
5.61151,0.0229869
5.61301,0.0229818
5.61451,0.0229768
5.61601,0.0229717
5.61751,0.0229667
5.61901,0.0229616
5.62051,0.0229566
5.62201,0.0229516
5.62351,0.0229465
5.62501,0.0229415
5.62651,0.0229364
5.62801,0.0229314
5.62951,0.0229263
5.63101,0.0229213
5.63251,0.0229162
5.63401,0.0229112
5.63551,0.0229062
5.63701,0.0229011
5.63851,0.0228961
5.64001,0.022891
5.64151,0.022886
5.64301,0.0228809
5.64451,0.0228759
5.64601,0.0228709
5.64751,0.0228658
5.64901,0.0228608
5.65051,0.0228557
5.65201,0.0228507
5.65351,0.0228456
5.65501,0.0228406
5.65651,0.0228355
5.65801,0.0228305
5.65951,0.0228255
5.66101,0.0228204
5.66251,0.0228154
5.66401,0.0228103
5.66551,0.0228053
5.66701,0.0228002
5.66851,0.0227952
5.67001,0.0227901
5.67151,0.0227851
5.67301,0.0227801
5.67451,0.022775
5.67601,0.02277
5.67751,0.0227649
5.67901,0.0227599
5.68051,0.0227548
5.68201,0.0227498
5.68351,0.0227448
5.68501,0.0227397
5.68651,0.0227347
5.68801,0.0227296
5.68951,0.0227246
5.69101,0.0227195
5.69251,0.0227145
5.69401,0.0227094
5.69551,0.0227044
5.69701,0.0226994
5.69851,0.0226943
5.70001,0.0226893
5.70151,0.0226842
5.70301,0.0226792
5.70451,0.0226741
5.70601,0.0226691
5.70751,0.0226641
5.70901,0.022659
5.71052,0.022654
5.71202,0.0226489
5.71352,0.0226439
5.71502,0.0226388
5.71652,0.0226338
5.71802,0.0226287
5.71952,0.0226237
5.72102,0.0226187
5.72252,0.0226136
5.72402,0.0226086
5.72552,0.0226035
5.72702,0.0225985
5.72852,0.0225934
5.73002,0.0225884
5.73152,0.0225834
5.73302,0.0225783
5.73452,0.0225733
5.73602,0.0225682
5.73752,0.0225632
5.73902,0.0225581
5.74052,0.0225531
5.74202,0.022548
5.74352,0.022543
5.74502,0.022538
5.74652,0.0225329
5.74802,0.0225279
5.74952,0.0225228
5.75102,0.0225178
5.75252,0.0225127
5.75402,0.0225077
5.75552,0.0225027
5.75702,0.0224976
5.75852,0.0224926
5.76002,0.0224875
5.76152,0.0224825
5.76302,0.0224774
5.76452,0.0224724
5.76602,0.0224673
5.76752,0.0224623
5.76902,0.0224573
5.77052,0.0224522
5.77202,0.0224472
5.77352,0.0224421
5.77502,0.0224371
5.77652,0.022432
5.77802,0.022427
5.77952,0.022422
5.78102,0.0224169
5.78252,0.0224119
5.78402,0.0224068
5.78552,0.0224018
5.78702,0.0223967
5.78852,0.0223917
5.79002,0.0223867
5.79152,0.0223816
5.79302,0.0223766
5.79452,0.0223715
5.79602,0.0223665
5.79752,0.0223614
5.79902,0.0223564
5.80052,0.0223513
5.80202,0.0223463
5.80352,0.0223413
5.80502,0.0223362
5.80652,0.0223312
5.80802,0.0223261
5.80952,0.0223211
5.81102,0.022316
5.81252,0.022311
5.81402,0.022306
5.81552,0.0223009
5.81702,0.0222959
5.81852,0.0222908
5.82002,0.0222858
5.82152,0.0222807
5.82302,0.0222757
5.82452,0.0222706
5.82603,0.0222656
5.82753,0.0222606
5.82903,0.0222555
5.83053,0.0222505
5.83203,0.0222454
5.83353,0.0222404
5.83503,0.0222353
5.83653,0.0222303
5.83803,0.0222253
5.83953,0.0222202
5.84103,0.0222152
5.84253,0.0222101
5.84403,0.0222051
5.84553,0.0222
5.84703,0.022195
5.84853,0.02219
5.85003,0.0221849
5.85153,0.0221799
5.85303,0.0221748
5.85453,0.0221698
5.85603,0.0221647
5.85753,0.0221597
5.85903,0.0221547
5.86053,0.0221527
5.86203,0.0221531
5.86353,0.0221534
5.86503,0.0221538
5.86653,0.0221541
5.86803,0.0221545
5.86953,0.0221549
5.87103,0.0221552
5.87253,0.0221556
5.87403,0.0221559
5.87553,0.0221563
5.87703,0.0221567
5.87853,0.0221571
5.88003,0.0221575
5.88153,0.0221579
5.88303,0.0221583
5.88453,0.0221587
5.88603,0.0221591
5.88753,0.0221596
5.88903,0.0221601
5.89053,0.0221605
5.89203,0.022161
5.89353,0.0221615
5.89503,0.022162
5.89653,0.0221625
5.89803,0.0221631
5.89953,0.0221636
5.90103,0.0221642
5.90253,0.0221647
5.90403,0.0221653
5.90553,0.0221659
5.90703,0.0221665
5.90853,0.0221671
5.91003,0.0221677
5.91153,0.0221683
5.91303,0.0221689
5.91453,0.0221695
5.91603,0.0221702
5.91753,0.0221708
5.91903,0.0221714
5.92053,0.0221721
5.92203,0.0221727
5.92353,0.0221734
5.92503,0.022174
5.92653,0.0221746
5.92803,0.0221753
5.92953,0.0221759
5.93103,0.0221765
5.93253,0.0221772
5.93403,0.0221778
5.93553,0.0221785
5.93703,0.0221791
5.93853,0.0221797
5.94003,0.0221804
5.94153,0.022181
5.94304,0.0221816
5.94454,0.0221823
5.94604,0.0221829
5.94754,0.0221835
5.94904,0.0221842
5.95054,0.0221848
5.95204,0.0221854
5.95354,0.022186
5.95504,0.0221867
5.95654,0.0221873
5.95804,0.0221879
5.95954,0.0221885
5.96104,0.0221891
5.96254,0.0221897
5.96404,0.0221904
5.96554,0.022191
5.96704,0.0221916
5.96854,0.0221922
5.97004,0.0221928
5.97154,0.0221933
5.97304,0.0221939
5.97454,0.0221945
5.97604,0.0221951
5.97754,0.0221957
5.97904,0.0221964
5.98054,0.0221972
5.98204,0.0221981
5.98354,0.0221991
5.98504,0.0222002
5.98654,0.0222013
5.98804,0.0222026
5.98954,0.0222039
5.99104,0.0222053
5.99254,0.0222068
5.99404,0.0222083
5.99554,0.0222099
5.99704,0.0222116
5.99854,0.0222133
6.00004,0.0222151
6.00154,0.022217
6.00304,0.0222188
6.00454,0.0222208
6.00604,0.0222227
6.00754,0.0222247
6.00904,0.0222267
6.01054,0.0222288
6.01204,0.0222309
6.01354,0.022233
6.01504,0.0222351
6.01654,0.0222372
6.01804,0.0222394
6.01954,0.0222415
6.02104,0.0222437
6.02254,0.0222458
6.02404,0.022248
6.02554,0.0222501
6.02704,0.0222523
6.02854,0.0222544
6.03004,0.0222565
6.03154,0.0222586
6.03304,0.0222606
6.03454,0.0222627
6.03604,0.0222647
6.03754,0.0222667
6.03904,0.0222686
6.04054,0.0222706
6.04204,0.0222725
6.04354,0.0222743
6.04504,0.0222761
6.04654,0.0222779
6.04804,0.0222797
6.04954,0.0222814
6.05104,0.022283
6.05254,0.0222846
6.05404,0.0222862
6.05554,0.0222877
6.05704,0.0222892
6.05855,0.0222907
6.06005,0.0222922
6.06155,0.0222936
6.06305,0.0222951
6.06455,0.0222965
6.06605,0.022298
6.06755,0.0222994
6.06905,0.0223009
6.07055,0.0223024
6.07205,0.0223039
6.07355,0.0223054
6.07505,0.0223069
6.07655,0.0223084
6.07805,0.02231
6.07955,0.0223116
6.08105,0.0223133
6.08255,0.022315
6.08405,0.0223167
6.08555,0.0223185
6.08705,0.0223203
6.08855,0.0223222
6.09005,0.0223242
6.09155,0.0223262
6.09305,0.0223283
6.09455,0.0223305
6.09605,0.0223328
6.09755,0.0223352
6.09905,0.0223377
6.10055,0.0223402
6.10205,0.0223429
6.10355,0.0223457
6.10505,0.0223486
6.10655,0.0223516
6.10805,0.0223548
6.10955,0.0223581
6.11105,0.0223615
6.11255,0.0223651
6.11405,0.0223688
6.11555,0.0223726
6.11705,0.0223767
6.11855,0.0223808
6.12005,0.0223852
6.12155,0.0223897
6.12305,0.0223943
6.12455,0.0223992
6.12605,0.0224042
6.12755,0.0224094
6.12905,0.0224147
6.13055,0.0224203
6.13205,0.022426
6.13355,0.0224319
6.13505,0.022438
6.13655,0.0224443
6.13805,0.0224508
6.13955,0.0224575
6.14105,0.0224645
6.14255,0.0224716
6.14405,0.022479
6.14555,0.0224867
6.14705,0.0224945
6.14855,0.0225026
6.15005,0.0225108
6.15155,0.0225193
6.15305,0.0225279
6.15455,0.0225368
6.15605,0.0225458
6.15755,0.0225551
6.15905,0.0225644
6.16055,0.022574
6.16205,0.0225837
6.16355,0.0225935
6.16505,0.0226035
6.16655,0.0226136
6.16805,0.0226239
6.16955,0.0226342
6.17105,0.0226446
6.17255,0.0226551
6.17406,0.0226657
6.17556,0.0226763
6.17706,0.022687
6.17856,0.0226977
6.18006,0.0227085
6.18156,0.0227192
6.18306,0.02273
6.18456,0.0227407
6.18606,0.0227514
6.18756,0.0227621
6.18906,0.0227727
6.19056,0.0227833
6.19206,0.0227935
6.19356,0.022803
6.19506,0.0228119
6.19656,0.0228202
6.19806,0.0228279
6.19956,0.0228349
6.20106,0.0228413
6.20256,0.0228471
6.20406,0.0228522
6.20556,0.0228568
6.20706,0.0228607
6.20856,0.0228641
6.21006,0.0228668
6.21156,0.022869
6.21306,0.0228706
6.21456,0.0228716
6.21606,0.022872
6.21756,0.0228719
6.21906,0.0228712
6.22056,0.0228699
6.22206,0.0228681
6.22356,0.0228658
6.22506,0.0228629
6.22656,0.0228595
6.22806,0.0228556
6.22956,0.0228512
6.23106,0.0228462
6.23256,0.0228408
6.23406,0.0228349
6.23556,0.0228285
6.23706,0.0228217
6.23856,0.0228143
6.24006,0.0228066
6.24156,0.0227984
6.24306,0.0227898
6.24456,0.0227808
6.24606,0.0227713
6.24756,0.0227615
6.24906,0.0227513
6.25056,0.0227407
6.25206,0.0227298
6.25356,0.0227185
6.25506,0.0227069
6.25656,0.022695
6.25806,0.0226828
6.25956,0.0226704
6.26106,0.0226582
6.26256,0.022646
6.26406,0.0226339
6.26556,0.022622
6.26706,0.0226102
6.26856,0.0225986
6.27006,0.0225871
6.27156,0.0225757
6.27306,0.0225646
6.27456,0.0225536
6.27606,0.0225428
6.27756,0.0225323
6.27906,0.0225219
6.28056,0.0225118
6.28206,0.0225018
6.28356,0.0224922
6.28506,0.0224827
6.28656,0.0224735
6.28806,0.0224645
6.28957,0.0224558
6.29107,0.0224474
6.29257,0.0224392
6.29407,0.0224313
6.29557,0.0224237
6.29707,0.0224163
6.29857,0.0224093
6.30007,0.0224069
6.30157,0.0224131
6.30307,0.0224186
6.30457,0.0224236
6.30607,0.0224279
6.30757,0.0224316
6.30907,0.0224348
6.31057,0.0224373
6.31207,0.0224392
6.31357,0.0224405
6.31507,0.0224412
6.31657,0.0224413
6.31807,0.0224408
6.31957,0.0224397
6.32107,0.022438
6.32257,0.0224357
6.32407,0.0224328
6.32557,0.0224294
6.32707,0.0224254
6.32857,0.0224208
6.33007,0.0224157
6.33157,0.0224101
6.33307,0.0224045
6.33457,0.0223989
6.33607,0.0223932
6.33757,0.0223876
6.33907,0.0223819
6.34057,0.0223762
6.34207,0.0223704
6.34357,0.0223647
6.34507,0.0223589
6.34657,0.0223531
6.34807,0.0223473
6.34957,0.0223415
6.35107,0.0223357
6.35257,0.0223298
6.35407,0.022324
6.35557,0.0223181
6.35707,0.0223152
6.35857,0.0223144
6.36007,0.0223136
6.36157,0.0223128
6.36307,0.0223119
6.36457,0.0223111
6.36607,0.0223103
6.36757,0.0223095
6.36907,0.0223087
6.37057,0.0223078
6.37207,0.022307
6.37357,0.0223062
6.37507,0.0223053
6.37657,0.0223045
6.37807,0.0223037
6.37957,0.0223028
6.38107,0.022302
6.38257,0.0223012
6.38407,0.0223003
6.38557,0.0222995
6.38707,0.0222987
6.38857,0.0222978
6.39007,0.022297
6.39157,0.0222962
6.39307,0.0222954
6.39457,0.0222945
6.39607,0.0222937
6.39757,0.0222929
6.39907,0.022292
6.40057,0.0222912
6.40207,0.0222904
6.40357,0.0222896
6.40508,0.0222888
6.40658,0.0222879
6.40808,0.0222871
6.40958,0.0222863
6.41108,0.0222855
6.41258,0.0222847
6.41408,0.0222839
6.41558,0.0222831
6.41708,0.0222823
6.41858,0.0222815
6.42008,0.0222807
6.42158,0.0222799
6.42308,0.0222791
6.42458,0.0222784
6.42608,0.0222776
6.42758,0.0222768
6.42908,0.022276
6.43058,0.0222752
6.43208,0.0222745
6.43358,0.0222737
6.43508,0.0222729
6.43658,0.0222722
6.43808,0.0222714
6.43958,0.0222706
6.44108,0.0222699
6.44258,0.0222691
6.44408,0.0222683
6.44558,0.0222676
6.44708,0.0222668
6.44858,0.022266
6.45008,0.0222653
6.45158,0.0222645
6.45308,0.0222637
6.45458,0.0222629
6.45608,0.0222622
6.45758,0.0222614
6.45908,0.0222606
6.46058,0.0222598
6.46208,0.0222591
6.46358,0.0222583
6.46508,0.0222575
6.46658,0.0222567
6.46808,0.0222559
6.46958,0.0222551
6.47108,0.0222543
6.47258,0.0222534
6.47408,0.0222526
6.47558,0.0222518
6.47708,0.0222509
6.47858,0.0222501
6.48008,0.0222492
6.48158,0.0222484
6.48308,0.0222475
6.48458,0.0222466
6.48608,0.0222457
6.48758,0.0222448
6.48908,0.0222439
6.49058,0.022243
6.49208,0.0222421
6.49358,0.0222411
6.49508,0.0222402
6.49658,0.0222392
6.49808,0.0222383
6.49958,0.0222373
6.50108,0.0222363
6.50258,0.0222353
6.50408,0.0222342
6.50558,0.0222332
6.50708,0.0222321
6.50858,0.0222311
6.51008,0.02223
6.51158,0.0222289
6.51308,0.0222278
6.51458,0.0222267
6.51608,0.0222255
6.51758,0.0222244
6.51908,0.0222232
6.52059,0.022222
6.52209,0.0222208
6.52359,0.0222196
6.52509,0.0222184
6.52659,0.0222171
6.52809,0.0222159
6.52959,0.0222146
6.53109,0.0222133
6.53259,0.022212
6.53409,0.0222107
6.53559,0.0222093
6.53709,0.022208
6.53859,0.0222066
6.54009,0.0222052
6.54159,0.0222038
6.54309,0.0222024
6.54459,0.022201
6.54609,0.0221995
6.54759,0.0221981
6.54909,0.0221966
6.55059,0.0221951
6.55209,0.0221936
6.55359,0.0221921
6.55509,0.0221905
6.55659,0.022189
6.55809,0.0221874
6.55959,0.0221858
6.56109,0.0221842
6.56259,0.0221825
6.56409,0.0221808
6.56559,0.0221791
6.56709,0.0221774
6.56859,0.0221756
6.57009,0.0221739
6.57159,0.022172
6.57309,0.0221702
6.57459,0.0221683
6.57609,0.0221664
6.57759,0.0221645
6.57909,0.0221625
6.58059,0.0221604
6.58209,0.0221584
6.58359,0.0221563
6.58509,0.0221542
6.58659,0.022152
6.58809,0.0221498
6.58959,0.0221475
6.59109,0.0221452
6.59259,0.0221429
6.59409,0.0221404
6.59559,0.0221376
6.59709,0.0221347
6.59859,0.0221315
6.60009,0.0221281
6.60159,0.0221245
6.60309,0.0221207
6.60459,0.0221166
6.60609,0.0221124
6.60759,0.0221079
6.60909,0.0221032
6.61059,0.0220983
6.61209,0.0220931
6.61359,0.0220878
6.61509,0.0220823
6.61659,0.0220765
6.61809,0.0220706
6.61959,0.0220645
6.62109,0.0220582
6.62259,0.0220516
6.62409,0.0220449
6.62559,0.022038
6.62709,0.022031
6.62859,0.0220237
6.63009,0.0220163
6.63159,0.0220087
6.63309,0.0220009
6.63459,0.021993
6.6361,0.0219849
6.6376,0.0219766
6.6391,0.0219682
6.6406,0.0219596
6.6421,0.0219508
6.6436,0.021942
6.6451,0.0219329
6.6466,0.0219238
6.6481,0.0219144
6.6496,0.021905
6.6511,0.0218954
6.6526,0.0218857
6.6541,0.0218758
6.6556,0.0218659
6.6571,0.0218558
6.6586,0.0218543
6.6601,0.0218531
6.6616,0.021852
6.6631,0.0218507
6.6646,0.0218495
6.6661,0.0218483
6.6676,0.021847
6.6691,0.0218456
6.6706,0.0218443
6.6721,0.0218429
6.6736,0.0218414
6.6751,0.0218399
6.6766,0.0218384
6.6781,0.0218369
6.6796,0.0218353
6.6811,0.0218336
6.6826,0.0218319
6.6841,0.0218302
6.6856,0.0218284
6.6871,0.0218266
6.6886,0.0218247
6.6901,0.0218228
6.6916,0.0218208
6.6931,0.0218187
6.6946,0.0218167
6.6961,0.0218145
6.6976,0.0218123
6.6991,0.02181
6.7006,0.0218077
6.7021,0.0218053
6.7036,0.0218028
6.7051,0.0218003
6.7066,0.0217977
6.7081,0.0217951
6.7096,0.0217923
6.7111,0.0217896
6.7126,0.0217867
6.7141,0.0217838
6.7156,0.0217808
6.7171,0.0217777
6.7186,0.0217746
6.7201,0.0217714
6.7216,0.0217681
6.7231,0.0217648
6.7246,0.0217614
6.7261,0.0217579
6.7276,0.0217544
6.7291,0.0217508
6.7306,0.021749
6.7321,0.0217585
6.7336,0.0217677
6.7351,0.0217765
6.7366,0.021785
6.7381,0.0217931
6.7396,0.0218008
6.7411,0.0218081
6.7426,0.0218143
6.7441,0.0218194
6.7456,0.0218235
6.7471,0.0218264
6.7486,0.0218282
6.7501,0.021829
6.75161,0.0218286
6.75311,0.0218271
6.75461,0.0218244
6.75611,0.0218207
6.75761,0.0218158
6.75911,0.02181
6.76061,0.0218036
6.76211,0.0217966
6.76361,0.021789
6.76511,0.0217809
6.76661,0.0217722
6.76811,0.021763
6.76961,0.0217532
6.77111,0.0217429
6.77261,0.0217322
6.77411,0.0217209
6.77561,0.0217092
6.77711,0.021697
6.77861,0.0216845
6.78011,0.0216715
6.78161,0.0216581
6.78311,0.0216444
6.78461,0.0216304
6.78611,0.021616
6.78761,0.0216013
6.78911,0.0215863
6.79061,0.0215711
6.79211,0.0215557
6.79361,0.02154
6.79511,0.0215339
6.79661,0.0215282
6.79811,0.0215226
6.79961,0.0215169
6.80111,0.0215113
6.80261,0.0215057
6.80411,0.0215002
6.80561,0.0214946
6.80711,0.0214892
6.80861,0.0214837
6.81011,0.0214783
6.81161,0.021473
6.81311,0.0214677
6.81461,0.0214625
6.81611,0.0214574
6.81761,0.0214523
6.81911,0.0214473
6.82061,0.0214423
6.82211,0.0214375
6.82361,0.0214337
6.82511,0.0214332
6.82661,0.0214327
6.82811,0.0214322
6.82961,0.0214317
6.83111,0.0214313
6.83261,0.0214308
6.83411,0.0214304
6.83561,0.02143
6.83711,0.0214296
6.83861,0.0214293
6.84011,0.0214289
6.84161,0.0214286
6.84311,0.0214282
6.84461,0.0214279
6.84611,0.0214275
6.84761,0.0214272
6.84911,0.0214269
6.85061,0.0214266
6.85211,0.0214263
6.85361,0.0214259
6.85511,0.0214256
6.85661,0.0214253
6.85811,0.021425
6.85961,0.0214247
6.86111,0.0214244
6.86261,0.021424
6.86411,0.0214237
6.86561,0.0214234
6.86712,0.021423
6.86862,0.0214226
6.87012,0.0214223
6.87162,0.0214219
6.87312,0.0214215
6.87462,0.0214211
6.87612,0.0214207
6.87762,0.0214202
6.87912,0.0214197
6.88062,0.0214193
6.88212,0.0214187
6.88362,0.0214182
6.88512,0.0214176
6.88662,0.021417
6.88812,0.0214164
6.88962,0.0214157
6.89112,0.021415
6.89262,0.0214142
6.89412,0.0214134
6.89562,0.0214126
6.89712,0.0214117
6.89862,0.0214108
6.90012,0.0214098
6.90162,0.0214088
6.90312,0.0214077
6.90462,0.0214066
6.90612,0.0214055
6.90762,0.0214042
6.90912,0.021403
6.91062,0.0214017
6.91212,0.0214003
6.91362,0.0213989
6.91512,0.0213974
6.91662,0.0213958
6.91812,0.0213942
6.91962,0.0213926
6.92112,0.0213909
6.92262,0.0213891
6.92412,0.0213873
6.92562,0.0213854
6.92712,0.0213834
6.92862,0.0213814
6.93012,0.0213792
6.93162,0.0213769
6.93312,0.0213744
6.93462,0.0213717
6.93612,0.0213689
6.93762,0.0213659
6.93912,0.0213627
6.94062,0.0213594
6.94212,0.0213558
6.94362,0.0213522
6.94512,0.0213483
6.94662,0.0213442
6.94812,0.0213396
6.94962,0.0213346
6.95112,0.0213293
6.95262,0.0213235
6.95412,0.0213173
6.95562,0.0213107
6.95712,0.0213037
6.95862,0.0212964
6.96012,0.0212887
6.96162,0.0212807
6.96312,0.0212723
6.96462,0.0212636
6.96612,0.0212546
6.96762,0.0212453
6.96912,0.0212358
6.97062,0.0212259
6.97212,0.0212158
6.97362,0.0212055
6.97512,0.021195
6.97662,0.0211842
6.97812,0.0211733
6.97962,0.021168
6.98112,0.021168
6.98263,0.0211682
6.98413,0.0211687
6.98563,0.0211693
6.98713,0.0211702
6.98863,0.0211713
6.99013,0.0211726
6.99163,0.0211741
6.99313,0.0211758
6.99463,0.0211777
6.99613,0.0211798
6.99763,0.021182
6.99913,0.0211845
7.00063,0.0211871
7.00213,0.0211899
7.00363,0.0211929
7.00513,0.021196
7.00663,0.0211993
7.00813,0.0212027
7.00963,0.0212063
7.01113,0.02121
7.01263,0.0212138
7.01413,0.0212178
7.01563,0.0212219
7.01713,0.0212261
7.01863,0.0212304
7.02013,0.0212348
7.02163,0.0212392
7.02313,0.0212438
7.02463,0.0212484
7.02613,0.0212531
7.02763,0.0212579
7.02913,0.0212627
7.03063,0.0212676
7.03213,0.0212725
7.03363,0.0212775
7.03513,0.0212825
7.03663,0.0212875
7.03813,0.0212925
7.03963,0.0212975
7.04113,0.0213025
7.04263,0.0213076
7.04413,0.0213126
7.04563,0.0213176
7.04713,0.0213225
7.04863,0.0213273
7.05013,0.021332
7.05163,0.0213365
7.05313,0.0213409
7.05463,0.0213451
7.05613,0.0213492
7.05763,0.0213531
7.05913,0.0213568
7.06063,0.0213604
7.06213,0.0213638
7.06363,0.0213671
7.06513,0.0213701
7.06663,0.021373
7.06813,0.0213757
7.06963,0.0213783
7.07113,0.0213806
7.07263,0.0213828
7.07413,0.0213848
7.07563,0.0213865
7.07713,0.0213881
7.07863,0.0213895
7.08013,0.0213908
7.08163,0.0213918
7.08313,0.0213926
7.08463,0.0213933
7.08613,0.0213937
7.08763,0.021394
7.08913,0.021394
7.09063,0.0213939
7.09213,0.0213936
7.09363,0.0213931
7.09513,0.0213924
7.09663,0.0213915
7.09813,0.0213904
7.09964,0.0213892
7.10114,0.0213877
7.10264,0.0213861
7.10414,0.0213843
7.10564,0.0213823
7.10714,0.0213801
7.10864,0.0213778
7.11014,0.0213753
7.11164,0.0213726
7.11314,0.0213697
7.11464,0.0213667
7.11614,0.0213635
7.11764,0.0213602
7.11914,0.0213567
7.12064,0.0213531
7.12214,0.0213493
7.12364,0.0213455
7.12514,0.0213417
7.12664,0.0213379
7.12814,0.0213342
7.12964,0.0213305
7.13114,0.0213268
7.13264,0.021323
7.13414,0.0213194
7.13564,0.0213157
7.13714,0.021312
7.13864,0.0213084
7.14014,0.0213047
7.14164,0.0213011
7.14314,0.0212975
7.14464,0.0212939
7.14614,0.0212903
7.14764,0.0212868
7.14914,0.0212832
7.15064,0.0212797
7.15214,0.0212761
7.15364,0.0212726
7.15514,0.0212691
7.15664,0.0212656
7.15814,0.0212622
7.15964,0.0212587
7.16114,0.0212552
7.16264,0.0212518
7.16414,0.0212484
7.16564,0.021245
7.16714,0.0212416
7.16864,0.0212382
7.17014,0.0212348
7.17164,0.0212314
7.17314,0.0212281
7.17464,0.0212248
7.17614,0.0212214
7.17764,0.0212181
7.17914,0.0212148
7.18064,0.0212115
7.18214,0.0212083
7.18364,0.021205
7.18514,0.0212017
7.18664,0.0211985
7.18814,0.0211953
7.18964,0.0211921
7.19114,0.0211888
7.19264,0.0211857
7.19414,0.0211825
7.19564,0.0211793
7.19714,0.0211761
7.19864,0.021173
7.20014,0.0211698
7.20164,0.0211667
7.20314,0.0211636
7.20464,0.0211605
7.20614,0.0211574
7.20764,0.0211543
7.20914,0.0211512
7.21064,0.0211482
7.21214,0.0211451
7.21364,0.0211421
7.21515,0.021139
7.21665,0.021136
7.21815,0.021133
7.21965,0.02113
7.22115,0.021127
7.22265,0.021124
7.22415,0.0211211
7.22565,0.0211181
7.22715,0.0211152
7.22865,0.0211122
7.23015,0.0211093
7.23165,0.0211064
7.23315,0.0211035
7.23465,0.0211006
7.23615,0.0210977
7.23765,0.0210948
7.23915,0.021092
7.24065,0.0210891
7.24215,0.0210863
7.24365,0.0210834
7.24515,0.0210806
7.24665,0.0210778
7.24815,0.021075
7.24965,0.0210722
7.25115,0.0210694
7.25265,0.0210666
7.25415,0.0210639
7.25565,0.0210611
7.25715,0.0210584
7.25865,0.0210556
7.26015,0.0210529
7.26165,0.0210502
7.26315,0.0210475
7.26465,0.0210448
7.26615,0.0210421
7.26765,0.0210394
7.26915,0.0210368
7.27065,0.0210341
7.27215,0.0210315
7.27365,0.0210288
7.27515,0.0210262
7.27665,0.0210235
7.27815,0.0210209
7.27965,0.0210183
7.28115,0.0210157
7.28265,0.0210131
7.28415,0.0210105
7.28565,0.0210079
7.28715,0.0210054
7.28865,0.0210028
7.29015,0.0210002
7.29165,0.0209977
7.29315,0.0209951
7.29465,0.0209926
7.29615,0.02099
7.29765,0.0209875
7.29915,0.0209849
7.30065,0.0209824
7.30215,0.0209798
7.30365,0.0209773
7.30515,0.0209747
7.30665,0.0209722
7.30815,0.0209696
7.30965,0.0209671
7.31115,0.0209645
7.31265,0.0209619
7.31415,0.0209594
7.31565,0.0209568
7.31715,0.0209542
7.31865,0.0209516
7.32015,0.020949
7.32165,0.0209464
7.32315,0.0209438
7.32465,0.0209411
7.32615,0.0209385
7.32765,0.0209358
7.32915,0.0209331
7.33066,0.0209305
7.33216,0.0209277
7.33366,0.020925
7.33516,0.0209223
7.33666,0.0209195
7.33816,0.0209168
7.33966,0.020914
7.34116,0.0209112
7.34266,0.0209083
7.34416,0.0209055
7.34566,0.0209026
7.34716,0.0208997
7.34866,0.0208968
7.35016,0.0208939
7.35166,0.0208909
7.35316,0.020888
7.35466,0.020885
7.35616,0.0208819
7.35766,0.0208789
7.35916,0.0208758
7.36066,0.0208727
7.36216,0.0208696
7.36366,0.0208665
7.36516,0.0208633
7.36666,0.0208601
7.36816,0.0208569
7.36966,0.0208537
7.37116,0.0208504
7.37266,0.0208471
7.37416,0.0208438
7.37566,0.0208404
7.37716,0.0208371
7.37866,0.0208337
7.38016,0.0208303
7.38166,0.0208268
7.38316,0.0208234
7.38466,0.0208199
7.38616,0.0208163
7.38766,0.0208128
7.38916,0.0208092
7.39066,0.0208056
7.39216,0.020802
7.39366,0.0207983
7.39516,0.0207946
7.39666,0.0207909
7.39816,0.0207872
7.39966,0.0207834
7.40116,0.0207796
7.40266,0.0207758
7.40416,0.020772
7.40566,0.0207681
7.40716,0.0207642
7.40866,0.0207602
7.41016,0.0207561
7.41166,0.0207517
7.41316,0.0207473
7.41466,0.0207426
7.41616,0.0207379
7.41766,0.020733
7.41916,0.0207279
7.42066,0.0207227
7.42216,0.0207174
7.42366,0.0207119
7.42516,0.0207063
7.42666,0.0207006
7.42816,0.0206948
7.42966,0.0206889
7.43116,0.0206829
7.43266,0.0206768
7.43416,0.0206705
7.43566,0.0206642
7.43716,0.0206578
7.43866,0.0206513
7.44016,0.0206447
7.44166,0.020638
7.44316,0.0206313
7.44466,0.0206245
7.44617,0.0206176
7.44767,0.0206107
7.44917,0.0206037
7.45067,0.0205966
7.45217,0.0205895
7.45367,0.0205823
7.45517,0.0205751
7.45667,0.0205679
7.45817,0.0205606
7.45967,0.0205534
7.46117,0.0205461
7.46267,0.0205387
7.46417,0.0205314
7.46567,0.0205241
7.46717,0.0205168
7.46867,0.0205094
7.47017,0.0205021
7.47167,0.0204948
7.47317,0.0204876
7.47467,0.0204803
7.47617,0.0204731
7.47767,0.020466
7.47917,0.0204589
7.48067,0.0204541
7.48217,0.0204526
7.48367,0.0204511
7.48517,0.0204496
7.48667,0.020448
7.48817,0.0204465
7.48967,0.0204449
7.49117,0.0204432
7.49267,0.0204416
7.49417,0.0204399
7.49567,0.0204382
7.49717,0.0204365
7.49867,0.0204347
7.50017,0.020433
7.50167,0.0204311
7.50317,0.0204293
7.50467,0.0204274
7.50617,0.0204255
7.50767,0.0204236
7.50917,0.0204216
7.51067,0.0204196
7.51217,0.0204176
7.51367,0.0204155
7.51517,0.0204134
7.51667,0.0204112
7.51817,0.020409
7.51967,0.0204068
7.52117,0.0204045
7.52267,0.0204022
7.52417,0.0203999
7.52567,0.0203975
7.52717,0.020395
7.52867,0.0203925
7.53017,0.02039
7.53167,0.0203874
7.53317,0.0203848
7.53467,0.0203821
7.53617,0.0203794
7.53767,0.0203766
7.53917,0.0203737
7.54067,0.0203708
7.54217,0.0203677
7.54367,0.0203646
7.54517,0.0203613
7.54667,0.0203579
7.54817,0.0203545
7.54967,0.0203509
7.55117,0.0203472
7.55267,0.0203434
7.55417,0.0203395
7.55567,0.0203355
7.55717,0.0203313
7.55867,0.0203271
7.56017,0.0203227
7.56168,0.0203181
7.56318,0.0203135
7.56468,0.0203086
7.56618,0.0203037
7.56768,0.0202986
7.56918,0.0202934
7.57068,0.020288
7.57218,0.0202825
7.57368,0.0202768
7.57518,0.020271
7.57668,0.020265
7.57818,0.0202589
7.57968,0.0202537
7.58118,0.0202561
7.58268,0.0202586
7.58418,0.020261
7.58568,0.0202635
7.58718,0.020266
7.58868,0.0202685
7.59018,0.020271
7.59168,0.0202734
7.59318,0.0202759
7.59468,0.0202783
7.59618,0.0202806
7.59768,0.0202829
7.59918,0.0202851
7.60068,0.0202862
7.60218,0.0202862
7.60368,0.0202851
7.60518,0.0202828
7.60668,0.0202796
7.60818,0.0202753
7.60968,0.0202699
7.61118,0.0202636
7.61268,0.0202562
7.61418,0.0202479
7.61568,0.0202387
7.61718,0.0202285
7.61868,0.0202175
7.62018,0.0202056
7.62168,0.0201928
7.62318,0.0201793
7.62468,0.020165
7.62618,0.02015
7.62768,0.0201343
7.62918,0.0201179
7.63068,0.0201009
7.63218,0.0200833
7.63368,0.0200651
7.63518,0.0200464
7.63668,0.0200271
7.63818,0.0200074
7.63968,0.0199872
7.64118,0.0199665
7.64268,0.0199553
7.64418,0.0199523
7.64568,0.0199492
7.64718,0.019946
7.64868,0.0199428
7.65018,0.0199396
7.65168,0.0199363
7.65318,0.0199329
7.65468,0.0199295
7.65618,0.019926
7.65768,0.0199224
7.65918,0.0199188
7.66068,0.0199151
7.66218,0.0199114
7.66368,0.0199076
7.66518,0.0199037
7.66668,0.0198998
7.66818,0.0198958
7.66968,0.0198918
7.67118,0.0198877
7.67268,0.0198835
7.67418,0.0198792
7.67568,0.0198749
7.67719,0.0198705
7.67869,0.0198661
7.68019,0.0198615
7.68169,0.0198569
7.68319,0.0198522
7.68469,0.0198475
7.68619,0.0198426
7.68769,0.0198377
7.68919,0.0198327
7.69069,0.0198276
7.69219,0.0198224
7.69369,0.0198171
7.69519,0.0198117
7.69669,0.0198063
7.69819,0.0198007
7.69969,0.019795
7.70119,0.0197892
7.70269,0.0197834
7.70419,0.0197774
7.70569,0.0197713
7.70719,0.019765
7.70869,0.0197587
7.71019,0.0197522
7.71169,0.0197456
7.71319,0.0197389
7.71469,0.0197321
7.71619,0.0197251
7.71769,0.0197179
7.71919,0.0197107
7.72069,0.0197032
7.72219,0.0196957
7.72369,0.0196879
7.72519,0.0196801
7.72669,0.019672
7.72819,0.0196638
7.72969,0.0196555
7.73119,0.019647
7.73269,0.0196383
7.73419,0.0196295
7.73569,0.0196204
7.73719,0.0196112
7.73869,0.0196019
7.74019,0.0195923
7.74169,0.0195825
7.74319,0.0195726
7.74469,0.0195624
7.74619,0.019552
7.74769,0.0195415
7.74919,0.0195307
7.75069,0.0195198
7.75219,0.0195086
7.75369,0.0194972
7.75519,0.0194856
7.75669,0.0194738
7.75819,0.0194618
7.75969,0.0194495
7.76119,0.019437
7.76269,0.0194243
7.76419,0.0194113
7.76569,0.0193981
7.76719,0.0193846
7.76869,0.0193708
7.77019,0.0193568
7.77169,0.0193425
7.77319,0.0193279
7.77469,0.019313
7.77619,0.0192978
7.77769,0.0192823
7.77919,0.0192664
7.78069,0.0192502
7.78219,0.0192336
7.78369,0.0192166
7.78519,0.0191992
7.78669,0.0191813
7.78819,0.019163
7.78969,0.0191441
7.79119,0.0191248
7.7927,0.0191048
7.7942,0.0190843
7.7957,0.0191288
7.7972,0.0192413
7.7987,0.0193466
7.8002,0.019445
7.8017,0.0195363
7.8032,0.0196206
7.8047,0.0196982
7.8062,0.019769
7.8077,0.0198334
7.8092,0.0198914
7.8107,0.0199433
7.8122,0.0199894
7.8137,0.0200299
7.8152,0.0200652
7.8167,0.0200954
7.8182,0.020121
7.8197,0.0201422
7.8212,0.0201593
7.8227,0.0201725
7.8242,0.0201821
7.8257,0.0201884
7.8272,0.0202929
7.8287,0.0204196
7.8302,0.0205406
7.8317,0.0206557
7.8332,0.0207648
7.8347,0.0208679
7.8362,0.0209646
7.8377,0.021055
7.8392,0.0211389
7.8407,0.0212162
7.8422,0.0212869
7.8437,0.0213508
7.8452,0.0214078
7.8467,0.021458
7.8482,0.0215013
7.8497,0.0215377
7.8512,0.0215673
7.8527,0.0215902
7.8542,0.0216066
7.8557,0.0216165
7.8572,0.0216201
7.8587,0.0216178
7.8602,0.0216097
7.8617,0.0215962
7.8632,0.0215774
7.8647,0.0215537
7.8662,0.0215251
7.8677,0.0214954
7.8692,0.0214687
7.8707,0.0214448
7.8722,0.0214235
7.8737,0.0214049
7.8752,0.0213887
7.8767,0.0213749
7.8782,0.0213633
7.8797,0.0213539
7.8812,0.0213466
7.8827,0.0213413
7.8842,0.021338
7.8857,0.0213366
7.8872,0.0213369
7.8887,0.021339
7.8902,0.0213428
7.8917,0.0213482
7.8932,0.0213551
7.8947,0.0213635
7.8962,0.0213733
7.8977,0.0213844
7.8992,0.0213967
7.9007,0.0214102
7.9022,0.0214247
7.9037,0.0214403
7.9052,0.0214568
7.9067,0.0214741
7.90821,0.0214922
7.90971,0.0215477
7.91121,0.0216107
7.91271,0.021674
7.91421,0.0217374
7.91571,0.0218008
7.91721,0.021864
7.91871,0.021927
7.92021,0.0219897
7.92171,0.0220519
7.92321,0.0221134
7.92471,0.0221741
7.92621,0.0222338
7.92771,0.0222923
7.92921,0.0223494
7.93071,0.022405
7.93221,0.0224589
7.93371,0.0225108
7.93521,0.0225607
7.93671,0.0226084
7.93821,0.0226537
7.93971,0.0226965
7.94121,0.0227366
7.94271,0.0227738
7.94421,0.0228081
7.94571,0.0228402
7.94721,0.0228704
7.94871,0.0228987
7.95021,0.0229251
7.95171,0.0229493
7.95321,0.0229715
7.95471,0.0229915
7.95621,0.0230093
7.95771,0.0230248
7.95921,0.0230379
7.96071,0.0230487
7.96221,0.0230571
7.96371,0.023063
7.96521,0.0230664
7.96671,0.0230674
7.96821,0.0230666
7.96971,0.0230642
7.97121,0.0230604
7.97271,0.023055
7.97421,0.0230481
7.97571,0.0230396
7.97721,0.0230295
7.97871,0.0230178
7.98021,0.0230045
7.98171,0.0229896
7.98321,0.0229748
7.98471,0.0229599
7.98621,0.0229451
7.98771,0.0229303
7.98921,0.0229155
7.99071,0.0229008
7.99221,0.022886
7.99371,0.0228713
7.99521,0.0228566
7.99671,0.0228419
7.99821,0.0228272
7.99971,0.0228125
8.00121,0.0227979
8.00271,0.0227832
8.00421,0.0227686
8.00571,0.022754
8.00721,0.0227394
8.00871,0.0227248
8.01021,0.0227102
8.01171,0.0226957
8.01321,0.0226811
8.01471,0.0226665
8.01621,0.022652
8.01771,0.0226375
8.01921,0.022623
8.02071,0.0226085
8.02221,0.0225941
8.02372,0.0225797
8.02522,0.0225652
8.02672,0.0225509
8.02822,0.0225365
8.02972,0.0225222
8.03122,0.0225079
8.03272,0.0224937
8.03422,0.0224794
8.03572,0.0224652
8.03722,0.0224511
8.03872,0.022437
8.04022,0.0224229
8.04172,0.0224089
8.04322,0.0223949
8.04472,0.0223809
8.04622,0.022367
8.04772,0.0223532
8.04922,0.0223394
8.05072,0.0223256
8.05222,0.0223119
8.05372,0.0222982
8.05522,0.0222846
8.05672,0.022271
8.05822,0.0222575
8.05972,0.0222441
8.06122,0.0222307
8.06272,0.0222173
8.06422,0.0222041
8.06572,0.0221908
8.06722,0.0221777
8.06872,0.0221646
8.07022,0.0221516
8.07172,0.0221386
8.07322,0.0221257
8.07472,0.0221128
8.07622,0.0221
8.07772,0.0220873
8.07922,0.0220747
8.08072,0.0220621
8.08222,0.0220496
8.08372,0.0220371
8.08522,0.0220247
8.08672,0.0220124
8.08822,0.0220002
8.08972,0.021988
8.09122,0.0219759
8.09272,0.0219639
8.09422,0.0219519
8.09572,0.02194
8.09722,0.0219282
8.09872,0.0219165
8.10022,0.0219048
8.10172,0.0218932
8.10322,0.0218817
8.10472,0.0218702
8.10622,0.0218589
8.10772,0.0218476
8.10922,0.0218363
8.11072,0.0218252
8.11222,0.0218141
8.11372,0.0218031
8.11522,0.0217922
8.11672,0.0217813
8.11822,0.0217705
8.11972,0.0217598
8.12122,0.0217492
8.12272,0.0217386
8.12422,0.0217282
8.12572,0.0217177
8.12722,0.0217074
8.12872,0.0216971
8.13022,0.0216869
8.13172,0.0216768
8.13322,0.0216668
8.13472,0.0216568
8.13622,0.0216469
8.13772,0.0216371
8.13923,0.0216273
8.14073,0.0216176
8.14223,0.021608
8.14373,0.0215984
8.14523,0.021589
8.14673,0.0215796
8.14823,0.0215702
8.14973,0.0215609
8.15123,0.0215517
8.15273,0.0215426
8.15423,0.0215335
8.15573,0.0215245
8.15723,0.0215155
8.15873,0.0215066
8.16023,0.0214978
8.16173,0.0214891
8.16323,0.0214804
8.16473,0.0214717
8.16623,0.0214631
8.16773,0.0214546
8.16923,0.0214461
8.17073,0.0214377
8.17223,0.0214294
8.17373,0.0214211
8.17523,0.0214128
8.17673,0.0214046
8.17823,0.0213965
8.17973,0.0213884
8.18123,0.0213804
8.18273,0.0213724
8.18423,0.0213644
8.18573,0.0213566
8.18723,0.0213487
8.18873,0.0213409
8.19023,0.0213331
8.19173,0.0213254
8.19323,0.0213177
8.19473,0.0213101
8.19623,0.0213025
8.19773,0.021295
8.19923,0.0212874
8.20073,0.02128
8.20223,0.0212725
8.20373,0.0212651
8.20523,0.0212577
8.20673,0.0212504
8.20823,0.021243
8.20973,0.0212358
8.21123,0.0212285
8.21273,0.0212213
8.21423,0.021214
8.21573,0.0212069
8.21723,0.0211997
8.21873,0.0211926
8.22023,0.0211855
8.22173,0.0211784
8.22323,0.0211713
8.22473,0.0211642
8.22623,0.0211572
8.22773,0.0211502
8.22923,0.0211432
8.23073,0.0211363
8.23223,0.0211293
8.23373,0.0211224
8.23523,0.0211155
8.23673,0.0211086
8.23823,0.0211017
8.23973,0.0210949
8.24123,0.0210881
8.24273,0.0210813
8.24423,0.0210745
8.24573,0.0210678
8.24723,0.021061
8.24873,0.0210543
8.25023,0.0210476
8.25173,0.0210409
8.25323,0.0210343
8.25473,0.0210276
8.25624,0.021021
8.25774,0.0210144
8.25924,0.0210078
8.26074,0.0210013
8.26224,0.0209947
8.26374,0.0209882
8.26524,0.0209817
8.26674,0.0209752
8.26824,0.0209687
8.26974,0.0209623
8.27124,0.0209558
8.27274,0.0209494
8.27424,0.020943
8.27574,0.0209366
8.27724,0.0209303
8.27874,0.0209239
8.28024,0.0209176
8.28174,0.0209113
8.28324,0.020905
8.28474,0.0208987
8.28624,0.0208925
8.28774,0.0208862
8.28924,0.02088
8.29074,0.0208738
8.29224,0.0208676
8.29374,0.0208614
8.29524,0.0208553
8.29674,0.0208491
8.29824,0.020843
8.29974,0.0208369
8.30124,0.0208308
8.30274,0.0208247
8.30424,0.0208186
8.30574,0.0208126
8.30724,0.0208065
8.30874,0.0208005
8.31024,0.0207945
8.31174,0.0207885
8.31324,0.0207825
8.31474,0.0207765
8.31624,0.0207706
8.31774,0.0207647
8.31924,0.0207587
8.32074,0.0207528
8.32224,0.0207469
8.32374,0.0207411
8.32524,0.0207352
8.32674,0.0207293
8.32824,0.0207235
8.32974,0.0207177
8.33124,0.0207119
8.33274,0.0207061
8.33424,0.0207003
8.33574,0.0206945
8.33724,0.0206887
8.33874,0.020683
8.34024,0.0206773
8.34174,0.0206715
8.34324,0.0206658
8.34474,0.0206601
8.34624,0.0206544
8.34774,0.0206488
8.34924,0.0206431
8.35074,0.0206374
8.35224,0.0206318
8.35374,0.0206262
8.35524,0.0206206
8.35674,0.0206149
8.35824,0.0206094
8.35974,0.0206038
8.36124,0.0205982
8.36274,0.0205926
8.36424,0.0205871
8.36574,0.0205815
8.36724,0.020576
8.36874,0.0205705
8.37024,0.020565
8.37175,0.0205595
8.37325,0.020554
8.37475,0.0205485
8.37625,0.020543
8.37775,0.0205376
8.37925,0.0205321
8.38075,0.0205267
8.38225,0.0205213
8.38375,0.0205158
8.38525,0.0205104
8.38675,0.020505
8.38825,0.0204996
8.38975,0.0204942
8.39125,0.0204889
8.39275,0.0204835
8.39425,0.0204781
8.39575,0.0204728
8.39725,0.0204674
8.39875,0.0204621
8.40025,0.0204568
8.40175,0.0204515
8.40325,0.0204462
8.40475,0.0204409
8.40625,0.0204356
8.40775,0.0204303
8.40925,0.020425
8.41075,0.0204197
8.41225,0.0204145
8.41375,0.0204092
8.41525,0.020404
8.41675,0.0203987
8.41825,0.0203935
8.41975,0.0203883
8.42125,0.020383
8.42275,0.0203778
8.42425,0.0203726
8.42575,0.0203674
8.42725,0.0203622
8.42875,0.020357
8.43025,0.0203518
8.43175,0.0203467
8.43325,0.0203415
8.43475,0.0203363
8.43625,0.0203312
8.43775,0.020326
8.43925,0.0203209
8.44075,0.0203157
8.44225,0.0203106
8.44375,0.0203055
8.44525,0.0203003
8.44675,0.0202952
8.44825,0.0202901
8.44975,0.020285
8.45125,0.0202799
8.45275,0.0202748
8.45425,0.0202697
8.45575,0.0202646
8.45725,0.0202595
8.45875,0.0202544
8.46025,0.0202493
8.46175,0.0202443
8.46325,0.0202392
8.46475,0.0202341
8.46625,0.0202291
8.46775,0.020224
8.46925,0.0202189
8.47075,0.0202139
8.47225,0.0202088
8.47375,0.0202038
8.47525,0.0201988
8.47675,0.0201937
8.47825,0.0201887
8.47975,0.0201837
8.48125,0.0201786
8.48275,0.0201736
8.48425,0.0201686
8.48575,0.0201636
8.48726,0.0201586
8.48876,0.0201535
8.49026,0.0201485
8.49176,0.0201435
8.49326,0.0201385
8.49476,0.0201335
8.49626,0.0201285
8.49776,0.0201235
8.49926,0.0201186
8.50076,0.0201136
8.50226,0.0201086
8.50376,0.0201036
8.50526,0.0200986
8.50676,0.0200936
8.50826,0.0200887
8.50976,0.0200837
8.51126,0.0200787
8.51276,0.0200738
8.51426,0.0200688
8.51576,0.0200639
8.51726,0.0200589
8.51876,0.0200539
8.52026,0.020049
8.52176,0.020044
8.52326,0.0200391
8.52476,0.0200341
8.52626,0.0200292
8.52776,0.0200243
8.52926,0.0200193
8.53076,0.0200144
8.53226,0.0200094
8.53376,0.0200045
8.53526,0.0199996
8.53676,0.0199947
8.53826,0.0199897
8.53976,0.0199848
8.54126,0.0199799
8.54276,0.019975
8.54426,0.01997
8.54576,0.0199651
8.54726,0.0199602
8.54876,0.0199553
8.55026,0.0199504
8.55176,0.0199455
8.55326,0.0199406
8.55476,0.0199357
8.55626,0.0199308
8.55776,0.0199259
8.55926,0.019921
8.56076,0.0199161
8.56226,0.0199112
8.56376,0.0199063
8.56526,0.0199014
8.56676,0.0198965
8.56826,0.0198916
8.56976,0.0198867
8.57126,0.0198818
8.57276,0.0198769
8.57426,0.019872
8.57576,0.0198671
8.57726,0.0198623
8.57876,0.0198574
8.58026,0.0198525
8.58176,0.0198476
8.58326,0.0198427
8.58476,0.0198379
8.58626,0.019833
8.58776,0.0198281
8.58926,0.0198232
8.59076,0.0198184
8.59226,0.0198135
8.59376,0.0198086
8.59526,0.0198038
8.59676,0.0197989
8.59826,0.019794
8.59976,0.0197892
8.60126,0.0197843
8.60277,0.0197795
8.60427,0.0197746
8.60577,0.0197697
8.60727,0.0197649
8.60877,0.01976
8.61027,0.0197552
8.61177,0.0197503
8.61327,0.0197455
8.61477,0.0197406
8.61627,0.0197358
8.61777,0.0197309
8.61927,0.0197261
8.62077,0.0197212
8.62227,0.0197164
8.62377,0.0197115
8.62527,0.0197067
8.62677,0.0197018
8.62827,0.019697
8.62977,0.0196921
8.63127,0.0196873
8.63277,0.0196825
8.63427,0.0196776
8.63577,0.0196728
8.63727,0.0196679
8.63877,0.0196631
8.64027,0.0196583
8.64177,0.0196534
8.64327,0.0196486
8.64477,0.0196438
8.64627,0.0196389
8.64777,0.0196341
8.64927,0.0196293
8.65077,0.0196245
8.65227,0.0196196
8.65377,0.0196148
8.65527,0.01961
8.65677,0.0196051
8.65827,0.0196003
8.65977,0.0195955
8.66127,0.0195907
8.66277,0.0195858
8.66427,0.019581
8.66577,0.0195762
8.66727,0.0195714
8.66877,0.0195666
8.67027,0.0195617
8.67177,0.0195569
8.67327,0.0195521
8.67477,0.0195473
8.67627,0.0195425
8.67777,0.0195376
8.67927,0.0195328
8.68077,0.019528
8.68227,0.0195232
8.68377,0.0195184
8.68527,0.0195136
8.68677,0.0195088
8.68827,0.019504
8.68977,0.0194991
8.69127,0.0194943
8.69277,0.0194895
8.69427,0.0194847
8.69577,0.0194799
8.69727,0.0194751
8.69877,0.0194703
8.70027,0.0194655
8.70177,0.0194607
8.70327,0.0194559
8.70477,0.0194511
8.70627,0.0194463
8.70777,0.0194415
8.70927,0.0194367
8.71077,0.0194319
8.71227,0.0194271
8.71377,0.0194223
8.71527,0.0194175
8.71677,0.0194127
8.71828,0.0194079
8.71978,0.0194031
8.72128,0.0193983
8.72278,0.0193935
8.72428,0.0193887
8.72578,0.0193839
8.72728,0.0193791
8.72878,0.0193743
8.73028,0.0193695
8.73178,0.0193647
8.73328,0.0193599
8.73478,0.0193551
8.73628,0.0193503
8.73778,0.0193455
8.73928,0.0193407
8.74078,0.0193359
8.74228,0.0193311
8.74378,0.0193264
8.74528,0.0193216
8.74678,0.0193168
8.74828,0.019312
8.74978,0.0193072
8.75128,0.0193024
8.75278,0.0192976
8.75428,0.0192928
8.75578,0.0192881
8.75728,0.0192833
8.75878,0.0192785
8.76028,0.0192737
8.76178,0.0192689
8.76328,0.0192641
8.76478,0.0192594
8.76628,0.0192546
8.76778,0.0192498
8.76928,0.019245
8.77078,0.0192402
8.77228,0.0192354
8.77378,0.0192307
8.77528,0.0192259
8.77678,0.0192211
8.77828,0.0192163
8.77978,0.0192115
8.78128,0.0192068
8.78278,0.019202
8.78428,0.0191972
8.78578,0.0191924
8.78728,0.0191877
8.78878,0.0191829
8.79028,0.0191781
8.79178,0.0191733
8.79328,0.0191686
8.79478,0.0191638
8.79628,0.019159
8.79778,0.0191542
8.79928,0.0191495
8.80078,0.0191447
8.80228,0.0191399
8.80378,0.0191352
8.80528,0.0191304
8.80678,0.0191256
8.80828,0.0191208
8.80978,0.0191161
8.81128,0.0191113
8.81278,0.0191065
8.81428,0.0191018
8.81578,0.019097
8.81728,0.0190922
8.81878,0.0190875
8.82028,0.0190827
8.82178,0.0190779
8.82328,0.0190732
8.82478,0.0190684
8.82628,0.0190636
8.82778,0.0190589
8.82928,0.0190541
8.83078,0.0190493
8.83228,0.0190446
8.83379,0.0190398
8.83529,0.0190351
8.83679,0.0190303
8.83829,0.0190255
8.83979,0.0190208
8.84129,0.019016
8.84279,0.0190113
8.84429,0.0190065
8.84579,0.0190017
8.84729,0.018997
8.84879,0.0189922
8.85029,0.0189875
8.85179,0.0189827
8.85329,0.0189779
8.85479,0.0189732
8.85629,0.0189684
8.85779,0.0189637
8.85929,0.0189589
8.86079,0.0189542
8.86229,0.0189494
8.86379,0.0189447
8.86529,0.0189399
8.86679,0.0189351
8.86829,0.0189304
8.86979,0.0189256
8.87129,0.0189209
8.87279,0.0189161
8.87429,0.0189114
8.87579,0.0189066
8.87729,0.0189019
8.87879,0.0188971
8.88029,0.0188924
8.88179,0.0188876
8.88329,0.0188829
8.88479,0.0188781
8.88629,0.0188734
8.88779,0.0188686
8.88929,0.0188639
8.89079,0.0188591
8.89229,0.0188544
8.89379,0.0188496
8.89529,0.0188449
8.89679,0.0188402
8.89829,0.0188354
8.89979,0.0188307
8.90129,0.0188259
8.90279,0.0188212
8.90429,0.0188164
8.90579,0.0188117
8.90729,0.0188069
8.90879,0.0188022
8.91029,0.0187975
8.91179,0.0187927
8.91329,0.018788
8.91479,0.0187832
8.91629,0.0187785
8.91779,0.0187738
8.91929,0.018769
8.92079,0.0187643
8.92229,0.0187595
8.92379,0.0187548
8.92529,0.0187501
8.92679,0.0187453
8.92829,0.0187406
8.92979,0.0187358
8.93129,0.0187311
8.93279,0.0187264
8.93429,0.0187216
8.93579,0.0187169
8.93729,0.0187122
8.93879,0.0187074
8.94029,0.0187027
8.94179,0.018698
8.94329,0.0186932
8.94479,0.0186885
8.94629,0.0186838
8.94779,0.018679
8.9493,0.0186743
8.9508,0.0186696
8.9523,0.0186648
8.9538,0.0186601
8.9553,0.0186554
8.9568,0.0186506
8.9583,0.0186459
8.9598,0.0186412
8.9613,0.0186364
8.9628,0.0186317
8.9643,0.018627
8.9658,0.0186223
8.9673,0.0186175
8.9688,0.0186128
8.9703,0.0186081
8.9718,0.0186034
8.9733,0.0185986
8.9748,0.0185939
8.9763,0.0185892
8.9778,0.0185845
8.9793,0.0185797
8.9808,0.018575
8.9823,0.0185703
8.9838,0.0185656
8.9853,0.0185608
8.9868,0.0185561
8.9883,0.0185514
8.9898,0.0185467
8.9913,0.0185419
8.9928,0.0185372
8.9943,0.0185325
8.9958,0.0185278
8.9973,0.0185231
8.9988,0.0185183
9.0003,0.0185136
9.0018,0.0185089
9.0033,0.0185042
9.0048,0.0184995
9.0063,0.0184947
9.0078,0.01849
9.0093,0.0184853
9.0108,0.0184806
9.0123,0.0184759
9.0138,0.0184712
9.0153,0.0184664
9.0168,0.0184617
9.0183,0.018457
9.0198,0.0184523
9.0213,0.0184476
9.0228,0.0184429
9.0243,0.0184382
9.0258,0.0184334
9.0273,0.0184287
9.0288,0.018424
9.0303,0.0184193
9.0318,0.0184146
9.0333,0.0184099
9.0348,0.0184052
9.0363,0.0184005
9.0378,0.0183958
9.0393,0.0183911
9.0408,0.0183863
9.0423,0.0183816
9.0438,0.0183769
9.0453,0.0183722
9.0468,0.0183675
9.0483,0.0183628
9.0498,0.0183581
9.0513,0.0183534
9.0528,0.0183487
9.0543,0.018344
9.0558,0.0183393
9.0573,0.0183346
9.0588,0.0183299
9.0603,0.0183252
9.0618,0.0183205
9.0633,0.0183158
9.06481,0.0183111
9.06631,0.0183064
9.06781,0.0183017
9.06931,0.0182969
9.07081,0.0182922
9.07231,0.0182875
9.07381,0.0182828
9.07531,0.0182781
9.07681,0.0182734
9.07831,0.0182687
9.07981,0.018264
9.08131,0.0182593
9.08281,0.0182546
9.08431,0.01825
9.08581,0.0182453
9.08731,0.0182406
9.08881,0.0182359
9.09031,0.0182312
9.09181,0.0182265
9.09331,0.0182218
9.09481,0.0182171
9.09631,0.0182124
9.09781,0.0182077
9.09931,0.018203
9.10081,0.0181983
9.10231,0.0181936
9.10381,0.0181889
9.10531,0.0181842
9.10681,0.0181795
9.10831,0.0181748
9.10981,0.0181701
9.11131,0.0181655
9.11281,0.0181608
9.11431,0.0181561
9.11581,0.0181514
9.11731,0.0181467
9.11881,0.018142
9.12031,0.0181373
9.12181,0.0181326
9.12331,0.0181279
9.12481,0.0181233
9.12631,0.0181186
9.12781,0.0181139
9.12931,0.0181092
9.13081,0.0181045
9.13231,0.0180998
9.13381,0.0180951
9.13531,0.0180905
9.13681,0.0180858
9.13831,0.0180811
9.13981,0.0180764
9.14131,0.0180717
9.14281,0.018067
9.14431,0.0180624
9.14581,0.0180577
9.14731,0.018053
9.14881,0.0180483
9.15031,0.0180436
9.15181,0.0180389
9.15331,0.0180343
9.15481,0.0180296
9.15631,0.0180249
9.15781,0.0180202
9.15931,0.0180156
9.16081,0.0180109
9.16231,0.0180062
9.16381,0.0180015
9.16531,0.0179968
9.16681,0.0179922
9.16831,0.0179875
9.16981,0.0179828
9.17131,0.0179781
9.17281,0.0179735
9.17431,0.0179688
9.17581,0.0179641
9.17731,0.0179594
9.17881,0.0179548
9.18032,0.0179501
9.18182,0.0179454
9.18332,0.0179408
9.18482,0.0179361
9.18632,0.0179314
9.18782,0.0179267
9.18932,0.0179221
9.19082,0.0179174
9.19232,0.0179127
9.19382,0.0179081
9.19532,0.0179034
9.19682,0.0178987
9.19832,0.0178941
9.19982,0.0178894
9.20132,0.0178847
9.20282,0.0178801
9.20432,0.0178754
9.20582,0.0178707
9.20732,0.0178661
9.20882,0.0178614
9.21032,0.0178567
9.21182,0.0178521
9.21332,0.0178474
9.21482,0.0178427
9.21632,0.0178381
9.21782,0.0178334
9.21932,0.0178287
9.22082,0.0178241
9.22232,0.0178194
9.22382,0.0178148
9.22532,0.0178101
9.22682,0.0178054
9.22832,0.0178008
9.22982,0.0177961
9.23132,0.0177915
9.23282,0.0177868
9.23432,0.0177821
9.23582,0.0177775
9.23732,0.0177728
9.23882,0.0177682
9.24032,0.0177635
9.24182,0.0177589
9.24332,0.0177542
9.24482,0.0177496
9.24632,0.0177449
9.24782,0.0177402
9.24932,0.0177356
9.25082,0.0177309
9.25232,0.0177263
9.25382,0.0177216
9.25532,0.017717
9.25682,0.0177123
9.25832,0.0177077
9.25982,0.017703
9.26132,0.0176984
9.26282,0.0176937
9.26432,0.0176891
9.26582,0.0176844
9.26732,0.0176798
9.26882,0.0176751
9.27032,0.0176705
9.27182,0.0176658
9.27332,0.0176612
9.27482,0.0176565
9.27632,0.0176519
9.27782,0.0176472
9.27932,0.0176426
9.28082,0.017638
9.28232,0.0176333
9.28382,0.0176287
9.28532,0.017624
9.28682,0.0176194
9.28832,0.0176147
9.28982,0.0176101
9.29132,0.0176055
9.29282,0.0176008
9.29432,0.0175962
9.29583,0.0175915
9.29733,0.0175869
9.29883,0.0175822
9.30033,0.0175776
9.30183,0.017573
9.30333,0.0175683
9.30483,0.0175637
9.30633,0.0175591
9.30783,0.0175544
9.30933,0.0175498
9.31083,0.0175451
9.31233,0.0175405
9.31383,0.0175359
9.31533,0.0175312
9.31683,0.0175266
9.31833,0.017522
9.31983,0.0175173
9.32133,0.0175127
9.32283,0.0175081
9.32433,0.0175034
9.32583,0.0174988
9.32733,0.0174942
9.32883,0.0174895
9.33033,0.0174849
9.33183,0.0174803
9.33333,0.0174757
9.33483,0.017471
9.33633,0.0174664
9.33783,0.0174618
9.33933,0.0174571
9.34083,0.0174525
9.34233,0.0174479
9.34383,0.0174433
9.34533,0.0174386
9.34683,0.017434
9.34833,0.0174294
9.34983,0.0174248
9.35133,0.0174201
9.35283,0.0174155
9.35433,0.0174109
9.35583,0.0174063
9.35733,0.0174016
9.35883,0.017397
9.36033,0.0173924
9.36183,0.0173878
9.36333,0.0173832
9.36483,0.0173785
9.36633,0.0173739
9.36783,0.0173693
9.36933,0.0173647
9.37083,0.0173601
9.37233,0.0173554
9.37383,0.0173508
9.37533,0.0173462
9.37683,0.0173416
9.37833,0.017337
9.37983,0.0173324
9.38133,0.0173277
9.38283,0.0173231
9.38433,0.0173185
9.38583,0.0173139
9.38733,0.0173093
9.38883,0.0173047
9.39033,0.0173001
9.39183,0.0172955
9.39333,0.0172908
9.39483,0.0172862
9.39633,0.0172816
9.39783,0.017277
9.39933,0.0172724
9.40083,0.0172678
9.40233,0.0172632
9.40383,0.0172586
9.40533,0.017254
9.40683,0.0172494
9.40833,0.0172447
9.40983,0.0172401
9.41133,0.0172355
9.41284,0.0172309
9.41434,0.0172263
9.41584,0.0172217
9.41734,0.0172171
9.41884,0.0172125
9.42034,0.0172079
9.42184,0.0172033
9.42334,0.0171987
9.42484,0.0171941
9.42634,0.0171895
9.42784,0.0171849
9.42934,0.0171803
9.43084,0.0171757
9.43234,0.0171711
9.43384,0.0171665
9.43534,0.0171619
9.43684,0.0171573
9.43834,0.0171527
9.43984,0.0171481
9.44134,0.0171435
9.44284,0.0171389
9.44434,0.0171343
9.44584,0.0171297
9.44734,0.0171251
9.44884,0.0171205
9.45034,0.0171159
9.45184,0.0171113
9.45334,0.0171067
9.45484,0.0171021
9.45634,0.0170976
9.45784,0.017093
9.45934,0.0170884
9.46084,0.0170838
9.46234,0.0170792
9.46384,0.0170746
9.46534,0.01707
9.46684,0.0170654
9.46834,0.0170608
9.46984,0.0170562
9.47134,0.0170516
9.47284,0.0170471
9.47434,0.0170425
9.47584,0.0170379
9.47734,0.0170333
9.47884,0.0170287
9.48034,0.0170241
9.48184,0.0170195
9.48334,0.017015
9.48484,0.0170104
9.48634,0.0170058
9.48784,0.0170012
9.48934,0.0169966
9.49084,0.016992
9.49234,0.0169875
9.49384,0.0169829
9.49534,0.0169783
9.49684,0.0169737
9.49834,0.0169691
9.49984,0.0169646
9.50134,0.01696
9.50284,0.0169554
9.50434,0.0169508
9.50584,0.0169462
9.50734,0.0169417
9.50884,0.0169371
9.51034,0.0169325
9.51184,0.0169279
9.51334,0.0169234
9.51484,0.0169188
9.51634,0.0169142
9.51784,0.0169096
9.51934,0.0169051
9.52084,0.0169005
9.52234,0.0168959
9.52384,0.0168913
9.52534,0.0168868
9.52684,0.0168822
9.52835,0.0168776
9.52985,0.0168731
9.53135,0.0168685
9.53285,0.0168639
9.53435,0.0168594
9.53585,0.0168548
9.53735,0.0168502
9.53885,0.0168457
9.54035,0.0168411
9.54185,0.0168365
9.54335,0.016832
9.54485,0.0168274
9.54635,0.0168228
9.54785,0.0168183
9.54935,0.0168137
9.55085,0.0168091
9.55235,0.0168046
9.55385,0.0168
9.55535,0.0167954
9.55685,0.0167909
9.55835,0.0167863
9.55985,0.0167818
9.56135,0.0167772
9.56285,0.0167726
9.56435,0.0167681
9.56585,0.0167635
9.56735,0.016759
9.56885,0.0167544
9.57035,0.0167499
9.57185,0.0167453
9.57335,0.0167407
9.57485,0.0167362
9.57635,0.0167316
9.57785,0.0167271
9.57935,0.0167225
9.58085,0.016718
9.58235,0.0167134
9.58385,0.0167089
9.58535,0.0167043
9.58685,0.0166998
9.58835,0.0166952
9.58985,0.0166907
9.59135,0.0166861
9.59285,0.0166816
9.59435,0.016677
9.59585,0.0166725
9.59735,0.0166679
9.59885,0.0166634
9.60035,0.0166588
9.60185,0.0166543
9.60335,0.0166497
9.60485,0.0166452
9.60635,0.0166407
9.60785,0.0166361
9.60935,0.0166316
9.61085,0.016627
9.61235,0.0166225
9.61385,0.0166179
9.61535,0.0166134
9.61685,0.0166089
9.61835,0.0166043
9.61985,0.0165998
9.62135,0.0165952
9.62285,0.0165907
9.62435,0.0165862
9.62585,0.0165816
9.62735,0.0165771
9.62885,0.0165725
9.63035,0.016568
9.63185,0.0165635
9.63335,0.0165589
9.63485,0.0165544
9.63635,0.0165499
9.63785,0.0165453
9.63935,0.0165408
9.64085,0.0165363
9.64235,0.0165317
9.64386,0.0165272
9.64536,0.0165227
9.64686,0.0165181
9.64836,0.0165136
9.64986,0.0165091
9.65136,0.0165046
9.65286,0.0165
9.65436,0.0164955
9.65586,0.016491
9.65736,0.0164864
9.65886,0.0164819
9.66036,0.0164774
9.66186,0.0164729
9.66336,0.0164683
9.66486,0.0164638
9.66636,0.0164593
9.66786,0.0164548
9.66936,0.0164502
9.67086,0.0164457
9.67236,0.0164412
9.67386,0.0164367
9.67536,0.0164322
9.67686,0.0164276
9.67836,0.0164231
9.67986,0.0164186
9.68136,0.0164141
9.68286,0.0164096
9.68436,0.016405
9.68586,0.0164005
9.68736,0.016396
9.68886,0.0163915
9.69036,0.016387
9.69186,0.0163825
9.69336,0.016378
9.69486,0.0163734
9.69636,0.0163689
9.69786,0.0163644
9.69936,0.0163599
9.70086,0.0163554
9.70236,0.0163509
9.70386,0.0163464
9.70536,0.0163419
9.70686,0.0163374
9.70836,0.0163328
9.70986,0.0163283
9.71136,0.0163238
9.71286,0.0163193
9.71436,0.0163148
9.71586,0.0163103
9.71736,0.0163058
9.71886,0.0163013
9.72036,0.0162968
9.72186,0.0162923
9.72336,0.0162878
9.72486,0.0162833
9.72636,0.0162788
9.72786,0.0162743
9.72936,0.0162698
9.73086,0.0162653
9.73236,0.0162608
9.73386,0.0162563
9.73536,0.0162518
9.73686,0.0162473
9.73836,0.0162428
9.73986,0.0162383
9.74136,0.0162338
9.74286,0.0162293
9.74436,0.0162248
9.74586,0.0162203
9.74736,0.0162158
9.74886,0.0162113
9.75036,0.0162068
9.75186,0.0162023
9.75336,0.0161978
9.75486,0.0161933
9.75636,0.0161888
9.75786,0.0161844
9.75937,0.0161799
9.76087,0.0161754
9.76237,0.0161709
9.76387,0.0161664
9.76537,0.0161619
9.76687,0.0161574
9.76837,0.0161529
9.76987,0.0161484
9.77137,0.016144
9.77287,0.0161395
9.77437,0.016135
9.77587,0.0161305
9.77737,0.016126
9.77887,0.0161215
9.78037,0.0161171
9.78187,0.0161126
9.78337,0.0161081
9.78487,0.0161036
9.78637,0.0160991
9.78787,0.0160947
9.78937,0.0160902
9.79087,0.0160857
9.79237,0.0160812
9.79387,0.0160767
9.79537,0.0160723
9.79687,0.0160678
9.79837,0.0160633
9.79987,0.0160588
9.80137,0.0160544
9.80287,0.0160499
9.80437,0.0160454
9.80587,0.0160409
9.80737,0.0160365
9.80887,0.016032
9.81037,0.0160275
9.81187,0.0160231
9.81337,0.0160186
9.81487,0.0160141
9.81637,0.0160096
9.81787,0.0160052
9.81937,0.0160007
9.82087,0.0159962
9.82237,0.0159918
9.82387,0.0159873
9.82537,0.0159828
9.82687,0.0159784
9.82837,0.0159739
9.82987,0.0159695
9.83137,0.015965
9.83287,0.0159605
9.83437,0.0159561
9.83587,0.0159516
9.83737,0.0159471
9.83887,0.0159427
9.84037,0.0159382
9.84187,0.0159338
9.84337,0.0159293
9.84487,0.0159248
9.84637,0.0159204
9.84787,0.0159159
9.84937,0.0159115
9.85087,0.015907
9.85237,0.0159026
9.85387,0.0158981
9.85537,0.0158937
9.85687,0.0158892
9.85837,0.0158848
9.85987,0.0158803
9.86137,0.0158759
9.86287,0.0158714
9.86437,0.015867
9.86587,0.0158625
9.86737,0.0158581
9.86887,0.0158536
9.87037,0.0158492
9.87187,0.0158447
9.87337,0.0158403
9.87488,0.0158358
9.87638,0.0158314
9.87788,0.0158269
9.87938,0.0158225
9.88088,0.015818
9.88238,0.0158136
9.88388,0.0158092
9.88538,0.0158047
9.88688,0.0158003
9.88838,0.0157958
9.88988,0.0157914
9.89138,0.0157869
9.89288,0.0157825
9.89438,0.0157781
9.89588,0.0157736
9.89738,0.0157692
9.89888,0.0157647
9.90038,0.0157603
9.90188,0.0157559
9.90338,0.0157514
9.90488,0.015747
9.90638,0.0157426
9.90788,0.0157381
9.90938,0.0157337
9.91088,0.0157293
9.91238,0.0157248
9.91388,0.0157204
9.91538,0.015716
9.91688,0.0157115
9.91838,0.0157071
9.91988,0.0157027
9.92138,0.0156983
9.92288,0.0156938
9.92438,0.0156894
9.92588,0.015685
9.92738,0.0156805
9.92888,0.0156761
9.93038,0.0156717
9.93188,0.0156673
9.93338,0.0156629
9.93488,0.0156584
9.93638,0.015654
9.93788,0.0156496
9.93938,0.0156452
9.94088,0.0156407
9.94238,0.0156363
9.94388,0.0156319
9.94538,0.0156275
9.94688,0.0156231
9.94838,0.0156187
9.94988,0.0156142
9.95138,0.0156098
9.95288,0.0156054
9.95438,0.015601
9.95588,0.0155966
9.95738,0.0155922
9.95888,0.0155877
9.96038,0.0155833
9.96188,0.0155789
9.96338,0.0155745
9.96488,0.0155701
9.96638,0.0155657
9.96788,0.0155613
9.96938,0.0155569
9.97088,0.0155525
9.97238,0.0155481
9.97388,0.0155436
9.97538,0.0155392
9.97688,0.0155348
9.97838,0.0155304
9.97988,0.015526
9.98138,0.0155216
9.98288,0.0155172
9.98438,0.0155128
9.98588,0.0155084
9.98738,0.015504
9.98888,0.0154996
9.99039,0.0154952
9.99189,0.0154908
9.99339,0.0154864
9.99489,0.015482
9.99639,0.0154776
9.99789,0.0154732
9.99939,0.0154688
10.0009,0.0154644
10.0024,0.01546
10.0039,0.0154556
10.0054,0.0154512
10.0069,0.0154469
10.0084,0.0154425
10.0099,0.0154381
10.0114,0.0154337
10.0129,0.0154293
10.0144,0.0154249
10.0159,0.0154205
10.0174,0.0154161
10.0189,0.0154117
10.0204,0.0154073
10.0219,0.015403
10.0234,0.0153986
10.0249,0.0153942
10.0264,0.0153898
10.0279,0.0153854
10.0294,0.015381
10.0309,0.0153766
10.0324,0.0153723
10.0339,0.0153679
10.0354,0.0153635
10.0369,0.0153591
10.0384,0.0153547
10.0399,0.0153504
10.0414,0.015346
10.0429,0.0153416
10.0444,0.0153372
10.0459,0.0153329
10.0474,0.0153285
10.0489,0.0153241
10.0504,0.0153197
10.0519,0.0153154
10.0534,0.015311
10.0549,0.0153066
10.0564,0.0153022
10.0579,0.0152979
10.0594,0.0152935
10.0609,0.0152891
10.0624,0.0152848
10.0639,0.0152804
10.0654,0.015276
10.0669,0.0152717
10.0684,0.0152673
10.0699,0.0152629
10.0714,0.0152586
10.0729,0.0152542
10.0744,0.0152498
10.0759,0.0152455
10.0774,0.0152411
10.0789,0.0152367
10.0804,0.0152324
10.0819,0.015228
10.0834,0.0152237
10.0849,0.0152193
10.0864,0.0152149
10.0879,0.0152106
10.0894,0.0152062
10.0909,0.0152019
10.0924,0.0151975
10.0939,0.0151932
10.0954,0.0151888
10.0969,0.0151845
10.0984,0.0151801
10.0999,0.0151757
10.1014,0.0151714
10.1029,0.015167
10.1044,0.0151627
10.1059,0.0151583
10.1074,0.015154
10.1089,0.0151496
10.1104,0.0151453
10.1119,0.0151409
10.1134,0.0151366
10.1149,0.0151323
10.1164,0.0151279
10.1179,0.0151236
10.1194,0.0151192
10.1209,0.0151149
10.1224,0.0151105
10.1239,0.0151062
10.1254,0.0151019
10.1269,0.0150975
10.1284,0.0150932
10.1299,0.0150888
10.1314,0.0150845
10.1329,0.0150802
10.1344,0.0150758
10.1359,0.0150715
10.1374,0.0150672
10.1389,0.0150628
10.1404,0.0150585
10.1419,0.0150542
10.1434,0.0150498
10.1449,0.0150455
10.1464,0.0150412
10.1479,0.0150368
10.1494,0.0150325
10.1509,0.0150282
10.1524,0.0150238
10.1539,0.0150195
10.1554,0.0150152
10.1569,0.0150109
10.1584,0.0150065
10.1599,0.0150022
10.1614,0.0149979
10.1629,0.0149936
10.1644,0.0149892
10.1659,0.0149849
10.1674,0.0149806
10.1689,0.0149763
10.1704,0.0149719
10.1719,0.0149676
10.1734,0.0149633
10.1749,0.014959
10.1764,0.0149547
10.1779,0.0149504
10.1794,0.014946
10.1809,0.0149417
10.1824,0.0149374
10.1839,0.0149331
10.1854,0.0149288
10.1869,0.0149245
10.1884,0.0149202
10.1899,0.0149159
10.1914,0.0149115
10.1929,0.0149072
10.1944,0.0149029
10.1959,0.0148986
10.1974,0.0148943
10.1989,0.01489
10.2004,0.0148857
10.2019,0.0148814
10.2034,0.0148771
10.2049,0.0148728
10.2064,0.0148685
10.2079,0.0148672
10.2094,0.0148791
10.2109,0.0148904
10.2124,0.0149014
10.2139,0.0149118
10.2154,0.0149219
10.2169,0.0149316
10.2184,0.0149409
10.2199,0.0149499
10.2214,0.0149586
10.2229,0.014967
10.2244,0.0149751
10.2259,0.0149829
10.2274,0.0149905
10.2289,0.0149979
10.2304,0.0150051
10.2319,0.0150121
10.2334,0.0150189
10.2349,0.0150256
10.2364,0.0150321
10.2379,0.0150385
10.2394,0.0150448
10.2409,0.0150509
10.2424,0.015057
10.2439,0.015063
10.2454,0.0150689
10.2469,0.0150747
10.2484,0.0150805
10.2499,0.0150862
10.2514,0.0150919
10.2529,0.0150975
10.2544,0.015103
10.2559,0.0151085
10.2574,0.0151139
10.2589,0.0151193
10.2604,0.0151246
10.2619,0.0151299
10.2634,0.0151351
10.2649,0.0151402
10.2664,0.0151453
10.2679,0.0151503
10.2694,0.0151552
10.2709,0.0151601
10.2724,0.0151648
10.2739,0.0151695
10.2754,0.0151741
10.2769,0.0151786
10.2784,0.015183
10.2799,0.0151873
10.2814,0.0151914
10.2829,0.0151954
10.2844,0.0151993
10.2859,0.0152031
10.2874,0.0152067
10.2889,0.0152102
10.2904,0.0152134
10.2919,0.0152166
10.2934,0.0152195
10.2949,0.0152223
10.2964,0.0152249
10.2979,0.0152272
10.2994,0.0152294
10.3009,0.0152314
10.3024,0.0152331
10.3039,0.0152346
10.3054,0.0152359
10.3069,0.015237
10.3084,0.0152378
10.3099,0.0152384
10.3114,0.0152387
10.3129,0.0152388
10.3144,0.0152385
10.3159,0.015238
10.3174,0.0152372
10.3189,0.0152361
10.3204,0.0152346
10.3219,0.0152329
10.3234,0.0152308
10.3249,0.0152284
10.3264,0.0152256
10.3279,0.0152224
10.3294,0.0152188
10.3309,0.0152149
10.3324,0.0152105
10.3339,0.0152058
10.3354,0.0152006
10.3369,0.015195
10.3384,0.0151893
10.3399,0.0151834
10.3414,0.0151774
10.3429,0.0151712
10.3444,0.0151647
10.3459,0.0151581
10.3474,0.0151512
10.3489,0.0151441
10.3504,0.0151367
10.3519,0.0151291
10.3534,0.0151213
10.3549,0.0151131
10.3564,0.0151048
10.3579,0.0150961
10.3594,0.0150872
10.3609,0.0150781
10.3624,0.0150686
10.3639,0.0150589
10.3654,0.0150489
10.3669,0.0150382
10.3684,0.0150269
10.3699,0.0150172
10.3714,0.0150275
10.3729,0.0150371
10.3744,0.0150461
10.3759,0.0150545
10.3774,0.0150623
10.3789,0.0150694
10.3804,0.0150759
10.3819,0.0150817
10.3834,0.0150869
10.3849,0.0150916
10.3864,0.0150956
10.3879,0.015099
10.3894,0.0151018
10.3909,0.0151041
10.3924,0.0151058
10.3939,0.0151069
10.3954,0.0151074
10.3969,0.0151075
10.3984,0.015107
10.3999,0.015106
10.4014,0.0151045
10.4029,0.0151025
10.4044,0.0151001
10.4059,0.0150972
10.4074,0.0150939
10.4089,0.0150901
10.4104,0.0150858
10.4119,0.0150811
10.4134,0.0150758
10.4149,0.0150701
10.4164,0.0150636
10.4179,0.0150564
10.4194,0.0150485
10.4209,0.01504
10.4224,0.015031
10.4239,0.0150215
10.4254,0.0150117
10.4269,0.0150015
10.4284,0.0149909
10.4299,0.01498
10.4314,0.0149687
10.4329,0.014957
10.4344,0.0149449
10.4359,0.0149325
10.4374,0.0149197
10.4389,0.0149066
10.4404,0.0148931
10.4419,0.0148792
10.4434,0.014865
10.4449,0.0148505
10.4464,0.0148356
10.4479,0.0148204
10.4494,0.0148049
10.4509,0.014789
10.4524,0.0147728
10.4539,0.0147563
10.4554,0.0147395
10.4569,0.0147224
10.4584,0.014705
10.4599,0.0146874
10.4614,0.0146695
10.4629,0.0146513
10.4644,0.0146329
10.4659,0.0146142
10.4674,0.0145953
10.4689,0.0145761
10.4704,0.0145568
10.4719,0.0145372
10.4734,0.0145174
10.4749,0.0144974
10.4764,0.0144772
10.4779,0.014457
10.4794,0.0144369
10.4809,0.0144168
10.4824,0.0143968
10.4839,0.0143768
10.4854,0.0143784
10.4869,0.0143823
10.4884,0.0143863
10.4899,0.0143902
10.4914,0.0143941
10.4929,0.014398
10.4944,0.0144018
10.4959,0.0144057
10.4974,0.0144094
10.4989,0.0144131
10.5004,0.0144167
10.5019,0.0144203
10.5034,0.0144238
10.5049,0.0144272
10.5064,0.0144305
10.5079,0.0144338
10.5094,0.014437
10.5109,0.0144402
10.5124,0.0144433
10.5139,0.0144463
10.5154,0.0144493
10.5169,0.0144522
10.5184,0.0144551
10.5199,0.0144579
10.5214,0.0144607
10.5229,0.0144634
10.5244,0.014466
10.5259,0.0144686
10.5274,0.0144712
10.5289,0.0144737
10.5304,0.0144762
10.5319,0.0144787
10.5334,0.0144811
10.5349,0.0144835
10.5364,0.0144858
10.5379,0.0144882
10.5394,0.0144905
10.5409,0.0144928
10.5424,0.014495
10.5439,0.0144973
10.5454,0.0144995
10.5469,0.0145018
10.5484,0.014504
10.5499,0.0145062
10.5514,0.0145085
10.5529,0.0145107
10.5544,0.014513
10.5559,0.0145152
10.5574,0.0145175
10.5589,0.0145198
10.5604,0.0145222
10.5619,0.0145245
10.5634,0.0145269
10.5649,0.0145293
10.5664,0.0145317
10.5679,0.0145342
10.5694,0.0145367
10.5709,0.0145393
10.5724,0.0145418
10.5739,0.0145445
10.5754,0.0145471
10.5769,0.0145499
10.5784,0.0145526
10.5799,0.0145554
10.5814,0.0145583
10.5829,0.0145612
10.5844,0.0145641
10.5859,0.014567
10.5874,0.01457
10.5889,0.0145729
10.5904,0.0145759
10.5919,0.0145788
10.5934,0.0145818
10.5949,0.0145847
10.5964,0.0145876
10.5979,0.0145905
10.5994,0.0145934
10.6009,0.0145963
10.6024,0.0145991
10.6039,0.0146019
10.6054,0.0146047
10.6069,0.0146074
10.6084,0.01461
10.6099,0.0146126
10.6114,0.0146152
10.6129,0.0146177
10.6144,0.0146201
10.6159,0.0146224
10.6174,0.0146247
10.6189,0.0146269
10.6204,0.0146291
10.6219,0.0146311
10.6234,0.0146331
10.6249,0.014635
10.6264,0.0146369
10.6279,0.0146386
10.6294,0.0146403
10.6309,0.0146419
10.6324,0.0146784
10.6339,0.0147179
10.6354,0.0147579
10.6369,0.0147983
10.6384,0.0148389
10.6399,0.0148799
10.6414,0.0149212
10.6429,0.0149627
10.6444,0.0150044
10.6459,0.0150462
10.6474,0.0150882
10.6489,0.0151302
10.6504,0.0151723
10.6519,0.0152143
10.6534,0.0152564
10.6549,0.0152984
10.6564,0.0153403
10.6579,0.015382
10.6594,0.0154234
10.6609,0.0154644
10.6624,0.0155051
10.6639,0.0155453
10.6654,0.0155849
10.6669,0.0156239
10.6684,0.0156622
10.6699,0.0156996
10.6714,0.0157362
10.6729,0.0157719
10.6744,0.0158065
10.6759,0.01584
10.6774,0.0158724
10.6789,0.0159035
10.6804,0.0159333
10.6819,0.0159617
10.6834,0.0159887
10.6849,0.0160143
10.6864,0.0160382
10.6879,0.0160605
10.6894,0.0160812
10.6909,0.0161001
10.6924,0.0161172
10.6939,0.0161324
10.6954,0.0161458
10.6969,0.0161572
10.6984,0.0161667
10.6999,0.0161741
10.7014,0.0161794
10.7029,0.0161825
10.7044,0.0161835
10.7059,0.0161823
10.7074,0.0161788
10.7089,0.0161731
10.7104,0.0161651
10.7119,0.0161548
10.7134,0.0161423
10.7149,0.0161274
10.7164,0.0161101
10.7179,0.0160906
10.7194,0.0160686
10.7209,0.0160442
10.7224,0.0160174
10.7239,0.0159881
10.7254,0.0159565
10.7269,0.0159224
10.7284,0.015886
10.7299,0.0158471
10.7314,0.0158059
10.7329,0.0157624
10.7344,0.0157165
10.7359,0.0156684
10.7374,0.0156181
10.7389,0.0155655
10.7404,0.0155108
10.742,0.015454
10.7435,0.0153951
10.745,0.0153342
10.7465,0.0152713
10.748,0.0152065
10.7495,0.0151399
10.751,0.0150715
10.7525,0.0150014
10.754,0.0149296
10.7555,0.0148563
10.757,0.0147814
10.7585,0.0147051
10.76,0.0147038
10.7615,0.0147222
10.763,0.014739
10.7645,0.0147542
10.766,0.0147679
10.7675,0.01478
10.769,0.0147904
10.7705,0.0147994
10.772,0.0148078
10.7735,0.0148155
10.775,0.0148225
10.7765,0.0148289
10.778,0.0148346
10.7795,0.0148396
10.781,0.014844
10.7825,0.0148478
10.784,0.0148509
10.7855,0.0148534
10.787,0.0148553
10.7885,0.0148566
10.79,0.0148573
10.7915,0.0148574
10.793,0.014857
10.7945,0.014856
10.796,0.0148545
10.7975,0.0148524
10.799,0.0148499
10.8005,0.0148468
10.802,0.0148433
10.8035,0.0148394
10.805,0.014835
10.8065,0.0148301
10.808,0.0148249
10.8095,0.0148193
10.811,0.0148133
10.8125,0.0148069
10.814,0.0148003
10.8155,0.0147933
10.817,0.014786
10.8185,0.0147785
10.82,0.0147707
10.8215,0.0147626
10.823,0.0147544
10.8245,0.0147459
10.826,0.0147373
10.8275,0.0147285
10.829,0.0147196
10.8305,0.0147106
10.832,0.0147015
10.8335,0.0146922
10.835,0.0146829
10.8365,0.0146736
10.838,0.0146642
10.8395,0.0146548
10.841,0.0146454
10.8425,0.014636
10.844,0.0146266
10.8455,0.0146172
10.847,0.0146079
10.8485,0.0145986
10.85,0.0145894
10.8515,0.0145802
10.853,0.0145712
10.8545,0.0145622
10.856,0.0145533
10.8575,0.0145443
10.859,0.0145349
10.8605,0.0145252
10.862,0.0145153
10.8635,0.0145053
10.865,0.0144954
10.8665,0.0144856
10.868,0.0144759
10.8695,0.0144663
10.871,0.0144567
10.8725,0.0144472
10.874,0.0144377
10.8755,0.0144284
10.877,0.014419
10.8785,0.0144095
10.88,0.0143995
10.8815,0.0143892
10.883,0.0143786
10.8845,0.0143676
10.886,0.0143562
10.8875,0.0143444
10.889,0.0143323
10.8905,0.0143198
10.892,0.014307
10.8935,0.0142938
10.895,0.0142808
10.8965,0.0142678
10.898,0.0142549
10.8995,0.0142421
10.901,0.0142294
10.9025,0.0142168
10.904,0.0142042
10.9055,0.0141917
10.907,0.0141793
10.9085,0.014167
10.91,0.0141669
10.9115,0.0141872
10.913,0.0142053
10.9145,0.0142213
10.916,0.0142351
10.9175,0.0142468
10.919,0.0142564
10.9205,0.0142638
10.922,0.0142691
10.9235,0.0142724
10.925,0.0142735
10.9265,0.0142724
10.928,0.0142692
10.9295,0.0142639
10.931,0.0142566
10.9325,0.0142473
10.934,0.0142361
10.9355,0.0142231
10.937,0.0142082
10.9385,0.0141917
10.94,0.0141735
10.9415,0.0141538
10.943,0.0141326
10.9445,0.0141102
10.946,0.0140868
10.9475,0.014063
10.949,0.014039
10.9505,0.0140151
10.952,0.0139912
10.9535,0.0139673
10.955,0.0139434
10.9565,0.0139196
10.958,0.013896
10.9595,0.0138724
10.961,0.0138489
10.9625,0.0138256
10.964,0.0138025
10.9655,0.013785
10.967,0.013774
10.9685,0.0137632
10.97,0.0137527
10.9715,0.0137448
10.973,0.0137371
10.9745,0.0137293
10.976,0.0137217
10.9775,0.0137141
10.979,0.0137065
10.9805,0.013699
10.982,0.0136915
10.9835,0.0136841
10.985,0.0136767
10.9865,0.0136694
10.988,0.013662
10.9895,0.0136547
10.991,0.013649
10.9925,0.0136496
10.994,0.0136502
10.9955,0.0136508
10.997,0.0136514
10.9985,0.013652
11,0.0136526
11.0015,0.0136531
11.003,0.0136537
11.0045,0.0136543
11.006,0.0136548
11.0075,0.0136554
11.009,0.0136559
11.0105,0.0136564
11.012,0.013657
11.0135,0.0136575
11.015,0.013658
11.0165,0.0136585
11.018,0.013659
11.0195,0.0136596
11.021,0.0136601
11.0225,0.0136606
11.024,0.0136611
11.0255,0.0136616
11.027,0.013662
11.0285,0.0136625
11.03,0.013663
11.0315,0.0136635
11.033,0.013664
11.0345,0.0136644
11.036,0.0136649
11.0375,0.0136654
11.039,0.0136658
11.0405,0.0136663
11.042,0.0136668
11.0435,0.0136672
11.045,0.0136677
11.0465,0.0136681
11.048,0.0136686
11.0495,0.013669
11.051,0.0136694
11.0525,0.0136699
11.054,0.0136703
11.0555,0.0136708
11.057,0.0136712
11.0585,0.0136716
11.06,0.0136721
11.0615,0.0136725
11.063,0.0136729
11.0645,0.0136734
11.066,0.0136738
11.0675,0.0136742
11.069,0.0136746
11.0705,0.013675
11.072,0.0136755
11.0735,0.0136759
11.075,0.0136763
11.0765,0.0136767
11.078,0.0136771
11.0795,0.0136775
11.081,0.0136779
11.0825,0.0136784
11.084,0.0136788
11.0855,0.0136792
11.087,0.0136796
11.0885,0.01368
11.09,0.0136804
11.0915,0.0136808
11.093,0.0136812
11.0945,0.0136816
11.096,0.013682
11.0975,0.0136824
11.099,0.0136828
11.1005,0.013704
11.102,0.0137386
11.1035,0.0137734
11.105,0.0138084
11.1065,0.0138434
11.108,0.0138784
11.1095,0.0139134
11.111,0.0139482
11.1125,0.0139829
11.114,0.0140173
11.1155,0.0140513
11.117,0.0140848
11.1185,0.0141179
11.12,0.0141505
11.1215,0.0141826
11.123,0.014214
11.1245,0.0142449
11.126,0.0142751
11.1275,0.0143046
11.129,0.0143334
11.1305,0.0143614
11.132,0.0143887
11.1335,0.0144151
11.135,0.0144408
11.1365,0.0144656
11.138,0.0144896
11.1395,0.0145128
11.141,0.014535
11.1425,0.0145564
11.144,0.0145769
11.1455,0.0145964
11.147,0.0146151
11.1485,0.0146328
11.15,0.0146496
11.1515,0.0146654
11.153,0.0146804
11.1545,0.0146943
11.156,0.0147074
11.1575,0.0147194
11.159,0.0147305
11.1605,0.0147405
11.162,0.0147495
11.1635,0.0147575
11.165,0.0147644
11.1665,0.0147703
11.168,0.0147752
11.1695,0.0147791
11.171,0.0147819
11.1725,0.0147839
11.174,0.0147848
11.1755,0.0147848
11.177,0.0147838
11.1785,0.0147819
11.18,0.014779
11.1815,0.0147752
11.183,0.0147706
11.1845,0.014765
11.186,0.0147586
11.1875,0.0147513
11.189,0.0147431
11.1905,0.0147341
11.192,0.0147243
11.1935,0.0147137
11.195,0.0147023
11.1965,0.0146902
11.198,0.0146775
11.1995,0.014664
11.201,0.0146499
11.2025,0.0146352
11.204,0.0146199
11.2055,0.014604
11.207,0.0145875
11.2085,0.0145707
11.21,0.014554
11.2115,0.0145371
11.213,0.0145203
11.2145,0.0145035
11.216,0.0144866
11.2175,0.0144697
11.219,0.0144528
11.2205,0.0144359
11.222,0.0144191
11.2235,0.0144022
11.225,0.0143854
11.2265,0.0143685
11.228,0.0143517
11.2295,0.014335
11.231,0.0143183
11.2325,0.0143016
11.234,0.014285
11.2355,0.0142685
11.237,0.014252
11.2385,0.0142355
11.24,0.0142192
11.2415,0.0142029
11.243,0.0141867
11.2445,0.0141707
11.246,0.0141547
11.2475,0.0141388
11.249,0.014123
11.2505,0.0141073
11.252,0.0140917
11.2535,0.0140762
11.255,0.0140609
11.2565,0.0140456
11.258,0.0140306
11.2595,0.0140156
11.261,0.0140008
11.2625,0.0139861
11.264,0.0139716
11.2655,0.0139572
11.267,0.0139429
11.2685,0.0139289
11.27,0.0139149
11.2715,0.0139011
11.273,0.0138875
11.2745,0.0138741
11.276,0.0138608
11.2775,0.0138476
11.279,0.0138347
11.2805,0.0138219
11.282,0.0138092
11.2835,0.0137968
11.285,0.0137845
11.2865,0.0137724
11.288,0.0137604
11.2895,0.0137487
11.291,0.0137371
11.2925,0.0137256
11.294,0.0137144
11.2955,0.013711
11.297,0.0137105
11.2985,0.01371
11.3,0.0137095
11.3015,0.013709
11.303,0.0137085
11.3045,0.0137079
11.306,0.0137074
11.3075,0.0137068
11.309,0.0137062
11.3105,0.0137056
11.312,0.013705
11.3135,0.0137043
11.315,0.0137037
11.3165,0.013703
11.318,0.0137023
11.3195,0.0137015
11.321,0.0137007
11.3225,0.0136998
11.324,0.0136988
11.3255,0.0136977
11.327,0.0136965
11.3285,0.0136953
11.33,0.013694
11.3315,0.0136926
11.333,0.0136912
11.3345,0.0136896
11.336,0.013688
11.3375,0.0136864
11.339,0.0136846
11.3405,0.0136828
11.342,0.0136809
11.3435,0.013679
11.345,0.013677
11.3465,0.0136749
11.348,0.0136727
11.3495,0.0136705
11.351,0.0136682
11.3525,0.0136658
11.354,0.0136634
11.3555,0.0136609
11.357,0.0136583
11.3585,0.0136557
11.36,0.013653
11.3615,0.0136503
11.363,0.0136475
11.3645,0.0136447
11.366,0.0136418
11.3675,0.0136388
11.369,0.0136358
11.3705,0.0136327
11.372,0.0136296
11.3735,0.0136264
11.375,0.0136232
11.3765,0.0136199
11.378,0.0136165
11.3795,0.0136132
11.381,0.0136097
11.3825,0.0136063
11.384,0.0136028
11.3855,0.0135992
11.387,0.0135956
11.3885,0.013592
11.39,0.0135883
11.3915,0.0135845
11.393,0.0135808
11.3945,0.013577
11.396,0.0135731
11.3975,0.0135692
11.399,0.0135653
11.4005,0.0135614
11.402,0.0135574
11.4035,0.0135534
11.405,0.0135493
11.4065,0.0135452
11.408,0.0135411
11.4095,0.0135369
11.411,0.0135327
11.4125,0.0135285
11.414,0.0135243
11.4155,0.01352
11.417,0.0135156
11.4185,0.0135113
11.42,0.0135069
11.4215,0.0135025
11.423,0.0134981
11.4245,0.0134936
11.426,0.0134891
11.4275,0.0134846
11.429,0.0134801
11.4305,0.0134755
11.432,0.0134709
11.4335,0.0134662
11.435,0.0134616
11.4365,0.0134569
11.438,0.0134522
11.4395,0.0134475
11.441,0.0134427
11.4425,0.013438
11.444,0.0134332
11.4455,0.0134284
11.447,0.0134235
11.4485,0.0134187
11.45,0.0134138
11.4515,0.0134089
11.453,0.0134039
11.4545,0.013399
11.456,0.0133941
11.4575,0.0133891
11.459,0.0133841
11.4605,0.0133791
11.462,0.0133741
11.4635,0.013369
11.465,0.013364
11.4665,0.0133589
11.468,0.0133538
11.4695,0.0133488
11.471,0.0133437
11.4725,0.0133386
11.474,0.0133335
11.4755,0.0133283
11.477,0.0133232
11.4785,0.0133181
11.48,0.013313
11.4815,0.0133079
11.483,0.0133027
11.4845,0.0132976
11.486,0.0132925
11.4875,0.0132874
11.489,0.0132823
11.4905,0.0132771
11.492,0.0132721
11.4935,0.013267
11.495,0.0132619
11.4965,0.0132568
11.498,0.0132518
11.4995,0.0132468
11.501,0.0132418
11.5025,0.0132368
11.504,0.0132318
11.5055,0.0132269
11.507,0.013222
11.5085,0.0132171
11.51,0.0132122
11.5115,0.0132074
11.513,0.0132026
11.5145,0.0131979
11.516,0.0131931
11.5175,0.0131885
11.519,0.0131838
11.5205,0.0131792
11.522,0.0131747
11.5235,0.0131702
11.525,0.0131657
11.5265,0.0131613
11.528,0.0131569
11.5295,0.0131526
11.531,0.0131483
11.5325,0.0131441
11.534,0.01314
11.5355,0.0131359
11.537,0.0131342
11.5385,0.0131324
11.54,0.0131301
11.5415,0.0131272
11.543,0.0131238
11.5445,0.0131199
11.546,0.0131155
11.5475,0.0131107
11.549,0.0131054
11.5505,0.0130996
11.552,0.0130945
11.5535,0.0130911
11.555,0.0130878
11.5565,0.0130845
11.558,0.0130813
11.5595,0.0130782
11.561,0.0130751
11.5625,0.0130721
11.564,0.0130691
11.5655,0.0130662
11.567,0.0130634
11.5685,0.0130606
11.57,0.0130579
11.5715,0.0130552
11.573,0.0130526
11.5745,0.0130501
11.576,0.0130476
11.5775,0.0130452
11.579,0.0130428
11.5805,0.0130404
11.582,0.0130382
11.5835,0.0130359
11.585,0.0130338
11.5865,0.0130316
11.588,0.0130295
11.5895,0.0130275
11.591,0.0130255
11.5925,0.0130235
11.594,0.0130216
11.5955,0.0130197
11.597,0.0130179
11.5985,0.0130161
11.6,0.0130143
11.6015,0.0130125
11.603,0.0130108
11.6045,0.0130091
11.606,0.0130074
11.6075,0.0130057
11.609,0.0130057
11.6105,0.0130139
11.612,0.0130209
11.6135,0.0130268
11.615,0.0130316
11.6165,0.0130353
11.618,0.0130378
11.6195,0.0130392
11.621,0.0130396
11.6225,0.0130387
11.624,0.0130368
11.6255,0.0130339
11.627,0.0130298
11.6285,0.0130246
11.63,0.0130187
11.6315,0.0130125
11.633,0.0130059
11.6345,0.012999
11.636,0.0129918
11.6375,0.0129842
11.639,0.0129764
11.6405,0.0129685
11.642,0.0129704
11.6435,0.0129745
11.645,0.0129786
11.6465,0.0129826
11.648,0.0129865
11.6495,0.0129903
11.651,0.0129941
11.6525,0.0129977
11.654,0.0130012
11.6555,0.0130046
11.657,0.0130079
11.6585,0.0130111
11.66,0.0130142
11.6615,0.0130171
11.663,0.0130199
11.6645,0.0130226
11.666,0.0130251
11.6675,0.0130275
11.669,0.0130297
11.6705,0.0130318
11.672,0.0130337
11.6735,0.0130355
11.675,0.0130371
11.6765,0.0130385
11.678,0.0130397
11.6795,0.0130408
11.681,0.0130417
11.6825,0.0130424
11.684,0.013043
11.6855,0.0130433
11.687,0.0130435
11.6885,0.0130435
11.69,0.0130432
11.6915,0.0130428
11.693,0.0130422
11.6945,0.0130415
11.696,0.0130405
11.6975,0.0130393
11.699,0.0130379
11.7005,0.0130364
11.702,0.0130347
11.7035,0.013033
11.705,0.0130313
11.7065,0.0130296
11.708,0.013028
11.7095,0.0130266
11.711,0.0130253
11.7125,0.0130242
11.714,0.0130233
11.7155,0.0130224
11.717,0.0130217
11.7185,0.0130212
11.72,0.0130208
11.7215,0.0130205
11.723,0.0130203
11.7245,0.0130202
11.726,0.0130203
11.7275,0.0130204
11.729,0.0130207
11.7305,0.0130211
11.732,0.0130216
11.7335,0.0130221
11.735,0.0130228
11.7365,0.0130235
11.738,0.0130243
11.7395,0.0130252
11.741,0.0130262
11.7425,0.0130273
11.744,0.0130284
11.7455,0.0130296
11.747,0.0130308
11.7485,0.0130321
11.75,0.0130334
11.7515,0.0130348
11.753,0.0130363
11.7545,0.0130377
11.756,0.0130392
11.7575,0.0130407
11.759,0.0130423
11.7605,0.0130438
11.762,0.0130454
11.7635,0.013047
11.765,0.0130485
11.7665,0.0130501
11.768,0.0130517
11.7695,0.0130533
11.771,0.0130548
11.7725,0.0130564
11.774,0.0130579
11.7755,0.0130594
11.777,0.0130609
11.7785,0.0130624
11.78,0.0130639
11.7815,0.0130653
11.783,0.0130666
11.7845,0.0130678
11.786,0.0130688
11.7875,0.0130698
11.789,0.0130706
11.7905,0.0130713
11.792,0.0130719
11.7935,0.0130723
11.795,0.0130726
11.7965,0.0130728
11.798,0.0130728
11.7995,0.0130727
11.801,0.0130724
11.8025,0.013072
11.804,0.0130715
11.8055,0.0130708
11.807,0.01307
11.8085,0.013069
11.81,0.0130679
11.8115,0.0130666
11.813,0.0130652
11.8145,0.0130636
11.816,0.0130619
11.8175,0.0130601
11.819,0.0130581
11.8205,0.0130559
11.822,0.0130537
11.8235,0.0130513
11.825,0.0130487
11.8265,0.013046
11.828,0.0130432
11.8295,0.0130402
11.831,0.0130371
11.8325,0.0130339
11.834,0.0130305
11.8355,0.013027
11.837,0.0130234
11.8385,0.0130196
11.84,0.0130158
11.8415,0.0130118
11.843,0.0130077
11.8445,0.0130034
11.846,0.0129991
11.8475,0.0129947
11.849,0.0129901
11.8505,0.0129852
11.852,0.01298
11.8535,0.0129744
11.855,0.0129682
11.8565,0.0129614
11.858,0.012954
11.8595,0.0129459
11.861,0.0129371
11.8625,0.0129277
11.864,0.0129177
11.8655,0.0129071
11.867,0.0128958
11.8685,0.012884
11.87,0.0128716
11.8715,0.0128587
11.873,0.0128452
11.8745,0.0128311
11.876,0.0128166
11.8775,0.0128015
11.879,0.012786
11.8805,0.0127699
11.882,0.0127535
11.8835,0.0127365
11.885,0.0127192
11.8865,0.0127014
11.888,0.0127021
11.8895,0.0127107
11.891,0.012719
11.8925,0.0127272
11.894,0.0127352
11.8955,0.012743
11.897,0.0127506
11.8986,0.0127581
11.9001,0.0127653
11.9016,0.0127722
11.9031,0.012779
11.9046,0.0127855
11.9061,0.0127918
11.9076,0.0127979
11.9091,0.0128037
11.9106,0.0128092
11.9121,0.0128145
11.9136,0.0128195
11.9151,0.0128243
11.9166,0.0128288
11.9181,0.012833
11.9196,0.0128369
11.9211,0.0128406
11.9226,0.012844
11.9241,0.012847
11.9256,0.0128498
11.9271,0.0128523
11.9286,0.0128545
11.9301,0.0128564
11.9316,0.0128581
11.9331,0.0128594
11.9346,0.0128604
11.9361,0.0128612
11.9376,0.0128616
11.9391,0.0128618
11.9406,0.0128616
11.9421,0.0128612
11.9436,0.0128605
11.9451,0.0128595
11.9466,0.0128583
11.9481,0.0128567
11.9496,0.0128549
11.9511,0.0128529
11.9526,0.0128505
11.9541,0.0128479
11.9556,0.0128451
11.9571,0.0128419
11.9586,0.0128386
11.9601,0.012835
11.9616,0.0128312
11.9631,0.0128271
11.9646,0.0128228
11.9661,0.0128183
11.9676,0.0128136
11.9691,0.0128087
11.9706,0.0128035
11.9721,0.0127982
11.9736,0.0127927
11.9751,0.0127871
11.9766,0.0127812
11.9781,0.0127752
11.9796,0.012769
11.9811,0.0127627
11.9826,0.0127562
11.9841,0.0127496
11.9856,0.0127429
11.9871,0.012736
11.9886,0.012729
11.9901,0.0127219
11.9916,0.0127148
11.9931,0.0127075
11.9946,0.0127002
11.9961,0.0126929
11.9976,0.0126857
11.9991,0.0126785
12.0006,0.0126714
12.0021,0.0126644
12.0036,0.0126574
12.0051,0.0126505
12.0066,0.0126436
12.0081,0.0126367
12.0096,0.01263
12.0111,0.0126233
12.0126,0.0126166
12.0141,0.01261
12.0156,0.0126034
12.0171,0.0125968
12.0186,0.0125903
12.0201,0.0125838
12.0216,0.0125774
12.0231,0.0125709
12.0246,0.0125691
12.0261,0.0125702
12.0276,0.0125713
12.0291,0.0125724
12.0306,0.0125734
12.0321,0.0125744
12.0336,0.0125754
12.0351,0.0125764
12.0366,0.0125774
12.0381,0.0125784
12.0396,0.0125794
12.0411,0.0125804
12.0426,0.0125813
12.0441,0.0125823
12.0456,0.0125833
12.0471,0.0125843
12.0486,0.0125853
12.0501,0.0125863
12.0516,0.0125873
12.0531,0.0125883
12.0546,0.0125893
12.0561,0.0125904
12.0576,0.0125914
12.0591,0.0125925
12.0606,0.0125935
12.0621,0.0125946
12.0636,0.0125957
12.0651,0.0125968
12.0666,0.0125979
12.0681,0.012599
12.0696,0.0126001
12.0711,0.0126012
12.0726,0.0126024
12.0741,0.0126038
12.0756,0.0126054
12.0771,0.0126072
12.0786,0.0126092
12.0801,0.0126115
12.0816,0.0126139
12.0831,0.0126297
12.0846,0.012656
12.0861,0.0126821
12.0876,0.0127081
12.0891,0.0127338
12.0906,0.0127594
12.0921,0.0127847
12.0936,0.0128098
12.0951,0.0128347
12.0966,0.0128593
12.0981,0.0128837
12.0996,0.0129077
12.1011,0.0129313
12.1026,0.0129544
12.1041,0.0129771
12.1056,0.0129994
12.1071,0.0130212
12.1086,0.0130425
12.1101,0.0130634
12.1116,0.0130838
12.1131,0.0131037
12.1146,0.0131231
12.1161,0.013142
12.1176,0.0131604
12.1191,0.0131783
12.1206,0.0131958
12.1221,0.0132127
12.1236,0.013229
12.1251,0.0132449
12.1266,0.0132602
12.1281,0.0132751
12.1296,0.0132894
12.1311,0.0133032
12.1326,0.0133164
12.1341,0.0133292
12.1356,0.0133414
12.1371,0.0133531
12.1386,0.0133642
12.1401,0.0133749
12.1416,0.013385
12.1431,0.0133946
12.1446,0.0134037
12.1461,0.0134123
12.1476,0.0134204
12.1491,0.013428
12.1506,0.013435
12.1521,0.0134416
12.1536,0.0134477
12.1551,0.0134533
12.1566,0.0134584
12.1581,0.013463
12.1596,0.0134671
12.1611,0.0134708
12.1626,0.013474
12.1641,0.0134767
12.1656,0.013479
12.1671,0.0134808
12.1686,0.0134822
12.1701,0.0134832
12.1716,0.0134837
12.1731,0.0134838
12.1746,0.0134835
12.1761,0.0134827
12.1776,0.0134816
12.1791,0.0134801
12.1806,0.0134782
12.1821,0.0134759
12.1836,0.0134733
12.1851,0.0134704
12.1866,0.0134672
12.1881,0.0134636
12.1896,0.0134597
12.1911,0.0134556
12.1926,0.0134511
12.1941,0.0134464
12.1956,0.0134414
12.1971,0.0134361
12.1986,0.0134306
12.2001,0.0134249
12.2016,0.013419
12.2031,0.0134128
12.2046,0.0134064
12.2061,0.0133999
12.2076,0.0133931
12.2091,0.0133862
12.2106,0.0133791
12.2121,0.0133719
12.2136,0.0133645
12.2151,0.013357
12.2166,0.0133494
12.2181,0.0133416
12.2196,0.0133337
12.2211,0.0133258
12.2226,0.0133177
12.2241,0.0133095
12.2256,0.0133013
12.2271,0.0132929
12.2286,0.0132845
12.2301,0.013276
12.2316,0.0132675
12.2331,0.0132589
12.2346,0.0132503
12.2361,0.0132415
12.2376,0.0132328
12.2391,0.013224
12.2406,0.0132151
12.2421,0.0132062
12.2436,0.0131972
12.2451,0.0131882
12.2466,0.0131791
12.2481,0.01317
12.2496,0.0131608
12.2511,0.0131516
12.2526,0.0131423
12.2541,0.013133
12.2556,0.0131236
12.2571,0.0131141
12.2586,0.0131045
12.2601,0.0130948
12.2616,0.0130851
12.2631,0.0130753
12.2646,0.0130654
12.2661,0.0130553
12.2676,0.0130452
12.2691,0.013035
12.2706,0.0130249
12.2721,0.0130148
12.2736,0.0130048
12.2751,0.0129948
12.2766,0.0129848
12.2781,0.0129748
12.2796,0.0129647
12.2811,0.0129547
12.2826,0.0129446
12.2841,0.0129344
12.2856,0.0129241
12.2871,0.0129138
12.2886,0.0129033
12.2901,0.0128928
12.2916,0.0128821
12.2931,0.0128713
12.2946,0.0128604
12.2961,0.0128493
12.2976,0.012838
12.2991,0.0128265
12.3006,0.0128149
12.3021,0.0128031
12.3036,0.012791
12.3051,0.0127788
12.3066,0.0127664
12.3081,0.0127538
12.3096,0.0127409
12.3111,0.0127278
12.3126,0.0127145
12.3141,0.012701
12.3156,0.0126873
12.3171,0.0126733
12.3186,0.0126592
12.3201,0.0126448
12.3216,0.0126302
12.3231,0.0126154
12.3246,0.0126004
12.3261,0.0125852
12.3276,0.01257
12.3291,0.0125548
12.3306,0.0125397
12.3321,0.0125245
12.3336,0.0125094
12.3351,0.0124943
12.3366,0.0124793
12.3381,0.0124681
12.3396,0.0124741
12.3411,0.01248
12.3426,0.0124856
12.3441,0.0124924
12.3456,0.0125019
12.3471,0.0125112
12.3486,0.0125204
12.3501,0.0125293
12.3516,0.0125381
12.3531,0.0125528
12.3546,0.0125738
12.3561,0.0125947
12.3576,0.0126156
12.3591,0.0126364
12.3606,0.0126566
12.3621,0.0126763
12.3636,0.0126953
12.3651,0.0127137
12.3666,0.0127313
12.3681,0.0127484
12.3696,0.0127647
12.3711,0.0127803
12.3726,0.0127952
12.3741,0.0128094
12.3756,0.0128228
12.3771,0.0128355
12.3786,0.0128474
12.3801,0.0128586
12.3816,0.012869
12.3831,0.0128787
12.3846,0.0128876
12.3861,0.0128957
12.3876,0.0129031
12.3891,0.0129096
12.3906,0.0129154
12.3921,0.0129205
12.3936,0.0129247
12.3951,0.0129282
12.3966,0.0129309
12.3981,0.0129329
12.3996,0.0129341
12.4011,0.0129344
12.4026,0.012934
12.4041,0.0129327
12.4056,0.0129305
12.4071,0.0129275
12.4086,0.0129237
12.4101,0.0129191
12.4116,0.0129137
12.4131,0.0129075
12.4146,0.0129006
12.4161,0.012893
12.4176,0.0128846
12.4191,0.0128756
12.4206,0.0128659
12.4221,0.0128555
12.4236,0.0128445
12.4251,0.012833
12.4266,0.0128208
12.4281,0.0128081
12.4296,0.0127949
12.4311,0.0127813
12.4326,0.0127671
12.4341,0.0127526
12.4356,0.0127376
12.4371,0.0127224
12.4386,0.0127152
12.4401,0.0127411
12.4416,0.012767
12.4431,0.0127929
12.4446,0.0128188
12.4461,0.0128447
12.4476,0.0128704
12.4491,0.0128961
12.4506,0.0129217
12.4521,0.0129471
12.4536,0.0129724
12.4551,0.0129975
12.4566,0.0130224
12.4581,0.0130471
12.4596,0.0130715
12.4611,0.0130957
12.4626,0.0131196
12.4641,0.0131431
12.4656,0.0131664
12.4671,0.0131893
12.4686,0.0132119
12.4701,0.013234
12.4716,0.0132558
12.4731,0.0132772
12.4746,0.0132981
12.4761,0.0133185
12.4776,0.0133385
12.4791,0.0133579
12.4806,0.0133769
12.4821,0.0133953
12.4836,0.0134132
12.4851,0.0134306
12.4866,0.0134474
12.4881,0.0134636
12.4896,0.0134792
12.4911,0.0134943
12.4926,0.0135087
12.4941,0.0135226
12.4956,0.0135358
12.4971,0.0135484
12.4986,0.0135604
12.5001,0.0135718
12.5016,0.0135826
12.5031,0.0135927
12.5046,0.0136022
12.5061,0.0136111
12.5076,0.0136194
12.5091,0.013627
12.5106,0.013634
12.5121,0.0136404
12.5136,0.0136462
12.5151,0.0136514
12.5166,0.0136559
12.5181,0.0136599
12.5196,0.0136633
12.5211,0.013666
12.5226,0.0136683
12.5241,0.0136699
12.5256,0.013671
12.5271,0.0136715
12.5286,0.0136714
12.5301,0.0136708
12.5316,0.0136699
12.5331,0.0136762
12.5346,0.013682
12.5361,0.0136874
12.5376,0.0136922
12.5391,0.0136965
12.5406,0.0137003
12.5421,0.0137037
12.5436,0.0137065
12.5451,0.0137089
12.5466,0.0137107
12.5481,0.0137122
12.5496,0.0137131
12.5511,0.0137136
12.5526,0.0137137
12.5541,0.0137133
12.5556,0.0137124
12.5571,0.0137112
12.5586,0.0137095
12.5601,0.0137074
12.5616,0.013705
12.5631,0.0137021
12.5646,0.0136989
12.5661,0.0136953
12.5676,0.0136913
12.5691,0.013687
12.5706,0.0136824
12.5721,0.0136775
12.5736,0.0136722
12.5751,0.0136667
12.5766,0.0136609
12.5781,0.0136548
12.5796,0.0136484
12.5811,0.0136418
12.5826,0.013635
12.5841,0.0136279
12.5856,0.0136207
12.5871,0.0136132
12.5886,0.0136056
12.5901,0.0135978
12.5916,0.0135898
12.5931,0.0135817
12.5946,0.0135735
12.5961,0.0135651
12.5976,0.0135566
12.5991,0.013548
12.6006,0.0135394
12.6021,0.0135306
12.6036,0.0135218
12.6051,0.0135129
12.6066,0.0135039
12.6081,0.0134949
12.6096,0.0134859
12.6111,0.0134768
12.6126,0.0134677
12.6141,0.0134586
12.6156,0.0134736
12.6171,0.0135189
12.6186,0.0135635
12.6201,0.0136075
12.6216,0.0136509
12.6231,0.0136939
12.6246,0.0137367
12.6261,0.0137792
12.6276,0.0138213
12.6291,0.0138631
12.6306,0.0139046
12.6321,0.0139458
12.6336,0.0139866
12.6351,0.014027
12.6366,0.014067
12.6381,0.0141067
12.6396,0.014146
12.6411,0.0141849
12.6426,0.0142233
12.6441,0.0142614
12.6456,0.014299
12.6471,0.0143361
12.6486,0.0143728
12.6501,0.014409
12.6516,0.0144447
12.6531,0.01448
12.6546,0.0145147
12.6561,0.014549
12.6576,0.0145832
12.6591,0.0146172
12.6606,0.0146508
12.6621,0.0146843
12.6636,0.0147174
12.6651,0.0147503
12.6666,0.0147828
12.6681,0.014815
12.6696,0.0148468
12.6711,0.0148783
12.6726,0.0149094
12.6741,0.0149401
12.6756,0.0149704
12.6771,0.0150003
12.6786,0.0150297
12.6801,0.0150587
12.6816,0.0150871
12.6831,0.0151151
12.6846,0.0151426
12.6861,0.0151695
12.6876,0.0151959
12.6891,0.0152216
12.6906,0.0152466
12.6921,0.0152709
12.6936,0.0152946
12.6951,0.0153175
12.6966,0.0153398
12.6981,0.0153613
12.6996,0.0153821
12.7011,0.0154022
12.7026,0.0154217
12.7041,0.0154404
12.7056,0.0154584
12.7071,0.0154756
12.7086,0.0154922
12.7101,0.0155081
12.7116,0.0155233
12.7131,0.0155378
12.7146,0.0155516
12.7161,0.0155647
12.7176,0.0155771
12.7191,0.0155889
12.7206,0.0156
12.7221,0.0156104
12.7236,0.0156202
12.7251,0.0156293
12.7266,0.0156378
12.7281,0.0156457
12.7296,0.0156531
12.7311,0.0156598
12.7326,0.0156659
12.7341,0.0156713
12.7356,0.0156761
12.7371,0.0156802
12.7386,0.0156837
12.7401,0.0156864
12.7416,0.0156886
12.7431,0.0156901
12.7446,0.0156909
12.7461,0.0156912
12.7476,0.0156909
12.7491,0.01569
12.7506,0.0156885
12.7521,0.0156864
12.7536,0.0156838
12.7551,0.0156807
12.7566,0.0156771
12.7581,0.015673
12.7596,0.0156684
12.7611,0.0156634
12.7626,0.0156579
12.7641,0.015652
12.7656,0.0156457
12.7671,0.015639
12.7686,0.015632
12.7701,0.0156246
12.7716,0.0156168
12.7731,0.0156088
12.7746,0.0156004
12.7761,0.0155914
12.7776,0.015582
12.7791,0.0155721
12.7806,0.0155617
12.7821,0.0155508
12.7836,0.0155395
12.7851,0.0155278
12.7866,0.0155158
12.7881,0.015503
12.7896,0.0154893
12.7911,0.0154747
12.7926,0.0154592
12.7941,0.0154429
12.7956,0.0154257
12.7971,0.0154077
12.7986,0.0153889
12.8001,0.0153693
12.8016,0.015349
12.8031,0.0153281
12.8046,0.0153065
12.8061,0.0152843
12.8076,0.0152616
12.8091,0.0152383
12.8106,0.0152145
12.8121,0.0151903
12.8136,0.0151657
12.8151,0.0151407
12.8166,0.0151154
12.8181,0.0150898
12.8196,0.015064
12.8211,0.015038
12.8226,0.0150119
12.8241,0.0149856
12.8256,0.0149593
12.8271,0.014933
12.8286,0.0149067
12.8301,0.0148804
12.8316,0.0148543
12.8331,0.0148282
12.8346,0.0148024
12.8361,0.0147768
12.8376,0.0147514
12.8391,0.0147262
12.8406,0.0147014
12.8421,0.0146769
12.8436,0.0146527
12.8451,0.0146289
12.8466,0.0146056
12.8481,0.0145826
12.8496,0.0145721
12.8511,0.014584
12.8526,0.0145949
12.8541,0.0146047
12.8556,0.0146135
12.8571,0.0146212
12.8586,0.0146278
12.8601,0.0146334
12.8616,0.014638
12.8631,0.0146417
12.8646,0.0146444
12.8661,0.0146462
12.8676,0.0146472
12.8691,0.0146468
12.8706,0.0146452
12.8721,0.0146423
12.8736,0.0146381
12.8751,0.0146327
12.8766,0.014626
12.8781,0.0146181
12.8796,0.014609
12.8811,0.0145987
12.8826,0.0145873
12.8841,0.0145746
12.8856,0.0145609
12.8871,0.014546
12.8886,0.0145301
12.8901,0.0145131
12.8916,0.0144952
12.8931,0.0144762
12.8946,0.0144563
12.8961,0.0144354
12.8976,0.0144137
12.8991,0.0143911
12.9006,0.0143676
12.9021,0.0143434
12.9036,0.0143185
12.9051,0.014293
12.9066,0.01431
12.9081,0.0143267
12.9096,0.0143434
12.9111,0.0143597
12.9126,0.0143755
12.9141,0.014391
12.9156,0.014406
12.9171,0.0144205
12.9186,0.0144346
12.9201,0.0144483
12.9216,0.0144614
12.9231,0.0144741
12.9246,0.0144862
12.9261,0.0144979
12.9276,0.014509
12.9291,0.0145197
12.9306,0.0145298
12.9321,0.0145394
12.9336,0.0145484
12.9351,0.0145569
12.9366,0.0145649
12.9381,0.0145724
12.9396,0.0145794
12.9411,0.0145858
12.9426,0.0145916
12.9441,0.014597
12.9456,0.0146018
12.9471,0.0146061
12.9486,0.0146099
12.9501,0.0146132
12.9516,0.014616
12.9531,0.0146182
12.9546,0.01462
12.9561,0.0146213
12.9576,0.0146222
12.9591,0.0146225
12.9606,0.0146224
12.9621,0.0146219
12.9636,0.014621
12.9651,0.0146196
12.9666,0.0146179
12.9681,0.0146157
12.9696,0.0146132
12.9711,0.0146104
12.9726,0.0146072
12.9741,0.0146037
12.9756,0.0145999
12.9771,0.0145958
12.9786,0.0145914
12.9801,0.0145868
12.9816,0.0145904
12.9831,0.0146101
12.9846,0.0146299
12.9861,0.0146497
12.9876,0.0146695
12.9891,0.0146894
12.9906,0.0147093
12.9921,0.0147292
12.9936,0.0147492
12.9951,0.0147691
12.9966,0.0147891
12.9981,0.014809
12.9996,0.014829
13.0011,0.0148489
13.0026,0.0148689
13.0041,0.0148887
13.0056,0.0149086
13.0071,0.0149283
13.0086,0.014948
13.0101,0.0149675
13.0116,0.014987
13.0131,0.0150062
13.0146,0.0150254
13.0161,0.0150443
13.0176,0.0150631
13.0191,0.0150816
13.0206,0.0150999
13.0221,0.0151179
13.0236,0.0151357
13.0251,0.0151531
13.0266,0.0151702
13.0281,0.015187
13.0296,0.0152034
13.0311,0.0152194
13.0326,0.015235
13.0341,0.0152501
13.0356,0.0152648
13.0371,0.015279
13.0386,0.0152927
13.0401,0.0153059
13.0416,0.0153186
13.0431,0.0153307
13.0446,0.0153422
13.0461,0.0153531
13.0476,0.0153634
13.0491,0.0153731
13.0506,0.0153821
13.0521,0.0153905
13.0536,0.0153982
13.0552,0.0154052
13.0567,0.0154115
13.0582,0.0154171
13.0597,0.015422
13.0612,0.0154262
13.0627,0.0154297
13.0642,0.0154324
13.0657,0.0154345
13.0672,0.0154358
13.0687,0.0154364
13.0702,0.0154362
13.0717,0.0154354
13.0732,0.0154338
13.0747,0.0154316
13.0762,0.0154287
13.0777,0.0154251
13.0792,0.0154208
13.0807,0.0154159
13.0822,0.0154103
13.0837,0.0154042
13.0852,0.0153974
13.0867,0.0153901
13.0882,0.0153822
13.0897,0.0153737
13.0912,0.0153647
13.0927,0.0153553
13.0942,0.0153454
13.0957,0.015335
13.0972,0.0153242
13.0987,0.015313
13.1002,0.0153014
13.1017,0.0152896
13.1032,0.0152774
13.1047,0.0152649
13.1062,0.0152521
13.1077,0.0152392
13.1092,0.015226
13.1107,0.0152126
13.1122,0.0151991
13.1137,0.0151855
13.1152,0.0151717
13.1167,0.0151579
13.1182,0.015144
13.1197,0.0151301
13.1212,0.0151162
13.1227,0.0151023
13.1242,0.0150884
13.1257,0.0150746
13.1272,0.0150609
13.1287,0.0150472
13.1302,0.0150337
13.1317,0.0150203
13.1332,0.015007
13.1347,0.0149939
13.1362,0.0149809
13.1377,0.0149682
13.1392,0.0149556
13.1407,0.0149433
13.1422,0.0149312
13.1437,0.0149193
13.1452,0.0149076
13.1467,0.0148962
13.1482,0.014885
13.1497,0.0148741
13.1512,0.0148634
13.1527,0.014853
13.1542,0.0148428
13.1557,0.014833
13.1572,0.0148234
13.1587,0.014814
13.1602,0.0148049
13.1617,0.0147961
13.1632,0.0147875
13.1647,0.0147836
13.1662,0.0147944
13.1677,0.0148046
13.1692,0.0148142
13.1707,0.0148232
13.1722,0.0148316
13.1737,0.0148394
13.1752,0.0148467
13.1767,0.0148534
13.1782,0.0148595
13.1797,0.014865
13.1812,0.01487
13.1827,0.0148745
13.1842,0.0148783
13.1857,0.0148817
13.1872,0.0148845
13.1887,0.0148868
13.1902,0.0148886
13.1917,0.0148899
13.1932,0.0148907
13.1947,0.0148911
13.1962,0.014891
13.1977,0.0148904
13.1992,0.0148894
13.2007,0.0148879
13.2022,0.0148861
13.2037,0.0148838
13.2052,0.0148811
13.2067,0.0148783
13.2082,0.0148753
13.2097,0.0148722
13.2112,0.0148689
13.2127,0.0148654
13.2142,0.0148619
13.2157,0.0148582
13.2172,0.0148544
13.2187,0.0148505
13.2202,0.0148466
13.2217,0.0148425
13.2232,0.0148384
13.2247,0.0148342
13.2262,0.01483
13.2277,0.0148257
13.2292,0.0148214
13.2307,0.014817
13.2322,0.0148127
13.2337,0.0148083
13.2352,0.0148039
13.2367,0.0147995
13.2382,0.0147951
13.2397,0.0147907
13.2412,0.0147867
13.2427,0.0147831
13.2442,0.0147799
13.2457,0.014777
13.2472,0.0147745
13.2487,0.0147723
13.2502,0.0147704
13.2517,0.0147688
13.2532,0.0147674
13.2547,0.0147662
13.2562,0.0147653
13.2577,0.0147646
13.2592,0.014764
13.2607,0.0147637
13.2622,0.0147634
13.2637,0.0147634
13.2652,0.0147635
13.2667,0.0147637
13.2682,0.014764
13.2697,0.0147644
13.2712,0.0147649
13.2727,0.0147654
13.2742,0.0147658
13.2757,0.0147661
13.2772,0.0147662
13.2787,0.0147661
13.2802,0.0147659
13.2817,0.0147655
13.2832,0.014765
13.2847,0.0147642
13.2862,0.0147634
13.2877,0.0147623
13.2892,0.0147611
13.2907,0.0147597
13.2922,0.0147582
13.2937,0.0147564
13.2952,0.0147545
13.2967,0.0147525
13.2982,0.0147503
13.2997,0.0147479
13.3012,0.0147453
13.3027,0.0147426
13.3042,0.0147397
13.3057,0.0147366
13.3072,0.0147334
13.3087,0.0147301
13.3102,0.0147265
13.3117,0.0147228
13.3132,0.014719
13.3147,0.014715
13.3162,0.0147109
13.3177,0.0147066
13.3192,0.0147398
13.3207,0.0147882
13.3222,0.014836
13.3237,0.0148831
13.3252,0.0149296
13.3267,0.0149754
13.3282,0.0150204
13.3297,0.0150646
13.3312,0.0151079
13.3327,0.0151503
13.3342,0.0151918
13.3357,0.0152323
13.3372,0.0152717
13.3387,0.01531
13.3402,0.0153472
13.3417,0.0153832
13.3432,0.015418
13.3447,0.0154516
13.3462,0.0154838
13.3477,0.0155147
13.3492,0.0155442
13.3507,0.0155723
13.3522,0.015599
13.3537,0.0156243
13.3552,0.0156479
13.3567,0.0156698
13.3582,0.0156901
13.3597,0.0157086
13.3612,0.0157254
13.3627,0.0157404
13.3642,0.0157537
13.3657,0.0157652
13.3672,0.015775
13.3687,0.015783
13.3702,0.0157892
13.3717,0.0157938
13.3732,0.0157966
13.3747,0.0157977
13.3762,0.0157972
13.3777,0.015795
13.3792,0.0157912
13.3807,0.0157858
13.3822,0.0157789
13.3837,0.0157705
13.3852,0.0157606
13.3867,0.0157494
13.3882,0.0157368
13.3897,0.0157229
13.3912,0.015708
13.3927,0.0156925
13.3942,0.0156767
13.3957,0.0156604
13.3972,0.0156438
13.3987,0.0156269
13.4002,0.0156098
13.4017,0.0155925
13.4032,0.0155751
13.4047,0.0155576
13.4062,0.0155401
13.4077,0.0155226
13.4092,0.0155053
13.4107,0.0154882
13.4122,0.0154715
13.4137,0.0154551
13.4152,0.0154391
13.4167,0.0154236
13.4182,0.0154085
13.4197,0.0153941
13.4212,0.0153803
13.4227,0.0153671
13.4242,0.0153546
13.4257,0.0153427
13.4272,0.0153315
13.4287,0.015321
13.4302,0.0153112
13.4317,0.0153023
13.4332,0.0152942
13.4347,0.0152869
13.4362,0.0152806
13.4377,0.0152751
13.4392,0.0152706
13.4407,0.0152671
13.4422,0.0152645
13.4437,0.0152629
13.4452,0.0152622
13.4467,0.0152626
13.4482,0.015264
13.4497,0.0152665
13.4512,0.0152699
13.4527,0.0152744
13.4542,0.0152798
13.4557,0.0152862
13.4572,0.0152936
13.4587,0.015302
13.4602,0.0153113
13.4617,0.0153215
13.4632,0.0153326
13.4647,0.0153446
13.4662,0.0153574
13.4677,0.015371
13.4692,0.0153854
13.4707,0.0154005
13.4722,0.0154163
13.4737,0.0154327
13.4752,0.0154498
13.4767,0.0154673
13.4782,0.0154854
13.4797,0.0155036
13.4812,0.0155219
13.4827,0.0155402
13.4842,0.0155584
13.4857,0.0155765
13.4872,0.0155946
13.4887,0.0156124
13.4902,0.01563
13.4917,0.0156474
13.4932,0.0156645
13.4947,0.0156812
13.4962,0.0156976
13.4977,0.0157136
13.4992,0.0157291
13.5007,0.0157442
13.5022,0.0157588
13.5037,0.0157727
13.5052,0.015786
13.5067,0.0157985
13.5082,0.0158102
13.5097,0.0158211
13.5112,0.0158309
13.5127,0.0158397
13.5142,0.0158474
13.5157,0.0158541
13.5172,0.0158597
13.5187,0.0158642
13.5202,0.0158676
13.5217,0.01587
13.5232,0.0158713
13.5247,0.0158715
13.5262,0.0158706
13.5277,0.0158688
13.5292,0.0158658
13.5307,0.0158619
13.5322,0.0158569
13.5337,0.0158509
13.5352,0.015844
13.5367,0.0158361
13.5382,0.0158273
13.5397,0.0158175
13.5412,0.015807
13.5427,0.0157955
13.5442,0.0157832
13.5457,0.0157702
13.5472,0.0157563
13.5487,0.0157418
13.5502,0.0157266
13.5517,0.0157106
13.5532,0.0156941
13.5547,0.0156771
13.5562,0.0156599
13.5577,0.0156424
13.5592,0.0156246
13.5607,0.0156066
13.5622,0.0155885
13.5637,0.0155702
13.5652,0.0155519
13.5667,0.0155336
13.5682,0.0155153
13.5697,0.0154969
13.5712,0.0154786
13.5727,0.0154604
13.5742,0.0154422
13.5757,0.0154241
13.5772,0.015406
13.5787,0.0153881
13.5802,0.0153702
13.5817,0.0153525
13.5832,0.0153349
13.5847,0.0153175
13.5862,0.0153003
13.5877,0.0152832
13.5892,0.0152663
13.5907,0.0152495
13.5922,0.015233
13.5937,0.0152168
13.5952,0.0152007
13.5967,0.0151846
13.5982,0.0151684
13.5997,0.0151519
13.6012,0.0151353
13.6027,0.0151185
13.6042,0.0151016
13.6057,0.0150845
13.6072,0.0150673
13.6087,0.01505
13.6102,0.0150327
13.6117,0.0150154
13.6132,0.014998
13.6147,0.0149806
13.6162,0.0149632
13.6177,0.0149457
13.6192,0.0149283
13.6207,0.0149109
13.6222,0.0148935
13.6237,0.0148762
13.6252,0.0148589
13.6267,0.0148416
13.6282,0.0148244
13.6297,0.014807
13.6312,0.0148116
13.6327,0.0148216
13.6342,0.0148314
13.6357,0.014841
13.6372,0.0148503
13.6387,0.0148594
13.6402,0.0148682
13.6417,0.0148766
13.6432,0.0148846
13.6447,0.0148922
13.6462,0.0148992
13.6477,0.0149056
13.6492,0.0149114
13.6507,0.0149165
13.6522,0.0149208
13.6537,0.0149243
13.6552,0.0149268
13.6567,0.0149284
13.6582,0.0149289
13.6597,0.0149283
13.6612,0.0149266
13.6627,0.0149238
13.6642,0.0149197
13.6657,0.0149144
13.6672,0.0149078
13.6687,0.0149
13.6702,0.0148909
13.6717,0.0148805
13.6732,0.0148688
13.6747,0.0148559
13.6762,0.0148417
13.6777,0.0148261
13.6792,0.0148094
13.6807,0.0147913
13.6822,0.0147721
13.6837,0.0147516
13.6852,0.01473
13.6867,0.0147071
13.6882,0.0146832
13.6897,0.0146581
13.6912,0.014632
13.6927,0.0146048
13.6942,0.0145766
13.6957,0.0145474
13.6972,0.0145173
13.6987,0.0144991
13.7002,0.0145077
13.7017,0.0145162
13.7032,0.0145246
13.7047,0.014533
13.7062,0.0145412
13.7077,0.0145492
13.7092,0.0145571
13.7107,0.0145731
13.7122,0.0146014
13.7137,0.0146298
13.7152,0.0146583
13.7167,0.0146868
13.7182,0.0147153
13.7197,0.0147437
13.7212,0.0147721
13.7227,0.0148004
13.7242,0.0148286
13.7257,0.0148566
13.7272,0.0148845
13.7287,0.0149121
13.7302,0.0149394
13.7317,0.0149665
13.7332,0.0149933
13.7347,0.0150197
13.7362,0.0150457
13.7377,0.0150711
13.7392,0.0150955
13.7407,0.015119
13.7422,0.0151415
13.7437,0.015163
13.7452,0.0151833
13.7467,0.0152025
13.7482,0.0152206
13.7497,0.0152375
13.7512,0.0152532
13.7527,0.0152677
13.7542,0.0152809
13.7557,0.0152928
13.7572,0.0153033
13.7587,0.0153125
13.7602,0.0153203
13.7617,0.0153267
13.7632,0.0153316
13.7647,0.0153351
13.7662,0.0153372
13.7677,0.0153378
13.7692,0.015337
13.7707,0.0153347
13.7722,0.0153309
13.7737,0.0153257
13.7752,0.015319
13.7767,0.0153109
13.7782,0.0153012
13.7797,0.0152902
13.7812,0.0152777
13.7827,0.0152637
13.7842,0.0152483
13.7857,0.0152316
13.7872,0.0152134
13.7887,0.0151939
13.7902,0.015173
13.7917,0.0151508
13.7932,0.0151272
13.7947,0.0151024
13.7962,0.0150765
13.7977,0.0150506
13.7992,0.0150245
13.8007,0.0149983
13.8022,0.0149721
13.8037,0.0149458
13.8052,0.0149194
13.8067,0.0148931
13.8082,0.0148667
13.8097,0.0148404
13.8112,0.0148141
13.8127,0.0147879
13.8142,0.0147618
13.8157,0.0147482
13.8172,0.0147537
13.8187,0.0147591
13.8202,0.0147645
13.8217,0.01477
13.8232,0.0147754
13.8247,0.0147808
13.8262,0.0147863
13.8277,0.0147917
13.8292,0.0147971
13.8307,0.0148026
13.8322,0.014808
13.8337,0.0148134
13.8352,0.0148189
13.8367,0.0148243
13.8382,0.0148297
13.8397,0.0148352
13.8412,0.0148406
13.8427,0.014846
13.8442,0.0148515
13.8457,0.0148569
13.8472,0.0148623
13.8487,0.0148678
13.8502,0.0148732
13.8517,0.0148786
13.8532,0.0148841
13.8547,0.0148895
13.8562,0.0148949
13.8577,0.0149004
13.8592,0.0149058
13.8607,0.0149112
13.8622,0.0149167
13.8637,0.0149221
13.8652,0.0149275
13.8667,0.014933
13.8682,0.0149384
13.8697,0.0149438
13.8712,0.0149493
13.8727,0.0149547
13.8742,0.0149601
13.8757,0.0149656
13.8772,0.014971
13.8787,0.0149764
13.8802,0.0149819
13.8817,0.0149873
13.8832,0.0149927
13.8847,0.0149982
13.8862,0.0150036
13.8877,0.015009
13.8892,0.0150145
13.8907,0.0150199
13.8922,0.0150253
13.8937,0.0150308
13.8952,0.0150362
13.8967,0.0150416
13.8982,0.0150471
13.8997,0.0150525
13.9012,0.0150579
13.9027,0.0150633
13.9042,0.0150688
13.9057,0.0150742
13.9072,0.0150796
13.9087,0.0150851
13.9102,0.0150905
13.9117,0.0150959
13.9132,0.0151014
13.9147,0.0151068
13.9162,0.0151122
13.9177,0.0151177
13.9192,0.0151231
13.9207,0.0151285
13.9222,0.015134
13.9237,0.0151394
13.9252,0.0151448
13.9267,0.0151503
13.9282,0.0151557
13.9297,0.0151611
13.9312,0.0151666
13.9327,0.015172
13.9342,0.0151774
13.9357,0.0151828
13.9372,0.0151883
13.9387,0.0151937
13.9402,0.0151991
13.9417,0.0152046
13.9432,0.01521
13.9447,0.0152154
13.9462,0.0152209
13.9477,0.0152263
13.9492,0.0152317
13.9507,0.0152372
13.9522,0.0152426
13.9537,0.015248
13.9552,0.0152535
13.9567,0.0152589
13.9582,0.0152643
13.9597,0.0152698
13.9612,0.0152752
13.9627,0.0152806
13.9642,0.0152861
13.9657,0.0152915
13.9672,0.0152969
13.9687,0.0153023
13.9702,0.0153078
13.9717,0.0153132
13.9732,0.0153186
13.9747,0.0153241
13.9762,0.0153295
13.9777,0.0153349
13.9792,0.0153404
13.9807,0.0153458
13.9822,0.0153512
13.9837,0.0153567
13.9852,0.0153621
13.9867,0.0153675
13.9882,0.015373
13.9897,0.0153784
13.9912,0.0153838
13.9927,0.0153893
13.9942,0.0153947
13.9957,0.0154001
13.9972,0.0154056
13.9987,0.015411
14.0002,0.0154164
14.0017,0.0154218
14.0032,0.0154273
14.0047,0.0154327
14.0062,0.0154381
14.0077,0.0154436
14.0092,0.015449
14.0107,0.0154544
14.0122,0.0154599
14.0137,0.0154653
14.0152,0.0154707
14.0167,0.0154762
14.0182,0.0154816
14.0197,0.015487
14.0212,0.0154925
14.0227,0.0154979
14.0242,0.0155033
14.0257,0.0155088
14.0272,0.0155142
14.0287,0.0155196
14.0302,0.015525
14.0317,0.0155305
14.0332,0.0155359
14.0347,0.0155413
14.0362,0.0155468
14.0377,0.0155522
14.0392,0.0155576
14.0407,0.0155631
14.0422,0.0155685
14.0437,0.0155739
14.0452,0.0155794
14.0467,0.0155848
14.0482,0.0155902
14.0497,0.0155956
14.0512,0.0156011
14.0527,0.0156065
14.0542,0.0156119
14.0557,0.0156174
14.0572,0.0156228
14.0587,0.0156282
14.0602,0.0156337
14.0617,0.0156391
14.0632,0.0156445
14.0647,0.0156499
14.0662,0.0156554
14.0677,0.0156608
14.0692,0.0156662
14.0707,0.0156717
14.0722,0.0156771
14.0737,0.0156825
14.0752,0.015688
14.0767,0.0156934
14.0782,0.0156988
14.0797,0.0157043
14.0812,0.0157097
14.0827,0.0157151
14.0842,0.0157205
14.0857,0.015726
14.0872,0.0157314
14.0887,0.0157368
14.0902,0.0157423
14.0917,0.0157477
14.0932,0.0157531
14.0947,0.0157586
14.0962,0.015764
14.0977,0.0157694
14.0992,0.0157748
14.1007,0.0157803
14.1022,0.0157857
14.1037,0.0157911
14.1052,0.0157966
14.1067,0.015802
14.1082,0.0158074
14.1097,0.0158129
14.1112,0.0158183
14.1127,0.0158237
14.1142,0.0158292
14.1157,0.0158346
14.1172,0.01584
14.1187,0.0158454
14.1202,0.0158509
14.1217,0.0158563
14.1232,0.0158617
14.1247,0.0158672
14.1262,0.0158726
14.1277,0.015878
14.1292,0.0158835
14.1307,0.0158889
14.1322,0.0158943
14.1337,0.0158997
14.1352,0.0159052
14.1367,0.0159106
14.1382,0.015916
14.1397,0.0159215
14.1412,0.0159269
14.1427,0.0159323
14.1442,0.0159378
14.1457,0.0159432
14.1472,0.0159486
14.1487,0.0159541
14.1502,0.0159595
14.1517,0.0159649
14.1532,0.0159703
14.1547,0.0159758
14.1562,0.0159812
14.1577,0.0159866
14.1592,0.0159921
14.1607,0.0159975
14.1622,0.0160029
14.1637,0.0160083
14.1652,0.0160138
14.1667,0.0160192
14.1682,0.0160246
14.1697,0.0160301
14.1712,0.0160355
14.1727,0.0160409
14.1742,0.0160463
14.1757,0.0160518
14.1772,0.0160572
14.1787,0.0160626
14.1802,0.0160681
14.1817,0.0160735
14.1832,0.0160789
14.1847,0.0160843
14.1862,0.0160898
14.1877,0.0160952
14.1892,0.0161006
14.1907,0.0161061
14.1922,0.0161115
14.1937,0.0161169
14.1952,0.0161224
14.1967,0.0161278
14.1982,0.0161332
14.1997,0.0161386
14.2012,0.0161441
14.2027,0.0161495
14.2042,0.0161549
14.2057,0.0161604
14.2072,0.0161658
14.2087,0.0161712
14.2102,0.0161766
14.2118,0.0161821
14.2133,0.0161875
14.2148,0.0161929
14.2163,0.0161984
14.2178,0.0162038
14.2193,0.0162092
14.2208,0.0162146
14.2223,0.0162201
14.2238,0.0162255
14.2253,0.0162309
14.2268,0.0162364
14.2283,0.0162418
14.2298,0.0162472
14.2313,0.0162526
14.2328,0.0162581
14.2343,0.0162635
14.2358,0.0162689
14.2373,0.0162744
14.2388,0.0162798
14.2403,0.0162852
14.2418,0.0162907
14.2433,0.0162961
14.2448,0.0163015
14.2463,0.0163069
14.2478,0.0163124
14.2493,0.0163178
14.2508,0.0163232
14.2523,0.0163286
14.2538,0.0163341
14.2553,0.0163395
14.2568,0.0163449
14.2583,0.0163504
14.2598,0.0163558
14.2613,0.0163612
14.2628,0.0163666
14.2643,0.016372
14.2658,0.0163774
14.2673,0.0163829
14.2688,0.0163883
14.2703,0.0163937
14.2718,0.0163991
14.2733,0.0164045
14.2748,0.0164099
14.2763,0.0164152
14.2778,0.0164206
14.2793,0.016426
14.2808,0.0164314
14.2823,0.0164367
14.2838,0.0164421
14.2853,0.0164474
14.2868,0.0164528
14.2883,0.0164581
14.2898,0.0164634
14.2913,0.0164688
14.2928,0.0164741
14.2943,0.0164794
14.2958,0.0164846
14.2973,0.0164899
14.2988,0.0164952
14.3003,0.0165004
14.3018,0.0165056
14.3033,0.0165108
14.3048,0.016516
14.3063,0.0165212
14.3078,0.0165264
14.3093,0.0165315
14.3108,0.0165367
14.3123,0.0165418
14.3138,0.0165469
14.3153,0.0165519
14.3168,0.016557
14.3183,0.016562
14.3198,0.016567
14.3213,0.016572
14.3228,0.0165769
14.3243,0.0165819
14.3258,0.0165868
14.3273,0.0165917
14.3288,0.0165965
14.3303,0.0166014
14.3318,0.0166062
14.3333,0.0166109
14.3348,0.0166157
14.3363,0.0166204
14.3378,0.0166251
14.3393,0.0166298
14.3408,0.0166344
14.3423,0.016639
14.3438,0.0166435
14.3453,0.0166481
14.3468,0.0166526
14.3483,0.016657
14.3498,0.0166615
14.3513,0.0166659
14.3528,0.0166702
14.3543,0.0166746
14.3558,0.0166789
14.3573,0.0166831
14.3588,0.0166873
14.3603,0.0166915
14.3618,0.0166956
14.3633,0.0166996
14.3648,0.0167036
14.3663,0.0167074
14.3678,0.0167111
14.3693,0.0167146
14.3708,0.016718
14.3723,0.0167211
14.3738,0.0167241
14.3753,0.0167269
14.3768,0.0167294
14.3783,0.0167316
14.3798,0.0167336
14.3813,0.0167353
14.3828,0.0167366
14.3843,0.0167376
14.3858,0.0167382
14.3873,0.0167384
14.3888,0.0167382
14.3903,0.0167376
14.3918,0.0167365
14.3933,0.0167349
14.3948,0.0167328
14.3963,0.0167301
14.3978,0.0167269
14.3993,0.016723
14.4008,0.0167186
14.4023,0.0167134
14.4038,0.0167076
14.4053,0.016701
14.4068,0.0166937
14.4083,0.0166856
14.4098,0.0166766
14.4113,0.0166668
14.4128,0.0166561
14.4143,0.0166444
14.4158,0.0166318
14.4173,0.0166182
14.4188,0.0166035
14.4203,0.0165877
14.4218,0.0165702
14.4233,0.0165509
14.4248,0.0165295
14.4263,0.016506
14.4278,0.0164803
14.4293,0.0164523
14.4308,0.016422
14.4323,0.0163891
14.4338,0.0163537
14.4353,0.0163156
14.4368,0.0162747
14.4383,0.016231
14.4398,0.0161843
14.4413,0.0161345
14.4428,0.0160816
14.4443,0.0160256
14.4458,0.0159662
14.4473,0.0159036
14.4488,0.0158376
14.4503,0.0157669
14.4518,0.0156914
14.4533,0.0156111
14.4548,0.0155261
14.4563,0.0154364
14.4578,0.015342
14.4593,0.0152431
14.4608,0.0151971
14.4623,0.0152024
14.4638,0.0152078
14.4653,0.0152132
14.4668,0.0152186
14.4683,0.0152239
14.4698,0.0152293
14.4713,0.0152347
14.4728,0.0152401
14.4743,0.0152454
14.4758,0.0152508
14.4773,0.0152562
14.4788,0.0152616
14.4803,0.0152669
14.4818,0.0152723
14.4833,0.0152777
14.4848,0.0152831
14.4863,0.0152884
14.4878,0.0152938
14.4893,0.0152992
14.4908,0.0153046
14.4923,0.0153099
14.4938,0.0153153
14.4953,0.0153207
14.4968,0.015326
14.4983,0.0153314
14.4998,0.0153368
14.5013,0.0153422
14.5028,0.0153475
14.5043,0.0153529
14.5058,0.0153583
14.5073,0.0153637
14.5088,0.015369
14.5103,0.0153744
14.5118,0.0153798
14.5133,0.0153852
14.5148,0.0153905
14.5163,0.0153959
14.5178,0.0154013
14.5193,0.0154067
14.5208,0.015412
14.5223,0.0154174
14.5238,0.0154228
14.5253,0.0154282
14.5268,0.0154335
14.5283,0.0154389
14.5298,0.0154443
14.5313,0.0154497
14.5328,0.015455
14.5343,0.0154604
14.5358,0.0154658
14.5373,0.0154712
14.5388,0.0154765
14.5403,0.0154819
14.5418,0.0154873
14.5433,0.0154927
14.5448,0.015498
14.5463,0.0155034
14.5478,0.0155088
14.5493,0.0155142
14.5508,0.0155195
14.5523,0.0155249
14.5538,0.0155303
14.5553,0.0155357
14.5568,0.015541
14.5583,0.0155464
14.5598,0.0155518
14.5613,0.0155572
14.5628,0.0155625
14.5643,0.0155679
14.5658,0.0155733
14.5673,0.0155787
14.5688,0.015584
14.5703,0.0155894
14.5718,0.0155948
14.5733,0.0156001
14.5748,0.0156055
14.5763,0.0156109
14.5778,0.0156163
14.5793,0.0156216
14.5808,0.015627
14.5823,0.0156324
14.5838,0.0156378
14.5853,0.0156431
14.5868,0.0156485
14.5883,0.0156539
14.5898,0.0156593
14.5913,0.0156646
14.5928,0.01567
14.5943,0.0156754
14.5958,0.0156808
14.5973,0.0156861
14.5988,0.0156915
14.6003,0.0156969
14.6018,0.0157023
14.6033,0.0157076
14.6048,0.015713
14.6063,0.0157184
14.6078,0.0157238
14.6093,0.0157291
14.6108,0.0157345
14.6123,0.0157399
14.6138,0.0157453
14.6153,0.0157506
14.6168,0.015756
14.6183,0.0157614
14.6198,0.0157668
14.6213,0.0157721
14.6228,0.0157775
14.6243,0.0157829
14.6258,0.0157883
14.6273,0.0157936
14.6288,0.015799
14.6303,0.0158044
14.6318,0.0158098
14.6333,0.0158151
14.6348,0.0158205
14.6363,0.0158259
14.6378,0.0158313
14.6393,0.0158366
14.6408,0.015842
14.6423,0.0158474
14.6438,0.0158528
14.6453,0.0158581
14.6468,0.0158635
14.6483,0.0158689
14.6498,0.0158743
14.6513,0.0158796
14.6528,0.015885
14.6543,0.0158904
14.6558,0.0158958
14.6573,0.0159011
14.6588,0.0159065
14.6603,0.0159119
14.6618,0.0159173
14.6633,0.0159226
14.6648,0.015928
14.6663,0.0159334
14.6678,0.0159388
14.6693,0.0159441
14.6708,0.0159495
14.6723,0.0159549
14.6738,0.0159603
14.6753,0.0159656
14.6768,0.015971
14.6783,0.0159764
14.6798,0.0159818
14.6813,0.0159871
14.6828,0.0159925
14.6843,0.0159979
14.6858,0.0160033
14.6873,0.0160086
14.6888,0.016014
14.6903,0.0160194
14.6918,0.0160248
14.6933,0.0160301
14.6948,0.0160355
14.6963,0.0160409
14.6978,0.0160463
14.6993,0.0160516
14.7008,0.016057
14.7023,0.0160624
14.7038,0.0160678
14.7053,0.0160731
14.7068,0.0160785
14.7083,0.0160839
14.7098,0.0160892
14.7113,0.0160946
14.7128,0.0161
14.7143,0.0161054
14.7158,0.0161107
14.7173,0.0161161
14.7188,0.0161215
14.7203,0.0161269
14.7218,0.0161322
14.7233,0.0161376
14.7248,0.016143
14.7263,0.0161484
14.7278,0.0161537
14.7293,0.0161591
14.7308,0.0161645
14.7323,0.0161699
14.7338,0.0161752
14.7353,0.0161806
14.7368,0.016186
14.7383,0.0161914
14.7398,0.0161967
14.7413,0.0162021
14.7428,0.0162075
14.7443,0.0162129
14.7458,0.0162182
14.7473,0.0162236
14.7488,0.016229
14.7503,0.0162344
14.7518,0.0162397
14.7533,0.0162451
14.7548,0.0162505
14.7563,0.0162559
14.7578,0.0162612
14.7593,0.0162666
14.7608,0.016272
14.7623,0.0162774
14.7638,0.0162827
14.7653,0.0162881
14.7668,0.0162935
14.7683,0.0162989
14.7698,0.0163042
14.7713,0.0163096
14.7728,0.016315
14.7743,0.0163204
14.7758,0.0163257
14.7773,0.0163311
14.7788,0.0163365
14.7803,0.0163419
14.7818,0.0163472
14.7833,0.0163526
14.7848,0.016358
14.7863,0.0163634
14.7878,0.0163687
14.7893,0.0163741
14.7908,0.0163795
14.7923,0.0163849
14.7938,0.0163902
14.7953,0.0163956
14.7968,0.016401
14.7983,0.0164064
14.7998,0.0164117
14.8013,0.0164171
14.8028,0.0164225
14.8043,0.0164279
14.8058,0.0164332
14.8073,0.0164386
14.8088,0.016444
14.8103,0.0164494
14.8118,0.0164547
14.8133,0.0164601
14.8148,0.0164655
14.8163,0.0164709
14.8178,0.0164762
14.8193,0.0164816
14.8208,0.016487
14.8223,0.0164924
14.8238,0.0164977
14.8253,0.0165031
14.8268,0.0165085
14.8283,0.0165139
14.8298,0.0165192
14.8313,0.0165246
14.8328,0.01653
14.8343,0.0165354
14.8358,0.0165407
14.8373,0.0165461
14.8388,0.0165515
14.8403,0.0165569
14.8418,0.0165622
14.8433,0.0165676
14.8448,0.016573
14.8463,0.0165784
14.8478,0.0165837
14.8493,0.0165891
14.8508,0.0165945
14.8523,0.0165999
14.8538,0.0166052
14.8553,0.0166106
14.8568,0.016616
14.8583,0.0166214
14.8598,0.0166267
14.8613,0.0166321
14.8628,0.0166375
14.8643,0.0166429
14.8658,0.0166482
14.8673,0.0166536
14.8688,0.016659
14.8703,0.0166644
14.8718,0.0166697
14.8733,0.0166751
14.8748,0.0166805
14.8763,0.0166859
14.8778,0.0166912
14.8793,0.0166966
14.8808,0.016702
14.8823,0.0167074
14.8838,0.0167127
14.8853,0.0167181
14.8868,0.0167235
14.8883,0.0167289
14.8898,0.0167342
14.8913,0.0167396
14.8928,0.016745
14.8943,0.0167504
14.8958,0.0167557
14.8973,0.0167611
14.8988,0.0167665
14.9003,0.0167719
14.9018,0.0167773
14.9033,0.0167826
14.9048,0.016788
14.9063,0.0167934
14.9078,0.0167987
14.9093,0.0168041
14.9108,0.0168095
14.9123,0.0168149
14.9138,0.0168203
14.9153,0.0168256
14.9168,0.016831
14.9183,0.0168364
14.9198,0.0168418
14.9213,0.0168471
14.9228,0.0168525
14.9243,0.0168579
14.9258,0.0168633
14.9273,0.0168686
14.9288,0.016874
14.9303,0.0168794
14.9318,0.0168848
14.9333,0.0168901
14.9348,0.0168955
14.9363,0.0169009
14.9378,0.0169063
14.9393,0.0169116
14.9408,0.016917
14.9423,0.0169224
14.9438,0.0169278
14.9453,0.0169331
14.9468,0.0169385
14.9483,0.0169439
14.9498,0.0169493
14.9513,0.0169546
14.9528,0.01696
14.9543,0.0169654
14.9558,0.0169708
14.9573,0.0169761
14.9588,0.0169815
14.9603,0.0169869
14.9618,0.0169923
14.9633,0.0169976
14.9648,0.017003
14.9663,0.0170084
14.9678,0.0170138
14.9693,0.0170191
14.9708,0.0170245
14.9723,0.0170299
14.9738,0.0170353
14.9753,0.0170406
14.9768,0.017046
14.9783,0.0170514
14.9798,0.0170568
14.9813,0.0170621
14.9828,0.0170675
14.9843,0.0170729
14.9858,0.0170783
14.9873,0.0170836
14.9888,0.017089
14.9903,0.0170944
14.9918,0.0170998
14.9933,0.0171051
14.9948,0.0171105
14.9963,0.0171159
14.9978,0.0171213
14.9993,0.0171266
15.0008,0.017132
15.0023,0.0171374
15.0038,0.0171428
15.0053,0.0171481
15.0068,0.0171535
15.0083,0.0171589
15.0098,0.0171643
15.0113,0.0171696
15.0128,0.017175
15.0143,0.0171804
15.0158,0.0171858
15.0173,0.0171911
15.0188,0.0171965
15.0203,0.0172019
15.0218,0.0172073
15.0233,0.0172126
15.0248,0.017218
15.0263,0.0172234
15.0278,0.0172288
15.0293,0.0172341
15.0308,0.0172395
15.0323,0.0172449
15.0338,0.0172503
15.0353,0.0172556
15.0368,0.017261
15.0383,0.0172664
15.0398,0.0172718
15.0413,0.0172771
15.0428,0.0172825
15.0443,0.0172879
15.0458,0.0172933
15.0473,0.0172987
15.0488,0.017304
15.0503,0.0173094
15.0518,0.0173148
15.0533,0.0173202
15.0548,0.0173255
15.0563,0.0173309
15.0578,0.0173363
15.0593,0.0173417
15.0608,0.017347
15.0623,0.0173524
15.0638,0.0173578
15.0653,0.0173632
15.0668,0.0173685
15.0683,0.0173739
15.0698,0.0173793
15.0713,0.0173847
15.0728,0.01739
15.0743,0.0173954
15.0758,0.0174008
15.0773,0.0174062
15.0788,0.0174115
15.0803,0.0174169
15.0818,0.0174223
15.0833,0.0174277
15.0848,0.017433
15.0863,0.0174384
15.0878,0.0174438
15.0893,0.0174492
15.0908,0.0174545
15.0923,0.0174599
15.0938,0.0174653
15.0953,0.0174707
15.0968,0.017476
15.0983,0.0174814
15.0998,0.0174868
15.1013,0.0174922
15.1028,0.0174975
15.1043,0.0175029
15.1058,0.0175083
15.1073,0.0175137
15.1088,0.017519
15.1103,0.0175244
15.1118,0.0175298
15.1133,0.0175352
15.1148,0.0175405
15.1163,0.0175459
15.1178,0.0175513
15.1193,0.0175567
15.1208,0.017562
15.1223,0.0175674
15.1238,0.0175728
15.1253,0.0175782
15.1268,0.0175835
15.1283,0.0175889
15.1298,0.0175943
15.1313,0.0175997
15.1328,0.017605
15.1343,0.0176104
15.1358,0.0176158
15.1373,0.0176212
15.1388,0.0176266
15.1403,0.0176319
15.1418,0.0176373
15.1433,0.0176427
15.1448,0.0176481
15.1463,0.0176534
15.1478,0.0176588
15.1493,0.0176642
15.1508,0.0176696
15.1523,0.0176749
15.1538,0.0176803
15.1553,0.0176857
15.1568,0.0176911
15.1583,0.0176964
15.1598,0.0177018
15.1613,0.0177072
15.1628,0.0177126
15.1643,0.0177179
15.1658,0.0177233
15.1673,0.0177287
15.1688,0.0177341
15.1703,0.0177394
15.1718,0.0177448
15.1733,0.0177502
15.1748,0.0177556
15.1763,0.0177609
15.1778,0.0177663
15.1793,0.0177717
15.1808,0.0177771
15.1823,0.0177824
15.1838,0.0177878
15.1853,0.0177932
15.1868,0.0177986
15.1883,0.0178039
15.1898,0.0178093
15.1913,0.0178147
15.1928,0.0178201
15.1943,0.0178254
15.1958,0.0178308
15.1973,0.0178362
15.1988,0.0178416
15.2003,0.0178469
15.2018,0.0178523
15.2033,0.0178577
15.2048,0.0178631
15.2063,0.0178685
15.2078,0.0178738
15.2093,0.0178792
15.2108,0.0178846
15.2123,0.01789
15.2138,0.0178953
15.2153,0.0179007
15.2168,0.0179061
15.2183,0.0179115
15.2198,0.0179168
15.2213,0.0179222
15.2228,0.0179276
15.2243,0.017933
15.2258,0.0179383
15.2273,0.0179437
15.2288,0.0179491
15.2303,0.0179545
15.2318,0.0179598
15.2333,0.0179652
15.2348,0.0179706
15.2363,0.017976
15.2378,0.0179813
15.2393,0.0179867
15.2408,0.0179921
15.2423,0.0179975
15.2438,0.0180028
15.2453,0.0180082
15.2468,0.0180136
15.2483,0.018019
15.2498,0.0180243
15.2513,0.0180297
15.2528,0.0180351
15.2543,0.0180405
15.2558,0.0180458
15.2573,0.0180512
15.2588,0.0180566
15.2603,0.018062
15.2618,0.0180673
15.2633,0.0180727
15.2648,0.0180781
15.2663,0.0180835
15.2678,0.0180889
15.2693,0.0180942
15.2708,0.0180996
15.2723,0.018105
15.2738,0.0181104
15.2753,0.0181157
15.2768,0.0181211
15.2783,0.0181265
15.2798,0.0181319
15.2813,0.0181372
15.2828,0.0181426
15.2843,0.018148
15.2858,0.0181534
15.2873,0.0181587
15.2888,0.0181641
15.2903,0.0181695
15.2918,0.0181749
15.2933,0.0181802
15.2948,0.0181856
15.2963,0.018191
15.2978,0.0181964
15.2993,0.0182017
15.3008,0.0182071
15.3023,0.0182125
15.3038,0.0182179
15.3053,0.0182232
15.3068,0.0182286
15.3083,0.018234
15.3098,0.0182394
15.3113,0.0182447
15.3128,0.0182501
15.3143,0.0182555
15.3158,0.0182609
15.3173,0.0182662
15.3188,0.0182716
15.3203,0.018277
15.3218,0.0182824
15.3233,0.0182878
15.3248,0.0182931
15.3263,0.0182985
15.3278,0.0183039
15.3293,0.0183093
15.3308,0.0183146
15.3323,0.01832
15.3338,0.0183254
15.3353,0.0183308
15.3368,0.0183361
15.3383,0.0183415
15.3398,0.0183469
15.3413,0.0183523
15.3428,0.0183576
15.3443,0.018363
15.3458,0.0183684
15.3473,0.0183738
15.3488,0.0183791
15.3503,0.0183845
15.3518,0.0183899
15.3533,0.0183953
15.3548,0.0184006
15.3563,0.018406
15.3578,0.0184114
15.3593,0.0184168
15.3608,0.0184221
15.3623,0.0184275
15.3638,0.0184329
15.3653,0.0184383
15.3668,0.0184436
15.3684,0.018449
15.3699,0.0184544
15.3714,0.0184598
15.3729,0.0184652
15.3744,0.0184705
15.3759,0.0184759
15.3774,0.0184813
15.3789,0.0184867
15.3804,0.018492
15.3819,0.0184974
15.3834,0.0185028
15.3849,0.0185082
15.3864,0.0185135
15.3879,0.0185189
15.3894,0.0185243
15.3909,0.0185297
15.3924,0.018535
15.3939,0.0185404
15.3954,0.0185458
15.3969,0.0185512
15.3984,0.0185565
15.3999,0.0185619
15.4014,0.0185673
15.4029,0.0185727
15.4044,0.018578
15.4059,0.0185834
15.4074,0.0185888
15.4089,0.0185942
15.4104,0.0185995
15.4119,0.0186049
15.4134,0.0186103
15.4149,0.0186157
15.4164,0.018621
15.4179,0.0186264
15.4194,0.0186318
15.4209,0.0186372
15.4224,0.0186426
15.4239,0.0186479
15.4254,0.0186533
15.4269,0.0186587
15.4284,0.0186641
15.4299,0.0186694
15.4314,0.0186748
15.4329,0.0186802
15.4344,0.0186856
15.4359,0.0186909
15.4374,0.0186963
15.4389,0.0187017
15.4404,0.0187071
15.4419,0.0187124
15.4434,0.0187178
15.4449,0.0187232
15.4464,0.0187286
15.4479,0.0187339
15.4494,0.0187393
15.4509,0.0187447
15.4524,0.0187501
15.4539,0.0187554
15.4554,0.0187608
15.4569,0.0187662
15.4584,0.0187716
15.4599,0.0187769
15.4614,0.0187823
15.4629,0.0187877
15.4644,0.0187931
15.4659,0.0187985
15.4674,0.0188038
15.4689,0.0188092
15.4704,0.0188146
15.4719,0.01882
15.4734,0.0188253
15.4749,0.0188307
15.4764,0.0188361
15.4779,0.0188415
15.4794,0.0188468
15.4809,0.0188522
15.4824,0.0188576
15.4839,0.018863
15.4854,0.0188683
15.4869,0.0188737
15.4884,0.0188791
15.4899,0.0188845
15.4914,0.0188898
15.4929,0.0188952
15.4944,0.0189006
15.4959,0.018906
15.4974,0.0189113
15.4989,0.0189167
15.5004,0.0189221
15.5019,0.0189275
15.5034,0.0189328
15.5049,0.0189382
15.5064,0.0189436
15.5079,0.018949
15.5094,0.0189544
15.5109,0.0189597
15.5124,0.0189651
15.5139,0.0189705
15.5154,0.0189759
15.5169,0.0189812
15.5184,0.0189866
15.5199,0.018992
15.5214,0.0189974
15.5229,0.0190027
15.5244,0.0190081
15.5259,0.0190135
15.5274,0.0190189
15.5289,0.0190242
15.5304,0.0190296
15.5319,0.019035
15.5334,0.0190404
15.5349,0.0190457
15.5364,0.0190511
15.5379,0.0190565
15.5394,0.0190619
15.5409,0.0190672
15.5424,0.0190726
15.5439,0.019078
15.5454,0.0190834
15.5469,0.0190888
15.5484,0.0190941
15.5499,0.0190995
15.5514,0.0191049
15.5529,0.0191103
15.5544,0.0191156
15.5559,0.019121
15.5574,0.0191264
15.5589,0.0191318
15.5604,0.0191371
15.5619,0.0191425
15.5634,0.0191479
15.5649,0.0191533
15.5664,0.0191586
15.5679,0.019164
15.5694,0.0191694
15.5709,0.0191748
15.5724,0.0191801
15.5739,0.0191855
15.5754,0.0191909
15.5769,0.0191963
15.5784,0.0192016
15.5799,0.019207
15.5814,0.0192124
15.5829,0.0192178
15.5844,0.0192232
15.5859,0.0192285
15.5874,0.0192339
15.5889,0.0192393
15.5904,0.0192447
15.5919,0.01925
15.5934,0.0192554
15.5949,0.0192608
15.5964,0.0192662
15.5979,0.0192715
15.5994,0.0192769
15.6009,0.0192823
15.6024,0.0192877
15.6039,0.019293
15.6054,0.0192984
15.6069,0.0193038
15.6084,0.0193092
15.6099,0.0193145
15.6114,0.0193199
15.6129,0.0193253
15.6144,0.0193307
15.6159,0.019336
15.6174,0.0193414
15.6189,0.0193468
15.6204,0.0193522
15.6219,0.0193576
15.6234,0.0193629
15.6249,0.0193683
15.6264,0.0193737
15.6279,0.0193791
15.6294,0.0193844
15.6309,0.0193898
15.6324,0.0193952
15.6339,0.0194006
15.6354,0.0194059
15.6369,0.0194113
15.6384,0.0194167
15.6399,0.0194221
15.6414,0.0194274
15.6429,0.0194328
15.6444,0.0194382
15.6459,0.0194436
15.6474,0.0194489
15.6489,0.0194543
15.6504,0.0194597
15.6519,0.0194651
15.6534,0.0194704
15.6549,0.0194758
15.6564,0.0194812
15.6579,0.0194866
15.6594,0.019492
15.6609,0.0194973
15.6624,0.0195027
15.6639,0.0195081
15.6654,0.0195135
15.6669,0.0195188
15.6684,0.0195242
15.6699,0.0195296
15.6714,0.019535
15.6729,0.0195403
15.6744,0.0195457
15.6759,0.0195511
15.6774,0.0195565
15.6789,0.0195618
15.6804,0.0195672
15.6819,0.0195726
15.6834,0.019578
15.6849,0.0195833
15.6864,0.0195887
15.6879,0.0195941
15.6894,0.0195995
15.6909,0.0196049
15.6924,0.0196102
15.6939,0.0196156
15.6954,0.019621
15.6969,0.0196264
15.6984,0.0196317
15.6999,0.0196371
15.7014,0.0196425
15.7029,0.0196479
15.7044,0.0196532
15.7059,0.0196586
15.7074,0.019664
15.7089,0.0196694
15.7104,0.0196747
15.7119,0.0196801
15.7134,0.0196855
15.7149,0.0196909
15.7164,0.0196962
15.7179,0.0197016
15.7194,0.019707
15.7209,0.0197124
15.7224,0.0197178
15.7239,0.0197231
15.7254,0.0197285
15.7269,0.0197339
15.7284,0.0197393
15.7299,0.0197446
15.7314,0.01975
15.7329,0.0197554
15.7344,0.0197608
15.7359,0.0197661
15.7374,0.0197715
15.7389,0.0197769
15.7404,0.0197823
15.7419,0.0197876
15.7434,0.019793
15.7449,0.0197984
15.7464,0.0198038
15.7479,0.0198091
15.7494,0.0198145
15.7509,0.0198199
15.7524,0.0198253
15.7539,0.0198307
15.7554,0.019836
15.7569,0.0198414
15.7584,0.0198468
15.7599,0.0198522
15.7614,0.0198575
15.7629,0.0198629
15.7644,0.0198683
15.7659,0.0198737
15.7674,0.019879
15.7689,0.0198844
15.7704,0.0198898
15.7719,0.0198952
15.7734,0.0199005
15.7749,0.0199059
15.7764,0.0199113
15.7779,0.0199167
15.7794,0.019922
15.7809,0.0199274
15.7824,0.0199328
15.7839,0.0199382
15.7854,0.0199435
15.7869,0.0199489
15.7884,0.0199543
15.7899,0.0199597
15.7914,0.0199651
15.7929,0.0199704
15.7944,0.0199758
15.7959,0.0199812
15.7974,0.0199866
15.7989,0.0199919
15.8004,0.0199973
15.8019,0.0200027
15.8034,0.0200081
15.8049,0.0200134
15.8064,0.0200188
15.8079,0.0200242
15.8094,0.0200296
15.8109,0.0200349
15.8124,0.0200403
15.8139,0.0200457
15.8154,0.0200511
15.8169,0.0200564
15.8184,0.0200618
15.8199,0.0200672
15.8214,0.0200726
15.8229,0.020078
15.8244,0.0200833
15.8259,0.0200887
15.8274,0.0200941
15.8289,0.0200995
15.8304,0.0201048
15.8319,0.0201102
15.8334,0.0201156
15.8349,0.020121
15.8364,0.0201263
15.8379,0.0201317
15.8394,0.0201371
15.8409,0.0201425
15.8424,0.0201478
15.8439,0.0201532
15.8454,0.0201584
15.8469,0.0201637
15.8484,0.0201688
15.8499,0.0201739
15.8514,0.0201788
15.8529,0.0201836
15.8544,0.0201882
15.8559,0.0201927
15.8574,0.020197
15.8589,0.0202011
15.8604,0.020205
15.8619,0.0202087
15.8634,0.020212
15.8649,0.0202151
15.8664,0.0202179
15.8679,0.0202204
15.8694,0.0202226
15.8709,0.0202243
15.8724,0.0202256
15.8739,0.0202265
15.8754,0.0202268
15.8769,0.0202266
15.8784,0.0202257
15.8799,0.0202242
15.8814,0.020222
15.8829,0.0202191
15.8844,0.0202153
15.8859,0.0202108
15.8874,0.0202053
15.8889,0.0201988
15.8904,0.0201913
15.8919,0.0201827
15.8934,0.0201729
15.8949,0.0201619
15.8964,0.0201496
15.8979,0.0201359
15.8994,0.0201207
15.9009,0.020104
15.9024,0.0200857
15.9039,0.0200651
15.9054,0.0200417
15.9069,0.0200155
15.9084,0.0199862
15.9099,0.0199536
15.9114,0.0199176
15.9129,0.019878
15.9144,0.0198348
15.9159,0.0197876
15.9174,0.0197364
15.9189,0.019681
15.9204,0.0196212
15.9219,0.0195569
15.9234,0.019488
15.9249,0.0194143
15.9264,0.0193357
15.9279,0.0192521
15.9294,0.0192145
15.9309,0.0192196
15.9324,0.0192246
15.9339,0.0192296
15.9354,0.0192346
15.9369,0.0192396
15.9384,0.0192447
15.9399,0.0192497
15.9414,0.0192547
15.9429,0.0192597
15.9444,0.0192647
15.9459,0.0192698
15.9474,0.0192748
15.9489,0.0192798
15.9504,0.0192848
15.9519,0.0192899
15.9534,0.0192949
15.9549,0.0192999
15.9564,0.0193049
15.9579,0.0193099
15.9594,0.019315
15.9609,0.01932
15.9624,0.019325
15.9639,0.01933
15.9654,0.0193351
15.9669,0.0193401
15.9684,0.0193451
15.9699,0.0193501
15.9714,0.0193552
15.9729,0.0193602
15.9744,0.0193652
15.9759,0.0193702
15.9774,0.0193753
15.9789,0.0193803
15.9804,0.0193853
15.9819,0.0193903
15.9834,0.0193954
15.9849,0.0194004
15.9864,0.0194054
15.9879,0.0194105
15.9894,0.0194155
15.9909,0.0194205
15.9924,0.0194255
15.9939,0.0194306
15.9954,0.0194356
15.9969,0.0194406
15.9984,0.0194456
15.9999,0.0194507
16.0014,0.0194557
16.0029,0.0194607
16.0044,0.0194658
16.0059,0.0194708
16.0074,0.0194758
16.0089,0.0194809
16.0104,0.0194859
16.0119,0.0194909
16.0134,0.0194959
16.0149,0.019501
16.0164,0.019506
16.0179,0.019511
16.0194,0.0195161
16.0209,0.0195211
16.0224,0.0195261
16.0239,0.0195312
16.0254,0.0195362
16.0269,0.0195412
16.0284,0.0195463
16.0299,0.0195513
16.0314,0.0195563
16.0329,0.0195614
16.0344,0.0195664
16.0359,0.0195714
16.0374,0.0195765
16.0389,0.0195815
16.0404,0.0195865
16.0419,0.0195916
16.0434,0.0195966
16.0449,0.0196016
16.0464,0.0196067
16.0479,0.0196117
16.0494,0.0196167
16.0509,0.0196218
16.0524,0.0196268
16.0539,0.0196318
16.0554,0.0196369
16.0569,0.0196419
16.0584,0.0196469
16.0599,0.019652
16.0614,0.019657
16.0629,0.019662
16.0644,0.0196671
16.0659,0.0196721
16.0674,0.0196772
16.0689,0.0196822
16.0704,0.0196872
16.0719,0.0196923
16.0734,0.0196973
16.0749,0.0197023
16.0764,0.0197074
16.0779,0.0197124
16.0794,0.0197175
16.0809,0.0197225
16.0824,0.0197275
16.0839,0.0197326
16.0854,0.0197376
16.0869,0.0197427
16.0884,0.0197477
16.0899,0.0197527
16.0914,0.0197578
16.0929,0.0197628
16.0944,0.0197679
16.0959,0.0197729
16.0974,0.0197779
16.0989,0.019783
16.1003,0.019788
16.1018,0.0197931
16.1033,0.0197981
16.1048,0.0198031
16.1063,0.0198082
16.1078,0.0198132
16.1093,0.0198183
16.1108,0.0198233
16.1123,0.0198283
16.1138,0.0198334
16.1153,0.0198384
16.1168,0.0198435
16.1183,0.0198485
16.1198,0.0198536
16.1213,0.0198586
16.1228,0.0198636
16.1243,0.0198687
16.1258,0.0198737
16.1273,0.0198788
16.1288,0.0198838
16.1303,0.0198889
16.1318,0.0198939
16.1333,0.019899
16.1348,0.019904
16.1363,0.019909
16.1378,0.0199141
16.1393,0.0199191
16.1408,0.0199242
16.1423,0.0199292
16.1438,0.0199343
16.1453,0.0199393
16.1468,0.0199444
16.1483,0.0199494
16.1498,0.0199545
16.1513,0.0199595
16.1528,0.0199646
16.1543,0.0199696
16.1558,0.0199746
16.1573,0.0199797
16.1588,0.0199847
16.1603,0.0199898
16.1618,0.0199948
16.1633,0.0199999
16.1648,0.0200049
16.1663,0.02001
16.1678,0.020015
16.1693,0.0200201
16.1708,0.0200251
16.1723,0.0200302
16.1738,0.0200352
16.1753,0.0200403
16.1768,0.0200453
16.1783,0.0200504
16.1798,0.0200554
16.1813,0.0200605
16.1828,0.0200655
16.1843,0.0200706
16.1858,0.0200756
16.1873,0.0200807
16.1888,0.0200857
16.1903,0.0200908
16.1918,0.0200958
16.1933,0.0201009
16.1948,0.0201059
16.1963,0.020111
16.1978,0.020116
16.1993,0.0201211
16.2008,0.0201261
16.2023,0.0201312
16.2038,0.0201363
16.2053,0.0201413
16.2068,0.0201464
16.2083,0.0201514
16.2098,0.0201565
16.2113,0.0201615
16.2128,0.0201666
16.2143,0.0201716
16.2158,0.0201767
16.2173,0.0201817
16.2188,0.0201868
16.2203,0.0201918
16.2218,0.0201969
16.2233,0.020202
16.2248,0.020207
16.2263,0.0202121
16.2278,0.0202171
16.2293,0.0202222
16.2308,0.0202272
16.2323,0.0202323
16.2338,0.0202373
16.2353,0.0202424
16.2368,0.0202475
16.2383,0.0202525
16.2398,0.0202576
16.2413,0.0202626
16.2428,0.0202677
16.2443,0.0202727
16.2458,0.0202778
16.2473,0.0202829
16.2488,0.0202879
16.2503,0.020293
16.2518,0.020298
16.2533,0.0203031
16.2548,0.0203081
16.2563,0.0203132
16.2578,0.0203183
16.2593,0.0203233
16.2608,0.0203284
16.2623,0.0203334
16.2638,0.0203385
16.2653,0.0203436
16.2668,0.0203486
16.2683,0.0203537
16.2698,0.0203587
16.2713,0.0203638
16.2728,0.0203689
16.2743,0.0203739
16.2758,0.020379
16.2773,0.020384
16.2788,0.0203891
16.2803,0.0203942
16.2817,0.0203992
16.2832,0.0204043
16.2847,0.0204093
16.2862,0.0204144
16.2877,0.0204195
16.2892,0.0204245
16.2907,0.0204296
16.2922,0.0204347
16.2937,0.0204397
16.2952,0.0204448
16.2967,0.0204498
16.2982,0.0204549
16.2997,0.02046
16.3012,0.020465
16.3027,0.0204701
16.3042,0.0204752
16.3057,0.0204802
16.3072,0.0204853
16.3087,0.0204904
16.3102,0.0204954
16.3117,0.0205005
16.3132,0.0205056
16.3147,0.0205106
16.3162,0.0205157
16.3177,0.0205207
16.3192,0.0205258
16.3207,0.0205309
16.3222,0.0205359
16.3237,0.020541
16.3252,0.0205461
16.3267,0.0205511
16.3282,0.0205562
16.3297,0.0205613
16.3312,0.0205663
16.3327,0.0205714
16.3342,0.0205765
16.3357,0.0205815
16.3372,0.0205866
16.3387,0.0205917
16.3402,0.0205967
16.3417,0.0206018
16.3432,0.0206069
16.3447,0.0206119
16.3462,0.020617
16.3477,0.0206221
16.3492,0.0206272
16.3507,0.0206322
16.3522,0.0206373
16.3537,0.0206424
16.3552,0.0206474
16.3567,0.0206525
16.3582,0.0206576
16.3597,0.0206626
16.3612,0.020668
16.3627,0.0206733
16.3642,0.0206786
16.3657,0.020684
16.3672,0.0206893
16.3687,0.0206947
16.3702,0.0207
16.3717,0.0207054
16.3732,0.0207107
16.3747,0.020716
16.3762,0.0207214
16.3777,0.0207267
16.3792,0.0207321
16.3807,0.0207374
16.3822,0.0207428
16.3837,0.0207481
16.3852,0.0207534
16.3867,0.0207588
16.3882,0.0207641
16.3897,0.0207695
16.3912,0.0207748
16.3927,0.0207802
16.3942,0.0207855
16.3957,0.0207908
16.3972,0.0207962
16.3987,0.0208015
16.4002,0.0208069
16.4017,0.0208122
16.4032,0.0208176
16.4047,0.0208229
16.4062,0.0208282
16.4077,0.0208336
16.4092,0.0208389
16.4107,0.0208443
16.4122,0.0208496
16.4137,0.020855
16.4152,0.0208603
16.4167,0.0208656
16.4182,0.020871
16.4197,0.0208763
16.4212,0.0208817
16.4227,0.020887
16.4242,0.0208924
16.4257,0.0208977
16.4272,0.0209031
16.4287,0.0209084
16.4302,0.0209137
16.4317,0.0209191
16.4332,0.0209244
16.4347,0.0209298
16.4362,0.0209351
16.4377,0.0209405
16.4392,0.0209458
16.4407,0.0209511
16.4422,0.0209565
16.4437,0.0209618
16.4452,0.0209672
16.4467,0.0209725
16.4482,0.0209779
16.4497,0.0209832
16.4512,0.0209886
16.4527,0.0209939
16.4542,0.0209992
16.4557,0.0210046
16.4572,0.0210099
16.4587,0.0210153
16.4602,0.0210206
16.4617,0.021026
16.4632,0.0210313
16.4646,0.0210366
16.4661,0.021042
16.4676,0.0210473
16.4691,0.0210527
16.4706,0.021058
16.4721,0.0210634
16.4736,0.0210687
16.4751,0.0210741
16.4766,0.0210794
16.4781,0.0210847
16.4796,0.0210901
16.4811,0.0210954
16.4826,0.0211008
16.4841,0.0211061
16.4856,0.0211115
16.4871,0.0211168
16.4886,0.0211222
16.4901,0.0211275
16.4916,0.0211328
16.4931,0.0211382
16.4946,0.0211435
16.4961,0.0211489
16.4976,0.0211542
16.4991,0.0211596
16.5006,0.0211649
16.5021,0.0211702
16.5036,0.0211756
16.5051,0.0211809
16.5066,0.0211863
16.5081,0.0211916
16.5096,0.021197
16.5111,0.0212023
16.5126,0.0212077
16.5141,0.021213
16.5156,0.0212183
16.5171,0.0212237
16.5186,0.021229
16.5201,0.0212344
16.5216,0.0212397
16.5231,0.0212451
16.5246,0.0212504
16.5261,0.0212558
16.5276,0.0212611
16.5291,0.0212665
16.5306,0.0212718
16.5321,0.0212771
16.5336,0.0212825
16.5351,0.0212878
16.5366,0.0212932
16.5381,0.0212985
16.5396,0.0213039
16.5411,0.0213092
16.5426,0.0213146
16.5441,0.0213199
16.5456,0.0213252
16.5471,0.0213306
16.5486,0.0213359
16.5501,0.0213413
16.5516,0.0213466
16.5531,0.021352
16.5546,0.0213573
16.5561,0.0213627
16.5576,0.021368
16.5591,0.0213733
16.5606,0.0213787
16.5621,0.021384
16.5636,0.0213894
16.5651,0.0213947
16.5666,0.0214001
16.5681,0.0214054
16.5696,0.0214108
16.5711,0.0214161
16.5726,0.0214215
16.5741,0.0214268
16.5756,0.0214321
16.5771,0.0214375
16.5786,0.0214428
16.5801,0.0214482
16.5816,0.0214535
16.5831,0.0214589
16.5846,0.0214642
16.5861,0.0214696
16.5876,0.0214749
16.5891,0.0214803
16.5906,0.0214856
16.5921,0.0214909
16.5936,0.0214963
16.5951,0.0215016
16.5966,0.021507
16.5981,0.0215123
16.5996,0.0215177
16.6011,0.021523
16.6026,0.0215284
16.6041,0.0215337
16.6056,0.0215391
16.6071,0.0215444
16.6086,0.0215497
16.6101,0.0215551
16.6116,0.0215604
16.6131,0.0215658
16.6146,0.0215711
16.6161,0.0215765
16.6176,0.0215818
16.6191,0.0215872
16.6206,0.0215925
16.6221,0.0215979
16.6236,0.0216032
16.6251,0.0216085
16.6266,0.0216139
16.6281,0.0216192
16.6296,0.0216246
16.6311,0.0216299
16.6326,0.0216353
16.6341,0.0216406
16.6356,0.021646
16.6371,0.0216513
16.6386,0.0216567
16.6401,0.021662
16.6416,0.0216674
16.6431,0.0216727
16.6446,0.021678
16.646,0.0216834
16.6475,0.0216887
16.649,0.0216941
16.6505,0.0216994
16.652,0.0217048
16.6535,0.0217101
16.655,0.0217155
16.6565,0.0217208
16.658,0.0217262
16.6595,0.0217315
16.661,0.0217368
16.6625,0.0217422
16.664,0.0217475
16.6655,0.0217529
16.667,0.0217582
16.6685,0.0217636
16.67,0.0217689
16.6715,0.0217743
16.673,0.0217796
16.6745,0.021785
16.676,0.0217903
16.6775,0.0217957
16.679,0.021801
16.6805,0.0218063
16.682,0.0218117
16.6835,0.021817
16.685,0.0218224
16.6865,0.0218277
16.688,0.0218331
16.6895,0.0218384
16.691,0.0218438
16.6925,0.0218491
16.694,0.0218545
16.6955,0.0218598
16.697,0.0218652
16.6985,0.0218705
16.7,0.0218759
16.7015,0.0218812
16.703,0.0218865
16.7045,0.0218919
16.706,0.0218972
16.7075,0.0219026
16.709,0.0219079
16.7105,0.0219133
16.712,0.0219186
16.7135,0.021924
16.715,0.0219293
16.7165,0.0219347
16.718,0.02194
16.7195,0.0219454
16.721,0.0219507
16.7225,0.0219561
16.724,0.0219614
16.7255,0.0219667
16.727,0.0219721
16.7285,0.0219774
16.73,0.0219828
16.7315,0.0219881
16.733,0.0219935
16.7345,0.0219988
16.736,0.0220042
16.7375,0.0220095
16.739,0.0220149
16.7405,0.0220202
16.742,0.0220256
16.7435,0.0220309
16.745,0.0220363
16.7465,0.0220416
16.748,0.022047
16.7495,0.0220523
16.751,0.0220576
16.7525,0.022063
16.754,0.0220683
16.7555,0.0220737
16.757,0.022079
16.7585,0.0220844
16.76,0.0220897
16.7615,0.0220951
16.763,0.0221004
16.7645,0.0221058
16.766,0.0221111
16.7675,0.0221165
16.769,0.0221218
16.7705,0.0221272
16.772,0.0221325
16.7735,0.0221379
16.775,0.0221432
16.7765,0.0221485
16.778,0.0221539
16.7795,0.0221592
16.781,0.0221646
16.7825,0.0221699
16.784,0.0221753
16.7855,0.0221806
16.787,0.022186
16.7885,0.0221913
16.79,0.0221967
16.7915,0.022202
16.793,0.0222074
16.7945,0.0222127
16.796,0.0222181
16.7975,0.0222234
16.799,0.0222288
16.8005,0.0222341
16.802,0.0222395
16.8035,0.0222448
16.805,0.0222501
16.8065,0.0222554
16.808,0.0222607
16.8095,0.0222659
16.811,0.0222709
16.8125,0.0222758
16.814,0.0222806
16.8155,0.0222851
16.817,0.0222894
16.8185,0.0222935
16.82,0.0222973
16.8215,0.0223007
16.823,0.0223037
16.8245,0.0223062
16.826,0.0223082
16.8274,0.0223096
16.8289,0.0223104
16.8304,0.0223104
16.8319,0.0223097
16.8334,0.0223082
16.8349,0.0223058
16.8364,0.0223024
16.8379,0.0222981
16.8394,0.0222926
16.8409,0.0222975
16.8424,0.0223026
16.8439,0.0223077
16.8454,0.0223128
16.8469,0.0223179
16.8484,0.0223231
16.8499,0.0223282
16.8514,0.0223333
16.8529,0.0223384
16.8544,0.0223435
16.8559,0.0223486
16.8574,0.0223538
16.8589,0.0223589
16.8604,0.022364
16.8619,0.0223691
16.8634,0.0223742
16.8649,0.0223793
16.8664,0.0223845
16.8679,0.0223896
16.8694,0.0223947
16.8709,0.0223998
16.8724,0.0224049
16.8739,0.02241
16.8754,0.0224152
16.8769,0.0224203
16.8784,0.0224254
16.8799,0.0224305
16.8814,0.0224356
16.8829,0.0224407
16.8844,0.0224459
16.8859,0.022451
16.8874,0.0224561
16.8889,0.0224612
16.8904,0.0224663
16.8919,0.0224715
16.8934,0.0224766
16.8949,0.0224817
16.8964,0.0224868
16.8979,0.0224919
16.8994,0.022497
16.9009,0.0225022
16.9024,0.0225073
16.9039,0.0225124
16.9054,0.0225175
16.9069,0.0225226
16.9084,0.0225278
16.9099,0.0225329
16.9114,0.022538
16.9129,0.0225431
16.9144,0.0225482
16.9159,0.0225534
16.9174,0.0225585
16.9189,0.0225636
16.9204,0.0225687
16.9219,0.0225739
16.9234,0.022579
16.9249,0.0225841
16.9264,0.0225892
16.9279,0.0225943
16.9294,0.0225995
16.9309,0.0226046
16.9324,0.0226097
16.9339,0.0226148
16.9354,0.0226199
16.9369,0.0226251
16.9384,0.0226302
16.9399,0.0226353
16.9414,0.0226404
16.9429,0.0226456
16.9444,0.0226507
16.9459,0.0226558
16.9474,0.0226609
16.9489,0.0226661
16.9504,0.0226712
16.9519,0.0226763
16.9534,0.0226814
16.9549,0.0226865
16.9564,0.0226916
16.9579,0.0226966
16.9594,0.0227016
16.9609,0.0227066
16.9624,0.0227116
16.9639,0.0227165
16.9654,0.0227214
16.9669,0.0227262
16.9684,0.0227311
16.9699,0.0227359
16.9714,0.0227406
16.9729,0.0227454
16.9744,0.0227501
16.9759,0.0227548
16.9774,0.0227595
16.9789,0.0227641
16.9804,0.0227688
16.9819,0.0227734
16.9834,0.0227781
16.9849,0.0227827
16.9864,0.0227874
16.9879,0.022792
16.9894,0.0227967
16.9909,0.0228014
16.9924,0.022806
16.9939,0.0228107
16.9954,0.0228152
16.9969,0.0228197
16.9984,0.0228241
16.9999,0.0228285
17.0014,0.0228327
17.0029,0.0228368
17.0044,0.0228408
17.0059,0.0228446
17.0074,0.0228483
17.0089,0.0228518
17.0103,0.0228551
17.0118,0.0228583
17.0133,0.0228613
17.0148,0.0228642
17.0163,0.0228668
17.0178,0.0228693
17.0193,0.0228716
17.0208,0.0228738
17.0223,0.0228757
17.0238,0.0228776
17.0253,0.0228792
17.0268,0.0228808
17.0283,0.0228822
17.0298,0.0228835
17.0313,0.0228846
17.0328,0.0228857
17.0343,0.0228868
17.0358,0.0228877
17.0373,0.0228887
17.0388,0.0228895
17.0403,0.0228903
17.0418,0.022891
17.0433,0.0228916
17.0448,0.022892
17.0463,0.0228923
17.0478,0.0228924
17.0493,0.0228924
17.0508,0.0228922
17.0523,0.0228918
17.0538,0.0228911
17.0553,0.0228903
17.0568,0.0228892
17.0583,0.0228879
17.0598,0.0228863
17.0613,0.0228844
17.0628,0.0228823
17.0643,0.0228798
17.0658,0.0228771
17.0673,0.022874
17.0688,0.0228706
17.0703,0.0228669
17.0718,0.0228628
17.0733,0.0228583
17.0748,0.0228535
17.0763,0.0228483
17.0778,0.0228428
17.0793,0.0228368
17.0808,0.0228305
17.0823,0.0228238
17.0838,0.0228167
17.0853,0.0228093
17.0868,0.0228015
17.0883,0.0227934
17.0898,0.022785
17.0913,0.0227762
17.0928,0.0227671
17.0943,0.0227575
17.0958,0.0227476
17.0973,0.0227373
17.0988,0.0227266
17.1003,0.0227155
17.1018,0.022704
17.1033,0.0226921
17.1048,0.0226799
17.1063,0.0226673
17.1078,0.0226545
17.1093,0.0226413
17.1108,0.0226278
17.1123,0.022614
17.1138,0.0226
17.1153,0.0225857
17.1168,0.0225712
17.1183,0.0225565
17.1198,0.0225415
17.1213,0.0225263
17.1228,0.0225108
17.1243,0.0224952
17.1258,0.0224792
17.1273,0.022463
17.1288,0.0224464
17.1303,0.0224296
17.1318,0.0224321
17.1333,0.0224374
17.1348,0.0224427
17.1363,0.022448
17.1378,0.0224533
17.1393,0.0224586
17.1408,0.0224639
17.1423,0.0224692
17.1438,0.0224745
17.1453,0.0224799
17.1468,0.0224852
17.1483,0.0224905
17.1498,0.0224958
17.1513,0.0225011
17.1528,0.0225064
17.1543,0.0225117
17.1558,0.022517
17.1573,0.0225223
17.1588,0.0225276
17.1603,0.0225329
17.1618,0.0225382
17.1633,0.0225435
17.1648,0.0225488
17.1663,0.0225541
17.1678,0.0225595
17.1693,0.0225648
17.1708,0.0225701
17.1723,0.0225754
17.1738,0.0225807
17.1753,0.022586
17.1768,0.0225913
17.1783,0.0225966
17.1798,0.0226019
17.1813,0.0226072
17.1828,0.0226125
17.1843,0.0226178
17.1858,0.0226231
17.1873,0.0226284
17.1888,0.0226338
17.1903,0.0226391
17.1917,0.0226444
17.1932,0.0226497
17.1947,0.022655
17.1962,0.0226603
17.1977,0.0226656
17.1992,0.0226709
17.2007,0.0226762
17.2022,0.0226815
17.2037,0.0226868
17.2052,0.0226921
17.2067,0.0226974
17.2082,0.0227028
17.2097,0.0227081
17.2112,0.0227134
17.2127,0.0227187
17.2142,0.022724
17.2157,0.0227293
17.2172,0.0227346
17.2187,0.0227399
17.2202,0.0227452
17.2217,0.0227505
17.2232,0.0227558
17.2247,0.0227611
17.2262,0.0227665
17.2277,0.0227718
17.2292,0.0227771
17.2307,0.0227824
17.2322,0.0227877
17.2337,0.022793
17.2352,0.0227983
17.2367,0.0228036
17.2382,0.0228089
17.2397,0.0228142
17.2412,0.0228195
17.2427,0.0228248
17.2442,0.0228302
17.2457,0.0228355
17.2472,0.0228408
17.2487,0.0228461
17.2502,0.0228514
17.2517,0.0228567
17.2532,0.022862
17.2547,0.0228673
17.2562,0.0228726
17.2577,0.0228779
17.2592,0.0228832
17.2607,0.0228885
17.2622,0.0228939
17.2637,0.0228992
17.2652,0.0229045
17.2667,0.0229098
17.2682,0.0229151
17.2697,0.0229204
17.2712,0.0229257
17.2727,0.022931
17.2742,0.0229363
17.2757,0.0229416
17.2772,0.022947
17.2787,0.0229523
17.2802,0.0229576
17.2817,0.0229629
17.2832,0.0229682
17.2847,0.0229735
17.2862,0.0229787
17.2877,0.0229838
17.2892,0.0229889
17.2907,0.0229938
17.2922,0.0229985
17.2937,0.0230031
17.2952,0.0230074
17.2967,0.0230115
17.2982,0.0230152
17.2997,0.0230187
17.3012,0.0230218
17.3027,0.0230245
17.3042,0.0230268
17.3057,0.0230286
17.3072,0.0230299
17.3087,0.0230307
17.3102,0.0230309
17.3117,0.0230305
17.3132,0.0230295
17.3147,0.0230277
17.3162,0.0230252
17.3177,0.023022
17.3192,0.0230179
17.3207,0.023013
17.3222,0.0230072
17.3237,0.0230004
17.3252,0.0229926
17.3267,0.0229836
17.3282,0.0229735
17.3297,0.0229621
17.3312,0.0229493
17.3327,0.022935
17.3342,0.0229192
17.3357,0.0229018
17.3372,0.0228826
17.3387,0.0228617
17.3402,0.0228389
17.3417,0.0228142
17.3432,0.0227875
17.3447,0.0227586
17.3462,0.0227276
17.3477,0.0226943
17.3492,0.0226587
17.3507,0.0226208
17.3522,0.0225803
17.3537,0.0225373
17.3552,0.0224917
17.3567,0.0224435
17.3582,0.0223925
17.3597,0.0223387
17.3612,0.0222821
17.3627,0.0222225
17.3642,0.0221573
17.3657,0.0220851
17.3672,0.0220056
17.3687,0.021919
17.3702,0.0218253
17.3717,0.0217245
17.3731,0.0216168
17.3746,0.0215024
17.3761,0.0213815
17.3776,0.02127
17.3791,0.02126
17.3806,0.0212491
17.3821,0.0212373
17.3836,0.0212246
17.3851,0.0212109
17.3866,0.0211963
17.3881,0.0211808
17.3896,0.0211643
17.3911,0.0211468
17.3926,0.0211284
17.3941,0.021109
17.3956,0.0210887
17.3971,0.0210674
17.3986,0.0210453
17.4001,0.0210222
17.4016,0.0209983
17.4031,0.0209735
17.4046,0.0209479
17.4061,0.0209215
17.4076,0.0208937
17.4091,0.0208632
17.4106,0.0208301
17.4121,0.0207942
17.4136,0.0207555
17.4151,0.0207142
17.4166,0.02067
17.4181,0.0206232
17.4196,0.0205736
17.4211,0.0205214
17.4226,0.0204668
17.4241,0.0204098
17.4256,0.0203506
17.4271,0.0202895
17.4286,0.0202266
17.4301,0.0201621
17.4316,0.0200964
17.4331,0.0200295
17.4346,0.0199617
17.4361,0.0198934
17.4376,0.0198247
17.4391,0.019756
17.4406,0.0196874
17.4421,0.0196192
17.4436,0.0195518
17.4451,0.0194853
17.4466,0.01942
17.4481,0.0193561
17.4496,0.0192939
17.4511,0.0192337
17.4526,0.0191756
17.4541,0.0191198
17.4556,0.0190665
17.4571,0.019016
17.4586,0.0189684
17.4601,0.0189239
17.4616,0.0188826
17.4631,0.0188447
17.4646,0.0188102
17.4661,0.0187793
17.4676,0.018752
17.4691,0.0187285
17.4706,0.0187087
17.4721,0.0186927
17.4736,0.0186805
17.4751,0.0186721
17.4766,0.0186674
17.4781,0.0186664
17.4796,0.0186689
17.4811,0.0186749
17.4826,0.0186843
17.4841,0.0186968
17.4856,0.0187122
17.4871,0.0187303
17.4886,0.0187509
17.4901,0.0187737
17.4916,0.0187983
17.4931,0.0188244
17.4946,0.0188517
17.4961,0.0188797
17.4976,0.018908
17.4991,0.0189362
17.5006,0.0189639
17.5021,0.0189906
17.5036,0.0190158
17.5051,0.019039
17.5066,0.0190598
17.5081,0.0190775
17.5096,0.0190916
17.5111,0.0191018
17.5126,0.0191073
17.5141,0.0191078
17.5156,0.0191027
17.5171,0.0190915
17.5186,0.0190738
17.5201,0.019049
17.5216,0.0190193
17.5231,0.0189876
17.5246,0.0189539
17.5261,0.0189183
17.5276,0.0188809
17.5291,0.0188417
17.5306,0.0188009
17.5321,0.0187585
17.5336,0.0187146
17.5351,0.0186694
17.5366,0.0186229
17.5381,0.0185752
17.5396,0.0185265
17.5411,0.0184768
17.5426,0.0184262
17.5441,0.0183749
17.5456,0.0183228
17.5471,0.0182702
17.5486,0.0182171
17.5501,0.0181636
17.5516,0.0181098
17.5531,0.0180557
17.5546,0.0180016
17.556,0.0179473
17.5575,0.0178931
17.559,0.017839
17.5605,0.017785
17.562,0.0177314
17.5635,0.017678
17.565,0.017625
17.5665,0.0175725
17.568,0.0175205
17.5695,0.017469
17.571,0.0174181
17.5725,0.0173679
17.574,0.0173184
17.5755,0.0172697
17.577,0.0172217
17.5785,0.0172032
17.58,0.0172078
17.5815,0.0172124
17.583,0.017217
17.5845,0.0172216
17.586,0.0172262
17.5875,0.0172308
17.589,0.0172354
17.5905,0.01724
17.592,0.0172446
17.5935,0.0172492
17.595,0.0172538
17.5965,0.0172584
17.598,0.017263
17.5995,0.0172676
17.601,0.0172722
17.6025,0.0172768
17.604,0.0172814
17.6055,0.017286
17.607,0.0172906
17.6085,0.0172952
17.61,0.0172998
17.6115,0.0173044
17.613,0.017309
17.6145,0.0173136
17.616,0.0173182
17.6175,0.0173229
17.619,0.0173275
17.6205,0.0173321
17.622,0.0173367
17.6235,0.0173413
17.625,0.0173459
17.6265,0.0173505
17.628,0.0173551
17.6295,0.0173597
17.631,0.0173643
17.6325,0.017369
17.634,0.0173736
17.6355,0.0173782
17.637,0.0173828
17.6385,0.0173874
17.64,0.017392
17.6415,0.0173966
17.643,0.0174013
17.6445,0.0174059
17.646,0.0174105
17.6475,0.0174151
17.649,0.0174197
17.6505,0.0174243
17.652,0.017429
17.6535,0.0174336
17.655,0.0174382
17.6565,0.0174428
17.658,0.0174474
17.6595,0.0174521
17.661,0.0174567
17.6625,0.0174613
17.664,0.0174659
17.6655,0.0174705
17.667,0.017475
17.6685,0.0174795
17.67,0.017484
17.6715,0.0174885
17.673,0.0174929
17.6745,0.0174973
17.676,0.0175016
17.6775,0.0175058
17.679,0.0175101
17.6805,0.0175142
17.682,0.0175183
17.6835,0.0175223
17.685,0.0175263
17.6865,0.0175302
17.688,0.017534
17.6895,0.0175378
17.691,0.0175415
17.6925,0.0175452
17.694,0.0175488
17.6955,0.0175523
17.697,0.0175557
17.6985,0.0175591
17.7,0.0175625
17.7015,0.0175658
17.703,0.017569
17.7045,0.0175722
17.706,0.0175753
17.7075,0.0175783
17.709,0.0175811
17.7105,0.0175839
17.712,0.0175866
17.7135,0.0175891
17.715,0.0175914
17.7165,0.0175937
17.718,0.0175957
17.7195,0.0175976
17.721,0.0175992
17.7225,0.0176007
17.724,0.017602
17.7255,0.017603
17.727,0.0176039
17.7285,0.0176045
17.73,0.0176049
17.7315,0.017605
17.733,0.0176049
17.7345,0.0176045
17.736,0.0176039
17.7374,0.0176029
17.7389,0.0176017
17.7404,0.0176003
17.7419,0.0175985
17.7434,0.0175964
17.7449,0.0175941
17.7464,0.0175914
17.7479,0.0175884
17.7494,0.0175851
17.7509,0.0175815
17.7524,0.0175776
17.7539,0.0175734
17.7554,0.0175688
17.7569,0.017564
17.7584,0.0175615
17.7599,0.0175662
17.7614,0.0175709
17.7629,0.0175756
17.7644,0.0175803
17.7659,0.017585
17.7674,0.0175896
17.7689,0.0175943
17.7704,0.017599
17.7719,0.0176036
17.7734,0.0176083
17.7749,0.0176129
17.7764,0.0176175
17.7779,0.0176221
17.7794,0.0176267
17.7809,0.0176313
17.7824,0.0176359
17.7839,0.0176405
17.7854,0.0176451
17.7869,0.0176497
17.7884,0.0176542
17.7899,0.0176587
17.7914,0.0176632
17.7929,0.0176676
17.7944,0.017672
17.7959,0.0176763
17.7974,0.0176805
17.7989,0.0176847
17.8004,0.0176888
17.8019,0.0176927
17.8034,0.0176966
17.8049,0.0177004
17.8064,0.0177041
17.8079,0.0177076
17.8094,0.017711
17.8109,0.0177143
17.8124,0.0177175
17.8139,0.0177205
17.8154,0.0177234
17.8169,0.0177262
17.8184,0.0177288
17.8199,0.0177313
17.8214,0.0177336
17.8229,0.0177358
17.8244,0.0177379
17.8259,0.0177398
17.8274,0.0177415
17.8289,0.0177431
17.8304,0.0177446
17.8319,0.0177459
17.8334,0.0177471
17.8349,0.0177482
17.8364,0.0177491
17.8379,0.01775
17.8394,0.0177506
17.8409,0.0177511
17.8424,0.0177515
17.8439,0.0177516
17.8454,0.0177516
17.8469,0.0177514
17.8484,0.0177509
17.8499,0.0177503
17.8514,0.0177494
17.8529,0.0177483
17.8544,0.0177469
17.8559,0.0177453
17.8574,0.0177434
17.8589,0.0177413
17.8604,0.0177388
17.8619,0.0177362
17.8634,0.0177332
17.8649,0.01773
17.8664,0.0177264
17.8679,0.0177226
17.8694,0.0177185
17.8709,0.017714
17.8724,0.0177093
17.8739,0.0177043
17.8754,0.0176991
17.8769,0.0176945
17.8784,0.0176904
17.8799,0.0176868
17.8814,0.0176837
17.8829,0.0176813
17.8844,0.0176794
17.8859,0.0176782
17.8874,0.0176777
17.8889,0.017678
17.8904,0.0176789
17.8919,0.0176806
17.8934,0.0176831
17.8949,0.0176865
17.8964,0.0176907
17.8979,0.0176958
17.8994,0.0177019
17.9009,0.0177088
17.9024,0.0177168
17.9039,0.0177257
17.9054,0.0177355
17.9069,0.0177463
17.9084,0.0177581
17.9099,0.0177708
17.9114,0.0177844
17.9129,0.017799
17.9144,0.0178145
17.9159,0.0178308
17.9174,0.0178481
17.9188,0.0178663
17.9203,0.0178852
17.9218,0.017905
17.9233,0.0179256
17.9248,0.0179469
17.9263,0.0179689
17.9278,0.0179916
17.9293,0.0180149
17.9308,0.0180387
17.9323,0.018063
17.9338,0.0180877
17.9353,0.0181128
17.9368,0.0181381
17.9383,0.0181635
17.9398,0.018189
17.9413,0.0182144
17.9428,0.0182396
17.9443,0.0182644
17.9458,0.0182887
17.9473,0.0183124
17.9488,0.0183351
17.9503,0.0183569
17.9518,0.0183773
17.9533,0.0183963
17.9548,0.0184136
17.9563,0.0184288
17.9578,0.0184419
17.9593,0.0184524
17.9608,0.0184602
17.9623,0.018465
17.9638,0.0184664
17.9653,0.0184642
17.9668,0.0184582
17.9683,0.018448
17.9698,0.0184334
17.9713,0.0184141
17.9728,0.01839
17.9743,0.0183607
17.9758,0.018326
17.9773,0.0182858
17.9788,0.0182399
17.9803,0.0181884
17.9818,0.0181355
17.9833,0.0180811
17.9848,0.0180253
17.9863,0.0179681
17.9878,0.0179094
17.9893,0.0178493
17.9908,0.0177878
17.9923,0.017725
17.9938,0.0176608
17.9953,0.0175955
17.9968,0.0175291
17.9983,0.0174617
17.9998,0.0173934
18.0013,0.0173243
18.0028,0.0172547
18.0043,0.0171845
18.0058,0.0171139
18.0073,0.0170431
18.0088,0.0169721
18.0103,0.0169011
18.0118,0.0168303
18.0133,0.0167596
18.0148,0.0166893
18.0163,0.0166194
18.0178,0.0165501
18.0193,0.0164814
18.0208,0.0164784
18.0223,0.0164835
18.0238,0.0164885
18.0253,0.0164936
18.0268,0.0164986
18.0283,0.0165037
18.0298,0.0165087
18.0313,0.0165138
18.0328,0.0165188
18.0343,0.0165239
18.0358,0.0165289
18.0373,0.016534
18.0388,0.016539
18.0403,0.0165441
18.0418,0.0165491
18.0433,0.0165542
18.0448,0.0165592
18.0463,0.0165643
18.0478,0.0165693
18.0493,0.0165744
18.0508,0.0165794
18.0523,0.0165845
18.0538,0.0165895
18.0553,0.0165946
18.0568,0.0165996
18.0583,0.0166047
18.0598,0.0166097
18.0613,0.0166148
18.0628,0.0166198
18.0643,0.0166249
18.0658,0.0166299
18.0673,0.016635
18.0688,0.01664
18.0703,0.0166451
18.0718,0.0166501
18.0733,0.0166552
18.0748,0.0166603
18.0763,0.0166653
18.0778,0.0166704
18.0793,0.0166754
18.0808,0.0166805
18.0823,0.0166855
18.0838,0.0166906
18.0853,0.0166956
18.0868,0.0167007
18.0883,0.0167058
18.0898,0.0167108
18.0913,0.0167159
18.0928,0.0167209
18.0943,0.016726
18.0958,0.016731
18.0973,0.0167361
18.0988,0.0167411
18.1003,0.0167462
18.1017,0.0167513
18.1032,0.0167563
18.1047,0.0167614
18.1062,0.0167664
18.1077,0.0167715
18.1092,0.0167766
18.1107,0.0167816
18.1122,0.0167867
18.1137,0.0167917
18.1152,0.0167968
18.1167,0.0168018
18.1182,0.0168069
18.1197,0.016812
18.1212,0.016817
18.1227,0.0168221
18.1242,0.0168271
18.1257,0.0168322
18.1272,0.0168373
18.1287,0.0168423
18.1302,0.0168474
18.1317,0.0168525
18.1332,0.0168575
18.1347,0.0168626
18.1362,0.0168676
18.1377,0.0168727
18.1392,0.0168778
18.1407,0.0168828
18.1422,0.0168879
18.1437,0.016893
18.1452,0.016898
18.1467,0.0169031
18.1482,0.0169081
18.1497,0.0169132
18.1512,0.0169183
18.1527,0.0169233
18.1542,0.0169284
18.1557,0.0169335
18.1572,0.0169385
18.1587,0.0169436
18.1602,0.0169487
18.1617,0.0169537
18.1632,0.0169588
18.1647,0.0169639
18.1662,0.0169689
18.1677,0.016974
18.1692,0.0169791
18.1707,0.0169841
18.1722,0.0169892
18.1737,0.0169943
18.1752,0.0169993
18.1767,0.0170044
18.1782,0.0170095
18.1797,0.0170145
18.1812,0.0170196
18.1827,0.0170247
18.1842,0.0170297
18.1857,0.0170348
18.1872,0.0170399
18.1887,0.0170449
18.1902,0.01705
18.1917,0.0170551
18.1932,0.0170601
18.1947,0.0170652
18.1962,0.0170703
18.1977,0.0170754
18.1992,0.0170804
18.2007,0.0170855
18.2022,0.0170906
18.2037,0.0170956
18.2052,0.0171007
18.2067,0.0171058
18.2082,0.0171108
18.2097,0.0171159
18.2112,0.017121
18.2127,0.0171261
18.2142,0.0171311
18.2157,0.0171362
18.2172,0.0171413
18.2187,0.0171464
18.2202,0.0171514
18.2217,0.0171565
18.2232,0.0171616
18.2247,0.0171666
18.2262,0.0171717
18.2277,0.0171768
18.2292,0.0171819
18.2307,0.0171869
18.2322,0.017192
18.2337,0.0171971
18.2352,0.0172022
18.2367,0.0172072
18.2382,0.0172123
18.2397,0.0172174
18.2412,0.0172225
18.2427,0.0172275
18.2442,0.0172326
18.2457,0.0172377
18.2472,0.0172428
18.2487,0.0172478
18.2502,0.0172529
18.2517,0.017258
18.2532,0.0172631
18.2547,0.0172682
18.2562,0.0172732
18.2577,0.0172783
18.2592,0.0172834
18.2607,0.0172885
18.2622,0.0172935
18.2637,0.0172986
18.2652,0.0173037
18.2667,0.0173088
18.2682,0.0173139
18.2697,0.0173189
18.2712,0.017324
18.2727,0.0173291
18.2742,0.0173342
18.2757,0.0173393
18.2772,0.0173443
18.2787,0.0173494
18.2802,0.0173545
18.2817,0.0173596
18.2831,0.0173647
18.2846,0.0173697
18.2861,0.0173748
18.2876,0.0173799
18.2891,0.017385
18.2906,0.0173901
18.2921,0.0173951
18.2936,0.0174002
18.2951,0.0174053
18.2966,0.0174104
18.2981,0.0174155
18.2996,0.0174205
18.3011,0.0174256
18.3026,0.0174307
18.3041,0.0174358
18.3056,0.0174409
18.3071,0.017446
18.3086,0.017451
18.3101,0.0174561
18.3116,0.0174612
18.3131,0.0174663
18.3146,0.0174714
18.3161,0.0174765
18.3176,0.0174816
18.3191,0.0174866
18.3206,0.0174917
18.3221,0.0174968
18.3236,0.0175019
18.3251,0.017507
18.3266,0.0175121
18.3281,0.0175171
18.3296,0.0175222
18.3311,0.0175273
18.3326,0.0175324
18.3341,0.0175375
18.3356,0.0175426
18.3371,0.0175477
18.3386,0.0175528
18.3401,0.0175578
18.3416,0.0175629
18.3431,0.017568
18.3446,0.0175731
18.3461,0.0175782
18.3476,0.0175833
18.3491,0.0175884
18.3506,0.0175935
18.3521,0.0175985
18.3536,0.0176036
18.3551,0.0176087
18.3566,0.0176138
18.3581,0.0176189
18.3596,0.017624
18.3611,0.0176291
18.3626,0.0176342
18.3641,0.0176393
18.3656,0.0176444
18.3671,0.0176494
18.3686,0.0176545
18.3701,0.0176596
18.3716,0.0176647
18.3731,0.0176698
18.3746,0.0176749
18.3761,0.01768
18.3776,0.0176851
18.3791,0.0176902
18.3806,0.0176953
18.3821,0.0177004
18.3836,0.0177054
18.3851,0.0177105
18.3866,0.0177156
18.3881,0.0177207
18.3896,0.0177258
18.3911,0.0177309
18.3926,0.017736
18.3941,0.0177411
18.3956,0.0177462
18.3971,0.0177513
18.3986,0.0177564
18.4001,0.0177615
18.4016,0.0177666
18.4031,0.0177717
18.4046,0.0177768
18.4061,0.0177818
18.4076,0.0177869
18.4091,0.017792
18.4106,0.0177971
18.4121,0.0178022
18.4136,0.0178073
18.4151,0.0178124
18.4166,0.0178175
18.4181,0.0178226
18.4196,0.0178277
18.4211,0.0178328
18.4226,0.0178379
18.4241,0.017843
18.4256,0.0178481
18.4271,0.0178532
18.4286,0.0178583
18.4301,0.0178634
18.4316,0.0178685
18.4331,0.0178736
18.4346,0.0178787
18.4361,0.0178838
18.4376,0.0178889
18.4391,0.017894
18.4406,0.0178991
18.4421,0.0179042
18.4436,0.0179093
18.4451,0.0179144
18.4466,0.0179195
18.4481,0.0179246
18.4496,0.0179297
18.4511,0.0179348
18.4526,0.0179399
18.4541,0.017945
18.4556,0.0179501
18.4571,0.0179552
18.4586,0.0179603
18.4601,0.0179654
18.4616,0.0179705
18.4631,0.0179756
18.4646,0.0179807
18.466,0.0179858
18.4675,0.0179909
18.469,0.017996
18.4705,0.0180011
18.472,0.0180062
18.4735,0.0180113
18.475,0.0180164
18.4765,0.0180215
18.478,0.0180266
18.4795,0.0180317
18.481,0.0180368
18.4825,0.0180419
18.484,0.018047
18.4855,0.0180521
18.487,0.0180572
18.4885,0.0180623
18.49,0.0180674
18.4915,0.0180725
18.493,0.0180776
18.4945,0.0180827
18.496,0.0180878
18.4975,0.0180929
18.499,0.018098
18.5005,0.0181031
18.502,0.0181082
18.5035,0.0181134
18.505,0.0181185
18.5065,0.0181236
18.508,0.0181287
18.5095,0.0181338
18.511,0.0181389
18.5125,0.018144
18.514,0.0181491
18.5155,0.0181542
18.517,0.0181593
18.5185,0.0181644
18.52,0.0181695
18.5215,0.0181746
18.523,0.0181797
18.5245,0.0181848
18.526,0.01819
18.5275,0.0181951
18.529,0.0182002
18.5305,0.0182053
18.532,0.0182104
18.5335,0.0182155
18.535,0.0182206
18.5365,0.0182257
18.538,0.0182308
18.5395,0.0182359
18.541,0.018241
18.5425,0.0182461
18.544,0.0182513
18.5455,0.0182564
18.547,0.0182615
18.5485,0.0182666
18.55,0.0182717
18.5515,0.0182768
18.553,0.0182819
18.5545,0.018287
18.556,0.0182921
18.5575,0.0182973
18.559,0.0183024
18.5605,0.0183075
18.562,0.0183126
18.5635,0.0183177
18.565,0.0183228
18.5665,0.0183279
18.568,0.018333
18.5695,0.0183381
18.571,0.0183433
18.5725,0.0183484
18.574,0.0183535
18.5755,0.0183586
18.577,0.0183637
18.5785,0.0183688
18.58,0.0183739
18.5815,0.018379
18.583,0.0183842
18.5845,0.0183893
18.586,0.0183944
18.5875,0.0183995
18.589,0.0184046
18.5905,0.0184097
18.592,0.0184148
18.5935,0.01842
18.595,0.0184251
18.5965,0.0184302
18.598,0.0184353
18.5995,0.0184404
18.601,0.0184455
18.6025,0.0184506
18.604,0.0184558
18.6055,0.0184609
18.607,0.018466
18.6085,0.0184711
18.61,0.0184762
18.6115,0.0184813
18.613,0.0184865
18.6145,0.0184916
18.616,0.0184967
18.6175,0.0185018
18.619,0.0185069
18.6205,0.018512
18.622,0.0185172
18.6235,0.0185223
18.625,0.0185274
18.6265,0.0185325
18.628,0.0185376
18.6295,0.0185428
18.631,0.0185479
18.6325,0.018553
18.634,0.0185581
18.6355,0.0185632
18.637,0.0185683
18.6385,0.0185735
18.64,0.0185786
18.6415,0.0185837
18.643,0.0185888
18.6445,0.0185939
18.646,0.0185991
18.6474,0.0186042
18.6489,0.0186093
18.6504,0.0186144
18.6519,0.0186195
18.6534,0.0186247
18.6549,0.0186298
18.6564,0.0186349
18.6579,0.01864
18.6594,0.0186451
18.6609,0.0186503
18.6624,0.0186554
18.6639,0.0186605
18.6654,0.0186656
18.6669,0.0186708
18.6684,0.0186759
18.6699,0.018681
18.6714,0.0186861
18.6729,0.0186912
18.6744,0.0186964
18.6759,0.0187015
18.6774,0.0187066
18.6789,0.0187117
18.6804,0.0187169
18.6819,0.018722
18.6834,0.0187271
18.6849,0.0187322
18.6864,0.0187373
18.6879,0.0187425
18.6894,0.0187476
18.6909,0.0187527
18.6924,0.0187578
18.6939,0.018763
18.6954,0.0187681
18.6969,0.0187732
18.6984,0.0187783
18.6999,0.0187835
18.7014,0.0187886
18.7029,0.0187937
18.7044,0.0187988
18.7059,0.018804
18.7074,0.0188091
18.7089,0.0188142
18.7104,0.0188193
18.7119,0.0188245
18.7134,0.0188296
18.7149,0.0188347
18.7164,0.0188399
18.7179,0.018845
18.7194,0.0188501
18.7209,0.0188552
18.7224,0.0188604
18.7239,0.0188655
18.7254,0.0188706
18.7269,0.0188757
18.7284,0.0188809
18.7299,0.018886
18.7314,0.0188911
18.7329,0.0188963
18.7344,0.0189014
18.7359,0.0189065
18.7374,0.0189116
18.7389,0.0189168
18.7404,0.0189219
18.7419,0.018927
18.7434,0.0189322
18.7449,0.0189373
18.7464,0.0189424
18.7479,0.0189475
18.7494,0.0189527
18.7509,0.0189578
18.7524,0.0189629
18.7539,0.0189681
18.7554,0.0189732
18.7569,0.0189783
18.7584,0.0189835
18.7599,0.0189886
18.7614,0.0189937
18.7629,0.0189988
18.7644,0.019004
18.7659,0.0190091
18.7674,0.0190142
18.7689,0.0190194
18.7704,0.0190245
18.7719,0.0190296
18.7734,0.0190348
18.7749,0.0190399
18.7764,0.019045
18.7779,0.0190502
18.7794,0.0190553
18.7809,0.0190604
18.7824,0.0190656
18.7839,0.0190707
18.7854,0.0190758
18.7869,0.019081
18.7884,0.0190861
18.7899,0.0190912
18.7914,0.0190964
18.7929,0.0191015
18.7944,0.0191066
18.7959,0.0191118
18.7974,0.0191169
18.7989,0.019122
18.8004,0.0191272
18.8019,0.0191323
18.8034,0.0191374
18.8049,0.0191426
18.8064,0.0191477
18.8079,0.0191528
18.8094,0.019158
18.8109,0.0191631
18.8124,0.0191682
18.8139,0.0191734
18.8154,0.0191785
18.8169,0.0191836
18.8184,0.0191888
18.8199,0.0191939
18.8214,0.019199
18.8229,0.0192042
18.8244,0.0192093
18.8259,0.0192145
18.8274,0.0192196
18.8288,0.0192247
18.8303,0.0192299
18.8318,0.019235
18.8333,0.0192401
18.8348,0.0192453
18.8363,0.0192504
18.8378,0.0192556
18.8393,0.0192607
18.8408,0.0192658
18.8423,0.019271
18.8438,0.0192761
18.8453,0.0192812
18.8468,0.0192864
18.8483,0.0192915
18.8498,0.0192967
18.8513,0.0193018
18.8528,0.0193069
18.8543,0.0193121
18.8558,0.0193172
18.8573,0.0193224
18.8588,0.0193275
18.8603,0.0193326
18.8618,0.0193378
18.8633,0.0193429
18.8648,0.0193481
18.8663,0.0193532
18.8678,0.0193583
18.8693,0.0193635
18.8708,0.0193686
18.8723,0.0193738
18.8738,0.0193789
18.8753,0.019384
18.8768,0.0193892
18.8783,0.0193943
18.8798,0.0193995
18.8813,0.0194046
18.8828,0.0194097
18.8843,0.0194149
18.8858,0.01942
18.8873,0.0194252
18.8888,0.0194303
18.8903,0.0194354
18.8918,0.0194406
18.8933,0.0194457
18.8948,0.0194509
18.8963,0.019456
18.8978,0.0194612
18.8993,0.0194663
18.9008,0.0194714
18.9023,0.0194766
18.9038,0.0194817
18.9053,0.0194869
18.9068,0.019492
18.9083,0.0194972
18.9098,0.0195023
18.9113,0.0195075
18.9128,0.0195126
18.9143,0.0195177
18.9158,0.0195229
18.9173,0.019528
18.9188,0.0195332
18.9203,0.0195383
18.9218,0.0195435
18.9233,0.0195486
18.9248,0.0195538
18.9263,0.0195589
18.9278,0.019564
18.9293,0.0195692
18.9308,0.0195743
18.9323,0.0195795
18.9338,0.0195846
18.9353,0.0195898
18.9368,0.0195949
18.9383,0.0196001
18.9398,0.0196052
18.9413,0.0196104
18.9428,0.0196155
18.9443,0.0196206
18.9458,0.0196258
18.9473,0.0196309
18.9488,0.0196361
18.9503,0.0196412
18.9518,0.0196464
18.9533,0.0196515
18.9548,0.0196567
18.9563,0.0196618
18.9578,0.019667
18.9593,0.0196721
18.9608,0.0196773
18.9623,0.0196824
18.9638,0.0196876
18.9653,0.0196927
18.9668,0.0196979
18.9683,0.019703
18.9698,0.0197082
18.9713,0.0197133
18.9728,0.0197185
18.9743,0.0197236
18.9758,0.0197288
18.9773,0.0197339
18.9788,0.0197391
18.9803,0.0197442
18.9818,0.0197494
18.9833,0.0197545
18.9848,0.0197597
18.9863,0.0197648
18.9878,0.01977
18.9893,0.0197751
18.9908,0.0197803
18.9923,0.0197854
18.9938,0.0197906
18.9953,0.0197957
18.9968,0.0198009
18.9983,0.019806
18.9998,0.0198112
19.0013,0.0198163
19.0028,0.0198215
19.0043,0.0198266
19.0058,0.0198318
19.0073,0.0198369
19.0088,0.0198421
19.0103,0.0198472
19.0117,0.0198524
19.0132,0.0198575
19.0147,0.0198627
19.0162,0.0198678
19.0177,0.019873
19.0192,0.0198781
19.0207,0.0198833
19.0222,0.0198884
19.0237,0.0198936
19.0252,0.0198987
19.0267,0.0199039
19.0282,0.0199091
19.0297,0.0199142
19.0312,0.0199194
19.0327,0.0199245
19.0342,0.0199297
19.0357,0.0199348
19.0372,0.01994
19.0387,0.0199451
19.0402,0.0199503
19.0417,0.0199554
19.0432,0.0199606
19.0447,0.0199657
19.0462,0.0199709
19.0477,0.0199761
19.0492,0.0199812
19.0507,0.0199864
19.0522,0.0199915
19.0537,0.0199967
19.0552,0.0200018
19.0567,0.020007
19.0582,0.0200121
19.0597,0.0200173
19.0612,0.0200225
19.0627,0.0200276
19.0642,0.0200328
19.0657,0.0200379
19.0672,0.0200431
19.0687,0.0200482
19.0702,0.0200534
19.0717,0.0200586
19.0732,0.0200637
19.0747,0.0200689
19.0762,0.020074
19.0777,0.0200792
19.0792,0.0200843
19.0807,0.0200895
19.0822,0.0200947
19.0837,0.0200998
19.0852,0.020105
19.0867,0.0201101
19.0882,0.0201153
19.0897,0.0201204
19.0912,0.0201256
19.0927,0.0201308
19.0942,0.0201359
19.0957,0.0201411
19.0972,0.0201462
19.0987,0.0201514
19.1002,0.0201566
19.1017,0.0201617
19.1032,0.0201669
19.1047,0.020172
19.1062,0.0201772
19.1077,0.0201824
19.1092,0.0201875
19.1107,0.0201927
19.1122,0.0201978
19.1137,0.020203
19.1152,0.0202082
19.1167,0.0202133
19.1182,0.0202185
19.1197,0.0202236
19.1212,0.0202288
19.1227,0.020234
19.1242,0.0202391
19.1257,0.0202443
19.1272,0.0202494
19.1287,0.0202546
19.1302,0.0202598
19.1317,0.0202649
19.1332,0.0202701
19.1347,0.0202752
19.1362,0.0202804
19.1377,0.0202856
19.1392,0.0202907
19.1407,0.0202959
19.1422,0.0203011
19.1437,0.0203062
19.1452,0.0203114
19.1467,0.0203165
19.1482,0.0203217
19.1497,0.0203269
19.1512,0.020332
19.1527,0.0203372
19.1542,0.0203424
19.1557,0.0203475
19.1572,0.0203527
19.1587,0.0203578
19.1602,0.020363
19.1617,0.0203682
19.1632,0.0203733
19.1647,0.0203785
19.1662,0.0203837
19.1677,0.0203888
19.1692,0.020394
19.1707,0.0203992
19.1722,0.0204043
19.1737,0.0204095
19.1752,0.0204147
19.1767,0.0204198
19.1782,0.020425
19.1797,0.0204301
19.1812,0.0204353
19.1827,0.0204405
19.1842,0.0204456
19.1857,0.0204508
19.1872,0.020456
19.1887,0.0204611
19.1902,0.0204663
19.1917,0.0204715
19.1931,0.0204766
19.1946,0.0204818
19.1961,0.020487
19.1976,0.0204921
19.1991,0.0204973
19.2006,0.0205025
19.2021,0.0205076
19.2036,0.0205128
19.2051,0.020518
19.2066,0.0205231
19.2081,0.0205283
19.2096,0.0205335
19.2111,0.0205386
19.2126,0.0205438
19.2141,0.020549
19.2156,0.0205541
19.2171,0.0205593
19.2186,0.0205645
19.2201,0.0205696
19.2216,0.0205748
19.2231,0.02058
19.2246,0.0205851
19.2261,0.0205903
19.2276,0.0205955
19.2291,0.0206007
19.2306,0.0206058
19.2321,0.020611
19.2336,0.0206162
19.2351,0.0206213
19.2366,0.0206265
19.2381,0.0206317
19.2396,0.0206368
19.2411,0.020642
19.2426,0.0206472
19.2441,0.0206523
19.2456,0.0206575
19.2471,0.0206627
19.2486,0.0206679
19.2501,0.020673
19.2516,0.0206782
19.2531,0.0206834
19.2546,0.0206885
19.2561,0.0206937
19.2576,0.0206989
19.2591,0.020704
19.2606,0.0207092
19.2621,0.0207144
19.2636,0.0207196
19.2651,0.0207247
19.2666,0.0207299
19.2681,0.0207351
19.2696,0.0207402
19.2711,0.0207454
19.2726,0.0207506
19.2741,0.0207558
19.2756,0.0207609
19.2771,0.0207661
19.2786,0.0207713
19.2801,0.0207765
19.2816,0.0207816
19.2831,0.0207868
19.2846,0.020792
19.2861,0.0207971
19.2876,0.0208023
19.2891,0.0208075
19.2906,0.0208127
19.2921,0.0208178
19.2936,0.020823
19.2951,0.0208282
19.2966,0.0208334
19.2981,0.0208385
19.2996,0.0208437
19.3011,0.0208489
19.3026,0.020854
19.3041,0.0208592
19.3056,0.0208644
19.3071,0.0208696
19.3086,0.0208747
19.3101,0.0208799
19.3116,0.0208851
19.3131,0.0208903
19.3146,0.0208954
19.3161,0.0209006
19.3176,0.0209058
19.3191,0.020911
19.3206,0.0209161
19.3221,0.0209213
19.3236,0.0209265
19.3251,0.0209317
19.3266,0.0209368
19.3281,0.020942
19.3296,0.0209472
19.3311,0.0209524
19.3326,0.0209575
19.3341,0.0209627
19.3356,0.0209679
19.3371,0.0209731
19.3386,0.0209782
19.3401,0.0209834
19.3416,0.0209886
19.3431,0.0209938
19.3446,0.020999
19.3461,0.0210041
19.3476,0.0210093
19.3491,0.0210145
19.3506,0.0210197
19.3521,0.0210248
19.3536,0.02103
19.3551,0.0210352
19.3566,0.0210404
19.3581,0.0210455
19.3596,0.0210507
19.3611,0.0210559
19.3626,0.0210611
19.3641,0.0210663
19.3656,0.0210714
19.3671,0.0210766
19.3686,0.0210818
19.3701,0.021087
19.3716,0.0210922
19.3731,0.0210973
19.3745,0.0211025
19.376,0.0211077
19.3775,0.0211129
19.379,0.021118
19.3805,0.0211232
19.382,0.0211284
19.3835,0.0211336
19.385,0.0211388
19.3865,0.0211439
19.388,0.0211491
19.3895,0.0211543
19.391,0.0211595
19.3925,0.0211647
19.394,0.0211698
19.3955,0.021175
19.397,0.0211802
19.3985,0.0211854
19.4,0.0211906
19.4015,0.0211957
19.403,0.0212009
19.4045,0.0212061
19.406,0.0212113
19.4075,0.0212165
19.409,0.0212216
19.4105,0.0212268
19.412,0.021232
19.4135,0.0212372
19.415,0.0212424
19.4165,0.0212476
19.418,0.0212527
19.4195,0.0212579
19.421,0.0212631
19.4225,0.0212683
19.424,0.0212735
19.4255,0.0212786
19.427,0.0212838
19.4285,0.021289
19.43,0.0212942
19.4315,0.0212994
19.433,0.0213046
19.4345,0.0213097
19.436,0.0213149
19.4375,0.0213201
19.439,0.0213253
19.4405,0.0213305
19.442,0.0213357
19.4435,0.0213408
19.445,0.021346
19.4465,0.0213512
19.448,0.0213564
19.4495,0.0213616
19.451,0.0213668
19.4525,0.0213719
19.454,0.0213771
19.4555,0.0213823
19.457,0.0213875
19.4585,0.0213927
19.46,0.0213979
19.4615,0.021403
19.463,0.0214082
19.4645,0.0214134
19.466,0.0214186
19.4675,0.0214238
19.469,0.021429
19.4705,0.0214341
19.472,0.0214393
19.4735,0.0214445
19.475,0.0214497
19.4765,0.0214549
19.478,0.0214601
19.4795,0.0214653
19.481,0.0214704
19.4825,0.0214756
19.484,0.0214808
19.4855,0.021486
19.487,0.0214912
19.4885,0.0214964
19.49,0.0215016
19.4915,0.0215067
19.493,0.0215119
19.4945,0.0215169
19.496,0.0215217
19.4975,0.0215263
19.499,0.0215306
19.5005,0.0215345
19.502,0.0215379
19.5035,0.0215408
19.505,0.021543
19.5065,0.0215445
19.508,0.0215453
19.5095,0.0215451
19.511,0.021544
19.5125,0.0215418
19.514,0.0215384
19.5155,0.0215338
19.517,0.0215278
19.5185,0.0215202
19.52,0.0215111
19.5215,0.0215003
19.523,0.0214876
19.5245,0.0214731
19.526,0.0214564
19.5275,0.0214375
19.529,0.0214163
19.5305,0.0213924
19.532,0.0213658
19.5335,0.0213363
19.535,0.0213038
19.5365,0.0212679
19.538,0.0212288
19.5395,0.0211861
19.541,0.0211397
19.5425,0.0210895
19.544,0.0210352
19.5455,0.0209768
19.547,0.020914
19.5485,0.0208468
19.55,0.0207751
19.5515,0.0206987
19.553,0.0206178
19.5545,0.0205324
19.556,0.0204429
19.5574,0.0203494
19.5589,0.0202462
19.5604,0.020133
19.5619,0.0200101
19.5634,0.0198777
19.5649,0.0197362
19.5664,0.0195863
19.5679,0.0194285
19.5694,0.0192635
19.5709,0.019091
19.5724,0.0189111
19.5739,0.0187247
19.5754,0.0185322
19.5769,0.0183345
19.5784,0.0181324
19.5799,0.0179265
19.5814,0.0177176
19.5829,0.0175065
19.5844,0.0172939
19.5859,0.0170807
19.5874,0.0168674
19.5889,0.0166549
19.5904,0.016444
19.5919,0.0162354
19.5934,0.0160204
19.5949,0.015786
19.5964,0.0155351
19.5979,0.0155261
19.5994,0.0155311
19.6009,0.015536
19.6024,0.015541
19.6039,0.015546
19.6054,0.0155509
19.6069,0.0155559
19.6084,0.0155608
19.6099,0.0155658
19.6114,0.0155707
19.6129,0.0155757
19.6144,0.0155806
19.6159,0.0155856
19.6174,0.0155905
19.6189,0.0155955
19.6204,0.0156005
19.6219,0.0156777
19.6234,0.0157462
19.6249,0.015803
19.6264,0.0158552
19.6279,0.0159046
19.6294,0.015951
19.6309,0.0159944
19.6324,0.0160344
19.6339,0.016071
19.6354,0.0161038
19.6369,0.0161328
19.6384,0.0161579
19.6399,0.0161788
19.6414,0.0161956
19.6429,0.016208
19.6444,0.0162159
19.6459,0.0162194
19.6474,0.0162184
19.6489,0.0162128
19.6504,0.0162025
19.6519,0.0161877
19.6534,0.0161683
19.6549,0.0161443
19.6564,0.0161158
19.6579,0.0160828
19.6594,0.0160455
19.6609,0.0160039
19.6624,0.0159582
19.6639,0.0159084
19.6654,0.0158548
19.6669,0.0157976
19.6684,0.0157592
19.6699,0.0157642
19.6714,0.0157691
19.6729,0.0157741
19.6744,0.0157791
19.6759,0.015784
19.6774,0.015789
19.6789,0.015794
19.6804,0.0157989
19.6819,0.0158039
19.6834,0.0158089
19.6849,0.0158138
19.6864,0.0158188
19.6879,0.0158238
19.6894,0.0158287
19.6909,0.0158337
19.6924,0.0158387
19.6939,0.0158436
19.6954,0.0158486
19.6969,0.0158536
19.6984,0.0158586
19.6999,0.0158635
19.7014,0.0158685
19.7029,0.0158735
19.7044,0.0158784
19.7059,0.0158834
19.7074,0.0158884
19.7089,0.0158934
19.7104,0.0158983
19.7119,0.0159033
19.7134,0.0159083
19.7149,0.0159132
19.7164,0.0159182
19.7179,0.0159232
19.7194,0.0159282
19.7209,0.0159331
19.7224,0.0159381
19.7239,0.0159431
19.7254,0.0159481
19.7269,0.015953
19.7284,0.015958
19.7299,0.015963
19.7314,0.015968
19.7329,0.0159729
19.7344,0.0159779
19.7359,0.0159829
19.7374,0.0159879
19.7388,0.0159929
19.7403,0.0159978
19.7418,0.0160028
19.7433,0.0160078
19.7448,0.0160128
19.7463,0.0160177
19.7478,0.0160227
19.7493,0.0160277
19.7508,0.0160327
19.7523,0.0160377
19.7538,0.0160426
19.7553,0.0160476
19.7568,0.0160526
19.7583,0.0160576
19.7598,0.0160626
19.7613,0.0160675
19.7628,0.0160725
19.7643,0.0160775
19.7658,0.0160825
19.7673,0.0160875
19.7688,0.0160925
19.7703,0.0160974
19.7718,0.0161024
19.7733,0.0161074
19.7748,0.0161124
19.7763,0.0161174
19.7778,0.0161224
19.7793,0.0161273
19.7808,0.0161323
19.7823,0.0161373
19.7838,0.0161423
19.7853,0.0161473
19.7868,0.0161523
19.7883,0.0161573
19.7898,0.0161622
19.7913,0.0161672
19.7928,0.0161722
19.7943,0.0161772
19.7958,0.0161822
19.7973,0.0161872
19.7988,0.0161922
19.8003,0.0161971
19.8018,0.0162021
19.8033,0.0162071
19.8048,0.0162121
19.8063,0.0162171
19.8078,0.0162221
19.8093,0.0162271
19.8108,0.0162321
19.8123,0.0162371
19.8138,0.0162421
19.8153,0.016247
19.8168,0.016252
19.8183,0.016257
19.8198,0.016262
19.8213,0.016267
19.8228,0.016272
19.8243,0.016277
19.8258,0.016282
19.8273,0.016287
19.8288,0.016292
19.8303,0.016297
19.8318,0.016302
19.8333,0.0163069
19.8348,0.0163119
19.8363,0.0163169
19.8378,0.0163219
19.8393,0.0163269
19.8408,0.0163319
19.8423,0.0163369
19.8438,0.0163419
19.8453,0.0163469
19.8468,0.0163519
19.8483,0.0163569
19.8498,0.0163619
19.8513,0.0163669
19.8528,0.0163719
19.8543,0.0163769
19.8558,0.0163819
19.8573,0.0163869
19.8588,0.0163919
19.8603,0.0163969
19.8618,0.0164019
19.8633,0.0164069
19.8648,0.0164119
19.8663,0.0164169
19.8678,0.0164219
19.8693,0.0164269
19.8708,0.0164319
19.8723,0.0164369
19.8738,0.0164419
19.8753,0.0164469
19.8768,0.0164519
19.8783,0.0164569
19.8798,0.0164619
19.8813,0.0164669
19.8828,0.0164719
19.8843,0.0164769
19.8858,0.0164819
19.8873,0.0164869
19.8888,0.0164919
19.8903,0.0164969
19.8918,0.0165019
19.8933,0.0165069
19.8948,0.0165119
19.8963,0.0165169
19.8978,0.0165219
19.8993,0.0165269
19.9008,0.0165319
19.9023,0.0165369
19.9038,0.0165419
19.9053,0.0165469
19.9068,0.0165519
19.9083,0.0165569
19.9098,0.0165619
19.9113,0.0165669
19.9128,0.0165719
19.9143,0.0165769
19.9158,0.016582
19.9173,0.016587
19.9188,0.016592
19.9202,0.016597
19.9217,0.016602
19.9232,0.016607
19.9247,0.016612
19.9262,0.016617
19.9277,0.016622
19.9292,0.016627
19.9307,0.016632
19.9322,0.016637
19.9337,0.016642
19.9352,0.0166471
19.9367,0.0166521
19.9382,0.0166571
19.9397,0.0166621
19.9412,0.0166671
19.9427,0.0166721
19.9442,0.0166771
19.9457,0.0166821
19.9472,0.0166871
19.9487,0.0166922
19.9502,0.0166972
19.9517,0.0167022
19.9532,0.0167072
19.9547,0.0167122
19.9562,0.0167172
19.9577,0.0167222
19.9592,0.0167272
19.9607,0.0167323
19.9622,0.0167373
19.9637,0.0167423
19.9652,0.0167473
19.9667,0.0167523
19.9682,0.0167573
19.9697,0.0167623
19.9712,0.0167674
19.9727,0.0167724
19.9742,0.0167774
19.9757,0.0167824
19.9772,0.0167874
19.9787,0.0167924
19.9802,0.0167975
19.9817,0.0168025
19.9832,0.0168075
19.9847,0.0168125
19.9862,0.0168175
19.9877,0.0168225
19.9892,0.0168276
19.9907,0.0168326
19.9922,0.0168376
19.9937,0.0168426
19.9952,0.0168476
19.9967,0.0168526
19.9982,0.0168577
19.9997,0.0168627
20.0012,0.0168677
20.0027,0.0168727
20.0042,0.0168777
20.0057,0.0168828
20.0072,0.0168878
20.0087,0.0168928
20.0102,0.0168978
20.0117,0.0169028
20.0132,0.0169079
20.0147,0.0169129
20.0162,0.0169179
20.0177,0.0169229
20.0192,0.016928
20.0207,0.016933
20.0222,0.016938
20.0237,0.016943
20.0252,0.016948
20.0267,0.0169531
20.0282,0.0169581
20.0297,0.0169631
20.0312,0.0169681
20.0327,0.0169732
20.0342,0.0169782
20.0357,0.0169832
20.0372,0.0169882
20.0387,0.0169933
20.0402,0.0169983
20.0417,0.0170033
20.0432,0.0170083
20.0447,0.0170134
20.0462,0.0170184
20.0477,0.0170234
20.0492,0.0170284
20.0507,0.0170335
20.0522,0.0170385
20.0537,0.0170435
20.0552,0.0170485
20.0567,0.0170536
20.0582,0.0170586
20.0597,0.0170636
20.0612,0.0170687
20.0627,0.0170737
20.0642,0.0170787
20.0657,0.0170837
20.0672,0.0170888
20.0687,0.0170938
20.0702,0.0170988
20.0717,0.0171039
20.0732,0.0171089
20.0747,0.0171139
20.0762,0.017119
20.0777,0.017124
20.0792,0.017129
20.0807,0.017134
20.0822,0.0171391
20.0837,0.0171441
20.0852,0.0171491
20.0867,0.0171542
20.0882,0.0171592
20.0897,0.0171642
20.0912,0.0171693
20.0927,0.0171743
20.0942,0.0171793
20.0957,0.0171844
20.0972,0.0171894
20.0987,0.0171944
20.1002,0.0171995
20.1017,0.0172045
20.1031,0.0172095
20.1046,0.0172146
20.1061,0.0172196
20.1076,0.0172246
20.1091,0.0172297
20.1106,0.0172347
20.1121,0.0172397
20.1136,0.0172448
20.1151,0.0172498
20.1166,0.0172548
20.1181,0.0172599
20.1196,0.0172649
20.1211,0.01727
20.1226,0.017275
20.1241,0.01728
20.1256,0.0172851
20.1271,0.0172901
20.1286,0.0172951
20.1301,0.0173002
20.1316,0.0173052
20.1331,0.0173103
20.1346,0.0173153
20.1361,0.0173203
20.1376,0.0173254
20.1391,0.0173304
20.1406,0.0173355
20.1421,0.0173405
20.1436,0.0173455
20.1451,0.0173506
20.1466,0.0173556
20.1481,0.0173607
20.1496,0.0173657
20.1511,0.0173707
20.1526,0.0173758
20.1541,0.0173808
20.1556,0.0173859
20.1571,0.0173909
20.1586,0.0173959
20.1601,0.017401
20.1616,0.017406
20.1631,0.0174111
20.1646,0.0174161
20.1661,0.0174212
20.1676,0.0174262
20.1691,0.0174312
20.1706,0.0174363
20.1721,0.0174413
20.1736,0.0174464
20.1751,0.0174514
20.1766,0.0174565
20.1781,0.0174615
20.1796,0.0174665
20.1811,0.0174716
20.1826,0.0174766
20.1841,0.0174817
20.1856,0.0174867
20.1871,0.0174918
20.1886,0.0174968
20.1901,0.0175019
20.1916,0.0175069
20.1931,0.017512
20.1946,0.017517
20.1961,0.017522
20.1976,0.0175271
20.1991,0.0175321
20.2006,0.0175372
20.2021,0.0175422
20.2036,0.0175473
20.2051,0.0175523
20.2066,0.0175574
20.2081,0.0175624
20.2096,0.0175675
20.2111,0.0175725
20.2126,0.0175776
20.2141,0.0175826
20.2156,0.0175877
20.2171,0.0175927
20.2186,0.0175978
20.2201,0.0176028
20.2216,0.0176079
20.2231,0.0176129
20.2246,0.017618
20.2261,0.017623
20.2276,0.0176281
20.2291,0.0176331
20.2306,0.0176382
20.2321,0.0176432
20.2336,0.0176483
20.2351,0.0176533
20.2366,0.0176584
20.2381,0.0176634
20.2396,0.0176685
20.2411,0.0176735
20.2426,0.0176786
20.2441,0.0176836
20.2456,0.0176887
20.2471,0.0176938
20.2486,0.0176988
20.2501,0.0177039
20.2516,0.0177089
20.2531,0.017714
20.2546,0.017719
20.2561,0.0177241
20.2576,0.0177291
20.2591,0.0177342
20.2606,0.0177392
20.2621,0.0177443
20.2636,0.0177493
20.2651,0.0177544
20.2666,0.0177595
20.2681,0.0177645
20.2696,0.0177696
20.2711,0.0177746
20.2726,0.0177797
20.2741,0.0177847
20.2756,0.0177898
20.2771,0.0177949
20.2786,0.0177999
20.2801,0.017805
20.2816,0.01781
20.2831,0.0178151
20.2845,0.0178201
20.286,0.0178252
20.2875,0.0178303
20.289,0.0178353
20.2905,0.0178404
20.292,0.0178454
20.2935,0.0178505
20.295,0.0178556
20.2965,0.0178606
20.298,0.0178657
20.2995,0.0178707
20.301,0.0178758
20.3025,0.0178809
20.304,0.0178859
20.3055,0.017891
20.307,0.017896
20.3085,0.0179011
20.31,0.0179062
20.3115,0.0179112
20.313,0.0179163
20.3145,0.0179213
20.316,0.0179264
20.3175,0.0179315
20.319,0.0179365
20.3205,0.0179416
20.322,0.0179467
20.3235,0.0179517
20.325,0.0179568
20.3265,0.0179618
20.328,0.0179668
20.3295,0.0179718
20.331,0.0179766
20.3325,0.0179814
20.334,0.0179861
20.3355,0.0179906
20.337,0.017995
20.3385,0.0179993
20.34,0.0180033
20.3415,0.0180071
20.343,0.0180106
20.3445,0.0180137
20.346,0.0180165
20.3475,0.0180189
20.349,0.0180208
20.3505,0.0180222
20.352,0.018023
20.3535,0.0180232
20.355,0.0180228
20.3565,0.0180217
20.358,0.0180198
20.3595,0.0180171
20.361,0.0180136
20.3625,0.0180091
20.364,0.0180037
20.3655,0.0179972
20.367,0.0179896
20.3685,0.0179809
20.37,0.0179709
20.3715,0.0179596
20.373,0.017947
20.3745,0.0179328
20.376,0.0179172
20.3775,0.0178999
20.379,0.0178809
20.3805,0.0178601
20.382,0.0178375
20.3835,0.0178128
20.385,0.0177861
20.3865,0.0177572
20.388,0.0177255
20.3895,0.0176907
20.391,0.0176528
20.3925,0.0176117
20.394,0.0175672
20.3955,0.0175193
20.397,0.0174676
20.3985,0.0174123
20.4,0.0173531
20.4015,0.01729
20.403,0.0172229
20.4045,0.0171517
20.406,0.0170764
20.4075,0.0169969
20.409,0.0169132
20.4105,0.0168253
20.412,0.0167332
20.4135,0.016637
20.415,0.0165366
20.4165,0.0164322
20.418,0.0163239
20.4195,0.0162117
20.421,0.0160959
20.4225,0.0159768
20.424,0.0158547
20.4255,0.0157299
20.427,0.0156028
20.4285,0.0154735
20.43,0.0153426
20.4315,0.0152101
20.433,0.0150765
20.4345,0.014942
20.436,0.0148069
20.4375,0.0146713
20.439,0.0145355
20.4405,0.0143997
20.442,0.0142641
20.4435,0.0141289
20.445,0.0139941
20.4465,0.0138599
20.448,0.0137265
20.4495,0.0135939
20.451,0.0134622
20.4525,0.0133315
20.454,0.0132019
20.4555,0.0130733
20.457,0.0129459
20.4585,0.0128198
20.46,0.0126953
20.4615,0.0125724
20.463,0.0124514
20.4645,0.0123324
20.466,0.0122154
20.4674,0.0121007
20.4689,0.0119883
20.4704,0.0118892
20.4719,0.0119127
20.4734,0.0119362
20.4749,0.0119595
20.4764,0.0119827
20.4779,0.0120057
20.4794,0.0120286
20.4809,0.0120514
20.4824,0.0120739
20.4839,0.0120963
20.4854,0.0121185
20.4869,0.0121404
20.4884,0.0121621
20.4899,0.0121835
20.4914,0.0122047
20.4929,0.0122256
20.4944,0.0122462
20.4959,0.0122664
20.4974,0.0122864
20.4989,0.012306
20.5004,0.0123252
20.5019,0.012344
20.5034,0.0123625
20.5049,0.0123805
20.5064,0.0123981
20.5079,0.0124153
20.5094,0.012432
20.5109,0.0124483
20.5124,0.012464
20.5139,0.0124793
20.5154,0.0124941
20.5169,0.0125083
20.5184,0.012522
20.5199,0.0125352
20.5214,0.0125479
20.5229,0.01256
20.5244,0.0125715
20.5259,0.0125825
20.5274,0.0125929
20.5289,0.0126027
20.5304,0.012612
20.5319,0.0126207
20.5334,0.0126288
20.5349,0.0126363
20.5364,0.0126434
20.5379,0.01265
20.5394,0.0126562
20.5409,0.0126619
20.5424,0.0126673
20.5439,0.0126722
20.5454,0.0126767
20.5469,0.0126808
20.5484,0.0126845
20.5499,0.0126878
20.5514,0.0126907
20.5529,0.0126932
20.5544,0.0126954
20.5559,0.0126971
20.5574,0.0126985
20.5589,0.0126996
20.5604,0.0127003
20.5619,0.0127007
20.5634,0.0127008
20.5649,0.0127006
20.5664,0.0127
20.5679,0.0126992
20.5694,0.0126981
20.5709,0.0126967
20.5724,0.012695
20.5739,0.0126932
20.5754,0.0126911
20.5769,0.0126887
20.5784,0.0126862
20.5799,0.0126835
20.5814,0.0126806
20.5829,0.0126775
20.5844,0.0126743
20.5859,0.0126709
20.5874,0.0126674
20.5889,0.0126638
20.5904,0.01266
20.5919,0.0126562
20.5934,0.0126523
20.5949,0.012648
20.5964,0.0126432
20.5979,0.0126379
20.5994,0.0126321
20.6009,0.0126259
20.6024,0.0126191
20.6039,0.0126119
20.6054,0.0126042
20.6069,0.012596
20.6084,0.0125874
20.6099,0.0125783
20.6114,0.0125688
20.6129,0.0125589
20.6144,0.0125485
20.6159,0.0125377
20.6174,0.0125265
20.6189,0.0125149
20.6204,0.0125029
20.6219,0.0124905
20.6234,0.0124778
20.6249,0.0124647
20.6264,0.012451
20.6279,0.0124368
20.6294,0.0124219
20.6309,0.0124065
20.6324,0.0123905
20.6339,0.0123739
20.6354,0.0123568
20.6369,0.0123443
20.6384,0.0123622
20.6399,0.0123792
20.6414,0.0123955
20.6429,0.0124109
20.6444,0.0124255
20.6459,0.0124392
20.6474,0.0124519
20.6488,0.0124634
20.6503,0.0124738
20.6518,0.012483
20.6533,0.012491
20.6548,0.0124979
20.6563,0.0125037
20.6578,0.0125083
20.6593,0.0125118
20.6608,0.0125142
20.6623,0.0125155
20.6638,0.0125156
20.6653,0.0125147
20.6668,0.0125126
20.6683,0.0125095
20.6698,0.0125053
20.6713,0.0125001
20.6728,0.0124938
20.6743,0.0124865
20.6758,0.0124782
20.6773,0.0124688
20.6788,0.0124586
20.6803,0.0124473
20.6818,0.0124351
20.6833,0.012422
20.6848,0.012408
20.6863,0.0123931
20.6878,0.0123773
20.6893,0.0123605
20.6908,0.0123429
20.6923,0.0123243
20.6938,0.0123049
20.6953,0.0122847
20.6968,0.0122636
20.6983,0.0122418
20.6998,0.0122192
20.7013,0.0121958
20.7028,0.0121716
20.7043,0.0121468
20.7058,0.0121213
20.7073,0.0120951
20.7088,0.0120682
20.7103,0.0120408
20.7118,0.0120127
20.7133,0.0119841
20.7148,0.0119549
20.7163,0.0119252
20.7178,0.0118949
20.7193,0.0118642
20.7208,0.011833
20.7223,0.0118014
20.7238,0.0117694
20.7253,0.011737
20.7268,0.0117042
20.7283,0.0116711
20.7298,0.0116376
20.7313,0.0116356
20.7328,0.0116494
20.7343,0.0116631
20.7358,0.0116766
20.7373,0.01169
20.7388,0.0117031
20.7403,0.0117161
20.7418,0.0117288
20.7433,0.0117413
20.7448,0.0117536
20.7463,0.0117655
20.7478,0.0117772
20.7493,0.0117886
20.7508,0.0117997
20.7523,0.0118104
20.7538,0.0118208
20.7553,0.0118309
20.7568,0.0118405
20.7583,0.0118498
20.7598,0.0118587
20.7613,0.0118672
20.7628,0.0118753
20.7643,0.0118829
20.7658,0.0118901
20.7673,0.0118969
20.7688,0.0119032
20.7703,0.011909
20.7718,0.0119143
20.7733,0.0119192
20.7748,0.0119236
20.7763,0.0119274
20.7778,0.0119308
20.7793,0.0119337
20.7808,0.011936
20.7823,0.0119379
20.7838,0.0119392
20.7853,0.0119399
20.7868,0.0119402
20.7883,0.01194
20.7898,0.0119392
20.7913,0.0119378
20.7928,0.011936
20.7943,0.0119336
20.7958,0.0119307
20.7973,0.0119273
20.7988,0.0119233
20.8003,0.0119189
20.8018,0.0119139
20.8033,0.0119084
20.8048,0.0119026
20.8063,0.0118964
20.8078,0.0118898
20.8093,0.0118829
20.8108,0.0118756
20.8123,0.0118679
20.8138,0.0118599
20.8153,0.0118516
20.8168,0.011843
20.8183,0.0118341
20.8198,0.0118248
20.8213,0.0118153
20.8228,0.0118056
20.8243,0.0117959
20.8258,0.0117861
20.8273,0.0117763
20.8288,0.0117664
20.8302,0.0117565
20.8317,0.0117466
20.8332,0.0117366
20.8347,0.0117266
20.8362,0.0117165
20.8377,0.0117064
20.8392,0.0116963
20.8407,0.0116861
20.8422,0.0116759
20.8437,0.0116656
20.8452,0.0116553
20.8467,0.011645
20.8482,0.0116346
20.8497,0.0116242
20.8512,0.0116137
20.8527,0.0116032
20.8542,0.0115927
20.8557,0.0115821
20.8572,0.0115716
20.8587,0.011561
20.8602,0.0115504
20.8617,0.0115398
20.8632,0.0115291
20.8647,0.0115185
20.8662,0.0115078
20.8677,0.0114972
20.8692,0.0114865
20.8707,0.0114759
20.8722,0.0114653
20.8737,0.0114546
20.8752,0.0114447
20.8767,0.0114411
20.8782,0.0114371
20.8797,0.0114326
20.8812,0.0114277
20.8827,0.0114226
20.8842,0.0114173
20.8857,0.0114117
20.8872,0.0114058
20.8887,0.0113994
20.8902,0.0113927
20.8917,0.0113855
20.8932,0.0113779
20.8947,0.0113699
20.8962,0.0113615
20.8977,0.0113525
20.8992,0.0113432
20.9007,0.0113333
20.9022,0.0113229
20.9037,0.011312
20.9052,0.0113006
20.9067,0.0112887
20.9082,0.0112762
20.9097,0.0112632
20.9112,0.0112497
20.9127,0.0112356
20.9142,0.0112209
20.9157,0.0112057
20.9172,0.0111963
20.9187,0.0111916
20.9202,0.0111874
20.9217,0.0111835
20.9232,0.0111799
20.9247,0.0111768
20.9262,0.0111741
20.9277,0.0111717
20.9292,0.0111698
20.9307,0.0111682
20.9322,0.011167
20.9337,0.0111661
20.9352,0.0111656
20.9367,0.0111655
20.9382,0.0111658
20.9397,0.0111664
20.9412,0.0111673
20.9427,0.0111686
20.9442,0.0111702
20.9457,0.0111721
20.9472,0.0111743
20.9487,0.0111768
20.9502,0.0111797
20.9517,0.0111828
20.9532,0.0111862
20.9547,0.0111898
20.9562,0.0111937
20.9577,0.0111979
20.9592,0.0112023
20.9607,0.0112069
20.9622,0.0112117
20.9637,0.0112167
20.9652,0.011222
20.9667,0.0112274
20.9682,0.011233
20.9697,0.0112388
20.9712,0.0112447
20.9727,0.0112507
20.9742,0.0112568
20.9757,0.011263
20.9772,0.0112691
20.9787,0.0112752
20.9802,0.0112812
20.9817,0.0112871
20.9832,0.0112929
20.9847,0.0112986
20.9862,0.0113042
20.9877,0.0113096
20.9892,0.0113149
20.9907,0.01132
20.9922,0.0113249
20.9937,0.0113296
20.9952,0.011334
20.9967,0.0113383
20.9982,0.0113423
20.9997,0.011346
21.0012,0.0113495
21.0027,0.0113528
21.0042,0.0113557
21.0057,0.0113583
21.0072,0.0113607
21.0087,0.0113627
21.0102,0.0113644
21.0117,0.0113658
21.0131,0.0113668
21.0146,0.0113675
21.0161,0.0113679
21.0176,0.0113679
21.0191,0.0113675
21.0206,0.0113668
21.0221,0.0113657
21.0236,0.0113643
21.0251,0.0113625
21.0266,0.0113603
21.0281,0.0113578
21.0296,0.0113548
21.0311,0.0113516
21.0326,0.0113479
21.0341,0.0113439
21.0356,0.0113395
21.0371,0.0113348
21.0386,0.0113297
21.0401,0.0113243
21.0416,0.0113186
21.0431,0.0113125
21.0446,0.0113061
21.0461,0.0112994
21.0476,0.0112924
21.0491,0.011285
21.0506,0.0112774
21.0521,0.0112695
21.0536,0.0112613
21.0551,0.0112528
21.0566,0.011244
21.0581,0.011235
21.0596,0.0112258
21.0611,0.0112163
21.0626,0.0112079
21.0641,0.0112068
21.0656,0.0112057
21.0671,0.011204
21.0686,0.0112018
21.0701,0.011199
21.0716,0.0111958
21.0731,0.0111921
21.0746,0.011188
21.0761,0.0111835
21.0776,0.011179
21.0791,0.0111744
21.0806,0.0111697
21.0821,0.0111649
21.0836,0.0111601
21.0851,0.0111551
21.0866,0.0111502
21.0881,0.0111451
21.0896,0.01114
21.0911,0.0111348
21.0926,0.0111296
21.0941,0.0111243
21.0956,0.011119
21.0971,0.0111136
21.0986,0.0111082
21.1001,0.0111027
21.1016,0.0110972
21.1031,0.0110917
21.1046,0.0110861
21.1061,0.0110805
21.1076,0.011075
21.1091,0.0110694
21.1106,0.0110639
21.1121,0.0110585
21.1136,0.0110531
21.1151,0.0110477
21.1166,0.0110424
21.1181,0.0110372
21.1196,0.011032
21.1211,0.0110269
21.1226,0.0110218
21.1241,0.0110169
21.1256,0.011012
21.1271,0.0110072
21.1286,0.0110025
21.1301,0.0109979
21.1316,0.0109933
21.1331,0.0109889
21.1346,0.0109846
21.1361,0.0109803
21.1376,0.0109762
21.1391,0.0109722
21.1406,0.0109683
21.1421,0.0109645
21.1436,0.0109609
21.1451,0.0110071
21.1466,0.0110851
21.1481,0.0111627
21.1496,0.0112399
21.1511,0.0113166
21.1526,0.0113927
21.1541,0.0114681
21.1556,0.0115427
21.1571,0.0116164
21.1586,0.0116892
21.1601,0.0117609
21.1616,0.0118314
21.1631,0.0119007
21.1646,0.0119685
21.1661,0.0120349
21.1676,0.0120997
21.1691,0.0121627
21.1706,0.0122239
21.1721,0.0122831
21.1736,0.0123403
21.1751,0.0123952
21.1766,0.0124479
21.1781,0.0124981
21.1796,0.0125457
21.1811,0.0125907
21.1826,0.0126329
21.1841,0.0126723
21.1856,0.0127087
21.1871,0.012742
21.1886,0.0127721
21.1901,0.012799
21.1916,0.0128225
21.1931,0.0128426
21.1945,0.012859
21.196,0.0128715
21.1975,0.01288
21.199,0.0128847
21.2005,0.0128853
21.202,0.0128819
21.2035,0.0128761
21.205,0.0128681
21.2065,0.0128579
21.208,0.0128453
21.2095,0.0128304
21.211,0.0128131
21.2125,0.0127936
21.214,0.0127716
21.2155,0.0127473
21.217,0.0127207
21.2185,0.0126929
21.22,0.0126643
21.2215,0.0126347
21.223,0.0126042
21.2245,0.0125728
21.226,0.0125406
21.2275,0.0125074
21.229,0.0124733
21.2305,0.0124383
21.232,0.0124025
21.2335,0.0123658
21.235,0.0123282
21.2365,0.0122898
21.238,0.0122505
21.2395,0.0122105
21.241,0.0121696
21.2425,0.0121279
21.244,0.0120855
21.2455,0.0120423
21.247,0.0119984
21.2485,0.0119538
21.25,0.0119087
21.2515,0.0118633
21.253,0.0118179
21.2545,0.0117723
21.256,0.0117265
21.2575,0.0116807
21.259,0.0116347
21.2605,0.0115886
21.262,0.0115425
21.2635,0.0114963
21.265,0.01145
21.2665,0.0114037
21.268,0.0113573
21.2695,0.011311
21.271,0.0112646
21.2725,0.0112182
21.274,0.0111718
21.2755,0.0111255
21.277,0.0110791
21.2785,0.0110328
21.28,0.0109866
21.2815,0.0109404
21.283,0.0108943
21.2845,0.0108482
21.286,0.0108022
21.2875,0.0107564
21.289,0.0107106
21.2905,0.010665
21.292,0.0106526
21.2935,0.0106545
21.295,0.0106605
21.2965,0.0106665
21.298,0.0106724
21.2995,0.0106782
21.301,0.0106839
21.3025,0.0106895
21.304,0.010695
21.3055,0.0107004
21.307,0.0107057
21.3085,0.0107108
21.31,0.0107158
21.3115,0.0107207
21.313,0.0107255
21.3145,0.0107301
21.316,0.0107346
21.3175,0.0107389
21.319,0.0107431
21.3205,0.0107471
21.322,0.010751
21.3235,0.0107547
21.325,0.0107582
21.3265,0.0107616
21.328,0.0107648
21.3295,0.0107678
21.331,0.0107706
21.3325,0.0107732
21.334,0.0107757
21.3355,0.0107779
21.337,0.01078
21.3385,0.0107819
21.34,0.0107835
21.3415,0.010785
21.343,0.0107862
21.3445,0.0107873
21.346,0.0107881
21.3475,0.0107888
21.349,0.0107892
21.3505,0.0107894
21.352,0.0107894
21.3535,0.0107892
21.355,0.0107887
21.3565,0.010788
21.358,0.0107865
21.3595,0.0107843
21.361,0.0107813
21.3625,0.0107777
21.364,0.0107734
21.3655,0.0107684
21.367,0.0107628
21.3685,0.0107565
21.37,0.0107496
21.3715,0.010742
21.373,0.0107338
21.3745,0.010725
21.3759,0.0107157
21.3774,0.0107126
21.3789,0.0107138
21.3804,0.0107147
21.3819,0.0107152
21.3834,0.0107154
21.3849,0.0107153
21.3864,0.0107149
21.3879,0.0107142
21.3894,0.0107131
21.3909,0.0107117
21.3924,0.01071
21.3939,0.0107079
21.3954,0.0107056
21.3969,0.0107029
21.3984,0.0107
21.3999,0.0106967
21.4014,0.0106931
21.4029,0.0106892
21.4044,0.0106871
21.4059,0.0106884
21.4074,0.0106895
21.4089,0.0106903
21.4104,0.0107027
21.4119,0.0107303
21.4134,0.010757
21.4149,0.0107828
21.4164,0.0108076
21.4179,0.0108314
21.4194,0.0108542
21.4209,0.0108759
21.4224,0.0108965
21.4239,0.0109161
21.4254,0.0109345
21.4269,0.0109518
21.4284,0.010968
21.4299,0.010983
21.4314,0.0109969
21.4329,0.0110095
21.4344,0.011021
21.4359,0.0110313
21.4374,0.0110404
21.4389,0.0110483
21.4404,0.0110549
21.4419,0.0110604
21.4434,0.0110647
21.4449,0.0110679
21.4464,0.0110698
21.4479,0.0110706
21.4494,0.0110702
21.4509,0.0110686
21.4524,0.0110659
21.4539,0.0110621
21.4554,0.0110572
21.4569,0.0110513
21.4584,0.0110442
21.4599,0.0110361
21.4614,0.011027
21.4629,0.0110169
21.4644,0.0110058
21.4659,0.0109937
21.4674,0.0109807
21.4689,0.0109676
21.4704,0.0109543
21.4719,0.0109409
21.4734,0.0109272
21.4749,0.0109134
21.4764,0.0108995
21.4779,0.0108853
21.4794,0.0108709
21.4809,0.0108564
21.4824,0.0108417
21.4839,0.0108326
21.4854,0.0108393
21.4869,0.0108459
21.4884,0.0108526
21.4899,0.0108592
21.4914,0.0108658
21.4929,0.0108724
21.4944,0.010879
21.4959,0.0108857
21.4974,0.0108923
21.4989,0.010899
21.5004,0.0109056
21.5019,0.0109123
21.5034,0.0109191
21.5049,0.0109258
21.5064,0.0109326
21.5079,0.0109395
21.5094,0.0109464
21.5109,0.0109533
21.5124,0.0109603
21.5139,0.0109673
21.5154,0.0109744
21.5169,0.0109816
21.5184,0.0109888
21.5199,0.0109961
21.5214,0.0110034
21.5229,0.0110105
21.5244,0.0110174
21.5259,0.011024
21.5274,0.0110305
21.5289,0.0110368
21.5304,0.0110428
21.5319,0.0110487
21.5334,0.0110544
21.5349,0.01106
21.5364,0.0110654
21.5379,0.0110706
21.5394,0.0110757
21.5409,0.0110806
21.5424,0.0110855
21.5439,0.0110902
21.5454,0.0110948
21.5469,0.0110993
21.5484,0.0111037
21.5499,0.0111081
21.5514,0.0111124
21.5529,0.0111166
21.5544,0.0111209
21.5559,0.0111251
21.5574,0.0111292
21.5588,0.0111334
21.5603,0.0111376
21.5618,0.0111419
21.5633,0.0111461
21.5648,0.0111504
21.5663,0.0111548
21.5678,0.0111592
21.5693,0.0111637
21.5708,0.0111683
21.5723,0.011173
21.5738,0.0111778
21.5753,0.0111827
21.5768,0.0111878
21.5783,0.0111929
21.5798,0.0111982
21.5813,0.0112037
21.5828,0.0112093
21.5843,0.0112149
21.5858,0.0112203
21.5873,0.0112255
21.5888,0.0112305
21.5903,0.0112354
21.5918,0.0112401
21.5933,0.0112446
21.5948,0.011249
21.5963,0.0112532
21.5978,0.0112573
21.5993,0.0112613
21.6008,0.0112651
21.6023,0.0112688
21.6038,0.0112724
21.6053,0.0112759
21.6068,0.0112793
21.6083,0.0112826
21.6098,0.0112857
21.6113,0.0112888
21.6128,0.0112917
21.6143,0.0112946
21.6158,0.0112974
21.6173,0.0113
21.6188,0.0113026
21.6203,0.0113051
21.6218,0.0113075
21.6233,0.0113097
21.6248,0.0113119
21.6263,0.011314
21.6278,0.011316
21.6293,0.0113178
21.6308,0.0113196
21.6323,0.0113213
21.6338,0.0113228
21.6353,0.0113242
21.6368,0.0113256
21.6383,0.0113268
21.6398,0.0113279
21.6413,0.0113288
21.6428,0.0113296
21.6443,0.0113303
21.6458,0.0113307
21.6473,0.0113309
21.6488,0.011331
21.6503,0.0113309
21.6518,0.0113306
21.6533,0.0113301
21.6548,0.0113293
21.6563,0.0113284
21.6578,0.0113273
21.6593,0.011326
21.6608,0.0113244
21.6623,0.0113227
21.6638,0.0113207
21.6653,0.0113185
21.6668,0.011316
21.6683,0.0113134
21.6698,0.0113105
21.6713,0.0113074
21.6728,0.0113041
21.6743,0.0113005
21.6758,0.0112967
21.6773,0.0112927
21.6788,0.0112884
21.6803,0.0112839
21.6818,0.0112791
21.6833,0.0112742
21.6848,0.0112689
21.6863,0.0112635
21.6878,0.0112578
21.6893,0.0112519
21.6908,0.0112457
21.6923,0.0112393
21.6938,0.0112327
21.6953,0.0112259
21.6968,0.0112188
21.6983,0.0112115
21.6998,0.011204
21.7013,0.0111963
21.7028,0.0111883
21.7043,0.0111802
21.7058,0.0111718
21.7073,0.0111632
21.7088,0.0111545
21.7103,0.0111455
21.7118,0.0111364
21.7133,0.0111406
21.7148,0.0111563
21.7163,0.0111714
21.7178,0.011186
21.7193,0.0112002
21.7208,0.0112138
21.7223,0.0112269
21.7238,0.0112395
21.7253,0.0112516
21.7268,0.0112631
21.7283,0.0112741
21.7298,0.0112845
21.7313,0.0112944
21.7328,0.0113037
21.7343,0.0113125
21.7358,0.0113207
21.7373,0.0113284
21.7388,0.0113355
21.7402,0.011342
21.7417,0.011348
21.7432,0.0113535
21.7447,0.0113585
21.7462,0.0113629
21.7477,0.0113668
21.7492,0.0113701
21.7507,0.011373
21.7522,0.0113753
21.7537,0.0113771
21.7552,0.0113784
21.7567,0.0113792
21.7582,0.0113796
21.7597,0.0113794
21.7612,0.0113788
21.7627,0.0113778
21.7642,0.0113762
21.7657,0.0113743
21.7672,0.0113719
21.7687,0.0113691
21.7702,0.0113658
21.7717,0.0113622
21.7732,0.0113582
21.7747,0.0113538
21.7762,0.011349
21.7777,0.0113439
21.7792,0.0113384
21.7807,0.0113326
21.7822,0.0113265
21.7837,0.0113201
21.7852,0.0113134
21.7867,0.0113065
21.7882,0.0112992
21.7897,0.0112918
21.7912,0.0112841
21.7927,0.0112761
21.7942,0.011268
21.7957,0.0112597
21.7972,0.0112511
21.7987,0.0112425
21.8002,0.0112336
21.8017,0.0112247
21.8032,0.0112156
21.8047,0.0112064
21.8062,0.0111971
21.8077,0.0111877
21.8092,0.0111783
21.8107,0.0111688
21.8122,0.0111592
21.8137,0.0111496
21.8152,0.01114
21.8167,0.0111304
21.8182,0.0111209
21.8197,0.0111113
21.8212,0.0111017
21.8227,0.0110922
21.8242,0.0110827
21.8257,0.0110733
21.8272,0.011064
21.8287,0.0110547
21.8302,0.0110452
21.8317,0.0110354
21.8332,0.0110251
21.8347,0.0110145
21.8362,0.0110035
21.8377,0.0109921
21.8392,0.0109803
21.8407,0.0109682
21.8422,0.0109557
21.8437,0.0109429
21.8452,0.0109297
21.8467,0.0109161
21.8482,0.0109022
21.8497,0.010888
21.8512,0.0108735
21.8527,0.0108587
21.8542,0.0108437
21.8557,0.0108283
21.8572,0.0108127
21.8587,0.0107968
21.8602,0.0107806
21.8617,0.0107641
21.8632,0.0107474
21.8647,0.0107305
21.8662,0.0107132
21.8677,0.0107026
21.8692,0.010702
21.8707,0.0107016
21.8722,0.0107011
21.8737,0.0107007
21.8752,0.0107003
21.8767,0.0106999
21.8782,0.0106996
21.8797,0.0106992
21.8812,0.0106989
21.8827,0.0106987
21.8842,0.0106984
21.8857,0.0106982
21.8872,0.0106981
21.8887,0.0106979
21.8902,0.0106978
21.8917,0.0106977
21.8932,0.0106976
21.8947,0.0106973
21.8962,0.0106966
21.8977,0.0106956
21.8992,0.0106944
21.9007,0.0106928
21.9022,0.0106909
21.9037,0.0106887
21.9052,0.0106862
21.9067,0.0106834
21.9082,0.0106801
21.9097,0.0106764
21.9112,0.0106723
21.9127,0.0106678
21.9142,0.0106629
21.9157,0.0106577
21.9172,0.010652
21.9187,0.0106459
21.9202,0.0106395
21.9216,0.0106327
21.9231,0.0106255
21.9246,0.0106179
21.9261,0.01061
21.9276,0.0106017
21.9291,0.010593
21.9306,0.0105841
21.9321,0.0105747
21.9336,0.0105651
21.9351,0.0105551
21.9366,0.0105448
21.9381,0.0105343
21.9396,0.0105234
21.9411,0.0105122
21.9426,0.0105007
21.9441,0.010489
21.9456,0.010477
21.9471,0.0104648
21.9486,0.0104523
21.9501,0.0104395
21.9516,0.0104266
21.9531,0.0104134
21.9546,0.0104
21.9561,0.0103865
21.9576,0.0103727
21.9591,0.0103588
21.9606,0.0103447
21.9621,0.0103304
21.9636,0.0103301
21.9651,0.0103341
21.9666,0.0103376
21.9681,0.0103403
21.9696,0.0103424
21.9711,0.0103438
21.9726,0.0103446
21.9741,0.0103448
21.9756,0.0103444
21.9771,0.0103435
21.9786,0.0103419
21.9801,0.0103398
21.9816,0.0103372
21.9831,0.010334
21.9846,0.0103303
21.9861,0.0103262
21.9876,0.0103216
21.9891,0.0103165
21.9906,0.010311
21.9921,0.010305
21.9936,0.0102986
21.9951,0.0102918
21.9966,0.0102847
21.9981,0.0102995
21.9996,0.0103266
22.0011,0.0103536
22.0026,0.0103806
22.0041,0.0104076
22.0056,0.0104345
22.0071,0.0104614
22.0086,0.0104881
22.0101,0.0105148
22.0116,0.0105413
22.0131,0.0105677
22.0146,0.010594
22.0161,0.0106201
22.0176,0.010646
22.0191,0.0106717
22.0206,0.0106973
22.0221,0.0107226
22.0236,0.0107477
22.0251,0.0107725
22.0266,0.0107971
22.0281,0.0108214
22.0296,0.0108454
22.0311,0.0108692
22.0326,0.0108926
22.0341,0.0109156
22.0356,0.0109384
22.0371,0.0109608
22.0386,0.0109828
22.0401,0.0110044
22.0416,0.0110257
22.0431,0.0110465
22.0446,0.011067
22.0461,0.011087
22.0476,0.0111066
22.0491,0.0111257
22.0506,0.0111444
22.0521,0.0111627
22.0536,0.0111804
22.0551,0.0111977
22.0566,0.0112145
22.0581,0.0112308
22.0596,0.0112466
22.0611,0.0112619
22.0626,0.0112767
22.0641,0.0112909
22.0656,0.0113046
22.0671,0.0113178
22.0686,0.0113304
22.0701,0.0113425
22.0716,0.011354
22.0731,0.0113649
22.0746,0.0113754
22.0761,0.0113852
22.0776,0.0113945
22.0791,0.0114032
22.0806,0.0114113
22.0821,0.0114189
22.0836,0.0114259
22.0851,0.0114323
22.0866,0.0114382
22.0881,0.0114435
22.0896,0.0114482
22.0911,0.0114524
22.0926,0.0114561
22.0941,0.0114591
22.0956,0.0114617
22.0971,0.0114637
22.0986,0.0114651
22.1001,0.0114661
22.1016,0.0114665
22.1031,0.0114664
22.1045,0.0114658
22.106,0.0114647
22.1075,0.0114632
22.109,0.0114611
22.1105,0.0114587
22.112,0.0114557
22.1135,0.0114524
22.115,0.0114486
22.1165,0.0114445
22.118,0.0114399
22.1195,0.011435
22.121,0.0114297
22.1225,0.0114241
22.124,0.0114185
22.1255,0.0114129
22.127,0.0114074
22.1285,0.0114019
22.13,0.0113964
22.1315,0.011391
22.133,0.0113856
22.1345,0.0113803
22.136,0.011375
22.1375,0.0113698
22.139,0.0113648
22.1405,0.0113598
22.142,0.0113549
22.1435,0.0113501
22.145,0.0113454
22.1465,0.0113421
22.148,0.0113584
22.1495,0.0113747
22.151,0.0113909
22.1525,0.0114071
22.154,0.0114232
22.1555,0.0114394
22.157,0.0114554
22.1585,0.0114714
22.16,0.0114874
22.1615,0.0115034
22.163,0.0115193
22.1645,0.0115351
22.166,0.0115509
22.1675,0.0115666
22.169,0.011582
22.1705,0.0115972
22.172,0.011612
22.1735,0.0116265
22.175,0.0116407
22.1765,0.0116545
22.178,0.0116681
22.1795,0.0116813
22.181,0.0116941
22.1825,0.0117066
22.184,0.0117187
22.1855,0.0117304
22.187,0.0117417
22.1885,0.0117525
22.19,0.011763
22.1915,0.011773
22.193,0.0117825
22.1945,0.0117916
22.196,0.0118002
22.1975,0.0118084
22.199,0.011816
22.2005,0.0118232
22.202,0.0118299
22.2035,0.0118361
22.205,0.0118417
22.2065,0.0118469
22.208,0.0118515
22.2095,0.0118556
22.211,0.0118591
22.2125,0.0118621
22.214,0.0118646
22.2155,0.0118665
22.217,0.0118678
22.2185,0.0118686
22.22,0.0118688
22.2215,0.0118684
22.223,0.0118675
22.2245,0.011866
22.226,0.0118639
22.2275,0.0118612
22.229,0.011858
22.2305,0.0118541
22.232,0.0118497
22.2335,0.0118448
22.235,0.0118392
22.2365,0.0118331
22.238,0.0118263
22.2395,0.0118191
22.241,0.0118112
22.2425,0.0118028
22.244,0.0117938
22.2455,0.0117843
22.247,0.0117743
22.2485,0.0117637
22.25,0.0117526
22.2515,0.0117412
22.253,0.0117292
22.2545,0.0117169
22.256,0.0117041
22.2575,0.0116909
22.259,0.0116772
22.2605,0.0116631
22.262,0.0116486
22.2635,0.0116335
22.265,0.0116181
22.2665,0.0116022
22.268,0.0115858
22.2695,0.0115689
22.271,0.0115515
22.2725,0.0115335
22.274,0.0115151
22.2755,0.0114962
22.277,0.011477
22.2785,0.0114574
22.28,0.0114375
22.2815,0.0114173
22.283,0.0113969
22.2845,0.0113762
22.2859,0.0113553
22.2874,0.0113341
22.2889,0.0113128
22.2904,0.0112913
22.2919,0.0112697
22.2934,0.0112482
22.2949,0.0112269
22.2964,0.0112057
22.2979,0.0111866
22.2994,0.0111932
22.3009,0.0112138
22.3024,0.0112328
22.3039,0.0112503
22.3054,0.0112663
22.3069,0.0112807
22.3084,0.0112935
22.3099,0.0113046
22.3114,0.0113142
22.3129,0.011322
22.3144,0.0113282
22.3159,0.0113328
22.3174,0.0113357
22.3189,0.0113371
22.3204,0.0113369
22.3219,0.0113351
22.3234,0.0113318
22.3249,0.0113268
22.3264,0.0113203
22.3279,0.0113123
22.3294,0.0113026
22.3309,0.0112915
22.3324,0.0112788
22.3339,0.0112646
22.3354,0.0112489
22.3369,0.0112318
22.3384,0.0112132
22.3399,0.0111931
22.3414,0.0111717
22.3429,0.011149
22.3444,0.0111468
22.3459,0.011174
22.3474,0.0112008
22.3489,0.0112271
22.3504,0.011253
22.3519,0.0112785
22.3534,0.0113034
22.3549,0.0113278
22.3564,0.0113517
22.3579,0.011375
22.3594,0.0113976
22.3609,0.0114197
22.3624,0.011441
22.3639,0.0114617
22.3654,0.0114817
22.3669,0.011501
22.3684,0.0115196
22.3699,0.0115374
22.3714,0.0115544
22.3729,0.0115707
22.3744,0.0115862
22.3759,0.0116009
22.3774,0.0116148
22.3789,0.0116279
22.3804,0.0116402
22.3819,0.0116517
22.3834,0.0116624
22.3849,0.0116722
22.3864,0.0116812
22.3879,0.0116894
22.3894,0.0116968
22.3909,0.0117033
22.3924,0.011709
22.3939,0.0117139
22.3954,0.011718
22.3969,0.0117213
22.3984,0.0117238
22.3999,0.0117256
22.4014,0.0117265
22.4029,0.0117267
22.4044,0.0117261
22.4059,0.0117248
22.4074,0.0117227
22.4089,0.01172
22.4104,0.0117166
22.4119,0.0117124
22.4134,0.0117077
22.4149,0.0117023
22.4164,0.0116962
22.4179,0.0116896
22.4194,0.0116824
22.4209,0.0116746
22.4224,0.0116663
22.4239,0.0116575
22.4254,0.0116482
22.4269,0.0116385
22.4284,0.0116283
22.4299,0.0116176
22.4314,0.0116066
22.4329,0.0115952
22.4344,0.0115835
22.4359,0.0115715
22.4374,0.0115591
22.4389,0.0115465
22.4404,0.0115337
22.4419,0.0115207
22.4434,0.0115074
22.4449,0.0114941
22.4464,0.0114805
22.4479,0.0114669
22.4494,0.0114532
22.4509,0.0114395
22.4524,0.0114257
22.4539,0.0114119
22.4554,0.0113981
22.4569,0.0113844
22.4584,0.0113707
22.4599,0.0113571
22.4614,0.0113437
22.4629,0.0113303
22.4644,0.0113172
22.4659,0.0113042
22.4674,0.0112914
22.4688,0.0112788
22.4703,0.0112665
22.4718,0.0112544
22.4733,0.0112426
22.4748,0.0112311
22.4763,0.0112199
22.4778,0.011209
22.4793,0.0111984
22.4808,0.0111883
22.4823,0.0111785
22.4838,0.011169
22.4853,0.01116
22.4868,0.0111514
22.4883,0.0111432
22.4898,0.0111354
22.4913,0.0111281
22.4928,0.0111213
22.4943,0.0111149
22.4958,0.0111089
22.4973,0.0111035
22.4988,0.0110985
22.5003,0.011094
22.5018,0.0110899
22.5033,0.0110864
22.5048,0.0110834
22.5063,0.0110808
22.5078,0.0110788
22.5093,0.0110772
22.5108,0.0110761
22.5123,0.0110755
22.5138,0.0110754
22.5153,0.0110757
22.5168,0.0110763
22.5183,0.0110774
22.5198,0.0110788
22.5213,0.0110806
22.5228,0.0110828
22.5243,0.0110853
22.5258,0.0110882
22.5273,0.0110913
22.5288,0.0110948
22.5303,0.0110986
22.5318,0.0111026
22.5333,0.0111069
22.5348,0.0111115
22.5363,0.0111162
22.5378,0.0111212
22.5393,0.0111264
22.5408,0.0111317
22.5423,0.0111372
22.5438,0.0111428
22.5453,0.0111486
22.5468,0.0111544
22.5483,0.0111603
22.5498,0.0111663
22.5513,0.0111723
22.5528,0.0111784
22.5543,0.0111844
22.5558,0.0111904
22.5573,0.0111963
22.5588,0.0112022
22.5603,0.011208
22.5618,0.0112137
22.5633,0.0112193
22.5648,0.0112247
22.5663,0.01123
22.5678,0.0112351
22.5693,0.01124
22.5708,0.0112447
22.5723,0.0112491
22.5738,0.0112533
22.5753,0.0112573
22.5768,0.0112609
22.5783,0.0112642
22.5798,0.0112673
22.5813,0.01127
22.5828,0.0112723
22.5843,0.0112743
22.5858,0.011276
22.5873,0.0112772
22.5888,0.0112781
22.5903,0.0112785
22.5918,0.0112786
22.5933,0.0112782
22.5948,0.0112774
22.5963,0.0112761
22.5978,0.0112745
22.5993,0.0112723
22.6008,0.0112698
22.6023,0.0112667
22.6038,0.0112633
22.6053,0.0112593
22.6068,0.0112549
22.6083,0.0112501
22.6098,0.0112447
22.6113,0.0112389
22.6128,0.0112327
22.6143,0.011226
22.6158,0.0112189
22.6173,0.0112113
22.6188,0.0112032
22.6203,0.0111947
22.6218,0.0111858
22.6233,0.0111764
22.6248,0.0111666
22.6263,0.0111564
22.6278,0.0111458
22.6293,0.0111347
22.6308,0.0111233
22.6323,0.0111115
22.6338,0.0110993
22.6353,0.0110867
22.6368,0.0110738
22.6383,0.0110605
22.6398,0.0110469
22.6413,0.0110331
22.6428,0.0110189
22.6443,0.0110044
22.6458,0.0109897
22.6473,0.0109748
22.6488,0.0109596
22.6502,0.0109441
22.6517,0.0109284
22.6532,0.0109126
22.6547,0.0108965
22.6562,0.0108802
22.6577,0.0108637
22.6592,0.0108471
22.6607,0.0108303
22.6622,0.0108134
22.6637,0.0107963
22.6652,0.0107791
22.6667,0.0107617
22.6682,0.0107802
22.6697,0.010803
22.6712,0.0108256
22.6727,0.010848
22.6742,0.0108702
22.6757,0.0108921
22.6772,0.0109139
22.6787,0.0109354
22.6802,0.0109567
22.6817,0.0109777
22.6832,0.0109984
22.6847,0.0110189
22.6862,0.011039
22.6877,0.0110589
22.6892,0.0110784
22.6907,0.0110975
22.6922,0.0111162
22.6937,0.0111345
22.6952,0.0111525
22.6967,0.01117
22.6982,0.0111871
22.6997,0.0112037
22.7012,0.0112198
22.7027,0.0112355
22.7042,0.0112507
22.7057,0.0112654
22.7072,0.0112796
22.7087,0.0112932
22.7102,0.0113064
22.7117,0.011319
22.7132,0.011331
22.7147,0.0113425
22.7162,0.0113534
22.7177,0.0113637
22.7192,0.0113735
22.7207,0.0113826
22.7222,0.0113912
22.7237,0.0113993
22.7252,0.0114067
22.7267,0.0114136
22.7282,0.0114199
22.7297,0.0114256
22.7312,0.0114307
22.7327,0.0114352
22.7342,0.0114392
22.7357,0.0114425
22.7372,0.0114453
22.7387,0.0114475
22.7402,0.0114491
22.7417,0.0114501
22.7432,0.0114505
22.7447,0.0114503
22.7462,0.0114496
22.7477,0.0114483
22.7492,0.0114465
22.7507,0.011444
22.7522,0.0114411
22.7537,0.0114375
22.7552,0.0114334
22.7567,0.0114287
22.7582,0.0114235
22.7597,0.0114178
22.7612,0.0114115
22.7627,0.0114047
22.7642,0.0113974
22.7657,0.0113895
22.7672,0.0113812
22.7687,0.0113723
22.7702,0.011363
22.7717,0.0113531
22.7732,0.0113428
22.7747,0.0113321
22.7762,0.0113208
22.7777,0.0113091
22.7792,0.0112969
22.7807,0.0112843
22.7822,0.0112713
22.7837,0.0112579
22.7852,0.011244
22.7867,0.0112298
22.7882,0.0112151
22.7897,0.0112001
22.7912,0.0111847
22.7927,0.0111689
22.7942,0.0111528
22.7957,0.0111364
22.7972,0.0111197
22.7987,0.0111027
22.8002,0.0110854
22.8017,0.0110678
22.8032,0.0110499
22.8047,0.0110318
22.8062,0.0110135
22.8077,0.0109949
22.8092,0.0109761
22.8107,0.0109571
22.8122,0.0109378
22.8137,0.0109184
22.8152,0.0108989
22.8167,0.0108792
22.8182,0.0108593
22.8197,0.0108393
22.8212,0.0108192
22.8227,0.0107989
22.8242,0.0107786
22.8257,0.0107582
22.8272,0.0107377
22.8287,0.0107171
22.8302,0.0106965
22.8316,0.0106759
22.8331,0.0106552
22.8346,0.0106346
22.8361,0.0106139
22.8376,0.0105933
22.8391,0.0105727
22.8406,0.0105521
22.8421,0.0105316
22.8436,0.0105112
22.8451,0.0104908
22.8466,0.0104705
22.8481,0.0104503
22.8496,0.0104334
22.8511,0.0104254
22.8526,0.0104177
22.8541,0.0104102
22.8556,0.0104031
22.8571,0.0103983
22.8586,0.010398
22.8601,0.010398
22.8616,0.0103983
22.8631,0.0103988
22.8646,0.0103996
22.8661,0.0104007
22.8676,0.010402
22.8691,0.0104035
22.8706,0.0104053
22.8721,0.0104073
22.8736,0.0104095
22.8751,0.010412
22.8766,0.0104147
22.8781,0.0104175
22.8796,0.0104206
22.8811,0.0104238
22.8826,0.0104272
22.8841,0.0104308
22.8856,0.0104346
22.8871,0.0104385
22.8886,0.0104425
22.8901,0.0104466
22.8916,0.0104509
22.8931,0.0104553
22.8946,0.0104598
22.8961,0.0104643
22.8976,0.010469
22.8991,0.0104737
22.9006,0.0104784
22.9021,0.0104832
22.9036,0.0104881
22.9051,0.0104929
22.9066,0.0104978
22.9081,0.0105027
22.9096,0.0105076
22.9111,0.0105124
22.9126,0.0105172
22.9141,0.010522
22.9156,0.0105267
22.9171,0.0105314
22.9186,0.010536
22.9201,0.0105406
22.9216,0.0105451
22.9231,0.0105494
22.9246,0.0105537
22.9261,0.0105579
22.9276,0.0105619
22.9291,0.0105658
22.9306,0.0105696
22.9321,0.0105732
22.9336,0.0105767
22.9351,0.01058
22.9366,0.0105831
22.9381,0.0105861
22.9396,0.0105889
22.9411,0.0105915
22.9426,0.0105939
22.9441,0.0105961
22.9456,0.0105981
22.9471,0.0105999
22.9486,0.0106015
22.9501,0.0106029
22.9516,0.010604
22.9531,0.0106049
22.9546,0.0106056
22.9561,0.0106061
22.9576,0.0106063
22.9591,0.0106063
22.9606,0.0106061
22.9621,0.0106056
22.9636,0.0106049
22.9651,0.0106039
22.9666,0.010606
22.9681,0.0106202
22.9696,0.0106342
22.9711,0.0106481
22.9726,0.0106617
22.9741,0.0106753
22.9756,0.0106886
22.9771,0.0107018
22.9786,0.0107148
22.9801,0.0107277
22.9816,0.0107403
22.9831,0.0107528
22.9846,0.0107651
22.9861,0.0107772
22.9876,0.0107891
22.9891,0.0108007
22.9906,0.0108122
22.9921,0.0108234
22.9936,0.0108345
22.9951,0.0108452
22.9966,0.0108556
22.9981,0.0108656
22.9996,0.0108751
23.0011,0.0108842
23.0026,0.010893
23.0041,0.0109012
23.0056,0.010909
23.0071,0.0109162
23.0086,0.010923
23.0101,0.0109294
23.0116,0.0109353
23.0131,0.0109408
23.0145,0.0109458
23.016,0.0109505
23.0175,0.0109548
23.019,0.0109586
23.0205,0.0109622
23.022,0.0109654
23.0235,0.0109682
23.025,0.0109707
23.0265,0.010973
23.028,0.0109749
23.0295,0.0109766
23.031,0.010978
23.0325,0.0109791
23.034,0.0109801
23.0355,0.0109808
23.037,0.0109813
23.0385,0.0109816
23.04,0.0109817
23.0415,0.0109816
23.043,0.0109814
23.0445,0.010981
23.046,0.0109805
23.0475,0.0109799
23.049,0.0109792
23.0505,0.0109784
23.052,0.0109775
23.0535,0.0109766
23.055,0.0109756
23.0565,0.0109745
23.058,0.0109734
23.0595,0.0109723
23.061,0.0109712
23.0625,0.0109701
23.064,0.010969
23.0655,0.0109679
23.067,0.0109669
23.0685,0.0109659
23.07,0.0109649
23.0715,0.010964
23.073,0.0109631
23.0745,0.0109623
23.076,0.0109616
23.0775,0.0109609
23.079,0.0109604
23.0805,0.0109599
23.082,0.0109595
23.0835,0.0109592
23.085,0.010959
23.0865,0.0109589
23.088,0.010959
23.0895,0.0109591
23.091,0.0109594
23.0925,0.0109597
23.094,0.0109602
23.0955,0.0109608
23.097,0.0109615
23.0985,0.0109623
23.1,0.0109632
23.1015,0.0109643
23.103,0.0109654
23.1045,0.0109667
23.106,0.010968
23.1075,0.0109695
23.109,0.0109709
23.1105,0.0109723
23.112,0.0109735
23.1135,0.0109745
23.115,0.0109754
23.1165,0.0109762
23.118,0.0109768
23.1195,0.0109772
23.121,0.0109775
23.1225,0.0109775
23.124,0.0109773
23.1255,0.0109768
23.127,0.010976
23.1285,0.010975
23.13,0.0109736
23.1315,0.0109719
23.133,0.01097
23.1345,0.0109677
23.136,0.0109652
23.1375,0.0109623
23.139,0.0109591
23.1405,0.0109556
23.142,0.0109518
23.1435,0.0109477
23.145,0.0109432
23.1465,0.0109385
23.148,0.0109334
23.1495,0.0109281
23.151,0.0109224
23.1525,0.0109164
23.154,0.0109101
23.1555,0.0109036
23.157,0.0108967
23.1585,0.0108895
23.16,0.0108821
23.1615,0.0108743
23.163,0.0108663
23.1645,0.0108581
23.166,0.0108495
23.1675,0.0108407
23.169,0.0108317
23.1705,0.0108224
23.172,0.0108129
23.1735,0.0108031
23.175,0.0107932
23.1765,0.010783
23.178,0.0107727
23.1795,0.0107622
23.181,0.0107515
23.1825,0.0107406
23.184,0.0107296
23.1855,0.0107184
23.187,0.0107071
23.1885,0.0106957
23.19,0.0106842
23.1915,0.0106727
23.193,0.0106611
23.1945,0.0106495
23.1959,0.0106379
23.1974,0.0106262
23.1989,0.0106146
23.2004,0.0106029
23.2019,0.0105913
23.2034,0.0105797
23.2049,0.0105682
23.2064,0.0105567
23.2079,0.0105453
23.2094,0.010534
23.2109,0.010537
23.2124,0.0105437
23.2139,0.0105498
23.2154,0.0105555
23.2169,0.0105607
23.2184,0.0105655
23.2199,0.0105697
23.2214,0.0105735
23.2229,0.0105768
23.2244,0.0105796
23.2259,0.010582
23.2274,0.0105839
23.2289,0.0105854
23.2304,0.0105864
23.2319,0.010587
23.2334,0.0105871
23.2349,0.0105869
23.2364,0.0105862
23.2379,0.0105851
23.2394,0.0105836
23.2409,0.0105817
23.2424,0.0105794
23.2439,0.0105768
23.2454,0.0105737
23.2469,0.0105703
23.2484,0.0105666
23.2499,0.0105625
23.2514,0.0105581
23.2529,0.0105533
23.2544,0.0105483
23.2559,0.0105429
23.2574,0.0105373
23.2589,0.0105314
23.2604,0.0105253
23.2619,0.0105189
23.2634,0.0105122
23.2649,0.0105054
23.2664,0.0104984
23.2679,0.0104911
23.2694,0.0104837
23.2709,0.0104762
23.2724,0.0104685
23.2739,0.0104606
23.2754,0.0104633
23.2769,0.0104659
23.2784,0.0104683
23.2799,0.0104705
23.2814,0.0104725
23.2829,0.0104743
23.2844,0.0104759
23.2859,0.0104773
23.2874,0.0104785
23.2889,0.0104794
23.2904,0.0104802
23.2919,0.0104807
23.2934,0.010481
23.2949,0.0104812
23.2964,0.0104811
23.2979,0.0104808
23.2994,0.0104803
23.3009,0.0104795
23.3024,0.0104784
23.3039,0.0104771
23.3054,0.0104754
23.3069,0.0104735
23.3084,0.0104712
23.3099,0.0104687
23.3114,0.0104658
23.3129,0.0104627
23.3144,0.0104592
23.3159,0.0104555
23.3174,0.0104515
23.3189,0.0104472
23.3204,0.0104426
23.3219,0.0104377
23.3234,0.0104325
23.3249,0.0104271
23.3264,0.0104214
23.3279,0.0104154
23.3294,0.0104091
23.3309,0.0104028
23.3324,0.0103963
23.3339,0.0103897
23.3354,0.010383
23.3369,0.0103761
23.3384,0.0103692
23.3399,0.0103621
23.3414,0.0103549
23.3429,0.0103702
23.3444,0.0103882
23.3459,0.0104064
23.3474,0.0104246
23.3489,0.010443
23.3504,0.0104614
23.3519,0.0104798
23.3534,0.0104983
23.3549,0.0105167
23.3564,0.0105352
23.3579,0.0105536
23.3594,0.0105719
23.3609,0.0105902
23.3624,0.0106083
23.3639,0.0106264
23.3654,0.0106443
23.3669,0.010662
23.3684,0.0106795
23.3699,0.0106968
23.3714,0.0107138
23.3729,0.0107306
23.3744,0.0107471
23.3759,0.0107633
23.3773,0.0107791
23.3788,0.0107946
23.3803,0.0108097
23.3818,0.0108243
23.3833,0.0108386
23.3848,0.0108524
23.3863,0.0108657
23.3878,0.0108786
23.3893,0.0108909
23.3908,0.0109027
23.3923,0.010914
23.3938,0.0109247
23.3953,0.0109348
23.3968,0.0109443
23.3983,0.0109532
23.3998,0.0109615
23.4013,0.0109692
23.4028,0.0109762
23.4043,0.0109825
23.4058,0.0109882
23.4073,0.0109932
23.4088,0.0109975
23.4103,0.0110011
23.4118,0.0110041
23.4133,0.0110063
23.4148,0.0110078
23.4163,0.0110086
23.4178,0.0110087
23.4193,0.0110081
23.4208,0.0110068
23.4223,0.0110048
23.4238,0.0110021
23.4253,0.0109987
23.4268,0.0109946
23.4283,0.0109899
23.4298,0.0109844
23.4313,0.0109783
23.4328,0.0109716
23.4343,0.0109642
23.4358,0.0109562
23.4373,0.0109475
23.4388,0.0109383
23.4403,0.0109285
23.4418,0.0109181
23.4433,0.0109077
23.4448,0.0108973
23.4463,0.010887
23.4478,0.0108768
23.4493,0.0108666
23.4508,0.0108565
23.4523,0.0108464
23.4538,0.0108365
23.4553,0.0108347
23.4568,0.0108375
23.4583,0.0108399
23.4598,0.0108421
23.4613,0.0108439
23.4628,0.0108455
23.4643,0.0108467
23.4658,0.0108477
23.4673,0.0108483
23.4688,0.0108486
23.4703,0.0108486
23.4718,0.0108483
23.4733,0.0108477
23.4748,0.0108467
23.4763,0.0108455
23.4778,0.0108439
23.4793,0.010842
23.4808,0.0108399
23.4823,0.0108374
23.4838,0.0108347
23.4853,0.0108316
23.4868,0.0108282
23.4883,0.0108246
23.4898,0.0108207
23.4913,0.0108165
23.4928,0.010812
23.4943,0.0108074
23.4958,0.0108026
23.4973,0.0107976
23.4988,0.0107925
23.5003,0.0107872
23.5018,0.0107818
23.5033,0.0107762
23.5048,0.0107704
23.5063,0.0107645
23.5078,0.0107585
23.5093,0.0107523
23.5108,0.0107459
23.5123,0.0107391
23.5138,0.010732
23.5153,0.0107244
23.5168,0.0107166
23.5183,0.0107083
23.5198,0.0106997
23.5213,0.0106907
23.5228,0.0106814
23.5243,0.0106718
23.5258,0.0106619
23.5273,0.0106516
23.5288,0.010641
23.5303,0.0106302
23.5318,0.010619
23.5333,0.0106075
23.5348,0.0105958
23.5363,0.0105838
23.5378,0.0105716
23.5393,0.0105591
23.5408,0.0105465
23.5423,0.0105335
23.5438,0.0105203
23.5453,0.0105069
23.5468,0.0104933
23.5483,0.0104795
23.5498,0.0104655
23.5513,0.0104514
23.5528,0.0104469
23.5543,0.0104452
23.5558,0.0104435
23.5573,0.0104419
23.5588,0.0104402
23.5602,0.0104386
23.5617,0.0104371
23.5632,0.0104356
23.5647,0.0104341
23.5662,0.0104326
23.5677,0.0104311
23.5692,0.0104297
23.5707,0.0104283
23.5722,0.0104269
23.5737,0.0104287
23.5752,0.0104321
23.5767,0.0104353
23.5782,0.0104383
23.5797,0.0104412
23.5812,0.0104439
23.5827,0.0104464
23.5842,0.0104488
23.5857,0.010451
23.5872,0.0104532
23.5887,0.0104552
23.5902,0.0104571
23.5917,0.0104589
23.5932,0.0104606
23.5947,0.0104623
23.5962,0.0104639
23.5977,0.0104654
23.5992,0.0104669
23.6007,0.0104684
23.6022,0.0104698
23.6037,0.0104712
23.6052,0.0104727
23.6067,0.0104741
23.6082,0.0104755
23.6097,0.010477
23.6112,0.0104785
23.6127,0.01048
23.6142,0.0104816
23.6157,0.0104832
23.6172,0.0104849
23.6187,0.0104867
23.6202,0.0104886
23.6217,0.0104905
23.6232,0.0104925
23.6247,0.0104946
23.6262,0.0104968
23.6277,0.0104992
23.6292,0.0105016
23.6307,0.0105041
23.6322,0.0105068
23.6337,0.0105096
23.6352,0.0105125
23.6367,0.0105155
23.6382,0.0105186
23.6397,0.0105219
23.6412,0.0105253
23.6427,0.0105288
23.6442,0.0105325
23.6457,0.0105363
23.6472,0.0105402
23.6487,0.0105442
23.6502,0.0105484
23.6517,0.0105527
23.6532,0.0105571
23.6547,0.0105616
23.6562,0.0105662
23.6577,0.0105709
23.6592,0.0105758
23.6607,0.0105807
23.6622,0.0105857
23.6637,0.0105909
23.6652,0.0105961
23.6667,0.0106014
23.6682,0.0106067
23.6697,0.0106122
23.6712,0.0106177
23.6727,0.0106233
23.6742,0.0106289
23.6757,0.0106346
23.6772,0.01064
23.6787,0.0106451
23.6802,0.0106499
23.6817,0.0106544
23.6832,0.0106586
23.6847,0.0106626
23.6862,0.0106662
23.6877,0.0106695
23.6892,0.0106726
23.6907,0.0106753
23.6922,0.0106778
23.6937,0.0106799
23.6952,0.0106818
23.6967,0.0106834
23.6982,0.0106847
23.6997,0.0106857
23.7012,0.0106865
23.7027,0.0106869
23.7042,0.0106871
23.7057,0.0106871
23.7072,0.0106869
23.7087,0.0106865
23.7102,0.010686
23.7117,0.0106852
23.7132,0.0106843
23.7147,0.0106832
23.7162,0.0106819
23.7177,0.0106805
23.7192,0.010679
23.7207,0.0106773
23.7222,0.0106755
23.7237,0.0106735
23.7252,0.0106715
23.7267,0.0106693
23.7282,0.010667
23.7297,0.0106646
23.7312,0.0106621
23.7327,0.0106595
23.7342,0.0106568
23.7357,0.0106541
23.7372,0.0106512
23.7387,0.0106483
23.7402,0.0106454
23.7416,0.0106423
23.7431,0.0106393
23.7446,0.0106361
23.7461,0.0106329
23.7476,0.0106297
23.7491,0.0106264
23.7506,0.010623
23.7521,0.0106196
23.7536,0.0106162
23.7551,0.0106127
23.7566,0.0106092
23.7581,0.0106056
23.7596,0.010602
23.7611,0.0105984
23.7626,0.0105947
23.7641,0.010591
23.7656,0.0105872
23.7671,0.0105834
23.7686,0.0105795
23.7701,0.0105756
23.7716,0.0105717
23.7731,0.0105677
23.7746,0.0105637
23.7761,0.0105686
23.7776,0.0105737
23.7791,0.0105786
23.7806,0.0105831
23.7821,0.0105874
23.7836,0.0105915
23.7851,0.0105952
23.7866,0.0105986
23.7881,0.0106018
23.7896,0.0106046
23.7911,0.0106072
23.7926,0.0106095
23.7941,0.0106115
23.7956,0.0106132
23.7971,0.0106146
23.7986,0.0106157
23.8001,0.0106165
23.8016,0.010617
23.8031,0.0106172
23.8046,0.0106172
23.8061,0.0106168
23.8076,0.0106162
23.8091,0.0106153
23.8106,0.0106141
23.8121,0.0106126
23.8136,0.0106109
23.8151,0.0106089
23.8166,0.0106067
23.8181,0.0106043
23.8196,0.0106017
23.8211,0.0105989
23.8226,0.010596
23.8241,0.010593
23.8256,0.0105898
23.8271,0.0105867
23.8286,0.0105835
23.8301,0.0105804
23.8316,0.0105773
23.8331,0.0105742
23.8346,0.0105712
23.8361,0.0105681
23.8376,0.010565
23.8391,0.010562
23.8406,0.010559
23.8421,0.010556
23.8436,0.010553
23.8451,0.01055
23.8466,0.010547
23.8481,0.010544
23.8496,0.0105411
23.8511,0.0105382
23.8526,0.0105353
23.8541,0.0105324
23.8556,0.0105295
23.8571,0.0105267
23.8586,0.0105239
23.8601,0.0105211
23.8616,0.0105184
23.8631,0.0105157
23.8646,0.010513
23.8661,0.0105103
23.8676,0.0105077
23.8691,0.0105051
23.8706,0.0105026
23.8721,0.0105001
23.8736,0.0104977
23.8751,0.0104953
23.8766,0.0104929
23.8781,0.0104907
23.8796,0.0104884
23.8811,0.0104863
23.8826,0.0104842
23.8841,0.0104822
23.8856,0.0104802
23.8871,0.0104783
23.8886,0.0104765
23.8901,0.0104748
23.8916,0.0104732
23.8931,0.0104716
23.8946,0.0104701
23.8961,0.0104688
23.8976,0.0104675
23.8991,0.0104663
23.9006,0.0104652
23.9021,0.0104643
23.9036,0.0104634
23.9051,0.0104626
23.9066,0.010462
23.9081,0.0104615
23.9096,0.0104611
23.9111,0.0104608
23.9126,0.0104606
23.9141,0.0104606
23.9156,0.0104607
23.9171,0.0104609
23.9186,0.0104613
23.9201,0.0104617
23.9216,0.0104624
23.923,0.0104631
23.9245,0.010464
23.926,0.010465
23.9275,0.0104662
23.929,0.0104675
23.9305,0.010469
23.932,0.0104705
23.9335,0.0104723
23.935,0.0104741
23.9365,0.0104761
23.938,0.0104782
23.9395,0.0104805
23.941,0.0104829
23.9425,0.0104855
23.944,0.0104882
23.9455,0.0104912
23.947,0.0104944
23.9485,0.0104977
23.95,0.0105013
23.9515,0.010505
23.953,0.0105089
23.9545,0.0105129
23.956,0.0105172
23.9575,0.0105216
23.959,0.0105261
23.9605,0.0105308
23.962,0.0105357
23.9635,0.0105406
23.965,0.0105458
23.9665,0.010551
23.968,0.0105563
23.9695,0.0105618
23.971,0.0105674
23.9725,0.010573
23.974,0.0105788
23.9755,0.0105846
23.977,0.0105905
23.9785,0.0105965
23.98,0.0106025
23.9815,0.0106086
23.983,0.0106147
23.9845,0.0106208
23.986,0.0106269
23.9875,0.0106331
23.989,0.0106392
23.9905,0.0106454
23.992,0.0106515
23.9935,0.0106576
23.995,0.0106637
23.9965,0.0106697
23.998,0.0106756
23.9995,0.0106815
24.001,0.0106874
24.0025,0.0106931
24.004,0.0106988
24.0055,0.0107044
24.007,0.0107098
24.0085,0.0107152
24.01,0.0107204
24.0115,0.0107255
24.013,0.0107305
24.0145,0.0107353
24.016,0.01074
24.0175,0.0107445
24.019,0.0107489
24.0205,0.0107531
24.022,0.0107571
24.0235,0.0107609
24.025,0.0107646
24.0265,0.010768
24.028,0.0107713
24.0295,0.0107743
24.031,0.0107771
24.0325,0.0107798
24.034,0.0107822
24.0355,0.0107844
24.037,0.0107863
24.0385,0.0107881
24.04,0.0107896
24.0415,0.0107908
24.043,0.0107919
24.0445,0.0107927
24.046,0.0107933
24.0475,0.0107936
24.049,0.0107937
24.0505,0.0107936
24.052,0.0107932
24.0535,0.0107925
24.055,0.0107917
24.0565,0.0107906
24.058,0.0107892
24.0595,0.0107876
24.061,0.0107857
24.0625,0.0107836
24.064,0.0107812
24.0655,0.0107785
24.067,0.0107754
24.0685,0.0107721
24.07,0.0107686
24.0715,0.010765
24.073,0.0107613
24.0745,0.0107574
24.076,0.0107534
24.0775,0.0107493
24.079,0.010745
24.0805,0.0107406
24.082,0.0107361
24.0835,0.0107315
24.085,0.0107267
24.0865,0.0107219
24.088,0.0107169
24.0895,0.0107118
24.091,0.0107065
24.0925,0.0107012
24.094,0.0106958
24.0955,0.0106902
24.097,0.0106846
24.0985,0.0106789
24.1,0.010673
24.1015,0.0106671
24.103,0.0106611
24.1045,0.010655
24.1059,0.0106489
24.1074,0.0106426
24.1089,0.0106363
24.1104,0.0106299
24.1119,0.0106235
24.1134,0.010617
24.1149,0.0106104
24.1164,0.0106038
24.1179,0.0105971
24.1194,0.0105904
24.1209,0.0105837
24.1224,0.0105769
24.1239,0.0105701
24.1254,0.0105632
24.1269,0.0105563
24.1284,0.0105494
24.1299,0.0105425
24.1314,0.0105356
24.1329,0.0105286
24.1344,0.0105217
24.1359,0.0105147
24.1374,0.0105077
24.1389,0.0105007
24.1404,0.0104937
24.1419,0.0104867
24.1434,0.0104803
24.1449,0.0104743
24.1464,0.0104682
24.1479,0.0104622
24.1494,0.0104562
24.1509,0.0104502
24.1524,0.0104442
24.1539,0.0104382
24.1554,0.0104323
24.1569,0.0104264
24.1584,0.0104205
24.1599,0.0104147
24.1614,0.0104089
24.1629,0.0104032
24.1644,0.0103975
24.1659,0.0103918
24.1674,0.0103862
24.1689,0.0103806
24.1704,0.0103751
24.1719,0.0103696
24.1734,0.0103642
24.1749,0.0103588
24.1764,0.0103535
24.1779,0.0103482
24.1794,0.010343
24.1809,0.0103378
24.1824,0.0103327
24.1839,0.0103276
24.1854,0.0103226
24.1869,0.0103177
24.1884,0.0103128
24.1899,0.0103079
24.1914,0.0103031
24.1929,0.0102983
24.1944,0.0102936
24.1959,0.0102889
24.1974,0.0102842
24.1989,0.0102796
24.2004,0.0102751
24.2019,0.0102705
24.2034,0.010266
24.2049,0.0102616
24.2064,0.0102571
24.2079,0.0102527
24.2094,0.0102484
24.2109,0.010244
24.2124,0.0102397
24.2139,0.0102354
24.2154,0.0102311
24.2169,0.0102269
24.2184,0.0102226
24.2199,0.0102184
24.2214,0.0102142
24.2229,0.01021
24.2244,0.0102058
24.2259,0.0102016
24.2274,0.0101975
24.2289,0.0101933
24.2304,0.0101892
24.2319,0.010185
24.2334,0.0101809
24.2349,0.0101768
24.2364,0.0101727
24.2379,0.0101685
24.2394,0.0101644
24.2409,0.0101603
24.2424,0.0101562
24.2439,0.0101521
24.2454,0.010148
24.2469,0.0101439
24.2484,0.0101443
24.2499,0.0101522
24.2514,0.0101598
24.2529,0.0101669
24.2544,0.0101735
24.2559,0.0101798
24.2574,0.0101856
24.2589,0.010191
24.2604,0.010196
24.2619,0.0102007
24.2634,0.0102051
24.2649,0.0102092
24.2664,0.0102131
24.2679,0.0102167
24.2694,0.01022
24.2709,0.0102231
24.2724,0.0102258
24.2739,0.0102283
24.2754,0.0102305
24.2769,0.0102324
24.2784,0.010234
24.2799,0.0102354
24.2814,0.0102365
24.2829,0.0102373
24.2844,0.0102379
24.2859,0.0102381
24.2873,0.0102382
24.2888,0.0102379
24.2903,0.0102374
24.2918,0.0102366
24.2933,0.0102356
24.2948,0.0102343
24.2963,0.0102327
24.2978,0.010231
24.2993,0.010229
24.3008,0.0102267
24.3023,0.0102242
24.3038,0.0102215
24.3053,0.0102186
24.3068,0.0102155
24.3083,0.0102122
24.3098,0.0102087
24.3113,0.0102049
24.3128,0.010201
24.3143,0.010197
24.3158,0.0101928
24.3173,0.0101887
24.3188,0.0101845
24.3203,0.0101802
24.3218,0.0101759
24.3233,0.0101716
24.3248,0.0101673
24.3263,0.0101629
24.3278,0.0101585
24.3293,0.0101541
24.3308,0.0101496
24.3323,0.0101452
24.3338,0.0101407
24.3353,0.0101363
24.3368,0.0101318
24.3383,0.0101273
24.3398,0.0101228
24.3413,0.0101184
24.3428,0.0101139
24.3443,0.0101095
24.3458,0.010105
24.3473,0.0101006
24.3488,0.0100962
24.3503,0.0100918
24.3518,0.0100874
24.3533,0.0100831
24.3548,0.0100788
24.3563,0.0100745
24.3578,0.0100703
24.3593,0.010066
24.3608,0.0100619
24.3623,0.0100577
24.3638,0.0100536
24.3653,0.0100495
24.3668,0.0100455
24.3683,0.0100414
24.3698,0.0100374
24.3713,0.0100334
24.3728,0.0100294
24.3743,0.0100255
24.3758,0.0100215
24.3773,0.0100176
24.3788,0.0100138
24.3803,0.0100099
24.3818,0.0100061
24.3833,0.0100023
24.3848,0.00999862
24.3863,0.00999494
24.3878,0.00999416
24.3893,0.0100045
24.3908,0.0100148
24.3923,0.0100251
24.3938,0.0100355
24.3953,0.0100459
24.3968,0.0100563
24.3983,0.0100667
24.3998,0.010077
24.4013,0.0100874
24.4028,0.0100977
24.4043,0.0101081
24.4058,0.0101184
24.4073,0.0101286
24.4088,0.0101388
24.4103,0.0101504
24.4118,0.010165
24.4133,0.0101791
24.4148,0.0101926
24.4163,0.0102056
24.4178,0.0102181
24.4193,0.0102301
24.4208,0.0102416
24.4223,0.0102525
24.4238,0.010263
24.4253,0.0102729
24.4268,0.0102824
24.4283,0.0102913
24.4298,0.0102998
24.4313,0.0103078
24.4328,0.0103152
24.4343,0.0103223
24.4358,0.0103288
24.4373,0.0103349
24.4388,0.0103406
24.4403,0.0103458
24.4418,0.0103506
24.4433,0.0103549
24.4448,0.0103589
24.4463,0.0103624
24.4478,0.0103656
24.4493,0.0103684
24.4508,0.0103708
24.4523,0.0103729
24.4538,0.0103747
24.4553,0.0103761
24.4568,0.0103772
24.4583,0.0103787
24.4598,0.0103827
24.4613,0.0103864
24.4628,0.0103899
24.4643,0.0103933
24.4658,0.0103965
24.4673,0.0103996
24.4688,0.0104024
24.4702,0.0104051
24.4717,0.0104076
24.4732,0.0104099
24.4747,0.0104121
24.4762,0.0104142
24.4777,0.0104161
24.4792,0.0104178
24.4807,0.0104459
24.4822,0.0104737
24.4837,0.0105011
24.4852,0.010528
24.4867,0.0105545
24.4882,0.0105804
24.4897,0.0106058
24.4912,0.0106306
24.4927,0.0106548
24.4942,0.0106784
24.4957,0.0107013
24.4972,0.0107235
24.4987,0.0107449
24.5002,0.0107656
24.5017,0.0107855
24.5032,0.0108046
24.5047,0.0108229
24.5062,0.0108404
24.5077,0.010857
24.5092,0.0108727
24.5107,0.0108875
24.5122,0.0109014
24.5137,0.0109144
24.5152,0.0109264
24.5167,0.0109376
24.5182,0.0109477
24.5197,0.0109569
24.5212,0.0109651
24.5227,0.0109724
24.5242,0.0109787
24.5257,0.010984
24.5272,0.0109884
24.5287,0.0109919
24.5302,0.0109944
24.5317,0.0109959
24.5332,0.0109965
24.5347,0.0109962
24.5362,0.010995
24.5377,0.010993
24.5392,0.01099
24.5407,0.0109862
24.5422,0.0109818
24.5437,0.0109768
24.5452,0.0109714
24.5467,0.0109654
24.5482,0.0109668
24.5497,0.0109785
24.5512,0.0109896
24.5527,0.0110003
24.5542,0.0110104
24.5557,0.01102
24.5572,0.011029
24.5587,0.0110375
24.5602,0.0110455
24.5617,0.0110529
24.5632,0.0110597
24.5647,0.011066
24.5662,0.0110718
24.5677,0.011077
24.5692,0.0110816
24.5707,0.0110857
24.5722,0.0110892
24.5737,0.0110922
24.5752,0.0110947
24.5767,0.0110968
24.5782,0.0110983
24.5797,0.0110994
24.5812,0.0111
24.5827,0.0111002
24.5842,0.0110999
24.5857,0.0110991
24.5872,0.0110979
24.5887,0.0110962
24.5902,0.011094
24.5917,0.0110915
24.5932,0.0110884
24.5947,0.011085
24.5962,0.0110811
24.5977,0.0110768
24.5992,0.011072
24.6007,0.0110668
24.6022,0.011061
24.6037,0.0110547
24.6052,0.0110478
24.6067,0.0110405
24.6082,0.0110327
24.6097,0.0110243
24.6112,0.0110155
24.6127,0.0110063
24.6142,0.0109965
24.6157,0.0109864
24.6172,0.0109758
24.6187,0.0109648
24.6202,0.0109534
24.6217,0.0109415
24.6232,0.0109294
24.6247,0.0109168
24.6262,0.0109039
24.6277,0.0108907
24.6292,0.0108771
24.6307,0.0108633
24.6322,0.0108492
24.6337,0.0108348
24.6352,0.0108201
24.6367,0.0108052
24.6382,0.0107899
24.6397,0.0107745
24.6412,0.0107588
24.6427,0.0107429
24.6442,0.0107268
24.6457,0.0107106
24.6472,0.0106943
24.6487,0.0106778
24.6502,0.0106612
24.6516,0.0106446
24.6531,0.0106279
24.6546,0.0106112
24.6561,0.0105944
24.6576,0.0105777
24.6591,0.010561
24.6606,0.0105443
24.6621,0.0105276
24.6636,0.0105111
24.6651,0.0104947
24.6666,0.0104783
24.6681,0.0104622
24.6696,0.0104461
24.6711,0.0104302
24.6726,0.0104145
24.6741,0.010399
24.6756,0.0103837
24.6771,0.0103687
24.6786,0.0103538
24.6801,0.0103393
24.6816,0.0103249
24.6831,0.0103109
24.6846,0.0102971
24.6861,0.0102837
24.6876,0.0102705
24.6891,0.0102577
24.6906,0.0102452
24.6921,0.0102346
24.6936,0.0102369
24.6951,0.010239
24.6966,0.010241
24.6981,0.0102429
24.6996,0.0102446
24.7011,0.0102461
24.7026,0.0102569
24.7041,0.0102696
24.7056,0.0102817
24.7071,0.0102932
24.7086,0.010304
24.7101,0.0103142
24.7116,0.0103235
24.7131,0.010332
24.7146,0.0103397
24.7161,0.0103465
24.7176,0.0103525
24.7191,0.0103576
24.7206,0.0103619
24.7221,0.0103654
24.7236,0.010368
24.7251,0.0103698
24.7266,0.0103708
24.7281,0.0103709
24.7296,0.0103703
24.7311,0.0103688
24.7326,0.0103666
24.7341,0.0103637
24.7356,0.0103601
24.7371,0.0103558
24.7386,0.0103509
24.7401,0.0103454
24.7416,0.0103392
24.7431,0.0103324
24.7446,0.010325
24.7461,0.010317
24.7476,0.0103085
24.7491,0.0102993
24.7506,0.0102896
24.7521,0.0102794
24.7536,0.0102687
24.7551,0.0102574
24.7566,0.0102457
24.7581,0.0102335
24.7596,0.0102208
24.7611,0.0102077
24.7626,0.0101943
24.7641,0.0101804
24.7656,0.0101779
24.7671,0.0101875
24.7686,0.0101971
24.7701,0.0102069
24.7716,0.0102168
24.7731,0.0102268
24.7746,0.0102368
24.7761,0.0102468
24.7776,0.0102569
24.7791,0.010267
24.7806,0.0102771
24.7821,0.0102872
24.7836,0.0102973
24.7851,0.0103073
24.7866,0.0103173
24.7881,0.0103272
24.7896,0.0103369
24.7911,0.0103466
24.7926,0.0103562
24.7941,0.0103657
24.7956,0.010375
24.7971,0.0103841
24.7986,0.0103931
24.8001,0.0104019
24.8016,0.0104105
24.8031,0.0104189
24.8046,0.0104271
24.8061,0.0104351
24.8076,0.0104428
24.8091,0.0104503
24.8106,0.0104575
24.8121,0.0104644
24.8136,0.010471
24.8151,0.0104774
24.8166,0.0104835
24.8181,0.0104892
24.8196,0.0104947
24.8211,0.0104998
24.8226,0.0105046
24.8241,0.010509
24.8256,0.0105132
24.8271,0.010517
24.8286,0.0105205
24.8301,0.0105236
24.8316,0.0105264
24.833,0.0105288
24.8345,0.0105309
24.836,0.0105326
24.8375,0.0105339
24.839,0.0105349
24.8405,0.0105357
24.842,0.0105362
24.8435,0.0105364
24.845,0.0105363
24.8465,0.0105359
24.848,0.0105353
24.8495,0.0105344
24.851,0.0105332
24.8525,0.0105317
24.854,0.0105299
24.8555,0.0105279
24.857,0.0105256
24.8585,0.010523
24.86,0.0105201
24.8615,0.0105169
24.863,0.0105135
24.8645,0.0105099
24.866,0.010506
24.8675,0.0105018
24.869,0.0104975
24.8705,0.0104931
24.872,0.0104886
24.8735,0.0104839
24.875,0.0104792
24.8765,0.0104743
24.878,0.0104693
24.8795,0.0104643
24.881,0.010459
24.8825,0.0104537
24.884,0.0104482
24.8855,0.0104426
24.887,0.0104369
24.8885,0.010431
24.89,0.010425
24.8915,0.0104188
24.893,0.0104126
24.8945,0.0104062
24.896,0.0103996
24.8975,0.0103929
24.899,0.0103861
24.9005,0.0103792
24.902,0.0103721
24.9035,0.0103649
24.905,0.0103576
24.9065,0.0103501
24.908,0.0103425
24.9095,0.0103348
24.911,0.010327
24.9125,0.0103191
24.914,0.010311
24.9155,0.0103028
24.917,0.0102946
24.9185,0.0102862
24.92,0.0102778
24.9215,0.0102693
24.923,0.0102607
24.9245,0.0102549
24.926,0.0102594
24.9275,0.0102638
24.929,0.010268
24.9305,0.0102721
24.932,0.0102761
24.9335,0.0102799
24.935,0.0102835
24.9365,0.010287
24.938,0.0102904
24.9395,0.0102935
24.941,0.0102966
24.9425,0.0102994
24.944,0.0103021
24.9455,0.0103046
24.947,0.0103069
24.9485,0.0103091
24.95,0.0103111
24.9515,0.0103129
24.953,0.0103146
24.9545,0.0103161
24.956,0.0103174
24.9575,0.0103185
24.959,0.0103194
24.9605,0.0103202
24.962,0.0103208
24.9635,0.0103213
24.965,0.0103216
24.9665,0.0103217
24.968,0.0103216
24.9695,0.0103214
24.971,0.010321
24.9725,0.0103204
24.974,0.0103197
24.9755,0.0103188
24.977,0.0103177
24.9785,0.0103165
24.98,0.0103151
24.9815,0.0103136
24.983,0.0103119
24.9845,0.01031
24.986,0.0103108
24.9875,0.0103154
24.989,0.01032
24.9905,0.0103246
24.992,0.0103292
24.9935,0.0103338
24.995,0.0103384
24.9965,0.010343
24.998,0.0103476
24.9995,0.0103522
25.001,0.0103569
25.0025,0.0103615
25.004,0.0103661
25.0055,0.0103707
25.007,0.0103753
25.0085,0.0103799
25.01,0.0103845
25.0115,0.0103892
25.013,0.0103938
25.0145,0.0103984
25.0159,0.010403
25.0174,0.0104076
25.0189,0.0104123
25.0204,0.0104169
25.0219,0.0104215
25.0234,0.0104261
25.0249,0.0104308
25.0264,0.0104354
25.0279,0.01044
25.0294,0.0104446
25.0309,0.0104493
25.0324,0.0104539
25.0339,0.0104585
25.0354,0.0104632
25.0369,0.0104678
25.0384,0.0104724
25.0399,0.010477
25.0414,0.0104817
25.0429,0.0104863
25.0444,0.0104909
25.0459,0.0104956
25.0474,0.0105002
25.0489,0.0105049
25.0504,0.0105095
25.0519,0.0105141
25.0534,0.0105188
25.0549,0.0105234
25.0564,0.010528
25.0579,0.0105327
25.0594,0.0105373
25.0609,0.010542
25.0624,0.0105466
25.0639,0.0105513
25.0654,0.0105559
25.0669,0.0105605
25.0684,0.0105652
25.0699,0.0105698
25.0714,0.0105745
25.0729,0.0105791
25.0744,0.0105838
25.0759,0.0105884
25.0774,0.0105931
25.0789,0.0105977
25.0804,0.0106024
25.0819,0.010607
25.0834,0.0106117
25.0849,0.0106163
25.0864,0.010621
25.0879,0.0106256
25.0894,0.0106303
25.0909,0.010635
25.0924,0.0106396
25.0939,0.0106443
25.0954,0.0106489
25.0969,0.0106536
25.0984,0.0106582
25.0999,0.0106629
25.1014,0.0106676
25.1029,0.0106722
25.1044,0.0106769
25.1059,0.0106815
25.1074,0.0106862
25.1089,0.0106909
25.1104,0.0106955
25.1119,0.0107002
25.1134,0.0107049
25.1149,0.0107095
25.1164,0.0107142
25.1179,0.0107189
25.1194,0.0107235
25.1209,0.0107282
25.1224,0.0107329
25.1239,0.0107375
25.1254,0.0107422
25.1269,0.0107469
25.1284,0.0107516
25.1299,0.0107562
25.1314,0.0107609
25.1329,0.0107656
25.1344,0.0107703
25.1359,0.0107749
25.1374,0.0107796
25.1389,0.0107843
25.1404,0.010789
25.1419,0.0107936
25.1434,0.0107983
25.1449,0.010803
25.1464,0.0108077
25.1479,0.0108124
25.1494,0.010817
25.1509,0.0108217
25.1524,0.0108264
25.1539,0.0108311
25.1554,0.0108358
25.1569,0.0108405
25.1584,0.0108451
25.1599,0.0108498
25.1614,0.0108545
25.1629,0.0108592
25.1644,0.0108639
25.1659,0.0108686
25.1674,0.0108733
25.1689,0.010878
25.1704,0.0108827
25.1719,0.0108873
25.1734,0.010892
25.1749,0.0108967
25.1764,0.0109014
25.1779,0.0109061
25.1794,0.0109108
25.1809,0.0109155
25.1824,0.0109202
25.1839,0.0109249
25.1854,0.0109296
25.1869,0.0109343
25.1884,0.010939
25.1899,0.0109437
25.1914,0.0109484
25.1929,0.0109531
25.1944,0.0109578
25.1959,0.0109625
25.1973,0.0109672
25.1988,0.0109719
25.2003,0.0109766
25.2018,0.0109813
25.2033,0.010986
25.2048,0.0109907
25.2063,0.0109954
25.2078,0.0110001
25.2093,0.0110048
25.2108,0.0110095
25.2123,0.0110142
25.2138,0.011019
25.2153,0.0110237
25.2168,0.0110284
25.2183,0.0110331
25.2198,0.0110378
25.2213,0.0110425
25.2228,0.0110472
25.2243,0.0110519
25.2258,0.0110566
25.2273,0.0110614
25.2288,0.0110661
25.2303,0.0110708
25.2318,0.0110755
25.2333,0.0110802
25.2348,0.0110849
25.2363,0.0110897
25.2378,0.0110944
25.2393,0.0110991
25.2408,0.0111038
25.2423,0.0111085
25.2438,0.0111133
25.2453,0.011118
25.2468,0.0111227
25.2483,0.0111274
25.2498,0.0111321
25.2513,0.0111369
25.2528,0.0111416
25.2543,0.0111463
25.2558,0.011151
25.2573,0.0111558
25.2588,0.0111605
25.2603,0.0111652
25.2618,0.01117
25.2633,0.0111747
25.2648,0.0111794
25.2663,0.0111841
25.2678,0.0111889
25.2693,0.0111936
25.2708,0.0111983
25.2723,0.0112031
25.2738,0.0112078
25.2753,0.0112125
25.2768,0.0112173
25.2783,0.011222
25.2798,0.0112267
25.2813,0.0112315
25.2828,0.0112362
25.2843,0.0112409
25.2858,0.0112457
25.2873,0.0112504
25.2888,0.0112552
25.2903,0.0112599
25.2918,0.0112646
25.2933,0.0112694
25.2948,0.0112741
25.2963,0.0112789
25.2978,0.0112836
25.2993,0.0112883
25.3008,0.0112931
25.3023,0.0112978
25.3038,0.0113026
25.3053,0.0113073
25.3068,0.0113121
25.3083,0.0113168
25.3098,0.0113215
25.3113,0.0113263
25.3128,0.011331
25.3143,0.0113358
25.3158,0.0113405
25.3173,0.0113453
25.3188,0.01135
25.3203,0.0113548
25.3218,0.0113595
25.3233,0.0113643
25.3248,0.011369
25.3263,0.0113738
25.3278,0.0113785
25.3293,0.0113833
25.3308,0.0113881
25.3323,0.0113928
25.3338,0.0113976
25.3353,0.0114023
25.3368,0.0114071
25.3383,0.0114118
25.3398,0.0114166
25.3413,0.0114214
25.3428,0.0114261
25.3443,0.0114309
25.3458,0.0114356
25.3473,0.0114404
25.3488,0.0114451
25.3503,0.0114499
25.3518,0.0114547
25.3533,0.0114594
25.3548,0.0114642
25.3563,0.011469
25.3578,0.0114737
25.3593,0.0114785
25.3608,0.0114833
25.3623,0.011488
25.3638,0.0114928
25.3653,0.0114976
25.3668,0.0115023
25.3683,0.0115071
25.3698,0.0115119
25.3713,0.0115166
25.3728,0.0115214
25.3743,0.0115262
25.3758,0.0115309
25.3773,0.0115357
25.3787,0.0115405
25.3802,0.0115453
25.3817,0.01155
25.3832,0.0115548
25.3847,0.0115596
25.3862,0.0115643
25.3877,0.0115691
25.3892,0.0115739
25.3907,0.0115787
25.3922,0.0115834
25.3937,0.0115882
25.3952,0.011593
25.3967,0.0115978
25.3982,0.0116026
25.3997,0.0116073
25.4012,0.0116121
25.4027,0.0116169
25.4042,0.0116217
25.4057,0.0116265
25.4072,0.0116312
25.4087,0.011636
25.4102,0.0116408
25.4117,0.0116456
25.4132,0.0116504
25.4147,0.0116552
25.4162,0.0116599
25.4177,0.0116647
25.4192,0.0116695
25.4207,0.0116743
25.4222,0.0116791
25.4237,0.0116839
25.4252,0.0116887
25.4267,0.0116934
25.4282,0.0116982
25.4297,0.011703
25.4312,0.0117078
25.4327,0.0117126
25.4342,0.0117174
25.4357,0.0117222
25.4372,0.011727
25.4387,0.0117318
25.4402,0.0117366
25.4417,0.0117414
25.4432,0.0117462
25.4447,0.0117509
25.4462,0.0117557
25.4477,0.0117605
25.4492,0.0117653
25.4507,0.0117701
25.4522,0.0117749
25.4537,0.0117797
25.4552,0.0117845
25.4567,0.0117893
25.4582,0.0117941
25.4597,0.0117989
25.4612,0.0118037
25.4627,0.0118085
25.4642,0.0118133
25.4657,0.0118181
25.4672,0.0118229
25.4687,0.0118277
25.4702,0.0118325
25.4717,0.0118373
25.4732,0.0118421
25.4747,0.0118469
25.4762,0.0118517
25.4777,0.0118566
25.4792,0.0118614
25.4807,0.0118662
25.4822,0.011871
25.4837,0.0118758
25.4852,0.0118806
25.4867,0.0118854
25.4882,0.0118902
25.4897,0.011895
25.4912,0.0118998
25.4927,0.0119046
25.4942,0.0119094
25.4957,0.0119143
25.4972,0.0119191
25.4987,0.0119239
25.5002,0.0119287
25.5017,0.0119335
25.5032,0.0119383
25.5047,0.0119431
25.5062,0.0119479
25.5077,0.0119528
25.5092,0.0119576
25.5107,0.0119624
25.5122,0.0119672
25.5137,0.011972
25.5152,0.0119768
25.5167,0.0119817
25.5182,0.0119865
25.5197,0.0119913
25.5212,0.0119961
25.5227,0.0120009
25.5242,0.0120058
25.5257,0.0120106
25.5272,0.0120154
25.5287,0.0120202
25.5302,0.012025
25.5317,0.0120299
25.5332,0.0120347
25.5347,0.0120395
25.5362,0.0120443
25.5377,0.0120492
25.5392,0.012054
25.5407,0.0120588
25.5422,0.0120636
25.5437,0.0120685
25.5452,0.0120733
25.5467,0.0120781
25.5482,0.0120829
25.5497,0.0120878
25.5512,0.0120926
25.5527,0.0120974
25.5542,0.0121023
25.5557,0.0121071
25.5572,0.0121119
25.5587,0.0121168
25.5602,0.0121216
25.5616,0.0121264
25.5631,0.0121313
25.5646,0.0121361
25.5661,0.0121409
25.5676,0.0121458
25.5691,0.0121506
25.5706,0.0121554
25.5721,0.0121603
25.5736,0.0121651
25.5751,0.0121699
25.5766,0.0121748
25.5781,0.0121796
25.5796,0.0121844
25.5811,0.0121893
25.5826,0.0121941
25.5841,0.012199
25.5856,0.0122038
25.5871,0.0122086
25.5886,0.0122135
25.5901,0.0122183
25.5916,0.0122232
25.5931,0.012228
25.5946,0.0122328
25.5961,0.0122377
25.5976,0.0122425
25.5991,0.0122474
25.6006,0.0122522
25.6021,0.0122571
25.6036,0.0122619
25.6051,0.0122667
25.6066,0.0122716
25.6081,0.0122764
25.6096,0.0122813
25.6111,0.0122861
25.6126,0.012291
25.6141,0.0122958
25.6156,0.0123007
25.6171,0.0123055
25.6186,0.0123104
25.6201,0.0123152
25.6216,0.0123201
25.6231,0.0123249
25.6246,0.0123298
25.6261,0.0123346
25.6276,0.0123395
25.6291,0.0123443
25.6306,0.0123492
25.6321,0.012354
25.6336,0.0123589
25.6351,0.0123637
25.6366,0.0123686
25.6381,0.0123734
25.6396,0.0123783
25.6411,0.0123831
25.6426,0.012388
25.6441,0.0123928
25.6456,0.0123976
25.6471,0.0124023
25.6486,0.0124071
25.6501,0.0124118
25.6516,0.0124165
25.6531,0.0124211
25.6546,0.0124256
25.6561,0.0124301
25.6576,0.0124345
25.6591,0.0124389
25.6606,0.0124431
25.6621,0.0124472
25.6636,0.0124513
25.6651,0.0124552
25.6666,0.0124589
25.6681,0.0124626
25.6696,0.012466
25.6711,0.0124693
25.6726,0.0124725
25.6741,0.0124754
25.6756,0.0124782
25.6771,0.0124807
25.6786,0.0124831
25.6801,0.0124851
25.6816,0.012487
25.6831,0.0124885
25.6846,0.0124898
25.6861,0.0124908
25.6876,0.0124915
25.6891,0.0124918
25.6906,0.0124918
25.6921,0.0124914
25.6936,0.0124906
25.6951,0.0124894
25.6966,0.0124878
25.6981,0.0124857
25.6996,0.0124832
25.7011,0.0124801
25.7026,0.0124765
25.7041,0.0124724
25.7056,0.0124677
25.7071,0.0124625
25.7086,0.0124566
25.7101,0.01245
25.7116,0.0124428
25.7131,0.0124349
25.7146,0.0124263
25.7161,0.0124169
25.7176,0.0124067
25.7191,0.0123957
25.7206,0.0123839
25.7221,0.0123712
25.7236,0.0123576
25.7251,0.0123432
25.7266,0.0123277
25.7281,0.0123113
25.7296,0.0122939
25.7311,0.0122755
25.7326,0.012256
25.7341,0.0122355
25.7356,0.0122139
25.7371,0.0121911
25.7386,0.0121673
25.7401,0.0121422
25.7416,0.0121161
25.743,0.0120887
25.7445,0.0120602
25.746,0.0120304
25.7475,0.0119994
25.749,0.0119673
25.7505,0.0119339
25.752,0.0118992
25.7535,0.0118633
25.755,0.0118262
25.7565,0.0117878
25.758,0.0117483
25.7595,0.0117074
25.761,0.0116654
25.7625,0.0116222
25.764,0.0115778
25.7655,0.0115322
25.767,0.0114854
25.7685,0.0114375
25.77,0.0113885
25.7715,0.0113384
25.773,0.0112873
25.7745,0.0112351
25.776,0.011182
25.7775,0.0111279
25.779,0.0110728
25.7805,0.0110169
25.782,0.0109602
25.7835,0.0109026
25.785,0.0108443
25.7865,0.0107853
25.788,0.0107256
25.7895,0.0106654
25.791,0.0106046
25.7925,0.0105433
25.794,0.0104817
25.7955,0.0104197
25.797,0.0103575
25.7985,0.0102952
25.8,0.0102326
25.8015,0.0101701
25.803,0.0101075
25.8045,0.0100841
25.806,0.010086
25.8075,0.010088
25.809,0.01009
25.8105,0.0100922
25.812,0.0100944
25.8135,0.0100967
25.815,0.010099
25.8165,0.0101014
25.818,0.0101039
25.8195,0.0101064
25.821,0.010109
25.8225,0.0101116
25.824,0.0101142
25.8255,0.0101169
25.827,0.0101196
25.8285,0.0101223
25.83,0.010125
25.8315,0.0101277
25.833,0.0101304
25.8345,0.0101331
25.836,0.0101358
25.8375,0.0101385
25.839,0.0101411
25.8405,0.0101437
25.842,0.0101462
25.8435,0.0101487
25.845,0.0101511
25.8465,0.0101534
25.848,0.0101557
25.8495,0.0101579
25.851,0.0101599
25.8525,0.0101619
25.854,0.0101638
25.8555,0.0101656
25.857,0.0101672
25.8585,0.0101687
25.86,0.01017
25.8615,0.0101713
25.863,0.0101723
25.8645,0.0101733
25.866,0.010174
25.8675,0.0101746
25.869,0.010175
25.8705,0.0101752
25.872,0.0101753
25.8735,0.0101752
25.875,0.0101748
25.8765,0.0101743
25.878,0.0101736
25.8795,0.0101727
25.881,0.0101754
25.8825,0.010179
25.884,0.0101827
25.8855,0.0101863
25.887,0.0101899
25.8885,0.0101934
25.89,0.0101969
25.8915,0.0102003
25.893,0.0102037
25.8945,0.0102071
25.896,0.0102103
25.8975,0.0102135
25.899,0.0102167
25.9005,0.0102197
25.902,0.0102227
25.9035,0.0102256
25.905,0.0102284
25.9065,0.0102312
25.908,0.0102338
25.9095,0.0102363
25.911,0.0102387
25.9125,0.010241
25.914,0.0102432
25.9155,0.0102453
25.917,0.0102472
25.9185,0.0102491
25.92,0.0102508
25.9215,0.0102523
25.923,0.0102538
25.9244,0.0102551
25.9259,0.0102563
25.9274,0.0102573
25.9289,0.0102582
25.9304,0.010259
25.9319,0.0102596
25.9334,0.0102601
25.9349,0.0102604
25.9364,0.0102605
25.9379,0.0102606
25.9394,0.0102604
25.9409,0.0102602
25.9424,0.0102597
25.9439,0.0102592
25.9454,0.0102585
25.9469,0.0102577
25.9484,0.0102567
25.9499,0.0102557
25.9514,0.0102545
25.9529,0.0102532
25.9544,0.0102518
25.9559,0.0102502
25.9574,0.0102485
25.9589,0.0102467
25.9604,0.0102445
25.9619,0.0102415
25.9634,0.0102378
25.9649,0.0102333
25.9664,0.0102281
25.9679,0.0102221
25.9694,0.0102154
25.9709,0.010208
25.9724,0.0101999
25.9739,0.0101911
25.9754,0.0101816
25.9769,0.0101715
25.9784,0.0101607
25.9799,0.0101493
25.9814,0.0101373
25.9829,0.0101248
25.9844,0.0101117
25.9859,0.0100981
25.9874,0.010084
25.9889,0.0100694
25.9904,0.0100544
25.9919,0.010039
25.9934,0.0100231
25.9949,0.0100185
25.9964,0.0100261
25.9979,0.0100334
25.9994,0.0100404
26.0009,0.0100471
26.0024,0.0100536
26.0039,0.0100597
26.0054,0.0100655
26.0069,0.010071
26.0084,0.0100762
26.0099,0.0100811
26.0114,0.0100857
26.0129,0.0100899
26.0144,0.0100939
26.0159,0.0100975
26.0174,0.0101009
26.0189,0.0101039
26.0204,0.0101066
26.0219,0.010109
26.0234,0.0101111
26.0249,0.0101129
26.0264,0.0101144
26.0279,0.0101156
26.0294,0.0101165
26.0309,0.010117
26.0324,0.0101173
26.0339,0.0101173
26.0354,0.010117
26.0369,0.0101164
26.0384,0.0101156
26.0399,0.0101144
26.0414,0.010113
26.0429,0.0101113
26.0444,0.0101093
26.0459,0.0101071
26.0474,0.0101046
26.0489,0.0101019
26.0504,0.010099
26.0519,0.010096
26.0534,0.0100928
26.0549,0.0100895
26.0564,0.0100861
26.0579,0.0100825
26.0594,0.0100788
26.0609,0.010075
26.0624,0.010071
26.0639,0.0100669
26.0654,0.0100628
26.0669,0.0100585
26.0684,0.0100541
26.0699,0.0100496
26.0714,0.010045
26.0729,0.0100403
26.0744,0.0100355
26.0759,0.0100306
26.0774,0.0100256
26.0789,0.0100206
26.0804,0.0100154
26.0819,0.0100102
26.0834,0.0100048
26.0849,0.00999943
26.0864,0.00999393
26.0879,0.00998833
26.0894,0.00998265
26.0909,0.00997688
26.0924,0.00997103
26.0939,0.0099651
26.0954,0.00995908
26.0969,0.00995299
26.0984,0.00994681
26.0999,0.00994056
26.1014,0.00993423
26.1029,0.00992783
26.1044,0.00992136
26.1059,0.00991481
26.1073,0.00990821
26.1088,0.00990153
26.1103,0.0098948
26.1118,0.00988801
26.1133,0.00988116
26.1148,0.00987425
26.1163,0.0098673
26.1178,0.00986032
26.1193,0.00985329
26.1208,0.00984623
26.1223,0.00983915
26.1238,0.00983203
26.1253,0.00982489
26.1268,0.00981774
26.1283,0.00981057
26.1298,0.00980339
26.1313,0.00979621
26.1328,0.00978903
26.1343,0.00978186
26.1358,0.00977469
26.1373,0.00976754
26.1388,0.0097604
26.1403,0.00975328
26.1418,0.00974619
26.1433,0.00973913
26.1448,0.00973211
26.1463,0.00972513
26.1478,0.00971819
26.1493,0.0097113
26.1508,0.00970446
26.1523,0.00969768
26.1538,0.00969097
26.1553,0.00968437
26.1568,0.00967817
26.1583,0.00967237
26.1598,0.00967613
26.1613,0.00968661
26.1628,0.00969688
26.1643,0.00970694
26.1658,0.00971677
26.1673,0.00972635
26.1688,0.00973567
26.1703,0.00974471
26.1718,0.00975345
26.1733,0.00976189
26.1748,0.00977
26.1763,0.00977778
26.1778,0.0097852
26.1793,0.00979227
26.1808,0.00979896
26.1823,0.00980526
26.1838,0.00981118
26.1853,0.00981668
26.1868,0.00982177
26.1883,0.00982643
26.1898,0.00983066
26.1913,0.00983444
26.1928,0.00983778
26.1943,0.00984066
26.1958,0.00984308
26.1973,0.00984504
26.1988,0.00984652
26.2003,0.00984753
26.2018,0.00984806
26.2033,0.00984811
26.2048,0.00984768
26.2063,0.00984676
26.2078,0.00984536
26.2093,0.00985151
26.2108,0.00988322
26.2123,0.00991485
26.2138,0.00994641
26.2153,0.00997785
26.2168,0.0100092
26.2183,0.0100404
26.2198,0.0100714
26.2213,0.010102
26.2228,0.0101321
26.2243,0.0101618
26.2258,0.0101909
26.2273,0.0102196
26.2288,0.0102478
26.2303,0.0102754
26.2318,0.0103025
26.2333,0.010329
26.2348,0.010355
26.2363,0.0103804
26.2378,0.0104053
26.2393,0.0104295
26.2408,0.0104532
26.2423,0.0104762
26.2438,0.0104987
26.2453,0.0105205
26.2468,0.0105417
26.2483,0.0105623
26.2498,0.0105822
26.2513,0.0106016
26.2528,0.0106203
26.2543,0.0106383
26.2558,0.0106557
26.2573,0.0106725
26.2588,0.0106886
26.2603,0.0107041
26.2618,0.0107189
26.2633,0.0107331
26.2648,0.0107467
26.2663,0.0107596
26.2678,0.0107719
26.2693,0.0107835
26.2708,0.0107945
26.2723,0.0108048
26.2738,0.0108146
26.2753,0.0108237
26.2768,0.0108322
26.2783,0.01084
26.2798,0.0108472
26.2813,0.0108537
26.2828,0.0108596
26.2843,0.0108648
26.2858,0.0108694
26.2873,0.0108734
26.2887,0.0108767
26.2902,0.0108794
26.2917,0.0108815
26.2932,0.0108829
26.2947,0.0108838
26.2962,0.0108841
26.2977,0.0108839
26.2992,0.010883
26.3007,0.0108817
26.3022,0.0108798
26.3037,0.0108774
26.3052,0.0108744
26.3067,0.010871
26.3082,0.0108672
26.3097,0.0108628
26.3112,0.010858
26.3127,0.0108528
26.3142,0.0108472
26.3157,0.0108412
26.3172,0.0108348
26.3187,0.0108281
26.3202,0.010821
26.3217,0.0108136
26.3232,0.0108059
26.3247,0.0107978
26.3262,0.0107896
26.3277,0.010781
26.3292,0.0107723
26.3307,0.0107633
26.3322,0.0107541
26.3337,0.0107447
26.3352,0.0107352
26.3367,0.0107255
26.3382,0.0107156
26.3397,0.0107057
26.3412,0.0106956
26.3427,0.0106855
26.3442,0.0106753
26.3457,0.010665
26.3472,0.0106547
26.3487,0.0106444
26.3502,0.0106341
26.3517,0.0106238
26.3532,0.0106135
26.3547,0.0106032
26.3562,0.010593
26.3577,0.0105828
26.3592,0.0105727
26.3607,0.0105627
26.3622,0.0105528
26.3637,0.0105429
26.3652,0.0105331
26.3667,0.0105233
26.3682,0.0105136
26.3697,0.0105041
26.3712,0.0104945
26.3727,0.0104851
26.3742,0.0104759
26.3757,0.0104667
26.3772,0.0104576
26.3787,0.0104487
26.3802,0.01044
26.3817,0.0104313
26.3832,0.0104228
26.3847,0.0104145
26.3862,0.0104063
26.3877,0.0103983
26.3892,0.0103905
26.3907,0.0103828
26.3922,0.0103753
26.3937,0.010368
26.3952,0.0103608
26.3967,0.0103539
26.3982,0.0103471
26.3997,0.0103404
26.4012,0.010334
26.4027,0.0103277
26.4042,0.0103216
26.4057,0.0103157
26.4072,0.01031
26.4087,0.0103044
26.4102,0.010299
26.4117,0.0102938
26.4132,0.0102888
26.4147,0.0102839
26.4162,0.0102791
26.4177,0.0102745
26.4192,0.0102701
26.4207,0.0102658
26.4222,0.0102617
26.4237,0.0102577
26.4252,0.0102538
26.4267,0.0102501
26.4282,0.0102465
26.4297,0.010243
26.4312,0.0102396
26.4327,0.0102363
26.4342,0.0102332
26.4357,0.0102301
26.4372,0.0102272
26.4387,0.0102243
26.4402,0.0102214
26.4417,0.0102185
26.4432,0.0102156
26.4447,0.0102125
26.4462,0.0102094
26.4477,0.0102061
26.4492,0.0102028
26.4507,0.0101993
26.4522,0.0101957
26.4537,0.0101919
26.4552,0.010188
26.4567,0.010184
26.4582,0.0101798
26.4597,0.0101755
26.4612,0.0101711
26.4627,0.0101665
26.4642,0.0101618
26.4657,0.0101569
26.4672,0.0101518
26.4687,0.0101466
26.4701,0.0101413
26.4716,0.0101358
26.4731,0.0101303
26.4746,0.0101246
26.4761,0.0101187
26.4776,0.0101128
26.4791,0.0101067
26.4806,0.0101005
26.4821,0.0100941
26.4836,0.0100877
26.4851,0.0100812
26.4866,0.0100745
26.4881,0.0100677
26.4896,0.0100608
26.4911,0.0100539
26.4926,0.0100468
26.4941,0.0100396
26.4956,0.0100324
26.4971,0.0100387
26.4986,0.0100512
26.5001,0.0100633
26.5016,0.0100749
26.5031,0.010086
26.5046,0.0100966
26.5061,0.0101068
26.5076,0.0101165
26.5091,0.0101257
26.5106,0.0101344
26.5121,0.0101426
26.5136,0.0101503
26.5151,0.0101575
26.5166,0.0101641
26.5181,0.01017
26.5196,0.0101754
26.5211,0.01018
26.5226,0.0101841
26.5241,0.0101875
26.5256,0.0101904
26.5271,0.0101928
26.5286,0.0101948
26.5301,0.0101963
26.5316,0.0101974
26.5331,0.010198
26.5346,0.0101982
26.5361,0.010198
26.5376,0.0101974
26.5391,0.0101964
26.5406,0.010195
26.5421,0.0101933
26.5436,0.0101912
26.5451,0.0101888
26.5466,0.0101861
26.5481,0.0101831
26.5496,0.0101797
26.5511,0.0101761
26.5526,0.0101722
26.5541,0.010168
26.5556,0.0101636
26.5571,0.0101589
26.5586,0.0101539
26.5601,0.0101488
26.5616,0.0101434
26.5631,0.0101378
26.5646,0.010132
26.5661,0.010126
26.5676,0.0101198
26.5691,0.0101134
26.5706,0.0101069
26.5721,0.0101003
26.5736,0.0100935
26.5751,0.0100866
26.5766,0.0100796
26.5781,0.0100724
26.5796,0.0100652
26.5811,0.0100579
26.5826,0.0100505
26.5841,0.010043
26.5856,0.0100355
26.5871,0.010028
26.5886,0.0100204
26.5901,0.0100128
26.5916,0.0100051
26.5931,0.00999749
26.5946,0.00998986
26.5961,0.00998223
26.5976,0.00997462
26.5991,0.00996703
26.6006,0.00995948
26.6021,0.00995197
26.6036,0.00994451
26.6051,0.00993701
26.6066,0.00992942
26.6081,0.00992174
26.6096,0.00991401
26.6111,0.00990622
26.6126,0.00989838
26.6141,0.0098905
26.6156,0.00988259
26.6171,0.00987467
26.6186,0.00986673
26.6201,0.0098588
26.6216,0.00985089
26.6231,0.009843
26.6246,0.00983514
26.6261,0.00982732
26.6276,0.00983298
26.6291,0.00984339
26.6306,0.00985403
26.6321,0.00986488
26.6336,0.00987593
26.6351,0.00988715
26.6366,0.00989852
26.6381,0.00991001
26.6396,0.00992161
26.6411,0.00993329
26.6426,0.00994502
26.6441,0.0099568
26.6456,0.00996859
26.6471,0.00998038
26.6486,0.00999213
26.6501,0.0100038
26.6516,0.0100155
26.653,0.010027
26.6545,0.0100384
26.656,0.0100497
26.6575,0.0100609
26.659,0.0100718
26.6605,0.0100826
26.662,0.0100931
26.6635,0.0101035
26.665,0.0101135
26.6665,0.0101234
26.668,0.0101329
26.6695,0.0101421
26.671,0.0101511
26.6725,0.0101597
26.674,0.0101679
26.6755,0.0101759
26.677,0.0101834
26.6785,0.0101906
26.68,0.0101974
26.6815,0.0102038
26.683,0.0102098
26.6845,0.0102154
26.686,0.0102205
26.6875,0.0102253
26.689,0.0102295
26.6905,0.0102334
26.692,0.0102368
26.6935,0.0102397
26.695,0.0102422
26.6965,0.0102443
26.698,0.0102458
26.6995,0.010247
26.701,0.0102478
26.7025,0.0102484
26.704,0.0102486
26.7055,0.0102485
26.707,0.0102481
26.7085,0.0102474
26.71,0.0102464
26.7115,0.0102451
26.713,0.0102435
26.7145,0.0102415
26.716,0.0102393
26.7175,0.0102368
26.719,0.0102343
26.7205,0.0102317
26.722,0.0102291
26.7235,0.0102265
26.725,0.0102238
26.7265,0.0102211
26.728,0.0102184
26.7295,0.0102157
26.731,0.0102129
26.7325,0.0102101
26.734,0.0102072
26.7355,0.0102043
26.737,0.0102014
26.7385,0.0101985
26.74,0.0101955
26.7415,0.0101925
26.743,0.0101895
26.7445,0.0101864
26.746,0.0101833
26.7475,0.0101802
26.749,0.010177
26.7505,0.0101738
26.752,0.0101706
26.7535,0.0101674
26.755,0.0101641
26.7565,0.0101607
26.758,0.0101573
26.7595,0.0101539
26.761,0.0101505
26.7625,0.010147
26.764,0.0101434
26.7655,0.0101398
26.767,0.0101362
26.7685,0.0101325
26.77,0.0101288
26.7715,0.0101251
26.773,0.0101212
26.7745,0.0101174
26.776,0.0101135
26.7775,0.0101157
26.779,0.0101178
26.7805,0.0101198
26.782,0.0101217
26.7835,0.0101234
26.785,0.010125
26.7865,0.0101265
26.788,0.0101279
26.7895,0.0101292
26.791,0.0101304
26.7925,0.0101315
26.794,0.0101325
26.7955,0.0101334
26.797,0.0101342
26.7985,0.010135
26.8,0.0101357
26.8015,0.0101364
26.803,0.010137
26.8045,0.0101375
26.806,0.0101381
26.8075,0.0101385
26.809,0.010139
26.8105,0.0101394
26.812,0.0101399
26.8135,0.0101403
26.815,0.0101405
26.8165,0.0101405
26.818,0.0101401
26.8195,0.0101394
26.821,0.0101385
26.8225,0.0101372
26.824,0.0101357
26.8255,0.0101339
26.827,0.0101318
26.8285,0.0101295
26.83,0.010127
26.8315,0.0101242
26.833,0.0101214
26.8344,0.0101183
26.8359,0.0101151
26.8374,0.0101117
26.8389,0.0101082
26.8404,0.0101046
26.8419,0.0101008
26.8434,0.0100969
26.8449,0.010093
26.8464,0.010089
26.8479,0.010085
26.8494,0.0100809
26.8509,0.0100768
26.8524,0.0100727
26.8539,0.0100685
26.8554,0.0100643
26.8569,0.0100601
26.8584,0.0100558
26.8599,0.0100515
26.8614,0.0100471
26.8629,0.0100427
26.8644,0.0100383
26.8659,0.0100339
26.8674,0.0100294
26.8689,0.0100249
26.8704,0.0100204
26.8719,0.0100159
26.8734,0.0100113
26.8749,0.0100068
26.8764,0.0100022
26.8779,0.00999756
26.8794,0.00999293
26.8809,0.00998828
26.8824,0.00998362
26.8839,0.0099941
26.8854,0.0100086
26.8869,0.0100228
26.8884,0.0100367
26.8899,0.0100502
26.8914,0.0100634
26.8929,0.0100763
26.8944,0.0100888
26.8959,0.0101011
26.8974,0.010113
26.8989,0.0101246
26.9004,0.0101359
26.9019,0.0101468
26.9034,0.0101575
26.9049,0.0101679
26.9064,0.0101779
26.9079,0.0101877
26.9094,0.0101972
26.9109,0.0102063
26.9124,0.0102152
26.9139,0.0102238
26.9154,0.0102321
26.9169,0.0102401
26.9184,0.0102478
26.9199,0.0102553
26.9214,0.0102624
26.9229,0.0102693
26.9244,0.010276
26.9259,0.0102823
26.9274,0.0102884
26.9289,0.0102943
26.9304,0.0102999
26.9319,0.0103052
26.9334,0.0103102
26.9349,0.0103151
26.9364,0.0103196
26.9379,0.010324
26.9394,0.0103281
26.9409,0.0103319
26.9424,0.0103355
26.9439,0.0103389
26.9454,0.0103421
26.9469,0.010345
26.9484,0.0103477
26.9499,0.0103502
26.9514,0.0103525
26.9529,0.0103546
26.9544,0.0103564
26.9559,0.0103581
26.9574,0.0103595
26.9589,0.0103608
26.9604,0.0103619
26.9619,0.0103628
26.9634,0.0103635
26.9649,0.010364
26.9664,0.0103644
26.9679,0.0103646
26.9694,0.0103646
26.9709,0.0103644
26.9724,0.0103641
26.9739,0.0103637
26.9754,0.0103631
26.9769,0.0103623
26.9784,0.0103614
26.9799,0.0103604
26.9814,0.0103593
26.9829,0.010358
26.9844,0.0103566
26.9859,0.0103551
26.9874,0.0103535
26.9889,0.0103518
26.9904,0.0103499
26.9919,0.010348
26.9934,0.010346
26.9949,0.0103439
26.9964,0.0103418
26.9979,0.0103395
26.9994,0.0103372
27.0009,0.0103348
27.0024,0.0103323
27.0039,0.0103298
27.0054,0.0103272
27.0069,0.0103245
27.0084,0.0103218
27.0099,0.010319
27.0114,0.0103162
27.0129,0.0103134
27.0144,0.0103105
27.0159,0.0103075
27.0173,0.0103045
27.0188,0.0103015
27.0203,0.0102985
27.0218,0.0102954
27.0233,0.0102923
27.0248,0.0102892
27.0263,0.010286
27.0278,0.0102828
27.0293,0.0102796
27.0308,0.0102764
27.0323,0.0102731
27.0338,0.0102698
27.0353,0.0102664
27.0368,0.010263
27.0383,0.0102595
27.0398,0.010256
27.0413,0.0102524
27.0428,0.0102488
27.0443,0.0102452
27.0458,0.0102415
27.0473,0.0102377
27.0488,0.010234
27.0503,0.0102301
27.0518,0.0102262
27.0533,0.0102223
27.0548,0.0102183
27.0563,0.0102143
27.0578,0.0102102
27.0593,0.010206
27.0608,0.0102018
27.0623,0.0101975
27.0638,0.0101931
27.0653,0.0101887
27.0668,0.0101842
27.0683,0.0101969
27.0698,0.010217
27.0713,0.0102368
27.0728,0.0102564
27.0743,0.0102758
27.0758,0.010295
27.0773,0.010314
27.0788,0.0103328
27.0803,0.0103514
27.0818,0.0103699
27.0833,0.0103882
27.0848,0.0104064
27.0863,0.0104244
27.0878,0.0104423
27.0893,0.01046
27.0908,0.0104777
27.0923,0.0104953
27.0938,0.0105127
27.0953,0.0105301
27.0968,0.0105475
27.0983,0.0105647
27.0998,0.010582
27.1013,0.0105991
27.1028,0.0106163
27.1043,0.0106334
27.1058,0.0106505
27.1073,0.0106676
27.1088,0.0106847
27.1103,0.0107019
27.1118,0.010719
27.1133,0.0107362
27.1148,0.0107533
27.1163,0.0107706
27.1178,0.0107878
27.1193,0.0108051
27.1208,0.0108225
27.1223,0.01084
27.1238,0.0108574
27.1253,0.010875
27.1268,0.0108926
27.1283,0.0109103
27.1298,0.0109281
27.1313,0.0109459
27.1328,0.0109639
27.1343,0.0109819
27.1358,0.0109999
27.1373,0.0110181
27.1388,0.0110363
27.1403,0.0110546
27.1418,0.0110729
27.1433,0.0110914
27.1448,0.0111098
27.1463,0.0111284
27.1478,0.011147
27.1493,0.0111656
27.1508,0.0111843
27.1523,0.0112031
27.1538,0.0112219
27.1553,0.0112407
27.1568,0.0112595
27.1583,0.0112783
27.1598,0.011297
27.1613,0.0113155
27.1628,0.0113338
27.1643,0.0113518
27.1658,0.0113697
27.1673,0.0113874
27.1688,0.0114048
27.1703,0.0114221
27.1718,0.011439
27.1733,0.0114558
27.1748,0.0114723
27.1763,0.0114886
27.1778,0.0115046
27.1793,0.0115204
27.1808,0.0115359
27.1823,0.0115512
27.1838,0.0115662
27.1853,0.011581
27.1868,0.0115955
27.1883,0.0116096
27.1898,0.0116236
27.1913,0.0116372
27.1928,0.0116506
27.1943,0.0116637
27.1958,0.0116765
27.1973,0.011689
27.1987,0.0117012
27.2002,0.0117131
27.2017,0.0117248
27.2032,0.0117361
27.2047,0.0117472
27.2062,0.0117579
27.2077,0.0117683
27.2092,0.0117785
27.2107,0.0117883
27.2122,0.0117978
27.2137,0.011807
27.2152,0.0118159
27.2167,0.0118245
27.2182,0.011833
27.2197,0.0118413
27.2212,0.0118495
27.2227,0.0118574
27.2242,0.0118651
27.2257,0.0118727
27.2272,0.0118801
27.2287,0.0118872
27.2302,0.0118942
27.2317,0.011901
27.2332,0.0119075
27.2347,0.0119138
27.2362,0.0119199
27.2377,0.0119258
27.2392,0.0119315
27.2407,0.0119369
27.2422,0.0119421
27.2437,0.011947
27.2452,0.0119516
27.2467,0.011956
27.2482,0.0119601
27.2497,0.011964
27.2512,0.0119676
27.2527,0.0119708
27.2542,0.0119738
27.2557,0.0119765
27.2572,0.0119788
27.2587,0.0119808
27.2602,0.0119825
27.2617,0.0119839
27.2632,0.0119849
27.2647,0.0119856
27.2662,0.0119859
27.2677,0.0119858
27.2692,0.0119854
27.2707,0.0119846
27.2722,0.0119834
27.2737,0.0119819
27.2752,0.0119799
27.2767,0.0119775
27.2782,0.0119747
27.2797,0.0119715
27.2812,0.0119677
27.2827,0.0119635
27.2842,0.0119588
27.2857,0.0119535
27.2872,0.0119478
27.2887,0.0119416
27.2902,0.0119349
27.2917,0.0119278
27.2932,0.0119201
27.2947,0.011912
27.2962,0.0119033
27.2977,0.0118942
27.2992,0.0118846
27.3007,0.0118745
27.3022,0.0118639
27.3037,0.0118529
27.3052,0.0118413
27.3067,0.0118294
27.3082,0.0118169
27.3097,0.011804
27.3112,0.0117906
27.3127,0.0117768
27.3142,0.0117626
27.3157,0.0117479
27.3172,0.0117328
27.3187,0.0117173
27.3202,0.0117014
27.3217,0.011685
27.3232,0.0116683
27.3247,0.0116512
27.3262,0.0116337
27.3277,0.0116159
27.3292,0.0115977
27.3307,0.0115792
27.3322,0.0115603
27.3337,0.0115411
27.3352,0.0115216
27.3367,0.0115018
27.3382,0.0114818
27.3397,0.0114614
27.3412,0.0114407
27.3427,0.0114198
27.3442,0.0113987
27.3457,0.0113773
27.3472,0.0113556
27.3487,0.0113337
27.3502,0.0113116
27.3517,0.0112893
27.3532,0.0112667
27.3547,0.011244
27.3562,0.0112211
27.3577,0.011198
27.3592,0.0111748
27.3607,0.0111514
27.3622,0.0111279
27.3637,0.0111043
27.3652,0.0110805
27.3667,0.0110567
27.3682,0.0110327
27.3697,0.0110087
27.3712,0.0109846
27.3727,0.0109604
27.3742,0.0109362
27.3757,0.0109119
27.3772,0.0108876
27.3787,0.0108631
27.3801,0.0108385
27.3816,0.0108139
27.3831,0.0107892
27.3846,0.0107644
27.3861,0.0107395
27.3876,0.0107146
27.3891,0.0106896
27.3906,0.0106646
27.3921,0.0106396
27.3936,0.0106145
27.3951,0.0105894
27.3966,0.0105643
27.3981,0.0105392
27.3996,0.0105141
27.4011,0.0104889
27.4026,0.0104638
27.4041,0.0104387
27.4056,0.0104136
27.4071,0.0103885
27.4086,0.0103635
27.4101,0.0103384
27.4116,0.0103299
27.4131,0.010345
27.4146,0.0103598
27.4161,0.0103744
27.4176,0.0103888
27.4191,0.0104029
27.4206,0.0104168
27.4221,0.0104304
27.4236,0.0104438
27.4251,0.0104569
27.4266,0.0104697
27.4281,0.0104822
27.4296,0.0104945
27.4311,0.0105064
27.4326,0.010518
27.4341,0.0105294
27.4356,0.0105404
27.4371,0.0105511
27.4386,0.0105615
27.4401,0.0105716
27.4416,0.0105813
27.4431,0.0105907
27.4446,0.0105997
27.4461,0.0106084
27.4476,0.0106168
27.4491,0.0106248
27.4506,0.0106325
27.4521,0.0106396
27.4536,0.0106462
27.4551,0.0106522
27.4566,0.0106577
27.4581,0.0106626
27.4596,0.010667
27.4611,0.0106708
27.4626,0.0106741
27.4641,0.0106768
27.4656,0.0106789
27.4671,0.0106805
27.4686,0.0106816
27.4701,0.0106821
27.4716,0.010682
27.4731,0.0106814
27.4746,0.0106803
27.4761,0.0106786
27.4776,0.0106764
27.4791,0.0106736
27.4806,0.0106704
27.4821,0.0106666
27.4836,0.0106623
27.4851,0.0106575
27.4866,0.0106522
27.4881,0.0106464
27.4896,0.0106402
27.4911,0.0106335
27.4926,0.0106264
27.4941,0.0106188
27.4956,0.0106108
27.4971,0.0106024
27.4986,0.0105937
27.5001,0.0105847
27.5016,0.0105752
27.5031,0.0105655
27.5046,0.0105553
27.5061,0.0105448
27.5076,0.010534
27.5091,0.0105228
27.5106,0.0105113
27.5121,0.0104995
27.5136,0.0104874
27.5151,0.0104749
27.5166,0.0104621
27.5181,0.0104492
27.5196,0.010436
27.5211,0.0104226
27.5226,0.010409
27.5241,0.0103953
27.5256,0.0103814
27.5271,0.0103674
27.5286,0.0103532
27.5301,0.0103389
27.5316,0.0103245
27.5331,0.0103101
27.5346,0.0102951
27.5361,0.0102794
27.5376,0.0102783
27.5391,0.0102828
27.5406,0.0102869
27.5421,0.0102906
27.5436,0.0102938
27.5451,0.0102965
27.5466,0.0102989
27.5481,0.0103008
27.5496,0.0103022
27.5511,0.0103033
27.5526,0.0103039
27.5541,0.010304
27.5556,0.0103038
27.5571,0.0103031
27.5586,0.010302
27.5601,0.0103005
27.5616,0.0102986
27.563,0.0102963
27.5645,0.0102935
27.566,0.0102904
27.5675,0.0102868
27.569,0.0102829
27.5705,0.0102785
27.572,0.0102738
27.5735,0.0102687
27.575,0.0102632
27.5765,0.0102574
27.578,0.0102512
27.5795,0.0102446
27.581,0.0102376
27.5825,0.0102303
27.584,0.0102227
27.5855,0.0102147
27.587,0.0102064
27.5885,0.0101978
27.59,0.0101888
27.5915,0.0101796
27.593,0.01017
27.5945,0.0101602
27.596,0.0101501
27.5975,0.0101397
27.599,0.010129
27.6005,0.0101181
27.602,0.0101069
27.6035,0.0100955
27.605,0.0100839
27.6065,0.0100721
27.608,0.0100601
27.6095,0.0100478
27.611,0.0100354
27.6125,0.0100229
27.614,0.0100101
27.6155,0.00999726
27.617,0.00998425
27.6185,0.00997113
27.62,0.0099579
27.6215,0.00994457
27.623,0.00993116
27.6245,0.00991768
27.626,0.00990415
27.6275,0.00989057
27.629,0.00987698
27.6305,0.00986337
27.632,0.00985917
27.6335,0.00988075
27.635,0.0099021
27.6365,0.00992319
27.638,0.00994399
27.6395,0.00996449
27.641,0.00998465
27.6425,0.0100045
27.644,0.0100239
27.6455,0.0100429
27.647,0.0100615
27.6485,0.0100797
27.65,0.0100974
27.6515,0.0101146
27.653,0.0101314
27.6545,0.0101476
27.656,0.0101633
27.6575,0.0101784
27.659,0.010193
27.6605,0.0102069
27.662,0.0102203
27.6635,0.0102331
27.665,0.0102452
27.6665,0.0102567
27.668,0.0102676
27.6695,0.0102778
27.671,0.0102873
27.6725,0.0102961
27.674,0.0103042
27.6755,0.0103117
27.677,0.0103184
27.6785,0.0103244
27.68,0.0103297
27.6815,0.0103342
27.683,0.0103379
27.6845,0.0103409
27.686,0.0103431
27.6875,0.0103445
27.689,0.0103452
27.6905,0.010345
27.692,0.0103441
27.6935,0.0103423
27.695,0.0103398
27.6965,0.0103365
27.698,0.0103323
27.6995,0.0103274
27.701,0.0103217
27.7025,0.0103152
27.704,0.0103079
27.7055,0.0102998
27.707,0.0102909
27.7085,0.0102813
27.71,0.0102709
27.7115,0.0102597
27.713,0.0102484
27.7145,0.0102556
27.716,0.010271
27.7175,0.0102858
27.719,0.0102999
27.7205,0.0103134
27.722,0.0103262
27.7235,0.0103383
27.725,0.0103498
27.7265,0.0103606
27.728,0.0103708
27.7295,0.0103802
27.731,0.010389
27.7325,0.0103971
27.734,0.0104044
27.7355,0.010411
27.737,0.010417
27.7385,0.0104222
27.74,0.0104267
27.7415,0.0104305
27.743,0.0104336
27.7444,0.010436
27.7459,0.0104377
27.7474,0.0104387
27.7489,0.0104391
27.7504,0.0104388
27.7519,0.0104377
27.7534,0.0104361
27.7549,0.0104337
27.7564,0.0104308
27.7579,0.0104272
27.7594,0.0104232
27.7609,0.0104187
27.7624,0.0104138
27.7639,0.0104085
27.7654,0.0104027
27.7669,0.0103965
27.7684,0.0103899
27.7699,0.0103829
27.7714,0.0103755
27.7729,0.0103677
27.7744,0.0103596
27.7759,0.010351
27.7774,0.0103421
27.7789,0.0103329
27.7804,0.0103233
27.7819,0.0103133
27.7834,0.0103031
27.7849,0.0102925
27.7864,0.0102816
27.7879,0.0102703
27.7894,0.0102588
27.7909,0.0102469
27.7924,0.0102348
27.7939,0.0102225
27.7954,0.0102102
27.7969,0.0101977
27.7984,0.0101851
27.7999,0.0101724
27.8014,0.0101595
27.8029,0.0101465
27.8044,0.0101333
27.8059,0.01012
27.8074,0.0101066
27.8089,0.0100931
27.8104,0.0100794
27.8119,0.0100656
27.8134,0.0100517
27.8149,0.0100377
27.8164,0.0100235
27.8179,0.0100093
27.8194,0.00999488
27.8209,0.00998041
27.8224,0.00996584
27.8239,0.00995119
27.8254,0.00993649
27.8269,0.00992171
27.8284,0.00990688
27.8299,0.00989752
27.8314,0.00990167
27.8329,0.00990598
27.8344,0.00991043
27.8359,0.00991504
27.8374,0.0099198
27.8389,0.0099247
27.8404,0.00992974
27.8419,0.00993493
27.8434,0.00994026
27.8449,0.00994574
27.8464,0.00995134
27.8479,0.00995707
27.8494,0.00996293
27.8509,0.00996891
27.8524,0.00997501
27.8539,0.00998122
27.8554,0.00998754
27.8569,0.00999396
27.8584,0.0100005
27.8599,0.0100071
27.8614,0.0100138
27.8629,0.0100205
27.8644,0.0100274
27.8659,0.0100343
27.8674,0.0100413
27.8689,0.0100483
27.8704,0.0100554
27.8719,0.0100626
27.8734,0.0100697
27.8749,0.0100769
27.8764,0.0100841
27.8779,0.0100914
27.8794,0.0100986
27.8809,0.0101059
27.8824,0.0101131
27.8839,0.0101203
27.8854,0.0101276
27.8869,0.0101348
27.8884,0.0101419
27.8899,0.0101491
27.8914,0.0101562
27.8929,0.0101632
27.8944,0.0101702
27.8959,0.0101772
27.8974,0.010184
27.8989,0.0101908
27.9004,0.0101976
27.9019,0.0102042
27.9034,0.0102107
27.9049,0.0102172
27.9064,0.0102235
27.9079,0.0102298
27.9094,0.0102359
27.9109,0.0102419
27.9124,0.0102479
27.9139,0.0102537
27.9154,0.0102594
27.9169,0.0102651
27.9184,0.0102706
27.9199,0.010276
27.9214,0.0102813
27.9229,0.0102865
27.9244,0.0102915
27.9258,0.0102964
27.9273,0.0103012
27.9288,0.0103059
27.9303,0.0103104
27.9318,0.0103147
27.9333,0.0103189
27.9348,0.010323
27.9363,0.0103269
27.9378,0.0103306
27.9393,0.0103342
27.9408,0.0103376
27.9423,0.0103408
27.9438,0.0103439
27.9453,0.0103468
27.9468,0.0103495
27.9483,0.010352
27.9498,0.0103543
27.9513,0.0103565
27.9528,0.0103584
27.9543,0.0103602
27.9558,0.0103618
27.9573,0.0103632
27.9588,0.0103644
27.9603,0.0103654
27.9618,0.0103663
27.9633,0.0103669
27.9648,0.0103673
27.9663,0.0103676
27.9678,0.0103676
27.9693,0.0103675
27.9708,0.0103671
27.9723,0.0103666
27.9738,0.0103659
27.9753,0.010365
27.9768,0.0103639
27.9783,0.0103626
27.9798,0.0103611
27.9813,0.0103594
27.9828,0.0103576
27.9843,0.0103555
27.9858,0.0103533
27.9873,0.0103509
27.9888,0.0103483
27.9903,0.0103456
27.9918,0.0103427
27.9933,0.0103396
27.9948,0.0103363
27.9963,0.0103329
27.9978,0.0103293
27.9993,0.0103255
28.0008,0.0103216
28.0023,0.0103175
28.0038,0.0103133
28.0053,0.0103089
28.0068,0.0103044
28.0083,0.0102997
28.0098,0.0102949
28.0113,0.01029
28.0128,0.0102849
28.0143,0.0102797
28.0158,0.0102743
28.0173,0.0102689
28.0188,0.0102633
28.0203,0.0102576
28.0218,0.0102518
28.0233,0.0102458
28.0248,0.0102398
28.0263,0.0102337
28.0278,0.0102274
28.0293,0.0102211
28.0308,0.0102147
28.0323,0.0102081
28.0338,0.0102015
28.0353,0.0101949
28.0368,0.0101881
28.0383,0.0101813
28.0398,0.0101744
28.0413,0.0101674
28.0428,0.0101604
28.0443,0.0101533
28.0458,0.0101461
28.0473,0.0101389
28.0488,0.0101317
28.0503,0.0101243
28.0518,0.010117
28.0533,0.0101096
28.0548,0.0101022
28.0563,0.0100948
28.0578,0.0100873
28.0593,0.0100798
28.0608,0.0100723
28.0623,0.0100648
28.0638,0.0100574
28.0653,0.01005
28.0668,0.0100428
28.0683,0.0100356
28.0698,0.0100284
28.0713,0.0100213
28.0728,0.0100143
28.0743,0.0100073
28.0758,0.0100004
28.0773,0.00999354
28.0788,0.00998674
28.0803,0.00998
28.0818,0.00997331
28.0833,0.00996668
28.0848,0.0099601
28.0863,0.00995357
28.0878,0.0099471
28.0893,0.00994068
28.0908,0.00993431
28.0923,0.00992798
28.0938,0.00992171
28.0953,0.00991548
28.0968,0.0099093
28.0983,0.00990317
28.0998,0.00989708
28.1013,0.00989104
28.1028,0.00988505
28.1043,0.00987909
28.1058,0.00987319
28.1073,0.00986732
28.1087,0.0098615
28.1102,0.00985572
28.1117,0.00984998
28.1132,0.00984428
28.1147,0.00983861
28.1162,0.00983299
28.1177,0.0098274
28.1192,0.00982185
28.1207,0.00981633
28.1222,0.00981085
28.1237,0.00980541
28.1252,0.00979999
28.1267,0.00979461
28.1282,0.00978925
28.1297,0.00978393
28.1312,0.00977863
28.1327,0.00977336
28.1342,0.00976812
28.1357,0.0097629
28.1372,0.0097577
28.1387,0.00975253
28.1402,0.00974737
28.1417,0.00974225
28.1432,0.00973724
28.1447,0.00973235
28.1462,0.00972757
28.1477,0.00972292
28.1492,0.00971815
28.1507,0.00971301
28.1522,0.00970752
28.1537,0.00970167
28.1552,0.00969545
28.1567,0.00968887
28.1582,0.00968193
28.1597,0.00967462
28.1612,0.00966696
28.1627,0.00965893
28.1642,0.00966402
28.1657,0.00967437
28.1672,0.00968477
28.1687,0.0096952
28.1702,0.00970566
28.1717,0.00971615
28.1732,0.00972666
28.1747,0.0097372
28.1762,0.00974775
28.1777,0.00975831
28.1792,0.00976889
28.1807,0.00977946
28.1822,0.00979002
28.1837,0.00980059
28.1852,0.00981113
28.1867,0.00982166
28.1882,0.00983216
28.1897,0.00984262
28.1912,0.00985306
28.1927,0.00986344
28.1942,0.00987378
28.1957,0.00988405
28.1972,0.00989427
28.1987,0.00990441
28.2002,0.00991448
28.2017,0.00992446
28.2032,0.00993436
28.2047,0.00994416
28.2062,0.00995385
28.2077,0.00996342
28.2092,0.00997288
28.2107,0.00998222
28.2122,0.00999142
28.2137,0.0100005
28.2152,0.0100094
28.2167,0.0100178
28.2182,0.0100258
28.2197,0.0100333
28.2212,0.0100403
28.2227,0.0100468
28.2242,0.0100528
28.2257,0.0100583
28.2272,0.0100633
28.2287,0.0100678
28.2302,0.0100717
28.2317,0.0100752
28.2332,0.0100781
28.2347,0.0100804
28.2362,0.0100823
28.2377,0.0100836
28.2392,0.0100844
28.2407,0.0100848
28.2422,0.0100848
28.2437,0.0100844
28.2452,0.0100835
28.2467,0.0100823
28.2482,0.0100807
28.2497,0.0100786
28.2512,0.0100761
28.2527,0.0100733
28.2542,0.01007
28.2557,0.0100663
28.2572,0.0100623
28.2587,0.0100578
28.2602,0.010053
28.2617,0.0100477
28.2632,0.0100421
28.2647,0.0100361
28.2662,0.0100298
28.2677,0.0100231
28.2692,0.010016
28.2707,0.0100086
28.2722,0.0100008
28.2737,0.00999277
28.2752,0.00998439
28.2767,0.0099757
28.2782,0.00996672
28.2797,0.00995747
28.2812,0.00994795
28.2827,0.00993817
28.2842,0.00992816
28.2857,0.00991792
28.2872,0.00990747
28.2887,0.00989683
28.2901,0.00988601
28.2916,0.00987503
28.2931,0.00986391
28.2946,0.00985266
28.2961,0.0098413
28.2976,0.00982986
28.2991,0.00981836
28.3006,0.00980681
28.3021,0.00979523
28.3036,0.00979453
28.3051,0.00979938
28.3066,0.00980388
28.3081,0.00980805
28.3096,0.00981188
28.3111,0.00981537
28.3126,0.00981853
28.3141,0.00982136
28.3156,0.00982385
28.3171,0.00982602
28.3186,0.00982787
28.3201,0.00982939
28.3216,0.00983059
28.3231,0.00983149
28.3246,0.00983281
28.3261,0.00984081
28.3276,0.0098486
28.3291,0.00985616
28.3306,0.0098635
28.3321,0.0098706
28.3336,0.00987746
28.3351,0.00988406
28.3366,0.00989039
28.3381,0.00989646
28.3396,0.00990224
28.3411,0.00990775
28.3426,0.00991296
28.3441,0.00991788
28.3456,0.00992249
28.3471,0.00992681
28.3486,0.0099308
28.3501,0.00993448
28.3516,0.00993783
28.3531,0.00994086
28.3546,0.00994355
28.3561,0.0099459
28.3576,0.00994792
28.3591,0.00994959
28.3606,0.00995093
28.3621,0.00995192
28.3636,0.00995256
28.3651,0.00995286
28.3666,0.00995281
28.3681,0.00995242
28.3696,0.00995166
28.3711,0.00995057
28.3726,0.00994912
28.3741,0.00994732
28.3756,0.00994517
28.3771,0.00994267
28.3786,0.00993983
28.3801,0.00993664
28.3816,0.00993311
28.3831,0.00992925
28.3846,0.00992504
28.3861,0.0099205
28.3876,0.00991563
28.3891,0.00991042
28.3906,0.0099049
28.3921,0.00989905
28.3936,0.00989288
28.3951,0.00988639
28.3966,0.0098796
28.3981,0.00987251
28.3996,0.00986511
28.4011,0.00985742
28.4026,0.00984944
28.4041,0.00984117
28.4056,0.00983263
28.4071,0.00982381
28.4086,0.00981474
28.4101,0.00980541
28.4116,0.00979584
28.4131,0.00978602
28.4146,0.00977598
28.4161,0.00976571
28.4176,0.00975522
28.4191,0.00974454
28.4206,0.0097345
28.4221,0.0097418
28.4236,0.00974887
28.4251,0.00975571
28.4266,0.00976233
28.4281,0.00976872
28.4296,0.00977489
28.4311,0.00978084
28.4326,0.00978657
28.4341,0.00979209
28.4356,0.0097974
28.4371,0.0098025
28.4386,0.00980742
28.4401,0.00981213
28.4416,0.00981666
28.4431,0.00982102
28.4446,0.0098252
28.4461,0.00982921
28.4476,0.00983306
28.4491,0.00983676
28.4506,0.00984032
28.4521,0.00984655
28.4536,0.00985313
28.4551,0.00985933
28.4566,0.00986513
28.4581,0.00987055
28.4596,0.00987558
28.4611,0.00988021
28.4626,0.00988445
28.4641,0.0098883
28.4656,0.00989175
28.4671,0.00989481
28.4686,0.00989747
28.4701,0.00989974
28.4715,0.00990161
28.473,0.0099031
28.4745,0.0099067
28.476,0.00991133
28.4775,0.00991599
28.479,0.00992068
28.4805,0.00992539
28.482,0.00993012
28.4835,0.00993486
28.485,0.00993961
28.4865,0.00994435
28.488,0.00994909
28.4895,0.00995382
28.491,0.00995852
28.4925,0.00996321
28.494,0.00996786
28.4955,0.00997248
28.497,0.00997706
28.4985,0.00998159
28.5,0.00998606
28.5015,0.00999048
28.503,0.00999483
28.5045,0.0099991
28.506,0.0100033
28.5075,0.0100074
28.509,0.0100114
28.5105,0.0100154
28.512,0.0100192
28.5135,0.0100229
28.515,0.0100265
28.5165,0.0100299
28.518,0.0100329
28.5195,0.0100355
28.521,0.0100379
28.5225,0.0100399
28.524,0.0100416
28.5255,0.010043
28.527,0.010044
28.5285,0.0100447
28.53,0.010045
28.5315,0.0100449
28.533,0.0100445
28.5345,0.0100438
28.536,0.0100427
28.5375,0.0100412
28.539,0.0100394
28.5405,0.0100372
28.542,0.0100346
28.5435,0.0100317
28.545,0.0100284
28.5465,0.0100248
28.548,0.0100208
28.5495,0.0100164
28.551,0.0100117
28.5525,0.0100067
28.554,0.0100013
28.5555,0.00999564
28.557,0.00998961
28.5585,0.00998324
28.56,0.00997654
28.5615,0.00996951
28.563,0.00996215
28.5645,0.00995446
28.566,0.00994647
28.5675,0.00993817
28.569,0.00992957
28.5705,0.00992069
28.572,0.00991153
28.5735,0.0099021
28.575,0.0098924
28.5765,0.00988244
28.578,0.00987224
28.5795,0.0098618
28.581,0.00985114
28.5825,0.00984025
28.584,0.00982916
28.5855,0.00981787
28.587,0.00980639
28.5885,0.00979469
28.59,0.0097828
28.5915,0.00978832
28.593,0.00979799
28.5945,0.00980788
28.596,0.00981797
28.5975,0.00982826
28.599,0.00983874
28.6005,0.0098494
28.602,0.00986023
28.6035,0.00987121
28.605,0.00988234
28.6065,0.00989361
28.608,0.00990499
28.6095,0.00991648
28.611,0.00992806
