time,cfl
0.0015,0
0.003,3.21233e-05
0.0045,6.40065e-05
0.006,9.56296e-05
0.0075,0.00012696
0.009,0.00015797
0.0105,0.000188638
0.012,0.000218936
0.0135,0.00024884
0.015,0.000278324
0.0165,0.000307364
0.018,0.000335947
0.0195,0.000364048
0.021,0.000391648
0.0225,0.000418722
0.024,0.000445251
0.0255,0.000471211
0.027,0.000496589
0.0285,0.000521368
0.03,0.000545531
0.0315,0.000569063
0.033,0.000591949
0.0345,0.000614174
0.036,0.000635723
0.0375,0.000656583
0.039,0.000676745
0.0405,0.000696195
0.042,0.000714929
0.0435,0.000732929
0.045,0.000750188
0.0465,0.000766702
0.048,0.000782458
0.0495,0.00079746
0.051,0.000811695
0.0525,0.000825168
0.054,0.00083787
0.0555,0.000849799
0.057,0.000860951
0.0585,0.000871329
0.06,0.00088093
0.0615,0.00088976
0.063,0.000897808
0.0645,0.000905086
0.066,0.000911594
0.0675,0.000917335
0.069,0.000922312
0.0705,0.000926532
0.072,0.000930003
0.0735,0.000932725
0.075,0.000934706
0.0765,0.000935955
0.078,0.00093648
0.0795,0.000936289
0.081,0.000935393
0.0825,0.000933803
0.084,0.000931529
0.0855,0.000928579
0.087,0.000924969
0.0885,0.000920704
0.09,0.000915801
0.0915,0.000910273
0.093,0.000904132
0.0945,0.00089739
0.0960001,0.000890059
0.0975001,0.000882158
0.0990001,0.000873701
0.1005,0.000864701
0.102,0.000855171
0.1035,0.000845126
0.105,0.000834588
0.1065,0.000823572
0.108,0.000812092
0.1095,0.000800168
0.111,0.00078781
0.1125,0.000775037
0.114,0.000761867
0.1155,0.000748314
0.117,0.000734401
0.1185,0.000720147
0.12,0.000705571
0.1215,0.000690687
0.123,0.000675522
0.1245,0.000660093
0.126,0.000644418
0.1275,0.000628515
0.129,0.000612407
0.1305,0.000596113
0.132,0.000579653
0.1335,0.000563047
0.135,0.000546318
0.1365,0.000529494
0.138,0.000512593
0.1395,0.000498077
0.141,0.000503451
0.1425,0.000508811
0.144,0.000514162
0.1455,0.000519503
0.147,0.000524829
0.1485,0.000530144
0.15,0.000535444
0.1515,0.000540729
0.153,0.000545993
0.1545,0.000551243
0.156,0.000556534
0.1575,0.000561817
0.159,0.000567086
0.1605,0.000572337
0.162,0.00057757
0.1635,0.000582789
0.165,0.000588072
0.1665,0.000593398
0.168,0.000598803
0.1695,0.000604206
0.171,0.000609659
0.1725,0.000616399
0.174,0.000623179
0.1755,0.00063
0.177,0.000636859
0.1785,0.000643757
0.18,0.000650694
0.1815,0.000657672
0.183,0.000664689
0.1845,0.000671744
0.186,0.000678837
0.1875,0.000685968
0.189,0.000693136
0.1905,0.00070034
0.192,0.000707581
0.1935,0.000714858
0.195,0.000722169
0.1965,0.000729514
0.198,0.000736892
0.1995,0.000744304
0.201,0.00075175
0.2025,0.00075923
0.204,0.000766742
0.2055,0.000774285
0.207,0.00078186
0.2085,0.000789465
0.21,0.000797101
0.2115,0.000804767
0.213,0.00081246
0.2145,0.000820183
0.216,0.000827933
0.2175,0.000835711
0.219,0.000843514
0.2205,0.000851343
0.222,0.000859196
0.2235,0.000867071
0.225,0.000874969
0.2265,0.00088289
0.228,0.000890832
0.2295,0.000898795
0.231,0.000906776
0.2325,0.000914778
0.234,0.000922798
0.2355,0.000930836
0.237,0.000938892
0.2385,0.000946965
0.24,0.000955055
0.2415,0.00096316
0.243,0.00097128
0.2445,0.000979415
0.246,0.000987564
0.2475,0.000995727
0.249,0.0010039
0.2505,0.00101209
0.252,0.00102029
0.2535,0.0010285
0.255,0.00103671
0.2565,0.00104494
0.258,0.00105317
0.2595,0.00106142
0.261,0.00106966
0.2625,0.00107792
0.264,0.00108618
0.2655,0.00109445
0.267,0.00110273
0.2685,0.00111101
0.27,0.00111929
0.2715,0.00112757
0.273,0.00113586
0.2745,0.00114416
0.276,0.00115245
0.2775,0.00116075
0.279,0.00116904
0.2805,0.00117734
0.282,0.00118564
0.2835,0.00119394
0.285,0.00120224
0.2865,0.00121054
0.288,0.00121883
0.2895,0.00122713
0.291,0.00123541
0.2925,0.0012437
0.294,0.00125199
0.2955,0.00126027
0.297,0.00126854
0.2985,0.00127682
0.3,0.00128509
0.3015,0.00129335
0.303,0.00130161
0.3045,0.00130987
0.306,0.00131812
0.3075,0.00132637
0.309,0.00133461
0.3105,0.00134284
0.312,0.00135107
0.3135,0.00135928
0.315,0.00136749
0.3165,0.0013757
0.318,0.0013839
0.3195,0.00139208
0.321,0.00140027
0.3225,0.00140844
0.324,0.0014166
0.3255,0.00142476
0.327,0.00143291
0.3285,0.00144105
0.33,0.00144918
0.3315,0.0014573
0.333,0.00146541
0.3345,0.00147351
0.336,0.0014816
0.3375,0.00148968
0.339,0.00149774
0.3405,0.0015058
0.342,0.00151385
0.3435,0.00152188
0.345,0.00152991
0.3465,0.00153792
0.348,0.00154627
0.3495,0.00155642
0.351,0.00156658
0.3525,0.00157676
0.354,0.00158696
0.3555,0.00159717
0.357,0.0016074
0.358501,0.00161765
0.360001,0.00162791
0.361501,0.00163818
0.363001,0.00164847
0.364501,0.00165878
0.366001,0.00166909
0.367501,0.00167943
0.369001,0.00168977
0.370501,0.00170013
0.372001,0.00171051
0.373501,0.0017209
0.375001,0.00173131
0.376501,0.00174172
0.378001,0.00175216
0.379501,0.00176261
0.381001,0.00177307
0.382501,0.00178355
0.384001,0.00179403
0.385501,0.00180453
0.387001,0.00181505
0.388501,0.00182557
0.390001,0.00183611
0.391501,0.00184666
0.393001,0.00185723
0.394501,0.0018678
0.396001,0.00187839
0.397501,0.00188899
0.399001,0.0018996
0.400501,0.00191023
0.402001,0.00192087
0.403501,0.00193152
0.405001,0.00194218
0.406501,0.00195286
0.408001,0.00196355
0.409501,0.00197425
0.411001,0.00198496
0.412501,0.00199569
0.414001,0.00200643
0.415501,0.00201718
0.417001,0.00202794
0.418501,0.00203872
0.420001,0.00204951
0.421501,0.00206031
0.423001,0.00207113
0.424501,0.00208196
0.426001,0.0020928
0.427501,0.00210366
0.429001,0.00211453
0.430501,0.00212541
0.432001,0.0021363
0.433501,0.00214722
0.435001,0.00215814
0.436501,0.00216907
0.438001,0.00218002
0.439501,0.00219098
0.441001,0.00220195
0.442501,0.00221293
0.444001,0.00222393
0.445501,0.00223494
0.447001,0.00224595
0.448501,0.00225698
0.450001,0.00226802
0.451501,0.00227907
0.453001,0.00229013
0.454501,0.00230121
0.456001,0.00231229
0.457501,0.00232339
0.459001,0.0023345
0.460501,0.00234562
0.462001,0.00235675
0.463501,0.00236789
0.465001,0.00237904
0.466501,0.0023902
0.468001,0.00240138
0.469501,0.00241256
0.471001,0.00242376
0.472501,0.00243496
0.474001,0.00244618
0.475501,0.00245741
0.477001,0.00246864
0.478501,0.00247989
0.480001,0.00249115
0.481501,0.00250242
0.483001,0.00251369
0.484501,0.00252498
0.486001,0.00253627
0.487501,0.00254758
0.489001,0.00255889
0.490501,0.00257021
0.492001,0.00258153
0.493501,0.00259287
0.495001,0.00260421
0.496501,0.00261556
0.498001,0.00262692
0.499501,0.00263829
0.501001,0.00264966
0.502501,0.00266105
0.504001,0.00267244
0.505502,0.00268384
0.507002,0.00269525
0.508502,0.00270666
0.510002,0.00271808
0.511502,0.0027295
0.513002,0.00274125
0.514502,0.00275319
0.516002,0.00276514
0.517502,0.0027771
0.519002,0.00278907
0.520502,0.00280104
0.522002,0.00281303
0.523502,0.00282502
0.525002,0.00283702
0.526502,0.00284902
0.528002,0.00286103
0.529502,0.00287305
0.531002,0.00288508
0.532502,0.00289711
0.534002,0.00290915
0.535502,0.0029212
0.537002,0.00293325
0.538502,0.0029453
0.540002,0.00295737
0.541502,0.00296944
0.543002,0.00298152
0.544502,0.0029936
0.546002,0.00300568
0.547502,0.00301777
0.549002,0.00302987
0.550502,0.00304197
0.552002,0.00305407
0.553502,0.00306618
0.555002,0.00307807
0.556502,0.00308972
0.558002,0.00310112
0.559502,0.00311227
0.561002,0.00312319
0.562502,0.00313387
0.564002,0.00314431
0.565502,0.00315453
0.567002,0.00316452
0.568502,0.00317429
0.570002,0.00318386
0.571502,0.00319321
0.573002,0.00320237
0.574502,0.00321134
0.576002,0.00322013
0.577502,0.00322874
0.579002,0.00323718
0.580502,0.00324546
0.582002,0.00325359
0.583502,0.00326157
0.585002,0.00326942
0.586502,0.00327715
0.588002,0.00328475
0.589502,0.00329225
0.591002,0.00329964
0.592502,0.00330695
0.594002,0.00331417
0.595502,0.00332132
0.597002,0.0033284
0.598502,0.00333542
0.600002,0.0033424
0.601502,0.00334933
0.603002,0.00335624
0.604502,0.00336313
0.606002,0.00337
0.607502,0.00337686
0.609002,0.00338373
0.610502,0.00339061
0.612002,0.0033975
0.613502,0.00340441
0.615002,0.00341136
0.616502,0.00341834
0.618002,0.00342536
0.619502,0.00343243
0.621002,0.00343955
0.622502,0.00344674
0.624002,0.00345398
0.625502,0.0034613
0.627002,0.00346868
0.628502,0.00347615
0.630002,0.00348369
0.631502,0.00349132
0.633002,0.00349903
0.634502,0.00350682
0.636002,0.00351471
0.637502,0.00352269
0.639002,0.00353076
0.640502,0.00353893
0.642002,0.0035472
0.643502,0.00355556
0.645002,0.00356402
0.646502,0.00357258
0.648003,0.00358123
0.649503,0.00358998
0.651003,0.00359883
0.652503,0.00360777
0.654003,0.00361681
0.655503,0.00362593
0.657003,0.00363515
0.658503,0.00364445
0.660003,0.00365384
0.661503,0.00366331
0.663003,0.00367286
0.664503,0.00368249
0.666003,0.0036922
0.667503,0.00370197
0.669003,0.00371182
0.670503,0.00372172
0.672003,0.00373169
0.673503,0.00374172
0.675003,0.0037518
0.676503,0.00376193
0.678003,0.00377211
0.679503,0.00378232
0.681003,0.00379257
0.682503,0.00380286
0.684003,0.00381317
0.685503,0.00382352
0.687003,0.00383388
0.688503,0.00384426
0.690003,0.00385465
0.691503,0.00386505
0.693003,0.00387545
0.694503,0.00388586
0.696003,0.00389626
0.697503,0.00390666
0.699003,0.00391705
0.700503,0.00392741
0.702003,0.00393777
0.703503,0.00394809
0.705003,0.00395839
0.706503,0.00396867
0.708003,0.00397891
0.709503,0.00398912
0.711003,0.00399928
0.712503,0.00400941
0.714003,0.00401949
0.715503,0.00402952
0.717003,0.00403951
0.718503,0.00404944
0.720003,0.00405931
0.721503,0.00406913
0.723003,0.00407889
0.724503,0.00408859
0.726003,0.00409823
0.727503,0.00410781
0.729003,0.00411731
0.730503,0.00412676
0.732003,0.00413613
0.733503,0.00414543
0.735003,0.00415467
0.736503,0.00416383
0.738003,0.00417292
0.739503,0.00418195
0.741003,0.00419089
0.742503,0.00419977
0.744003,0.00420857
0.745503,0.0042173
0.747003,0.00422595
0.748503,0.00423453
0.750003,0.00424304
0.751503,0.00425148
0.753003,0.00425984
0.754503,0.00426814
0.756003,0.00427637
0.757503,0.00428483
0.759003,0.00429467
0.760503,0.00430446
0.762003,0.00431419
0.763503,0.00432386
0.765003,0.00433348
0.766503,0.00434305
0.768003,0.00435256
0.769503,0.00436202
0.771003,0.00437143
0.772503,0.00438079
0.774003,0.0043901
0.775503,0.00439936
0.777003,0.00440858
0.778503,0.00441775
0.780003,0.00442688
0.781503,0.00443597
0.783003,0.00444502
0.784503,0.00445403
0.786003,0.004463
0.787503,0.00447194
0.789003,0.00448085
0.790504,0.00448973
0.792004,0.00449857
0.793504,0.00450739
0.795004,0.00451619
0.796504,0.00452496
0.798004,0.00453371
0.799504,0.00454244
0.801004,0.00455115
0.802504,0.00455985
0.804004,0.00456853
0.805504,0.0045772
0.807004,0.00458587
0.808504,0.00459453
0.810004,0.00460319
0.811504,0.00461184
0.813004,0.0046205
0.814504,0.00462916
0.816004,0.00463782
0.817504,0.00464649
0.819004,0.00465517
0.820504,0.00466387
0.822004,0.00467257
0.823504,0.0046813
0.825004,0.00469004
0.826504,0.00469881
0.828004,0.0047076
0.829504,0.00471642
0.831004,0.00472527
0.832504,0.00473414
0.834004,0.00474305
0.835504,0.004752
0.837004,0.00476098
0.838504,0.00477001
0.840004,0.00477907
0.841504,0.00478819
0.843004,0.00479734
0.844504,0.00480655
0.846004,0.00481581
0.847504,0.00482512
0.849004,0.00483449
0.850504,0.00484391
0.852004,0.00485339
0.853504,0.00486294
0.855004,0.00487254
0.856504,0.00488222
0.858004,0.00489195
0.859504,0.00490176
0.861004,0.00491164
0.862504,0.00492159
0.864004,0.00493162
0.865504,0.00494171
0.867004,0.00495189
0.868504,0.00496214
0.870004,0.00497247
0.871504,0.00498287
0.873004,0.00499336
0.874504,0.00500393
0.876004,0.00501459
0.877504,0.00502533
0.879004,0.00503615
0.880504,0.00504705
0.882004,0.00505805
0.883504,0.00506913
0.885004,0.0050803
0.886504,0.00509156
0.888004,0.0051029
0.889504,0.00511434
0.891004,0.00512586
0.892504,0.00513748
0.894004,0.00514918
0.895504,0.00516098
0.897004,0.00517286
0.898504,0.00518484
0.900004,0.0051969
0.901504,0.00520905
0.903004,0.00522129
0.904504,0.00523362
0.906004,0.00524603
0.907504,0.00525853
0.909004,0.00527112
0.910504,0.00528379
0.912004,0.00529654
0.913504,0.00530939
0.915004,0.00532231
0.916504,0.00533531
0.918004,0.0053484
0.919504,0.00536156
0.921004,0.0053748
0.922504,0.00538811
0.924004,0.0054015
0.925504,0.00541496
0.927004,0.00542849
0.928504,0.00544209
0.930004,0.00545577
0.931504,0.0054695
0.933004,0.0054833
0.934505,0.00549716
0.936005,0.00551108
0.937505,0.00552506
0.939005,0.00553909
0.940505,0.00555318
0.942005,0.00556731
0.943505,0.00558149
0.945005,0.00559572
0.946505,0.00560999
0.948005,0.0056243
0.949505,0.00563865
0.951005,0.00565303
0.952505,0.00566745
0.954005,0.0056819
0.955505,0.00569637
0.957005,0.00571088
0.958505,0.0057254
0.960005,0.00573995
0.961505,0.00575451
0.963005,0.00576909
0.964505,0.00578369
0.966005,0.0057983
0.967505,0.00581291
0.969005,0.00582753
0.970505,0.00584215
0.972005,0.00585678
0.973505,0.0058714
0.975005,0.00588601
0.976505,0.00590062
0.978005,0.00591522
0.979505,0.0059298
0.981005,0.00594437
0.982505,0.00595892
0.984005,0.00597345
0.985505,0.00598796
0.987005,0.00600245
0.988505,0.00601691
0.990005,0.00603134
0.991505,0.00604574
0.993005,0.00606011
0.994505,0.00607444
0.996005,0.00608874
0.997505,0.006103
0.999005,0.00611721
1.0005,0.00613139
1.002,0.00614552
1.0035,0.00615981
1.00501,0.00617426
1.00651,0.00618888
1.00801,0.00620366
1.00951,0.00621859
1.01101,0.00623368
1.01251,0.00624892
1.01401,0.0062643
1.01551,0.00627982
1.01701,0.00629548
1.01851,0.00631127
1.02001,0.00632718
1.02151,0.00634322
1.02301,0.00635937
1.02451,0.00637563
1.02601,0.006392
1.02751,0.00640847
1.02901,0.00642504
1.03051,0.00644169
1.03201,0.00645842
1.03351,0.00647523
1.03501,0.00649211
1.03651,0.00650905
1.03801,0.00652604
1.03951,0.00654308
1.04101,0.00656017
1.04251,0.0065773
1.04401,0.00659445
1.04551,0.00661162
1.04701,0.00662881
1.04851,0.006646
1.05001,0.00666319
1.05151,0.00668038
1.05301,0.00669756
1.05451,0.00671471
1.05601,0.00673183
1.05751,0.00674891
1.05901,0.00676595
1.06051,0.00678293
1.06201,0.00679986
1.06351,0.00681672
1.06501,0.00683351
1.06651,0.00685021
1.06801,0.00686684
1.06951,0.00688337
1.07101,0.0068998
1.07251,0.00691613
1.07401,0.00693234
1.07551,0.00694844
1.07701,0.00696441
1.07851,0.00698026
1.08001,0.00699596
1.08151,0.00701153
1.08301,0.00702696
1.08451,0.00704224
1.08601,0.00705736
1.08751,0.00707233
1.08901,0.00708713
1.09051,0.00710178
1.09201,0.00711626
1.09351,0.00713057
1.09501,0.00714471
1.09651,0.00715867
1.09801,0.00717245
1.09951,0.00718605
1.10101,0.00719947
1.10251,0.0072127
1.10401,0.00722575
1.10551,0.00723862
1.10701,0.00725129
1.10851,0.00726379
1.11001,0.00727609
1.11151,0.00728821
1.11301,0.00730014
1.11451,0.00731189
1.11601,0.00732344
1.11751,0.00733481
1.11901,0.00734599
1.12051,0.00735699
1.12201,0.00736781
1.12351,0.00737844
1.12501,0.0073889
1.12651,0.00739917
1.12801,0.00740927
1.12951,0.0074192
1.13101,0.00742895
1.13251,0.00743854
1.13401,0.00744795
1.13551,0.00745721
1.13701,0.0074663
1.13851,0.00747524
1.14001,0.00748402
1.14151,0.00749265
1.14301,0.00750112
1.14451,0.00750945
1.14601,0.00751764
1.14751,0.00752568
1.14901,0.00753359
1.15051,0.00754137
1.15201,0.00754901
1.15351,0.00755653
1.15501,0.00756393
1.15651,0.00757121
1.15801,0.00757837
1.15951,0.00758543
1.16101,0.00759237
1.16251,0.00759921
1.16401,0.00760595
1.16551,0.00761259
1.16701,0.00761914
1.16851,0.00762559
1.17001,0.00763196
1.17151,0.00763824
1.17301,0.00764444
1.17451,0.00765057
1.17601,0.00765663
1.17751,0.00766264
1.17901,0.00766868
1.18051,0.00767474
1.18201,0.00768082
1.18351,0.00768693
1.18501,0.00769305
1.18651,0.00769919
1.18801,0.00770535
1.18951,0.00771153
1.19101,0.00771772
1.19251,0.00772393
1.19401,0.00773014
1.19551,0.00773637
1.19701,0.00774261
1.19851,0.00774886
1.20001,0.00775512
1.20151,0.00776138
1.20301,0.00776764
1.20451,0.00777391
1.20601,0.00778017
1.20751,0.00778644
1.20901,0.0077927
1.21051,0.00779896
1.21201,0.00780522
1.21351,0.00781147
1.21501,0.00781772
1.21651,0.00782396
1.21801,0.00783019
1.21951,0.00783641
1.22101,0.00784263
1.22251,0.00784883
1.22401,0.00785502
1.22551,0.00786119
1.22701,0.00786735
1.22851,0.0078735
1.23001,0.00787963
1.23151,0.00788574
1.23301,0.00789183
1.23451,0.0078979
1.23601,0.00790394
1.23751,0.00790997
1.23901,0.00791598
1.24051,0.00792196
1.24201,0.00792792
1.24351,0.00793385
1.24501,0.00793976
1.24651,0.00794564
1.24801,0.00795149
1.24951,0.00795732
1.25101,0.00796313
1.25251,0.00796891
1.25401,0.00797466
1.25551,0.00798038
1.25701,0.00798609
1.25851,0.00799177
1.26001,0.00799742
1.26151,0.00800305
1.26301,0.00800865
1.26451,0.00801424
1.26601,0.0080198
1.26751,0.00802534
1.26901,0.00803086
1.27051,0.00803636
1.27201,0.00804185
1.27351,0.00804732
1.27501,0.00805278
1.27651,0.00805823
1.27801,0.00806367
1.27951,0.00806909
1.28101,0.00807451
1.28251,0.00807993
1.28401,0.00808534
1.28551,0.00809075
1.28701,0.00809616
1.28851,0.00810158
1.29001,0.008107
1.29151,0.00811243
1.29301,0.00811787
1.29451,0.00812333
1.29601,0.0081288
1.29751,0.00813429
1.29901,0.0081398
1.30051,0.00814533
1.30201,0.00815089
1.30351,0.00815647
1.30501,0.00816209
1.30651,0.00816774
1.30801,0.00817343
1.30951,0.00817917
1.31101,0.00818495
1.31251,0.00819077
1.31401,0.00819665
1.31551,0.00820257
1.31701,0.00820855
1.31851,0.00821459
1.32001,0.0082207
1.32151,0.00822687
1.32301,0.0082331
1.32451,0.0082394
1.32601,0.00824578
1.32751,0.00825223
1.32901,0.00825923
1.33051,0.00826655
1.33201,0.00827385
1.33351,0.00828113
1.33501,0.00828839
1.33651,0.00829562
1.33801,0.00830283
1.33951,0.00831003
1.34101,0.00831722
1.34251,0.00832439
1.34401,0.00833156
1.34551,0.00833871
1.34701,0.00834586
1.34851,0.00835301
1.35001,0.00836016
1.35151,0.00836768
1.35301,0.00837575
1.35451,0.00838394
1.35601,0.00839223
1.35751,0.00840063
1.35901,0.00840914
1.36051,0.00841776
1.36201,0.0084265
1.36351,0.00843535
1.36501,0.00844431
1.36651,0.00845338
1.36801,0.00846256
1.36951,0.00847185
1.37101,0.00848125
1.37251,0.00849076
1.37401,0.00850043
1.37551,0.00851023
1.37701,0.00852018
1.37851,0.00853028
1.38001,0.00854052
1.38151,0.00855091
1.38301,0.00856144
1.38451,0.00857211
1.38601,0.00858291
1.38751,0.00859385
1.38901,0.00860493
1.39051,0.00861614
1.39201,0.00862747
1.39351,0.00863893
1.39501,0.00865052
1.39651,0.00866221
1.39801,0.00867403
1.39951,0.00868595
1.40101,0.00869798
1.40251,0.0087101
1.40401,0.00872233
1.40551,0.00873466
1.40701,0.00874707
1.40851,0.00875956
1.41001,0.00877213
1.41151,0.00878477
1.41301,0.00879748
1.41451,0.00881026
1.41601,0.00882309
1.41751,0.00883597
1.41901,0.0088489
1.42051,0.00886187
1.42201,0.00887487
1.42351,0.0088879
1.42501,0.00890094
1.42651,0.00891401
1.42801,0.00892708
1.42951,0.00894015
1.43101,0.00895322
1.43251,0.00896628
1.43401,0.00897931
1.43551,0.00899232
1.43701,0.0090053
1.43851,0.00901824
1.44001,0.00903114
1.44151,0.00904398
1.44301,0.00905677
1.44451,0.00906948
1.44601,0.00908212
1.44751,0.00909469
1.44901,0.00910892
1.45051,0.00912412
1.45201,0.00913929
1.45351,0.00915443
1.45501,0.00916952
1.45651,0.00918457
1.45801,0.00919955
1.45951,0.00921448
1.46101,0.00922932
1.46251,0.00924409
1.46401,0.00925877
1.46551,0.00927336
1.46701,0.00928785
1.46851,0.00930224
1.47001,0.00931651
1.47151,0.00933066
1.47301,0.00934468
1.47451,0.00935857
1.47601,0.00937232
1.47751,0.00938593
1.47901,0.00939938
1.48051,0.00941268
1.48201,0.00942582
1.48351,0.00943879
1.48501,0.00945159
1.48651,0.00946421
1.48801,0.00947666
1.48951,0.00948892
1.49101,0.00950099
1.49251,0.00951288
1.49401,0.00952458
1.49551,0.00953607
1.49701,0.00954737
1.49851,0.00955847
1.50001,0.00956936
1.50151,0.00958004
1.50301,0.00959052
1.50451,0.0096008
1.50601,0.00961086
1.50751,0.00962072
1.50901,0.00963036
1.51051,0.0096398
1.51201,0.00964902
1.51351,0.00965804
1.51501,0.00966685
1.51651,0.00967545
1.51801,0.00968384
1.51951,0.00969203
1.52101,0.00970001
1.52251,0.0097078
1.52401,0.00971538
1.52551,0.00972276
1.52701,0.00972995
1.52851,0.00973695
1.53001,0.00974376
1.53151,0.00975038
1.53301,0.00975682
1.53451,0.00976309
1.53601,0.00976918
1.53751,0.0097751
1.53901,0.00978086
1.54051,0.00978645
1.54201,0.00979188
1.54351,0.00979716
1.54501,0.00980228
1.54651,0.00980727
1.54801,0.00981212
1.54951,0.00981683
1.55101,0.00982142
1.55251,0.00982588
1.55401,0.00983022
1.55551,0.00983445
1.55701,0.00983858
1.55851,0.0098426
1.56001,0.00984653
1.56151,0.00985037
1.56301,0.00985412
1.56451,0.0098578
1.56601,0.00986141
1.56751,0.00986495
1.56901,0.00986843
1.57051,0.00987184
1.57201,0.00987521
1.57351,0.00987853
1.57501,0.00988181
1.57651,0.00988505
1.57801,0.00988827
1.57951,0.00989147
1.58101,0.00989465
1.58251,0.00989782
1.58401,0.00990098
1.58551,0.00990415
1.58701,0.00990732
1.58851,0.0099105
1.59001,0.0099137
1.59151,0.00991692
1.59301,0.00992018
1.59451,0.00992347
1.59601,0.00992679
1.59751,0.00993016
1.59901,0.00993358
1.60051,0.00993705
1.60201,0.00994059
1.60351,0.00994418
1.60501,0.00994783
1.60651,0.00995157
1.60801,0.00995538
1.60951,0.00995927
1.61101,0.00996324
1.61251,0.00996729
1.61401,0.00997144
1.61551,0.00997568
1.61701,0.00998001
1.61851,0.00998444
1.62001,0.00998897
1.62151,0.0099936
1.62301,0.00999833
1.62451,0.0100032
1.62601,0.0100081
1.62751,0.0100132
1.62901,0.0100184
1.63051,0.0100236
1.63201,0.010029
1.63351,0.0100345
1.63501,0.0100402
1.63651,0.010046
1.63801,0.010052
1.63951,0.0100581
1.64101,0.0100643
1.64251,0.0100707
1.64401,0.0100773
1.64551,0.010084
1.64701,0.0100908
1.64851,0.0100978
1.65001,0.010105
1.65151,0.0101122
1.65301,0.0101197
1.65451,0.0101273
1.65601,0.010135
1.65751,0.0101428
1.65901,0.0101508
1.66051,0.010159
1.66201,0.0101672
1.66351,0.0101756
1.66501,0.0101841
1.66651,0.0101928
1.66801,0.0102015
1.66951,0.0102104
1.67101,0.0102195
1.67251,0.0102286
1.67401,0.0102378
1.67551,0.0102472
1.67701,0.0102566
1.67851,0.0102662
1.68001,0.0102759
1.68151,0.0102856
1.68301,0.0102955
1.68451,0.0103054
1.68601,0.0103154
1.68751,0.0103255
1.68901,0.0103357
1.69051,0.0103459
1.69201,0.0103562
1.69351,0.0103666
1.69501,0.0103771
1.69651,0.0103876
1.69801,0.0104018
1.69951,0.0104167
1.70101,0.0104315
1.70251,0.0104463
1.70401,0.0104611
1.70551,0.0104758
1.70701,0.0104905
1.70851,0.0105051
1.71001,0.0105196
1.71151,0.010534
1.71301,0.0105484
1.71451,0.0105627
1.71601,0.0105769
1.71751,0.010591
1.71901,0.010605
1.72051,0.0106189
1.72201,0.0106327
1.72351,0.0106464
1.72501,0.01066
1.72651,0.0106734
1.72801,0.0106867
1.72951,0.0106999
1.73101,0.010713
1.73251,0.0107259
1.73401,0.0107388
1.73551,0.0107514
1.73701,0.0107639
1.73851,0.0107763
1.74001,0.0107885
1.74151,0.0108006
1.74301,0.0108126
1.74451,0.0108243
1.74601,0.010836
1.74751,0.0108474
1.74901,0.0108587
1.75051,0.0108699
1.75201,0.0108809
1.75351,0.0108917
1.75501,0.0109024
1.75651,0.0109129
1.75801,0.0109233
1.75951,0.0109335
1.76101,0.0109435
1.76251,0.0109534
1.76401,0.0109631
1.76551,0.0109726
1.76701,0.010982
1.76851,0.0109912
1.77001,0.0110002
1.77151,0.0110091
1.77301,0.0110178
1.77451,0.0110264
1.77601,0.0110348
1.77751,0.011043
1.77901,0.0110509
1.78051,0.0110586
1.78201,0.011066
1.78351,0.0110732
1.78501,0.0110801
1.78651,0.0110868
1.78801,0.0110933
1.78951,0.0110996
1.79101,0.0111057
1.79251,0.0111115
1.79401,0.0111172
1.79551,0.0111227
1.79701,0.0111281
1.79851,0.0111332
1.80001,0.0111382
1.80151,0.0111431
1.80301,0.0111478
1.80451,0.0111524
1.80601,0.0111568
1.80751,0.0111612
1.80901,0.0111654
1.81051,0.0111697
1.81201,0.0111739
1.81351,0.011178
1.81501,0.0111821
1.81651,0.0111862
1.81801,0.0111903
1.81951,0.0111943
1.82101,0.0111983
1.82251,0.0112023
1.82401,0.0112063
1.82551,0.0112103
1.82701,0.0112143
1.82851,0.0112183
1.83001,0.0112222
1.83151,0.0112262
1.83301,0.0112302
1.83451,0.0112342
1.83601,0.0112382
1.83751,0.0112423
1.83901,0.0112463
1.84051,0.0112504
1.84201,0.0112545
1.84351,0.0112586
1.84501,0.0112627
1.84651,0.0112669
1.84801,0.0112711
1.84951,0.0112753
1.85101,0.0112796
1.85251,0.0112839
1.85401,0.0112882
1.85551,0.0112926
1.85701,0.011297
1.85851,0.0113015
1.86001,0.011306
1.86151,0.0113105
1.86301,0.0113151
1.86451,0.0113198
1.86601,0.0113245
1.86751,0.0113292
1.86901,0.011334
1.87051,0.0113389
1.87201,0.0113439
1.87351,0.0113491
1.87501,0.0113543
1.87651,0.0113595
1.87801,0.0113689
1.87951,0.0113786
1.88101,0.0113881
1.88251,0.0113975
1.88401,0.0114067
1.88551,0.0114158
1.88701,0.0114247
1.88851,0.0114335
1.89001,0.0114422
1.89151,0.0114507
1.89301,0.0114591
1.89451,0.0114674
1.89601,0.0114756
1.89751,0.0114836
1.89901,0.0114916
1.90051,0.0114994
1.90201,0.0115071
1.90351,0.0115148
1.90501,0.0115223
1.90651,0.0115298
1.90801,0.0115372
1.90951,0.0115445
1.91101,0.0115518
1.91251,0.011559
1.91401,0.0115661
1.91551,0.0115732
1.91701,0.0115803
1.91851,0.0115873
1.92001,0.0115943
1.92151,0.0116013
1.92301,0.0116082
1.92451,0.0116152
1.92601,0.0116221
1.92751,0.011629
1.92901,0.0116359
1.93051,0.0116429
1.93201,0.0116498
1.93351,0.0116568
1.93501,0.0116638
1.93651,0.0116708
1.93801,0.0116778
1.93951,0.0116849
1.94101,0.011692
1.94251,0.0116991
1.94401,0.0117063
1.94551,0.0117135
1.94701,0.0117208
1.94851,0.0117281
1.95001,0.0117355
1.95151,0.0117429
1.95301,0.0117504
1.95451,0.0117579
1.95601,0.0117655
1.95751,0.0117731
1.95901,0.0117808
1.96051,0.0117886
1.96201,0.0117964
1.96351,0.0118042
1.96501,0.0118122
1.96651,0.0118201
1.96801,0.0118281
1.96951,0.0118362
1.97101,0.0118442
1.97251,0.0118524
1.97401,0.0118605
1.97551,0.0118687
1.97701,0.0118769
1.97851,0.0118857
1.98001,0.0119003
1.98151,0.0119149
1.98301,0.0119294
1.98451,0.0119438
1.98601,0.0119581
1.98751,0.0119723
1.98901,0.0119865
1.99051,0.0120005
1.99201,0.0120144
1.99351,0.0120282
1.99501,0.0120419
1.99651,0.0120555
1.99801,0.0120689
1.99951,0.0120822
2.00101,0.0120954
2.00251,0.0121084
2.00401,0.0121212
2.00551,0.0121339
2.00701,0.0121465
2.00851,0.0121588
2.01001,0.0121709
2.01151,0.0121826
2.01301,0.0121938
2.01451,0.0122046
2.01601,0.012215
2.01751,0.012225
2.01901,0.0122362
2.02051,0.0122503
2.02201,0.0122644
2.02351,0.0122784
2.02501,0.0122925
2.02651,0.0123065
2.02801,0.0123205
2.02951,0.0123344
2.03101,0.0123483
2.03251,0.0123621
2.03401,0.0123759
2.03551,0.0123897
2.03701,0.0124033
2.03851,0.0124169
2.04001,0.0124304
2.04151,0.0124439
2.04301,0.0124573
2.04451,0.0124706
2.04601,0.0124838
2.04751,0.012497
2.04901,0.01251
2.05051,0.012523
2.05201,0.0125359
2.05351,0.0125487
2.05501,0.0125613
2.05651,0.0125739
2.05801,0.0125864
2.05951,0.0125988
2.06101,0.012611
2.06251,0.0126231
2.06401,0.0126352
2.06551,0.0126471
2.06701,0.0126588
2.06851,0.0126705
2.07001,0.012682
2.07151,0.0126934
2.07301,0.0127046
2.07451,0.0127157
2.07601,0.0127267
2.07751,0.0127375
2.07901,0.0127482
2.08051,0.0127587
2.08201,0.0127691
2.08351,0.0127794
2.08501,0.0127895
2.08651,0.0127994
2.08801,0.0128092
2.08951,0.0128188
2.09101,0.0128283
2.09251,0.0128376
2.09401,0.0128467
2.0955,0.0128557
2.097,0.0128645
2.0985,0.0128731
2.1,0.0128815
2.1015,0.0128898
2.103,0.0128979
2.1045,0.0129058
2.106,0.0129135
2.1075,0.0129211
2.109,0.0129284
2.1105,0.0129356
2.112,0.0129427
2.1135,0.0129495
2.115,0.0129561
2.1165,0.0129626
2.118,0.0129689
2.1195,0.012975
2.121,0.012981
2.1225,0.0129868
2.124,0.0129924
2.1255,0.0129979
2.127,0.0130032
2.1285,0.0130084
2.13,0.0130134
2.1315,0.0130183
2.133,0.0130231
2.1345,0.0130277
2.136,0.0130323
2.1375,0.0130367
2.139,0.013041
2.1405,0.0130452
2.142,0.0130493
2.1435,0.0130534
2.145,0.0130574
2.1465,0.0130613
2.148,0.0130652
2.1495,0.013069
2.151,0.0130728
2.1525,0.0130766
2.154,0.0130804
2.1555,0.0130842
2.157,0.013088
2.1585,0.0130918
2.16,0.0130957
2.1615,0.0130995
2.163,0.0131035
2.1645,0.0131075
2.166,0.0131115
2.1675,0.0131157
2.169,0.0131199
2.1705,0.0131242
2.172,0.0131286
2.1735,0.0131332
2.175,0.0131378
2.1765,0.0131426
2.178,0.0131475
2.1795,0.0131525
2.181,0.0131577
2.1825,0.013163
2.184,0.0131685
2.1855,0.0131741
2.187,0.0131799
2.1885,0.0131858
2.19,0.0131919
2.1915,0.0131982
2.193,0.0132047
2.1945,0.0132113
2.196,0.0132181
2.1975,0.0132251
2.199,0.0132322
2.2005,0.0132396
2.202,0.0132471
2.2035,0.0132548
2.205,0.0132626
2.2065,0.0132707
2.208,0.0132789
2.2095,0.0132873
2.211,0.0132958
2.2125,0.0133045
2.214,0.0133134
2.2155,0.0133225
2.217,0.0133317
2.2185,0.013341
2.22,0.0133505
2.2215,0.0133602
2.223,0.01337
2.2245,0.0133799
2.226,0.01339
2.2275,0.0134002
2.229,0.0134105
2.2305,0.0134209
2.232,0.0134314
2.23349,0.013442
2.23499,0.0134527
2.23649,0.0134634
2.23799,0.0134743
2.23949,0.0134852
2.24099,0.0134961
2.24249,0.0135071
2.24399,0.0135182
2.24549,0.0135293
2.24699,0.0135404
2.24849,0.0135516
2.24999,0.0135627
2.25149,0.0135739
2.25299,0.0135851
2.25449,0.0135963
2.25599,0.0136074
2.25749,0.0136186
2.25899,0.0136297
2.26049,0.0136408
2.26199,0.0136518
2.26349,0.0136628
2.26499,0.0136738
2.26649,0.0136847
2.26799,0.0136956
2.26949,0.0137064
2.27099,0.0137171
2.27249,0.0137277
2.27399,0.0137383
2.27549,0.0137487
2.27699,0.0137591
2.27849,0.0137694
2.27999,0.0137796
2.28149,0.0137897
2.28299,0.0137996
2.28449,0.0138096
2.28599,0.0138194
2.28749,0.0138292
2.28899,0.0138388
2.29049,0.0138484
2.29199,0.0138579
2.29349,0.0138673
2.29499,0.0138766
2.29649,0.0138858
2.29799,0.0138948
2.29949,0.0139038
2.30099,0.0139127
2.30249,0.0139214
2.30399,0.01393
2.30549,0.0139386
2.30699,0.0139469
2.30849,0.0139552
2.30999,0.0139633
2.31149,0.0139713
2.31299,0.0139792
2.31449,0.0139869
2.31599,0.0139945
2.31749,0.0140019
2.31899,0.0140092
2.32049,0.0140164
2.32199,0.0140234
2.32349,0.0140303
2.32499,0.014037
2.32649,0.0140436
2.32799,0.01405
2.32949,0.0140562
2.33099,0.0140623
2.33249,0.0140683
2.33399,0.0140741
2.33549,0.0140797
2.33699,0.0140852
2.33849,0.0140906
2.33999,0.0140957
2.34149,0.0141007
2.34299,0.0141056
2.34449,0.0141103
2.34599,0.0141149
2.34749,0.0141193
2.34899,0.0141235
2.35049,0.0141276
2.35199,0.0141315
2.35349,0.0141353
2.35499,0.0141389
2.35649,0.0141423
2.35799,0.0141456
2.35949,0.0141488
2.36099,0.0141517
2.36249,0.0141546
2.36399,0.0141572
2.36549,0.0141598
2.36699,0.0141622
2.36849,0.0141644
2.36999,0.0141665
2.37148,0.0141684
2.37298,0.0141702
2.37448,0.0141718
2.37598,0.0141734
2.37748,0.0141747
2.37898,0.014176
2.38048,0.0141771
2.38198,0.014178
2.38348,0.0141789
2.38498,0.0141796
2.38648,0.0141802
2.38798,0.0141807
2.38948,0.0141811
2.39098,0.0141815
2.39248,0.0141819
2.39398,0.0141823
2.39548,0.0141828
2.39698,0.0141834
2.39848,0.014184
2.39998,0.0141846
2.40148,0.0141853
2.40298,0.0141861
2.40448,0.0141868
2.40598,0.0141877
2.40748,0.0141885
2.40898,0.0141894
2.41048,0.0141904
2.41198,0.0141914
2.41348,0.0141924
2.41498,0.0141935
2.41648,0.0141946
2.41798,0.0141958
2.41948,0.0141971
2.42098,0.0141984
2.42248,0.0141998
2.42398,0.0142012
2.42548,0.0142027
2.42698,0.0142043
2.42848,0.0142058
2.42998,0.0142074
2.43148,0.0142091
2.43298,0.0142108
2.43448,0.0142125
2.43598,0.0142143
2.43748,0.0142161
2.43898,0.0142179
2.44048,0.0142197
2.44198,0.0142216
2.44348,0.0142235
2.44498,0.0142254
2.44648,0.0142274
2.44798,0.0142294
2.44948,0.0142314
2.45098,0.0142334
2.45248,0.0142354
2.45398,0.0142374
2.45548,0.0142395
2.45698,0.0142415
2.45848,0.0142436
2.45998,0.0142456
2.46148,0.0142477
2.46298,0.0142497
2.46448,0.0142518
2.46598,0.0142538
2.46748,0.0142559
2.46898,0.0142579
2.47048,0.0142599
2.47198,0.0142619
2.47348,0.0142639
2.47498,0.0142659
2.47648,0.0142678
2.47798,0.0142698
2.47948,0.0142717
2.48098,0.0142736
2.48248,0.0142754
2.48398,0.0142772
2.48548,0.0142807
2.48698,0.0142855
2.48848,0.0142903
2.48998,0.0142952
2.49148,0.0143002
2.49298,0.0143052
2.49448,0.0143102
2.49598,0.0143153
2.49748,0.0143204
2.49898,0.01433
2.50048,0.014341
2.50198,0.0143519
2.50348,0.0143629
2.50498,0.0143738
2.50648,0.0143846
2.50798,0.0143954
2.50947,0.0144062
2.51097,0.0144169
2.51247,0.0144275
2.51397,0.0144381
2.51547,0.0144485
2.51697,0.0144589
2.51847,0.0144692
2.51997,0.0144794
2.52147,0.0144895
2.52297,0.0144994
2.52447,0.0145093
2.52597,0.0145191
2.52747,0.0145287
2.52897,0.0145382
2.53047,0.0145476
2.53197,0.0145568
2.53347,0.0145659
2.53497,0.0145748
2.53647,0.0145836
2.53797,0.0145923
2.53947,0.0146008
2.54097,0.0146091
2.54247,0.0146173
2.54397,0.0146253
2.54547,0.0146331
2.54697,0.0146408
2.54847,0.0146483
2.54997,0.0146556
2.55147,0.0146627
2.55297,0.0146697
2.55447,0.0146764
2.55597,0.014683
2.55747,0.0146894
2.55897,0.0146957
2.56047,0.0147017
2.56197,0.0147075
2.56347,0.0147132
2.56497,0.0147186
2.56647,0.0147239
2.56797,0.014729
2.56947,0.0147339
2.57097,0.0147386
2.57247,0.0147432
2.57397,0.0147475
2.57547,0.0147516
2.57697,0.0147556
2.57847,0.0147594
2.57997,0.014763
2.58147,0.0147664
2.58297,0.0147697
2.58447,0.0147728
2.58597,0.0147757
2.58747,0.0147784
2.58897,0.014781
2.59047,0.0147834
2.59197,0.0147856
2.59347,0.0147877
2.59497,0.0147896
2.59647,0.0147913
2.59797,0.0147929
2.59947,0.0147944
2.60097,0.0147957
2.60247,0.0147968
2.60397,0.0147978
2.60547,0.0147988
2.60697,0.0147997
2.60847,0.0148006
2.60997,0.0148016
2.61147,0.0148025
2.61297,0.0148034
2.61447,0.0148043
2.61597,0.0148072
2.61747,0.0148125
2.61897,0.0148177
2.62047,0.0148227
2.62197,0.0148275
2.62347,0.0148322
2.62497,0.0148367
2.62647,0.014841
2.62797,0.0148451
2.62947,0.014849
2.63097,0.0148528
2.63247,0.0148563
2.63397,0.0148596
2.63547,0.0148628
2.63697,0.0148657
2.63847,0.0148684
2.63997,0.0148709
2.64147,0.0148732
2.64297,0.0148752
2.64447,0.014877
2.64597,0.0148787
2.64746,0.01488
2.64896,0.0148812
2.65046,0.0148821
2.65196,0.014883
2.65346,0.0148838
2.65496,0.0148846
2.65646,0.0148853
2.65796,0.0148861
2.65946,0.0148868
2.66096,0.0148874
2.66246,0.014888
2.66396,0.0148886
2.66546,0.0148891
2.66696,0.0148896
2.66846,0.01489
2.66996,0.0148903
2.67146,0.0148907
2.67296,0.0148909
2.67446,0.0148911
2.67596,0.0148913
2.67746,0.0148914
2.67896,0.0148914
2.68046,0.0148914
2.68196,0.0148913
2.68346,0.0148911
2.68496,0.0148909
2.68646,0.0148906
2.68796,0.0148903
2.68946,0.0148899
2.69096,0.0148894
2.69246,0.0148889
2.69396,0.0148883
2.69546,0.0148876
2.69696,0.0148868
2.69846,0.014886
2.69996,0.0148851
2.70146,0.0148841
2.70296,0.0148875
2.70446,0.0148919
2.70596,0.0148964
2.70746,0.0149009
2.70896,0.0149054
2.71046,0.01491
2.71196,0.0149146
2.71346,0.0149193
2.71496,0.014924
2.71646,0.0149288
2.71796,0.0149336
2.71946,0.0149385
2.72096,0.0149435
2.72246,0.0149485
2.72396,0.0149536
2.72546,0.0149588
2.72696,0.0149641
2.72846,0.0149694
2.72996,0.0149748
2.73146,0.0149803
2.73296,0.0149858
2.73446,0.0149914
2.73596,0.0149971
2.73746,0.0150029
2.73896,0.0150087
2.74046,0.0150145
2.74196,0.0150204
2.74346,0.0150263
2.74496,0.0150323
2.74646,0.0150383
2.74796,0.0150443
2.74946,0.0150504
2.75096,0.0150566
2.75246,0.0150628
2.75396,0.015069
2.75546,0.0150752
2.75696,0.0150815
2.75846,0.0150879
2.75996,0.0150942
2.76146,0.0151006
2.76296,0.015107
2.76446,0.0151135
2.76596,0.01512
2.76746,0.0151265
2.76896,0.015133
2.77046,0.0151396
2.77196,0.0151462
2.77346,0.0151527
2.77496,0.0151594
2.77646,0.015166
2.77796,0.0151726
2.77946,0.0151793
2.78096,0.015186
2.78246,0.0151927
2.78396,0.0151993
2.78545,0.015206
2.78695,0.0152128
2.78845,0.0152195
2.78995,0.0152262
2.79145,0.0152329
2.79295,0.0152396
2.79445,0.0152463
2.79595,0.015253
2.79745,0.0152597
2.79895,0.0152664
2.80045,0.0152731
2.80195,0.0152797
2.80345,0.0152864
2.80495,0.015293
2.80645,0.0152996
2.80795,0.0153062
2.80945,0.0153128
2.81095,0.0153194
2.81245,0.0153259
2.81395,0.0153324
2.81545,0.0153389
2.81695,0.0153453
2.81845,0.0153518
2.81995,0.0153582
2.82145,0.0153644
2.82295,0.0153706
2.82445,0.0153766
2.82595,0.0153825
2.82745,0.0153883
2.82895,0.015394
2.83045,0.0153995
2.83195,0.0154049
2.83345,0.0154103
2.83495,0.0154155
2.83645,0.0154206
2.83795,0.0154256
2.83945,0.0154306
2.84095,0.0154354
2.84245,0.0154402
2.84395,0.015445
2.84545,0.0154496
2.84695,0.0154542
2.84845,0.0154588
2.84995,0.0154633
2.85145,0.0154678
2.85295,0.0154722
2.85445,0.0154766
2.85595,0.015481
2.85745,0.0154854
2.85895,0.0154897
2.86045,0.0154941
2.86195,0.0154984
2.86345,0.0155027
2.86495,0.015507
2.86645,0.0155112
2.86795,0.0155153
2.86945,0.0155193
2.87095,0.0155233
2.87245,0.0155273
2.87395,0.0155313
2.87545,0.0155352
2.87695,0.0155391
2.87845,0.015543
2.87995,0.0155469
2.88145,0.0155508
2.88295,0.0155547
2.88445,0.0155586
2.88595,0.0155625
2.88745,0.0155665
2.88895,0.0155705
2.89045,0.0155746
2.89195,0.0155787
2.89345,0.0155829
2.89495,0.0155871
2.89645,0.0155914
2.89795,0.0155957
2.89945,0.0156
2.90095,0.0156043
2.90245,0.0156086
2.90395,0.0156129
2.90545,0.0156172
2.90695,0.0156215
2.90845,0.0156259
2.90995,0.0156302
2.91145,0.0156345
2.91295,0.0156389
2.91445,0.0156433
2.91595,0.0156477
2.91745,0.0156521
2.91895,0.0156565
2.92045,0.015661
2.92195,0.0156655
2.92344,0.01567
2.92494,0.0156746
2.92644,0.0156792
2.92794,0.0156838
2.92944,0.0156884
2.93094,0.0156931
2.93244,0.0156978
2.93394,0.0157025
2.93544,0.0157072
2.93694,0.015712
2.93844,0.0157167
2.93994,0.0157215
2.94144,0.0157263
2.94294,0.0157311
2.94444,0.0157359
2.94594,0.0157407
2.94744,0.0157455
2.94894,0.0157503
2.95044,0.0157551
2.95194,0.0157599
2.95344,0.0157646
2.95494,0.0157694
2.95644,0.0157741
2.95794,0.0157788
2.95944,0.0157834
2.96094,0.0157881
2.96244,0.0157927
2.96394,0.0157973
2.96544,0.0158019
2.96694,0.0158064
2.96844,0.0158108
2.96994,0.015815
2.97144,0.0158191
2.97294,0.0158231
2.97444,0.0158269
2.97594,0.0158306
2.97744,0.0158341
2.97894,0.0158374
2.98044,0.0158406
2.98194,0.0158436
2.98344,0.0158464
2.98494,0.0158491
2.98644,0.0158515
2.98794,0.0158538
2.98944,0.0158558
2.99094,0.0158577
2.99244,0.0158593
2.99394,0.0158606
2.99544,0.0158618
2.99694,0.0158627
2.99844,0.0158634
2.99994,0.0158639
3.00144,0.0158641
3.00294,0.0158641
3.00444,0.0158639
3.00594,0.0158635
3.00744,0.0158629
3.00894,0.015862
3.01044,0.015861
3.01194,0.0158597
3.01344,0.0158582
3.01494,0.0158565
3.01644,0.0158546
3.01794,0.0158524
3.01944,0.0158501
3.02094,0.0158476
3.02244,0.0158449
3.02394,0.015842
3.02544,0.0158389
3.02694,0.0158356
3.02844,0.0158321
3.02994,0.0158285
3.03144,0.0158246
3.03294,0.0158206
3.03444,0.0158165
3.03594,0.0158123
3.03744,0.015808
3.03894,0.0158037
3.04044,0.0157994
3.04194,0.015795
3.04344,0.0157906
3.04494,0.0157862
3.04644,0.0157817
3.04794,0.0157772
3.04944,0.0157727
3.05094,0.0157681
3.05244,0.0157637
3.05394,0.0157593
3.05544,0.015755
3.05694,0.0157508
3.05844,0.0157466
3.05994,0.0157426
3.06143,0.0157386
3.06293,0.0157347
3.06443,0.0157308
3.06593,0.0157271
3.06743,0.0157234
3.06893,0.0157198
3.07043,0.0157163
3.07193,0.0157128
3.07343,0.0157109
3.07493,0.0157202
3.07643,0.0157293
3.07793,0.0157382
3.07943,0.015747
3.08093,0.0157557
3.08243,0.0157642
3.08393,0.0157726
3.08543,0.0157809
3.08693,0.0157891
3.08843,0.0157971
3.08993,0.015805
3.09143,0.0158128
3.09293,0.0158204
3.09443,0.0158279
3.09593,0.0158353
3.09743,0.0158425
3.09893,0.0158495
3.10043,0.0158565
3.10193,0.0158633
3.10343,0.0158699
3.10493,0.0158764
3.10643,0.0158828
3.10793,0.0158891
3.10943,0.0158952
3.11093,0.0159012
3.11243,0.015907
3.11393,0.0159127
3.11543,0.0159183
3.11693,0.0159238
3.11843,0.0159291
3.11993,0.0159343
3.12143,0.0159394
3.12293,0.0159443
3.12443,0.0159491
3.12593,0.0159538
3.12743,0.0159584
3.12893,0.0159628
3.13043,0.0159671
3.13193,0.0159713
3.13343,0.0159754
3.13493,0.0159794
3.13643,0.0159832
3.13793,0.015987
3.13943,0.0159906
3.14093,0.0159941
3.14243,0.0159974
3.14393,0.0160007
3.14543,0.0160038
3.14693,0.0160069
3.14843,0.0160098
3.14993,0.0160125
3.15143,0.0160152
3.15293,0.0160178
3.15443,0.0160202
3.15593,0.0160226
3.15743,0.0160248
3.15893,0.0160269
3.16043,0.0160289
3.16193,0.0160308
3.16343,0.0160326
3.16493,0.0160343
3.16643,0.0160358
3.16793,0.0160373
3.16943,0.0160387
3.17093,0.01604
3.17243,0.0160411
3.17393,0.0160422
3.17543,0.0160431
3.17693,0.016044
3.17843,0.0160447
3.17993,0.0160454
3.18143,0.016046
3.18293,0.0160465
3.18443,0.0160468
3.18593,0.0160471
3.18743,0.0160473
3.18893,0.0160475
3.19043,0.0160475
3.19193,0.0160475
3.19343,0.0160473
3.19493,0.0160471
3.19643,0.0160469
3.19793,0.0160465
3.19942,0.0160461
3.20092,0.0160456
3.20242,0.0160451
3.20392,0.0160446
3.20542,0.0160439
3.20692,0.0160433
3.20842,0.0160426
3.20992,0.0160419
3.21142,0.0160411
3.21292,0.0160404
3.21442,0.0160396
3.21592,0.0160387
3.21742,0.0160379
3.21892,0.016037
3.22042,0.0160361
3.22192,0.0160352
3.22342,0.0160343
3.22492,0.0160334
3.22642,0.0160324
3.22792,0.0160315
3.22942,0.0160305
3.23092,0.0160296
3.23242,0.0160286
3.23392,0.0160294
3.23542,0.0160339
3.23692,0.0160383
3.23842,0.0160426
3.23992,0.0160468
3.24142,0.0160509
3.24292,0.0160549
3.24442,0.0160589
3.24592,0.0160627
3.24742,0.0160664
3.24892,0.0160701
3.25042,0.0160736
3.25192,0.016077
3.25342,0.0160803
3.25492,0.0160835
3.25642,0.0160866
3.25792,0.0160896
3.25942,0.0160924
3.26092,0.0160952
3.26242,0.0160978
3.26392,0.0161003
3.26542,0.0161026
3.26692,0.0161049
3.26842,0.016107
3.26992,0.016109
3.27142,0.0161108
3.27292,0.0161126
3.27442,0.0161142
3.27592,0.0161157
3.27742,0.016117
3.27892,0.0161182
3.28042,0.0161193
3.28192,0.0161203
3.28342,0.0161211
3.28492,0.0161218
3.28642,0.0161224
3.28792,0.0161228
3.28942,0.0161232
3.29092,0.0161234
3.29242,0.0161234
3.29392,0.0161234
3.29542,0.0161232
3.29692,0.0161229
3.29842,0.0161225
3.29992,0.0161219
3.30142,0.0161213
3.30292,0.0161205
3.30442,0.0161196
3.30592,0.0161186
3.30742,0.0161175
3.30892,0.0161163
3.31042,0.0161151
3.31192,0.0161139
3.31342,0.0161127
3.31492,0.0161116
3.31642,0.0161105
3.31792,0.0161093
3.31942,0.0161082
3.32092,0.0161072
3.32242,0.0161061
3.32392,0.0161072
3.32542,0.0161115
3.32692,0.0161155
3.32842,0.0161194
3.32992,0.0161231
3.33142,0.0161267
3.33292,0.01613
3.33442,0.0161331
3.33592,0.0161361
3.33741,0.0161388
3.33891,0.0161413
3.34041,0.0161436
3.34191,0.0161457
3.34341,0.0161475
3.34491,0.0161492
3.34641,0.0161506
3.34791,0.0161518
3.34941,0.0161527
3.35091,0.0161534
3.35241,0.0161539
3.35391,0.0161542
3.35541,0.0161542
3.35691,0.016154
3.35841,0.0161536
3.35991,0.0161529
3.36141,0.016152
3.36291,0.0161508
3.36441,0.0161495
3.36591,0.0161479
3.36741,0.016146
3.36891,0.016144
3.37041,0.0161417
3.37191,0.0161391
3.37341,0.0161365
3.37491,0.0161339
3.37641,0.0161313
3.37791,0.0161288
3.37941,0.0161263
3.38091,0.0161239
3.38241,0.0161215
3.38391,0.0161191
3.38541,0.0161167
3.38691,0.0161144
3.38841,0.0161121
3.38991,0.0161098
3.39141,0.0161076
3.39291,0.0161054
3.39441,0.0161031
3.39591,0.0161009
3.39741,0.0160988
3.39891,0.0160966
3.40041,0.0160944
3.40191,0.0160923
3.40341,0.0160902
3.40491,0.016088
3.40641,0.0160859
3.40791,0.0160838
3.40941,0.0160817
3.41091,0.0160796
3.41241,0.0160774
3.41391,0.0160753
3.41541,0.0160732
3.41691,0.0160711
3.41841,0.0160689
3.41991,0.0160668
3.42141,0.0160646
3.42291,0.0160626
3.42441,0.0160623
3.42591,0.016062
3.42741,0.0160617
3.42891,0.0160614
3.43041,0.0160612
3.43191,0.0160609
3.43341,0.0160607
3.43491,0.0160604
3.43641,0.0160602
3.43791,0.0160599
3.43941,0.0160597
3.44091,0.0160595
3.44241,0.0160593
3.44391,0.0160591
3.44541,0.0160589
3.44691,0.0160587
3.44841,0.0160585
3.44991,0.0160583
3.45141,0.0160582
3.45291,0.016058
3.45441,0.0160578
3.45591,0.0160577
3.45741,0.0160576
3.45891,0.0160574
3.46041,0.0160573
3.46191,0.0160572
3.46341,0.0160571
3.46491,0.016057
3.46641,0.0160569
3.46791,0.0160568
3.46941,0.0160567
3.47091,0.0160566
3.47241,0.0160565
3.47391,0.0160565
3.4754,0.0160564
3.4769,0.0160564
3.4784,0.0160563
3.4799,0.0160563
3.4814,0.0160562
3.4829,0.0160562
3.4844,0.0160562
3.4859,0.0160562
3.4874,0.0160562
3.4889,0.0160561
3.4904,0.0160562
3.4919,0.0160562
3.4934,0.0160562
3.4949,0.0160562
3.4964,0.0160562
3.4979,0.0160562
3.4994,0.0160563
3.5009,0.0160563
3.5024,0.0160564
3.5039,0.0160564
3.5054,0.0160565
3.5069,0.0160565
3.5084,0.0160566
3.5099,0.0160567
3.5114,0.0160567
3.5129,0.0160568
3.5144,0.0160569
3.5159,0.016057
3.5174,0.0160571
3.5189,0.0160572
3.5204,0.0160573
3.5219,0.0160574
3.5234,0.0160575
3.5249,0.0160577
3.5264,0.0160578
3.5279,0.0160579
3.5294,0.0160581
3.5309,0.0160582
3.5324,0.0160584
3.5339,0.0160585
3.5354,0.0160587
3.5369,0.0160588
3.5384,0.016059
3.5399,0.0160592
3.5414,0.0160593
3.5429,0.0160595
3.5444,0.0160597
3.5459,0.0160599
3.5474,0.0160601
3.5489,0.0160603
3.5504,0.0160605
3.5519,0.0160607
3.5534,0.0160609
3.5549,0.0160611
3.5564,0.0160613
3.5579,0.0160615
3.5594,0.0160618
3.5609,0.016062
3.5624,0.0160622
3.5639,0.0160625
3.5654,0.0160627
3.5669,0.016063
3.5684,0.0160632
3.5699,0.0160635
3.5714,0.0160637
3.5729,0.016064
3.5744,0.0160642
3.5759,0.0160645
3.5774,0.0160648
3.5789,0.0160651
3.5804,0.0160653
3.5819,0.0160656
3.5834,0.0160659
3.5849,0.0160662
3.5864,0.0160665
3.5879,0.0160668
3.5894,0.0160671
3.5909,0.0160674
3.5924,0.0160677
3.5939,0.016068
3.5954,0.0160683
3.5969,0.0160687
3.5984,0.016069
3.5999,0.0160693
3.6014,0.0160697
3.6029,0.01607
3.6044,0.0160703
3.6059,0.0160707
3.6074,0.016071
3.6089,0.0160714
3.6104,0.0160717
3.6119,0.0160721
3.61339,0.0160724
3.61489,0.0160728
3.61639,0.0160732
3.61789,0.0160735
3.61939,0.0160739
3.62089,0.0160743
3.62239,0.0160747
3.62389,0.016075
3.62539,0.0160754
3.62689,0.0160758
3.62839,0.0160762
3.62989,0.0160766
3.63139,0.016077
3.63289,0.0160774
3.63439,0.0160778
3.63589,0.0160782
3.63739,0.0160786
3.63889,0.0160791
3.64039,0.0160795
3.64189,0.0160799
3.64339,0.0160803
3.64489,0.0160808
3.64639,0.0160812
3.64789,0.0160816
3.64939,0.0160821
3.65089,0.0160825
3.65239,0.016083
3.65389,0.0160834
3.65539,0.0160839
3.65689,0.0160843
3.65839,0.0160848
3.65989,0.0160852
3.66139,0.0160857
3.66289,0.0160862
3.66439,0.0160866
3.66589,0.0160871
3.66739,0.0160876
3.66889,0.0160881
3.67039,0.0160886
3.67189,0.016089
3.67339,0.0160895
3.67489,0.01609
3.67639,0.0160905
3.67789,0.016091
3.67939,0.0160915
3.68089,0.016092
3.68239,0.0160925
3.68389,0.016093
3.68539,0.0160936
3.68689,0.0160941
3.68839,0.0160946
3.68989,0.0160951
3.69139,0.0160956
3.69289,0.0160962
3.69439,0.0160967
3.69589,0.0160972
3.69739,0.0160978
3.69889,0.0160983
3.70039,0.0160989
3.70189,0.0160994
3.70339,0.0161
3.70489,0.0161005
3.70639,0.0161011
3.70789,0.0161016
3.70939,0.0161022
3.71089,0.0161027
3.71239,0.0161033
3.71389,0.0161039
3.71539,0.0161044
3.71689,0.016105
3.71839,0.0161056
3.71989,0.0161062
3.72139,0.0161067
3.72289,0.0161073
3.72439,0.0161079
3.72589,0.0161085
3.72739,0.0161091
3.72889,0.0161097
3.73039,0.0161103
3.73189,0.0161109
3.73339,0.0161115
3.73489,0.0161121
3.73639,0.0161127
3.73789,0.0161133
3.73939,0.0161139
3.74089,0.0161145
3.74239,0.0161152
3.74389,0.0161158
3.74539,0.0161164
3.74689,0.016117
3.74839,0.0161177
3.74989,0.0161183
3.75138,0.0161189
3.75288,0.0161195
3.75438,0.0161202
3.75588,0.0161208
3.75738,0.0161215
3.75888,0.0161221
3.76038,0.0161228
3.76188,0.0161234
3.76338,0.0161241
3.76488,0.0161247
3.76638,0.0161254
3.76788,0.016126
3.76938,0.0161267
3.77088,0.0161273
3.77238,0.016128
3.77388,0.0161287
3.77538,0.0161293
3.77688,0.01613
3.77838,0.0161307
3.77988,0.0161314
3.78138,0.016132
3.78288,0.0161327
3.78438,0.0161334
3.78588,0.0161341
3.78738,0.0161348
3.78888,0.0161355
3.79038,0.0161362
3.79188,0.0161369
3.79338,0.0161375
3.79488,0.0161382
3.79638,0.0161389
3.79788,0.0161396
3.79938,0.0161404
3.80088,0.0161411
3.80238,0.0161418
3.80388,0.0161425
3.80538,0.0161432
3.80688,0.0161439
3.80838,0.0161446
3.80988,0.0161453
3.81138,0.0161461
3.81288,0.0161468
3.81438,0.0161475
3.81588,0.0161482
3.81738,0.016149
3.81888,0.0161497
3.82038,0.0161504
3.82188,0.0161512
3.82338,0.0161519
3.82488,0.0161527
3.82638,0.0161534
3.82788,0.0161542
3.82938,0.0161549
3.83088,0.0161556
3.83238,0.0161564
3.83388,0.0161572
3.83538,0.0161579
3.83688,0.0161587
3.83838,0.0161594
3.83988,0.0161602
3.84138,0.016161
3.84288,0.0161617
3.84438,0.0161625
3.84588,0.0161633
3.84738,0.016164
3.84888,0.0161648
3.85038,0.0161656
3.85188,0.0161663
3.85338,0.0161671
3.85488,0.0161679
3.85638,0.0161687
3.85788,0.0161695
3.85938,0.0161703
3.86088,0.0161711
3.86238,0.0161718
3.86388,0.0161726
3.86538,0.0161734
3.86688,0.0161742
3.86838,0.016175
3.86988,0.0161758
3.87138,0.0161766
3.87288,0.0161774
3.87438,0.0161783
3.87588,0.0161791
3.87738,0.0161799
3.87888,0.0161807
3.88038,0.0161815
3.88188,0.0161823
3.88338,0.0161831
3.88488,0.016184
3.88638,0.0161848
3.88788,0.0161856
3.88937,0.0161864
3.89087,0.0161873
3.89237,0.0161881
3.89387,0.0161889
3.89537,0.0161898
3.89687,0.0161906
3.89837,0.0161914
3.89987,0.0161923
3.90137,0.0161931
3.90287,0.016194
3.90437,0.0161948
3.90587,0.0161957
3.90737,0.0161965
3.90887,0.0161974
3.91037,0.0161982
3.91187,0.0161991
3.91337,0.0161999
3.91487,0.0162008
3.91637,0.0162016
3.91787,0.0162025
3.91937,0.0162034
3.92087,0.0162042
3.92237,0.0162051
3.92387,0.016206
3.92537,0.0162069
3.92687,0.0162077
3.92837,0.0162086
3.92987,0.0162095
3.93137,0.0162104
3.93287,0.0162113
3.93437,0.0162121
3.93587,0.016213
3.93737,0.0162139
3.93887,0.0162148
3.94037,0.0162157
3.94187,0.0162166
3.94337,0.0162175
3.94487,0.0162184
3.94637,0.0162193
3.94787,0.0162202
3.94937,0.0162211
3.95087,0.016222
3.95237,0.0162229
3.95387,0.0162238
3.95537,0.0162247
3.95687,0.0162257
3.95837,0.0162266
3.95987,0.0162275
3.96137,0.0162284
3.96287,0.0162293
3.96437,0.0162303
3.96587,0.0162312
3.96737,0.0162321
3.96887,0.016233
3.97037,0.016234
3.97187,0.0162349
3.97337,0.0162358
3.97487,0.0162368
3.97637,0.0162377
3.97787,0.0162387
3.97937,0.0162396
3.98087,0.0162406
3.98237,0.0162415
3.98387,0.0162425
3.98537,0.0162434
3.98687,0.0162444
3.98837,0.0162453
3.98987,0.0162463
3.99137,0.0162472
3.99287,0.0162482
3.99437,0.0162492
3.99587,0.0162501
3.99737,0.0162511
3.99887,0.0162521
4.00037,0.016253
4.00187,0.016254
4.00337,0.016255
4.00487,0.016256
4.00637,0.0162569
4.00787,0.0162579
4.00937,0.0162589
4.01087,0.0162599
4.01237,0.0162609
4.01387,0.0162619
4.01537,0.0162629
4.01687,0.0162639
4.01837,0.0162649
4.01987,0.0162658
4.02137,0.0162668
4.02287,0.0162678
4.02437,0.0162689
4.02587,0.0162699
4.02737,0.0162709
4.02887,0.0162719
4.03037,0.0162729
4.03187,0.0162739
4.03337,0.0162749
4.03487,0.0162759
4.03637,0.016277
4.03787,0.016278
4.03937,0.016279
4.04087,0.01628
4.04237,0.0162811
4.04387,0.0162821
4.04537,0.0162831
4.04687,0.0162842
4.04837,0.0162852
4.04987,0.0162862
4.05137,0.0162873
4.05287,0.0162883
4.05437,0.0162894
4.05587,0.0162904
4.05737,0.0162914
4.05887,0.0162925
4.06037,0.0162935
4.06187,0.0162946
4.06337,0.0162957
4.06487,0.0162967
4.06637,0.0162978
4.06787,0.0162988
4.06937,0.0162999
4.07087,0.016301
4.07237,0.016302
4.07387,0.0163031
4.07537,0.0163042
4.07687,0.0163053
4.07837,0.0163063
4.07987,0.0163074
4.08137,0.0163085
4.08287,0.0163096
4.08437,0.0163107
4.08587,0.0163117
4.08737,0.0163128
4.08887,0.0163139
4.09037,0.016315
4.09188,0.0163161
4.09338,0.0163172
4.09488,0.0163183
4.09638,0.0163194
4.09788,0.0163205
4.09938,0.0163216
4.10088,0.0163227
4.10238,0.0163238
4.10388,0.0163249
4.10538,0.0163261
4.10688,0.0163272
4.10838,0.0163283
4.10988,0.0163294
4.11138,0.0163305
4.11288,0.0163316
4.11438,0.0163328
4.11588,0.0163339
4.11738,0.016335
4.11888,0.0163362
4.12038,0.0163373
4.12188,0.0163384
4.12338,0.0163396
4.12488,0.0163407
4.12638,0.0163418
4.12788,0.016343
4.12938,0.0163441
4.13088,0.0163453
4.13238,0.0163464
4.13388,0.0163476
4.13538,0.0163487
4.13688,0.0163499
4.13838,0.0163511
4.13988,0.0163522
4.14138,0.0163534
4.14288,0.0163545
4.14438,0.0163557
4.14588,0.0163569
4.14738,0.0163581
4.14888,0.0163592
4.15038,0.0163604
4.15188,0.0163616
4.15338,0.0163631
4.15488,0.0163648
4.15638,0.0163665
4.15788,0.0163683
4.15938,0.01637
4.16088,0.0163718
4.16238,0.0163735
4.16388,0.0163752
4.16538,0.016377
4.16688,0.0163787
4.16838,0.0163805
4.16988,0.0163822
4.17138,0.016384
4.17288,0.0163857
4.17438,0.0163875
4.17588,0.0163892
4.17738,0.016391
4.17888,0.0163927
4.18038,0.0163945
4.18188,0.0163962
4.18338,0.016398
4.18488,0.0163997
4.18638,0.0164015
4.18788,0.0164033
4.18938,0.016405
4.19088,0.0164068
4.19238,0.0164085
4.19388,0.0164103
4.19538,0.0164121
4.19688,0.0164139
4.19838,0.0164156
4.19988,0.0164174
4.20138,0.0164192
4.20288,0.0164209
4.20438,0.0164227
4.20588,0.0164245
4.20739,0.0164263
4.20889,0.0164281
4.21039,0.0164298
4.21189,0.0164316
4.21339,0.0164334
4.21489,0.0164352
4.21639,0.016437
4.21789,0.0164388
4.21939,0.0164406
4.22089,0.0164423
4.22239,0.0164441
4.22389,0.0164459
4.22539,0.0164477
4.22689,0.0164495
4.22839,0.0164513
4.22989,0.0164531
4.23139,0.0164549
4.23289,0.0164567
4.23439,0.0164585
4.23589,0.0164603
4.23739,0.0164621
4.23889,0.0164639
4.24039,0.0164657
4.24189,0.0164675
4.24339,0.0164694
4.24489,0.0164712
4.24639,0.016473
4.24789,0.0164748
4.24939,0.0164766
4.25089,0.0164784
4.25239,0.0164802
4.25389,0.0164821
4.25539,0.0164839
4.25689,0.0164857
4.25839,0.0164875
4.25989,0.0164893
4.26139,0.0164912
4.26289,0.016493
4.26439,0.0164948
4.26589,0.0164967
4.26739,0.0164985
4.26889,0.0165003
4.27039,0.0165021
4.27189,0.016504
4.27339,0.0165058
4.27489,0.0165076
4.27639,0.0165095
4.27789,0.0165113
4.27939,0.0165132
4.28089,0.016515
4.28239,0.0165169
4.28389,0.0165187
4.28539,0.0165205
4.28689,0.0165224
4.28839,0.0165242
4.28989,0.0165261
4.29139,0.0165279
4.29289,0.0165298
4.29439,0.0165316
4.29589,0.0165335
4.29739,0.0165353
4.29889,0.0165372
4.30039,0.0165391
4.30189,0.0165409
4.30339,0.0165428
4.30489,0.0165446
4.30639,0.0165465
4.30789,0.0165484
4.30939,0.0165502
4.31089,0.0165521
4.31239,0.016554
4.31389,0.0165558
4.31539,0.0165577
4.31689,0.0165596
4.31839,0.0165615
4.31989,0.0165633
4.32139,0.0165652
4.3229,0.0165671
4.3244,0.016569
4.3259,0.0165708
4.3274,0.0165727
4.3289,0.0165746
4.3304,0.0165765
4.3319,0.0165784
4.3334,0.0165803
4.3349,0.0165821
4.3364,0.016584
4.3379,0.0165859
4.3394,0.0165878
4.3409,0.0165897
4.3424,0.0165916
4.3439,0.0165935
4.3454,0.0165954
4.3469,0.0165973
4.3484,0.0165992
4.3499,0.0166011
4.3514,0.016603
4.3529,0.0166049
4.3544,0.0166068
4.3559,0.0166087
4.3574,0.0166106
4.3589,0.0166125
4.3604,0.0166144
4.3619,0.0166163
4.3634,0.0166182
4.3649,0.0166201
4.3664,0.016622
4.3679,0.0166239
4.3694,0.0166259
4.3709,0.0166278
4.3724,0.0166297
4.3739,0.0166316
4.3754,0.0166335
4.3769,0.0166354
4.3784,0.0166374
4.3799,0.0166393
4.3814,0.0166412
4.3829,0.0166431
4.3844,0.0166451
4.3859,0.016647
4.3874,0.0166489
4.3889,0.0166508
4.3904,0.0166528
4.3919,0.0166547
4.3934,0.0166566
4.3949,0.0166586
4.3964,0.0166605
4.3979,0.0166625
4.3994,0.0166644
4.4009,0.0166663
4.4024,0.0166683
4.4039,0.0166702
4.4054,0.0166722
4.4069,0.0166741
4.4084,0.016676
4.4099,0.016678
4.4114,0.0166799
4.4129,0.0166819
4.4144,0.0166838
4.4159,0.0166858
4.4174,0.0166877
4.4189,0.0166897
4.4204,0.0166916
4.4219,0.0166936
4.4234,0.0166956
4.4249,0.0166975
4.4264,0.0166995
4.4279,0.0167014
4.4294,0.0167034
4.4309,0.0167054
4.4324,0.0167073
4.4339,0.0167093
4.4354,0.0167113
4.4369,0.0167132
4.43841,0.0167152
4.43991,0.0167172
4.44141,0.0167191
4.44291,0.0167211
4.44441,0.0167231
4.44591,0.0167251
4.44741,0.016727
4.44891,0.016729
4.45041,0.016731
4.45191,0.016733
4.45341,0.0167349
4.45491,0.0167369
4.45641,0.0167389
4.45791,0.0167409
4.45941,0.0167429
4.46091,0.0167449
4.46241,0.0167468
4.46391,0.0167488
4.46541,0.0167508
4.46691,0.0167528
4.46841,0.0167548
4.46991,0.0167568
4.47141,0.0167588
4.47291,0.0167608
4.47441,0.0167628
4.47591,0.0167648
4.47741,0.0167668
4.47891,0.0167688
4.48041,0.0167708
4.48191,0.0167728
4.48341,0.0167748
4.48491,0.0167768
4.48641,0.0167788
4.48791,0.0167808
4.48941,0.0167828
4.49091,0.0167848
4.49241,0.0167868
4.49391,0.0167888
4.49541,0.0167908
4.49691,0.0167928
4.49841,0.0167949
4.49991,0.0167969
4.50141,0.0167989
4.50291,0.0168009
4.50441,0.0168029
4.50591,0.0168049
4.50741,0.016807
4.50891,0.016809
4.51041,0.016811
4.51191,0.016813
4.51341,0.0168151
4.51491,0.0168171
4.51641,0.0168191
4.51791,0.0168211
4.51941,0.0168232
4.52091,0.0168252
4.52241,0.0168272
4.52391,0.0168293
4.52541,0.0168313
4.52691,0.0168333
4.52841,0.0168354
4.52991,0.0168374
4.53141,0.0168395
4.53291,0.0168415
4.53441,0.0168435
4.53591,0.0168456
4.53741,0.0168476
4.53891,0.0168497
4.54041,0.0168517
4.54191,0.0168538
4.54341,0.0168558
4.54491,0.0168579
4.54641,0.0168599
4.54791,0.016862
4.54941,0.016864
4.55091,0.0168661
4.55241,0.0168681
4.55392,0.0168702
4.55542,0.0168722
4.55692,0.0168743
4.55842,0.0168763
4.55992,0.0168784
4.56142,0.0168805
4.56292,0.0168825
4.56442,0.0168846
4.56592,0.0168867
4.56742,0.0168887
4.56892,0.0168908
4.57042,0.0168929
4.57192,0.0168949
4.57342,0.016897
4.57492,0.0168991
4.57642,0.0169011
4.57792,0.0169032
4.57942,0.0169053
4.58092,0.0169074
4.58242,0.0169094
4.58392,0.0169115
4.58542,0.0169136
4.58692,0.0169157
4.58842,0.0169177
4.58992,0.0169198
4.59142,0.0169219
4.59292,0.016924
4.59442,0.0169261
4.59592,0.0169282
4.59742,0.0169303
4.59892,0.0169323
4.60042,0.0169344
4.60192,0.0169365
4.60342,0.0169386
4.60492,0.0169407
4.60642,0.0169428
4.60792,0.0169449
4.60942,0.016947
4.61092,0.0169491
4.61242,0.0169512
4.61392,0.0169533
4.61542,0.0169554
4.61692,0.0169575
4.61842,0.0169596
4.61992,0.0169617
4.62142,0.0169638
4.62292,0.0169659
4.62442,0.016968
4.62592,0.0169701
4.62742,0.0169722
4.62892,0.0169743
4.63042,0.0169765
4.63192,0.0169786
4.63342,0.0169807
4.63492,0.0169828
4.63642,0.0169849
4.63792,0.016987
4.63942,0.0169892
4.64092,0.0169913
4.64242,0.0169934
4.64392,0.0169955
4.64542,0.0169976
4.64692,0.0169998
4.64842,0.0170019
4.64992,0.017004
4.65142,0.0170061
4.65292,0.0170083
4.65442,0.0170104
4.65592,0.0170125
4.65742,0.0170147
4.65892,0.0170168
4.66042,0.0170189
4.66192,0.0170211
4.66342,0.0170232
4.66492,0.0170253
4.66642,0.0170275
4.66792,0.0170296
4.66943,0.0170317
4.67093,0.0170339
4.67243,0.017036
4.67393,0.0170382
4.67543,0.0170403
4.67693,0.0170425
4.67843,0.0170446
4.67993,0.0170468
4.68143,0.0170489
4.68293,0.0170511
4.68443,0.0170532
4.68593,0.0170554
4.68743,0.0170575
4.68893,0.0170597
4.69043,0.0170618
4.69193,0.017064
4.69343,0.0170661
4.69493,0.0170683
4.69643,0.0170705
4.69793,0.0170726
4.69943,0.0170748
4.70093,0.0170769
4.70243,0.0170791
4.70393,0.0170813
4.70543,0.0170834
4.70693,0.0170856
4.70843,0.0170878
4.70993,0.0170899
4.71143,0.0170921
4.71293,0.0170943
4.71443,0.0170965
4.71593,0.0170986
4.71743,0.0171008
4.71893,0.017103
4.72043,0.0171052
4.72193,0.0171073
4.72343,0.0171095
4.72493,0.0171117
4.72643,0.0171139
4.72793,0.0171161
4.72943,0.0171183
4.73093,0.0171204
4.73243,0.0171226
4.73393,0.0171248
4.73543,0.017127
4.73693,0.0171292
4.73843,0.0171314
4.73993,0.0171336
4.74143,0.0171358
4.74293,0.017138
4.74443,0.0171401
4.74593,0.0171423
4.74743,0.0171445
4.74893,0.0171467
4.75043,0.0171489
4.75193,0.0171511
4.75343,0.0171533
4.75493,0.0171555
4.75643,0.0171577
4.75793,0.0171599
4.75943,0.0171621
4.76093,0.0171644
4.76243,0.0171666
4.76393,0.0171688
4.76543,0.017171
4.76693,0.0171732
4.76843,0.0171754
4.76993,0.0171776
4.77143,0.0171798
4.77293,0.017182
4.77443,0.0171843
4.77593,0.0171865
4.77743,0.0171887
4.77893,0.0171909
4.78043,0.0171931
4.78193,0.0171954
4.78343,0.0171976
4.78493,0.0171998
4.78644,0.017202
4.78794,0.0172043
4.78944,0.0172065
4.79094,0.0172087
4.79244,0.0172109
4.79394,0.0172132
4.79544,0.0172154
4.79694,0.0172176
4.79844,0.0172199
4.79994,0.0172221
4.80144,0.0172243
4.80294,0.0172266
4.80444,0.0172288
4.80594,0.0172311
4.80744,0.0172333
4.80894,0.0172355
4.81044,0.0172378
4.81194,0.01724
4.81344,0.0172423
4.81494,0.0172445
4.81644,0.0172468
4.81794,0.017249
4.81944,0.0172513
4.82094,0.0172535
4.82244,0.0172558
4.82394,0.017258
4.82544,0.0172603
4.82694,0.0172625
4.82844,0.0172648
4.82994,0.017267
4.83144,0.0172693
4.83294,0.0172715
4.83444,0.0172738
4.83594,0.0172761
4.83744,0.0172783
4.83894,0.0172806
4.84044,0.0172829
4.84194,0.0172851
4.84344,0.0172874
4.84494,0.0172897
4.84644,0.0172919
4.84794,0.0172942
4.84944,0.0172965
4.85094,0.0172987
4.85244,0.017301
4.85394,0.0173033
4.85544,0.0173056
4.85694,0.0173078
4.85844,0.0173101
4.85994,0.0173124
4.86144,0.0173147
4.86294,0.017317
4.86444,0.0173192
4.86594,0.0173215
4.86744,0.0173238
4.86894,0.0173261
4.87044,0.0173284
4.87194,0.0173307
4.87344,0.017333
4.87494,0.0173352
4.87644,0.0173375
4.87794,0.0173398
4.87944,0.0173421
4.88094,0.0173444
4.88244,0.0173467
4.88394,0.017349
4.88544,0.0173513
4.88694,0.0173536
4.88844,0.0173559
4.88994,0.0173582
4.89144,0.0173605
4.89294,0.0173628
4.89444,0.0173651
4.89594,0.0173674
4.89744,0.0173697
4.89894,0.017372
4.90044,0.0173743
4.90195,0.0173767
4.90345,0.017379
4.90495,0.0173813
4.90645,0.0173836
4.90795,0.0173859
4.90945,0.0173882
4.91095,0.0173905
4.91245,0.0173928
4.91395,0.0173952
4.91545,0.0173975
4.91695,0.0173998
4.91845,0.0174021
4.91995,0.0174045
4.92145,0.0174068
4.92295,0.0174091
4.92445,0.0174114
4.92595,0.0174138
4.92745,0.0174161
4.92895,0.0174184
4.93045,0.0174207
4.93195,0.0174231
4.93345,0.0174254
4.93495,0.017428
4.93645,0.0174308
4.93795,0.0174336
4.93945,0.0174363
4.94095,0.0174391
4.94245,0.0174419
4.94395,0.0174447
4.94545,0.0174475
4.94695,0.0174503
4.94845,0.0174531
4.94995,0.0174558
4.95145,0.0174586
4.95295,0.0174614
4.95445,0.0174642
4.95595,0.017467
4.95745,0.0174698
4.95895,0.0174726
4.96045,0.0174754
4.96195,0.0174782
4.96345,0.017481
4.96495,0.0174838
4.96645,0.0174866
4.96795,0.0174895
4.96945,0.0174923
4.97095,0.0174951
4.97245,0.0174979
4.97395,0.0175007
4.97545,0.0175035
4.97695,0.0175063
4.97845,0.0175092
4.97995,0.017512
4.98145,0.0175148
4.98295,0.0175176
4.98445,0.0175205
4.98595,0.0175233
4.98745,0.0175261
4.98895,0.017529
4.99045,0.0175318
4.99195,0.0175346
4.99345,0.0175375
4.99495,0.0175403
4.99645,0.0175432
4.99795,0.017546
4.99945,0.0175488
5.00095,0.0175517
5.00245,0.0175545
5.00395,0.0175574
5.00545,0.0175602
5.00695,0.0175631
5.00845,0.0175659
5.00995,0.0175688
5.01145,0.0175716
5.01295,0.0175745
5.01445,0.0175774
5.01595,0.0175802
5.01746,0.0175831
5.01896,0.0175859
5.02046,0.0175888
5.02196,0.0175917
5.02346,0.0175945
5.02496,0.0175974
5.02646,0.0176003
5.02796,0.0176032
5.02946,0.017606
5.03096,0.0176089
5.03246,0.0176118
5.03396,0.0176147
5.03546,0.0176175
5.03696,0.0176204
5.03846,0.0176233
5.03996,0.0176262
5.04146,0.0176291
5.04296,0.017632
5.04446,0.0176348
5.04596,0.0176377
5.04746,0.0176406
5.04896,0.0176435
5.05046,0.0176464
5.05196,0.0176493
5.05346,0.0176522
5.05496,0.0176551
5.05646,0.017658
5.05796,0.0176609
5.05946,0.0176638
5.06096,0.0176667
5.06246,0.0176696
5.06396,0.0176725
5.06546,0.0176755
5.06696,0.0176784
5.06846,0.0176813
5.06996,0.0176842
5.07146,0.0176871
5.07296,0.01769
5.07446,0.0176929
5.07596,0.0176959
5.07746,0.0176988
5.07896,0.0177017
5.08046,0.0177046
5.08196,0.0177076
5.08346,0.0177105
5.08496,0.0177134
5.08646,0.0177163
5.08796,0.0177193
5.08946,0.0177222
5.09096,0.0177251
5.09246,0.0177281
5.09396,0.017731
5.09546,0.0177339
5.09696,0.0177369
5.09846,0.0177398
5.09996,0.0177428
5.10146,0.0177457
5.10296,0.0177487
5.10446,0.0177516
5.10596,0.0177546
5.10746,0.0177575
5.10896,0.0177605
5.11046,0.0177634
5.11196,0.0177664
5.11346,0.0177693
5.11496,0.0177723
5.11646,0.0177752
5.11796,0.0177782
5.11946,0.0177812
5.12096,0.0177841
5.12246,0.0177871
5.12396,0.01779
5.12546,0.017793
5.12696,0.017796
5.12846,0.0177989
5.12996,0.0178019
5.13146,0.0178049
5.13297,0.0178079
5.13447,0.0178108
5.13597,0.0178138
5.13747,0.0178168
5.13897,0.0178198
5.14047,0.0178227
5.14197,0.0178257
5.14347,0.0178287
5.14497,0.0178317
5.14647,0.0178347
5.14797,0.0178377
5.14947,0.0178407
5.15097,0.0178436
5.15247,0.0178466
5.15397,0.0178496
5.15547,0.0178526
5.15697,0.0178556
5.15847,0.0178586
5.15997,0.0178616
5.16147,0.0178646
5.16297,0.0178676
5.16447,0.0178706
5.16597,0.0178736
5.16747,0.0178766
5.16897,0.0178796
5.17047,0.0178826
5.17197,0.0178856
5.17347,0.0178886
5.17497,0.0178916
5.17647,0.0178947
5.17797,0.0178977
5.17947,0.0179007
5.18097,0.0179037
5.18247,0.0179067
5.18397,0.0179097
5.18547,0.0179127
5.18697,0.0179158
5.18847,0.0179188
5.18997,0.0179218
5.19147,0.0179248
5.19297,0.0179279
5.19447,0.0179309
5.19597,0.0179339
5.19747,0.0179369
5.19897,0.01794
5.20047,0.017943
5.20197,0.017946
5.20347,0.0179491
5.20497,0.0179521
5.20647,0.0179551
5.20797,0.0179582
5.20947,0.0179612
5.21097,0.0179643
5.21247,0.0179673
5.21397,0.0179703
5.21547,0.0179734
5.21697,0.0179764
5.21847,0.0179795
5.21997,0.0179825
5.22147,0.0179856
5.22297,0.0179886
5.22447,0.0179917
5.22597,0.0179947
5.22747,0.0179978
5.22897,0.0180008
5.23047,0.0180039
5.23197,0.0180069
5.23347,0.01801
5.23497,0.0180131
5.23647,0.0180161
5.23797,0.0180192
5.23947,0.0180222
5.24097,0.0180253
5.24247,0.0180284
5.24397,0.0180314
5.24547,0.0180345
5.24697,0.0180376
5.24848,0.0180406
5.24998,0.0180437
5.25148,0.0180468
5.25298,0.0180499
5.25448,0.0180529
5.25598,0.018056
5.25748,0.0180591
5.25898,0.0180622
5.26048,0.0180652
5.26198,0.0180683
5.26348,0.0180714
5.26498,0.0180745
5.26648,0.0180776
5.26798,0.0180806
5.26948,0.0180837
5.27098,0.0180868
5.27248,0.0180899
5.27398,0.018093
5.27548,0.0180961
5.27698,0.0180992
5.27848,0.0181023
5.27998,0.0181054
5.28148,0.0181085
5.28298,0.0181116
5.28448,0.0181147
5.28598,0.0181178
5.28748,0.0181208
5.28898,0.018124
5.29048,0.0181271
5.29198,0.0181302
5.29348,0.0181333
5.29498,0.0181364
5.29648,0.0181395
5.29798,0.0181426
5.29948,0.0181457
5.30098,0.0181488
5.30248,0.0181519
5.30398,0.018155
5.30548,0.0181581
5.30698,0.0181612
5.30848,0.0181644
5.30998,0.0181675
5.31148,0.0181706
5.31298,0.0181737
5.31448,0.0181768
5.31598,0.0181799
5.31748,0.0181831
5.31898,0.0181862
5.32048,0.0181893
5.32198,0.0181924
5.32348,0.0181956
5.32498,0.0181987
5.32648,0.0182018
5.32798,0.0182049
5.32948,0.0182081
5.33098,0.0182112
5.33248,0.0182143
5.33398,0.0182175
5.33548,0.0182206
5.33698,0.0182237
5.33848,0.0182269
5.33998,0.01823
5.34148,0.0182331
5.34298,0.0182363
5.34448,0.0182394
5.34598,0.0182426
5.34748,0.0182457
5.34898,0.0182488
5.35048,0.018252
5.35198,0.0182551
5.35348,0.0182583
5.35498,0.0182614
5.35648,0.0182646
5.35798,0.0182677
5.35948,0.0182709
5.36098,0.018274
5.36248,0.0182772
5.36399,0.0182803
5.36549,0.0182835
5.36699,0.0182866
5.36849,0.0182898
5.36999,0.018293
5.37149,0.0182961
5.37299,0.0182993
5.37449,0.0183024
5.37599,0.0183056
5.37749,0.0183088
5.37899,0.0183119
5.38049,0.0183151
5.38199,0.0183182
5.38349,0.0183214
5.38499,0.0183246
5.38649,0.0183277
5.38799,0.0183309
5.38949,0.0183341
5.39099,0.0183373
5.39249,0.0183404
5.39399,0.0183436
5.39549,0.0183468
5.39699,0.01835
5.39849,0.0183531
5.39999,0.0183563
5.40149,0.0183595
5.40299,0.0183627
5.40449,0.0183658
5.40599,0.018369
5.40749,0.0183722
5.40899,0.0183754
5.41049,0.0183786
5.41199,0.0183818
5.41349,0.0183849
5.41499,0.0183881
5.41649,0.0183913
5.41799,0.0183945
5.41949,0.0183977
5.42099,0.0184009
5.42249,0.0184041
5.42399,0.0184073
5.42549,0.0184105
5.42699,0.0184137
5.42849,0.0184169
5.42999,0.01842
5.43149,0.0184232
5.43299,0.0184264
5.43449,0.0184296
5.43599,0.0184328
5.43749,0.018436
5.43899,0.0184392
5.44049,0.0184425
5.44199,0.0184457
5.44349,0.0184489
5.44499,0.0184521
5.44649,0.0184553
5.44799,0.0184585
5.44949,0.0184617
5.45099,0.0184649
5.45249,0.0184681
5.45399,0.0184713
5.45549,0.0184745
5.45699,0.0184777
5.45849,0.018481
5.45999,0.0184842
5.46149,0.0184874
5.46299,0.0184906
5.46449,0.0184938
5.46599,0.018497
5.46749,0.0185003
5.46899,0.0185035
5.47049,0.0185067
5.47199,0.0185099
5.47349,0.0185131
5.47499,0.0185164
5.47649,0.0185196
5.47799,0.0185228
5.4795,0.018526
5.481,0.0185293
5.4825,0.0185325
5.484,0.0185357
5.4855,0.018539
5.487,0.0185422
5.4885,0.0185454
5.49,0.0185487
5.4915,0.0185519
5.493,0.0185551
5.4945,0.0185584
5.496,0.0185616
5.4975,0.0185648
5.499,0.0185681
5.5005,0.0185713
5.502,0.0185746
5.5035,0.0185778
5.505,0.018581
5.5065,0.0185843
5.508,0.0185875
5.5095,0.0185908
5.511,0.018594
5.5125,0.0185973
5.514,0.0186005
5.5155,0.0186037
5.517,0.018607
5.5185,0.0186102
5.52,0.0186135
5.5215,0.0186167
5.523,0.01862
5.5245,0.0186232
5.526,0.0186265
5.5275,0.0186298
5.529,0.018633
5.5305,0.0186363
5.532,0.0186395
5.5335,0.0186428
5.535,0.018646
5.5365,0.0186493
5.538,0.0186526
5.5395,0.0186558
5.541,0.0186591
5.5425,0.0186623
5.544,0.0186656
5.5455,0.0186689
5.547,0.0186721
5.5485,0.0186754
5.55,0.0186787
5.5515,0.0186819
5.553,0.0186852
5.5545,0.0186885
5.556,0.0186917
5.5575,0.018695
5.559,0.0186983
5.5605,0.0187015
5.562,0.0187048
5.5635,0.0187081
5.565,0.0187114
5.5665,0.0187146
5.568,0.0187179
5.5695,0.0187212
5.571,0.0187245
5.5725,0.0187277
5.574,0.018731
5.5755,0.0187343
5.577,0.0187376
5.5785,0.0187409
5.58,0.0187441
5.5815,0.0187474
5.583,0.0187507
5.5845,0.018754
5.586,0.0187573
5.5875,0.0187606
5.589,0.0187638
5.5905,0.0187671
5.592,0.0187704
5.5935,0.0187737
5.59501,0.018777
5.59651,0.0187803
5.59801,0.0187836
5.59951,0.0187869
5.60101,0.0187902
5.60251,0.0187935
5.60401,0.0187968
5.60551,0.0188
5.60701,0.0188033
5.60851,0.0188066
5.61001,0.0188099
5.61151,0.0188132
5.61301,0.0188165
5.61451,0.0188198
5.61601,0.0188231
5.61751,0.0188264
5.61901,0.0188297
5.62051,0.018833
5.62201,0.0188363
5.62351,0.0188396
5.62501,0.0188429
5.62651,0.0188462
5.62801,0.0188495
5.62951,0.0188529
5.63101,0.0188562
5.63251,0.0188595
5.63401,0.0188628
5.63551,0.0188661
5.63701,0.0188694
5.63851,0.0188727
5.64001,0.018876
5.64151,0.0188793
5.64301,0.0188826
5.64451,0.018886
5.64601,0.0188893
5.64751,0.0188926
5.64901,0.0188959
5.65051,0.0188992
5.65201,0.0189025
5.65351,0.0189058
5.65501,0.0189092
5.65651,0.0189125
5.65801,0.0189158
5.65951,0.0189191
5.66101,0.0189224
5.66251,0.0189258
5.66401,0.0189291
5.66551,0.0189324
5.66701,0.0189357
5.66851,0.0189391
5.67001,0.0189424
5.67151,0.0189457
5.67301,0.018949
5.67451,0.0189524
5.67601,0.0189557
5.67751,0.018959
5.67901,0.0189624
5.68051,0.0189657
5.68201,0.018969
5.68351,0.0189723
5.68501,0.0189757
5.68651,0.018979
5.68801,0.0189823
5.68951,0.0189857
5.69101,0.018989
5.69251,0.0189923
5.69401,0.0189957
5.69551,0.018999
5.69701,0.0190023
5.69851,0.0190057
5.70001,0.019009
5.70151,0.0190124
5.70301,0.0190157
5.70451,0.019019
5.70601,0.0190224
5.70751,0.0190257
5.70901,0.0190291
5.71052,0.0190324
5.71202,0.0190358
5.71352,0.0190391
5.71502,0.0190424
5.71652,0.0190458
5.71802,0.0190491
5.71952,0.0190525
5.72102,0.0190558
5.72252,0.0190592
5.72402,0.0190625
5.72552,0.0190659
5.72702,0.0190692
5.72852,0.0190726
5.73002,0.0190759
5.73152,0.0190793
5.73302,0.0190826
5.73452,0.019086
5.73602,0.0190893
5.73752,0.0190927
5.73902,0.0190961
5.74052,0.0190994
5.74202,0.0191028
5.74352,0.0191061
5.74502,0.0191095
5.74652,0.0191128
5.74802,0.0191162
5.74952,0.0191196
5.75102,0.0191229
5.75252,0.0191263
5.75402,0.0191296
5.75552,0.019133
5.75702,0.0191364
5.75852,0.0191397
5.76002,0.0191431
5.76152,0.0191465
5.76302,0.0191498
5.76452,0.0191532
5.76602,0.0191566
5.76752,0.0191599
5.76902,0.0191633
5.77052,0.0191667
5.77202,0.01917
5.77352,0.0191734
5.77502,0.0191768
5.77652,0.0191801
5.77802,0.0191835
5.77952,0.0191869
5.78102,0.0191903
5.78252,0.0191936
5.78402,0.019197
5.78552,0.0192004
5.78702,0.0192038
5.78852,0.0192071
5.79002,0.0192105
5.79152,0.0192139
5.79302,0.0192173
5.79452,0.0192206
5.79602,0.019224
5.79752,0.0192274
5.79902,0.0192308
5.80052,0.0192342
5.80202,0.0192375
5.80352,0.0192409
5.80502,0.0192443
5.80652,0.0192477
5.80802,0.0192511
5.80952,0.0192545
5.81102,0.0192578
5.81252,0.0192612
5.81402,0.0192646
5.81552,0.019268
5.81702,0.0192714
5.81852,0.0192748
5.82002,0.0192782
5.82152,0.0192816
5.82302,0.0192849
5.82452,0.0192883
5.82603,0.0192917
5.82753,0.0192951
5.82903,0.0192985
5.83053,0.0193019
5.83203,0.0193053
5.83353,0.0193087
5.83503,0.0193121
5.83653,0.0193155
5.83803,0.0193189
5.83953,0.0193223
5.84103,0.0193257
5.84253,0.0193291
5.84403,0.0193325
5.84553,0.0193359
5.84703,0.0193393
5.84853,0.0193427
5.85003,0.0193461
5.85153,0.0193495
5.85303,0.0193529
5.85453,0.0193563
5.85603,0.0193597
5.85753,0.0193631
5.85903,0.0193665
5.86053,0.0193699
5.86203,0.0193733
5.86353,0.0193767
5.86503,0.0193801
5.86653,0.0193835
5.86803,0.0193869
5.86953,0.0193903
5.87103,0.0193937
5.87253,0.0193972
5.87403,0.0194006
5.87553,0.019404
5.87703,0.0194074
5.87853,0.0194108
5.88003,0.0194142
5.88153,0.0194176
5.88303,0.019421
5.88453,0.0194244
5.88603,0.0194279
5.88753,0.0194313
5.88903,0.0194347
5.89053,0.0194381
5.89203,0.0194415
5.89353,0.0194449
5.89503,0.0194484
5.89653,0.0194518
5.89803,0.0194552
5.89953,0.0194586
5.90103,0.019462
5.90253,0.0194655
5.90403,0.0194689
5.90553,0.0194723
5.90703,0.0194757
5.90853,0.0194792
5.91003,0.0194826
5.91153,0.019486
5.91303,0.0194894
5.91453,0.0194929
5.91603,0.0194963
5.91753,0.0194997
5.91903,0.0195031
5.92053,0.0195066
5.92203,0.01951
5.92353,0.0195134
5.92503,0.0195168
5.92653,0.0195203
5.92803,0.0195237
5.92953,0.0195271
5.93103,0.0195306
5.93253,0.019534
5.93403,0.0195374
5.93553,0.0195409
5.93703,0.0195443
5.93853,0.0195477
5.94003,0.0195512
5.94153,0.0195546
5.94304,0.019558
5.94454,0.0195615
5.94604,0.0195649
5.94754,0.0195684
5.94904,0.0195718
5.95054,0.0195752
5.95204,0.0195787
5.95354,0.0195821
5.95504,0.0195855
5.95654,0.019589
5.95804,0.0195924
5.95954,0.0195959
5.96104,0.0195993
5.96254,0.0196028
5.96404,0.0196062
5.96554,0.0196096
5.96704,0.0196131
5.96854,0.0196165
5.97004,0.01962
5.97154,0.0196234
5.97304,0.0196269
5.97454,0.0196303
5.97604,0.0196338
5.97754,0.0196372
5.97904,0.0196407
5.98054,0.0196441
5.98204,0.0196476
5.98354,0.019651
5.98504,0.0196545
5.98654,0.0196579
5.98804,0.0196614
5.98954,0.0196648
5.99104,0.0196683
5.99254,0.0196717
5.99404,0.0196752
5.99554,0.0196787
5.99704,0.0196821
5.99854,0.0196856
6.00004,0.019689
6.00154,0.0196925
6.00304,0.0196959
6.00454,0.0196994
6.00604,0.0197029
6.00754,0.0197063
6.00904,0.0197098
6.01054,0.0197132
6.01204,0.0197167
6.01354,0.0197202
6.01504,0.0197236
6.01654,0.0197271
6.01804,0.0197306
6.01954,0.019734
6.02104,0.0197375
6.02254,0.019741
6.02404,0.0197444
6.02554,0.0197479
6.02704,0.0197514
6.02854,0.0197548
6.03004,0.0197583
6.03154,0.0197618
6.03304,0.0197652
6.03454,0.0197687
6.03604,0.0197722
6.03754,0.0197756
6.03904,0.0197791
6.04054,0.0197826
6.04204,0.0197861
6.04354,0.0197895
6.04504,0.019793
6.04654,0.0197965
6.04804,0.0197999
6.04954,0.0198034
6.05104,0.0198069
6.05254,0.0198104
6.05404,0.0198139
6.05554,0.0198173
6.05704,0.0198208
6.05855,0.0198243
6.06005,0.0198278
6.06155,0.0198312
6.06305,0.0198347
6.06455,0.0198382
6.06605,0.0198417
6.06755,0.0198452
6.06905,0.0198486
6.07055,0.0198521
6.07205,0.0198556
6.07355,0.0198591
6.07505,0.0198626
6.07655,0.0198661
6.07805,0.0198696
6.07955,0.019873
6.08105,0.0198765
6.08255,0.01988
6.08405,0.0198835
6.08555,0.019887
6.08705,0.0198905
6.08855,0.019894
6.09005,0.0198975
6.09155,0.0199009
6.09305,0.0199044
6.09455,0.0199079
6.09605,0.0199114
6.09755,0.0199149
6.09905,0.0199184
6.10055,0.0199219
6.10205,0.0199254
6.10355,0.0199289
6.10505,0.0199324
6.10655,0.0199359
6.10805,0.0199394
6.10955,0.0199429
6.11105,0.0199464
6.11255,0.0199499
6.11405,0.0199534
6.11555,0.0199569
6.11705,0.0199604
6.11855,0.0199639
6.12005,0.0199674
6.12155,0.0199709
6.12305,0.0199744
6.12455,0.0199779
6.12605,0.0199814
6.12755,0.0199849
6.12905,0.0199884
6.13055,0.0199919
6.13205,0.0199954
6.13355,0.0199989
6.13505,0.0200024
6.13655,0.0200059
6.13805,0.0200094
6.13955,0.0200129
6.14105,0.0200164
6.14255,0.0200199
6.14405,0.0200234
6.14555,0.0200269
6.14705,0.0200304
6.14855,0.020034
6.15005,0.0200375
6.15155,0.020041
6.15305,0.0200445
6.15455,0.020048
6.15605,0.0200515
6.15755,0.020055
6.15905,0.0200585
6.16055,0.0200621
6.16205,0.0200656
6.16355,0.0200691
6.16505,0.0200726
6.16655,0.0200761
6.16805,0.0200796
6.16955,0.0200832
6.17105,0.0200867
6.17255,0.0200902
6.17406,0.0200937
6.17556,0.0200972
6.17706,0.0201008
6.17856,0.0201043
6.18006,0.0201078
6.18156,0.0201113
6.18306,0.0201148
6.18456,0.0201184
6.18606,0.0201219
6.18756,0.0201254
6.18906,0.0201289
6.19056,0.0201325
6.19206,0.020136
6.19356,0.0201395
6.19506,0.020143
6.19656,0.0201466
6.19806,0.0201501
6.19956,0.0201536
6.20106,0.0201572
6.20256,0.0201607
6.20406,0.0201642
6.20556,0.0201677
6.20706,0.0201713
6.20856,0.0201748
6.21006,0.0201783
6.21156,0.0201819
6.21306,0.0201854
6.21456,0.0201889
6.21606,0.0201925
6.21756,0.020196
6.21906,0.0201995
6.22056,0.0202031
6.22206,0.0202066
6.22356,0.0202101
6.22506,0.0202137
6.22656,0.0202172
6.22806,0.0202208
6.22956,0.0202243
6.23106,0.0202278
6.23256,0.0202314
6.23406,0.0202349
6.23556,0.0202385
6.23706,0.020242
6.23856,0.0202456
6.24006,0.0202491
6.24156,0.0202526
6.24306,0.0202562
6.24456,0.0202597
6.24606,0.0202633
6.24756,0.0202668
6.24906,0.0202704
6.25056,0.0202739
6.25206,0.0202775
6.25356,0.020281
6.25506,0.0202846
6.25656,0.0202881
6.25806,0.0202917
6.25956,0.0202952
6.26106,0.0202988
6.26256,0.0203023
6.26406,0.0203059
6.26556,0.0203094
6.26706,0.020313
6.26856,0.0203165
6.27006,0.0203201
6.27156,0.0203236
6.27306,0.0203272
6.27456,0.0203307
6.27606,0.0203343
6.27756,0.0203378
6.27906,0.0203414
6.28056,0.020345
6.28206,0.0203485
6.28356,0.0203521
6.28506,0.0203556
6.28656,0.0203592
6.28806,0.0203628
6.28957,0.0203663
6.29107,0.0203699
6.29257,0.0203734
6.29407,0.020377
6.29557,0.0203806
6.29707,0.0203841
6.29857,0.0203877
6.30007,0.0203913
6.30157,0.0203948
6.30307,0.0203984
6.30457,0.0204019
6.30607,0.0204055
6.30757,0.0204091
6.30907,0.0204126
6.31057,0.0204162
6.31207,0.0204198
6.31357,0.0204234
6.31507,0.0204269
6.31657,0.0204305
6.31807,0.0204341
6.31957,0.0204376
6.32107,0.0204412
6.32257,0.0204448
6.32407,0.0204483
6.32557,0.0204519
6.32707,0.0204555
6.32857,0.0204591
6.33007,0.0204626
6.33157,0.0204662
6.33307,0.0204698
6.33457,0.0204734
6.33607,0.0204769
6.33757,0.0204805
6.33907,0.0204841
6.34057,0.0204877
6.34207,0.0204912
6.34357,0.0204948
6.34507,0.0204984
6.34657,0.020502
6.34807,0.0205056
6.34957,0.0205091
6.35107,0.0205127
6.35257,0.0205163
6.35407,0.0205199
6.35557,0.0205235
6.35707,0.0205271
6.35857,0.0205306
6.36007,0.0205342
6.36157,0.0205378
6.36307,0.0205414
6.36457,0.020545
6.36607,0.0205486
6.36757,0.0205522
6.36907,0.0205557
6.37057,0.0205593
6.37207,0.0205629
6.37357,0.0205665
6.37507,0.0205701
6.37657,0.0205737
6.37807,0.0205773
6.37957,0.0205809
6.38107,0.0205845
6.38257,0.0205881
6.38407,0.0205917
6.38557,0.0205952
6.38707,0.0205988
6.38857,0.0206024
6.39007,0.020606
6.39157,0.0206096
6.39307,0.0206132
6.39457,0.0206168
6.39607,0.0206204
6.39757,0.020624
6.39907,0.0206276
6.40057,0.0206312
6.40207,0.0206348
6.40357,0.0206384
6.40508,0.020642
6.40658,0.0206456
6.40808,0.0206492
6.40958,0.0206528
6.41108,0.0206564
6.41258,0.02066
6.41408,0.0206636
6.41558,0.0206672
6.41708,0.0206708
6.41858,0.0206744
6.42008,0.020678
6.42158,0.0206816
6.42308,0.0206852
6.42458,0.0206889
6.42608,0.0206925
6.42758,0.0206961
6.42908,0.0206997
6.43058,0.0207033
6.43208,0.0207069
6.43358,0.0207105
6.43508,0.0207141
6.43658,0.0207177
6.43808,0.0207213
6.43958,0.020725
6.44108,0.0207286
6.44258,0.0207322
6.44408,0.0207358
6.44558,0.0207394
6.44708,0.020743
6.44858,0.0207466
6.45008,0.0207503
6.45158,0.0207539
6.45308,0.0207575
6.45458,0.0207611
6.45608,0.0207647
6.45758,0.0207683
6.45908,0.020772
6.46058,0.0207756
6.46208,0.0207792
6.46358,0.0207828
6.46508,0.0207864
6.46658,0.0207901
6.46808,0.0207937
6.46958,0.0207973
6.47108,0.0208009
6.47258,0.0208046
6.47408,0.0208082
6.47558,0.0208118
6.47708,0.0208154
6.47858,0.0208191
6.48008,0.0208227
6.48158,0.0208263
6.48308,0.0208299
6.48458,0.0208336
6.48608,0.0208372
6.48758,0.0208408
6.48908,0.0208445
6.49058,0.0208481
6.49208,0.0208517
6.49358,0.0208553
6.49508,0.020859
6.49658,0.0208626
6.49808,0.0208662
6.49958,0.0208699
6.50108,0.0208735
6.50258,0.0208771
6.50408,0.0208808
6.50558,0.0208844
6.50708,0.020888
6.50858,0.0208917
6.51008,0.0208953
6.51158,0.0208989
6.51308,0.0209026
6.51458,0.0209062
6.51608,0.0209099
6.51758,0.0209135
6.51908,0.0209171
6.52059,0.0209208
6.52209,0.0209244
6.52359,0.0209281
6.52509,0.0209317
6.52659,0.0209353
6.52809,0.020939
6.52959,0.0209426
6.53109,0.0209463
6.53259,0.0209499
6.53409,0.0209536
6.53559,0.0209572
6.53709,0.0209609
6.53859,0.0209645
6.54009,0.0209681
6.54159,0.0209718
6.54309,0.0209754
6.54459,0.0209791
6.54609,0.0209827
6.54759,0.0209864
6.54909,0.02099
6.55059,0.0209937
6.55209,0.0209973
6.55359,0.021001
6.55509,0.0210046
6.55659,0.0210083
6.55809,0.0210119
6.55959,0.0210156
6.56109,0.0210193
6.56259,0.0210229
6.56409,0.0210266
6.56559,0.0210302
6.56709,0.0210339
6.56859,0.0210375
6.57009,0.0210412
6.57159,0.0210448
6.57309,0.0210485
6.57459,0.0210522
6.57609,0.0210558
6.57759,0.0210595
6.57909,0.0210631
6.58059,0.0210668
6.58209,0.0210705
6.58359,0.0210741
6.58509,0.0210778
6.58659,0.0210814
6.58809,0.0210851
6.58959,0.0210888
6.59109,0.0210924
6.59259,0.0210961
6.59409,0.0210998
6.59559,0.0211034
6.59709,0.0211071
6.59859,0.0211108
6.60009,0.0211144
6.60159,0.0211181
6.60309,0.0211218
6.60459,0.0211254
6.60609,0.0211291
6.60759,0.0211328
6.60909,0.0211364
6.61059,0.0211401
6.61209,0.0211438
6.61359,0.0211475
6.61509,0.0211511
6.61659,0.0211548
6.61809,0.0211585
6.61959,0.0211621
6.62109,0.0211658
6.62259,0.0211695
6.62409,0.0211732
6.62559,0.0211768
6.62709,0.0211805
6.62859,0.0211842
6.63009,0.0211879
6.63159,0.0211916
6.63309,0.0211952
6.63459,0.0211989
6.6361,0.0212026
6.6376,0.0212063
6.6391,0.0212099
6.6406,0.0212136
6.6421,0.0212173
6.6436,0.021221
6.6451,0.0212247
6.6466,0.0212284
6.6481,0.021232
6.6496,0.0212357
6.6511,0.0212394
6.6526,0.0212431
6.6541,0.0212468
6.6556,0.0212505
6.6571,0.0212541
6.6586,0.0212578
6.6601,0.0212615
6.6616,0.0212652
6.6631,0.0212689
6.6646,0.0212726
6.6661,0.0212763
6.6676,0.02128
6.6691,0.0212837
6.6706,0.0212873
6.6721,0.021291
6.6736,0.0212947
6.6751,0.0212984
6.6766,0.0213021
6.6781,0.0213058
6.6796,0.0213095
6.6811,0.0213132
6.6826,0.0213169
6.6841,0.0213206
6.6856,0.0213243
6.6871,0.021328
6.6886,0.0213317
6.6901,0.0213354
6.6916,0.0213391
6.6931,0.0213428
6.6946,0.0213465
6.6961,0.0213502
6.6976,0.0213539
6.6991,0.0213576
6.7006,0.0213613
6.7021,0.021365
6.7036,0.0213687
6.7051,0.0213724
6.7066,0.0213761
6.7081,0.0213798
6.7096,0.0213835
6.7111,0.0213872
6.7126,0.0213909
6.7141,0.0213946
6.7156,0.0213983
6.7171,0.021402
6.7186,0.0214057
6.7201,0.0214094
6.7216,0.0214131
6.7231,0.0214168
6.7246,0.0214205
6.7261,0.0214242
6.7276,0.0214279
6.7291,0.0214317
6.7306,0.0214354
6.7321,0.0214391
6.7336,0.0214428
6.7351,0.0214465
6.7366,0.0214502
6.7381,0.0214539
6.7396,0.0214576
6.7411,0.0214614
6.7426,0.0214651
6.7441,0.0214688
6.7456,0.0214725
6.7471,0.0214762
6.7486,0.0214799
6.7501,0.0214837
6.75161,0.0214874
6.75311,0.0214911
6.75461,0.0214948
6.75611,0.0214985
6.75761,0.0215022
6.75911,0.021506
6.76061,0.0215097
6.76211,0.0215134
6.76361,0.0215171
6.76511,0.0215208
6.76661,0.0215246
6.76811,0.0215283
6.76961,0.021532
6.77111,0.0215357
6.77261,0.0215395
6.77411,0.0215432
6.77561,0.0215469
6.77711,0.0215506
6.77861,0.0215544
6.78011,0.0215581
6.78161,0.0215618
6.78311,0.0215655
6.78461,0.0215693
6.78611,0.021573
6.78761,0.0215767
6.78911,0.0215805
6.79061,0.0215842
6.79211,0.0215879
6.79361,0.0215917
6.79511,0.0215954
6.79661,0.0215991
6.79811,0.0216028
6.79961,0.0216066
6.80111,0.0216103
6.80261,0.021614
6.80411,0.0216178
6.80561,0.0216215
6.80711,0.0216253
6.80861,0.021629
6.81011,0.0216327
6.81161,0.0216365
6.81311,0.0216402
6.81461,0.0216439
6.81611,0.0216477
6.81761,0.0216514
6.81911,0.0216552
6.82061,0.0216589
6.82211,0.0216626
6.82361,0.0216664
6.82511,0.0216701
6.82661,0.0216739
6.82811,0.0216776
6.82961,0.0216813
6.83111,0.0216851
6.83261,0.0216888
6.83411,0.0216926
6.83561,0.0216963
6.83711,0.0217001
6.83861,0.0217038
6.84011,0.0217076
6.84161,0.0217113
6.84311,0.0217151
6.84461,0.0217188
6.84611,0.0217225
6.84761,0.0217263
6.84911,0.02173
6.85061,0.0217338
6.85211,0.0217375
6.85361,0.0217413
6.85511,0.0217451
6.85661,0.0217488
6.85811,0.0217526
6.85961,0.0217563
6.86111,0.0217601
6.86261,0.0217638
6.86411,0.0217676
6.86561,0.0217713
6.86712,0.0217751
6.86862,0.0217788
6.87012,0.0217826
6.87162,0.0217863
6.87312,0.0217901
6.87462,0.0217939
6.87612,0.0217976
6.87762,0.0218014
6.87912,0.0218051
6.88062,0.0218089
6.88212,0.0218127
6.88362,0.0218164
6.88512,0.0218202
6.88662,0.0218239
6.88812,0.0218277
6.88962,0.0218315
6.89112,0.0218352
6.89262,0.021839
6.89412,0.0218427
6.89562,0.0218465
6.89712,0.0218503
6.89862,0.021854
6.90012,0.0218578
6.90162,0.0218616
6.90312,0.0218653
6.90462,0.0218691
6.90612,0.0218729
6.90762,0.0218766
6.90912,0.0218804
6.91062,0.0218842
6.91212,0.0218879
6.91362,0.0218917
6.91512,0.0218955
6.91662,0.0218993
6.91812,0.021903
6.91962,0.0219068
6.92112,0.0219106
6.92262,0.0219143
6.92412,0.0219181
6.92562,0.0219219
6.92712,0.0219257
6.92862,0.0219294
6.93012,0.0219332
6.93162,0.021937
6.93312,0.0219408
6.93462,0.0219446
6.93612,0.0219483
6.93762,0.0219521
6.93912,0.0219559
6.94062,0.0219597
6.94212,0.0219634
6.94362,0.0219672
6.94512,0.021971
6.94662,0.0219748
6.94812,0.0219786
6.94962,0.0219823
6.95112,0.0219861
6.95262,0.0219899
6.95412,0.0219937
6.95562,0.0219975
6.95712,0.0220013
6.95862,0.022005
6.96012,0.0220088
6.96162,0.0220126
6.96312,0.0220164
6.96462,0.0220202
6.96612,0.022024
6.96762,0.0220278
6.96912,0.0220316
6.97062,0.0220353
6.97212,0.0220391
6.97362,0.0220429
6.97512,0.0220467
6.97662,0.0220505
6.97812,0.0220543
6.97962,0.0220581
6.98112,0.0220619
6.98263,0.0220657
6.98413,0.0220695
6.98563,0.0220733
6.98713,0.0220771
6.98863,0.0220808
6.99013,0.0220846
6.99163,0.0220884
6.99313,0.0220922
6.99463,0.022096
6.99613,0.0220998
6.99763,0.0221036
6.99913,0.0221074
7.00063,0.0221112
7.00213,0.022115
7.00363,0.0221188
7.00513,0.0221226
7.00663,0.0221264
7.00813,0.0221302
7.00963,0.022134
7.01113,0.0221378
7.01263,0.0221416
7.01413,0.0221454
7.01563,0.0221492
7.01713,0.0221642
7.01863,0.022179
7.02013,0.0221927
7.02163,0.0222053
7.02313,0.022217
7.02463,0.0222276
7.02613,0.0222373
7.02763,0.0222459
7.02913,0.0222534
7.03063,0.0222597
7.03213,0.0222649
7.03363,0.0222688
7.03513,0.0222713
7.03663,0.0222724
7.03813,0.0222718
7.03963,0.0222694
7.04113,0.0222652
7.04263,0.0222589
7.04413,0.0222504
7.04563,0.0222394
7.04713,0.0222292
7.04863,0.022233
7.05013,0.0222369
7.05163,0.0222407
7.05313,0.0222445
7.05463,0.0222483
7.05613,0.0222521
7.05763,0.0222559
7.05913,0.0222598
7.06063,0.0222636
7.06213,0.0222674
7.06363,0.0222712
7.06513,0.022275
7.06663,0.0222789
7.06813,0.0222827
7.06963,0.0222865
7.07113,0.0222903
7.07263,0.0222942
7.07413,0.022298
7.07563,0.0223018
7.07713,0.0223056
7.07863,0.0223095
7.08013,0.0223133
7.08163,0.0223171
7.08313,0.0223209
7.08463,0.0223248
7.08613,0.0223286
7.08763,0.0223324
7.08913,0.0223362
7.09063,0.0223401
7.09213,0.0223439
7.09363,0.0223477
7.09513,0.0223516
7.09663,0.0223554
7.09813,0.0223592
7.09964,0.022363
7.10114,0.0223669
7.10264,0.0223707
7.10414,0.0223745
7.10564,0.0223784
7.10714,0.0223822
7.10864,0.0223861
7.11014,0.0223899
7.11164,0.0223937
7.11314,0.0223976
7.11464,0.0224014
7.11614,0.0224052
7.11764,0.0224091
7.11914,0.0224129
7.12064,0.0224168
7.12214,0.0224206
7.12364,0.0224244
7.12514,0.0224283
7.12664,0.0224321
7.12814,0.022436
7.12964,0.0224398
7.13114,0.0224436
7.13264,0.0224475
7.13414,0.0224513
7.13564,0.0224552
7.13714,0.022459
7.13864,0.0224629
7.14014,0.0224667
7.14164,0.0224706
7.14314,0.0224744
7.14464,0.0224782
7.14614,0.0224821
7.14764,0.0224859
7.14914,0.0224898
7.15064,0.0224936
7.15214,0.0224975
7.15364,0.0225013
7.15514,0.0225052
7.15664,0.022509
7.15814,0.0225129
7.15964,0.0225167
7.16114,0.0225206
7.16264,0.0225245
7.16414,0.0225283
7.16564,0.0225322
7.16714,0.022536
7.16864,0.0225399
7.17014,0.0225437
7.17164,0.0225476
7.17314,0.0225514
7.17464,0.0225553
7.17614,0.0225592
7.17764,0.022563
7.17914,0.0225669
7.18064,0.0225707
7.18214,0.0225746
7.18364,0.0225784
7.18514,0.0225823
7.18664,0.0225862
7.18814,0.02259
7.18964,0.0225939
7.19114,0.0225978
7.19264,0.0226016
7.19414,0.0226055
7.19564,0.0226094
7.19714,0.0226132
7.19864,0.0226171
7.20014,0.0226209
7.20164,0.0226248
7.20314,0.0226287
7.20464,0.0226325
7.20614,0.0226364
7.20764,0.0226403
7.20914,0.0226441
7.21064,0.022648
7.21214,0.0226519
7.21364,0.0226558
7.21515,0.0226596
7.21665,0.0226635
7.21815,0.0226674
7.21965,0.0226712
7.22115,0.0226751
7.22265,0.022679
7.22415,0.0226828
7.22565,0.0226867
7.22715,0.0226905
7.22865,0.0226944
7.23015,0.0226982
7.23165,0.022702
7.23315,0.0227058
7.23465,0.0227096
7.23615,0.0227134
7.23765,0.0227172
7.23915,0.0227209
7.24065,0.0227247
7.24215,0.0227284
7.24365,0.0227321
7.24515,0.0227357
7.24665,0.0227394
7.24815,0.0227429
7.24965,0.0227465
7.25115,0.02275
7.25265,0.0227535
7.25415,0.022757
7.25565,0.0227604
7.25715,0.0227637
7.25865,0.022767
7.26015,0.0227703
7.26165,0.0227734
7.26315,0.0227766
7.26465,0.0227796
7.26615,0.0227826
7.26765,0.0227856
7.26915,0.0227884
7.27065,0.0227912
7.27215,0.0227939
7.27365,0.0227966
7.27515,0.0227991
7.27665,0.0228016
7.27815,0.022804
7.27965,0.0228063
7.28115,0.0228086
7.28265,0.0228107
7.28415,0.0228128
7.28565,0.0228147
7.28715,0.0228166
7.28865,0.0228184
7.29015,0.0228202
7.29165,0.0228218
7.29315,0.0228234
7.29465,0.0228248
7.29615,0.0228262
7.29765,0.0228274
7.29915,0.0228285
7.30065,0.0228294
7.30215,0.02283
7.30365,0.0228305
7.30515,0.0228307
7.30665,0.0228306
7.30815,0.0228302
7.30965,0.0228296
7.31115,0.0228286
7.31265,0.0228272
7.31415,0.0228255
7.31565,0.0228234
7.31715,0.0228209
7.31865,0.022818
7.32015,0.0228147
7.32165,0.0228109
7.32315,0.0228065
7.32465,0.0228015
7.32615,0.0227958
7.32765,0.0227894
7.32915,0.022788
7.33066,0.0227914
7.33216,0.0227947
7.33366,0.022798
7.33516,0.0228013
7.33666,0.0228044
7.33816,0.0228074
7.33966,0.0228103
7.34116,0.022813
7.34266,0.0228154
7.34416,0.0228177
7.34566,0.0228197
7.34716,0.0228215
7.34866,0.0228229
7.35016,0.0228241
7.35166,0.0228248
7.35316,0.0228253
7.35466,0.0228253
7.35616,0.0228249
7.35766,0.022824
7.35916,0.0228227
7.36066,0.0228208
7.36216,0.0228184
7.36366,0.0228161
7.36516,0.0228199
7.36666,0.0228237
7.36816,0.0228274
7.36966,0.0228311
7.37116,0.0228347
7.37266,0.0228383
7.37416,0.0228419
7.37566,0.0228454
7.37716,0.0228488
7.37866,0.0228522
7.38016,0.0228556
7.38166,0.0228589
7.38316,0.0228621
7.38466,0.0228652
7.38616,0.0228683
7.38766,0.0228713
7.38916,0.0228741
7.39066,0.0228769
7.39216,0.0228796
7.39366,0.0228822
7.39516,0.0228847
7.39666,0.0228871
7.39816,0.0228893
7.39966,0.0228914
7.40116,0.0228933
7.40266,0.0228952
7.40416,0.0228968
7.40566,0.0228982
7.40716,0.0228994
7.40866,0.0229003
7.41016,0.022901
7.41166,0.0229013
7.41316,0.0229014
7.41466,0.022901
7.41616,0.0229003
7.41766,0.0228993
7.41916,0.0228978
7.42066,0.0228959
7.42216,0.0228935
7.42366,0.0228907
7.42516,0.0228874
7.42666,0.0228836
7.42816,0.0228794
7.42966,0.0228746
7.43116,0.0228779
7.43266,0.0228816
7.43416,0.0228853
7.43566,0.0228889
7.43716,0.0228925
7.43866,0.0228961
7.44016,0.0228996
7.44166,0.022903
7.44316,0.0229942
7.44466,0.0231434
7.44617,0.023289
7.44767,0.0234304
7.44917,0.023567
7.45067,0.0236981
7.45217,0.0238234
7.45367,0.0239422
7.45517,0.0240543
7.45667,0.0241591
7.45817,0.0242594
7.45967,0.0243586
7.46117,0.0244562
7.46267,0.0245519
7.46417,0.0246451
7.46567,0.0247356
7.46717,0.0248431
7.46867,0.0249597
7.47017,0.0250689
7.47167,0.0251689
7.47317,0.0252594
7.47467,0.02534
7.47617,0.0254103
7.47767,0.0254701
7.47917,0.0255189
7.48067,0.0255567
7.48217,0.0255829
7.48367,0.0255975
7.48517,0.0256009
7.48667,0.0256506
7.48817,0.0256967
7.48967,0.0257386
7.49117,0.0257761
7.49267,0.0258086
7.49417,0.0258359
7.49567,0.0258578
7.49717,0.0258742
7.49867,0.0258852
7.50017,0.0258908
7.50167,0.0258914
7.50317,0.025887
7.50467,0.0258779
7.50617,0.0258644
7.50767,0.0258468
7.50917,0.0258254
7.51067,0.0258006
7.51217,0.0257728
7.51367,0.0257422
7.51517,0.0257093
7.51667,0.0256743
7.51817,0.0256375
7.51967,0.0258292
7.52117,0.0260982
7.52267,0.0263564
7.52417,0.0266031
7.52567,0.0268379
7.52717,0.0270603
7.52867,0.0272699
7.53017,0.0274666
7.53167,0.0276502
7.53317,0.0278236
7.53467,0.0279918
7.53617,0.0281544
7.53767,0.0283111
7.53917,0.0284617
7.54067,0.0286058
7.54217,0.0287433
7.54367,0.028874
7.54517,0.0289976
7.54667,0.029114
7.54817,0.0292232
7.54967,0.0293249
7.55117,0.0294193
7.55267,0.0295061
7.55417,0.0295856
7.55567,0.0296576
7.55717,0.0297222
7.55867,0.0297796
7.56017,0.0298297
7.56168,0.0298726
7.56318,0.0299086
7.56468,0.0299378
7.56618,0.0299602
7.56768,0.0299759
7.56918,0.0299853
7.57068,0.0299884
7.57218,0.0299854
7.57368,0.0299766
7.57518,0.0299621
7.57668,0.0299422
7.57818,0.029917
7.57968,0.0298867
7.58118,0.0298527
7.58268,0.0298161
7.58418,0.0297769
7.58568,0.0297353
7.58718,0.0296995
7.58868,0.0297676
7.59018,0.0298278
7.59168,0.02988
7.59318,0.0299243
7.59468,0.029962
7.59618,0.0299936
7.59768,0.0300195
7.59918,0.0300395
7.60068,0.0300539
7.60218,0.0300627
7.60368,0.030066
7.60518,0.0300657
7.60668,0.0300623
7.60818,0.0300559
7.60968,0.0300465
7.61118,0.0300342
7.61268,0.0300191
7.61418,0.0300011
7.61568,0.0299806
7.61718,0.0299584
7.61868,0.0299365
7.62018,0.0299148
7.62168,0.0298934
7.62318,0.0298721
7.62468,0.0298512
7.62618,0.0298304
7.62768,0.0298099
7.62918,0.0297896
7.63068,0.0297696
7.63218,0.0297498
7.63368,0.0297302
7.63518,0.0297109
7.63668,0.0296918
7.63818,0.029673
7.63968,0.0296544
7.64118,0.029636
7.64268,0.0296179
7.64418,0.0296
7.64568,0.0295823
7.64718,0.0295649
7.64868,0.0295477
7.65018,0.0295307
7.65168,0.029514
7.65318,0.0294975
7.65468,0.0294812
7.65618,0.0294651
7.65768,0.0294493
7.65918,0.0294337
7.66068,0.0294183
7.66218,0.0294031
7.66368,0.0293882
7.66518,0.0293735
7.66668,0.0293589
7.66818,0.0293446
7.66968,0.0293305
7.67118,0.0293166
7.67268,0.0293029
7.67418,0.0292894
7.67568,0.0292761
7.67719,0.029263
7.67869,0.0292501
7.68019,0.0292374
7.68169,0.0292249
7.68319,0.0292126
7.68469,0.0292005
7.68619,0.0291885
7.68769,0.0291768
7.68919,0.0291652
7.69069,0.0291538
7.69219,0.0291426
7.69369,0.0291315
7.69519,0.0291207
7.69669,0.0291099
7.69819,0.0290994
7.69969,0.029089
7.70119,0.0290788
7.70269,0.0290687
7.70419,0.0290588
7.70569,0.0290491
7.70719,0.0290395
7.70869,0.02903
7.71019,0.0290207
7.71169,0.0290115
7.71319,0.0290025
7.71469,0.0289936
7.71619,0.0289849
7.71769,0.0289762
7.71919,0.0289677
7.72069,0.0289594
7.72219,0.0289511
7.72369,0.028943
7.72519,0.028935
7.72669,0.0289271
7.72819,0.0289193
7.72969,0.0289117
7.73119,0.0289041
7.73269,0.0288967
7.73419,0.0288894
7.73569,0.0288821
7.73719,0.028875
7.73869,0.028868
7.74019,0.0288611
7.74169,0.0288542
7.74319,0.0288475
7.74469,0.0288408
7.74619,0.0288343
7.74769,0.0288278
7.74919,0.0288214
7.75069,0.0288151
7.75219,0.0288089
7.75369,0.0288027
7.75519,0.0287967
7.75669,0.0287907
7.75819,0.0287847
7.75969,0.0287789
7.76119,0.0287731
7.76269,0.0287674
7.76419,0.0287617
7.76569,0.0287561
7.76719,0.0287506
7.76869,0.0287451
7.77019,0.0287397
7.77169,0.0287343
7.77319,0.028729
7.77469,0.0287238
7.77619,0.0287186
7.77769,0.0287134
7.77919,0.0287083
7.78069,0.0287032
7.78219,0.0286982
7.78369,0.0286932
7.78519,0.0286883
7.78669,0.0286834
7.78819,0.0286786
7.78969,0.0286738
7.79119,0.028669
7.7927,0.0286643
7.7942,0.0286596
7.7957,0.0286549
7.7972,0.0286503
7.7987,0.0286457
7.8002,0.0286412
7.8017,0.0286366
7.8032,0.0286322
7.8047,0.0286277
7.8062,0.0286233
7.8077,0.0286189
7.8092,0.0286145
7.8107,0.0286102
7.8122,0.0286059
7.8137,0.0286016
7.8152,0.0285974
7.8167,0.0285931
7.8182,0.0285889
7.8197,0.0285847
7.8212,0.0285806
7.8227,0.0285765
7.8242,0.0285723
7.8257,0.0285683
7.8272,0.0285642
7.8287,0.0285601
7.8302,0.0285561
7.8317,0.0285521
7.8332,0.0285481
7.8347,0.0285441
7.8362,0.0285401
7.8377,0.0285362
7.8392,0.0285323
7.8407,0.0285283
7.8422,0.0285245
7.8437,0.0285206
7.8452,0.0285167
7.8467,0.0285128
7.8482,0.028509
7.8497,0.0285052
7.8512,0.0285014
7.8527,0.0284976
7.8542,0.0284938
7.8557,0.0284901
7.8572,0.0284863
7.8587,0.0284826
7.8602,0.0284788
7.8617,0.0284751
7.8632,0.0284714
7.8647,0.0284678
7.8662,0.0284641
7.8677,0.0284604
7.8692,0.0284568
7.8707,0.0284532
7.8722,0.0284495
7.8737,0.0284459
7.8752,0.0284423
7.8767,0.0284388
7.8782,0.0284352
7.8797,0.0284316
7.8812,0.0284281
7.8827,0.0284246
7.8842,0.028421
7.8857,0.0284175
7.8872,0.028414
7.8887,0.0284105
7.8902,0.0284071
7.8917,0.0284036
7.8932,0.0284001
7.8947,0.0283967
7.8962,0.0283932
7.8977,0.0283898
7.8992,0.0283864
7.9007,0.028383
7.9022,0.0283796
7.9037,0.0283762
7.9052,0.0283728
7.9067,0.0283695
7.90821,0.0283661
7.90971,0.0283628
7.91121,0.0283594
7.91271,0.0283561
7.91421,0.0283528
7.91571,0.0283495
7.91721,0.0283462
7.91871,0.0283429
7.92021,0.0283396
7.92171,0.0283363
7.92321,0.0283331
7.92471,0.0283298
7.92621,0.0283266
7.92771,0.0283234
7.92921,0.0283201
7.93071,0.0283169
7.93221,0.0283137
7.93371,0.0283105
7.93521,0.0283073
7.93671,0.0283041
7.93821,0.028301
7.93971,0.0282978
7.94121,0.0282946
7.94271,0.0282915
7.94421,0.0282884
7.94571,0.0282852
7.94721,0.0282821
7.94871,0.028279
7.95021,0.0282759
7.95171,0.0282728
7.95321,0.0282697
7.95471,0.0282666
7.95621,0.0282635
7.95771,0.0282605
7.95921,0.0282574
7.96071,0.0282543
7.96221,0.0282513
7.96371,0.0282483
7.96521,0.0282452
7.96671,0.0282422
7.96821,0.0282392
7.96971,0.0282362
7.97121,0.0282332
7.97271,0.0282302
7.97421,0.0282272
7.97571,0.0282242
7.97721,0.0282213
7.97871,0.0282183
7.98021,0.0282154
7.98171,0.0282124
7.98321,0.0282095
7.98471,0.0282065
7.98621,0.0282036
7.98771,0.0282007
7.98921,0.0281978
7.99071,0.0281949
7.99221,0.028192
7.99371,0.0281891
7.99521,0.0281862
7.99671,0.0281833
7.99821,0.0281804
7.99971,0.0281776
8.00121,0.0281747
8.00271,0.0281719
8.00421,0.028169
8.00571,0.0281662
8.00721,0.0281633
8.00871,0.0281605
8.01021,0.0281577
8.01171,0.0281549
8.01321,0.0281521
8.01471,0.0281493
8.01621,0.0281465
8.01771,0.0281437
8.01921,0.0281409
8.02071,0.0281381
8.02221,0.0281354
8.02372,0.0281326
8.02522,0.0281299
8.02672,0.0281271
8.02822,0.0281244
8.02972,0.0281216
8.03122,0.0281189
8.03272,0.0281162
8.03422,0.0281134
8.03572,0.0281107
8.03722,0.028108
8.03872,0.0281053
8.04022,0.0281026
8.04172,0.0280999
8.04322,0.0280972
8.04472,0.0280946
8.04622,0.0280919
8.04772,0.0280892
8.04922,0.0280866
8.05072,0.0280839
8.05222,0.0280812
8.05372,0.0280786
8.05522,0.028076
8.05672,0.0280733
8.05822,0.0280707
8.05972,0.0280681
8.06122,0.0280655
8.06272,0.0280629
8.06422,0.0280603
8.06572,0.0280577
8.06722,0.0280551
8.06872,0.0280525
8.07022,0.0280499
8.07172,0.0280473
8.07322,0.0280447
8.07472,0.0280422
8.07622,0.0280396
8.07772,0.0280371
8.07922,0.0280345
8.08072,0.028032
8.08222,0.0280294
8.08372,0.0280269
8.08522,0.0280244
8.08672,0.0280219
8.08822,0.0280193
8.08972,0.0280168
8.09122,0.0280143
8.09272,0.0280118
8.09422,0.0280093
8.09572,0.0280068
8.09722,0.0280044
8.09872,0.0280019
8.10022,0.0279994
8.10172,0.0279969
8.10322,0.0279945
8.10472,0.027992
8.10622,0.0279896
8.10772,0.0279871
8.10922,0.0279847
8.11072,0.0279823
8.11222,0.0279798
8.11372,0.0279774
8.11522,0.027975
8.11672,0.0279726
8.11822,0.0279702
8.11972,0.0279677
8.12122,0.0279653
8.12272,0.0279629
8.12422,0.0279606
8.12572,0.0279582
8.12722,0.0279558
8.12872,0.0279534
8.13022,0.027951
8.13172,0.0279487
8.13322,0.0279463
8.13472,0.027944
8.13622,0.0279416
8.13772,0.0279393
8.13923,0.0279369
8.14073,0.0279346
8.14223,0.0279323
8.14373,0.0279299
8.14523,0.0279276
8.14673,0.0279253
8.14823,0.027923
8.14973,0.0279207
8.15123,0.0279184
8.15273,0.0279161
8.15423,0.0279138
8.15573,0.0279115
8.15723,0.0279092
8.15873,0.0279069
8.16023,0.0279046
8.16173,0.0279024
8.16323,0.0279001
8.16473,0.0278978
8.16623,0.0278956
8.16773,0.0278933
8.16923,0.0278911
8.17073,0.0278888
8.17223,0.0278866
8.17373,0.0278843
8.17523,0.0278821
8.17673,0.0278798
8.17823,0.0278776
8.17973,0.0278754
8.18123,0.0278732
8.18273,0.027871
8.18423,0.0278687
8.18573,0.0278665
8.18723,0.0278643
8.18873,0.0278621
8.19023,0.0278599
8.19173,0.0278577
8.19323,0.0278555
8.19473,0.0278533
8.19623,0.0278511
8.19773,0.027849
8.19923,0.0278468
8.20073,0.0278446
8.20223,0.0278424
8.20373,0.0278403
8.20523,0.0278381
8.20673,0.0278359
8.20823,0.0278338
8.20973,0.0278316
8.21123,0.0278295
8.21273,0.0278273
8.21423,0.0278252
8.21573,0.027823
8.21723,0.0278209
8.21873,0.0278187
8.22023,0.0278166
8.22173,0.0278145
8.22323,0.0278123
8.22473,0.0278102
8.22623,0.0278081
8.22773,0.027806
8.22923,0.0278038
8.23073,0.0278017
8.23223,0.0277996
8.23373,0.0277975
8.23523,0.0277954
8.23673,0.0277933
8.23823,0.0277912
8.23973,0.0277891
8.24123,0.027787
8.24273,0.0277849
8.24423,0.0277828
8.24573,0.0277807
8.24723,0.0277786
8.24873,0.0277766
8.25023,0.0277745
8.25173,0.0277724
8.25323,0.0277703
8.25473,0.0277683
8.25624,0.0277662
8.25774,0.0277641
8.25924,0.0277621
8.26074,0.02776
8.26224,0.0277579
8.26374,0.0277559
8.26524,0.0277538
8.26674,0.0277518
8.26824,0.0277497
8.26974,0.0277477
8.27124,0.0277456
8.27274,0.0277436
8.27424,0.0277415
8.27574,0.0277395
8.27724,0.0277375
8.27874,0.0277354
8.28024,0.0277334
8.28174,0.0277314
8.28324,0.0277293
8.28474,0.0277273
8.28624,0.0277253
8.28774,0.0277233
8.28924,0.0277213
8.29074,0.0277192
8.29224,0.0277172
8.29374,0.0277152
8.29524,0.0277132
8.29674,0.0277112
8.29824,0.0277092
8.29974,0.0277072
8.30124,0.0277052
8.30274,0.0277032
8.30424,0.0277012
8.30574,0.0276992
8.30724,0.0276972
8.30874,0.0276952
8.31024,0.0276932
8.31174,0.0276912
8.31324,0.0276893
8.31474,0.0276873
8.31624,0.0276853
8.31774,0.0276833
8.31924,0.0276813
8.32074,0.0276794
8.32224,0.0276774
8.32374,0.0276754
8.32524,0.0276735
8.32674,0.0276715
8.32824,0.0276695
8.32974,0.0276676
8.33124,0.0276656
8.33274,0.0276637
8.33424,0.0276617
8.33574,0.0276597
8.33724,0.0276578
8.33874,0.0276558
8.34024,0.0276539
8.34174,0.0276519
8.34324,0.02765
8.34474,0.0276481
8.34624,0.0276461
8.34774,0.0276442
8.34924,0.0276423
8.35074,0.0276403
8.35224,0.0276384
8.35374,0.0276365
8.35524,0.0276345
8.35674,0.0276326
8.35824,0.0276307
8.35974,0.0276287
8.36124,0.0276268
8.36274,0.0276249
8.36424,0.027623
8.36574,0.0276211
8.36724,0.0276192
8.36874,0.0276172
8.37024,0.0276153
8.37175,0.0276134
8.37325,0.0276115
8.37475,0.0276096
8.37625,0.0276077
8.37775,0.0276058
8.37925,0.0276039
8.38075,0.027602
8.38225,0.0276001
8.38375,0.0275982
8.38525,0.0275963
8.38675,0.0275945
8.38825,0.0275926
8.38975,0.0275907
8.39125,0.0275888
8.39275,0.0275869
8.39425,0.027585
8.39575,0.0275832
8.39725,0.0275813
8.39875,0.0275794
8.40025,0.0275775
8.40175,0.0275757
8.40325,0.0275738
8.40475,0.0275719
8.40625,0.02757
8.40775,0.0275682
8.40925,0.0275663
8.41075,0.0275645
8.41225,0.0275626
8.41375,0.0275607
8.41525,0.0275589
8.41675,0.027557
8.41825,0.0275552
8.41975,0.0275533
8.42125,0.0275515
8.42275,0.0275496
8.42425,0.0275478
8.42575,0.0275459
8.42725,0.0275441
8.42875,0.0275423
8.43025,0.0275404
8.43175,0.0275386
8.43325,0.0275368
8.43475,0.0275349
8.43625,0.0275331
8.43775,0.0275313
8.43925,0.0275294
8.44075,0.0275276
8.44225,0.0275258
8.44375,0.027524
8.44525,0.0275221
8.44675,0.0275203
8.44825,0.0275185
8.44975,0.0275167
8.45125,0.0275149
8.45275,0.0275131
8.45425,0.0275113
8.45575,0.0275094
8.45725,0.0275076
8.45875,0.0275058
8.46025,0.027504
8.46175,0.0275022
8.46325,0.0275004
8.46475,0.0274986
8.46625,0.0274968
8.46775,0.027495
8.46925,0.0274932
8.47075,0.0274914
8.47225,0.0274897
8.47375,0.0274879
8.47525,0.0274861
8.47675,0.0274843
8.47825,0.0274825
8.47975,0.0274807
8.48125,0.0274789
8.48275,0.0274772
8.48425,0.0274754
8.48575,0.0274736
8.48726,0.0274718
8.48876,0.0274701
8.49026,0.0274683
8.49176,0.0274665
8.49326,0.0274648
8.49476,0.027463
8.49626,0.0274612
8.49776,0.0274595
8.49926,0.0274577
8.50076,0.027456
8.50226,0.0274542
8.50376,0.0274525
8.50526,0.0274507
8.50676,0.0274489
8.50826,0.0274472
8.50976,0.0274455
8.51126,0.0274437
8.51276,0.027442
8.51426,0.0274402
8.51576,0.0274385
8.51726,0.0274367
8.51876,0.027435
8.52026,0.0274333
8.52176,0.0274315
8.52326,0.0274298
8.52476,0.0274281
8.52626,0.0274263
8.52776,0.0274246
8.52926,0.0274229
8.53076,0.0274212
8.53226,0.0274194
8.53376,0.0274177
8.53526,0.027416
8.53676,0.0274143
8.53826,0.0274126
8.53976,0.0274108
8.54126,0.0274091
8.54276,0.0274074
8.54426,0.0274057
8.54576,0.027404
8.54726,0.0274023
8.54876,0.0274006
8.55026,0.0273989
8.55176,0.0273972
8.55326,0.0273955
8.55476,0.0273938
8.55626,0.0273921
8.55776,0.0273904
8.55926,0.0273887
8.56076,0.027387
8.56226,0.0273853
8.56376,0.0273837
8.56526,0.027382
8.56676,0.0273803
8.56826,0.0273786
8.56976,0.0273769
8.57126,0.0273753
8.57276,0.0273736
8.57426,0.0273719
8.57576,0.0273702
8.57726,0.0273686
8.57876,0.0273669
8.58026,0.0273652
8.58176,0.0273636
8.58326,0.0273619
8.58476,0.0273602
8.58626,0.0273586
8.58776,0.0273569
8.58926,0.0273552
8.59076,0.0273536
8.59226,0.0273519
8.59376,0.0273503
8.59526,0.0273486
8.59676,0.027347
8.59826,0.0273453
8.59976,0.0273437
8.60126,0.027342
8.60277,0.0273404
8.60427,0.0273388
8.60577,0.0273371
8.60727,0.0273355
8.60877,0.0273339
8.61027,0.0273322
8.61177,0.0273306
8.61327,0.027329
8.61477,0.0273273
8.61627,0.0273257
8.61777,0.0273241
8.61927,0.0273224
8.62077,0.0273208
8.62227,0.0273192
8.62377,0.0273176
8.62527,0.027316
8.62677,0.0273144
8.62827,0.0273127
8.62977,0.0273111
8.63127,0.0273095
8.63277,0.0273079
8.63427,0.0273063
8.63577,0.0273049
8.63727,0.0273051
8.63877,0.0273053
8.64027,0.0273054
8.64177,0.0273056
8.64327,0.0273058
8.64477,0.027306
8.64627,0.0273062
8.64777,0.0273064
8.64927,0.0273065
8.65077,0.0273067
8.65227,0.0273069
8.65377,0.0273071
8.65527,0.0273073
8.65677,0.0273075
8.65827,0.0273077
8.65977,0.0273078
8.66127,0.027308
8.66277,0.0273082
8.66427,0.0273084
8.66577,0.0273086
8.66727,0.0273088
8.66877,0.027309
8.67027,0.0273092
8.67177,0.0273094
8.67327,0.0273095
8.67477,0.0273097
8.67627,0.0273099
8.67777,0.0273101
8.67927,0.0273103
8.68077,0.0273105
8.68227,0.0273107
8.68377,0.0273109
8.68527,0.0273111
8.68677,0.0273113
8.68827,0.0273115
8.68977,0.0273116
8.69127,0.0273118
8.69277,0.027312
8.69427,0.0273122
8.69577,0.0273124
8.69727,0.0273126
8.69877,0.0273128
8.70027,0.027313
8.70177,0.0273132
8.70327,0.0273134
8.70477,0.0273136
8.70627,0.0273138
8.70777,0.027314
8.70927,0.0273142
8.71077,0.0273144
8.71227,0.0273146
8.71377,0.0273148
8.71527,0.027315
8.71677,0.0273152
8.71828,0.0273154
8.71978,0.0273156
8.72128,0.0273158
8.72278,0.027316
8.72428,0.0273162
8.72578,0.0273164
8.72728,0.0273166
8.72878,0.0273168
8.73028,0.027317
8.73178,0.0273172
8.73328,0.0273174
8.73478,0.0273176
8.73628,0.0273178
8.73778,0.027318
8.73928,0.0273182
8.74078,0.0273184
8.74228,0.0273186
8.74378,0.0273188
8.74528,0.027319
8.74678,0.0273192
8.74828,0.0273194
8.74978,0.0273196
8.75128,0.0273198
8.75278,0.02732
8.75428,0.0273202
8.75578,0.0273204
8.75728,0.0273206
8.75878,0.0273208
8.76028,0.027321
8.76178,0.0273212
8.76328,0.0273214
8.76478,0.0273217
8.76628,0.0273219
8.76778,0.0273221
8.76928,0.0273223
8.77078,0.0273225
8.77228,0.0273227
8.77378,0.0273229
8.77528,0.0273231
8.77678,0.0273233
8.77828,0.0273235
8.77978,0.0273237
8.78128,0.027324
8.78278,0.0273242
8.78428,0.0273244
8.78578,0.0273246
8.78728,0.0273248
8.78878,0.027325
8.79028,0.0273252
8.79178,0.0273254
8.79328,0.0273256
8.79478,0.0273259
8.79628,0.0273261
8.79778,0.0273263
8.79928,0.0273265
8.80078,0.0273267
8.80228,0.0273269
8.80378,0.0273271
8.80528,0.0273274
8.80678,0.0273276
8.80828,0.0273278
8.80978,0.027328
8.81128,0.0273282
8.81278,0.0273284
8.81428,0.0273286
8.81578,0.0273289
8.81728,0.0273291
8.81878,0.0273293
8.82028,0.0273295
8.82178,0.0273297
8.82328,0.0273299
8.82478,0.0273302
8.82628,0.0273304
8.82778,0.0273306
8.82928,0.0273308
8.83078,0.027331
8.83228,0.0273313
8.83379,0.0273315
8.83529,0.0273317
8.83679,0.0273319
8.83829,0.0273321
8.83979,0.0273324
8.84129,0.0273326
8.84279,0.0273328
8.84429,0.027333
8.84579,0.0273332
8.84729,0.0273335
8.84879,0.0273337
8.85029,0.0273339
8.85179,0.0273341
8.85329,0.0273344
8.85479,0.0273346
8.85629,0.0273348
8.85779,0.027335
8.85929,0.0273353
8.86079,0.0273355
8.86229,0.0273357
8.86379,0.0273359
8.86529,0.0273362
8.86679,0.0273364
8.86829,0.0273366
8.86979,0.0273368
8.87129,0.0273371
8.87279,0.0273373
8.87429,0.0273375
8.87579,0.0273377
8.87729,0.027338
8.87879,0.0273382
8.88029,0.0273384
8.88179,0.0273386
8.88329,0.0273389
8.88479,0.0273391
8.88629,0.0273393
8.88779,0.0273396
8.88929,0.0273398
8.89079,0.02734
8.89229,0.0273403
8.89379,0.0273405
8.89529,0.0273407
8.89679,0.0273409
8.89829,0.0273412
8.89979,0.0273414
8.90129,0.0273416
8.90279,0.0273419
8.90429,0.0273421
8.90579,0.0273423
8.90729,0.0273426
8.90879,0.0273428
8.91029,0.027343
8.91179,0.0273433
8.91329,0.0273435
8.91479,0.0273437
8.91629,0.027344
8.91779,0.0273442
8.91929,0.0273444
8.92079,0.0273447
8.92229,0.0273449
8.92379,0.0273451
8.92529,0.0273454
8.92679,0.0273456
8.92829,0.0273459
8.92979,0.0273461
8.93129,0.0273463
8.93279,0.0273466
8.93429,0.0273468
8.93579,0.027347
8.93729,0.0273473
8.93879,0.0273475
8.94029,0.0273477
8.94179,0.027348
8.94329,0.0273482
8.94479,0.0273485
8.94629,0.0273487
8.94779,0.0273489
8.9493,0.0273492
8.9508,0.0273494
8.9523,0.0273497
8.9538,0.0273499
8.9553,0.0273501
8.9568,0.0273504
8.9583,0.0273506
8.9598,0.0273509
8.9613,0.0273511
8.9628,0.0273514
8.9643,0.0273516
8.9658,0.0273518
8.9673,0.0273521
8.9688,0.0273523
8.9703,0.0273526
8.9718,0.0273528
8.9733,0.0273531
8.9748,0.0273533
8.9763,0.0273535
8.9778,0.0273538
8.9793,0.027354
8.9808,0.0273543
8.9823,0.0273545
8.9838,0.0273548
8.9853,0.027355
8.9868,0.0273553
8.9883,0.0273555
8.9898,0.0273558
8.9913,0.027356
8.9928,0.0273562
8.9943,0.0273565
8.9958,0.0273567
8.9973,0.027357
8.9988,0.0273572
9.0003,0.0273575
9.0018,0.0273577
9.0033,0.027358
9.0048,0.0273582
9.0063,0.0273585
9.0078,0.0273587
9.0093,0.027359
9.0108,0.0273592
9.0123,0.0273595
9.0138,0.0273597
9.0153,0.02736
9.0168,0.0273602
9.0183,0.0273605
9.0198,0.0273607
9.0213,0.027361
9.0228,0.0273612
9.0243,0.0273615
9.0258,0.0273617
9.0273,0.027362
9.0288,0.0273623
9.0303,0.0273625
9.0318,0.0273628
9.0333,0.027363
9.0348,0.0273633
9.0363,0.0273635
9.0378,0.0273638
9.0393,0.027364
9.0408,0.0273643
9.0423,0.0273645
9.0438,0.0273648
9.0453,0.0273651
9.0468,0.0273653
9.0483,0.0273656
9.0498,0.0273658
9.0513,0.0273661
9.0528,0.0273663
9.0543,0.0273666
9.0558,0.0273669
9.0573,0.0273671
9.0588,0.0273674
9.0603,0.0273676
9.0618,0.0273679
9.0633,0.0273681
9.06481,0.0273684
9.06631,0.0273687
9.06781,0.0273689
9.06931,0.0273692
9.07081,0.0273694
9.07231,0.0273697
9.07381,0.02737
9.07531,0.0273702
9.07681,0.0273705
9.07831,0.0273707
9.07981,0.027371
9.08131,0.0273713
9.08281,0.0273715
9.08431,0.0273718
9.08581,0.0273721
9.08731,0.0273723
9.08881,0.0273726
9.09031,0.0273728
9.09181,0.0273731
9.09331,0.0273734
9.09481,0.0273736
9.09631,0.0273739
9.09781,0.0273742
9.09931,0.0273744
9.10081,0.0273747
9.10231,0.027375
9.10381,0.0273752
9.10531,0.0273755
9.10681,0.0273758
9.10831,0.027376
9.10981,0.0273763
9.11131,0.0273766
9.11281,0.0273768
9.11431,0.0273771
9.11581,0.0273774
9.11731,0.0273776
9.11881,0.0273779
9.12031,0.0273782
9.12181,0.0273784
9.12331,0.0273787
9.12481,0.027379
9.12631,0.0273792
9.12781,0.0273795
9.12931,0.0273798
9.13081,0.0273801
9.13231,0.0273803
9.13381,0.0273806
9.13531,0.0273809
9.13681,0.0273811
9.13831,0.0273814
9.13981,0.0273817
9.14131,0.027382
9.14281,0.0273822
9.14431,0.0273825
9.14581,0.0273828
9.14731,0.027383
9.14881,0.0273833
9.15031,0.0273836
9.15181,0.0273839
9.15331,0.0273841
9.15481,0.0273844
9.15631,0.0273847
9.15781,0.027385
9.15931,0.0273852
9.16081,0.0273855
9.16231,0.0273858
9.16381,0.0273861
9.16531,0.0273863
9.16681,0.0273866
9.16831,0.0273869
9.16981,0.0273872
9.17131,0.0273875
9.17281,0.0273877
9.17431,0.027388
9.17581,0.0273883
9.17731,0.0273886
9.17881,0.0273888
9.18032,0.0273891
9.18182,0.0273894
9.18332,0.0273897
9.18482,0.02739
9.18632,0.0273902
9.18782,0.0273905
9.18932,0.0273908
9.19082,0.0273911
9.19232,0.0273914
9.19382,0.0273916
9.19532,0.0273919
9.19682,0.0273922
9.19832,0.0273925
9.19982,0.0273928
9.20132,0.0273931
9.20282,0.0273933
9.20432,0.0273936
9.20582,0.0273939
9.20732,0.0273942
9.20882,0.0273945
9.21032,0.0273947
9.21182,0.027395
9.21332,0.0273953
9.21482,0.0273956
9.21632,0.0273959
9.21782,0.0273962
9.21932,0.0273965
9.22082,0.0273967
9.22232,0.027397
9.22382,0.0273973
9.22532,0.0273976
9.22682,0.0273979
9.22832,0.0273982
9.22982,0.0273985
9.23132,0.0273988
9.23282,0.027399
9.23432,0.0273993
9.23582,0.0273996
9.23732,0.0273999
9.23882,0.0274002
9.24032,0.0274005
9.24182,0.0274007
9.24332,0.027401
9.24482,0.0274012
9.24632,0.0274015
9.24782,0.0274017
9.24932,0.0274018
9.25082,0.0274019
9.25232,0.027402
9.25382,0.027402
9.25532,0.027402
9.25682,0.0274019
9.25832,0.0274017
9.25982,0.0274014
9.26132,0.027401
9.26282,0.0274004
9.26432,0.0273998
9.26582,0.027399
9.26732,0.027398
9.26882,0.0273969
9.27032,0.0273956
9.27182,0.0273941
9.27332,0.0273923
9.27482,0.0273903
9.27632,0.0273877
9.27782,0.0273845
9.27932,0.0273807
9.28082,0.0273759
9.28232,0.0273701
9.28382,0.0273631
9.28532,0.0273546
9.28682,0.0273444
9.28832,0.0273323
9.28982,0.0273182
9.29132,0.0273017
9.29282,0.0272828
9.29432,0.0272611
9.29583,0.0272365
9.29733,0.0272087
9.29883,0.0271775
9.30033,0.0271426
9.30183,0.0271038
9.30333,0.0270609
9.30483,0.0270137
9.30633,0.026962
9.30783,0.0269057
9.30933,0.0268342
9.31083,0.0267474
9.31233,0.026646
9.31383,0.0265305
9.31533,0.0264017
9.31683,0.0262603
9.31833,0.0261068
9.31983,0.0259421
9.32133,0.0257667
9.32283,0.0255812
9.32433,0.0253865
9.32583,0.025183
9.32733,0.0249714
9.32883,0.0247811
9.33033,0.0247877
9.33183,0.0247943
9.33333,0.0248009
9.33483,0.0248075
9.33633,0.0248141
9.33783,0.0248206
9.33933,0.0248272
9.34083,0.0248338
9.34233,0.0248403
9.34383,0.0248469
9.34533,0.0248534
9.34683,0.02486
9.34833,0.0248665
9.34983,0.0248731
9.35133,0.0248796
9.35283,0.0248862
9.35433,0.0248927
9.35583,0.0248992
9.35733,0.0249058
9.35883,0.0249123
9.36033,0.0249188
9.36183,0.0249253
9.36333,0.0249318
9.36483,0.0249383
9.36633,0.0249448
9.36783,0.0249513
9.36933,0.0249578
9.37083,0.0249643
9.37233,0.0249708
9.37383,0.0249773
9.37533,0.0249838
9.37683,0.0249903
9.37833,0.0249968
9.37983,0.0250032
9.38133,0.0250097
9.38283,0.0250162
9.38433,0.0250226
9.38583,0.0250291
9.38733,0.0250356
9.38883,0.025042
9.39033,0.0250485
9.39183,0.0250549
9.39333,0.0250613
9.39483,0.0250678
9.39633,0.0250742
9.39783,0.0250806
9.39933,0.0250871
9.40083,0.0250935
9.40233,0.0250999
9.40383,0.0251063
9.40533,0.0251128
9.40683,0.0251192
9.40833,0.0251256
9.40983,0.025132
9.41133,0.0251384
9.41284,0.0251448
9.41434,0.0251512
9.41584,0.0251575
9.41734,0.0251639
9.41884,0.0251703
9.42034,0.0251767
9.42184,0.0251831
9.42334,0.0251894
9.42484,0.0251958
9.42634,0.0252022
9.42784,0.0252085
9.42934,0.0252149
9.43084,0.0252213
9.43234,0.0252276
9.43384,0.025234
9.43534,0.0252403
9.43684,0.0252466
9.43834,0.025253
9.43984,0.0252593
9.44134,0.0252656
9.44284,0.025272
9.44434,0.0252783
9.44584,0.0252846
9.44734,0.0252909
9.44884,0.0252972
9.45034,0.0253035
9.45184,0.0253098
9.45334,0.0253161
9.45484,0.0253224
9.45634,0.0253287
9.45784,0.025335
9.45934,0.0253413
9.46084,0.0253476
9.46234,0.0253539
9.46384,0.0253602
9.46534,0.0253664
9.46684,0.0253727
9.46834,0.025379
9.46984,0.0253852
9.47134,0.0253915
9.47284,0.0253977
9.47434,0.025404
9.47584,0.0254102
9.47734,0.0254677
9.47884,0.025545
9.48034,0.0256116
9.48184,0.0256681
9.48334,0.0257145
9.48484,0.0257513
9.48634,0.0257788
9.48784,0.025797
9.48934,0.0258063
9.49084,0.0258071
9.49234,0.0258065
9.49384,0.0258046
9.49534,0.0258018
9.49684,0.0257981
9.49834,0.0257934
9.49984,0.0257878
9.50134,0.0257813
9.50284,0.0257738
9.50434,0.0257654
9.50584,0.0257561
9.50734,0.0257459
9.50884,0.0257348
9.51034,0.025723
9.51184,0.0257104
9.51334,0.0256971
9.51484,0.0256833
9.51634,0.0256689
9.51784,0.0256542
9.51934,0.0256391
9.52084,0.0256239
9.52234,0.0256085
9.52384,0.0256059
9.52534,0.0256115
9.52684,0.0256171
9.52835,0.0256226
9.52985,0.0256281
9.53135,0.0256334
9.53285,0.0256387
9.53435,0.0256439
9.53585,0.025649
9.53735,0.025654
9.53885,0.0256589
9.54035,0.0256636
9.54185,0.025668
9.54335,0.0256722
9.54485,0.0256759
9.54635,0.0256792
9.54785,0.025682
9.54935,0.0256841
9.55085,0.0256853
9.55235,0.0256856
9.55385,0.0256848
9.55535,0.0256827
9.55685,0.0256792
9.55835,0.0256741
9.55985,0.0256672
9.56135,0.0256584
9.56285,0.0256476
9.56435,0.0256345
9.56585,0.0256191
9.56735,0.0256011
9.56885,0.0255805
9.57035,0.0255567
9.57185,0.0255253
9.57335,0.0255365
9.57485,0.025548
9.57635,0.0255595
9.57785,0.0255711
9.57935,0.0255826
9.58085,0.0255938
9.58235,0.0256048
9.58385,0.0256155
9.58535,0.0256256
9.58685,0.0256351
9.58835,0.0257471
9.58985,0.0259522
9.59135,0.0261641
9.59285,0.0263826
9.59435,0.0266073
9.59585,0.0268376
9.59735,0.0270729
9.59885,0.0273125
9.60035,0.0275552
9.60185,0.0277997
9.60335,0.0280453
9.60485,0.028291
9.60635,0.0285362
9.60785,0.0287799
9.60935,0.0290213
9.61085,0.0292597
9.61235,0.0294943
9.61385,0.0297246
9.61535,0.02995
9.61685,0.0301698
9.61835,0.0303836
9.61985,0.0305909
9.62135,0.0307914
9.62285,0.0309847
9.62435,0.0311704
9.62585,0.0313484
9.62735,0.0315184
9.62885,0.0316802
9.63035,0.0318338
9.63185,0.0319789
9.63335,0.0321156
9.63485,0.0322438
9.63635,0.0323635
9.63785,0.0324749
9.63935,0.0325781
9.64085,0.0326734
9.64235,0.0327608
9.64386,0.0328432
9.64536,0.0329206
9.64686,0.0329932
9.64836,0.0330608
9.64986,0.0331235
9.65136,0.0331813
9.65286,0.0332341
9.65436,0.0332822
9.65586,0.0333254
9.65736,0.0333639
9.65886,0.0333977
9.66036,0.033427
9.66186,0.0334518
9.66336,0.0334722
9.66486,0.0334884
9.66636,0.0335006
9.66786,0.0335089
9.66936,0.0335135
9.67086,0.0335147
9.67236,0.0335126
9.67386,0.0335084
9.67536,0.0335039
9.67686,0.0334993
9.67836,0.0334947
9.67986,0.03349
9.68136,0.0334852
9.68286,0.0334804
9.68436,0.0334756
9.68586,0.0334708
9.68736,0.033466
9.68886,0.0334612
9.69036,0.0334565
9.69186,0.0334518
9.69336,0.0334472
9.69486,0.0334426
9.69636,0.0334381
9.69786,0.0334336
9.69936,0.0334293
9.70086,0.0334248
9.70236,0.0334202
9.70386,0.0334155
9.70536,0.0334107
9.70686,0.0334057
9.70836,0.0334006
9.70986,0.0333955
9.71136,0.0333902
9.71286,0.0333849
9.71436,0.0333795
9.71586,0.0333741
9.71736,0.0333686
9.71886,0.0333632
9.72036,0.0333578
9.72186,0.0333524
9.72336,0.0333471
9.72486,0.0333419
9.72636,0.0333368
9.72786,0.0333319
9.72936,0.0333272
9.73086,0.0333227
9.73236,0.0333184
9.73386,0.0333149
9.73536,0.0333122
9.73686,0.0333103
9.73836,0.0333091
9.73986,0.0333086
9.74136,0.0333088
9.74286,0.0333096
9.74436,0.033311
9.74586,0.0333129
9.74736,0.0333153
9.74886,0.0333183
9.75036,0.0333216
9.75186,0.0333254
9.75336,0.0333295
9.75486,0.033334
9.75636,0.0333388
9.75786,0.0333438
9.75937,0.033349
9.76087,0.0333545
9.76237,0.0333601
9.76387,0.0333659
9.76537,0.0333718
9.76687,0.0333779
9.76837,0.033384
9.76987,0.0333901
9.77137,0.0333964
9.77287,0.0334026
9.77437,0.0334088
9.77587,0.033415
9.77737,0.0334211
9.77887,0.0334272
9.78037,0.0334332
9.78187,0.033439
9.78337,0.0334447
9.78487,0.0334503
9.78637,0.0334558
9.78787,0.0334612
9.78937,0.0334667
9.79087,0.0334723
9.79237,0.0334779
9.79387,0.0334836
9.79537,0.0334893
9.79687,0.033495
9.79837,0.0335006
9.79987,0.0335063
9.80137,0.033512
9.80287,0.0335176
9.80437,0.0335231
9.80587,0.0335286
9.80737,0.033534
9.80887,0.0335393
9.81037,0.0335445
9.81187,0.0335497
9.81337,0.0335547
9.81487,0.0335596
9.81637,0.0335644
9.81787,0.033569
9.81937,0.0335736
9.82087,0.0335779
9.82237,0.0335822
9.82387,0.0335862
9.82537,0.0335902
9.82687,0.0335939
9.82837,0.0335975
9.82987,0.033601
9.83137,0.0336042
9.83287,0.0336073
9.83437,0.0336103
9.83587,0.033613
9.83737,0.0336156
9.83887,0.033618
9.84037,0.0336203
9.84187,0.0336223
9.84337,0.0336242
9.84487,0.0336259
9.84637,0.0336274
9.84787,0.0336288
9.84937,0.03363
9.85087,0.0336309
9.85237,0.0336318
9.85387,0.0336324
9.85537,0.0336329
9.85687,0.0336332
9.85837,0.0336333
9.85987,0.0336333
9.86137,0.0336331
9.86287,0.0336327
9.86437,0.0336322
9.86587,0.0336315
9.86737,0.0336306
9.86887,0.0336296
9.87037,0.0336285
9.87187,0.0336271
9.87337,0.0336256
9.87488,0.033624
9.87638,0.0336222
9.87788,0.0336203
9.87938,0.0336182
9.88088,0.033616
9.88238,0.0336137
9.88388,0.0336112
9.88538,0.0336085
9.88688,0.0336058
9.88838,0.0336029
9.88988,0.0335999
9.89138,0.0335968
9.89288,0.0335935
9.89438,0.0335901
9.89588,0.0335866
9.89738,0.033583
9.89888,0.0335793
9.90038,0.0335755
9.90188,0.0335716
9.90338,0.0335676
9.90488,0.0335635
9.90638,0.0335592
9.90788,0.0335549
9.90938,0.0335505
9.91088,0.033546
9.91238,0.0335414
9.91388,0.0335367
9.91538,0.0335319
9.91688,0.0335271
9.91838,0.0335221
9.91988,0.0335171
9.92138,0.033512
9.92288,0.0335069
9.92438,0.0335017
9.92588,0.0334964
9.92738,0.033491
9.92888,0.0334856
9.93038,0.0334802
9.93188,0.0334747
9.93338,0.0334691
9.93488,0.0334635
9.93638,0.0334578
9.93788,0.0334521
9.93938,0.0334464
9.94088,0.0334406
9.94238,0.0334347
9.94388,0.0334289
9.94538,0.033423
9.94688,0.0334171
9.94838,0.0334111
9.94988,0.0334051
9.95138,0.0333991
9.95288,0.0333931
9.95438,0.033387
9.95588,0.0333809
9.95738,0.0333748
9.95888,0.0333687
9.96038,0.0333626
9.96188,0.0333565
9.96338,0.0333503
9.96488,0.0333442
9.96638,0.033338
9.96788,0.0333318
9.96938,0.0333256
9.97088,0.0333194
9.97238,0.0333132
9.97388,0.033307
9.97538,0.0333009
9.97688,0.0332947
9.97838,0.0332885
9.97988,0.0332823
9.98138,0.0332761
9.98288,0.0332699
9.98438,0.0332637
9.98588,0.0332575
9.98738,0.0332513
9.98888,0.0332451
9.99039,0.033239
9.99189,0.0332328
9.99339,0.0332266
9.99489,0.0332205
9.99639,0.0332144
9.99789,0.0332082
9.99939,0.0332021
10.0009,0.033196
10.0024,0.0331899
10.0039,0.0331838
10.0054,0.0331777
10.0069,0.0331716
10.0084,0.0331656
10.0099,0.0331595
10.0114,0.0331535
10.0129,0.0331474
10.0144,0.0331414
10.0159,0.0331354
10.0174,0.0331294
10.0189,0.0331234
10.0204,0.0331174
10.0219,0.0331115
10.0234,0.0331055
10.0249,0.0330996
10.0264,0.0330937
10.0279,0.0330878
10.0294,0.0330819
10.0309,0.033076
10.0324,0.0330702
10.0339,0.0330644
10.0354,0.0330585
10.0369,0.0330528
10.0384,0.033047
10.0399,0.0330412
10.0414,0.0330355
10.0429,0.0330298
10.0444,0.0330241
10.0459,0.0330184
10.0474,0.0330128
10.0489,0.0330071
10.0504,0.0330015
10.0519,0.0329959
10.0534,0.0329904
10.0549,0.0329848
10.0564,0.0329793
10.0579,0.0329738
10.0594,0.0329683
10.0609,0.0329628
10.0624,0.0329574
10.0639,0.032952
10.0654,0.0329466
10.0669,0.0329412
10.0684,0.0329358
10.0699,0.0329305
10.0714,0.0329251
10.0729,0.0329198
10.0744,0.0329146
10.0759,0.0329093
10.0774,0.0329041
10.0789,0.0328988
10.0804,0.0328936
10.0819,0.0328884
10.0834,0.0328833
10.0849,0.0328781
10.0864,0.032873
10.0879,0.0328678
10.0894,0.0328627
10.0909,0.0328576
10.0924,0.0328526
10.0939,0.0328475
10.0954,0.0328425
10.0969,0.0328374
10.0984,0.0328324
10.0999,0.0328274
10.1014,0.0328224
10.1029,0.0328174
10.1044,0.0328124
10.1059,0.0328074
10.1074,0.0328025
10.1089,0.0327975
10.1104,0.0327926
10.1119,0.0327876
10.1134,0.0327827
10.1149,0.0327778
10.1164,0.0327728
10.1179,0.0327679
10.1194,0.032763
10.1209,0.0327581
10.1224,0.0327531
10.1239,0.0327482
10.1254,0.0327433
10.1269,0.0327384
10.1284,0.0327335
10.1299,0.0327285
10.1314,0.0327236
10.1329,0.0327187
10.1344,0.0327138
10.1359,0.0327088
10.1374,0.0327039
10.1389,0.032699
10.1404,0.0326941
10.1419,0.0326892
10.1434,0.0326842
10.1449,0.0326793
10.1464,0.0326744
10.1479,0.0326695
10.1494,0.0326646
10.1509,0.0326596
10.1524,0.0326547
10.1539,0.0326498
10.1554,0.0326449
10.1569,0.03264
10.1584,0.032635
10.1599,0.0326301
10.1614,0.0326252
10.1629,0.0326203
10.1644,0.0326154
10.1659,0.0326104
10.1674,0.0326055
10.1689,0.0326006
10.1704,0.0325957
10.1719,0.0325908
10.1734,0.0325859
10.1749,0.0325809
10.1764,0.032576
10.1779,0.0325711
10.1794,0.0325662
10.1809,0.0325613
10.1824,0.0325564
10.1839,0.0325514
10.1854,0.0325465
10.1869,0.0325416
10.1884,0.0325367
10.1899,0.0325318
10.1914,0.0325269
10.1929,0.0325219
10.1944,0.032517
10.1959,0.0325121
10.1974,0.0325072
10.1989,0.0325023
10.2004,0.0324974
10.2019,0.0324925
10.2034,0.0324875
10.2049,0.0324826
10.2064,0.0324777
10.2079,0.0324728
10.2094,0.0324679
10.2109,0.032463
10.2124,0.0324581
10.2139,0.0324531
10.2154,0.0324482
10.2169,0.0324433
10.2184,0.0324384
10.2199,0.0324335
10.2214,0.0324286
10.2229,0.0324237
10.2244,0.0324187
10.2259,0.0324138
10.2274,0.0324089
10.2289,0.032404
10.2304,0.0323991
10.2319,0.0323942
10.2334,0.0323893
10.2349,0.0323844
10.2364,0.0323794
10.2379,0.0323745
10.2394,0.0323696
10.2409,0.0323647
10.2424,0.0323598
10.2439,0.0323549
10.2454,0.03235
10.2469,0.0323451
10.2484,0.0323402
10.2499,0.0323353
10.2514,0.0323303
10.2529,0.0323254
10.2544,0.0323205
10.2559,0.0323156
10.2574,0.0323107
10.2589,0.0323058
10.2604,0.0323009
10.2619,0.032296
10.2634,0.0322911
10.2649,0.0322862
10.2664,0.0322812
10.2679,0.0322763
10.2694,0.0322714
10.2709,0.0322665
10.2724,0.0322616
10.2739,0.0322567
10.2754,0.0322518
10.2769,0.0322469
10.2784,0.032242
10.2799,0.0322371
10.2814,0.0322322
10.2829,0.0322273
10.2844,0.0322224
10.2859,0.0322175
10.2874,0.0322125
10.2889,0.0322076
10.2904,0.0322027
10.2919,0.0321978
10.2934,0.0321929
10.2949,0.032188
10.2964,0.0321831
10.2979,0.0321782
10.2994,0.0321733
10.3009,0.0321684
10.3024,0.0321635
10.3039,0.0321586
10.3054,0.0321537
10.3069,0.0321488
10.3084,0.0321439
10.3099,0.032139
10.3114,0.0321341
10.3129,0.0321292
10.3144,0.0321243
10.3159,0.0321194
10.3174,0.0321145
10.3189,0.0321096
10.3204,0.0321046
10.3219,0.0320997
10.3234,0.0320948
10.3249,0.0320899
10.3264,0.032085
10.3279,0.0320801
10.3294,0.0320752
10.3309,0.0320703
10.3324,0.0320654
10.3339,0.0320605
10.3354,0.0320556
10.3369,0.0320507
10.3384,0.0320458
10.3399,0.0320409
10.3414,0.032036
10.3429,0.0320311
10.3444,0.0320262
10.3459,0.0320213
10.3474,0.0320164
10.3489,0.0320115
10.3504,0.0320066
10.3519,0.0320017
10.3534,0.0319968
10.3549,0.0319919
10.3564,0.031987
10.3579,0.0319821
10.3594,0.0319772
10.3609,0.0319723
10.3624,0.0319674
10.3639,0.0319625
10.3654,0.0319576
10.3669,0.0319527
10.3684,0.0319478
10.3699,0.0319429
10.3714,0.031938
10.3729,0.0319331
10.3744,0.0319282
10.3759,0.0319233
10.3774,0.0319184
10.3789,0.0319135
10.3804,0.0319086
10.3819,0.0319038
10.3834,0.0318989
10.3849,0.031894
10.3864,0.0318891
10.3879,0.0318842
10.3894,0.0318793
10.3909,0.0318744
10.3924,0.0318695
10.3939,0.0318646
10.3954,0.0318597
10.3969,0.0318548
10.3984,0.0318499
10.3999,0.031845
10.4014,0.0318401
10.4029,0.0318352
10.4044,0.0318303
10.4059,0.0318254
10.4074,0.0318205
10.4089,0.0318156
10.4104,0.0318107
10.4119,0.0318059
10.4134,0.031801
10.4149,0.0317961
10.4164,0.0317912
10.4179,0.0317863
10.4194,0.0317814
10.4209,0.0318932
10.4224,0.0320236
10.4239,0.0321453
10.4254,0.0322581
10.4269,0.0323624
10.4284,0.032458
10.4299,0.0325453
10.4314,0.0326243
10.4329,0.0326953
10.4344,0.0327585
10.4359,0.0328143
10.4374,0.032863
10.4389,0.0329048
10.4404,0.0329402
10.4419,0.0329694
10.4434,0.0329928
10.4449,0.0330113
10.4464,0.033027
10.4479,0.0330402
10.4494,0.033051
10.4509,0.0330598
10.4524,0.0330667
10.4539,0.0330719
10.4554,0.0330758
10.4569,0.0330783
10.4584,0.0330797
10.4599,0.03308
10.4614,0.0330793
10.4629,0.0330777
10.4644,0.0330754
10.4659,0.0330724
10.4674,0.0330688
10.4689,0.0330648
10.4704,0.0330605
10.4719,0.0330557
10.4734,0.0330507
10.4749,0.0330453
10.4764,0.0330397
10.4779,0.0330337
10.4794,0.0330274
10.4809,0.0330206
10.4824,0.0330134
10.4839,0.0330057
10.4854,0.0329974
10.4869,0.0329885
10.4884,0.0329788
10.4899,0.0329685
10.4914,0.0329573
10.4929,0.0329455
10.4944,0.0329329
10.4959,0.0329195
10.4974,0.0329056
10.4989,0.032891
10.5004,0.0328759
10.5019,0.0328602
10.5034,0.0328439
10.5049,0.0328272
10.5064,0.03281
10.5079,0.0327924
10.5094,0.0327744
10.5109,0.0327561
10.5124,0.0327376
10.5139,0.0327189
10.5154,0.0327001
10.5169,0.0326813
10.5184,0.0326625
10.5199,0.0326436
10.5214,0.0326246
10.5229,0.0326056
10.5244,0.0325863
10.5259,0.0325668
10.5274,0.0325469
10.5289,0.0325266
10.5304,0.0325057
10.5319,0.0324843
10.5334,0.0324621
10.5349,0.0324392
10.5364,0.0324156
10.5379,0.0323912
10.5394,0.032366
10.5409,0.0323401
10.5424,0.0323136
10.5439,0.0322865
10.5454,0.0322588
10.5469,0.0322306
10.5484,0.0322019
10.5499,0.0321729
10.5514,0.0321436
10.5529,0.032114
10.5544,0.0320844
10.5559,0.0320547
10.5574,0.032025
10.5589,0.0319955
10.5604,0.0319661
10.5619,0.0319371
10.5634,0.0319084
10.5649,0.0318801
10.5664,0.0318521
10.5679,0.0318244
10.5694,0.0317971
10.5709,0.0317698
10.5724,0.0317426
10.5739,0.0317154
10.5754,0.031688
10.5769,0.0316603
10.5784,0.0316322
10.5799,0.0316036
10.5814,0.0315743
10.5829,0.0315445
10.5844,0.0315139
10.5859,0.0316543
10.5874,0.0317982
10.5889,0.0319423
10.5904,0.0320867
10.5919,0.0322315
10.5934,0.0323776
10.5949,0.0325248
10.5964,0.0326733
10.5979,0.032823
10.5994,0.0329737
10.6009,0.0331255
10.6024,0.0332783
10.6039,0.033432
10.6054,0.0335864
10.6069,0.0337415
10.6084,0.0338971
10.6099,0.0340531
10.6114,0.0342094
10.6129,0.0343659
10.6144,0.0345223
10.6159,0.0346786
10.6174,0.0348346
10.6189,0.03499
10.6204,0.0351448
10.6219,0.0352988
10.6234,0.0354518
10.6249,0.0356036
10.6264,0.0357541
10.6279,0.0359031
10.6294,0.0360503
10.6309,0.0361956
10.6324,0.0363387
10.6339,0.0364795
10.6354,0.0366177
10.6369,0.0367532
10.6384,0.0368857
10.6399,0.037015
10.6414,0.0371408
10.6429,0.037263
10.6444,0.0373814
10.6459,0.0374956
10.6474,0.0376056
10.6489,0.037711
10.6504,0.0378117
10.6519,0.0379074
10.6534,0.0379979
10.6549,0.0380831
10.6564,0.0381627
10.6579,0.0382365
10.6594,0.0383042
10.6609,0.0383658
10.6624,0.0384211
10.6639,0.0384699
10.6654,0.0385121
10.6669,0.0385477
10.6684,0.0385765
10.6699,0.0385985
10.6714,0.0386137
10.6729,0.0386219
10.6744,0.0386232
10.6759,0.0386176
10.6774,0.0386085
10.6789,0.0385971
10.6804,0.0385834
10.6819,0.0385674
10.6834,0.038551
10.6849,0.0385346
10.6864,0.0385182
10.6879,0.0385018
10.6894,0.0384853
10.6909,0.0384687
10.6924,0.0384521
10.6939,0.0384355
10.6954,0.0384189
10.6969,0.0384022
10.6984,0.0383855
10.6999,0.0383688
10.7014,0.0383521
10.7029,0.0383353
10.7044,0.0383186
10.7059,0.0383019
10.7074,0.0382852
10.7089,0.0382686
10.7104,0.0382519
10.7119,0.0382353
10.7134,0.0382188
10.7149,0.0382023
10.7164,0.0381859
10.7179,0.0381695
10.7194,0.0381532
10.7209,0.0381369
10.7224,0.0381208
10.7239,0.0381047
10.7254,0.0380887
10.7269,0.0380728
10.7284,0.0380569
10.7299,0.0380412
10.7314,0.0380256
10.7329,0.0380102
10.7344,0.0379948
10.7359,0.0379795
10.7374,0.0379644
10.7389,0.0379494
10.7404,0.0379345
10.742,0.0379197
10.7435,0.0379051
10.745,0.0378906
10.7465,0.0378763
10.748,0.0378621
10.7495,0.037848
10.751,0.037834
10.7525,0.0378202
10.754,0.0378066
10.7555,0.0377931
10.757,0.0377798
10.7585,0.0377666
10.76,0.0377535
10.7615,0.0377406
10.763,0.0377279
10.7645,0.0377153
10.766,0.0377029
10.7675,0.0376907
10.769,0.0376786
10.7705,0.0376667
10.772,0.0376549
10.7735,0.0376433
10.775,0.0376318
10.7765,0.0376205
10.778,0.0376093
10.7795,0.0375983
10.781,0.0375874
10.7825,0.0375767
10.784,0.0376684
10.7855,0.0377987
10.787,0.0379263
10.7885,0.0380511
10.79,0.0381727
10.7915,0.0382913
10.793,0.0384065
10.7945,0.0385184
10.796,0.0386265
10.7975,0.0387308
10.799,0.0388311
10.8005,0.0389274
10.802,0.0390194
10.8035,0.0391072
10.805,0.0391906
10.8065,0.0392697
10.808,0.0393443
10.8095,0.0394146
10.811,0.0394804
10.8125,0.0395418
10.814,0.0395988
10.8155,0.0396515
10.817,0.0396995
10.8185,0.0397427
10.82,0.0397811
10.8215,0.0398151
10.823,0.0398464
10.8245,0.039875
10.826,0.0399012
10.8275,0.0399251
10.829,0.0399467
10.8305,0.0399662
10.832,0.0399836
10.8335,0.039999
10.835,0.0400124
10.8365,0.0400239
10.838,0.0400335
10.8395,0.0400412
10.841,0.0400469
10.8425,0.0400508
10.844,0.0400529
10.8455,0.0400532
10.847,0.0400517
10.8485,0.0400484
10.85,0.0400435
10.8515,0.0400369
10.853,0.0400288
10.8545,0.0400199
10.856,0.0400106
10.8575,0.0400009
10.859,0.039991
10.8605,0.0399809
10.862,0.0399706
10.8635,0.0399603
10.865,0.0399499
10.8665,0.0399396
10.868,0.0399293
10.8695,0.0399191
10.871,0.0399089
10.8725,0.0398988
10.874,0.0398887
10.8755,0.0398786
10.877,0.0398684
10.8785,0.0398583
10.88,0.039848
10.8815,0.0398376
10.883,0.0398272
10.8845,0.0398166
10.886,0.0398058
10.8875,0.039795
10.889,0.039784
10.8905,0.0397729
10.892,0.0397617
10.8935,0.0397505
10.895,0.0397393
10.8965,0.0397282
10.898,0.0397173
10.8995,0.0397066
10.901,0.039696
10.9025,0.0396857
10.904,0.0396755
10.9055,0.0396655
10.907,0.0396556
10.9085,0.0396459
10.91,0.0396363
10.9115,0.0396267
10.913,0.0396171
10.9145,0.0396075
10.916,0.0395979
10.9175,0.0395881
10.919,0.0395782
10.9205,0.0395682
10.922,0.0395581
10.9235,0.0395477
10.925,0.0395372
10.9265,0.0395265
10.928,0.0395157
10.9295,0.0395047
10.931,0.0394936
10.9325,0.0394825
10.934,0.0394716
10.9355,0.0394608
10.937,0.0394502
10.9385,0.0394397
10.94,0.0394295
10.9415,0.0394193
10.943,0.0394092
10.9445,0.0393992
10.946,0.0393892
10.9475,0.0393792
10.949,0.0393691
10.9505,0.0393588
10.952,0.0393483
10.9535,0.0393375
10.955,0.0393264
10.9565,0.039315
10.958,0.039303
10.9595,0.0392906
10.961,0.0392777
10.9625,0.0392642
10.964,0.0392502
10.9655,0.0392355
10.967,0.0392203
10.9685,0.0392046
10.97,0.0391884
10.9715,0.0391718
10.973,0.0391548
10.9745,0.0391376
10.976,0.0391201
10.9775,0.0391023
10.979,0.0390843
10.9805,0.0390659
10.982,0.0390472
10.9835,0.0390281
10.985,0.0390087
10.9865,0.0389887
10.988,0.0389684
10.9895,0.0389475
10.991,0.038926
10.9925,0.0389041
10.994,0.0388815
10.9955,0.0388583
10.997,0.0388345
10.9985,0.0388101
11,0.0387851
11.0015,0.0387595
11.003,0.0387334
11.0045,0.0387067
11.006,0.0386797
11.0075,0.0386524
11.009,0.038625
11.0105,0.0385974
11.012,0.0385699
11.0135,0.0385425
11.015,0.0385153
11.0165,0.0384885
11.018,0.0384619
11.0195,0.0384358
11.021,0.0384101
11.0225,0.0383848
11.024,0.03836
11.0255,0.0383358
11.027,0.0383121
11.0285,0.038289
11.03,0.0382665
11.0315,0.0382447
11.033,0.0382235
11.0345,0.038203
11.036,0.0381831
11.0375,0.038164
11.039,0.0381457
11.0405,0.0381281
11.042,0.0381114
11.0435,0.0380956
11.045,0.0380808
11.0465,0.038067
11.048,0.0380542
11.0495,0.0380424
11.051,0.0380317
11.0525,0.0380221
11.054,0.0380134
11.0555,0.0380058
11.057,0.0379992
11.0585,0.0379934
11.06,0.0379885
11.0615,0.0379843
11.063,0.0379807
11.0645,0.0379776
11.066,0.0379749
11.0675,0.0379725
11.069,0.0379702
11.0705,0.037968
11.072,0.0379657
11.0735,0.0379633
11.075,0.0379605
11.0765,0.0379574
11.078,0.0379539
11.0795,0.0379499
11.081,0.0379454
11.0825,0.0379404
11.084,0.0379349
11.0855,0.0379289
11.087,0.0379223
11.0885,0.0379152
11.09,0.0379076
11.0915,0.0378995
11.093,0.0378909
11.0945,0.0378819
11.096,0.0378724
11.0975,0.0378626
11.099,0.0378524
11.1005,0.0378417
11.102,0.0378308
11.1035,0.0378195
11.105,0.0378079
11.1065,0.0377959
11.108,0.0377836
11.1095,0.0377709
11.111,0.0377579
11.1125,0.0377445
11.114,0.0377308
11.1155,0.0377169
11.117,0.0377027
11.1185,0.0376884
11.12,0.037674
11.1215,0.0376595
11.123,0.037645
11.1245,0.0376305
11.126,0.0376162
11.1275,0.0376021
11.129,0.0375882
11.1305,0.0375745
11.132,0.0375612
11.1335,0.0375483
11.135,0.0375357
11.1365,0.0375236
11.138,0.0375119
11.1395,0.0375007
11.141,0.0374899
11.1425,0.0374796
11.144,0.0374698
11.1455,0.0374604
11.147,0.0374514
11.1485,0.0374428
11.15,0.0374345
11.1515,0.0374265
11.153,0.0374188
11.1545,0.0374114
11.156,0.0374042
11.1575,0.0373974
11.159,0.0373908
11.1605,0.0373846
11.162,0.0373786
11.1635,0.037373
11.165,0.0373676
11.1665,0.0373627
11.168,0.037358
11.1695,0.0373537
11.171,0.0373498
11.1725,0.0373462
11.174,0.037343
11.1755,0.0373401
11.177,0.0373376
11.1785,0.0373354
11.18,0.0373337
11.1815,0.0373323
11.183,0.0373311
11.1845,0.0373301
11.186,0.0373293
11.1875,0.0373285
11.189,0.0373277
11.1905,0.0373269
11.192,0.0373261
11.1935,0.0373252
11.195,0.0373242
11.1965,0.0373231
11.198,0.037322
11.1995,0.0373208
11.201,0.0373196
11.2025,0.0373183
11.204,0.037317
11.2055,0.0373157
11.207,0.0373144
11.2085,0.0373132
11.21,0.037312
11.2115,0.0373108
11.213,0.0373097
11.2145,0.0373087
11.216,0.0373078
11.2175,0.037307
11.219,0.0373062
11.2205,0.0373056
11.222,0.0373049
11.2235,0.0373044
11.225,0.0373038
11.2265,0.0373033
11.228,0.0373027
11.2295,0.0373021
11.231,0.0373016
11.2325,0.0373009
11.234,0.0373003
11.2355,0.0372996
11.237,0.0372988
11.2385,0.037298
11.24,0.0372972
11.2415,0.0372963
11.243,0.0372954
11.2445,0.0372945
11.246,0.0372935
11.2475,0.0372926
11.249,0.0372918
11.2505,0.0372909
11.252,0.0372901
11.2535,0.0372894
11.255,0.0372887
11.2565,0.0372881
11.258,0.0372876
11.2595,0.0372871
11.261,0.0372866
11.2625,0.0372862
11.264,0.0372858
11.2655,0.0372854
11.267,0.037285
11.2685,0.0372846
11.27,0.0372842
11.2715,0.0372838
11.273,0.0372834
11.2745,0.0372829
11.276,0.0372824
11.2775,0.0372819
11.279,0.0372814
11.2805,0.0372808
11.282,0.0372802
11.2835,0.0372796
11.285,0.037279
11.2865,0.0372784
11.288,0.0372778
11.2895,0.0372772
11.291,0.0372767
11.2925,0.0372762
11.294,0.0372757
11.2955,0.0372753
11.297,0.0372749
11.2985,0.0372746
11.3,0.0372743
11.3015,0.037274
11.303,0.0372737
11.3045,0.0372734
11.306,0.0372732
11.3075,0.0372729
11.309,0.0372726
11.3105,0.0372724
11.312,0.0372721
11.3135,0.0372718
11.315,0.0372715
11.3165,0.0372712
11.318,0.0372709
11.3195,0.0372706
11.321,0.0372702
11.3225,0.0372699
11.324,0.0372695
11.3255,0.0372691
11.327,0.0372687
11.3285,0.0372683
11.33,0.037268
11.3315,0.0372677
11.333,0.0372674
11.3345,0.0372671
11.336,0.0372668
11.3375,0.0372666
11.339,0.0372664
11.3405,0.0372662
11.342,0.0372661
11.3435,0.0372659
11.345,0.0372657
11.3465,0.0372656
11.348,0.0372654
11.3495,0.0372653
11.351,0.0372651
11.3525,0.0372649
11.354,0.0372648
11.3555,0.0372646
11.357,0.0372644
11.3585,0.0372642
11.36,0.037264
11.3615,0.0372638
11.363,0.0372636
11.3645,0.0372634
11.366,0.0372631
11.3675,0.0372629
11.369,0.0372627
11.3705,0.0372625
11.372,0.0372623
11.3735,0.0372621
11.375,0.037262
11.3765,0.0372618
11.378,0.0372617
11.3795,0.0372616
11.381,0.0372615
11.3825,0.0372613
11.384,0.0372612
11.3855,0.0372612
11.387,0.0372611
11.3885,0.037261
11.39,0.0372609
11.3915,0.0372608
11.393,0.0372607
11.3945,0.0372605
11.396,0.0372604
11.3975,0.0372603
11.399,0.0372602
11.4005,0.03726
11.402,0.0372599
11.4035,0.0372598
11.405,0.0372596
11.4065,0.0372595
11.408,0.0372593
11.4095,0.0372592
11.411,0.037259
11.4125,0.0372589
11.414,0.0372588
11.4155,0.0372587
11.417,0.0372586
11.4185,0.0372585
11.42,0.0372584
11.4215,0.0372583
11.423,0.0372582
11.4245,0.0372581
11.426,0.0372581
11.4275,0.037258
11.429,0.0372579
11.4305,0.0372579
11.432,0.0372578
11.4335,0.0372577
11.435,0.0372576
11.4365,0.0372575
11.438,0.0372574
11.4395,0.0372573
11.441,0.0372572
11.4425,0.0372571
11.444,0.037257
11.4455,0.0372569
11.447,0.0372568
11.4485,0.0372567
11.45,0.0372566
11.4515,0.0372565
11.453,0.0372565
11.4545,0.0372564
11.456,0.0372563
11.4575,0.0372562
11.459,0.0372561
11.4605,0.0372561
11.462,0.037256
11.4635,0.037256
11.465,0.0372559
11.4665,0.0372558
11.468,0.0372558
11.4695,0.0372557
11.471,0.0372557
11.4725,0.0372556
11.474,0.0372556
11.4755,0.0372555
11.477,0.0372555
11.4785,0.0372554
11.48,0.0372553
11.4815,0.0372552
11.483,0.0372552
11.4845,0.0372551
11.486,0.037255
11.4875,0.037255
11.489,0.0372549
11.4905,0.0372548
11.492,0.0372548
11.4935,0.0372547
11.495,0.0372547
11.4965,0.0372546
11.498,0.0372546
11.4995,0.0372545
11.501,0.0372545
11.5025,0.0372544
11.504,0.0372544
11.5055,0.0372544
11.507,0.0372543
11.5085,0.0372543
11.51,0.0372543
11.5115,0.0372542
11.513,0.0372542
11.5145,0.0372542
11.516,0.0372541
11.5175,0.0372541
11.519,0.0372541
11.5205,0.037254
11.522,0.037254
11.5235,0.0372539
11.525,0.0372539
11.5265,0.0372538
11.528,0.0372538
11.5295,0.0372538
11.531,0.0372537
11.5325,0.0372537
11.534,0.0372537
11.5355,0.0372536
11.537,0.0372536
11.5385,0.0372536
11.54,0.0372535
11.5415,0.0372535
11.543,0.0372535
11.5445,0.0372535
11.546,0.0372535
11.5475,0.0372534
11.549,0.0372534
11.5505,0.0372534
11.552,0.0372534
11.5535,0.0372534
11.555,0.0372534
11.5565,0.0372534
11.558,0.0372534
11.5595,0.0372533
11.561,0.0372533
11.5625,0.0372533
11.564,0.0372533
11.5655,0.0372533
11.567,0.0372532
11.5685,0.0372532
11.57,0.0372532
11.5715,0.0372532
11.573,0.0372532
11.5745,0.0372532
11.576,0.0372532
11.5775,0.0372531
11.579,0.0372531
11.5805,0.0372531
11.582,0.0372531
11.5835,0.0372531
11.585,0.0372531
11.5865,0.0372531
11.588,0.0372531
11.5895,0.0372532
11.591,0.0372532
11.5925,0.0372532
11.594,0.0372532
11.5955,0.0372532
11.597,0.0372532
11.5985,0.0372532
11.6,0.0372532
11.6015,0.0372532
11.603,0.0372532
11.6045,0.0372532
11.606,0.0372532
11.6075,0.0372532
11.609,0.0372532
11.6105,0.0372532
11.612,0.0372532
11.6135,0.0372532
11.615,0.0372532
11.6165,0.0372532
11.618,0.0372532
11.6195,0.0372533
11.621,0.0372533
11.6225,0.0372533
11.624,0.0372533
11.6255,0.0372533
11.627,0.0372534
11.6285,0.0372534
11.63,0.0372534
11.6315,0.0372535
11.633,0.0372535
11.6345,0.0372535
11.636,0.0372535
11.6375,0.0372536
11.639,0.0372536
11.6405,0.0372536
11.642,0.0372536
11.6435,0.0372537
11.645,0.0372537
11.6465,0.0372537
11.648,0.0372537
11.6495,0.0372537
11.651,0.0372537
11.6525,0.0372538
11.654,0.0372538
11.6555,0.0372538
11.657,0.0372538
11.6585,0.0372538
11.66,0.0372539
11.6615,0.0372539
11.663,0.0372539
11.6645,0.037254
11.666,0.037254
11.6675,0.0372541
11.669,0.0372541
11.6705,0.0372542
11.672,0.0372542
11.6735,0.0372543
11.675,0.0372543
11.6765,0.0372544
11.678,0.0372544
11.6795,0.0372545
11.681,0.0372545
11.6825,0.0372545
11.684,0.0372546
11.6855,0.0372546
11.687,0.0372547
11.6885,0.0372547
11.69,0.0372547
11.6915,0.0372547
11.693,0.0372547
11.6945,0.0372548
11.696,0.0372548
11.6975,0.0372548
11.699,0.0372549
11.7005,0.0372549
11.702,0.037255
11.7035,0.037255
11.705,0.0372551
11.7065,0.0372551
11.708,0.0372552
11.7095,0.0372553
11.711,0.0372554
11.7125,0.0372554
11.714,0.0372555
11.7155,0.0372556
11.717,0.0372556
11.7185,0.0372557
11.72,0.0372558
11.7215,0.0372558
11.723,0.0372559
11.7245,0.0372559
11.726,0.037256
11.7275,0.037256
11.729,0.037256
11.7305,0.037256
11.732,0.037256
11.7335,0.0372561
11.735,0.0372561
11.7365,0.0372561
11.738,0.0372561
11.7395,0.0372562
11.741,0.0372562
11.7425,0.0372563
11.744,0.0372564
11.7455,0.0372564
11.747,0.0372565
11.7485,0.0372566
11.75,0.0372567
11.7515,0.0372568
11.753,0.0372565
11.7545,0.0372556
11.756,0.0372536
11.7575,0.0372501
11.759,0.0372447
11.7605,0.0372367
11.762,0.0372255
11.7635,0.0372102
11.765,0.0371902
11.7665,0.0371646
11.768,0.0371325
11.7695,0.0370931
11.771,0.0370453
11.7725,0.0369886
11.774,0.036922
11.7755,0.0368449
11.777,0.0367565
11.7785,0.0366565
11.78,0.0365442
11.7815,0.0364194
11.783,0.0362816
11.7845,0.0361308
11.786,0.0359669
11.7875,0.0358936
11.789,0.0358892
11.7905,0.0358838
11.792,0.0358769
11.7935,0.0358682
11.795,0.0358575
11.7965,0.035844
11.798,0.0358272
11.7995,0.0358061
11.801,0.03578
11.8025,0.0357482
11.804,0.0357097
11.8055,0.035664
11.807,0.0356102
11.8085,0.0355476
11.81,0.0354754
11.8115,0.0353932
11.813,0.0353003
11.8145,0.0351962
11.816,0.0350804
11.8175,0.0349525
11.819,0.0348122
11.8205,0.0346594
11.822,0.0344937
11.8235,0.0343151
11.825,0.0342215
11.8265,0.0342178
11.828,0.034213
11.8295,0.0342067
11.831,0.0341986
11.8325,0.0341881
11.834,0.0341748
11.8355,0.0341584
11.837,0.0341382
11.8385,0.034114
11.84,0.0340852
11.8415,0.0340513
11.843,0.0340121
11.8445,0.033954
11.846,0.033876
11.8475,0.0337786
11.849,0.0336627
11.8505,0.0335289
11.852,0.0333779
11.8535,0.0332101
11.855,0.0330264
11.8565,0.0328272
11.858,0.0326133
11.8595,0.0323851
11.861,0.0321435
11.8625,0.0318892
11.864,0.0316227
11.8655,0.031345
11.867,0.0310566
11.8685,0.0307584
11.87,0.0304512
11.8715,0.0301357
11.873,0.0298131
11.8745,0.0294846
11.876,0.0291517
11.8775,0.0288155
11.879,0.0284773
11.8805,0.0281383
11.882,0.0277998
11.8835,0.0274474
11.885,0.0270892
11.8865,0.0270845
11.888,0.0270798
11.8895,0.0270751
11.891,0.0270704
11.8925,0.0270657
11.894,0.027061
11.8955,0.0270563
11.897,0.0270516
11.8986,0.0270469
11.9001,0.0270422
11.9016,0.0270376
11.9031,0.0270329
11.9046,0.0270282
11.9061,0.0270235
11.9076,0.0270188
11.9091,0.0270141
11.9106,0.0270094
11.9121,0.0270047
11.9136,0.027
11.9151,0.0269953
11.9166,0.0269906
11.9181,0.0269859
11.9196,0.0269812
11.9211,0.0269765
11.9226,0.0269719
11.9241,0.0269672
11.9256,0.0269625
11.9271,0.0269578
11.9286,0.0269531
11.9301,0.0269484
11.9316,0.0269437
11.9331,0.026939
11.9346,0.0269343
11.9361,0.0269297
11.9376,0.026925
11.9391,0.0269203
11.9406,0.0269156
11.9421,0.0269109
11.9436,0.0269062
11.9451,0.0269015
11.9466,0.0268968
11.9481,0.0268922
11.9496,0.0268875
11.9511,0.0268828
11.9526,0.0268781
11.9541,0.0268734
11.9556,0.0268687
11.9571,0.026864
11.9586,0.0268594
11.9601,0.0268547
11.9616,0.02685
11.9631,0.0268453
11.9646,0.0268406
11.9661,0.0268359
11.9676,0.0268313
11.9691,0.0268266
11.9706,0.0268219
11.9721,0.0268172
11.9736,0.0268125
11.9751,0.0268079
11.9766,0.0268032
11.9781,0.0267985
11.9796,0.0267938
11.9811,0.0267891
11.9826,0.0267844
11.9841,0.0267798
11.9856,0.0267751
11.9871,0.0267704
11.9886,0.0267657
11.9901,0.026761
11.9916,0.0267564
11.9931,0.0267517
11.9946,0.026747
11.9961,0.0267423
11.9976,0.0267377
11.9991,0.026733
12.0006,0.0267283
12.0021,0.0267236
12.0036,0.026719
12.0051,0.0267143
12.0066,0.0267096
12.0081,0.0267049
12.0096,0.0267002
12.0111,0.0266956
12.0126,0.0266909
12.0141,0.0266862
12.0156,0.0266815
12.0171,0.0266769
12.0186,0.0266722
12.0201,0.0266675
12.0216,0.0266629
12.0231,0.0266582
12.0246,0.0266535
12.0261,0.0266488
12.0276,0.0266442
12.0291,0.0266395
12.0306,0.0266348
12.0321,0.0266302
12.0336,0.0266255
12.0351,0.0266208
12.0366,0.0266161
12.0381,0.0266115
12.0396,0.0266068
12.0411,0.0266021
12.0426,0.0265975
12.0441,0.0265928
12.0456,0.0265881
12.0471,0.0265834
12.0486,0.0265788
12.0501,0.0265741
12.0516,0.0265694
12.0531,0.0265648
12.0546,0.0265601
12.0561,0.0265554
12.0576,0.0265508
12.0591,0.0265461
12.0606,0.0265414
12.0621,0.0265368
12.0636,0.0265321
12.0651,0.0265274
12.0666,0.0265228
12.0681,0.0265181
12.0696,0.0265134
12.0711,0.0265088
12.0726,0.0265041
12.0741,0.0264995
12.0756,0.0264948
12.0771,0.0264901
12.0786,0.0264853
12.0801,0.0264804
12.0816,0.0264752
12.0831,0.0264698
12.0846,0.0264641
12.0861,0.026458
12.0876,0.0264513
12.0891,0.026444
12.0906,0.0264357
12.0921,0.0264264
12.0936,0.0264159
12.0951,0.0264039
12.0966,0.0263904
12.0981,0.0263751
12.0996,0.0263579
12.1011,0.0263386
12.1026,0.026317
12.1041,0.026293
12.1056,0.0262665
12.1071,0.0262373
12.1086,0.0262053
12.1101,0.0261703
12.1116,0.0261321
12.1131,0.0260908
12.1146,0.0260462
12.1161,0.0259982
12.1176,0.0259467
12.1191,0.0258917
12.1206,0.0258329
12.1221,0.0257703
12.1236,0.0257036
12.1251,0.0256329
12.1266,0.0255586
12.1281,0.0255631
12.1296,0.0255675
12.1311,0.0255719
12.1326,0.0255762
12.1341,0.0255805
12.1356,0.0255847
12.1371,0.0255889
12.1386,0.025593
12.1401,0.025597
12.1416,0.025601
12.1431,0.0256048
12.1446,0.0256086
12.1461,0.0256123
12.1476,0.0256158
12.1491,0.0256193
12.1506,0.0256226
12.1521,0.0256258
12.1536,0.0256288
12.1551,0.0256316
12.1566,0.0256343
12.1581,0.0256368
12.1596,0.0256391
12.1611,0.0256412
12.1626,0.0256431
12.1641,0.0256447
12.1656,0.025646
12.1671,0.0256471
12.1686,0.0256478
12.1701,0.0256483
12.1716,0.0256484
12.1731,0.0256482
12.1746,0.0256474
12.1761,0.0256461
12.1776,0.0256442
12.1791,0.0256416
12.1806,0.0256381
12.1821,0.0256338
12.1836,0.0256285
12.1851,0.025622
12.1866,0.0256142
12.1881,0.0256051
12.1896,0.0255944
12.1911,0.0255819
12.1926,0.0255677
12.1941,0.0255514
12.1956,0.025533
12.1971,0.0255122
12.1986,0.0254889
12.2001,0.0254629
12.2016,0.025434
12.2031,0.0254022
12.2046,0.025367
12.2061,0.0253656
12.2076,0.02537
12.2091,0.0253743
12.2106,0.0253786
12.2121,0.0253829
12.2136,0.0253871
12.2151,0.0253913
12.2166,0.0253955
12.2181,0.0253996
12.2196,0.0254036
12.2211,0.0254076
12.2226,0.0254115
12.2241,0.0254154
12.2256,0.0254192
12.2271,0.0254229
12.2286,0.0254266
12.2301,0.0254302
12.2316,0.0254337
12.2331,0.0254372
12.2346,0.0254405
12.2361,0.0254438
12.2376,0.025447
12.2391,0.02545
12.2406,0.0254537
12.2421,0.0254585
12.2436,0.0254632
12.2451,0.0254679
12.2466,0.0254726
12.2481,0.0254773
12.2496,0.025482
12.2511,0.0254867
12.2526,0.0254913
12.2541,0.025496
12.2556,0.0255006
12.2571,0.0255053
12.2586,0.0255099
12.2601,0.0255145
12.2616,0.0255191
12.2631,0.0255237
12.2646,0.0255282
12.2661,0.0255328
12.2676,0.0255373
12.2691,0.0255418
12.2706,0.0255463
12.2721,0.0255507
12.2736,0.0255552
12.2751,0.0255596
12.2766,0.025564
12.2781,0.0255684
12.2796,0.0255727
12.2811,0.025577
12.2826,0.0255813
12.2841,0.0255856
12.2856,0.0255898
12.2871,0.025594
12.2886,0.0255982
12.2901,0.0256022
12.2916,0.0256062
12.2931,0.0256101
12.2946,0.0256139
12.2961,0.0256176
12.2976,0.0256212
12.2991,0.0256246
12.3006,0.0256278
12.3021,0.0256309
12.3036,0.0256338
12.3051,0.0256365
12.3066,0.025639
12.3081,0.0256413
12.3096,0.0256434
12.3111,0.0256453
12.3126,0.0256469
12.3141,0.0256483
12.3156,0.0256494
12.3171,0.0256501
12.3186,0.0256506
12.3201,0.0256508
12.3216,0.0256506
12.3231,0.02565
12.3246,0.025649
12.3261,0.025651
12.3276,0.0256551
12.3291,0.0256592
12.3306,0.0256633
12.3321,0.0256673
12.3336,0.0256712
12.3351,0.0256751
12.3366,0.0256789
12.3381,0.0256826
12.3396,0.0256863
12.3411,0.0256899
12.3426,0.0256934
12.3441,0.0256968
12.3456,0.0256999
12.3471,0.0257025
12.3486,0.0257045
12.3501,0.025706
12.3516,0.0257067
12.3531,0.0257066
12.3546,0.0257057
12.3561,0.0257039
12.3576,0.0257012
12.3591,0.0256987
12.3606,0.0257027
12.3621,0.0257067
12.3636,0.0257106
12.3651,0.0257145
12.3666,0.0257183
12.3681,0.025722
12.3696,0.0257258
12.3711,0.0257309
12.3726,0.0257359
12.3741,0.0257409
12.3756,0.025746
12.3771,0.025751
12.3786,0.025756
12.3801,0.0257611
12.3816,0.0257661
12.3831,0.0257711
12.3846,0.0257762
12.3861,0.0257812
12.3876,0.0257862
12.3891,0.0257912
12.3906,0.0257963
12.3921,0.0258013
12.3936,0.0258063
12.3951,0.0258114
12.3966,0.0258164
12.3981,0.0258214
12.3996,0.0258264
12.4011,0.0258314
12.4026,0.0258365
12.4041,0.0258415
12.4056,0.0258465
12.4071,0.0258515
12.4086,0.0258565
12.4101,0.0258615
12.4116,0.0258665
12.4131,0.0258716
12.4146,0.0258766
12.4161,0.0258816
12.4176,0.0258866
12.4191,0.0258916
12.4206,0.0258966
12.4221,0.0259016
12.4236,0.0259065
12.4251,0.0259115
12.4266,0.0259165
12.4281,0.0259215
12.4296,0.0259265
12.4311,0.0259314
12.4326,0.0259364
12.4341,0.0259414
12.4356,0.0259463
12.4371,0.0259513
12.4386,0.0259562
12.4401,0.0259612
12.4416,0.0259661
12.4431,0.025971
12.4446,0.0259759
12.4461,0.0259808
12.4476,0.0259857
12.4491,0.0259906
12.4506,0.0259954
12.4521,0.0260002
12.4536,0.026005
12.4551,0.0260098
12.4566,0.0260145
12.4581,0.0260192
12.4596,0.0260239
12.4611,0.0260286
12.4626,0.0260332
12.4641,0.0260377
12.4656,0.0260422
12.4671,0.0260467
12.4686,0.0260511
12.4701,0.0260555
12.4716,0.0260598
12.4731,0.026064
12.4746,0.0260682
12.4761,0.0260723
12.4776,0.0260764
12.4791,0.0260803
12.4806,0.0260842
12.4821,0.0260879
12.4836,0.0260916
12.4851,0.0260952
12.4866,0.0260987
12.4881,0.0261021
12.4896,0.0261053
12.4911,0.0261084
12.4926,0.0261114
12.4941,0.0261143
12.4956,0.026117
12.4971,0.0261196
12.4986,0.026122
12.5001,0.0261243
12.5016,0.0261263
12.5031,0.0261282
12.5046,0.0261299
12.5061,0.0261315
12.5076,0.0261328
12.5091,0.0261339
12.5106,0.0261348
12.5121,0.0261354
12.5136,0.0261358
12.5151,0.026136
12.5166,0.0261359
12.5181,0.0261355
12.5196,0.0261349
12.5211,0.026134
12.5226,0.0261327
12.5241,0.0261312
12.5256,0.0261294
12.5271,0.0261272
12.5286,0.0261247
12.5301,0.0261219
12.5316,0.0261187
12.5331,0.0261152
12.5346,0.0261113
12.5361,0.026107
12.5376,0.0261022
12.5391,0.0260968
12.5406,0.0260907
12.5421,0.0260839
12.5436,0.0260763
12.5451,0.0260677
12.5466,0.0260581
12.5481,0.0260473
12.5496,0.0260354
12.5511,0.0260221
12.5526,0.0260074
12.5541,0.0259912
12.5556,0.0259733
12.5571,0.0259518
12.5586,0.0259239
12.5601,0.0258898
12.5616,0.0258496
12.5631,0.0258034
12.5646,0.0257514
12.5661,0.0256937
12.5676,0.0256304
12.5691,0.0255618
12.5706,0.0254879
12.5721,0.0254091
12.5736,0.0254062
12.5751,0.0254109
12.5766,0.0254156
12.5781,0.0254202
12.5796,0.0254247
12.5811,0.0254293
12.5826,0.0254338
12.5841,0.0254383
12.5856,0.0254427
12.5871,0.0254471
12.5886,0.0254515
12.5901,0.0254558
12.5916,0.02546
12.5931,0.0254642
12.5946,0.0254684
12.5961,0.0254724
12.5976,0.0254765
12.5991,0.0254804
12.6006,0.0254843
12.6021,0.0254881
12.6036,0.0254919
12.6051,0.0254955
12.6066,0.0254991
12.6081,0.0255025
12.6096,0.0255059
12.6111,0.0255092
12.6126,0.0255124
12.6141,0.0255154
12.6156,0.0255183
12.6171,0.0255211
12.6186,0.0255238
12.6201,0.0255263
12.6216,0.0255287
12.6231,0.0255308
12.6246,0.0255327
12.6261,0.0255343
12.6276,0.0255356
12.6291,0.0255364
12.6306,0.0255367
12.6321,0.0255361
12.6336,0.025534
12.6351,0.0255303
12.6366,0.0255249
12.6381,0.0255177
12.6396,0.0255087
12.6411,0.0254978
12.6426,0.025485
12.6441,0.0254702
12.6456,0.0254532
12.6471,0.0254341
12.6486,0.0254126
12.6501,0.0253886
12.6516,0.0253621
12.6531,0.025333
12.6546,0.0253012
12.6561,0.0252665
12.6576,0.0252289
12.6591,0.0251884
12.6606,0.0251842
12.6621,0.0251891
12.6636,0.0251939
12.6651,0.0251987
12.6666,0.0252035
12.6681,0.0252083
12.6696,0.0252131
12.6711,0.0252179
12.6726,0.0252227
12.6741,0.0252275
12.6756,0.0252322
12.6771,0.025237
12.6786,0.0252417
12.6801,0.0252465
12.6816,0.0252512
12.6831,0.0252559
12.6846,0.0252605
12.6861,0.0252652
12.6876,0.0252698
12.6891,0.0252744
12.6906,0.025279
12.6921,0.0252836
12.6936,0.0252881
12.6951,0.0252926
12.6966,0.0252971
12.6981,0.0253016
12.6996,0.0253059
12.7011,0.0253103
12.7026,0.0253146
12.7041,0.0253188
12.7056,0.025323
12.7071,0.0253271
12.7086,0.0253312
12.7101,0.0253352
12.7116,0.025339
12.7131,0.0253428
12.7146,0.0253465
12.7161,0.0253501
12.7176,0.0253535
12.7191,0.0253568
12.7206,0.02536
12.7221,0.025363
12.7236,0.0253658
12.7251,0.0253685
12.7266,0.025371
12.7281,0.0253733
12.7296,0.0253754
12.7311,0.0253773
12.7326,0.0253791
12.7341,0.0253806
12.7356,0.0253819
12.7371,0.025383
12.7386,0.0253838
12.7401,0.0253844
12.7416,0.0253847
12.7431,0.0253846
12.7446,0.0253842
12.7461,0.0253833
12.7476,0.0253818
12.7491,0.0253798
12.7506,0.025377
12.7521,0.0253736
12.7536,0.0253694
12.7551,0.0253644
12.7566,0.0253585
12.7581,0.0253517
12.7596,0.0253436
12.7611,0.0253344
12.7626,0.0253362
12.7641,0.025341
12.7656,0.0253458
12.7671,0.0253506
12.7686,0.0253554
12.7701,0.0253602
12.7716,0.025365
12.7731,0.0253698
12.7746,0.0253746
12.7761,0.0253794
12.7776,0.0253842
12.7791,0.025389
12.7806,0.0253938
12.7821,0.0253986
12.7836,0.0254034
12.7851,0.0254082
12.7866,0.025413
12.7881,0.0254178
12.7896,0.0254226
12.7911,0.0254274
12.7926,0.0254322
12.7941,0.025437
12.7956,0.0254418
12.7971,0.0254466
12.7986,0.0254513
12.8001,0.0254561
12.8016,0.0254609
12.8031,0.0254657
12.8046,0.0254705
12.8061,0.0254752
12.8076,0.02548
12.8091,0.0254848
12.8106,0.0254896
12.8121,0.0254945
12.8136,0.0254999
12.8151,0.0255053
12.8166,0.0255107
12.8181,0.0255161
12.8196,0.0255214
12.8211,0.0255268
12.8226,0.0255322
12.8241,0.0255376
12.8256,0.0255429
12.8271,0.0255483
12.8286,0.0255537
12.8301,0.0255591
12.8316,0.0255644
12.8331,0.0255698
12.8346,0.0255752
12.8361,0.0255806
12.8376,0.025586
12.8391,0.0255913
12.8406,0.0255967
12.8421,0.0256021
12.8436,0.0256075
12.8451,0.0256128
12.8466,0.0256182
12.8481,0.0256236
12.8496,0.025629
12.8511,0.0256343
12.8526,0.0256397
12.8541,0.0256451
12.8556,0.0256505
12.8571,0.0256559
12.8586,0.0256612
12.8601,0.0256666
12.8616,0.025672
12.8631,0.0256774
12.8646,0.0256827
12.8661,0.0256881
12.8676,0.0256935
12.8691,0.0256989
12.8706,0.0257042
12.8721,0.0257096
12.8736,0.025715
12.8751,0.0257204
12.8766,0.0257258
12.8781,0.0257311
12.8796,0.0257365
12.8811,0.0257419
12.8826,0.0257473
12.8841,0.0257526
12.8856,0.025758
12.8871,0.0257634
12.8886,0.0257688
12.8901,0.0257742
12.8916,0.0257795
12.8931,0.0257849
12.8946,0.0257903
12.8961,0.0257957
12.8976,0.025801
12.8991,0.0258064
12.9006,0.0258118
12.9021,0.0258172
12.9036,0.0258225
12.9051,0.0258279
12.9066,0.0258333
12.9081,0.0258387
12.9096,0.025844
12.9111,0.0258494
12.9126,0.0258548
12.9141,0.0258602
12.9156,0.0258656
12.9171,0.0258709
12.9186,0.0258763
12.9201,0.0258817
12.9216,0.0258871
12.9231,0.0258924
12.9246,0.0258978
12.9261,0.0259032
12.9276,0.0259086
12.9291,0.0259139
12.9306,0.0259193
12.9321,0.0259247
12.9336,0.0259301
12.9351,0.0259355
12.9366,0.0259408
12.9381,0.0259462
12.9396,0.0259516
12.9411,0.025957
12.9426,0.0259623
12.9441,0.0259677
12.9456,0.0259731
12.9471,0.0259785
12.9486,0.0259838
12.9501,0.0259892
12.9516,0.0259946
12.9531,0.026
12.9546,0.0260054
12.9561,0.0260107
12.9576,0.0260161
12.9591,0.0260215
12.9606,0.0260269
12.9621,0.0260322
12.9636,0.0260376
12.9651,0.026043
12.9666,0.0260484
12.9681,0.0260538
12.9696,0.0260591
12.9711,0.0260645
12.9726,0.0260699
12.9741,0.0260753
12.9756,0.0260806
12.9771,0.026086
12.9786,0.0260914
12.9801,0.0260968
12.9816,0.0261021
12.9831,0.0261075
12.9846,0.0261129
12.9861,0.0261183
12.9876,0.0261237
12.9891,0.026129
12.9906,0.0261344
12.9921,0.0261398
12.9936,0.0261452
12.9951,0.0261505
12.9966,0.0261559
12.9981,0.0261613
12.9996,0.0261667
13.0011,0.026172
13.0026,0.0261774
13.0041,0.0261828
13.0056,0.0261882
13.0071,0.0261936
13.0086,0.0261989
13.0101,0.0262043
13.0116,0.0262097
13.0131,0.0262151
13.0146,0.0262204
13.0161,0.0262258
13.0176,0.0262312
13.0191,0.0262366
13.0206,0.0262419
13.0221,0.0262473
13.0236,0.0262527
13.0251,0.0262581
13.0266,0.0262635
13.0281,0.0262688
13.0296,0.0262742
13.0311,0.0262796
13.0326,0.026285
13.0341,0.0262903
13.0356,0.0262957
13.0371,0.0263011
13.0386,0.0263065
13.0401,0.0263118
13.0416,0.0263172
13.0431,0.0263226
13.0446,0.026328
13.0461,0.0263334
13.0476,0.0263387
13.0491,0.0263441
13.0506,0.0263495
13.0521,0.0263549
13.0536,0.0263602
13.0552,0.0263656
13.0567,0.026371
13.0582,0.0263764
13.0597,0.0263817
13.0612,0.0263871
13.0627,0.0263925
13.0642,0.0263979
13.0657,0.0264033
13.0672,0.0264086
13.0687,0.026414
13.0702,0.0264194
13.0717,0.0264248
13.0732,0.0264301
13.0747,0.0264355
13.0762,0.0264409
13.0777,0.0264463
13.0792,0.0264516
13.0807,0.026457
13.0822,0.0264624
13.0837,0.0264678
13.0852,0.0264732
13.0867,0.0264785
13.0882,0.0264839
13.0897,0.0264893
13.0912,0.0264947
13.0927,0.0265
13.0942,0.0265054
13.0957,0.0265108
13.0972,0.0265162
13.0987,0.0265215
13.1002,0.0265269
13.1017,0.0265323
13.1032,0.0265377
13.1047,0.0265431
13.1062,0.0265484
13.1077,0.0265538
13.1092,0.0265592
13.1107,0.0265646
13.1122,0.0265699
13.1137,0.0265753
13.1152,0.0265807
13.1167,0.0265861
13.1182,0.0265915
13.1197,0.0265968
13.1212,0.0266022
13.1227,0.0266076
13.1242,0.026613
13.1257,0.0266183
13.1272,0.0266237
13.1287,0.0266291
13.1302,0.0266345
13.1317,0.0266398
13.1332,0.0266452
13.1347,0.0266506
13.1362,0.026656
13.1377,0.0266614
13.1392,0.0266667
13.1407,0.0266721
13.1422,0.0266775
13.1437,0.0266829
13.1452,0.0266882
13.1467,0.0266936
13.1482,0.026699
13.1497,0.0267044
13.1512,0.0267097
13.1527,0.0267295
13.1542,0.0268384
13.1557,0.0269305
13.1572,0.0270062
13.1587,0.0270693
13.1602,0.0271224
13.1617,0.0271651
13.1632,0.0271975
13.1647,0.0272194
13.1662,0.0272307
13.1677,0.0272312
13.1692,0.0272209
13.1707,0.0271998
13.1722,0.0271678
13.1737,0.0271249
13.1752,0.027071
13.1767,0.0270061
13.1782,0.0269305
13.1797,0.0268439
13.1812,0.0268173
13.1827,0.0268227
13.1842,0.026828
13.1857,0.0268334
13.1872,0.0268388
13.1887,0.0268442
13.1902,0.0268496
13.1917,0.0268549
13.1932,0.0268603
13.1947,0.0268657
13.1962,0.0268711
13.1977,0.0268764
13.1992,0.0268818
13.2007,0.0268872
13.2022,0.0268926
13.2037,0.0268979
13.2052,0.0269033
13.2067,0.0269087
13.2082,0.0269141
13.2097,0.0269195
13.2112,0.0269248
13.2127,0.0269302
13.2142,0.0269356
13.2157,0.026941
13.2172,0.0269463
13.2187,0.0269517
13.2202,0.0269571
13.2217,0.0269625
13.2232,0.0269678
13.2247,0.0269732
13.2262,0.0269786
13.2277,0.026984
13.2292,0.0269894
13.2307,0.0269947
13.2322,0.0270001
13.2337,0.0270055
13.2352,0.0270109
13.2367,0.0270162
13.2382,0.0270216
13.2397,0.027027
13.2412,0.0270324
13.2427,0.0270377
13.2442,0.0270431
13.2457,0.0270485
13.2472,0.0270539
13.2487,0.0270593
13.2502,0.0270646
13.2517,0.02707
13.2532,0.0270754
13.2547,0.0270808
13.2562,0.0270861
13.2577,0.0270915
13.2592,0.0270969
13.2607,0.0271023
13.2622,0.0271077
13.2637,0.027113
13.2652,0.0271184
13.2667,0.0271238
13.2682,0.0271292
13.2697,0.0271345
13.2712,0.0271399
13.2727,0.0271453
13.2742,0.0271507
13.2757,0.027156
13.2772,0.0271614
13.2787,0.0271668
13.2802,0.0271722
13.2817,0.0271776
13.2832,0.0271829
13.2847,0.0271883
13.2862,0.0271937
13.2877,0.0271991
13.2892,0.0272044
13.2907,0.0272098
13.2922,0.0272152
13.2937,0.0272206
13.2952,0.0272259
13.2967,0.0272313
13.2982,0.0272367
13.2997,0.0272421
13.3012,0.0272475
13.3027,0.0272528
13.3042,0.0272582
13.3057,0.0272636
13.3072,0.027269
13.3087,0.0272743
13.3102,0.0272797
13.3117,0.0272851
13.3132,0.0272905
13.3147,0.0272959
13.3162,0.0273012
13.3177,0.0273066
13.3192,0.027312
13.3207,0.0273174
13.3222,0.0273227
13.3237,0.0273281
13.3252,0.0273335
13.3267,0.0273389
13.3282,0.0273442
13.3297,0.0273496
13.3312,0.027355
13.3327,0.0273604
13.3342,0.0273658
13.3357,0.0273711
13.3372,0.0273765
13.3387,0.0273819
13.3402,0.0273873
13.3417,0.0273926
13.3432,0.027398
13.3447,0.0274034
13.3462,0.0274088
13.3477,0.0274141
13.3492,0.0274195
13.3507,0.0274249
13.3522,0.0274303
13.3537,0.0274357
13.3552,0.027441
13.3567,0.0274464
13.3582,0.0274518
13.3597,0.0274572
13.3612,0.0274625
13.3627,0.0274679
13.3642,0.0274733
13.3657,0.0274787
13.3672,0.0274841
13.3687,0.0274894
13.3702,0.0274948
13.3717,0.0275002
13.3732,0.0275056
13.3747,0.0275109
13.3762,0.0275163
13.3777,0.0275217
13.3792,0.0275271
13.3807,0.0275324
13.3822,0.0275378
13.3837,0.0275432
13.3852,0.0275486
13.3867,0.027554
13.3882,0.0275593
13.3897,0.0275647
13.3912,0.0275701
13.3927,0.0275755
13.3942,0.0275808
13.3957,0.0275862
13.3972,0.0275916
13.3987,0.027597
13.4002,0.0276024
13.4017,0.0276077
13.4032,0.0276131
13.4047,0.0276185
13.4062,0.0276239
13.4077,0.0276292
13.4092,0.0276346
13.4107,0.02764
13.4122,0.0276454
13.4137,0.0276507
13.4152,0.0276561
13.4167,0.0276615
13.4182,0.0276669
13.4197,0.0276723
13.4212,0.0276776
13.4227,0.027683
13.4242,0.0276884
13.4257,0.0276938
13.4272,0.0276991
13.4287,0.0277045
13.4302,0.0277099
13.4317,0.0277153
13.4332,0.0277206
13.4347,0.027726
13.4362,0.0277314
13.4377,0.0277368
13.4392,0.0277422
13.4407,0.0277475
13.4422,0.0277529
13.4437,0.0277583
13.4452,0.0277637
13.4467,0.027769
13.4482,0.0277744
13.4497,0.0277798
13.4512,0.0277852
13.4527,0.0277905
13.4542,0.0277959
13.4557,0.0278013
13.4572,0.0278067
13.4587,0.0278121
13.4602,0.0278174
13.4617,0.0278228
13.4632,0.0278282
13.4647,0.0278336
13.4662,0.0278389
13.4677,0.0278443
13.4692,0.0278497
13.4707,0.0278551
13.4722,0.0278605
13.4737,0.0278658
13.4752,0.0278712
13.4767,0.0278766
13.4782,0.027882
13.4797,0.0278873
13.4812,0.0278927
13.4827,0.0278981
13.4842,0.0279035
13.4857,0.0279088
13.4872,0.0279142
13.4887,0.0279196
13.4902,0.027925
13.4917,0.0279304
13.4932,0.0279357
13.4947,0.0279411
13.4962,0.0279465
13.4977,0.0279519
13.4992,0.0279572
13.5007,0.0279626
13.5022,0.027968
13.5037,0.0279734
13.5052,0.0279788
13.5067,0.0279841
13.5082,0.0279895
13.5097,0.0279949
13.5112,0.0280003
13.5127,0.0280056
13.5142,0.028011
13.5157,0.0280164
13.5172,0.0280218
13.5187,0.0280271
13.5202,0.0280325
13.5217,0.0280379
13.5232,0.0280433
13.5247,0.0280487
13.5262,0.028054
13.5277,0.0280594
13.5292,0.0280648
13.5307,0.0280702
13.5322,0.0280755
13.5337,0.0280809
13.5352,0.0280863
13.5367,0.0280917
13.5382,0.028097
13.5397,0.0281024
13.5412,0.0281078
13.5427,0.0281132
13.5442,0.0281186
13.5457,0.0281239
13.5472,0.0281293
13.5487,0.0281347
13.5502,0.0281401
13.5517,0.0281454
13.5532,0.0281508
13.5547,0.0281562
13.5562,0.0281616
13.5577,0.028167
13.5592,0.0281723
13.5607,0.0281777
13.5622,0.0281831
13.5637,0.0281885
13.5652,0.0281938
13.5667,0.0281992
13.5682,0.0282046
13.5697,0.02821
13.5712,0.0282153
13.5727,0.0282207
13.5742,0.0282261
13.5757,0.0282315
13.5772,0.0282369
13.5787,0.0282422
13.5802,0.0282476
13.5817,0.028253
13.5832,0.0282584
13.5847,0.0282637
13.5862,0.0282691
13.5877,0.0282745
13.5892,0.0282799
13.5907,0.0282853
13.5922,0.0282906
13.5937,0.028296
13.5952,0.0283014
13.5967,0.0283068
13.5982,0.0283121
13.5997,0.0283175
13.6012,0.0283229
13.6027,0.0283283
13.6042,0.0283336
13.6057,0.028339
13.6072,0.0283444
13.6087,0.0283498
13.6102,0.0283552
13.6117,0.0283605
13.6132,0.0283659
13.6147,0.0283713
13.6162,0.0283767
13.6177,0.028382
13.6192,0.0283874
13.6207,0.0283928
13.6222,0.0283982
13.6237,0.0284036
13.6252,0.0284089
13.6267,0.0284143
13.6282,0.0284197
13.6297,0.0284251
13.6312,0.0284304
13.6327,0.0284358
13.6342,0.0284412
13.6357,0.0284466
13.6372,0.0284519
13.6387,0.0284573
13.6402,0.0284627
13.6417,0.0284681
13.6432,0.0284735
13.6447,0.0284788
13.6462,0.0284842
13.6477,0.0284896
13.6492,0.028495
13.6507,0.0285003
13.6522,0.0285057
13.6537,0.0285111
13.6552,0.0285165
13.6567,0.0285219
13.6582,0.0285272
13.6597,0.0285326
13.6612,0.028538
13.6627,0.0285434
13.6642,0.0285487
13.6657,0.0285541
13.6672,0.0285595
13.6687,0.0285649
13.6702,0.0285702
13.6717,0.0285756
13.6732,0.028581
13.6747,0.0285864
13.6762,0.0285918
13.6777,0.0285971
13.6792,0.0286025
13.6807,0.0286079
13.6822,0.0286133
13.6837,0.0286186
13.6852,0.028624
13.6867,0.0286294
13.6882,0.0286348
13.6897,0.0286402
13.6912,0.0286455
13.6927,0.0286509
13.6942,0.0286563
13.6957,0.0286617
13.6972,0.028667
13.6987,0.0286724
13.7002,0.0286778
13.7017,0.0286832
13.7032,0.0286885
13.7047,0.0286939
13.7062,0.0286993
13.7077,0.0287047
13.7092,0.0287101
13.7107,0.0287154
13.7122,0.0287208
13.7137,0.0287262
13.7152,0.0287316
13.7167,0.0287369
13.7182,0.0287423
13.7197,0.0287477
13.7212,0.0287531
13.7227,0.0287585
13.7242,0.0287638
13.7257,0.0287692
13.7272,0.0287746
13.7287,0.02878
13.7302,0.0287853
13.7317,0.0287907
13.7332,0.0287961
13.7347,0.0288015
13.7362,0.0288068
13.7377,0.0288122
13.7392,0.0288176
13.7407,0.028823
13.7422,0.0288284
13.7437,0.0288337
13.7452,0.0288391
13.7467,0.0288445
13.7482,0.0288499
13.7497,0.0288552
13.7512,0.0288606
13.7527,0.028866
13.7542,0.0288714
13.7557,0.0288768
13.7572,0.0288821
13.7587,0.0288875
13.7602,0.0288929
13.7617,0.0288983
13.7632,0.0289036
13.7647,0.028909
13.7662,0.0289144
13.7677,0.0289198
13.7692,0.0289252
13.7707,0.0289305
13.7722,0.0289359
13.7737,0.0289413
13.7752,0.0289467
13.7767,0.028952
13.7782,0.0289574
13.7797,0.0289628
13.7812,0.0289682
13.7827,0.0289735
13.7842,0.0289789
13.7857,0.0289843
13.7872,0.0289897
13.7887,0.0289951
13.7902,0.0290004
13.7917,0.0290058
13.7932,0.0290112
13.7947,0.0290166
13.7962,0.0290219
13.7977,0.0290273
13.7992,0.0290327
13.8007,0.0290381
13.8022,0.0290435
13.8037,0.0290488
13.8052,0.0290542
13.8067,0.0290596
13.8082,0.029065
13.8097,0.0290703
13.8112,0.0290757
13.8127,0.0290811
13.8142,0.0290865
13.8157,0.0290918
13.8172,0.0290972
13.8187,0.0291026
13.8202,0.029108
13.8217,0.0291134
13.8232,0.0291187
13.8247,0.0291241
13.8262,0.0291295
13.8277,0.0291349
13.8292,0.0291402
13.8307,0.0291456
13.8322,0.029151
13.8337,0.0291564
13.8352,0.0291618
13.8367,0.0291671
13.8382,0.0291725
13.8397,0.0291779
13.8412,0.0291833
13.8427,0.0291886
13.8442,0.029194
13.8457,0.0291994
13.8472,0.0292048
13.8487,0.0292101
13.8502,0.0292155
13.8517,0.0292209
13.8532,0.0292263
13.8547,0.0292317
13.8562,0.029237
13.8577,0.0292424
13.8592,0.0292478
13.8607,0.0292532
13.8622,0.0292585
13.8637,0.0292639
13.8652,0.0292693
13.8667,0.0292747
13.8682,0.0292801
13.8697,0.0292854
13.8712,0.0292908
13.8727,0.0292962
13.8742,0.0293016
13.8757,0.0293069
13.8772,0.0293123
13.8787,0.0293177
13.8802,0.0293231
13.8817,0.0293284
13.8832,0.0293338
13.8847,0.0293392
13.8862,0.0293446
13.8877,0.02935
13.8892,0.0293553
13.8907,0.0293607
13.8922,0.0293661
13.8937,0.0293715
13.8952,0.0293768
13.8967,0.0293822
13.8982,0.0293876
13.8997,0.029393
13.9012,0.0293984
13.9027,0.0294037
13.9042,0.0294091
13.9057,0.0294145
13.9072,0.0294199
13.9087,0.0294252
13.9102,0.0294306
13.9117,0.029436
13.9132,0.0294414
13.9147,0.0294467
13.9162,0.0294521
13.9177,0.0294575
13.9192,0.0294629
13.9207,0.0294683
13.9222,0.0294736
13.9237,0.029479
13.9252,0.0294844
13.9267,0.0294898
13.9282,0.0294951
13.9297,0.0295005
13.9312,0.0295059
13.9327,0.0295113
13.9342,0.0295167
13.9357,0.029522
13.9372,0.0295274
13.9387,0.0295328
13.9402,0.0295382
13.9417,0.0295435
13.9432,0.0295489
13.9447,0.0295543
13.9462,0.0295597
13.9477,0.0295651
13.9492,0.0295704
13.9507,0.0295758
13.9522,0.0295812
13.9537,0.0295866
13.9552,0.0295919
13.9567,0.0295973
13.9582,0.0296027
13.9597,0.0296081
13.9612,0.0296134
13.9627,0.0296188
13.9642,0.0296242
13.9657,0.0296296
13.9672,0.029635
13.9687,0.0296403
13.9702,0.0296457
13.9717,0.0296511
13.9732,0.0296565
13.9747,0.0296618
13.9762,0.0296672
13.9777,0.0296726
13.9792,0.029678
13.9807,0.0296834
13.9822,0.0296887
13.9837,0.0296941
13.9852,0.0296995
13.9867,0.0297049
13.9882,0.0297102
13.9897,0.0297156
13.9912,0.029721
13.9927,0.0297264
13.9942,0.0297318
13.9957,0.0297371
13.9972,0.0297425
13.9987,0.0297479
14.0002,0.0297533
14.0017,0.0297586
14.0032,0.029764
14.0047,0.0297694
14.0062,0.0297748
14.0077,0.0297801
14.0092,0.0297855
14.0107,0.0297909
14.0122,0.0297963
14.0137,0.0298017
14.0152,0.029807
14.0167,0.0298124
14.0182,0.0298178
14.0197,0.0298232
14.0212,0.0298285
14.0227,0.0298339
14.0242,0.0298393
14.0257,0.0298447
14.0272,0.0298501
14.0287,0.0298554
14.0302,0.0298608
14.0317,0.0298662
14.0332,0.0298716
14.0347,0.0298769
14.0362,0.0298823
14.0377,0.0298877
14.0392,0.0298931
14.0407,0.0298984
14.0422,0.0299038
14.0437,0.0299092
14.0452,0.0299146
14.0467,0.02992
14.0482,0.0299253
14.0497,0.0299307
14.0512,0.0299361
14.0527,0.0299415
14.0542,0.0299468
14.0557,0.0299522
14.0572,0.0299576
14.0587,0.029963
14.0602,0.0299684
14.0617,0.0299737
14.0632,0.0299791
14.0647,0.0299845
14.0662,0.0299899
14.0677,0.0299952
14.0692,0.0300006
14.0707,0.030006
14.0722,0.0300114
14.0737,0.0300168
14.0752,0.0300221
14.0767,0.0300275
14.0782,0.0300329
14.0797,0.0300383
14.0812,0.0300436
14.0827,0.030049
14.0842,0.0300544
14.0857,0.0300598
14.0872,0.0300651
14.0887,0.0300705
14.0902,0.0300759
14.0917,0.0300813
14.0932,0.0300867
14.0947,0.030092
14.0962,0.0300974
14.0977,0.0301028
14.0992,0.0301082
14.1007,0.0301135
14.1022,0.0301189
14.1037,0.0301243
14.1052,0.0301297
14.1067,0.0301351
14.1082,0.0301404
14.1097,0.0301458
14.1112,0.0301512
14.1127,0.0301566
14.1142,0.0301619
14.1157,0.0301673
14.1172,0.0301727
14.1187,0.0301781
14.1202,0.0301835
14.1217,0.0301888
14.1232,0.0301942
14.1247,0.0301996
14.1262,0.030205
14.1277,0.0302103
14.1292,0.0302157
14.1307,0.0302211
14.1322,0.0302265
14.1337,0.0302318
14.1352,0.0302372
14.1367,0.0302426
14.1382,0.030248
14.1397,0.0302534
14.1412,0.0302587
14.1427,0.0302641
14.1442,0.0302695
14.1457,0.0302749
14.1472,0.0302802
14.1487,0.0302856
14.1502,0.030291
14.1517,0.0302964
14.1532,0.0303018
14.1547,0.0303071
14.1562,0.0303125
14.1577,0.0303179
14.1592,0.0303233
14.1607,0.0303286
14.1622,0.030334
14.1637,0.0303394
14.1652,0.0303448
14.1667,0.0303502
14.1682,0.0303555
14.1697,0.0303609
14.1712,0.0303663
14.1727,0.0303717
14.1742,0.030377
14.1757,0.0303824
14.1772,0.0303878
14.1787,0.0303932
14.1802,0.0303985
14.1817,0.0304039
14.1832,0.0304093
14.1847,0.0304147
14.1862,0.0304201
14.1877,0.0304254
14.1892,0.0304308
14.1907,0.0304362
14.1922,0.0304416
14.1937,0.0304469
14.1952,0.0304523
14.1967,0.0304577
14.1982,0.0304631
14.1997,0.0304685
14.2012,0.0304738
14.2027,0.0304792
14.2042,0.0304846
14.2057,0.03049
14.2072,0.0304953
14.2087,0.0305007
14.2102,0.0305061
14.2118,0.0305115
14.2133,0.0305169
14.2148,0.0305222
14.2163,0.0305276
14.2178,0.030533
14.2193,0.0305384
14.2208,0.0305437
14.2223,0.0305491
14.2238,0.0305545
14.2253,0.0305599
14.2268,0.0305652
14.2283,0.0305706
14.2298,0.030576
14.2313,0.0305814
14.2328,0.0305868
14.2343,0.0305921
14.2358,0.0305975
14.2373,0.0306029
14.2388,0.0306083
14.2403,0.0306136
14.2418,0.030619
14.2433,0.0306244
14.2448,0.0306298
14.2463,0.0306352
14.2478,0.0306405
14.2493,0.0306459
14.2508,0.0306513
14.2523,0.0306567
14.2538,0.030662
14.2553,0.0306674
14.2568,0.0306728
14.2583,0.0306782
14.2598,0.0306836
14.2613,0.0306889
14.2628,0.0306943
14.2643,0.0306997
14.2658,0.0307051
14.2673,0.0307104
14.2688,0.0307158
14.2703,0.0307212
14.2718,0.0307266
14.2733,0.030732
14.2748,0.0307373
14.2763,0.0307427
14.2778,0.0307481
14.2793,0.0307535
14.2808,0.0307588
14.2823,0.0307642
14.2838,0.0307696
14.2853,0.030775
14.2868,0.0307803
14.2883,0.0307857
14.2898,0.0307911
14.2913,0.0307965
14.2928,0.0308019
14.2943,0.0308072
14.2958,0.0308126
14.2973,0.030818
14.2988,0.0308234
14.3003,0.0308287
14.3018,0.0308341
14.3033,0.0308395
14.3048,0.0308449
14.3063,0.0308503
14.3078,0.0308556
14.3093,0.030861
14.3108,0.0308664
14.3123,0.0308718
14.3138,0.0308771
14.3153,0.0308825
14.3168,0.0308879
14.3183,0.0308933
14.3198,0.0308987
14.3213,0.030904
14.3228,0.0309094
14.3243,0.0309148
14.3258,0.0309202
14.3273,0.0309255
14.3288,0.0309309
14.3303,0.0309363
14.3318,0.0309417
14.3333,0.030947
14.3348,0.0309524
14.3363,0.0309578
14.3378,0.0309632
14.3393,0.0309686
14.3408,0.0309739
14.3423,0.0309793
14.3438,0.0309847
14.3453,0.0309901
14.3468,0.0309954
14.3483,0.0310008
14.3498,0.0310062
14.3513,0.0310116
14.3528,0.031017
14.3543,0.0310223
14.3558,0.0310277
14.3573,0.0310331
14.3588,0.0310385
14.3603,0.0310438
14.3618,0.0310492
14.3633,0.0310546
14.3648,0.03106
14.3663,0.0310654
14.3678,0.0310707
14.3693,0.0310761
14.3708,0.0310815
14.3723,0.0310869
14.3738,0.0310922
14.3753,0.0310976
14.3768,0.031103
14.3783,0.0311084
14.3798,0.0311138
14.3813,0.0311191
14.3828,0.0311245
14.3843,0.0311299
14.3858,0.0311353
14.3873,0.0311406
14.3888,0.031146
14.3903,0.0311514
14.3918,0.0311568
14.3933,0.0311622
14.3948,0.0311675
14.3963,0.0311729
14.3978,0.0311783
14.3993,0.0311837
14.4008,0.031189
14.4023,0.0311944
14.4038,0.0311998
14.4053,0.0312052
14.4068,0.0312105
14.4083,0.0312159
14.4098,0.0312213
14.4113,0.0312267
14.4128,0.0312321
14.4143,0.0312374
14.4158,0.0312428
14.4173,0.0312482
14.4188,0.0312536
14.4203,0.0312589
14.4218,0.0312643
14.4233,0.0312697
14.4248,0.0312751
14.4263,0.0312805
14.4278,0.0312858
14.4293,0.0312912
14.4308,0.0312966
14.4323,0.031302
14.4338,0.0313073
14.4353,0.0313127
14.4368,0.0313181
14.4383,0.0313235
14.4398,0.0313289
14.4413,0.0313342
14.4428,0.0313396
14.4443,0.031345
14.4458,0.0313504
14.4473,0.0313557
14.4488,0.0313611
14.4503,0.0313665
14.4518,0.0313719
14.4533,0.0313772
14.4548,0.0313826
14.4563,0.031388
14.4578,0.0313934
14.4593,0.0313988
14.4608,0.0314041
14.4623,0.0314095
14.4638,0.0314149
14.4653,0.0314203
14.4668,0.0314256
14.4683,0.031431
14.4698,0.0314364
14.4713,0.0314418
14.4728,0.0314472
14.4743,0.0314525
14.4758,0.0314579
14.4773,0.0314633
14.4788,0.0314687
14.4803,0.031474
14.4818,0.0314794
14.4833,0.0314848
14.4848,0.0314902
14.4863,0.0314956
14.4878,0.0315009
14.4893,0.0315063
14.4908,0.0315117
14.4923,0.0315171
14.4938,0.0315224
14.4953,0.0315278
14.4968,0.0315332
14.4983,0.0315386
14.4998,0.031544
14.5013,0.0315493
14.5028,0.0315547
14.5043,0.0315601
14.5058,0.0315655
14.5073,0.0315708
14.5088,0.0315762
14.5103,0.0315816
14.5118,0.031587
14.5133,0.0315924
14.5148,0.0315977
14.5163,0.0316031
14.5178,0.0316085
14.5193,0.0316139
14.5208,0.0316192
14.5223,0.0316246
14.5238,0.03163
14.5253,0.0316354
14.5268,0.0316407
14.5283,0.0316461
14.5298,0.0316515
14.5313,0.0316569
14.5328,0.0316623
14.5343,0.0316676
14.5358,0.031673
14.5373,0.0316784
14.5388,0.0316838
14.5403,0.0316891
14.5418,0.0316945
14.5433,0.0316999
14.5448,0.0317053
14.5463,0.0317107
14.5478,0.031716
14.5493,0.0317214
14.5508,0.0317268
14.5523,0.0317322
14.5538,0.0317375
14.5553,0.0317429
14.5568,0.0317483
14.5583,0.0317537
14.5598,0.0317591
14.5613,0.0317644
14.5628,0.0317698
14.5643,0.0317752
14.5658,0.0317806
14.5673,0.0317859
14.5688,0.0317913
14.5703,0.0317967
14.5718,0.0318021
14.5733,0.0318075
14.5748,0.0318128
14.5763,0.0318182
14.5778,0.0318236
14.5793,0.031829
14.5808,0.0318343
14.5823,0.0318397
14.5838,0.0318451
14.5853,0.0318505
14.5868,0.0318559
14.5883,0.0318612
14.5898,0.0318666
14.5913,0.031872
14.5928,0.0318774
14.5943,0.0318827
14.5958,0.0318881
14.5973,0.0318935
14.5988,0.0318989
14.6003,0.0319043
14.6018,0.0319096
14.6033,0.031915
14.6048,0.0319204
14.6063,0.0319258
14.6078,0.0319311
14.6093,0.0319365
14.6108,0.0319419
14.6123,0.0319473
14.6138,0.0319526
14.6153,0.031958
14.6168,0.0319634
14.6183,0.0319688
14.6198,0.0319742
14.6213,0.0319795
14.6228,0.0319849
14.6243,0.0319903
14.6258,0.0319957
14.6273,0.032001
14.6288,0.0320064
14.6303,0.0320118
14.6318,0.0320172
14.6333,0.0320226
14.6348,0.0320279
14.6363,0.0320333
14.6378,0.0320387
14.6393,0.0320441
14.6408,0.0320494
14.6423,0.0320548
14.6438,0.0320602
14.6453,0.0320656
14.6468,0.032071
14.6483,0.0320763
14.6498,0.0320817
14.6513,0.0320871
14.6528,0.0320925
14.6543,0.0320978
14.6558,0.0321032
14.6573,0.0321086
14.6588,0.032114
14.6603,0.0321194
14.6618,0.0321247
14.6633,0.0321301
14.6648,0.0321355
14.6663,0.0321409
14.6678,0.0321462
14.6693,0.0321516
14.6708,0.032157
14.6723,0.0321624
14.6738,0.0321677
14.6753,0.0321731
14.6768,0.0321785
14.6783,0.0321839
14.6798,0.0321893
14.6813,0.0321946
14.6828,0.0322
14.6843,0.0322054
14.6858,0.0322108
14.6873,0.0322161
14.6888,0.0322215
14.6903,0.0322269
14.6918,0.0322323
14.6933,0.0322377
14.6948,0.032243
14.6963,0.0322484
14.6978,0.0322538
14.6993,0.0322592
14.7008,0.0322645
14.7023,0.0322699
14.7038,0.0322753
14.7053,0.0322807
14.7068,0.0322861
14.7083,0.0322914
14.7098,0.0322968
14.7113,0.0323022
14.7128,0.0323076
14.7143,0.0323129
14.7158,0.0323183
14.7173,0.0323237
14.7188,0.0323291
14.7203,0.0323345
14.7218,0.0323398
14.7233,0.0323452
14.7248,0.0323506
14.7263,0.032356
14.7278,0.0323613
14.7293,0.0323667
14.7308,0.0323721
14.7323,0.0323775
14.7338,0.0323829
14.7353,0.0323882
14.7368,0.0323936
14.7383,0.032399
14.7398,0.0324044
14.7413,0.0324097
14.7428,0.0324151
14.7443,0.0324205
14.7458,0.0324259
14.7473,0.0324313
14.7488,0.0324366
14.7503,0.032442
14.7518,0.0324474
14.7533,0.0324528
14.7548,0.0324581
14.7563,0.0324635
14.7578,0.0324689
14.7593,0.0324743
14.7608,0.0324797
14.7623,0.032485
14.7638,0.0324904
14.7653,0.0324958
14.7668,0.0325012
14.7683,0.0325065
14.7698,0.0325119
14.7713,0.0325173
14.7728,0.0325227
14.7743,0.032528
14.7758,0.0325334
14.7773,0.0325388
14.7788,0.0325442
14.7803,0.0325496
14.7818,0.0325549
14.7833,0.0325603
14.7848,0.0325657
14.7863,0.0325711
14.7878,0.0325764
14.7893,0.0325818
14.7908,0.0325872
14.7923,0.0325926
14.7938,0.032598
14.7953,0.0326033
14.7968,0.0326087
14.7983,0.0326141
14.7998,0.0326195
14.8013,0.0326248
14.8028,0.0326302
14.8043,0.0326356
14.8058,0.032641
14.8073,0.0326464
14.8088,0.0326517
14.8103,0.0326571
14.8118,0.0326625
14.8133,0.0326679
14.8148,0.0326732
14.8163,0.0326786
14.8178,0.032684
14.8193,0.0326894
14.8208,0.0326948
14.8223,0.0327001
14.8238,0.0327055
14.8253,0.0327109
14.8268,0.0327163
14.8283,0.0327216
14.8298,0.032727
14.8313,0.0327324
14.8328,0.0327378
14.8343,0.0327432
14.8358,0.0327485
14.8373,0.0327539
14.8388,0.0327593
14.8403,0.0327647
14.8418,0.03277
14.8433,0.0327754
14.8448,0.0327808
14.8463,0.0327862
14.8478,0.0327916
14.8493,0.0327969
14.8508,0.0328023
14.8523,0.0328077
14.8538,0.0328131
14.8553,0.0328184
14.8568,0.0328238
14.8583,0.0328292
14.8598,0.0328346
14.8613,0.03284
14.8628,0.0328453
14.8643,0.0328507
14.8658,0.0328561
14.8673,0.0328615
14.8688,0.0328668
14.8703,0.0328722
14.8718,0.0328776
14.8733,0.032883
14.8748,0.0328883
14.8763,0.0328937
14.8778,0.0328991
14.8793,0.0329045
14.8808,0.0329099
14.8823,0.0329152
14.8838,0.0329206
14.8853,0.032926
14.8868,0.0329314
14.8883,0.0329367
14.8898,0.0329421
14.8913,0.0329475
14.8928,0.0329529
14.8943,0.0329583
14.8958,0.0329636
14.8973,0.032969
14.8988,0.0329744
14.9003,0.0329798
14.9018,0.0329851
14.9033,0.0329905
14.9048,0.0329959
14.9063,0.0330013
14.9078,0.0330067
14.9093,0.033012
14.9108,0.0330174
14.9123,0.0330228
14.9138,0.0330282
14.9153,0.0330335
14.9168,0.0330389
14.9183,0.0330443
14.9198,0.0330497
14.9213,0.0330551
14.9228,0.0330604
14.9243,0.0330658
14.9258,0.0330712
14.9273,0.0330766
14.9288,0.0330819
14.9303,0.0330873
14.9318,0.0330927
14.9333,0.0330981
14.9348,0.0331035
14.9363,0.0331088
14.9378,0.0331142
14.9393,0.0331196
14.9408,0.033125
14.9423,0.0331303
14.9438,0.0331357
14.9453,0.0331411
14.9468,0.0331465
14.9483,0.0331519
14.9498,0.0331572
14.9513,0.0331626
14.9528,0.033168
14.9543,0.0331734
14.9558,0.0331787
14.9573,0.0331841
14.9588,0.0331895
14.9603,0.0331949
14.9618,0.0332003
14.9633,0.0332056
14.9648,0.033211
14.9663,0.0332164
14.9678,0.0332218
14.9693,0.0332271
14.9708,0.0332325
14.9723,0.0332379
14.9738,0.0332433
14.9753,0.0332486
14.9768,0.033254
14.9783,0.0332594
14.9798,0.0332648
14.9813,0.0332702
14.9828,0.0332755
14.9843,0.0332809
14.9858,0.0332863
14.9873,0.0332917
14.9888,0.0332971
14.9903,0.0333024
14.9918,0.0333078
14.9933,0.0333132
14.9948,0.0333186
14.9963,0.0333239
14.9978,0.0333293
14.9993,0.0333347
15.0008,0.0333401
15.0023,0.0333454
15.0038,0.0333508
15.0053,0.0333562
15.0068,0.0333616
15.0083,0.033367
15.0098,0.0333723
15.0113,0.0333777
15.0128,0.0333831
15.0143,0.0333885
15.0158,0.0333938
15.0173,0.0333992
15.0188,0.0334046
15.0203,0.03341
15.0218,0.0334154
15.0233,0.0334207
15.0248,0.0334261
15.0263,0.0334315
15.0278,0.0334369
15.0293,0.0334422
15.0308,0.0334476
15.0323,0.033453
15.0338,0.0334584
15.0353,0.0334638
15.0368,0.0334691
15.0383,0.0334745
15.0398,0.0334799
15.0413,0.0334853
15.0428,0.0334906
15.0443,0.033496
15.0458,0.0335014
15.0473,0.0335068
15.0488,0.0335122
15.0503,0.0335175
15.0518,0.0335229
15.0533,0.0335283
15.0548,0.0335337
15.0563,0.033539
15.0578,0.0335444
15.0593,0.0335498
15.0608,0.0335552
15.0623,0.0335606
15.0638,0.0335659
15.0653,0.0335713
15.0668,0.0335767
15.0683,0.0335821
15.0698,0.0335874
15.0713,0.0335928
15.0728,0.0335982
15.0743,0.0336036
15.0758,0.033609
15.0773,0.0336143
15.0788,0.0336197
15.0803,0.0336251
15.0818,0.0336305
15.0833,0.0336358
15.0848,0.0336412
15.0863,0.0336466
15.0878,0.033652
15.0893,0.0336574
15.0908,0.0336627
15.0923,0.0336681
15.0938,0.0336735
15.0953,0.0336789
15.0968,0.0336842
15.0983,0.0336896
15.0998,0.033695
15.1013,0.0337004
15.1028,0.0337058
15.1043,0.0337111
15.1058,0.0337165
15.1073,0.0337219
15.1088,0.0337273
15.1103,0.0337326
15.1118,0.033738
15.1133,0.0337434
15.1148,0.0337488
15.1163,0.0337542
15.1178,0.0337595
15.1193,0.0337649
15.1208,0.0337703
15.1223,0.0337757
15.1238,0.033781
15.1253,0.0337864
15.1268,0.0337918
15.1283,0.0337972
15.1298,0.0338026
15.1313,0.0338079
15.1328,0.0338133
15.1343,0.0338187
15.1358,0.0338241
15.1373,0.0338294
15.1388,0.0338348
15.1403,0.0338402
15.1418,0.0338456
15.1433,0.0338509
15.1448,0.0338563
15.1463,0.0338617
15.1478,0.0338671
15.1493,0.0338725
15.1508,0.0338778
15.1523,0.0338832
15.1538,0.0338886
15.1553,0.033894
15.1568,0.0338994
15.1583,0.0339047
15.1598,0.0339101
15.1613,0.0339155
15.1628,0.0339209
15.1643,0.0339262
15.1658,0.0339316
15.1673,0.033937
15.1688,0.0339424
15.1703,0.0339478
15.1718,0.0339531
15.1733,0.0339585
15.1748,0.0339639
15.1763,0.0339693
15.1778,0.0339746
15.1793,0.03398
15.1808,0.0339854
15.1823,0.0339908
15.1838,0.0339961
15.1853,0.0340015
15.1868,0.0340069
15.1883,0.0340123
15.1898,0.0340177
15.1913,0.034023
15.1928,0.0340284
15.1943,0.0340338
15.1958,0.0340392
15.1973,0.0340445
15.1988,0.0340499
15.2003,0.0340553
15.2018,0.0340607
15.2033,0.0340661
15.2048,0.0340714
15.2063,0.0340768
15.2078,0.0340822
15.2093,0.0340876
15.2108,0.0340929
15.2123,0.0340983
15.2138,0.0341037
15.2153,0.0341091
15.2168,0.0341145
15.2183,0.0341198
15.2198,0.0341252
15.2213,0.0341306
15.2228,0.034136
15.2243,0.0341413
15.2258,0.0341467
15.2273,0.0341521
15.2288,0.0341575
15.2303,0.0341629
15.2318,0.0341682
15.2333,0.0341736
15.2348,0.034179
15.2363,0.0341844
15.2378,0.0341897
15.2393,0.0341951
15.2408,0.0342005
15.2423,0.0342059
15.2438,0.0342113
15.2453,0.0342166
15.2468,0.034222
15.2483,0.0342274
15.2498,0.0342328
15.2513,0.0342381
15.2528,0.0342435
15.2543,0.0342489
15.2558,0.0342543
15.2573,0.0342597
15.2588,0.034265
15.2603,0.0342704
15.2618,0.0342758
15.2633,0.0342812
15.2648,0.0342865
15.2663,0.0342919
15.2678,0.0342973
15.2693,0.0343027
15.2708,0.0343081
15.2723,0.0343134
15.2738,0.0343188
15.2753,0.0343242
15.2768,0.0343296
15.2783,0.0343349
15.2798,0.0343403
15.2813,0.0343457
15.2828,0.0343511
15.2843,0.0343565
15.2858,0.0343618
15.2873,0.0343672
15.2888,0.0343726
15.2903,0.034378
15.2918,0.0343833
15.2933,0.0343887
15.2948,0.0343941
15.2963,0.0343995
15.2978,0.0344049
15.2993,0.0344102
15.3008,0.0344156
15.3023,0.034421
15.3038,0.0344264
15.3053,0.0344317
15.3068,0.0344371
15.3083,0.0344425
15.3098,0.0344479
15.3113,0.0344533
15.3128,0.0344586
15.3143,0.034464
15.3158,0.0344694
15.3173,0.0344748
15.3188,0.0344801
15.3203,0.0344855
15.3218,0.0344909
15.3233,0.0344963
15.3248,0.0345017
15.3263,0.034507
15.3278,0.0345124
15.3293,0.0345178
15.3308,0.0345232
15.3323,0.0345285
15.3338,0.0345339
15.3353,0.0345393
15.3368,0.0345447
15.3383,0.0345501
15.3398,0.0345554
15.3413,0.0345608
15.3428,0.0345662
15.3443,0.0345716
15.3458,0.0345769
15.3473,0.0345823
15.3488,0.0345877
15.3503,0.0345931
15.3518,0.0345985
15.3533,0.0346038
15.3548,0.0346092
15.3563,0.0346146
15.3578,0.03462
15.3593,0.0346253
15.3608,0.0346307
15.3623,0.0346361
15.3638,0.0346415
15.3653,0.0346469
15.3668,0.0346522
15.3684,0.0346576
15.3699,0.034663
15.3714,0.0346684
15.3729,0.0346737
15.3744,0.0346791
15.3759,0.0346845
15.3774,0.0346899
15.3789,0.0346953
15.3804,0.0347006
15.3819,0.034706
15.3834,0.0347114
15.3849,0.0347168
15.3864,0.0347221
15.3879,0.0347275
15.3894,0.0347329
15.3909,0.0347383
15.3924,0.0347437
15.3939,0.034749
15.3954,0.0347544
15.3969,0.0347598
15.3984,0.0347652
15.3999,0.0347705
15.4014,0.0347759
15.4029,0.0347813
15.4044,0.0347867
15.4059,0.0347921
15.4074,0.0347974
15.4089,0.0348028
15.4104,0.0348082
15.4119,0.0348136
15.4134,0.0348189
15.4149,0.0348243
15.4164,0.0348297
15.4179,0.0348351
15.4194,0.0348404
15.4209,0.0348458
15.4224,0.0348512
15.4239,0.0348566
15.4254,0.034862
15.4269,0.0348673
15.4284,0.0348727
15.4299,0.0348781
15.4314,0.0348835
15.4329,0.0348888
15.4344,0.0348942
15.4359,0.0348996
15.4374,0.034905
15.4389,0.0349104
15.4404,0.0349157
15.4419,0.0349211
15.4434,0.0349265
15.4449,0.0349319
15.4464,0.0349372
15.4479,0.0349426
15.4494,0.034948
15.4509,0.0349534
15.4524,0.0349588
15.4539,0.0349641
15.4554,0.0349695
15.4569,0.0349749
15.4584,0.0349803
15.4599,0.0349857
15.4614,0.034991
15.4629,0.0349964
15.4644,0.0350018
15.4659,0.0350072
15.4674,0.0350125
15.4689,0.0350179
15.4704,0.0350233
15.4719,0.0350287
15.4734,0.035034
15.4749,0.0350394
15.4764,0.0350448
15.4779,0.0350502
15.4794,0.0350556
15.4809,0.0350609
15.4824,0.0350663
15.4839,0.0350717
15.4854,0.0350771
15.4869,0.0350824
15.4884,0.0350878
15.4899,0.0350932
15.4914,0.0350986
15.4929,0.035104
15.4944,0.0351093
15.4959,0.0351147
15.4974,0.0351201
15.4989,0.0351255
15.5004,0.0351309
15.5019,0.0351362
15.5034,0.0351416
15.5049,0.035147
15.5064,0.0351524
15.5079,0.0351577
15.5094,0.0351631
15.5109,0.0351685
15.5124,0.0351739
15.5139,0.0351792
15.5154,0.0351846
15.5169,0.03519
15.5184,0.0351954
15.5199,0.0352008
15.5214,0.0352061
15.5229,0.0352115
15.5244,0.0352169
15.5259,0.0352223
15.5274,0.0352276
15.5289,0.035233
15.5304,0.0352384
15.5319,0.0352438
15.5334,0.0352492
15.5349,0.0352545
15.5364,0.0352599
15.5379,0.0352653
15.5394,0.0352707
15.5409,0.035276
15.5424,0.0352814
15.5439,0.0352868
15.5454,0.0352922
15.5469,0.0352976
15.5484,0.0353029
15.5499,0.0353083
15.5514,0.0353137
15.5529,0.0353191
15.5544,0.0353245
15.5559,0.0353298
15.5574,0.0353352
15.5589,0.0353406
15.5604,0.035346
15.5619,0.0353513
15.5634,0.0353567
15.5649,0.0353621
15.5664,0.0353675
15.5679,0.0353728
15.5694,0.0353782
15.5709,0.0353836
15.5724,0.035389
15.5739,0.0353944
15.5754,0.0353997
15.5769,0.0354051
15.5784,0.0354105
15.5799,0.0354159
15.5814,0.0354212
15.5829,0.0354266
15.5844,0.035432
15.5859,0.0354374
15.5874,0.0354428
15.5889,0.0354481
15.5904,0.0354535
15.5919,0.0354589
15.5934,0.0354643
15.5949,0.0354696
15.5964,0.035475
15.5979,0.0354804
15.5994,0.0354858
15.6009,0.0354912
15.6024,0.0354965
15.6039,0.0355019
15.6054,0.0355073
15.6069,0.0355127
15.6084,0.035518
15.6099,0.0355234
15.6114,0.0355288
15.6129,0.0355342
15.6144,0.0355396
15.6159,0.0355449
15.6174,0.0355503
15.6189,0.0355557
15.6204,0.0355611
15.6219,0.0355664
15.6234,0.0355718
15.6249,0.0355772
15.6264,0.0355826
15.6279,0.035588
15.6294,0.0355933
15.6309,0.0355987
15.6324,0.0356041
15.6339,0.0356095
15.6354,0.0356148
15.6369,0.0356202
15.6384,0.0356256
15.6399,0.035631
15.6414,0.0356364
15.6429,0.0356417
15.6444,0.0356471
15.6459,0.0356525
15.6474,0.0356579
15.6489,0.0356632
15.6504,0.0356686
15.6519,0.035674
15.6534,0.0356794
15.6549,0.0356848
15.6564,0.0356901
15.6579,0.0356955
15.6594,0.0357009
15.6609,0.0357063
15.6624,0.0357116
15.6639,0.035717
15.6654,0.0357224
15.6669,0.0357278
15.6684,0.0357332
15.6699,0.0357385
15.6714,0.0357439
15.6729,0.0357493
15.6744,0.0357547
15.6759,0.0357601
15.6774,0.0357654
15.6789,0.0357708
15.6804,0.0357762
15.6819,0.0357816
15.6834,0.0357869
15.6849,0.0357923
15.6864,0.0357977
15.6879,0.0358031
15.6894,0.0358085
15.6909,0.0358138
15.6924,0.0358192
15.6939,0.0358246
15.6954,0.03583
15.6969,0.0358353
15.6984,0.0358407
15.6999,0.0358461
15.7014,0.0358515
15.7029,0.0358569
15.7044,0.0358622
15.7059,0.0358676
15.7074,0.035873
15.7089,0.0358784
15.7104,0.0358837
15.7119,0.0358891
15.7134,0.0358945
15.7149,0.0358999
15.7164,0.0359052
15.7179,0.0359106
15.7194,0.035916
15.7209,0.0359214
15.7224,0.0359268
15.7239,0.0359321
15.7254,0.0359375
15.7269,0.0359429
15.7284,0.0359483
15.7299,0.0359536
15.7314,0.035959
15.7329,0.0359644
15.7344,0.0359698
15.7359,0.0359752
15.7374,0.0359805
15.7389,0.0359859
15.7404,0.0359913
15.7419,0.0359967
15.7434,0.0360021
15.7449,0.0360074
15.7464,0.0360128
15.7479,0.0360182
15.7494,0.0360236
15.7509,0.0360289
15.7524,0.0360343
15.7539,0.0360397
15.7554,0.0360451
15.7569,0.0360505
15.7584,0.0360558
15.7599,0.0360612
15.7614,0.0360666
15.7629,0.036072
15.7644,0.0360773
15.7659,0.0360827
15.7674,0.0360881
15.7689,0.0360935
15.7704,0.0360989
15.7719,0.0361042
15.7734,0.0361096
15.7749,0.036115
15.7764,0.0361204
15.7779,0.0361257
15.7794,0.0361311
15.7809,0.0361365
15.7824,0.0361419
15.7839,0.0361473
15.7854,0.0361526
15.7869,0.036158
15.7884,0.0361634
15.7899,0.0361688
15.7914,0.0361741
15.7929,0.0361795
15.7944,0.0361849
15.7959,0.0361903
15.7974,0.0361957
15.7989,0.036201
15.8004,0.0362064
15.8019,0.0362118
15.8034,0.0362172
15.8049,0.0362225
15.8064,0.0362279
15.8079,0.0362333
15.8094,0.0362387
15.8109,0.0362441
15.8124,0.0362494
15.8139,0.0362548
15.8154,0.0362602
15.8169,0.0362656
15.8184,0.0362709
15.8199,0.0362763
15.8214,0.0362817
15.8229,0.0362871
15.8244,0.0362925
15.8259,0.0362978
15.8274,0.0363032
15.8289,0.0363086
15.8304,0.036314
15.8319,0.0363193
15.8334,0.0363247
15.8349,0.0363301
15.8364,0.0363355
15.8379,0.0363409
15.8394,0.0363462
15.8409,0.0363516
15.8424,0.036357
15.8439,0.0363624
15.8454,0.0363677
15.8469,0.0363731
15.8484,0.0363785
15.8499,0.0363839
15.8514,0.0363893
15.8529,0.0363946
15.8544,0.0364
15.8559,0.0364054
15.8574,0.0364108
15.8589,0.0364161
15.8604,0.0364215
15.8619,0.0364269
15.8634,0.0364323
15.8649,0.0364377
15.8664,0.036443
15.8679,0.0364484
15.8694,0.0364538
15.8709,0.0364592
15.8724,0.0364645
15.8739,0.0364699
15.8754,0.0364753
15.8769,0.0364807
15.8784,0.0364861
15.8799,0.0364914
15.8814,0.0364968
15.8829,0.0365022
15.8844,0.0365076
15.8859,0.0365129
15.8874,0.0365183
15.8889,0.0365237
15.8904,0.0365291
15.8919,0.0365345
15.8934,0.0365398
15.8949,0.0365452
15.8964,0.0365506
15.8979,0.036556
15.8994,0.0365613
15.9009,0.0365667
15.9024,0.0365721
15.9039,0.0365775
15.9054,0.0365829
15.9069,0.0365882
15.9084,0.0365936
15.9099,0.036599
15.9114,0.0366044
15.9129,0.0366097
15.9144,0.0366151
15.9159,0.0366205
15.9174,0.0366259
15.9189,0.0366313
15.9204,0.0366366
15.9219,0.036642
15.9234,0.0366474
15.9249,0.0366528
15.9264,0.0366581
15.9279,0.0366635
15.9294,0.0366689
15.9309,0.0366743
15.9324,0.0366797
15.9339,0.036685
15.9354,0.0366904
15.9369,0.0366958
15.9384,0.0367012
15.9399,0.0367065
15.9414,0.0367119
15.9429,0.0367173
15.9444,0.0367227
15.9459,0.0367281
15.9474,0.0367334
15.9489,0.0367388
15.9504,0.0367442
15.9519,0.0367496
15.9534,0.0367549
15.9549,0.0367603
15.9564,0.0367657
15.9579,0.0367711
15.9594,0.0367765
15.9609,0.0367818
15.9624,0.0367872
15.9639,0.0367926
15.9654,0.036798
15.9669,0.0368033
15.9684,0.0368087
15.9699,0.0368141
15.9714,0.0368195
15.9729,0.0368249
15.9744,0.0368302
15.9759,0.0368356
15.9774,0.036841
15.9789,0.0368464
15.9804,0.0368517
15.9819,0.0368571
15.9834,0.0368625
15.9849,0.0368679
15.9864,0.0368733
15.9879,0.0368786
15.9894,0.036884
15.9909,0.0368894
15.9924,0.0368948
15.9939,0.0369001
15.9954,0.0369055
15.9969,0.0369109
15.9984,0.0369163
15.9999,0.0369217
16.0014,0.036927
16.0029,0.0369324
16.0044,0.0369378
16.0059,0.0369432
16.0074,0.0369486
16.0089,0.0369539
16.0104,0.0369593
16.0119,0.0369647
16.0134,0.0369701
16.0149,0.0369754
16.0164,0.0369808
16.0179,0.0369862
16.0194,0.0369916
16.0209,0.0369969
16.0224,0.0370023
16.0239,0.0370077
16.0254,0.0370131
16.0269,0.0370185
16.0284,0.0370238
16.0299,0.0370292
16.0314,0.0370346
16.0329,0.03704
16.0344,0.0370453
16.0359,0.0370507
16.0374,0.0370561
16.0389,0.0370615
16.0404,0.0370669
16.0419,0.0370722
16.0434,0.0370776
16.0449,0.037083
16.0464,0.0370884
16.0479,0.0370937
16.0494,0.0370991
16.0509,0.0371045
16.0524,0.0371099
16.0539,0.0371153
16.0554,0.0371206
16.0569,0.037126
16.0584,0.0371314
16.0599,0.0371368
16.0614,0.0371422
16.0629,0.0371475
16.0644,0.0371529
16.0659,0.0371583
16.0674,0.0371637
16.0689,0.037169
16.0704,0.0371744
16.0719,0.0371798
16.0734,0.0371852
16.0749,0.0371906
16.0764,0.0371959
16.0779,0.0372013
16.0794,0.0372067
16.0809,0.0372121
16.0824,0.0372174
16.0839,0.0372228
16.0854,0.0372282
16.0869,0.0372336
16.0884,0.037239
16.0899,0.0372443
16.0914,0.0372497
16.0929,0.0372551
16.0944,0.0372605
16.0959,0.0372658
16.0974,0.0372712
16.0989,0.0372766
16.1003,0.037282
16.1018,0.0372874
16.1033,0.0372927
16.1048,0.0372981
16.1063,0.0373035
16.1078,0.0373089
16.1093,0.0373142
16.1108,0.0373196
16.1123,0.037325
16.1138,0.0373304
16.1153,0.0373358
16.1168,0.0373411
16.1183,0.0373465
16.1198,0.0373519
16.1213,0.0373573
16.1228,0.0373626
16.1243,0.037368
16.1258,0.0373734
16.1273,0.0373788
16.1288,0.0373842
16.1303,0.0373895
16.1318,0.0373949
16.1333,0.0374003
16.1348,0.0374057
16.1363,0.037411
16.1378,0.0374164
16.1393,0.0374218
16.1408,0.0374272
16.1423,0.0374326
16.1438,0.0374379
16.1453,0.0374433
16.1468,0.0374487
16.1483,0.0374541
16.1498,0.0374594
16.1513,0.0374648
16.1528,0.0374702
16.1543,0.0374756
16.1558,0.037481
16.1573,0.0374863
16.1588,0.0374917
16.1603,0.0374971
16.1618,0.0375025
16.1633,0.0375078
16.1648,0.0375132
16.1663,0.0375186
16.1678,0.037524
16.1693,0.0375294
16.1708,0.0375347
16.1723,0.0375401
16.1738,0.0375455
16.1753,0.0375509
16.1768,0.0375562
16.1783,0.0375616
16.1798,0.037567
16.1813,0.0375724
16.1828,0.0375778
16.1843,0.0375831
16.1858,0.0375885
16.1873,0.0375939
16.1888,0.0375993
16.1903,0.0376047
16.1918,0.03761
16.1933,0.0376154
16.1948,0.0376208
16.1963,0.0376262
16.1978,0.0376315
16.1993,0.0376369
16.2008,0.0376423
16.2023,0.0376477
16.2038,0.0376531
16.2053,0.0376584
16.2068,0.0376638
16.2083,0.0376692
16.2098,0.0376746
16.2113,0.0376799
16.2128,0.0376853
16.2143,0.0376907
16.2158,0.0376961
16.2173,0.0377015
16.2188,0.0377068
16.2203,0.0377122
16.2218,0.0377176
16.2233,0.037723
16.2248,0.0377283
16.2263,0.0377337
16.2278,0.0377391
16.2293,0.0377445
16.2308,0.0377498
16.2323,0.0377552
16.2338,0.0377606
16.2353,0.037766
16.2368,0.0377714
16.2383,0.0377767
16.2398,0.0377821
16.2413,0.0377875
16.2428,0.0377929
16.2443,0.0377983
16.2458,0.0378036
16.2473,0.037809
16.2488,0.0378144
16.2503,0.0378198
16.2518,0.0378251
16.2533,0.0378305
16.2548,0.0378359
16.2563,0.0378413
16.2578,0.0378467
16.2593,0.037852
16.2608,0.0378574
16.2623,0.0378628
16.2638,0.0378682
16.2653,0.0378735
16.2668,0.0378789
16.2683,0.0378843
16.2698,0.0378897
16.2713,0.0378951
16.2728,0.0379004
16.2743,0.0379058
16.2758,0.0379112
16.2773,0.0379166
16.2788,0.0379219
16.2803,0.0379273
16.2817,0.0379327
16.2832,0.0379381
16.2847,0.0379435
16.2862,0.0379488
16.2877,0.0379542
16.2892,0.0379596
16.2907,0.037965
16.2922,0.0379703
16.2937,0.0379757
16.2952,0.0379811
16.2967,0.0379865
16.2982,0.0379919
16.2997,0.0379972
16.3012,0.0380026
16.3027,0.038008
16.3042,0.0380134
16.3057,0.0380187
16.3072,0.0380241
16.3087,0.0380295
16.3102,0.0380349
16.3117,0.0380403
16.3132,0.0380456
16.3147,0.038051
16.3162,0.0380564
16.3177,0.0380618
16.3192,0.0380671
16.3207,0.0380725
16.3222,0.0380779
16.3237,0.0380833
16.3252,0.0380887
16.3267,0.038094
16.3282,0.0380994
16.3297,0.0381048
16.3312,0.0381102
16.3327,0.0381155
16.3342,0.0381209
16.3357,0.0381263
16.3372,0.0381317
16.3387,0.0381371
16.3402,0.0381424
16.3417,0.0381478
16.3432,0.0381532
16.3447,0.0381586
16.3462,0.0381639
16.3477,0.0381693
16.3492,0.0381747
16.3507,0.0381801
16.3522,0.0381855
16.3537,0.0381908
16.3552,0.0381962
16.3567,0.0382016
16.3582,0.038207
16.3597,0.0382124
16.3612,0.0382177
16.3627,0.0382231
16.3642,0.0382285
16.3657,0.0382339
16.3672,0.0382392
16.3687,0.0382446
16.3702,0.03825
16.3717,0.0382554
16.3732,0.0382608
16.3747,0.0382661
16.3762,0.0382715
16.3777,0.0382769
16.3792,0.0382823
16.3807,0.0382876
16.3822,0.038293
16.3837,0.0382984
16.3852,0.0383038
16.3867,0.0383092
16.3882,0.0383145
16.3897,0.0383199
16.3912,0.0383253
16.3927,0.0383307
16.3942,0.038336
16.3957,0.0383414
16.3972,0.0383468
16.3987,0.0383522
16.4002,0.0383576
16.4017,0.0383629
16.4032,0.0383683
16.4047,0.0383737
16.4062,0.0383791
16.4077,0.0383844
16.4092,0.0383898
16.4107,0.0383952
16.4122,0.0384006
16.4137,0.038406
16.4152,0.0384113
16.4167,0.0384167
16.4182,0.0384221
16.4197,0.0384275
16.4212,0.0384328
16.4227,0.0384382
16.4242,0.0384436
16.4257,0.038449
16.4272,0.0384544
16.4287,0.0384597
16.4302,0.0384651
16.4317,0.0384705
16.4332,0.0384759
16.4347,0.0384812
16.4362,0.0384866
16.4377,0.038492
16.4392,0.0384974
16.4407,0.0385028
16.4422,0.0385081
16.4437,0.0385135
16.4452,0.0385189
16.4467,0.0385243
16.4482,0.0385296
16.4497,0.038535
16.4512,0.0385404
16.4527,0.0385458
16.4542,0.0385512
16.4557,0.0385565
16.4572,0.0385619
16.4587,0.0385673
16.4602,0.0385727
16.4617,0.038578
16.4632,0.0385834
16.4646,0.0385888
16.4661,0.0385942
16.4676,0.0385996
16.4691,0.0386049
16.4706,0.0386103
16.4721,0.0386157
16.4736,0.0386211
16.4751,0.0386265
16.4766,0.0386318
16.4781,0.0386372
16.4796,0.0386426
16.4811,0.038648
16.4826,0.0386533
16.4841,0.0386587
16.4856,0.0386641
16.4871,0.0386695
16.4886,0.0386749
16.4901,0.0386802
16.4916,0.0386856
16.4931,0.038691
16.4946,0.0386964
16.4961,0.0387017
16.4976,0.0387071
16.4991,0.0387125
16.5006,0.0387179
16.5021,0.0387233
16.5036,0.0387286
16.5051,0.038734
16.5066,0.0387394
16.5081,0.0387448
16.5096,0.0387501
16.5111,0.0387555
16.5126,0.0387609
16.5141,0.0387663
16.5156,0.0387717
16.5171,0.038777
16.5186,0.0387824
16.5201,0.0387878
16.5216,0.0387932
16.5231,0.0387985
16.5246,0.0388039
16.5261,0.0388093
16.5276,0.0388147
16.5291,0.0388201
16.5306,0.0388254
16.5321,0.0388308
16.5336,0.0388362
16.5351,0.0388416
16.5366,0.0388469
16.5381,0.0388523
16.5396,0.0388577
16.5411,0.0388631
16.5426,0.0388685
16.5441,0.0388738
16.5456,0.0388792
16.5471,0.0388846
16.5486,0.03889
16.5501,0.0388953
16.5516,0.0389007
16.5531,0.0389061
16.5546,0.0389115
16.5561,0.0389169
16.5576,0.0389222
16.5591,0.0389276
16.5606,0.038933
16.5621,0.0389384
16.5636,0.0389437
16.5651,0.0389491
16.5666,0.0389545
16.5681,0.0389599
16.5696,0.0389653
16.5711,0.0389706
16.5726,0.038976
16.5741,0.0389814
16.5756,0.0389868
16.5771,0.0389921
16.5786,0.0389975
16.5801,0.0390029
16.5816,0.0390083
16.5831,0.0390137
16.5846,0.039019
16.5861,0.0390244
16.5876,0.0390298
16.5891,0.0390352
16.5906,0.0390406
16.5921,0.0390459
16.5936,0.0390513
16.5951,0.0390567
16.5966,0.0390621
16.5981,0.0390674
16.5996,0.0390728
16.6011,0.0390782
16.6026,0.0390836
16.6041,0.039089
16.6056,0.0390943
16.6071,0.0390997
16.6086,0.0391051
16.6101,0.0391105
16.6116,0.0391158
16.6131,0.0391212
16.6146,0.0391266
16.6161,0.039132
16.6176,0.0391374
16.6191,0.0391427
16.6206,0.0391481
16.6221,0.0391535
16.6236,0.0391589
16.6251,0.0391642
16.6266,0.0391696
16.6281,0.039175
16.6296,0.0391804
16.6311,0.0391858
16.6326,0.0391911
16.6341,0.0391965
16.6356,0.0392019
16.6371,0.0392073
16.6386,0.0392126
16.6401,0.039218
16.6416,0.0392234
16.6431,0.0392288
16.6446,0.0392342
16.646,0.0392395
16.6475,0.0392449
16.649,0.0392503
16.6505,0.0392557
16.652,0.0392611
16.6535,0.0392664
16.655,0.0392718
16.6565,0.0392772
16.658,0.0392826
16.6595,0.0392879
16.661,0.0392933
16.6625,0.0392987
16.664,0.0393041
16.6655,0.0393094
16.667,0.0393148
16.6685,0.0393202
16.67,0.0393256
16.6715,0.039331
16.673,0.0393363
16.6745,0.0393417
16.676,0.0393471
16.6775,0.0393525
16.679,0.0393579
16.6805,0.0393632
16.682,0.0393686
16.6835,0.039374
16.685,0.0393794
16.6865,0.0393847
16.688,0.0393901
16.6895,0.0393955
16.691,0.0394009
16.6925,0.0394063
16.694,0.0394116
16.6955,0.039417
16.697,0.0394224
16.6985,0.0394278
16.7,0.0394331
16.7015,0.0394385
16.703,0.0394439
16.7045,0.0394493
16.706,0.0394547
16.7075,0.03946
16.709,0.0394654
16.7105,0.0394708
16.712,0.0394762
16.7135,0.0394815
16.715,0.0394869
16.7165,0.0394923
16.718,0.0394977
16.7195,0.0395031
16.721,0.0395084
16.7225,0.0395138
16.724,0.0395192
16.7255,0.0395246
16.727,0.0395299
16.7285,0.0395353
16.73,0.0395407
16.7315,0.0395461
16.733,0.0395515
16.7345,0.0395568
16.736,0.0395622
16.7375,0.0395676
16.739,0.039573
16.7405,0.0395783
16.742,0.0395837
16.7435,0.0395891
16.745,0.0395945
16.7465,0.0395999
16.748,0.0396052
16.7495,0.0396106
16.751,0.039616
16.7525,0.0396214
16.754,0.0396268
16.7555,0.0396321
16.757,0.0396375
16.7585,0.0396429
16.76,0.0396483
16.7615,0.0396536
16.763,0.039659
16.7645,0.0396644
16.766,0.0396698
16.7675,0.0396752
16.769,0.0396805
16.7705,0.0396859
16.772,0.0396913
16.7735,0.0396967
16.775,0.039702
16.7765,0.0397074
16.778,0.0397128
16.7795,0.0397182
16.781,0.0397236
16.7825,0.0397289
16.784,0.0397343
16.7855,0.0397397
16.787,0.0397451
16.7885,0.0397504
16.79,0.0397558
16.7915,0.0397612
16.793,0.0397666
16.7945,0.039772
16.796,0.0397773
16.7975,0.0397827
16.799,0.0397881
16.8005,0.0397935
16.802,0.0397988
16.8035,0.0398042
16.805,0.0398096
16.8065,0.039815
16.808,0.0398204
16.8095,0.0398257
16.811,0.0398311
16.8125,0.0398365
16.814,0.0398419
16.8155,0.0398472
16.817,0.0398526
16.8185,0.039858
16.82,0.0398634
16.8215,0.0398688
16.823,0.0398741
16.8245,0.0398795
16.826,0.0398849
16.8274,0.0398903
16.8289,0.0398956
16.8304,0.039901
16.8319,0.0399064
16.8334,0.0399118
16.8349,0.0399172
16.8364,0.0399225
16.8379,0.0399279
16.8394,0.0399333
16.8409,0.0399387
16.8424,0.039944
16.8439,0.0399494
16.8454,0.0399548
16.8469,0.0399602
16.8484,0.0399656
16.8499,0.0399709
16.8514,0.0399763
16.8529,0.0399817
16.8544,0.0399871
16.8559,0.0399925
16.8574,0.0399978
16.8589,0.0400032
16.8604,0.0400086
16.8619,0.040014
16.8634,0.0400193
16.8649,0.0400247
16.8664,0.0400301
16.8679,0.0400355
16.8694,0.0400409
16.8709,0.0400462
16.8724,0.0400516
16.8739,0.040057
16.8754,0.0400624
16.8769,0.0400677
16.8784,0.0400731
16.8799,0.0400785
16.8814,0.0400839
16.8829,0.0400893
16.8844,0.0400946
16.8859,0.0401
16.8874,0.0401054
16.8889,0.0401108
16.8904,0.0401161
16.8919,0.0401215
16.8934,0.0401269
16.8949,0.0401323
16.8964,0.0401377
16.8979,0.040143
16.8994,0.0401484
16.9009,0.0401538
16.9024,0.0401592
16.9039,0.0401645
16.9054,0.0401699
16.9069,0.0401753
16.9084,0.0401807
16.9099,0.0401861
16.9114,0.0401914
16.9129,0.0401968
16.9144,0.0402022
16.9159,0.0402076
16.9174,0.040213
16.9189,0.0402183
16.9204,0.0402237
16.9219,0.0402291
16.9234,0.0402345
16.9249,0.0402398
16.9264,0.0402452
16.9279,0.0402506
16.9294,0.040256
16.9309,0.0402614
16.9324,0.0402667
16.9339,0.0402721
16.9354,0.0402775
16.9369,0.0402829
16.9384,0.0402882
16.9399,0.0402936
16.9414,0.040299
16.9429,0.0403044
16.9444,0.0403098
16.9459,0.0403151
16.9474,0.0403205
16.9489,0.0403259
16.9504,0.0403313
16.9519,0.0403366
16.9534,0.040342
16.9549,0.0403474
16.9564,0.0403528
16.9579,0.0403582
16.9594,0.0403635
16.9609,0.0403689
16.9624,0.0403743
16.9639,0.0403797
16.9654,0.040385
16.9669,0.0403904
16.9684,0.0403958
16.9699,0.0404012
16.9714,0.0404066
16.9729,0.0404119
16.9744,0.0404173
16.9759,0.0404227
16.9774,0.0404281
16.9789,0.0404334
16.9804,0.0404388
16.9819,0.0404442
16.9834,0.0404496
16.9849,0.040455
16.9864,0.0404603
16.9879,0.0404657
16.9894,0.0404711
16.9909,0.0404765
16.9924,0.0404818
16.9939,0.0404872
16.9954,0.0404926
16.9969,0.040498
16.9984,0.0405034
16.9999,0.0405087
17.0014,0.0405141
17.0029,0.0405195
17.0044,0.0405249
17.0059,0.0405302
17.0074,0.0405356
17.0089,0.040541
17.0103,0.0405464
17.0118,0.0405518
17.0133,0.0405571
17.0148,0.0405625
17.0163,0.0405679
17.0178,0.0405733
17.0193,0.0405787
17.0208,0.040584
17.0223,0.0405894
17.0238,0.0405948
17.0253,0.0406002
17.0268,0.0406055
17.0283,0.0406109
17.0298,0.0406163
17.0313,0.0406217
17.0328,0.0406271
17.0343,0.0406324
17.0358,0.0406378
17.0373,0.0406432
17.0388,0.0406486
17.0403,0.0406539
17.0418,0.0406593
17.0433,0.0406647
17.0448,0.0406701
17.0463,0.0406755
17.0478,0.0406808
17.0493,0.0406862
17.0508,0.0406916
17.0523,0.040697
17.0538,0.0407023
17.0553,0.0407077
17.0568,0.0407131
17.0583,0.0407185
17.0598,0.0407239
17.0613,0.0407292
17.0628,0.0407346
17.0643,0.04074
17.0658,0.0407454
17.0673,0.0407507
17.0688,0.0407561
17.0703,0.0407615
17.0718,0.0407669
17.0733,0.0407723
17.0748,0.0407776
17.0763,0.040783
17.0778,0.0407884
17.0793,0.0407938
17.0808,0.0407992
17.0823,0.0408045
17.0838,0.0408099
17.0853,0.0408153
17.0868,0.0408207
17.0883,0.040826
17.0898,0.0408314
17.0913,0.0408368
17.0928,0.0408422
17.0943,0.0408476
17.0958,0.0408529
17.0973,0.0408583
17.0988,0.0408637
17.1003,0.0408691
17.1018,0.0408744
17.1033,0.0408798
17.1048,0.0408852
17.1063,0.0408906
17.1078,0.040896
17.1093,0.0409013
17.1108,0.0409067
17.1123,0.0409121
17.1138,0.0409175
17.1153,0.0409228
17.1168,0.0409282
17.1183,0.0409336
17.1198,0.040939
17.1213,0.0409444
17.1228,0.0409497
17.1243,0.0409551
17.1258,0.0409605
17.1273,0.0409659
17.1288,0.0409712
17.1303,0.0409766
17.1318,0.040982
17.1333,0.0409874
17.1348,0.0409928
17.1363,0.0409981
17.1378,0.0410035
17.1393,0.0410089
17.1408,0.0410143
17.1423,0.0410196
17.1438,0.041025
17.1453,0.0410304
17.1468,0.0410358
17.1483,0.0410412
17.1498,0.0410465
17.1513,0.0410519
17.1528,0.0410573
17.1543,0.0410627
17.1558,0.0410681
17.1573,0.0410734
17.1588,0.0410788
17.1603,0.0410842
17.1618,0.0410896
17.1633,0.0410949
17.1648,0.0411003
17.1663,0.0411057
17.1678,0.0411111
17.1693,0.0411165
17.1708,0.0411218
17.1723,0.0411272
17.1738,0.0411326
17.1753,0.041138
17.1768,0.0411433
17.1783,0.0411487
17.1798,0.0411541
17.1813,0.0411595
17.1828,0.0411649
17.1843,0.0411702
17.1858,0.0411756
17.1873,0.041181
17.1888,0.0411864
17.1903,0.0411917
17.1917,0.0411971
17.1932,0.0412025
17.1947,0.0412079
17.1962,0.0412133
17.1977,0.0412186
17.1992,0.041224
17.2007,0.0412294
17.2022,0.0412348
17.2037,0.0412401
17.2052,0.0412455
17.2067,0.0412509
17.2082,0.0412563
17.2097,0.0412617
17.2112,0.041267
17.2127,0.0412724
17.2142,0.0412778
17.2157,0.0412832
17.2172,0.0412886
17.2187,0.0412939
17.2202,0.0412993
17.2217,0.0413047
17.2232,0.0413101
17.2247,0.0413154
17.2262,0.0413208
17.2277,0.0413262
17.2292,0.0413316
17.2307,0.041337
17.2322,0.0413423
17.2337,0.0413477
17.2352,0.0413531
17.2367,0.0413585
17.2382,0.0413638
17.2397,0.0413692
17.2412,0.0413746
17.2427,0.04138
17.2442,0.0413854
17.2457,0.0413907
17.2472,0.0413961
17.2487,0.0414015
17.2502,0.0414069
17.2517,0.0414122
17.2532,0.0414176
17.2547,0.041423
17.2562,0.0414284
17.2577,0.0414338
17.2592,0.0414391
17.2607,0.0414445
17.2622,0.0414499
17.2637,0.0414553
17.2652,0.0414606
17.2667,0.041466
17.2682,0.0414714
17.2697,0.0414768
17.2712,0.0414822
17.2727,0.0414875
17.2742,0.0414929
17.2757,0.0414983
17.2772,0.0415037
17.2787,0.0415091
17.2802,0.0415144
17.2817,0.0415198
17.2832,0.0415252
17.2847,0.0415306
17.2862,0.0415359
17.2877,0.0415413
17.2892,0.0415467
17.2907,0.0415521
17.2922,0.0415575
17.2937,0.0415628
17.2952,0.0415682
17.2967,0.0415736
17.2982,0.041579
17.2997,0.0415843
17.3012,0.0415897
17.3027,0.0415951
17.3042,0.0416005
17.3057,0.0416059
17.3072,0.0416112
17.3087,0.0416166
17.3102,0.041622
17.3117,0.0416274
17.3132,0.0416327
17.3147,0.0416381
17.3162,0.0416435
17.3177,0.0416489
17.3192,0.0416543
17.3207,0.0416596
17.3222,0.041665
17.3237,0.0416704
17.3252,0.0416758
17.3267,0.0416811
17.3282,0.0416865
17.3297,0.0416919
17.3312,0.0416973
17.3327,0.0417027
17.3342,0.041708
17.3357,0.0417134
17.3372,0.0417188
17.3387,0.0417242
17.3402,0.0417296
17.3417,0.0417349
17.3432,0.0417403
17.3447,0.0417457
17.3462,0.0417511
17.3477,0.0417564
17.3492,0.0417618
17.3507,0.0417672
17.3522,0.0417726
17.3537,0.041778
17.3552,0.0417833
17.3567,0.0417887
17.3582,0.0417941
17.3597,0.0417995
17.3612,0.0418048
17.3627,0.0418102
17.3642,0.0418156
17.3657,0.041821
17.3672,0.0418264
17.3687,0.0418317
17.3702,0.0418371
17.3717,0.0418425
17.3731,0.0418479
17.3746,0.0418532
17.3761,0.0418586
17.3776,0.041864
17.3791,0.0418694
17.3806,0.0418748
17.3821,0.0418801
17.3836,0.0418855
17.3851,0.0418909
17.3866,0.0418963
17.3881,0.0419016
17.3896,0.041907
17.3911,0.0419124
17.3926,0.0419178
17.3941,0.0419232
17.3956,0.0419285
17.3971,0.0419339
17.3986,0.0419393
17.4001,0.0419447
17.4016,0.0419501
17.4031,0.0419554
17.4046,0.0419608
17.4061,0.0419662
17.4076,0.0419716
17.4091,0.0419769
17.4106,0.0419823
17.4121,0.0419877
17.4136,0.0419931
17.4151,0.0419984
17.4166,0.0420038
17.4181,0.0420092
17.4196,0.0420146
17.4211,0.04202
17.4226,0.0420253
17.4241,0.0420307
17.4256,0.0420361
17.4271,0.0420415
17.4286,0.0420469
17.4301,0.0420522
17.4316,0.0420576
17.4331,0.042063
17.4346,0.0420684
17.4361,0.0420737
17.4376,0.0420791
17.4391,0.0420845
17.4406,0.0420899
17.4421,0.0420953
17.4436,0.0421006
17.4451,0.042106
17.4466,0.0421114
17.4481,0.0421168
17.4496,0.0421221
17.4511,0.0421275
17.4526,0.0421329
17.4541,0.0421383
17.4556,0.0421437
17.4571,0.042149
17.4586,0.0421544
17.4601,0.0421598
17.4616,0.0421652
17.4631,0.0421706
17.4646,0.0421759
17.4661,0.0421813
17.4676,0.0421867
17.4691,0.0421921
17.4706,0.0421974
17.4721,0.0422028
17.4736,0.0422082
17.4751,0.0422136
17.4766,0.042219
17.4781,0.0422243
17.4796,0.0422297
17.4811,0.0422351
17.4826,0.0422405
17.4841,0.0422458
17.4856,0.0422512
17.4871,0.0422566
17.4886,0.042262
17.4901,0.0422674
17.4916,0.0422727
17.4931,0.0422781
17.4946,0.0422835
17.4961,0.0422889
17.4976,0.0422942
17.4991,0.0422996
17.5006,0.042305
17.5021,0.0423104
17.5036,0.0423158
17.5051,0.0423211
17.5066,0.0423265
17.5081,0.0423319
17.5096,0.0423373
17.5111,0.0423426
17.5126,0.042348
17.5141,0.0423534
17.5156,0.0423588
17.5171,0.0423642
17.5186,0.0423695
17.5201,0.0423749
17.5216,0.0423803
17.5231,0.0423857
17.5246,0.0423911
17.5261,0.0423964
17.5276,0.0424018
17.5291,0.0424072
17.5306,0.0424126
17.5321,0.0424179
17.5336,0.0424233
17.5351,0.0424287
17.5366,0.0424341
17.5381,0.0424395
17.5396,0.0424448
17.5411,0.0424502
17.5426,0.0424556
17.5441,0.042461
17.5456,0.0424663
17.5471,0.0424717
17.5486,0.0424771
17.5501,0.0424825
17.5516,0.0424879
17.5531,0.0424932
17.5546,0.0424986
17.556,0.042504
17.5575,0.0425094
17.559,0.0425147
17.5605,0.0425201
17.562,0.0425255
17.5635,0.0425309
17.565,0.0425363
17.5665,0.0425416
17.568,0.042547
17.5695,0.0425524
17.571,0.0425578
17.5725,0.0425631
17.574,0.0425685
17.5755,0.0425739
17.577,0.0425793
17.5785,0.0425847
17.58,0.04259
17.5815,0.0425954
17.583,0.0426008
17.5845,0.0426062
17.586,0.0426116
17.5875,0.0426169
17.589,0.0426223
17.5905,0.0426277
17.592,0.0426331
17.5935,0.0426384
17.595,0.0426438
17.5965,0.0426492
17.598,0.0426546
17.5995,0.04266
17.601,0.0426653
17.6025,0.0426707
17.604,0.0426761
17.6055,0.0426815
17.607,0.0426868
17.6085,0.0426922
17.61,0.0426976
17.6115,0.042703
17.613,0.0427084
17.6145,0.0427137
17.616,0.0427191
17.6175,0.0427245
17.619,0.0427299
17.6205,0.0427352
17.622,0.0427406
17.6235,0.042746
17.625,0.0427514
17.6265,0.0427568
17.628,0.0427621
17.6295,0.0427675
17.631,0.0427729
17.6325,0.0427783
17.634,0.0427836
17.6355,0.042789
17.637,0.0427944
17.6385,0.0427998
17.64,0.0428052
17.6415,0.0428105
17.643,0.0428159
17.6445,0.0428213
17.646,0.0428267
17.6475,0.0428321
17.649,0.0428374
17.6505,0.0428428
17.652,0.0428482
17.6535,0.0428536
17.655,0.0428589
17.6565,0.0428643
17.658,0.0428697
17.6595,0.0428751
17.661,0.0428805
17.6625,0.0428858
17.664,0.0428912
17.6655,0.0428966
17.667,0.042902
17.6685,0.0429073
17.67,0.0429127
17.6715,0.0429181
17.673,0.0429235
17.6745,0.0429289
17.676,0.0429342
17.6775,0.0429396
17.679,0.042945
17.6805,0.0429504
17.682,0.0429557
17.6835,0.0429611
17.685,0.0429665
17.6865,0.0429719
17.688,0.0429773
17.6895,0.0429826
17.691,0.042988
17.6925,0.0429934
17.694,0.0429988
17.6955,0.0430042
17.697,0.0430095
17.6985,0.0430149
17.7,0.0430203
17.7015,0.0430257
17.703,0.043031
17.7045,0.0430364
17.706,0.0430418
17.7075,0.0430472
17.709,0.0430526
17.7105,0.0430579
17.712,0.0430633
17.7135,0.0430687
17.715,0.0430741
17.7165,0.0430794
17.718,0.0430848
17.7195,0.0430902
17.721,0.0430956
17.7225,0.043101
17.724,0.0431063
17.7255,0.0431117
17.727,0.0431171
17.7285,0.0431225
17.73,0.0431278
17.7315,0.0431332
17.733,0.0431386
17.7345,0.043144
17.736,0.0431494
17.7374,0.0431547
17.7389,0.0431601
17.7404,0.0431655
17.7419,0.0431709
17.7434,0.0431762
17.7449,0.0431816
17.7464,0.043187
17.7479,0.0431924
17.7494,0.0431978
17.7509,0.0432031
17.7524,0.0432085
17.7539,0.0432139
17.7554,0.0432193
17.7569,0.0432247
17.7584,0.04323
17.7599,0.0432354
17.7614,0.0432408
17.7629,0.0432462
17.7644,0.0432515
17.7659,0.0432569
17.7674,0.0432623
17.7689,0.0432677
17.7704,0.0432731
17.7719,0.0432784
17.7734,0.0432838
17.7749,0.0432892
17.7764,0.0432946
17.7779,0.0432999
17.7794,0.0433053
17.7809,0.0433107
17.7824,0.0433161
17.7839,0.0433215
17.7854,0.0433268
17.7869,0.0433322
17.7884,0.0433376
17.7899,0.043343
17.7914,0.0433483
17.7929,0.0433537
17.7944,0.0433591
17.7959,0.0433645
17.7974,0.0433699
17.7989,0.0433752
17.8004,0.0433806
17.8019,0.043386
17.8034,0.0433914
17.8049,0.0433968
17.8064,0.0434021
17.8079,0.0434075
17.8094,0.0434129
17.8109,0.0434183
17.8124,0.0434236
17.8139,0.043429
17.8154,0.0434344
17.8169,0.0434398
17.8184,0.0434452
17.8199,0.0434505
17.8214,0.0434559
17.8229,0.0434613
17.8244,0.0434667
17.8259,0.043472
17.8274,0.0434774
17.8289,0.0434828
17.8304,0.0434882
17.8319,0.0434936
17.8334,0.0434989
17.8349,0.0435043
17.8364,0.0435097
17.8379,0.0435151
17.8394,0.0435204
17.8409,0.0435258
17.8424,0.0435312
17.8439,0.0435366
17.8454,0.043542
17.8469,0.0435473
17.8484,0.0435527
17.8499,0.0435581
17.8514,0.0435635
17.8529,0.0435689
17.8544,0.0435742
17.8559,0.0435796
17.8574,0.043585
17.8589,0.0435904
17.8604,0.0435957
17.8619,0.0436011
17.8634,0.0436065
17.8649,0.0436119
17.8664,0.0436173
17.8679,0.0436226
17.8694,0.043628
17.8709,0.0436334
17.8724,0.0436388
17.8739,0.0436441
17.8754,0.0436495
17.8769,0.0436549
17.8784,0.0436603
17.8799,0.0436657
17.8814,0.043671
17.8829,0.0436764
17.8844,0.0436818
17.8859,0.0436872
17.8874,0.0436925
17.8889,0.0436979
17.8904,0.0437033
17.8919,0.0437087
17.8934,0.0437141
17.8949,0.0437194
17.8964,0.0437248
17.8979,0.0437302
17.8994,0.0437356
17.9009,0.043741
17.9024,0.0437463
17.9039,0.0437517
17.9054,0.0437571
17.9069,0.0437625
17.9084,0.0437678
17.9099,0.0437732
17.9114,0.0437786
17.9129,0.043784
17.9144,0.0437894
17.9159,0.0437947
17.9174,0.0438001
17.9188,0.0438055
17.9203,0.0438109
17.9218,0.0438162
17.9233,0.0438216
17.9248,0.043827
17.9263,0.0438324
17.9278,0.0438378
17.9293,0.0438431
17.9308,0.0438485
17.9323,0.0438539
17.9338,0.0438593
17.9353,0.0438646
17.9368,0.04387
17.9383,0.0438754
17.9398,0.0438808
17.9413,0.0438862
17.9428,0.0438915
17.9443,0.0438969
17.9458,0.0439023
17.9473,0.0439077
17.9488,0.0439131
17.9503,0.0439184
17.9518,0.0439238
17.9533,0.0439292
17.9548,0.0439346
17.9563,0.0439399
17.9578,0.0439453
17.9593,0.0439507
17.9608,0.0439561
17.9623,0.0439615
17.9638,0.0439668
17.9653,0.0439722
17.9668,0.0439776
17.9683,0.043983
17.9698,0.0439883
17.9713,0.0439937
17.9728,0.0439991
17.9743,0.0440045
17.9758,0.0440099
17.9773,0.0440152
17.9788,0.0440206
17.9803,0.044026
17.9818,0.0440314
17.9833,0.0440367
17.9848,0.0440421
17.9863,0.0440475
17.9878,0.0440529
17.9893,0.0440583
17.9908,0.0440636
17.9923,0.044069
17.9938,0.0440744
17.9953,0.0440798
17.9968,0.0440851
17.9983,0.0440905
17.9998,0.0440959
18.0013,0.0441013
18.0028,0.0441067
18.0043,0.044112
18.0058,0.0441174
18.0073,0.0441228
18.0088,0.0441282
18.0103,0.0441336
18.0118,0.0441389
18.0133,0.0441443
18.0148,0.0441497
18.0163,0.0441551
18.0178,0.0441604
18.0193,0.0441658
18.0208,0.0441712
18.0223,0.0441766
18.0238,0.044182
18.0253,0.0441873
18.0268,0.0441927
18.0283,0.0441981
18.0298,0.0442035
18.0313,0.0442088
18.0328,0.0442142
18.0343,0.0442196
18.0358,0.044225
18.0373,0.0442304
18.0388,0.0442357
18.0403,0.0442411
18.0418,0.0442465
18.0433,0.0442519
18.0448,0.0442572
18.0463,0.0442626
18.0478,0.044268
18.0493,0.0442734
18.0508,0.0442788
18.0523,0.0442841
18.0538,0.0442895
18.0553,0.0442949
18.0568,0.0443003
18.0583,0.0443057
18.0598,0.044311
18.0613,0.0443164
18.0628,0.0443218
18.0643,0.0443272
18.0658,0.0443325
18.0673,0.0443379
18.0688,0.0443433
18.0703,0.0443487
18.0718,0.0443541
18.0733,0.0443594
18.0748,0.0443648
18.0763,0.0443702
18.0778,0.0443756
18.0793,0.0443809
18.0808,0.0443863
18.0823,0.0443917
18.0838,0.0443971
18.0853,0.0444025
18.0868,0.0444078
18.0883,0.0444132
18.0898,0.0444186
18.0913,0.044424
18.0928,0.0444294
18.0943,0.0444347
18.0958,0.0444401
18.0973,0.0444455
18.0988,0.0444509
18.1003,0.0444562
18.1017,0.0444616
18.1032,0.044467
18.1047,0.0444724
18.1062,0.0444777
18.1077,0.0444831
18.1092,0.0444885
18.1107,0.0444939
18.1122,0.0444993
18.1137,0.0445046
18.1152,0.04451
18.1167,0.0445154
18.1182,0.0445208
18.1197,0.0445262
18.1212,0.0445315
18.1227,0.0445369
18.1242,0.0445423
18.1257,0.0445477
18.1272,0.044553
18.1287,0.0445584
18.1302,0.0445638
18.1317,0.0445692
18.1332,0.0445746
18.1347,0.0445799
18.1362,0.0445853
18.1377,0.0445907
18.1392,0.0445961
18.1407,0.0446014
18.1422,0.0446068
18.1437,0.0446122
18.1452,0.0446176
18.1467,0.044623
18.1482,0.0446283
18.1497,0.0446337
18.1512,0.0446391
18.1527,0.0446445
18.1542,0.0446499
18.1557,0.0446552
18.1572,0.0446606
18.1587,0.044666
18.1602,0.0446714
18.1617,0.0446767
18.1632,0.0446821
18.1647,0.0446875
18.1662,0.0446929
18.1677,0.0446983
18.1692,0.0447036
18.1707,0.044709
18.1722,0.0447144
18.1737,0.0447198
18.1752,0.0447251
18.1767,0.0447305
18.1782,0.0447359
18.1797,0.0447413
18.1812,0.0447467
18.1827,0.044752
18.1842,0.0447574
18.1857,0.0447628
18.1872,0.0447682
18.1887,0.0447735
18.1902,0.0447789
18.1917,0.0447843
18.1932,0.0447897
18.1947,0.0447951
18.1962,0.0448004
18.1977,0.0448058
18.1992,0.0448112
18.2007,0.0448166
18.2022,0.044822
18.2037,0.0448273
18.2052,0.0448327
18.2067,0.0448381
18.2082,0.0448435
18.2097,0.0448488
18.2112,0.0448542
18.2127,0.0448596
18.2142,0.044865
18.2157,0.0448704
18.2172,0.0448757
18.2187,0.0448811
18.2202,0.0448865
18.2217,0.0448919
18.2232,0.0448972
18.2247,0.0449026
18.2262,0.044908
18.2277,0.0449134
18.2292,0.0449188
18.2307,0.0449241
18.2322,0.0449295
18.2337,0.0449349
18.2352,0.0449403
18.2367,0.0449456
18.2382,0.044951
18.2397,0.0449564
18.2412,0.0449618
18.2427,0.0449672
18.2442,0.0449725
18.2457,0.0449779
18.2472,0.0449833
18.2487,0.0449887
18.2502,0.0449941
18.2517,0.0449994
18.2532,0.0450048
18.2547,0.0450102
18.2562,0.0450156
18.2577,0.0450209
18.2592,0.0450263
18.2607,0.0450317
18.2622,0.0450371
18.2637,0.0450425
18.2652,0.0450478
18.2667,0.0450532
18.2682,0.0450586
18.2697,0.045064
18.2712,0.0450693
18.2727,0.0450747
18.2742,0.0450801
18.2757,0.0450855
18.2772,0.0450909
18.2787,0.0450962
18.2802,0.0451016
18.2817,0.045107
18.2831,0.0451124
18.2846,0.0451178
18.2861,0.0451231
18.2876,0.0451285
18.2891,0.0451339
18.2906,0.0451393
18.2921,0.0451446
18.2936,0.04515
18.2951,0.0451554
18.2966,0.0451608
18.2981,0.0451661
18.2996,0.0451715
18.3011,0.0451769
18.3026,0.0451823
18.3041,0.0451877
18.3056,0.045193
18.3071,0.0451984
18.3086,0.0452038
18.3101,0.0452092
18.3116,0.0452146
18.3131,0.0452199
18.3146,0.0452253
18.3161,0.0452307
18.3176,0.0452361
18.3191,0.0452414
18.3206,0.0452468
18.3221,0.0452522
18.3236,0.0452576
18.3251,0.045263
18.3266,0.0452683
18.3281,0.0452737
18.3296,0.0452791
18.3311,0.0452845
18.3326,0.0452898
18.3341,0.0452952
18.3356,0.0453006
18.3371,0.045306
18.3386,0.0453114
18.3401,0.0453167
18.3416,0.0453221
18.3431,0.0453275
18.3446,0.0453329
18.3461,0.0453383
18.3476,0.0453436
18.3491,0.045349
18.3506,0.0453544
18.3521,0.0453598
18.3536,0.0453651
18.3551,0.0453705
18.3566,0.0453759
18.3581,0.0453813
18.3596,0.0453867
18.3611,0.045392
18.3626,0.0453974
18.3641,0.0454028
18.3656,0.0454082
18.3671,0.0454135
18.3686,0.0454189
18.3701,0.0454243
18.3716,0.0454297
18.3731,0.0454351
18.3746,0.0454404
18.3761,0.0454458
18.3776,0.0454512
18.3791,0.0454566
18.3806,0.045462
18.3821,0.0454673
18.3836,0.0454727
18.3851,0.0454781
18.3866,0.0454835
18.3881,0.0454888
18.3896,0.0454942
18.3911,0.0454996
18.3926,0.045505
18.3941,0.0455104
18.3956,0.0455157
18.3971,0.0455211
18.3986,0.0455265
18.4001,0.0455319
18.4016,0.0455372
18.4031,0.0455426
18.4046,0.045548
18.4061,0.0455534
18.4076,0.0455588
18.4091,0.0455641
18.4106,0.0455695
18.4121,0.0455749
18.4136,0.0455803
18.4151,0.0455856
18.4166,0.045591
18.4181,0.0455964
18.4196,0.0456018
18.4211,0.0456072
18.4226,0.0456125
18.4241,0.0456179
18.4256,0.0456233
18.4271,0.0456287
18.4286,0.045634
18.4301,0.0456394
18.4316,0.0456448
18.4331,0.0456502
18.4346,0.0456556
18.4361,0.0456609
18.4376,0.0456663
18.4391,0.0456717
18.4406,0.0456771
18.4421,0.0456825
18.4436,0.0456878
18.4451,0.0456932
18.4466,0.0456986
18.4481,0.045704
18.4496,0.0457093
18.4511,0.0457147
18.4526,0.0457201
18.4541,0.0457255
18.4556,0.0457309
18.4571,0.0457362
18.4586,0.0457416
18.4601,0.045747
18.4616,0.0457524
18.4631,0.0457577
18.4646,0.0457631
18.466,0.0457685
18.4675,0.0457739
18.469,0.0457793
18.4705,0.0457846
18.472,0.04579
18.4735,0.0457954
18.475,0.0458008
18.4765,0.0458062
18.478,0.0458115
18.4795,0.0458169
18.481,0.0458223
18.4825,0.0458277
18.484,0.045833
18.4855,0.0458384
18.487,0.0458438
18.4885,0.0458492
18.49,0.0458546
18.4915,0.0458599
18.493,0.0458653
18.4945,0.0458707
18.496,0.0458761
18.4975,0.0458814
18.499,0.0458868
18.5005,0.0458922
18.502,0.0458976
18.5035,0.045903
18.505,0.0459083
18.5065,0.0459137
18.508,0.0459191
18.5095,0.0459245
18.511,0.0459298
18.5125,0.0459352
18.514,0.0459406
18.5155,0.045946
18.517,0.0459514
18.5185,0.0459567
18.52,0.0459621
18.5215,0.0459675
18.523,0.0459729
18.5245,0.0459783
18.526,0.0459836
18.5275,0.045989
18.529,0.0459944
18.5305,0.0459998
18.532,0.0460051
18.5335,0.0460105
18.535,0.0460159
18.5365,0.0460213
18.538,0.0460267
18.5395,0.046032
18.541,0.0460374
18.5425,0.0460428
18.544,0.0460482
18.5455,0.0460535
18.547,0.0460589
18.5485,0.0460643
18.55,0.0460697
18.5515,0.0460751
18.553,0.0460804
18.5545,0.0460858
18.556,0.0460912
18.5575,0.0460966
18.559,0.046102
18.5605,0.0461073
18.562,0.0461127
18.5635,0.0461181
18.565,0.0461235
18.5665,0.0461288
18.568,0.0461342
18.5695,0.0461396
18.571,0.046145
18.5725,0.0461504
18.574,0.0461557
18.5755,0.0461611
18.577,0.0461665
18.5785,0.0461719
18.58,0.0461772
18.5815,0.0461826
18.583,0.046188
18.5845,0.0461934
18.586,0.0461988
18.5875,0.0462041
18.589,0.0462095
18.5905,0.0462149
18.592,0.0462203
18.5935,0.0462256
18.595,0.046231
18.5965,0.0462364
18.598,0.0462418
18.5995,0.0462472
18.601,0.0462525
18.6025,0.0462579
18.604,0.0462633
18.6055,0.0462687
18.607,0.0462741
18.6085,0.0462794
18.61,0.0462848
18.6115,0.0462902
18.613,0.0462956
18.6145,0.0463009
18.616,0.0463063
18.6175,0.0463117
18.619,0.0463171
18.6205,0.0463225
18.622,0.0463278
18.6235,0.0463332
18.625,0.0463386
18.6265,0.046344
18.628,0.0463493
18.6295,0.0463547
18.631,0.0463601
18.6325,0.0463655
18.634,0.0463709
18.6355,0.0463762
18.637,0.0463816
18.6385,0.046387
18.64,0.0463924
18.6415,0.0463977
18.643,0.0464031
18.6445,0.0464085
18.646,0.0464139
18.6474,0.0464193
18.6489,0.0464246
18.6504,0.04643
18.6519,0.0464354
18.6534,0.0464408
18.6549,0.0464462
18.6564,0.0464515
18.6579,0.0464569
18.6594,0.0464623
18.6609,0.0464677
18.6624,0.046473
18.6639,0.0464784
18.6654,0.0464838
18.6669,0.0464892
18.6684,0.0464946
18.6699,0.0464999
18.6714,0.0465053
18.6729,0.0465107
18.6744,0.0465161
18.6759,0.0465214
18.6774,0.0465268
18.6789,0.0465322
18.6804,0.0465376
18.6819,0.046543
18.6834,0.0465483
18.6849,0.0465537
18.6864,0.0465591
18.6879,0.0465645
18.6894,0.0465699
18.6909,0.0465752
18.6924,0.0465806
18.6939,0.046586
18.6954,0.0465914
18.6969,0.0465967
18.6984,0.0466021
18.6999,0.0466075
18.7014,0.0466129
18.7029,0.0466183
18.7044,0.0466236
18.7059,0.046629
18.7074,0.0466344
18.7089,0.0466398
18.7104,0.0466451
18.7119,0.0466505
18.7134,0.0466559
18.7149,0.0466613
18.7164,0.0466667
18.7179,0.046672
18.7194,0.0466774
18.7209,0.0466828
18.7224,0.0466882
18.7239,0.0466936
18.7254,0.0466989
18.7269,0.0467043
18.7284,0.0467097
18.7299,0.0467151
18.7314,0.0467204
18.7329,0.0467258
18.7344,0.0467312
18.7359,0.0467366
18.7374,0.046742
18.7389,0.0467473
18.7404,0.0467527
18.7419,0.0467581
18.7434,0.0467635
18.7449,0.0467688
18.7464,0.0467742
18.7479,0.0467796
18.7494,0.046785
18.7509,0.0467904
18.7524,0.0467957
18.7539,0.0468011
18.7554,0.0468065
18.7569,0.0468119
18.7584,0.0468172
18.7599,0.0468226
18.7614,0.046828
18.7629,0.0468334
18.7644,0.0468388
18.7659,0.0468441
18.7674,0.0468495
18.7689,0.0468549
18.7704,0.0468603
18.7719,0.0468656
18.7734,0.046871
18.7749,0.0468764
18.7764,0.0468818
18.7779,0.0468871
18.7794,0.0468925
18.7809,0.0468979
18.7824,0.0469033
18.7839,0.0469086
18.7854,0.046914
18.7869,0.0469194
18.7884,0.0469248
18.7899,0.0469301
18.7914,0.0469355
18.7929,0.0469409
18.7944,0.0469463
18.7959,0.0469516
18.7974,0.046957
18.7989,0.0469624
18.8004,0.0469678
18.8019,0.0469731
