time,cfl
0.0015,0
0.003,6.23037e-06
0.0045,1.24576e-05
0.006,1.86778e-05
0.0075,2.48913e-05
0.009,3.11036e-05
0.0105,3.73172e-05
0.012,4.35259e-05
0.0135,4.97298e-05
0.015,5.59288e-05
0.0165,6.21229e-05
0.018,6.83121e-05
0.0195,7.44964e-05
0.021,8.06758e-05
0.0225,8.68466e-05
0.024,9.30087e-05
0.0255,9.91659e-05
0.027,0.000105318
0.0285,0.000111462
0.03,0.000117597
0.0315,0.000123723
0.033,0.000129841
0.0345,0.00013595
0.036,0.00014205
0.0375,0.000148142
0.039,0.000154225
0.0405,0.000160295
0.042,0.000166353
0.0435,0.000172403
0.045,0.000178444
0.0465,0.000184472
0.048,0.000190488
0.0495,0.000196491
0.051,0.000202486
0.0525,0.000208468
0.054,0.000214438
0.0555,0.000220395
0.057,0.00022634
0.0585,0.000232272
0.06,0.000238192
0.0615,0.000244099
0.063,0.000249994
0.0645,0.000255873
0.066,0.000261739
0.0675,0.000267593
0.069,0.000273434
0.0705,0.000279263
0.072,0.000285075
0.0735,0.000290875
0.075,0.000296663
0.0765,0.000302438
0.078,0.000308197
0.0795,0.000313943
0.081,0.000319677
0.0825,0.000325398
0.084,0.000331107
0.0855,0.000336803
0.087,0.000342487
0.0885,0.000348158
0.09,0.000353817
0.0915,0.000359459
0.093,0.000365089
0.0945,0.000370706
0.0960001,0.00037631
0.0975001,0.000381903
0.0990001,0.000387482
0.1005,0.000393049
0.102,0.000398603
0.1035,0.000404145
0.105,0.000409675
0.1065,0.000415191
0.108,0.000420695
0.1095,0.000426188
0.111,0.000431671
0.1125,0.000437143
0.114,0.000442601
0.1155,0.000448051
0.117,0.000453492
0.1185,0.000458923
0.12,0.000464343
0.1215,0.000469753
0.123,0.000475155
0.1245,0.000480547
0.126,0.000485931
0.1275,0.000491306
0.129,0.000496672
0.1305,0.000502029
0.132,0.000507381
0.1335,0.000512724
0.135,0.000518057
0.1365,0.000523382
0.138,0.000528702
0.1395,0.000534017
0.141,0.000539322
0.1425,0.000544622
0.144,0.000549917
0.1455,0.000555207
0.147,0.000560491
0.1485,0.00056577
0.15,0.000571044
0.1515,0.000576313
0.153,0.00058158
0.1545,0.000586842
0.156,0.000592099
0.1575,0.00059735
0.159,0.0006026
0.1605,0.000607935
0.162,0.0006133
0.1635,0.000618667
0.165,0.000624033
0.1665,0.000629401
0.168,0.000634769
0.1695,0.000640137
0.171,0.000645506
0.1725,0.000650876
0.174,0.000656245
0.1755,0.000661615
0.177,0.000666986
0.1785,0.000672445
0.18,0.000678014
0.1815,0.000683576
0.183,0.000689128
0.1845,0.000694665
0.186,0.000700194
0.1875,0.000705715
0.189,0.000711224
0.1905,0.000716718
0.192,0.000722204
0.1935,0.000727679
0.195,0.000733143
0.1965,0.000738603
0.198,0.000744054
0.1995,0.000749494
0.201,0.000754923
0.2025,0.000760348
0.204,0.000765761
0.2055,0.000771164
0.207,0.000776556
0.2085,0.00078194
0.21,0.000787317
0.2115,0.000792683
0.213,0.000798046
0.2145,0.000803402
0.216,0.00080875
0.2175,0.000814088
0.219,0.000819418
0.2205,0.000824742
0.222,0.000830058
0.2235,0.000835363
0.225,0.00084066
0.2265,0.000845951
0.228,0.000851235
0.2295,0.000856516
0.231,0.00086179
0.2325,0.000867057
0.234,0.000872321
0.2355,0.000877582
0.237,0.000882837
0.2385,0.000888085
0.24,0.00089333
0.2415,0.000898572
0.243,0.000903887
0.2445,0.000909257
0.246,0.000914627
0.2475,0.000919997
0.249,0.000925368
0.2505,0.000930739
0.252,0.00093611
0.2535,0.000941482
0.255,0.000946853
0.2565,0.000952225
0.258,0.000957596
0.2595,0.000963069
0.261,0.000968592
0.2625,0.000974107
0.264,0.000979615
0.2655,0.000985111
0.267,0.000990604
0.2685,0.000996088
0.27,0.00100156
0.2715,0.00100702
0.273,0.00101248
0.2745,0.00101793
0.276,0.00102337
0.2775,0.0010288
0.279,0.00103423
0.2805,0.00103965
0.282,0.00104505
0.2835,0.00105046
0.285,0.00105586
0.2865,0.00106125
0.288,0.00106663
0.2895,0.001072
0.291,0.00107737
0.2925,0.00108273
0.294,0.00108808
0.2955,0.00109343
0.297,0.00109876
0.2985,0.00110409
0.3,0.00110942
0.3015,0.00111473
0.303,0.00112004
0.3045,0.00112535
0.306,0.00113066
0.3075,0.00113595
0.309,0.00114124
0.3105,0.00114652
0.312,0.0011518
0.3135,0.00115708
0.315,0.00116235
0.3165,0.00116762
0.318,0.00117296
0.3195,0.00117834
0.321,0.00118371
0.3225,0.00118908
0.324,0.00119445
0.3255,0.00119982
0.327,0.00120519
0.3285,0.00121056
0.33,0.00121593
0.3315,0.00122131
0.333,0.00122668
0.3345,0.00123205
0.336,0.00123742
0.3375,0.00124281
0.339,0.0012483
0.3405,0.00125378
0.342,0.00125925
0.3435,0.00126471
0.345,0.00127017
0.3465,0.00127562
0.348,0.00128106
0.3495,0.0012865
0.351,0.00129193
0.3525,0.00129735
0.354,0.00130277
0.3555,0.00130818
0.357,0.00131358
0.358501,0.00131897
0.360001,0.00132436
0.361501,0.00132975
0.363001,0.00133513
0.364501,0.0013405
0.366001,0.00134587
0.367501,0.00135123
0.369001,0.00135658
0.370501,0.00136193
0.372001,0.00136727
0.373501,0.0013726
0.375001,0.00137793
0.376501,0.00138326
0.378001,0.00138857
0.379501,0.00139388
0.381001,0.00139919
0.382501,0.00140449
0.384001,0.00140978
0.385501,0.00141507
0.387001,0.00142035
0.388501,0.00142563
0.390001,0.001431
0.391501,0.00143639
0.393001,0.00144179
0.394501,0.00144717
0.396001,0.00145256
0.397501,0.00145795
0.399001,0.00146333
0.400501,0.00146871
0.402001,0.00147408
0.403501,0.00147946
0.405001,0.00148483
0.406501,0.0014902
0.408001,0.00149557
0.409501,0.00150094
0.411001,0.00150631
0.412501,0.00151168
0.414001,0.00151707
0.415501,0.00152255
0.417001,0.00152802
0.418501,0.00153348
0.420001,0.00153894
0.421501,0.00154439
0.423001,0.00154984
0.424501,0.00155528
0.426001,0.00156071
0.427501,0.00156614
0.429001,0.00157156
0.430501,0.00157698
0.432001,0.00158239
0.433501,0.0015878
0.435001,0.0015932
0.436501,0.00159859
0.438001,0.00160398
0.439501,0.00160937
0.441001,0.00161475
0.442501,0.00162012
0.444001,0.00162548
0.445501,0.00163085
0.447001,0.00163621
0.448501,0.00164156
0.450001,0.0016469
0.451501,0.00165224
0.453001,0.00165757
0.454501,0.0016629
0.456001,0.00166822
0.457501,0.00167354
0.459001,0.00167886
0.460501,0.00168416
0.462001,0.00168946
0.463501,0.00169476
0.465001,0.00170005
0.466501,0.00170536
0.468001,0.00171075
0.469501,0.00171614
0.471001,0.00172152
0.472501,0.00172691
0.474001,0.0017323
0.475501,0.00173768
0.477001,0.00174306
0.478501,0.00174844
0.480001,0.00175382
0.481501,0.00175919
0.483001,0.00176457
0.484501,0.00176994
0.486001,0.00177531
0.487501,0.00178068
0.489001,0.00178605
0.490501,0.00179147
0.492001,0.00179691
0.493501,0.00180234
0.495001,0.00180778
0.496501,0.0018132
0.498001,0.00181862
0.499501,0.00182403
0.501001,0.00182944
0.502501,0.00183484
0.504001,0.00184023
0.505502,0.00184562
0.507002,0.001851
0.508502,0.00185638
0.510002,0.00186175
0.511502,0.00186712
0.513002,0.00187248
0.514502,0.00187783
0.516002,0.00188319
0.517502,0.00188853
0.519002,0.00189387
0.520502,0.00189921
0.522002,0.00190455
0.523502,0.00190988
0.525002,0.0019152
0.526502,0.00192052
0.528002,0.00192583
0.529502,0.00193114
0.531002,0.00193645
0.532502,0.00194176
0.534002,0.00194706
0.535502,0.00195246
0.537002,0.00195784
0.538502,0.00196323
0.540002,0.00196861
0.541502,0.00197399
0.543002,0.00197937
0.544502,0.00198475
0.546002,0.00199012
0.547502,0.00199549
0.549002,0.00200086
0.550502,0.00200623
0.552002,0.0020116
0.553502,0.00201697
0.555002,0.00202234
0.556502,0.00202771
0.558002,0.00203308
0.559502,0.00203845
0.561002,0.00204381
0.562502,0.00204918
0.564002,0.00205455
0.565502,0.00205992
0.567002,0.00206528
0.568502,0.00207065
0.570002,0.00207601
0.571502,0.00208138
0.573002,0.00208674
0.574502,0.00209211
0.576002,0.00209747
0.577502,0.00210283
0.579002,0.00210819
0.580502,0.00211355
0.582002,0.00211891
0.583502,0.00212427
0.585002,0.00212962
0.586502,0.00213498
0.588002,0.00214033
0.589502,0.00214567
0.591002,0.00215102
0.592502,0.00215636
0.594002,0.0021617
0.595502,0.00216704
0.597002,0.00217238
0.598502,0.00217771
0.600002,0.00218304
0.601502,0.00218837
0.603002,0.00219369
0.604502,0.00219901
0.606002,0.00220434
0.607502,0.00220965
0.609002,0.00221496
0.610502,0.00222027
0.612002,0.00222558
0.613502,0.00223089
0.615002,0.00223619
0.616502,0.00224149
0.618002,0.00224678
0.619502,0.00225208
0.621002,0.00225736
0.622502,0.00226265
0.624002,0.00226793
0.625502,0.00227323
0.627002,0.00227852
0.628502,0.00228381
0.630002,0.00228909
0.631502,0.00229437
0.633002,0.00229965
0.634502,0.00230493
0.636002,0.0023102
0.637502,0.00231546
0.639002,0.00232082
0.640502,0.00232618
0.642002,0.00233154
0.643502,0.00233691
0.645002,0.00234227
0.646502,0.00234763
0.648003,0.00235299
0.649503,0.00235836
0.651003,0.00236372
0.652503,0.00236908
0.654003,0.00237444
0.655503,0.0023798
0.657003,0.00238516
0.658503,0.00239052
0.660003,0.00239588
0.661503,0.00240124
0.663003,0.00240659
0.664503,0.00241195
0.666003,0.00241731
0.667503,0.00242267
0.669003,0.00242802
0.670503,0.00243338
0.672003,0.00243874
0.673503,0.00244409
0.675003,0.00244945
0.676503,0.0024548
0.678003,0.00246016
0.679503,0.00246551
0.681003,0.00247086
0.682503,0.00247622
0.684003,0.00248157
0.685503,0.00248692
0.687003,0.00249227
0.688503,0.00249762
0.690003,0.00250298
0.691503,0.00250833
0.693003,0.00251368
0.694503,0.00251903
0.696003,0.00252438
0.697503,0.00252973
0.699003,0.00253508
0.700503,0.00254042
0.702003,0.00254577
0.703503,0.00255112
0.705003,0.00255647
0.706503,0.00256182
0.708003,0.00256716
0.709503,0.00257251
0.711003,0.00257786
0.712503,0.0025832
0.714003,0.00258855
0.715503,0.00259389
0.717003,0.00259924
0.718503,0.00260458
0.720003,0.00260993
0.721503,0.00261527
0.723003,0.00262062
0.724503,0.00262596
0.726003,0.00263131
0.727503,0.00263665
0.729003,0.00264199
0.730503,0.00264734
0.732003,0.00265268
0.733503,0.00265802
0.735003,0.00266336
0.736503,0.00266871
0.738003,0.00267405
0.739503,0.00267939
0.741003,0.00268473
0.742503,0.00269007
0.744003,0.00269541
0.745503,0.00270075
0.747003,0.00270609
0.748503,0.00271143
0.750003,0.00271677
0.751503,0.00272211
0.753003,0.00272745
0.754503,0.00273279
0.756003,0.00273813
0.757503,0.00274346
0.759003,0.0027488
0.760503,0.00275414
0.762003,0.00275948
0.763503,0.00276481
0.765003,0.00277015
0.766503,0.00277549
0.768003,0.00278082
0.769503,0.00278616
0.771003,0.00279149
0.772503,0.00279683
0.774003,0.00280216
0.775503,0.0028075
0.777003,0.00281283
0.778503,0.00281817
0.780003,0.0028235
0.781503,0.00282883
0.783003,0.00283417
0.784503,0.0028395
0.786003,0.00284483
0.787503,0.00285016
0.789003,0.00285549
0.790504,0.00286082
0.792004,0.00286616
0.793504,0.00287149
0.795004,0.00287682
0.796504,0.00288214
0.798004,0.00288747
0.799504,0.0028928
0.801004,0.00289813
0.802504,0.00290346
0.804004,0.00290879
0.805504,0.00291411
0.807004,0.00291944
0.808504,0.00292477
0.810004,0.00293009
0.811504,0.00293542
0.813004,0.00294074
0.814504,0.00294607
0.816004,0.00295142
0.817504,0.00295678
0.819004,0.00296215
0.820504,0.00296751
0.822004,0.00297287
0.823504,0.00297824
0.825004,0.0029836
0.826504,0.00298896
0.828004,0.00299432
0.829504,0.00299968
0.831004,0.00300505
0.832504,0.00301041
0.834004,0.00301577
0.835504,0.00302113
0.837004,0.00302649
0.838504,0.00303185
0.840004,0.00303722
0.841504,0.00304258
0.843004,0.00304794
0.844504,0.0030533
0.846004,0.00305866
0.847504,0.00306402
0.849004,0.00306938
0.850504,0.00307474
0.852004,0.0030801
0.853504,0.00308546
0.855004,0.00309082
0.856504,0.00309617
0.858004,0.00310153
0.859504,0.00310689
0.861004,0.00311225
0.862504,0.0031176
0.864004,0.00312296
0.865504,0.00312832
0.867004,0.00313367
0.868504,0.00313903
0.870004,0.00314438
0.871504,0.00314974
0.873004,0.00315509
0.874504,0.00316044
0.876004,0.0031658
0.877504,0.00317115
0.879004,0.0031765
0.880504,0.00318185
0.882004,0.0031872
0.883504,0.00319255
0.885004,0.0031979
0.886504,0.00320324
0.888004,0.00320859
0.889504,0.00321394
0.891004,0.00321928
0.892504,0.00322463
0.894004,0.00322996
0.895504,0.00323529
0.897004,0.00324061
0.898504,0.00324591
0.900004,0.0032512
0.901504,0.00325649
0.903004,0.00326176
0.904504,0.00326702
0.906004,0.00327227
0.907504,0.00327751
0.909004,0.00328273
0.910504,0.00328795
0.912004,0.00329709
0.913504,0.00332686
0.915004,0.0033567
0.916504,0.0033866
0.918004,0.00341653
0.919504,0.00344649
0.921004,0.00347644
0.922504,0.00350638
0.924004,0.00353628
0.925504,0.00356612
0.927004,0.0035959
0.928504,0.00362559
0.930004,0.00365517
0.931504,0.00368464
0.933004,0.00371397
0.934505,0.00374315
0.936005,0.00377217
0.937505,0.00380101
0.939005,0.00382965
0.940505,0.00385809
0.942005,0.00388631
0.943505,0.00391429
0.945005,0.00394203
0.946505,0.00396952
0.948005,0.00399673
0.949505,0.00402367
0.951005,0.00405031
0.952505,0.00407666
0.954005,0.00410242
0.955505,0.00412759
0.957005,0.00415217
0.958505,0.00417617
0.960005,0.0041996
0.961505,0.00422249
0.963005,0.00424483
0.964505,0.00426664
0.966005,0.00428796
0.967505,0.00430879
0.969005,0.00432916
0.970505,0.00434909
0.972005,0.0043686
0.973505,0.00439698
0.975005,0.00443043
0.976505,0.0044637
0.978005,0.00449679
0.979505,0.0045297
0.981005,0.00456242
0.982505,0.00459495
0.984005,0.00462729
0.985505,0.00465943
0.987005,0.00469138
0.988505,0.00472312
0.990005,0.00475465
0.991505,0.00478597
0.993005,0.00481708
0.994505,0.00484796
0.996005,0.00487862
0.997505,0.00490905
0.999005,0.00493925
1.0005,0.00496922
1.002,0.00499893
1.0035,0.00502841
1.00501,0.00505763
1.00651,0.0050866
1.00801,0.00511531
1.00951,0.00514375
1.01101,0.00517193
1.01251,0.00519984
1.01401,0.00522748
1.01551,0.00525484
1.01701,0.00528192
1.01851,0.00530871
1.02001,0.00533521
1.02151,0.00536142
1.02301,0.00538734
1.02451,0.00541297
1.02601,0.00543829
1.02751,0.00546332
1.02901,0.00548804
1.03051,0.00551246
1.03201,0.00553657
1.03351,0.00556037
1.03501,0.00558386
1.03651,0.00560705
1.03801,0.00562992
1.03951,0.00565248
1.04101,0.00567473
1.04251,0.00569667
1.04401,0.00571829
1.04551,0.00573961
1.04701,0.00576061
1.04851,0.0057813
1.05001,0.00580168
1.05151,0.00582176
1.05301,0.00584153
1.05451,0.00586099
1.05601,0.00588015
1.05751,0.00589901
1.05901,0.00591758
1.06051,0.00593584
1.06201,0.00595381
1.06351,0.00597149
1.06501,0.00598888
1.06651,0.00600599
1.06801,0.00602281
1.06951,0.00603935
1.07101,0.00605561
1.07251,0.0060716
1.07401,0.00608732
1.07551,0.00610277
1.07701,0.00611796
1.07851,0.00613289
1.08001,0.00614757
1.08151,0.00616199
1.08301,0.00617617
1.08451,0.0061901
1.08601,0.0062038
1.08751,0.00621725
1.08901,0.00623047
1.09051,0.00624347
1.09201,0.00625624
1.09351,0.00626878
1.09501,0.00628112
1.09651,0.00629323
1.09801,0.00630514
1.09951,0.00631685
1.10101,0.00632835
1.10251,0.00633966
1.10401,0.00635077
1.10551,0.0063617
1.10701,0.00637244
1.10851,0.006383
1.11001,0.00639338
1.11151,0.00640359
1.11301,0.00641363
1.11451,0.0064235
1.11601,0.00643321
1.11751,0.00644276
1.11901,0.00645215
1.12051,0.0064614
1.12201,0.0064705
1.12351,0.00647945
1.12501,0.00648827
1.12651,0.00649695
1.12801,0.0065055
1.12951,0.00651392
1.13101,0.00652221
1.13251,0.00653038
1.13401,0.00653844
1.13551,0.00654638
1.13701,0.00655421
1.13851,0.00656193
1.14001,0.00656955
1.14151,0.00657707
1.14301,0.00658449
1.14451,0.00659182
1.14601,0.00659907
1.14751,0.00660622
1.14901,0.0066133
1.15051,0.0066203
1.15201,0.00662723
1.15351,0.00663409
1.15501,0.00664089
1.15651,0.00664762
1.15801,0.0066543
1.15951,0.00666092
1.16101,0.00666749
1.16251,0.00667402
1.16401,0.0066805
1.16551,0.00668695
1.16701,0.00669337
1.16851,0.00669976
1.17001,0.00670612
1.17151,0.00671246
1.17301,0.00671879
1.17451,0.0067251
1.17601,0.0067314
1.17751,0.0067377
1.17901,0.00674399
1.18051,0.0067503
1.18201,0.00675661
1.18351,0.00676293
1.18501,0.00676926
1.18651,0.00677562
1.18801,0.006782
1.18951,0.00678841
1.19101,0.00679485
1.19251,0.00680133
1.19401,0.00680785
1.19551,0.00681441
1.19701,0.00682103
1.19851,0.00682769
1.20001,0.00683442
1.20151,0.0068412
1.20301,0.00684805
1.20451,0.00685497
1.20601,0.00686196
1.20751,0.00686904
1.20901,0.00687619
1.21051,0.00688343
1.21201,0.00689075
1.21351,0.00689817
1.21501,0.00690569
1.21651,0.00691331
1.21801,0.00692104
1.21951,0.00692888
1.22101,0.00693683
1.22251,0.00694489
1.22401,0.00695308
1.22551,0.0069614
1.22701,0.00696984
1.22851,0.00697931
1.23001,0.00698982
1.23151,0.00700136
1.23301,0.00701394
1.23451,0.00702754
1.23601,0.00704217
1.23751,0.0070578
1.23901,0.00707444
1.24051,0.00709206
1.24201,0.00711066
1.24351,0.00713022
1.24501,0.00715074
1.24651,0.00717218
1.24801,0.00719454
1.24951,0.00721781
1.25101,0.00724196
1.25251,0.00726697
1.25401,0.00729282
1.25551,0.0073195
1.25701,0.00734698
1.25851,0.00737523
1.26001,0.00740424
1.26151,0.00743401
1.26301,0.00746486
1.26451,0.00749678
1.26601,0.0075297
1.26751,0.00756362
1.26901,0.00759847
1.27051,0.00763424
1.27201,0.00767087
1.27351,0.00770832
1.27501,0.00774655
1.27651,0.00778552
1.27801,0.00782519
1.27951,0.00786549
1.28101,0.0079064
1.28251,0.00794785
1.28401,0.00798979
1.28551,0.00803219
1.28701,0.00807498
1.28851,0.00811811
1.29001,0.00816153
1.29151,0.00820518
1.29301,0.00824901
1.29451,0.00829297
1.29601,0.00833699
1.29751,0.00838101
1.29901,0.00842499
1.30051,0.00846886
1.30201,0.00851256
1.30351,0.00855604
1.30501,0.00859924
1.30651,0.00864209
1.30801,0.00868455
1.30951,0.00872654
1.31101,0.00876802
1.31251,0.00880893
1.31401,0.0088492
1.31551,0.00888878
1.31701,0.00892762
1.31851,0.00896566
1.32001,0.00900284
1.32151,0.00903911
1.32301,0.00907442
1.32451,0.00910871
1.32601,0.00914194
1.32751,0.00917405
1.32901,0.009205
1.33051,0.00923474
1.33201,0.00926323
1.33351,0.00929043
1.33501,0.00931629
1.33651,0.00934078
1.33801,0.00936385
1.33951,0.00938548
1.34101,0.00940563
1.34251,0.00942427
1.34401,0.00944136
1.34551,0.0094569
1.34701,0.00947148
1.34851,0.0094858
1.35001,0.00949983
1.35151,0.00951356
1.35301,0.00952699
1.35451,0.00954011
1.35601,0.00955289
1.35751,0.00956534
1.35901,0.00957744
1.36051,0.00958919
1.36201,0.00960057
1.36351,0.00961159
1.36501,0.00962222
1.36651,0.00963246
1.36801,0.00964231
1.36951,0.00965176
1.37101,0.00966079
1.37251,0.00966941
1.37401,0.00967762
1.37551,0.00968539
1.37701,0.00969274
1.37851,0.00969964
1.38001,0.00970611
1.38151,0.00971214
1.38301,0.00971772
1.38451,0.00972285
1.38601,0.00972753
1.38751,0.00973175
1.38901,0.00973551
1.39051,0.00973882
1.39201,0.00974166
1.39351,0.00974404
1.39501,0.00974597
1.39651,0.00974744
1.39801,0.00974845
1.39951,0.00974901
1.40101,0.00974912
1.40251,0.00974878
1.40401,0.00974799
1.40551,0.00974677
1.40701,0.00974511
1.40851,0.00974301
1.41001,0.0097405
1.41151,0.00973756
1.41301,0.00973421
1.41451,0.00973046
1.41601,0.00972632
1.41751,0.00972178
1.41901,0.00971686
1.42051,0.00971183
1.42201,0.00970677
1.42351,0.0097017
1.42501,0.00969662
1.42651,0.00969153
1.42801,0.0096865
1.42951,0.00968152
1.43101,0.00967659
1.43251,0.00967173
1.43401,0.00966692
1.43551,0.00966216
1.43701,0.00965746
1.43851,0.00965281
1.44001,0.00964822
1.44151,0.00964367
1.44301,0.00963918
1.44451,0.00963474
1.44601,0.00963034
1.44751,0.009626
1.44901,0.0096217
1.45051,0.00961745
1.45201,0.00961324
1.45351,0.00960908
1.45501,0.00960496
1.45651,0.00960088
1.45801,0.00959686
1.45951,0.00959295
1.46101,0.00958917
1.46251,0.00958553
1.46401,0.00958202
1.46551,0.00957866
1.46701,0.00957545
1.46851,0.00957241
1.47001,0.00956953
1.47151,0.00956682
1.47301,0.00956429
1.47451,0.00956195
1.47601,0.00955984
1.47751,0.00955796
1.47901,0.00955632
1.48051,0.00955493
1.48201,0.00955379
1.48351,0.00955292
1.48501,0.00955366
1.48651,0.00957321
1.48801,0.00959198
1.48951,0.00960994
1.49101,0.00962709
1.49251,0.00964342
1.49401,0.0096589
1.49551,0.00967353
1.49701,0.0096873
1.49851,0.00970019
1.50001,0.0097122
1.50151,0.00972332
1.50301,0.00973355
1.50451,0.00974286
1.50601,0.00975127
1.50751,0.00975876
1.50901,0.00976533
1.51051,0.00977099
1.51201,0.00977572
1.51351,0.00977953
1.51501,0.00978242
1.51651,0.00978439
1.51801,0.00978545
1.51951,0.0097856
1.52101,0.00978484
1.52251,0.00978318
1.52401,0.00978062
1.52551,0.00977718
1.52701,0.00977286
1.52851,0.00976767
1.53001,0.00976162
1.53151,0.00975473
1.53301,0.00974701
1.53451,0.00973846
1.53601,0.00972909
1.53751,0.00973069
1.53901,0.00974196
1.54051,0.00975358
1.54201,0.00976553
1.54351,0.00977783
1.54501,0.00979045
1.54651,0.00980342
1.54801,0.00981671
1.54951,0.00983032
1.55101,0.00984425
1.55251,0.00985849
1.55401,0.00987303
1.55551,0.00988788
1.55701,0.00990301
1.55851,0.00991844
1.56001,0.00993414
1.56151,0.00995011
1.56301,0.00996634
1.56451,0.00998283
1.56601,0.00999956
1.56751,0.0100165
1.56901,0.0100337
1.57051,0.0100511
1.57201,0.0100688
1.57351,0.0100866
1.57501,0.0101046
1.57651,0.0101228
1.57801,0.0101411
1.57951,0.0101596
1.58101,0.0101782
1.58251,0.010197
1.58401,0.0102159
1.58551,0.0102349
1.58701,0.010254
1.58851,0.0102731
1.59001,0.0102924
1.59151,0.0103117
1.59301,0.010331
1.59451,0.0103503
1.59601,0.0103697
1.59751,0.0103891
1.59901,0.0104084
1.60051,0.0104277
1.60201,0.010447
1.60351,0.0104662
1.60501,0.0104854
1.60651,0.0105044
1.60801,0.0105234
1.60951,0.0105423
1.61101,0.010561
1.61251,0.0105796
1.61401,0.0105981
1.61551,0.0106164
1.61701,0.0106345
1.61851,0.0106524
1.62001,0.0106702
1.62151,0.0106877
1.62301,0.0107051
1.62451,0.0107222
1.62601,0.010739
1.62751,0.0107557
1.62901,0.010772
1.63051,0.0107881
1.63201,0.010804
1.63351,0.0108196
1.63501,0.0108348
1.63651,0.0108498
1.63801,0.0108645
1.63951,0.0108789
1.64101,0.010893
1.64251,0.0109068
1.64401,0.0109203
1.64551,0.0109334
1.64701,0.0109462
1.64851,0.0109587
1.65001,0.0109708
1.65151,0.0109827
1.65301,0.0109942
1.65451,0.0110053
1.65601,0.0110161
1.65751,0.0110266
1.65901,0.0110367
1.66051,0.0110465
1.66201,0.0110559
1.66351,0.011065
1.66501,0.0110738
1.66651,0.0110822
1.66801,0.0110903
1.66951,0.011098
1.67101,0.0111055
1.67251,0.0111125
1.67401,0.0111193
1.67551,0.0111257
1.67701,0.0111319
1.67851,0.0111377
1.68001,0.0111431
1.68151,0.0111483
1.68301,0.0111532
1.68451,0.0111578
1.68601,0.011162
1.68751,0.011166
1.68901,0.0111697
1.69051,0.011173
1.69201,0.0111761
1.69351,0.0111789
1.69501,0.0111815
1.69651,0.0111837
1.69801,0.0111857
1.69951,0.0111874
1.70101,0.0111888
1.70251,0.01119
1.70401,0.0111909
1.70551,0.0111916
1.70701,0.011192
1.70851,0.0111922
1.71001,0.0111922
1.71151,0.0111919
1.71301,0.0111914
1.71451,0.0111906
1.71601,0.0111897
1.71751,0.0111886
1.71901,0.0111872
1.72051,0.0111857
1.72201,0.011184
1.72351,0.0111821
1.72501,0.01118
1.72651,0.0111834
1.72801,0.0111909
1.72951,0.0111982
1.73101,0.0112055
1.73251,0.0112126
1.73401,0.0112196
1.73551,0.0112265
1.73701,0.0112334
1.73851,0.0112401
1.74001,0.0112467
1.74151,0.0112532
1.74301,0.0112596
1.74451,0.011266
1.74601,0.0112724
1.74751,0.0112787
1.74901,0.0112849
1.75051,0.0112911
1.75201,0.0112972
1.75351,0.0113033
1.75501,0.0113093
1.75651,0.0113153
1.75801,0.0113213
1.75951,0.0113271
1.76101,0.011333
1.76251,0.0113388
1.76401,0.0113446
1.76551,0.0113503
1.76701,0.011356
1.76851,0.0113617
1.77001,0.0113673
1.77151,0.0113729
1.77301,0.0113784
1.77451,0.0113839
1.77601,0.0113894
1.77751,0.0113949
1.77901,0.0114004
1.78051,0.0114058
1.78201,0.0114112
1.78351,0.0114166
1.78501,0.011422
1.78651,0.0114274
1.78801,0.0114327
1.78951,0.0114381
1.79101,0.0114434
1.79251,0.0114488
1.79401,0.0114541
1.79551,0.0114595
1.79701,0.0114649
1.79851,0.0114702
1.80001,0.0114756
1.80151,0.011481
1.80301,0.0114864
1.80451,0.0114918
1.80601,0.0114972
1.80751,0.0115027
1.80901,0.0115082
1.81051,0.0115137
1.81201,0.0115193
1.81351,0.0115249
1.81501,0.0115306
1.81651,0.0115364
1.81801,0.0115423
1.81951,0.0115484
1.82101,0.0115545
1.82251,0.0115607
1.82401,0.0115671
1.82551,0.0115736
1.82701,0.0115802
1.82851,0.0115869
1.83001,0.0115938
1.83151,0.0116008
1.83301,0.0116079
1.83451,0.0116152
1.83601,0.0116226
1.83751,0.0116302
1.83901,0.0116378
1.84051,0.0116456
1.84201,0.0116536
1.84351,0.0116617
1.84501,0.0116699
1.84651,0.0116782
1.84801,0.0116867
1.84951,0.0116953
1.85101,0.0117041
1.85251,0.011713
1.85401,0.011722
1.85551,0.0117312
1.85701,0.0117404
1.85851,0.0117498
1.86001,0.0117594
1.86151,0.011769
1.86301,0.0117788
1.86451,0.0117887
1.86601,0.0117987
1.86751,0.0118088
1.86901,0.0118191
1.87051,0.0118295
1.87201,0.0118399
1.87351,0.0118505
1.87501,0.0118613
1.87651,0.0118721
1.87801,0.011883
1.87951,0.011894
1.88101,0.0119052
1.88251,0.0119164
1.88401,0.0119277
1.88551,0.0119391
1.88701,0.0119506
1.88851,0.0119621
1.89001,0.0119737
1.89151,0.0119854
1.89301,0.0119972
1.89451,0.012009
1.89601,0.0120209
1.89751,0.0120328
1.89901,0.0120447
1.90051,0.0120567
1.90201,0.0120688
1.90351,0.0120808
1.90501,0.0120929
1.90651,0.012105
1.90801,0.0121171
1.90951,0.0121292
1.91101,0.0121413
1.91251,0.0121535
1.91401,0.0121656
1.91551,0.0121777
1.91701,0.0121897
1.91851,0.0122018
1.92001,0.0122138
1.92151,0.0122257
1.92301,0.0122377
1.92451,0.0122495
1.92601,0.0122614
1.92751,0.0122731
1.92901,0.0122849
1.93051,0.0122965
1.93201,0.0123081
1.93351,0.0123196
1.93501,0.012331
1.93651,0.0123424
1.93801,0.0123536
1.93951,0.0123648
1.94101,0.0123759
1.94251,0.0123869
1.94401,0.0123978
1.94551,0.0124086
1.94701,0.0124193
1.94851,0.0124299
1.95001,0.0124404
1.95151,0.0124508
1.95301,0.0124611
1.95451,0.0124713
1.95601,0.0124813
1.95751,0.0124913
1.95901,0.0125011
1.96051,0.0125108
1.96201,0.0125204
1.96351,0.0125299
1.96501,0.0125393
1.96651,0.0125485
1.96801,0.0125577
1.96951,0.0125667
1.97101,0.0125755
1.97251,0.0125843
1.97401,0.0125929
1.97551,0.0126014
1.97701,0.0126098
1.97851,0.0126181
1.98001,0.0126262
1.98151,0.0126343
1.98301,0.0126422
1.98451,0.01265
1.98601,0.0126576
1.98751,0.0126652
1.98901,0.0126726
1.99051,0.0126799
1.99201,0.0126872
1.99351,0.0126943
1.99501,0.0127013
1.99651,0.0127082
1.99801,0.012715
1.99951,0.0127217
2.00101,0.0127284
2.00251,0.0127349
2.00401,0.0127414
2.00551,0.0127478
2.00701,0.0127541
2.00851,0.0127603
2.01001,0.0127665
2.01151,0.0127726
2.01301,0.0127786
2.01451,0.0127846
2.01601,0.0127905
2.01751,0.0127964
2.01901,0.0128022
2.02051,0.012808
2.02201,0.0128138
2.02351,0.0128195
2.02501,0.0128252
2.02651,0.0128309
2.02801,0.0128365
2.02951,0.0128421
2.03101,0.0128478
2.03251,0.0128534
2.03401,0.012859
2.03551,0.0128646
2.03701,0.0128702
2.03851,0.0128758
2.04001,0.0128814
2.04151,0.012887
2.04301,0.0128927
2.04451,0.0128983
2.04601,0.012904
2.04751,0.0129098
2.04901,0.0129155
2.05051,0.0129213
2.05201,0.0129271
2.05351,0.012933
2.05501,0.0129389
2.05651,0.0129449
2.05801,0.012951
2.05951,0.0129571
2.06101,0.0129632
2.06251,0.0129695
2.06401,0.0129758
2.06551,0.0129822
2.06701,0.0129887
2.06851,0.0129953
2.07001,0.0130019
2.07151,0.0130087
2.07301,0.0130156
2.07451,0.0130226
2.07601,0.0130297
2.07751,0.0130369
2.07901,0.0130442
2.08051,0.0130516
2.08201,0.0130592
2.08351,0.0130669
2.08501,0.0130747
2.08651,0.0130826
2.08801,0.0130906
2.08951,0.0130988
2.09101,0.0131071
2.09251,0.0131155
2.09401,0.013124
2.0955,0.0131326
2.097,0.0131414
2.0985,0.0131503
2.1,0.0131594
2.1015,0.0131685
2.103,0.0131778
2.1045,0.0131872
2.106,0.0131967
2.1075,0.0132063
2.109,0.013216
2.1105,0.0132258
2.112,0.0132358
2.1135,0.0132458
2.115,0.013256
2.1165,0.0132662
2.118,0.0132766
2.1195,0.013287
2.121,0.0132976
2.1225,0.0133082
2.124,0.0133189
2.1255,0.0133297
2.127,0.0133405
2.1285,0.0133514
2.13,0.0133624
2.1315,0.0133735
2.133,0.0133846
2.1345,0.0133957
2.136,0.0134069
2.1375,0.0134182
2.139,0.0134295
2.1405,0.0134408
2.142,0.0134521
2.1435,0.0134635
2.145,0.0134748
2.1465,0.0134862
2.148,0.0134976
2.1495,0.013509
2.151,0.0135203
2.1525,0.0135317
2.154,0.013543
2.1555,0.0135544
2.157,0.0135656
2.1585,0.0135769
2.16,0.0135881
2.1615,0.0135992
2.163,0.0136103
2.1645,0.0136214
2.166,0.0136324
2.1675,0.0136432
2.169,0.0136541
2.1705,0.0136648
2.172,0.0136755
2.1735,0.013686
2.175,0.0136965
2.1765,0.0137066
2.178,0.0137164
2.1795,0.0137259
2.181,0.013735
2.1825,0.0137438
2.184,0.0137523
2.1855,0.0137604
2.187,0.0137683
2.1885,0.0137758
2.19,0.013783
2.1915,0.0137899
2.193,0.0137965
2.1945,0.0138028
2.196,0.0138088
2.1975,0.0138144
2.199,0.0138205
2.2005,0.0138311
2.202,0.0138415
2.2035,0.0138518
2.205,0.013862
2.2065,0.0138721
2.208,0.0138821
2.2095,0.0138919
2.211,0.0139017
2.2125,0.0139113
2.214,0.0139208
2.2155,0.0139302
2.217,0.0139394
2.2185,0.0139486
2.22,0.0139576
2.2215,0.0139666
2.223,0.0139756
2.2245,0.0139845
2.226,0.0139933
2.2275,0.014002
2.229,0.0140107
2.2305,0.0140194
2.232,0.0140279
2.23349,0.0140364
2.23499,0.0140449
2.23649,0.0140532
2.23799,0.0140615
2.23949,0.0140698
2.24099,0.0140779
2.24249,0.014086
2.24399,0.0140941
2.24549,0.0141021
2.24699,0.0141101
2.24849,0.014118
2.24999,0.0141259
2.25149,0.0141338
2.25299,0.0141416
2.25449,0.0141494
2.25599,0.0141571
2.25749,0.0141649
2.25899,0.0141726
2.26049,0.0141803
2.26199,0.0141879
2.26349,0.0141956
2.26499,0.0142032
2.26649,0.0142109
2.26799,0.0142185
2.26949,0.0142261
2.27099,0.0142338
2.27249,0.0142414
2.27399,0.0142491
2.27549,0.0142567
2.27699,0.0142644
2.27849,0.0142721
2.27999,0.0142798
2.28149,0.0142875
2.28299,0.0142952
2.28449,0.014303
2.28599,0.0143108
2.28749,0.0143186
2.28899,0.0143265
2.29049,0.0143344
2.29199,0.0143423
2.29349,0.0143503
2.29499,0.0143583
2.29649,0.0143663
2.29799,0.0143744
2.29949,0.0143825
2.30099,0.0143907
2.30249,0.0143989
2.30399,0.0144072
2.30549,0.0144155
2.30699,0.0144238
2.30849,0.0144322
2.30999,0.0144406
2.31149,0.0144491
2.31299,0.0144576
2.31449,0.0144662
2.31599,0.0144748
2.31749,0.0144834
2.31899,0.0144921
2.32049,0.0145008
2.32199,0.0145096
2.32349,0.0145184
2.32499,0.0145273
2.32649,0.0145362
2.32799,0.0145451
2.32949,0.0145541
2.33099,0.0145648
2.33249,0.0145781
2.33399,0.0145912
2.33549,0.0146043
2.33699,0.0146172
2.33849,0.0146301
2.33999,0.0146428
2.34149,0.0146554
2.34299,0.0146679
2.34449,0.0146802
2.34599,0.0146924
2.34749,0.0147044
2.34899,0.0147163
2.35049,0.0147281
2.35199,0.0147397
2.35349,0.0147512
2.35499,0.0147625
2.35649,0.0147736
2.35799,0.0147846
2.35949,0.0147954
2.36099,0.014806
2.36249,0.0148165
2.36399,0.0148268
2.36549,0.014837
2.36699,0.0148469
2.36849,0.0148568
2.36999,0.0148664
2.37148,0.0148759
2.37298,0.0148852
2.37448,0.0148944
2.37598,0.0149034
2.37748,0.0149123
2.37898,0.0149209
2.38048,0.0149295
2.38198,0.0149379
2.38348,0.0149461
2.38498,0.0149542
2.38648,0.0149622
2.38798,0.01497
2.38948,0.0149776
2.39098,0.0149852
2.39248,0.0149925
2.39398,0.0149998
2.39548,0.0150069
2.39698,0.0150139
2.39848,0.0150208
2.39998,0.0150275
2.40148,0.0150344
2.40298,0.0150455
2.40448,0.0150566
2.40598,0.0150678
2.40748,0.0150789
2.40898,0.0150901
2.41048,0.0151013
2.41198,0.0151125
2.41348,0.0151237
2.41498,0.0151349
2.41648,0.0151461
2.41798,0.0151573
2.41948,0.0151685
2.42098,0.0151796
2.42248,0.0151907
2.42398,0.0152018
2.42548,0.0152129
2.42698,0.0152239
2.42848,0.0152348
2.42998,0.0152457
2.43148,0.0152565
2.43298,0.0152672
2.43448,0.0152779
2.43598,0.0152884
2.43748,0.0152989
2.43898,0.0153093
2.44048,0.0153196
2.44198,0.0153298
2.44348,0.0153398
2.44498,0.0153498
2.44648,0.0153596
2.44798,0.0153693
2.44948,0.0153789
2.45098,0.0153883
2.45248,0.0153977
2.45398,0.0154068
2.45548,0.0154158
2.45698,0.0154247
2.45848,0.0154335
2.45998,0.015442
2.46148,0.0154505
2.46298,0.0154588
2.46448,0.0154669
2.46598,0.0154749
2.46748,0.0154827
2.46898,0.0154904
2.47048,0.0154979
2.47198,0.0155053
2.47348,0.0155125
2.47498,0.0155196
2.47648,0.0155266
2.47798,0.0155334
2.47948,0.0155401
2.48098,0.0155467
2.48248,0.0155532
2.48398,0.0155596
2.48548,0.0155659
2.48698,0.015572
2.48848,0.0155781
2.48998,0.015584
2.49148,0.0155899
2.49298,0.0155956
2.49448,0.0156013
2.49598,0.0156068
2.49748,0.0156123
2.49898,0.0156177
2.50048,0.015623
2.50198,0.0156282
2.50348,0.0156333
2.50498,0.0156384
2.50648,0.0156434
2.50798,0.0156483
2.50947,0.0156532
2.51097,0.015658
2.51247,0.0156627
2.51397,0.0156674
2.51547,0.015672
2.51697,0.0156766
2.51847,0.0156811
2.51997,0.0156856
2.52147,0.01569
2.52297,0.0156945
2.52447,0.0156991
2.52597,0.0157057
2.52747,0.0157136
2.52897,0.0157215
2.53047,0.0157293
2.53197,0.015737
2.53347,0.0157447
2.53497,0.0157522
2.53647,0.0157597
2.53797,0.0157672
2.53947,0.0157745
2.54097,0.0157819
2.54247,0.0157892
2.54397,0.0157964
2.54547,0.0158036
2.54697,0.0158108
2.54847,0.015818
2.54997,0.0158251
2.55147,0.0158322
2.55297,0.0158393
2.55447,0.0158464
2.55597,0.0158534
2.55747,0.0158605
2.55897,0.0158676
2.56047,0.0158747
2.56197,0.0158818
2.56347,0.0158889
2.56497,0.015896
2.56647,0.0159031
2.56797,0.0159102
2.56947,0.0159174
2.57097,0.0159245
2.57247,0.0159317
2.57397,0.0159389
2.57547,0.0159461
2.57697,0.0159534
2.57847,0.0159606
2.57997,0.0159679
2.58147,0.0159751
2.58297,0.0159823
2.58447,0.0159895
2.58597,0.0159967
2.58747,0.0160038
2.58897,0.0160109
2.59047,0.016018
2.59197,0.016025
2.59347,0.016032
2.59497,0.016039
2.59647,0.0160459
2.59797,0.0160529
2.59947,0.0160597
2.60097,0.0160666
2.60247,0.0160734
2.60397,0.0160801
2.60547,0.0160869
2.60697,0.0160935
2.60847,0.0161002
2.60997,0.0161068
2.61147,0.0161133
2.61297,0.0161198
2.61447,0.0161262
2.61597,0.0161326
2.61747,0.0161389
2.61897,0.0161452
2.62047,0.0161514
2.62197,0.0161576
2.62347,0.0161636
2.62497,0.0161697
2.62647,0.0161756
2.62797,0.0161815
2.62947,0.0161873
2.63097,0.0161931
2.63247,0.0161988
2.63397,0.0162044
2.63547,0.0162099
2.63697,0.0162153
2.63847,0.0162205
2.63997,0.0162255
2.64147,0.0162303
2.64297,0.0162349
2.64447,0.016242
2.64597,0.0162515
2.64746,0.0162612
2.64896,0.0162709
2.65046,0.0162808
2.65196,0.0162907
2.65346,0.0163007
2.65496,0.0163109
2.65646,0.0163211
2.65796,0.0163313
2.65946,0.0163417
2.66096,0.0163521
2.66246,0.0163626
2.66396,0.0163731
2.66546,0.0163837
2.66696,0.0163944
2.66846,0.0164051
2.66996,0.0164158
2.67146,0.0164266
2.67296,0.0164374
2.67446,0.0164482
2.67596,0.016459
2.67746,0.0164699
2.67896,0.0164807
2.68046,0.0164916
2.68196,0.0165024
2.68346,0.0165132
2.68496,0.016524
2.68646,0.0165347
2.68796,0.0165454
2.68946,0.016556
2.69096,0.0165801
2.69246,0.0166065
2.69396,0.0166329
2.69546,0.0166591
2.69696,0.0166851
2.69846,0.0167109
2.69996,0.0167364
2.70146,0.0167617
2.70296,0.0167867
2.70446,0.0168113
2.70596,0.0168356
2.70746,0.0168595
2.70896,0.0168831
2.71046,0.0169062
2.71196,0.0169288
2.71346,0.016951
2.71496,0.0169727
2.71646,0.0169939
2.71796,0.0170146
2.71946,0.0170347
2.72096,0.0170542
2.72246,0.0170731
2.72396,0.0170914
2.72546,0.0171091
2.72696,0.0171261
2.72846,0.0171424
2.72996,0.0171581
2.73146,0.0171731
2.73296,0.0171873
2.73446,0.0172009
2.73596,0.0172137
2.73746,0.0172259
2.73896,0.0172375
2.74046,0.0172484
2.74196,0.0172588
2.74346,0.0172685
2.74496,0.0172777
2.74646,0.0172863
2.74796,0.0172943
2.74946,0.0173016
2.75096,0.0173084
2.75246,0.0173146
2.75396,0.0173202
2.75546,0.0173252
2.75696,0.0173295
2.75846,0.0173333
2.75996,0.0173365
2.76146,0.017339
2.76296,0.017341
2.76446,0.0173424
2.76596,0.0173431
2.76746,0.0173434
2.76896,0.017343
2.77046,0.0173421
2.77196,0.0173407
2.77346,0.0173387
2.77496,0.0173362
2.77646,0.0173331
2.77796,0.0173293
2.77946,0.017325
2.78096,0.01732
2.78246,0.0173144
2.78396,0.0173082
2.78545,0.0173015
2.78695,0.0172942
2.78845,0.0172866
2.78995,0.0172788
2.79145,0.0172708
2.79295,0.0172627
2.79445,0.0172543
2.79595,0.0172457
2.79745,0.017237
2.79895,0.0172282
2.80045,0.0172195
2.80195,0.0172109
2.80345,0.0172024
2.80495,0.017194
2.80645,0.0172141
2.80795,0.0172368
2.80945,0.0172594
2.81095,0.0172818
2.81245,0.017304
2.81395,0.0173261
2.81545,0.0173481
2.81695,0.0173699
2.81845,0.0173915
2.81995,0.017413
2.82145,0.0174344
2.82295,0.0174556
2.82445,0.0174767
2.82595,0.0174977
2.82745,0.0175186
2.82895,0.0175393
2.83045,0.0175599
2.83195,0.0175803
2.83345,0.0176007
2.83495,0.017621
2.83645,0.0176411
2.83795,0.0176611
2.83945,0.017681
2.84095,0.0177009
2.84245,0.0177206
2.84395,0.0177402
2.84545,0.0177597
2.84695,0.0177792
2.84845,0.0177985
2.84995,0.0178178
2.85145,0.017837
2.85295,0.017856
2.85445,0.017875
2.85595,0.017894
2.85745,0.0179128
2.85895,0.0179316
2.86045,0.0179503
2.86195,0.0179689
2.86345,0.0179874
2.86495,0.0180059
2.86645,0.0180243
2.86795,0.0180426
2.86945,0.0180609
2.87095,0.018079
2.87245,0.0180971
2.87395,0.0181148
2.87545,0.0181322
2.87695,0.0181492
2.87845,0.0181659
2.87995,0.0181822
2.88145,0.0181982
2.88295,0.0182139
2.88445,0.0182292
2.88595,0.0182441
2.88745,0.0182588
2.88895,0.0182731
2.89045,0.0182871
2.89195,0.0183007
2.89345,0.0183141
2.89495,0.0183271
2.89645,0.0183398
2.89795,0.0183523
2.89945,0.0183645
2.90095,0.0183764
2.90245,0.018388
2.90395,0.0183993
2.90545,0.0184104
2.90695,0.0184213
2.90845,0.018432
2.90995,0.0184424
2.91145,0.0184526
2.91295,0.0184626
2.91445,0.0184724
2.91595,0.018482
2.91745,0.0184914
2.91895,0.0185007
2.92045,0.0185098
2.92195,0.0185188
2.92344,0.0185276
2.92494,0.0185363
2.92644,0.0185448
2.92794,0.0185532
2.92944,0.0185616
2.93094,0.0185697
2.93244,0.0185776
2.93394,0.0185852
2.93544,0.0185925
2.93694,0.0185995
2.93844,0.0186062
2.93994,0.0186126
2.94144,0.0186187
2.94294,0.0186246
2.94444,0.0186301
2.94594,0.0186354
2.94744,0.0186405
2.94894,0.0186453
2.95044,0.0186498
2.95194,0.0186541
2.95344,0.0186582
2.95494,0.018662
2.95644,0.0186656
2.95794,0.018669
2.95944,0.0186721
2.96094,0.018675
2.96244,0.0186777
2.96394,0.0186802
2.96544,0.0186825
2.96694,0.0186846
2.96844,0.0186947
2.96994,0.0187121
2.97144,0.0187296
2.97294,0.0187471
2.97444,0.0187646
2.97594,0.0187821
2.97744,0.0187997
2.97894,0.0188172
2.98044,0.0188348
2.98194,0.0188523
2.98344,0.0188698
2.98494,0.0188873
2.98644,0.0189048
2.98794,0.0189223
2.98944,0.0189397
2.99094,0.0189571
2.99244,0.0189744
2.99394,0.0189917
2.99544,0.0190088
2.99694,0.019026
2.99844,0.019043
2.99994,0.0190599
3.00144,0.0190768
3.00294,0.0190935
3.00444,0.0191101
3.00594,0.0191266
3.00744,0.019143
3.00894,0.0191592
3.01044,0.0191752
3.01194,0.0191911
3.01344,0.0192068
3.01494,0.0192223
3.01644,0.0192377
3.01794,0.0192528
3.01944,0.0192677
3.02094,0.0192824
3.02244,0.0192968
3.02394,0.019311
3.02544,0.019325
3.02694,0.0193387
3.02844,0.0193521
3.02994,0.0193653
3.03144,0.0193781
3.03294,0.0193907
3.03444,0.0194029
3.03594,0.0194149
3.03744,0.0194265
3.03894,0.0194378
3.04044,0.0194488
3.04194,0.0194597
3.04344,0.0194704
3.04494,0.019481
3.04644,0.0194912
3.04794,0.0195013
3.04944,0.0195111
3.05094,0.0195206
3.05244,0.0195299
3.05394,0.0195388
3.05544,0.0195475
3.05694,0.0195557
3.05844,0.0195637
3.05994,0.0195712
3.06143,0.0195784
3.06293,0.0195852
3.06443,0.0195915
3.06593,0.0195975
3.06743,0.0196029
3.06893,0.019608
3.07043,0.0196125
3.07193,0.0196165
3.07343,0.0196201
3.07493,0.0196231
3.07643,0.0196256
3.07793,0.0196275
3.07943,0.0196288
3.08093,0.0196296
3.08243,0.0196299
3.08393,0.0196295
3.08543,0.0196285
3.08693,0.0196269
3.08843,0.0196247
3.08993,0.0196219
3.09143,0.0196184
3.09293,0.0196142
3.09443,0.0196095
3.09593,0.019604
3.09743,0.0195979
3.09893,0.0195911
3.10043,0.0195837
3.10193,0.0195756
3.10343,0.0195668
3.10493,0.0195573
3.10643,0.0195472
3.10793,0.0195363
3.10943,0.0195248
3.11093,0.0195127
3.11243,0.0194998
3.11393,0.0194863
3.11543,0.0194721
3.11693,0.0194573
3.11843,0.0194418
3.11993,0.0194257
3.12143,0.0194089
3.12293,0.0193919
3.12443,0.0193747
3.12593,0.0193572
3.12743,0.0193394
3.12893,0.0193214
3.13043,0.0193031
3.13193,0.0192848
3.13343,0.0192664
3.13493,0.0192479
3.13643,0.0192293
3.13793,0.0192106
3.13943,0.0191918
3.14093,0.0191729
3.14243,0.0191697
3.14393,0.0191768
3.14543,0.0191841
3.14693,0.0191915
3.14843,0.0191992
3.14993,0.019207
3.15143,0.0192149
3.15293,0.019223
3.15443,0.0192313
3.15593,0.0192396
3.15743,0.0192482
3.15893,0.0192568
3.16043,0.0192656
3.16193,0.0192745
3.16343,0.0192835
3.16493,0.0192925
3.16643,0.0193017
3.16793,0.019311
3.16943,0.0193203
3.17093,0.0193297
3.17243,0.0193391
3.17393,0.0193486
3.17543,0.0193581
3.17693,0.0193676
3.17843,0.0193772
3.17993,0.0193867
3.18143,0.0193962
3.18293,0.0194057
3.18443,0.0194152
3.18593,0.0194246
3.18743,0.019434
3.18893,0.0194433
3.19043,0.0194525
3.19193,0.0194617
3.19343,0.0194707
3.19493,0.0194796
3.19643,0.0194884
3.19793,0.0194971
3.19942,0.0195056
3.20092,0.019514
3.20242,0.0195222
3.20392,0.0195302
3.20542,0.019538
3.20692,0.0195457
3.20842,0.0195531
3.20992,0.0195603
3.21142,0.0195672
3.21292,0.0195739
3.21442,0.0195804
3.21592,0.0195866
3.21742,0.0195926
3.21892,0.0195982
3.22042,0.0196036
3.22192,0.0196088
3.22342,0.0196136
3.22492,0.0196181
3.22642,0.0196223
3.22792,0.0196262
3.22942,0.0196298
3.23092,0.019633
3.23242,0.0196359
3.23392,0.0196385
3.23542,0.0196407
3.23692,0.0196426
3.23842,0.0196441
3.23992,0.0196452
3.24142,0.019646
3.24292,0.0196464
3.24442,0.0196464
3.24592,0.019646
3.24742,0.0196453
3.24892,0.0196441
3.25042,0.0196426
3.25192,0.0196407
3.25342,0.0196384
3.25492,0.0196357
3.25642,0.0196326
3.25792,0.0196291
3.25942,0.0196252
3.26092,0.0196209
3.26242,0.0196162
3.26392,0.0196112
3.26542,0.0196057
3.26692,0.0195999
3.26842,0.0195938
3.26992,0.0195878
3.27142,0.0195819
3.27292,0.019576
3.27442,0.0195703
3.27592,0.0195647
3.27742,0.0195592
3.27892,0.0195537
3.28042,0.0195484
3.28192,0.0195432
3.28342,0.019538
3.28492,0.019533
3.28642,0.0195281
3.28792,0.0195232
3.28942,0.0195185
3.29092,0.0195139
3.29242,0.0195094
3.29392,0.0195049
3.29542,0.0195006
3.29692,0.019496
3.29842,0.0194914
3.29992,0.0194866
3.30142,0.0194818
3.30292,0.0194768
3.30442,0.0194717
3.30592,0.0194665
3.30742,0.0194613
3.30892,0.019456
3.31042,0.0194507
3.31192,0.0194453
3.31342,0.0194399
3.31492,0.0194344
3.31642,0.0194289
3.31792,0.0194235
3.31942,0.019418
3.32092,0.0194209
3.32242,0.0194365
3.32392,0.0194518
3.32542,0.0194666
3.32692,0.0194811
3.32842,0.0194951
3.32992,0.0195088
3.33142,0.0195221
3.33292,0.019535
3.33442,0.0195475
3.33592,0.0195596
3.33741,0.0195713
3.33891,0.0195826
3.34041,0.0195935
3.34191,0.0196039
3.34341,0.0196139
3.34491,0.0196235
3.34641,0.0196327
3.34791,0.0196414
3.34941,0.0196496
3.35091,0.0196575
3.35241,0.0196648
3.35391,0.0196717
3.35541,0.0196782
3.35691,0.0196842
3.35841,0.0196897
3.35991,0.0196948
3.36141,0.0196995
3.36291,0.0197036
3.36441,0.0197074
3.36591,0.0197106
3.36741,0.0197134
3.36891,0.0197158
3.37041,0.0197177
3.37191,0.0197193
3.37341,0.0197452
3.37491,0.0197708
3.37641,0.019796
3.37791,0.0198207
3.37941,0.0198451
3.38091,0.0198691
3.38241,0.0198926
3.38391,0.0199157
3.38541,0.0199383
3.38691,0.0199604
3.38841,0.019982
3.38991,0.0200032
3.39141,0.0200238
3.39291,0.0200439
3.39441,0.0200635
3.39591,0.0200825
3.39741,0.020101
3.39891,0.0201189
3.40041,0.0201362
3.40191,0.020153
3.40341,0.0201692
3.40491,0.0201849
3.40641,0.0201999
3.40791,0.0202144
3.40941,0.0202283
3.41091,0.0202416
3.41241,0.0202543
3.41391,0.0202664
3.41541,0.0202779
3.41691,0.0202889
3.41841,0.0202993
3.41991,0.0203091
3.42141,0.0203183
3.42291,0.020327
3.42441,0.0203351
3.42591,0.0203426
3.42741,0.0203496
3.42891,0.0203561
3.43041,0.0203621
3.43191,0.0203675
3.43341,0.0203724
3.43491,0.0203769
3.43641,0.0203808
3.43791,0.0203843
3.43941,0.0203873
3.44091,0.0203897
3.44241,0.0203917
3.44391,0.0203932
3.44541,0.0203942
3.44691,0.0203948
3.44841,0.0203949
3.44991,0.0203947
3.45141,0.020394
3.45291,0.0203929
3.45441,0.0203915
3.45591,0.0203897
3.45741,0.0203875
3.45891,0.020385
3.46041,0.0203823
3.46191,0.0203792
3.46341,0.0203759
3.46491,0.0203723
3.46641,0.0203685
3.46791,0.0203645
3.46941,0.0203602
3.47091,0.0203558
3.47241,0.0203512
3.47391,0.0203464
3.4754,0.0203416
3.4769,0.0203369
3.4784,0.0203321
3.4799,0.0203274
3.4814,0.0203227
3.4829,0.0203181
3.4844,0.0203136
3.4859,0.0203091
3.4874,0.0203047
3.4889,0.0203003
3.4904,0.020296
3.4919,0.0202917
3.4934,0.0202874
3.4949,0.0202832
3.4964,0.0202791
3.4979,0.0202749
3.4994,0.0202708
3.5009,0.0202667
3.5024,0.0202627
3.5039,0.0202581
3.5054,0.020253
3.5069,0.0202473
3.5084,0.0202412
3.5099,0.0202345
3.5114,0.0202274
3.5129,0.0202197
3.5144,0.0202115
3.5159,0.0202028
3.5174,0.0201936
3.5189,0.0201839
3.5204,0.0201737
3.5219,0.0201631
3.5234,0.0201563
3.5249,0.0201534
3.5264,0.0201506
3.5279,0.0201477
3.5294,0.0201449
3.5309,0.020142
3.5324,0.0201392
3.5339,0.0201364
3.5354,0.0201336
3.5369,0.0201308
3.5384,0.0201281
3.5399,0.0201254
3.5414,0.0201229
3.5429,0.0201204
3.5444,0.020118
3.5459,0.0201156
3.5474,0.0201133
3.5489,0.0201111
3.5504,0.020109
3.5519,0.0201069
3.5534,0.0201049
3.5549,0.020103
3.5564,0.0201011
3.5579,0.0200993
3.5594,0.0200976
3.5609,0.0200959
3.5624,0.0200943
3.5639,0.0200927
3.5654,0.0200912
3.5669,0.0200896
3.5684,0.020088
3.5699,0.0200864
3.5714,0.0200849
3.5729,0.0200833
3.5744,0.0200817
3.5759,0.0200802
3.5774,0.0200786
3.5789,0.0200769
3.5804,0.0200753
3.5819,0.0200737
3.5834,0.020072
3.5849,0.0200703
3.5864,0.0200686
3.5879,0.0200669
3.5894,0.0200651
3.5909,0.0200634
3.5924,0.0200616
3.5939,0.0200598
3.5954,0.020058
3.5969,0.0200562
3.5984,0.0200561
3.5999,0.0200626
3.6014,0.0200688
3.6029,0.0200746
3.6044,0.0200801
3.6059,0.0200851
3.6074,0.0200898
3.6089,0.0200942
3.6104,0.0200982
3.6119,0.0201018
3.61339,0.0201051
3.61489,0.0201081
3.61639,0.0201107
3.61789,0.0201129
3.61939,0.0201149
3.62089,0.0201165
3.62239,0.0201178
3.62389,0.0201188
3.62539,0.0201195
3.62689,0.0201199
3.62839,0.02012
3.62989,0.0201199
3.63139,0.0201194
3.63289,0.0201187
3.63439,0.0201178
3.63589,0.0201166
3.63739,0.0201152
3.63889,0.0201135
3.64039,0.0201116
3.64189,0.0201095
3.64339,0.0201071
3.64489,0.0201046
3.64639,0.0201018
3.64789,0.0200988
3.64939,0.0200956
3.65089,0.0200923
3.65239,0.0200912
3.65389,0.0201047
3.65539,0.020118
3.65689,0.0201313
3.65839,0.0201444
3.65989,0.0201575
3.66139,0.0201704
3.66289,0.0201832
3.66439,0.0201958
3.66589,0.0202083
3.66739,0.0202207
3.66889,0.0202329
3.67039,0.0202449
3.67189,0.0202568
3.67339,0.0202685
3.67489,0.02028
3.67639,0.0202914
3.67789,0.0203025
3.67939,0.0203135
3.68089,0.0203243
3.68239,0.0203348
3.68389,0.0203452
3.68539,0.0203554
3.68689,0.0203653
3.68839,0.0203751
3.68989,0.0203846
3.69139,0.020397
3.69289,0.02041
3.69439,0.0204228
3.69589,0.0204354
3.69739,0.0204479
3.69889,0.0204603
3.70039,0.0204725
3.70189,0.0204845
3.70339,0.0204963
3.70489,0.0205079
3.70639,0.0205193
3.70789,0.0205305
3.70939,0.0205415
3.71089,0.0205523
3.71239,0.0205628
3.71389,0.0205731
3.71539,0.0205832
3.71689,0.020593
3.71839,0.0206025
3.71989,0.0206118
3.72139,0.0206209
3.72289,0.0206297
3.72439,0.0206382
3.72589,0.0206464
3.72739,0.0206544
3.72889,0.020662
3.73039,0.0206694
3.73189,0.0206765
3.73339,0.0206833
3.73489,0.0206897
3.73639,0.0206959
3.73789,0.0207018
3.73939,0.0207074
3.74089,0.0207126
3.74239,0.0207176
3.74389,0.0207222
3.74539,0.0207266
3.74689,0.0207306
3.74839,0.0207343
3.74989,0.0207377
3.75138,0.0207408
3.75288,0.0207435
3.75438,0.020746
3.75588,0.0207481
3.75738,0.02075
3.75888,0.0207515
3.76038,0.0207526
3.76188,0.0207532
3.76338,0.0207535
3.76488,0.0207532
3.76638,0.0207525
3.76788,0.0207515
3.76938,0.0207554
3.77088,0.0207635
3.77238,0.0207712
3.77388,0.0207787
3.77538,0.0207858
3.77688,0.0207927
3.77838,0.0207993
3.77988,0.0208056
3.78138,0.0208115
3.78288,0.0208172
3.78438,0.0208226
3.78588,0.0208277
3.78738,0.0208325
3.78888,0.020837
3.79038,0.0208412
3.79188,0.0208451
3.79338,0.0208488
3.79488,0.0208521
3.79638,0.0208552
3.79788,0.020858
3.79938,0.0208606
3.80088,0.0208628
3.80238,0.0208648
3.80388,0.0208666
3.80538,0.0208681
3.80688,0.0208693
3.80838,0.0208703
3.80988,0.0208711
3.81138,0.0208717
3.81288,0.020872
3.81438,0.0208721
3.81588,0.020872
3.81738,0.0208717
3.81888,0.0208712
3.82038,0.0208705
3.82188,0.0208696
3.82338,0.0208688
3.82488,0.0208702
3.82638,0.0208744
3.82788,0.0208786
3.82938,0.0208826
3.83088,0.0208866
3.83238,0.0208905
3.83388,0.0208943
3.83538,0.0208981
3.83688,0.0209018
3.83838,0.0209054
3.83988,0.020909
3.84138,0.0209125
3.84288,0.020916
3.84438,0.0209194
3.84588,0.0209228
3.84738,0.0209262
3.84888,0.0209295
3.85038,0.0209329
3.85188,0.0209362
3.85338,0.0209394
3.85488,0.0209427
3.85638,0.020946
3.85788,0.0209492
3.85938,0.0209524
3.86088,0.0209557
3.86238,0.0209589
3.86388,0.0209622
3.86538,0.0209655
3.86688,0.0209687
3.86838,0.020972
3.86988,0.0209753
3.87138,0.0209786
3.87288,0.020982
3.87438,0.0209854
3.87588,0.0209888
3.87738,0.0209922
3.87888,0.0209957
3.88038,0.0209991
3.88188,0.0210026
3.88338,0.0210062
3.88488,0.0210098
3.88638,0.0210134
3.88788,0.0210172
3.88937,0.0210212
3.89087,0.0210254
3.89237,0.0210297
3.89387,0.0210343
3.89537,0.021039
3.89687,0.0210438
3.89837,0.0210488
3.89987,0.021054
3.90137,0.0210593
3.90287,0.0210647
3.90437,0.0210704
3.90587,0.0210761
3.90737,0.021082
3.90887,0.021088
3.91037,0.0210942
3.91187,0.0211005
3.91337,0.0211069
3.91487,0.0211135
3.91637,0.0211202
3.91787,0.021127
3.91937,0.0211339
3.92087,0.0211409
3.92237,0.0211481
3.92387,0.0211553
3.92537,0.0211627
3.92687,0.0211702
3.92837,0.0211777
3.92987,0.0211854
3.93137,0.0211931
3.93287,0.021201
3.93437,0.021209
3.93587,0.0212171
3.93737,0.0212254
3.93887,0.0212337
3.94037,0.0212422
3.94187,0.0212508
3.94337,0.0212595
3.94487,0.0212683
3.94637,0.0212772
3.94787,0.0212861
3.94937,0.0212952
3.95087,0.0213044
3.95237,0.0213136
3.95387,0.0213229
3.95537,0.0213322
3.95687,0.0213417
3.95837,0.0213511
3.95987,0.0213607
3.96137,0.0213702
3.96287,0.0213798
3.96437,0.0213895
3.96587,0.0213992
3.96737,0.0214089
3.96887,0.0214186
3.97037,0.0214283
3.97187,0.021438
3.97337,0.0214477
3.97487,0.0214573
3.97637,0.0214669
3.97787,0.0214765
3.97937,0.021486
3.98087,0.0214955
3.98237,0.0215049
3.98387,0.0215143
3.98537,0.0215235
3.98687,0.0215327
3.98837,0.0215418
3.98987,0.0215509
3.99137,0.0215598
3.99287,0.0215686
3.99437,0.0215773
3.99587,0.0215859
3.99737,0.0215944
3.99887,0.0216027
4.00037,0.0216109
4.00187,0.021619
4.00337,0.0216269
4.00487,0.0216347
4.00637,0.0216424
4.00787,0.0216498
4.00937,0.0216572
4.01087,0.0216643
4.01237,0.0216713
4.01387,0.0216781
4.01537,0.0216848
4.01687,0.0216913
4.01837,0.0216976
4.01987,0.0217037
4.02137,0.0217096
4.02287,0.0217153
4.02437,0.0217209
4.02587,0.0217263
4.02737,0.0217315
4.02887,0.0217364
4.03037,0.0217412
4.03187,0.0217458
4.03337,0.0217502
4.03487,0.0217544
4.03637,0.0217585
4.03787,0.0217622
4.03937,0.0217658
4.04087,0.0217692
4.04237,0.0217723
4.04387,0.0217752
4.04537,0.0217778
4.04687,0.0217802
4.04837,0.0217824
4.04987,0.0217844
4.05137,0.0217862
4.05287,0.0217877
4.05437,0.021789
4.05587,0.0217901
4.05737,0.021791
4.05887,0.0217917
4.06037,0.0217922
4.06187,0.0217924
4.06337,0.0217925
4.06487,0.0217924
4.06637,0.021792
4.06787,0.0217915
4.06937,0.0217908
4.07087,0.0217899
4.07237,0.0217888
4.07387,0.0217876
4.07537,0.0217862
4.07687,0.0217846
4.07837,0.0217828
4.07987,0.0217809
4.08137,0.0217789
4.08287,0.0217767
4.08437,0.0217741
4.08587,0.0217712
4.08737,0.0217679
4.08887,0.0217641
4.09037,0.02176
4.09188,0.0217555
4.09338,0.0217506
4.09488,0.0217453
4.09638,0.0217397
4.09788,0.0217337
4.09938,0.0217274
4.10088,0.0217208
4.10238,0.0217139
4.10388,0.0217067
4.10538,0.0216991
4.10688,0.0216913
4.10838,0.0216832
4.10988,0.0216748
4.11138,0.0216661
4.11288,0.0216573
4.11438,0.0216484
4.11588,0.0216392
4.11738,0.0216299
4.11888,0.0216239
4.12038,0.0216258
4.12188,0.0216276
4.12338,0.0216293
4.12488,0.0216308
4.12638,0.0216322
4.12788,0.0216335
4.12938,0.0216345
4.13088,0.0216356
4.13238,0.0216363
4.13388,0.0216367
4.13538,0.0216372
4.13688,0.0216374
4.13838,0.0216374
4.13988,0.0216371
4.14138,0.0216364
4.14288,0.0216353
4.14438,0.0216339
4.14588,0.0216321
4.14738,0.0216301
4.14888,0.0216286
4.15038,0.021627
4.15188,0.0216252
4.15338,0.0216233
4.15488,0.0216212
4.15638,0.021619
4.15788,0.0216167
4.15938,0.0216142
4.16088,0.0216115
4.16238,0.0216086
4.16388,0.0216055
4.16538,0.0216022
4.16688,0.0215987
4.16838,0.0215949
4.16988,0.021591
4.17138,0.0215868
4.17288,0.0215824
4.17438,0.0215777
4.17588,0.0215728
4.17738,0.0215677
4.17888,0.0215623
4.18038,0.0215566
4.18188,0.0215508
4.18338,0.0215447
4.18488,0.0215383
4.18638,0.0215318
4.18788,0.0215249
4.18938,0.0215179
4.19088,0.0215106
4.19238,0.0215032
4.19388,0.0214955
4.19538,0.0214875
4.19688,0.0214794
4.19838,0.0214711
4.19988,0.0214625
4.20138,0.0214538
4.20288,0.0214449
4.20438,0.0214465
4.20588,0.021449
4.20739,0.0214515
4.20889,0.021454
4.21039,0.0214563
4.21189,0.0214587
4.21339,0.0214609
4.21489,0.0214631
4.21639,0.0214653
4.21789,0.0214673
4.21939,0.0214694
4.22089,0.0214713
4.22239,0.0214732
4.22389,0.0214751
4.22539,0.0214769
4.22689,0.0214786
4.22839,0.0214814
4.22989,0.0214927
4.23139,0.021504
4.23289,0.0215151
4.23439,0.0215261
4.23589,0.021537
4.23739,0.0215479
4.23889,0.0215586
4.24039,0.0215693
4.24189,0.0215798
4.24339,0.0215902
4.24489,0.0216005
4.24639,0.0216107
4.24789,0.0216208
4.24939,0.0216308
4.25089,0.0216407
4.25239,0.0216504
4.25389,0.02166
4.25539,0.0216695
4.25689,0.0216789
4.25839,0.0216881
4.25989,0.0216972
4.26139,0.0217062
4.26289,0.0217151
4.26439,0.0217238
4.26589,0.0217324
4.26739,0.0217409
4.26889,0.0217493
4.27039,0.0217575
4.27189,0.0217656
4.27339,0.0217735
4.27489,0.0217814
4.27639,0.0217891
4.27789,0.0217966
4.27939,0.021804
4.28089,0.0218113
4.28239,0.0218185
4.28389,0.0218255
4.28539,0.0218323
4.28689,0.021839
4.28839,0.0218456
4.28989,0.021852
4.29139,0.0218583
4.29289,0.0218644
4.29439,0.0218704
4.29589,0.0218762
4.29739,0.0218819
4.29889,0.0218874
4.30039,0.0218928
4.30189,0.021898
4.30339,0.021903
4.30489,0.0219079
4.30639,0.0219126
4.30789,0.0219172
4.30939,0.0219216
4.31089,0.0219258
4.31239,0.0219299
4.31389,0.0219338
4.31539,0.0219375
4.31689,0.0219411
4.31839,0.0219444
4.31989,0.0219477
4.32139,0.0219507
4.3229,0.0219536
4.3244,0.0219563
4.3259,0.0219588
4.3274,0.0219611
4.3289,0.0219633
4.3304,0.0219653
4.3319,0.0219726
4.3334,0.022014
4.3349,0.022056
4.3364,0.0220984
4.3379,0.0221413
4.3394,0.0221845
4.3409,0.0222282
4.3424,0.0222723
4.3439,0.0223168
4.3454,0.0223615
4.3469,0.0224066
4.3484,0.0224519
4.3499,0.0224975
4.3514,0.0225433
4.3529,0.0225893
4.3544,0.0226354
4.3559,0.0226816
4.3574,0.0227279
4.3589,0.0227742
4.3604,0.0228205
4.3619,0.0228667
4.3634,0.0229128
4.3649,0.0229588
4.3664,0.0230046
4.3679,0.0230501
4.3694,0.0230953
4.3709,0.0231403
4.3724,0.0231849
4.3739,0.023229
4.3754,0.0232727
4.3769,0.0233158
4.3784,0.0233585
4.3799,0.0234005
4.3814,0.0234418
4.3829,0.0234825
4.3844,0.0235224
4.3859,0.0235615
4.3874,0.0235997
4.3889,0.0236371
4.3904,0.0236736
4.3919,0.0237091
4.3934,0.0237437
4.3949,0.0237771
4.3964,0.0238096
4.3979,0.0238409
4.3994,0.023871
4.4009,0.0239
4.4024,0.0239278
4.4039,0.0239543
4.4054,0.0239796
4.4069,0.0240035
4.4084,0.0240261
4.4099,0.0240474
4.4114,0.0240672
4.4129,0.0240857
4.4144,0.0241028
4.4159,0.0241183
4.4174,0.0241325
4.4189,0.0241451
4.4204,0.0241563
4.4219,0.0241659
4.4234,0.024174
4.4249,0.0241806
4.4264,0.0241857
4.4279,0.0241893
4.4294,0.0241914
4.4309,0.0241919
4.4324,0.0241912
4.4339,0.0241892
4.4354,0.0241859
4.4369,0.0241814
4.43841,0.0241757
4.43991,0.0241687
4.44141,0.0241606
4.44291,0.0241514
4.44441,0.024141
4.44591,0.0241294
4.44741,0.0241168
4.44891,0.0241032
4.45041,0.0240885
4.45191,0.0240732
4.45341,0.0240573
4.45491,0.0240411
4.45641,0.0240244
4.45791,0.0240073
4.45941,0.0239898
4.46091,0.0239718
4.46241,0.0239535
4.46391,0.0239347
4.46541,0.0239156
4.46691,0.0238961
4.46841,0.0238762
4.46991,0.023856
4.47141,0.0238354
4.47291,0.0238144
4.47441,0.0237931
4.47591,0.0237715
4.47741,0.0237495
4.47891,0.0237272
4.48041,0.0237045
4.48191,0.0236821
4.48341,0.0236601
4.48491,0.0236385
4.48641,0.0236172
4.48791,0.0235962
4.48941,0.0235756
4.49091,0.0235553
4.49241,0.0235354
4.49391,0.0235157
4.49541,0.0234964
4.49691,0.0234774
4.49841,0.0234587
4.49991,0.0234403
4.50141,0.0234221
4.50291,0.0234042
4.50441,0.0233866
4.50591,0.0233693
4.50741,0.0233522
4.50891,0.0233354
4.51041,0.0233188
4.51191,0.0233024
4.51341,0.0232863
4.51491,0.0232703
4.51641,0.0232546
4.51791,0.0232391
4.51941,0.0232238
4.52091,0.0232086
4.52241,0.0231937
4.52391,0.0231789
4.52541,0.0231643
4.52691,0.0231498
4.52841,0.0231355
4.52991,0.0231214
4.53141,0.0231074
4.53291,0.0230936
4.53441,0.0230799
4.53591,0.0230663
4.53741,0.0230528
4.53891,0.0230395
4.54041,0.0230263
4.54191,0.0230132
4.54341,0.0230002
4.54491,0.0229873
4.54641,0.0229745
4.54791,0.0229619
4.54941,0.0229495
4.55091,0.0229372
4.55241,0.022925
4.55392,0.022913
4.55542,0.0229012
4.55692,0.0228895
4.55842,0.022878
4.55992,0.0228666
4.56142,0.0228553
4.56292,0.0228442
4.56442,0.0228332
4.56592,0.0228224
4.56742,0.0228117
4.56892,0.0228011
4.57042,0.0227907
4.57192,0.0227804
4.57342,0.0227702
4.57492,0.0227602
4.57642,0.0227515
4.57792,0.0227522
4.57942,0.0227529
4.58092,0.0227537
4.58242,0.0227546
4.58392,0.0227556
4.58542,0.0227567
4.58692,0.0227579
4.58842,0.0227591
4.58992,0.0227604
4.59142,0.0227618
4.59292,0.0227633
4.59442,0.0227648
4.59592,0.0227664
4.59742,0.022768
4.59892,0.0227697
4.60042,0.0227714
4.60192,0.0227731
4.60342,0.0227748
4.60492,0.0227766
4.60642,0.0227784
4.60792,0.0227802
4.60942,0.022782
4.61092,0.0227838
4.61242,0.0227855
4.61392,0.0227873
4.61542,0.0227891
4.61692,0.0227908
4.61842,0.0227926
4.61992,0.0227943
4.62142,0.022796
4.62292,0.0227976
4.62442,0.0227992
4.62592,0.0228008
4.62742,0.0228023
4.62892,0.0228038
4.63042,0.0228052
4.63192,0.0228066
4.63342,0.0228079
4.63492,0.0228091
4.63642,0.0228103
4.63792,0.0228114
4.63942,0.0228124
4.64092,0.0228133
4.64242,0.0228141
4.64392,0.0228149
4.64542,0.0228155
4.64692,0.022816
4.64842,0.0228165
4.64992,0.0228168
4.65142,0.0228169
4.65292,0.022817
4.65442,0.0228169
4.65592,0.0228168
4.65742,0.0228164
4.65892,0.022816
4.66042,0.0228153
4.66192,0.0228145
4.66342,0.0228136
4.66492,0.0228124
4.66642,0.022811
4.66792,0.0228095
4.66943,0.0228077
4.67093,0.0228058
4.67243,0.0228036
4.67393,0.0228013
4.67543,0.0227987
4.67693,0.0227959
4.67843,0.0227928
4.67993,0.0227896
4.68143,0.0227861
4.68293,0.0227823
4.68443,0.0227784
4.68593,0.0227741
4.68743,0.0227697
4.68893,0.0227649
4.69043,0.02276
4.69193,0.0227548
4.69343,0.0227493
4.69493,0.0227436
4.69643,0.0227376
4.69793,0.0227314
4.69943,0.0227249
4.70093,0.0227182
4.70243,0.0227112
4.70393,0.022704
4.70543,0.0226966
4.70693,0.0226889
4.70843,0.022681
4.70993,0.0226729
4.71143,0.0226646
4.71293,0.022656
4.71443,0.0226473
4.71593,0.0226384
4.71743,0.0226293
4.71893,0.02262
4.72043,0.0226105
4.72193,0.0226008
4.72343,0.022591
4.72493,0.022581
4.72643,0.0225709
4.72793,0.0225607
4.72943,0.0225502
4.73093,0.0225397
4.73243,0.0225291
4.73393,0.0225183
4.73543,0.0225075
4.73693,0.0224965
4.73843,0.0224855
4.73993,0.0224744
4.74143,0.0224633
4.74293,0.0224521
4.74443,0.0224409
4.74593,0.0224297
4.74743,0.0224184
4.74893,0.0224072
4.75043,0.0223959
4.75193,0.0223847
4.75343,0.0223872
4.75493,0.0223896
4.75643,0.0223919
4.75793,0.0223941
4.75943,0.0223961
4.76093,0.0223979
4.76243,0.0223996
4.76393,0.022401
4.76543,0.0224024
4.76693,0.0224035
4.76843,0.0224045
4.76993,0.0224053
4.77143,0.0224059
4.77293,0.0224063
4.77443,0.0224066
4.77593,0.0224066
4.77743,0.0224065
4.77893,0.0224061
4.78043,0.0224056
4.78193,0.0224048
4.78343,0.0224039
4.78493,0.0224027
4.78644,0.0224013
4.78794,0.0223998
4.78944,0.022398
4.79094,0.022396
4.79244,0.0223939
4.79394,0.0223915
4.79544,0.0223889
4.79694,0.0223862
4.79844,0.0223832
4.79994,0.0223801
4.80144,0.0223768
4.80294,0.0223733
4.80444,0.0223696
4.80594,0.0223657
4.80744,0.0223617
4.80894,0.0223576
4.81044,0.0223532
4.81194,0.0223488
4.81344,0.0223442
4.81494,0.0223394
4.81644,0.0223345
4.81794,0.0223295
4.81944,0.0223244
4.82094,0.0223192
4.82244,0.0223138
4.82394,0.0223084
4.82544,0.0223029
4.82694,0.0222973
4.82844,0.0222916
4.82994,0.0222859
4.83144,0.0222801
4.83294,0.0222743
4.83444,0.0222684
4.83594,0.0222624
4.83744,0.0222564
4.83894,0.0222503
4.84044,0.022247
4.84194,0.0222475
4.84344,0.0222479
4.84494,0.0222482
4.84644,0.0222485
4.84794,0.0222488
4.84944,0.022249
4.85094,0.0222491
4.85244,0.0222492
4.85394,0.0222493
4.85544,0.0222493
4.85694,0.0222493
4.85844,0.0222492
4.85994,0.0222491
4.86144,0.022249
4.86294,0.0222489
4.86444,0.0222487
4.86594,0.0222485
4.86744,0.0222483
4.86894,0.0222481
4.87044,0.0222499
4.87194,0.0222578
4.87344,0.0222662
4.87494,0.0222752
4.87644,0.0222863
4.87794,0.0222982
4.87944,0.0223101
4.88094,0.0223221
4.88244,0.0223342
4.88394,0.0223464
4.88544,0.0223585
4.88694,0.0223707
4.88844,0.0223829
4.88994,0.0223951
4.89144,0.0224094
4.89294,0.0224249
4.89444,0.022441
4.89594,0.0224577
4.89744,0.022475
4.89894,0.0224929
4.90044,0.0225113
4.90195,0.0225303
4.90345,0.0225498
4.90495,0.0225698
4.90645,0.0225903
4.90795,0.0226113
4.90945,0.0226326
4.91095,0.0226544
4.91245,0.0226766
4.91395,0.0226991
4.91545,0.0227219
4.91695,0.022745
4.91845,0.0227684
4.91995,0.022792
4.92145,0.0228158
4.92295,0.0228397
4.92445,0.0228636
4.92595,0.0228873
4.92745,0.0229109
4.92895,0.0229343
4.93045,0.0229576
4.93195,0.0229805
4.93345,0.0230032
4.93495,0.0230256
4.93645,0.0230477
4.93795,0.0230695
4.93945,0.0230908
4.94095,0.0231118
4.94245,0.0231324
4.94395,0.0231524
4.94545,0.023172
4.94695,0.0231911
4.94845,0.0232096
4.94995,0.0232274
4.95145,0.0232446
4.95295,0.0232612
4.95445,0.023277
4.95595,0.0232921
4.95745,0.0233065
4.95895,0.0233202
4.96045,0.0233331
4.96195,0.0233453
4.96345,0.0233567
4.96495,0.0233673
4.96645,0.0233771
4.96795,0.0233862
4.96945,0.0233946
4.97095,0.0234023
4.97245,0.0234095
4.97395,0.023416
4.97545,0.0234218
4.97695,0.023427
4.97845,0.0234315
4.97995,0.0234353
4.98145,0.0234384
4.98295,0.0234408
4.98445,0.0234426
4.98595,0.0234436
4.98745,0.0234439
4.98895,0.0234434
4.99045,0.0234423
4.99195,0.0234404
4.99345,0.0234378
4.99495,0.0234344
4.99645,0.0234303
4.99795,0.0234255
4.99945,0.0234199
5.00095,0.0234134
5.00245,0.0234062
5.00395,0.0233982
5.00545,0.0233895
5.00695,0.0233799
5.00845,0.0233696
5.00995,0.0233585
5.01145,0.0233467
5.01295,0.0233341
5.01445,0.0233209
5.01595,0.0233073
5.01746,0.0232936
5.01896,0.0232796
5.02046,0.0232656
5.02196,0.0232513
5.02346,0.0232371
5.02496,0.0232229
5.02646,0.0232088
5.02796,0.0231949
5.02946,0.023181
5.03096,0.0231672
5.03246,0.0231536
5.03396,0.02314
5.03546,0.0231265
5.03696,0.0231131
5.03846,0.0230998
5.03996,0.0230866
5.04146,0.0230735
5.04296,0.0230604
5.04446,0.0230474
5.04596,0.0230343
5.04746,0.0230211
5.04896,0.0230077
5.05046,0.0229942
5.05196,0.0229806
5.05346,0.0229668
5.05496,0.022953
5.05646,0.022939
5.05796,0.0229249
5.05946,0.0229107
5.06096,0.0228964
5.06246,0.0228819
5.06396,0.0228673
5.06546,0.0228526
5.06696,0.0228376
5.06846,0.0228226
5.06996,0.0228073
5.07146,0.022792
5.07296,0.0227765
5.07446,0.0227609
5.07596,0.0227452
5.07746,0.0227293
5.07896,0.0227133
5.08046,0.0227014
5.08196,0.0226987
5.08346,0.022696
5.08496,0.0226934
5.08646,0.0226908
5.08796,0.0226883
5.08946,0.0226858
5.09096,0.0226833
5.09246,0.0226808
5.09396,0.0226784
5.09546,0.022676
5.09696,0.0226736
5.09846,0.0226713
5.09996,0.022669
5.10146,0.0226667
5.10296,0.0226645
5.10446,0.0226622
5.10596,0.0226601
5.10746,0.0226579
5.10896,0.0226558
5.11046,0.0226537
5.11196,0.0226517
5.11346,0.0226497
5.11496,0.0226477
5.11646,0.0226458
5.11796,0.0226439
5.11946,0.022642
5.12096,0.0226402
5.12246,0.0226383
5.12396,0.0226366
5.12546,0.0226349
5.12696,0.0226333
5.12846,0.0226317
5.12996,0.0226303
5.13146,0.0226288
5.13297,0.0226275
5.13447,0.0226262
5.13597,0.0226251
5.13747,0.0226239
5.13897,0.0226228
5.14047,0.0226218
5.14197,0.0226209
5.14347,0.02262
5.14497,0.0226192
5.14647,0.0226184
5.14797,0.0226177
5.14947,0.022617
5.15097,0.0226165
5.15247,0.022616
5.15397,0.0226155
5.15547,0.0226152
5.15697,0.0226149
5.15847,0.0226147
5.15997,0.0226146
5.16147,0.0226145
5.16297,0.0226145
5.16447,0.0226146
5.16597,0.0226148
5.16747,0.0226151
5.16897,0.0226154
5.17047,0.0226159
5.17197,0.0226164
5.17347,0.022617
5.17497,0.0226177
5.17647,0.0226185
5.17797,0.0226194
5.17947,0.0226204
5.18097,0.0226215
5.18247,0.0226227
5.18397,0.022624
5.18547,0.0226254
5.18697,0.0226269
5.18847,0.0226285
5.18997,0.0226302
5.19147,0.0226321
5.19297,0.0226343
5.19447,0.0226368
5.19597,0.0226396
5.19747,0.0226428
5.19897,0.0226463
5.20047,0.0226499
5.20197,0.0226537
5.20347,0.0226576
5.20497,0.0226617
5.20647,0.0226721
5.20797,0.0226887
5.20947,0.022705
5.21097,0.0227209
5.21247,0.0227364
5.21397,0.0227515
5.21547,0.0227662
5.21697,0.0227805
5.21847,0.0227944
5.21997,0.0228078
5.22147,0.0228208
5.22297,0.0228333
5.22447,0.0228454
5.22597,0.022857
5.22747,0.022868
5.22897,0.0228786
5.23047,0.0228887
5.23197,0.0228983
5.23347,0.0229074
5.23497,0.022916
5.23647,0.0229241
5.23797,0.0229317
5.23947,0.0229387
5.24097,0.0229453
5.24247,0.0229513
5.24397,0.0229569
5.24547,0.0229619
5.24697,0.0229665
5.24848,0.0229705
5.24998,0.0229741
5.25148,0.0229771
5.25298,0.0229797
5.25448,0.0229816
5.25598,0.0229829
5.25748,0.0229836
5.25898,0.0229836
5.26048,0.0229831
5.26198,0.022982
5.26348,0.0229804
5.26498,0.0229782
5.26648,0.0229754
5.26798,0.0229722
5.26948,0.0229684
5.27098,0.0229642
5.27248,0.0229595
5.27398,0.0229544
5.27548,0.0229507
5.27698,0.0229595
5.27848,0.0229683
5.27998,0.0229772
5.28148,0.0229859
5.28298,0.0229946
5.28448,0.0230033
5.28598,0.0230118
5.28748,0.0230202
5.28898,0.0230285
5.29048,0.0230388
5.29198,0.0230504
5.29348,0.0230617
5.29498,0.0230726
5.29648,0.0230831
5.29798,0.0230933
5.29948,0.0231031
5.30098,0.0231124
5.30248,0.0231214
5.30398,0.02313
5.30548,0.0231382
5.30698,0.0231459
5.30848,0.0231533
5.30998,0.0231602
5.31148,0.0231667
5.31298,0.0231727
5.31448,0.0231784
5.31598,0.0231836
5.31748,0.0231885
5.31898,0.0231929
5.32048,0.0231968
5.32198,0.0232004
5.32348,0.0232036
5.32498,0.0232064
5.32648,0.0232087
5.32798,0.0232107
5.32948,0.0232123
5.33098,0.0232135
5.33248,0.0232144
5.33398,0.0232149
5.33548,0.023215
5.33698,0.0232148
5.33848,0.0232143
5.33998,0.0232135
5.34148,0.0232123
5.34298,0.0232109
5.34448,0.0232092
5.34598,0.0232072
5.34748,0.023205
5.34898,0.0232025
5.35048,0.0231997
5.35198,0.0231968
5.35348,0.0231936
5.35498,0.0231902
5.35648,0.0231867
5.35798,0.0231829
5.35948,0.0231791
5.36098,0.0231751
5.36248,0.023171
5.36399,0.0231668
5.36549,0.0231769
5.36699,0.0231913
5.36849,0.0232054
5.36999,0.0232193
5.37149,0.0232331
5.37299,0.0232466
5.37449,0.02326
5.37599,0.0232731
5.37749,0.023286
5.37899,0.0232987
5.38049,0.0233111
5.38199,0.0233233
5.38349,0.0233353
5.38499,0.023347
5.38649,0.0233584
5.38799,0.0233696
5.38949,0.0233805
5.39099,0.0233912
5.39249,0.0234016
5.39399,0.0234117
5.39549,0.0234216
5.39699,0.0234311
5.39849,0.0234405
5.39999,0.0234495
5.40149,0.0234583
5.40299,0.0234668
5.40449,0.023475
5.40599,0.023483
5.40749,0.0234907
5.40899,0.0234982
5.41049,0.0235053
5.41199,0.0235122
5.41349,0.0235188
5.41499,0.0235252
5.41649,0.0235312
5.41799,0.023537
5.41949,0.0235425
5.42099,0.0235476
5.42249,0.0235525
5.42399,0.0235571
5.42549,0.0235614
5.42699,0.0235654
5.42849,0.0235691
5.42999,0.0235726
5.43149,0.0235757
5.43299,0.0235786
5.43449,0.0235812
5.43599,0.0235835
5.43749,0.0235855
5.43899,0.0235873
5.44049,0.0235888
5.44199,0.02359
5.44349,0.0235909
5.44499,0.0235916
5.44649,0.0235921
5.44799,0.0235922
5.44949,0.0235922
5.45099,0.0235919
5.45249,0.0235913
5.45399,0.0235905
5.45549,0.0235895
5.45699,0.0235882
5.45849,0.0235867
5.45999,0.023585
5.46149,0.023583
5.46299,0.0235809
5.46449,0.0235785
5.46599,0.0235759
5.46749,0.0235732
5.46899,0.0235702
5.47049,0.023567
5.47199,0.0235636
5.47349,0.0235601
5.47499,0.0235563
5.47649,0.0235524
5.47799,0.0235483
5.4795,0.0235441
5.481,0.0235397
5.4825,0.0235354
5.484,0.023531
5.4855,0.0235267
5.487,0.0235224
5.4885,0.0235181
5.49,0.0235138
5.4915,0.0235095
5.493,0.0235052
5.4945,0.0235009
5.496,0.0234967
5.4975,0.0234924
5.499,0.0234882
5.5005,0.023484
5.502,0.0234798
5.5035,0.0234757
5.505,0.0234716
5.5065,0.0234675
5.508,0.0234634
5.5095,0.0234594
5.511,0.0234553
5.5125,0.0234514
5.514,0.0234474
5.5155,0.0234435
5.517,0.0234396
5.5185,0.0234357
5.52,0.0234319
5.5215,0.0234281
5.523,0.0234244
5.5245,0.0234207
5.526,0.023417
5.5275,0.0234134
5.529,0.0234098
5.5305,0.0234063
5.532,0.0234028
5.5335,0.0233993
5.535,0.0233959
5.5365,0.0233983
5.538,0.0234055
5.5395,0.0234126
5.541,0.0234196
5.5425,0.0234265
5.544,0.0234332
5.5455,0.0234398
5.547,0.0234462
5.5485,0.0234525
5.55,0.0234586
5.5515,0.0234646
5.553,0.0234704
5.5545,0.0234759
5.556,0.0234813
5.5575,0.0234864
5.559,0.0234912
5.5605,0.0234959
5.562,0.0235002
5.5635,0.0235044
5.565,0.0235082
5.5665,0.0235118
5.568,0.0235152
5.5695,0.0235182
5.571,0.023521
5.5725,0.0235235
5.574,0.0235258
5.5755,0.0235278
5.577,0.0235295
5.5785,0.0235309
5.58,0.0235321
5.5815,0.023533
5.583,0.0235336
5.5845,0.023534
5.586,0.023534
5.5875,0.0235338
5.589,0.0235334
5.5905,0.0235326
5.592,0.0235317
5.5935,0.0235304
5.59501,0.0235289
5.59651,0.0235272
5.59801,0.0235252
5.59951,0.023523
5.60101,0.0235205
5.60251,0.0235178
5.60401,0.0235149
5.60551,0.0235117
5.60701,0.0235083
5.60851,0.0235048
5.61001,0.0235012
5.61151,0.0234977
5.61301,0.0234942
5.61451,0.0234908
5.61601,0.0234874
5.61751,0.023484
5.61901,0.0234807
5.62051,0.0234774
5.62201,0.0234741
5.62351,0.0234709
5.62501,0.0234678
5.62651,0.0234647
5.62801,0.0234617
5.62951,0.0234587
5.63101,0.0234557
5.63251,0.0234529
5.63401,0.02345
5.63551,0.0234473
5.63701,0.0234446
5.63851,0.0234419
5.64001,0.0234393
5.64151,0.0234368
5.64301,0.0234343
5.64451,0.0234319
5.64601,0.0234296
5.64751,0.0234273
5.64901,0.0234251
5.65051,0.023423
5.65201,0.0234209
5.65351,0.0234189
5.65501,0.023417
5.65651,0.0234152
5.65801,0.0234134
5.65951,0.0234117
5.66101,0.0234101
5.66251,0.0234085
5.66401,0.023407
5.66551,0.0234056
5.66701,0.0234042
5.66851,0.023403
5.67001,0.0234018
5.67151,0.0234006
5.67301,0.0233996
5.67451,0.0233986
5.67601,0.0233977
5.67751,0.0233969
5.67901,0.0233961
5.68051,0.0233954
5.68201,0.0233948
5.68351,0.0233942
5.68501,0.0233937
5.68651,0.0233933
5.68801,0.0233929
5.68951,0.0233926
5.69101,0.0233923
5.69251,0.0233922
5.69401,0.023392
5.69551,0.0233919
5.69701,0.0233919
5.69851,0.023392
5.70001,0.0233921
5.70151,0.0233922
5.70301,0.0233924
5.70451,0.0233926
5.70601,0.0233928
5.70751,0.023393
5.70901,0.0233933
5.71052,0.0233936
5.71202,0.0233939
5.71352,0.0233942
5.71502,0.0233946
5.71652,0.0233949
5.71802,0.0233953
5.71952,0.0233968
5.72102,0.0234018
5.72252,0.0234068
5.72402,0.0234118
5.72552,0.0234263
5.72702,0.0234534
5.72852,0.02348
5.73002,0.0235059
5.73152,0.0235311
5.73302,0.0235557
5.73452,0.0235795
5.73602,0.0236028
5.73752,0.0236253
5.73902,0.023647
5.74052,0.0236681
5.74202,0.0236883
5.74352,0.0237078
5.74502,0.0237265
5.74652,0.0237443
5.74802,0.0237612
5.74952,0.0237774
5.75102,0.0237924
5.75252,0.0238062
5.75402,0.0238186
5.75552,0.0238297
5.75702,0.0238393
5.75852,0.0238476
5.76002,0.0238545
5.76152,0.0238599
5.76302,0.0238638
5.76452,0.0238664
5.76602,0.0238674
5.76752,0.023867
5.76902,0.023865
5.77052,0.0238617
5.77202,0.0238568
5.77352,0.0238504
5.77502,0.0238426
5.77652,0.0238333
5.77802,0.0238226
5.77952,0.0238104
5.78102,0.0237968
5.78252,0.0237818
5.78402,0.0237655
5.78552,0.0237477
5.78702,0.0237287
5.78852,0.0237083
5.79002,0.0236867
5.79152,0.0236638
5.79302,0.0236397
5.79452,0.0236147
5.79602,0.0235989
5.79752,0.0235993
5.79902,0.0235995
5.80052,0.0235995
5.80202,0.0235991
5.80352,0.0235984
5.80502,0.0235975
5.80652,0.0235963
5.80802,0.0235948
5.80952,0.023593
5.81102,0.023591
5.81252,0.0235886
5.81402,0.023586
5.81552,0.0235832
5.81702,0.02358
5.81852,0.023634
5.82002,0.023708
5.82152,0.0237821
5.82302,0.0238559
5.82452,0.0239294
5.82603,0.0240025
5.82753,0.0240751
5.82903,0.0241469
5.83053,0.0242179
5.83203,0.0242879
5.83353,0.0243569
5.83503,0.0244246
5.83653,0.0244909
5.83803,0.0245559
5.83953,0.0246193
5.84103,0.024681
5.84253,0.0247409
5.84403,0.0247988
5.84553,0.0248546
5.84703,0.0249081
5.84853,0.0249593
5.85003,0.0250078
5.85153,0.0250536
5.85303,0.0250966
5.85453,0.0251366
5.85603,0.0251736
5.85753,0.0252074
5.85903,0.0252378
5.86053,0.0252646
5.86203,0.0252877
5.86353,0.025307
5.86503,0.0253222
5.86653,0.0253347
5.86803,0.0253461
5.86953,0.0253563
5.87103,0.0253651
5.87253,0.0253726
5.87403,0.0253785
5.87553,0.0253829
5.87703,0.0253857
5.87853,0.0253868
5.88003,0.025386
5.88153,0.0253996
5.88303,0.0254264
5.88453,0.0254513
5.88603,0.0254742
5.88753,0.025495
5.88903,0.0255139
5.89053,0.0255309
5.89203,0.025546
5.89353,0.0255592
5.89503,0.0255705
5.89653,0.0255797
5.89803,0.025587
5.89953,0.0255923
5.90103,0.0255955
5.90253,0.0255966
5.90403,0.0255957
5.90553,0.0255935
5.90703,0.025591
5.90853,0.0255881
5.91003,0.0255849
5.91153,0.0255812
5.91303,0.0255772
5.91453,0.0255728
5.91603,0.025568
5.91753,0.0255627
5.91903,0.0255571
5.92053,0.025551
5.92203,0.0255446
5.92353,0.0255376
5.92503,0.0255305
5.92653,0.0255234
5.92803,0.0255161
5.92953,0.0255088
5.93103,0.0255014
5.93253,0.025494
5.93403,0.0254865
5.93553,0.025479
5.93703,0.0254714
5.93853,0.0254638
5.94003,0.0254562
5.94153,0.0254485
5.94304,0.0254408
5.94454,0.025433
5.94604,0.0254252
5.94754,0.0254174
5.94904,0.0254095
5.95054,0.0254016
5.95204,0.0253936
5.95354,0.0253857
5.95504,0.0253777
5.95654,0.0253696
5.95804,0.0253616
5.95954,0.0253535
5.96104,0.0253454
5.96254,0.0253373
5.96404,0.0253292
5.96554,0.025321
5.96704,0.0253129
5.96854,0.0253047
5.97004,0.0252965
5.97154,0.0252883
5.97304,0.0252801
5.97454,0.0252719
5.97604,0.0252637
5.97754,0.0252555
5.97904,0.0252473
5.98054,0.0252391
5.98204,0.0252309
5.98354,0.0252226
5.98504,0.0252144
5.98654,0.0252062
5.98804,0.0251981
5.98954,0.0251899
5.99104,0.0251817
5.99254,0.0251735
5.99404,0.0251654
5.99554,0.0251573
5.99704,0.0251491
5.99854,0.025141
6.00004,0.0251329
6.00154,0.0251249
6.00304,0.0251168
6.00454,0.0251088
6.00604,0.0251008
6.00754,0.0250928
6.00904,0.0250849
6.01054,0.0250769
6.01204,0.025069
6.01354,0.0250611
6.01504,0.0250533
6.01654,0.0250455
6.01804,0.0250377
6.01954,0.0250299
6.02104,0.0250222
6.02254,0.0250144
6.02404,0.0250068
6.02554,0.0249991
6.02704,0.0249915
6.02854,0.0249839
6.03004,0.0249764
6.03154,0.0249688
6.03304,0.0249613
6.03454,0.0249539
6.03604,0.0249465
6.03754,0.0249391
6.03904,0.0249317
6.04054,0.0249244
6.04204,0.0249171
6.04354,0.0249099
6.04504,0.0249028
6.04654,0.0248957
6.04804,0.0248888
6.04954,0.0248819
6.05104,0.0248751
6.05254,0.0248684
6.05404,0.0248618
6.05554,0.0248552
6.05704,0.0248487
6.05855,0.0248423
6.06005,0.0248359
6.06155,0.0248297
6.06305,0.0248234
6.06455,0.0248173
6.06605,0.0248112
6.06755,0.0248052
6.06905,0.0247992
6.07055,0.0247932
6.07205,0.0247874
6.07355,0.0247816
6.07505,0.0247758
6.07655,0.0247701
6.07805,0.0247644
6.07955,0.0247588
6.08105,0.0247532
6.08255,0.0247477
6.08405,0.0247422
6.08555,0.0247367
6.08705,0.0247313
6.08855,0.024726
6.09005,0.0247207
6.09155,0.0247154
6.09305,0.0247102
6.09455,0.024705
6.09605,0.0246999
6.09755,0.0246948
6.09905,0.0246897
6.10055,0.0246847
6.10205,0.0246797
6.10355,0.0246748
6.10505,0.0246699
6.10655,0.024665
6.10805,0.0246602
6.10955,0.0246554
6.11105,0.0246506
6.11255,0.0246459
6.11405,0.0246413
6.11555,0.0246366
6.11705,0.024632
6.11855,0.0246275
6.12005,0.024623
6.12155,0.0246185
6.12305,0.024614
6.12455,0.0246096
6.12605,0.0246053
6.12755,0.0246009
6.12905,0.0245966
6.13055,0.0245924
6.13205,0.0245882
6.13355,0.024584
6.13505,0.0245798
6.13655,0.0245757
6.13805,0.0245717
6.13955,0.0245677
6.14105,0.0245637
6.14255,0.0245597
6.14405,0.0245558
6.14555,0.0245519
6.14705,0.0245481
6.14855,0.0245443
6.15005,0.0245405
6.15155,0.0245368
6.15305,0.0245331
6.15455,0.0245294
6.15605,0.0245258
6.15755,0.0245222
6.15905,0.0245186
6.16055,0.0245151
6.16205,0.0245116
6.16355,0.0245081
6.16505,0.0245046
6.16655,0.0245012
6.16805,0.0244977
6.16955,0.0244944
6.17105,0.024491
6.17255,0.0244876
6.17406,0.0244843
6.17556,0.024481
6.17706,0.0244777
6.17856,0.0244745
6.18006,0.0244712
6.18156,0.024468
6.18306,0.0244648
6.18456,0.0244616
6.18606,0.0244584
6.18756,0.0244552
6.18906,0.0244521
6.19056,0.024449
6.19206,0.0244458
6.19356,0.0244427
6.19506,0.0244396
6.19656,0.0244365
6.19806,0.0244334
6.19956,0.0244303
6.20106,0.0244272
6.20256,0.0244242
6.20406,0.0244211
6.20556,0.0244181
6.20706,0.024415
6.20856,0.024412
6.21006,0.0244089
6.21156,0.0244059
6.21306,0.0244028
6.21456,0.0243998
6.21606,0.0243968
6.21756,0.0243937
6.21906,0.0243907
6.22056,0.0243877
6.22206,0.0243846
6.22356,0.0243816
6.22506,0.0243785
6.22656,0.0243755
6.22806,0.0243724
6.22956,0.0243694
6.23106,0.0243663
6.23256,0.0243633
6.23406,0.0243602
6.23556,0.0243571
6.23706,0.024354
6.23856,0.024351
6.24006,0.0243479
6.24156,0.0243448
6.24306,0.0243417
6.24456,0.0243386
6.24606,0.0243355
6.24756,0.0243324
6.24906,0.0243294
6.25056,0.0243263
6.25206,0.0243232
6.25356,0.0243201
6.25506,0.024317
6.25656,0.0243139
6.25806,0.0243108
6.25956,0.0243077
6.26106,0.0243047
6.26256,0.0243016
6.26406,0.0242985
6.26556,0.0242954
6.26706,0.0242923
6.26856,0.0242893
6.27006,0.0242862
6.27156,0.0242831
6.27306,0.0242801
6.27456,0.024277
6.27606,0.024274
6.27756,0.0242709
6.27906,0.0242679
6.28056,0.0242649
6.28206,0.0242618
6.28356,0.0242588
6.28506,0.0242558
6.28656,0.0242528
6.28806,0.0242498
6.28957,0.0242468
6.29107,0.0242438
6.29257,0.0242408
6.29407,0.0242378
6.29557,0.0242348
6.29707,0.0242318
6.29857,0.0242289
6.30007,0.0242259
6.30157,0.024223
6.30307,0.02422
6.30457,0.0242171
6.30607,0.0242142
6.30757,0.0242112
6.30907,0.0242083
6.31057,0.0242054
6.31207,0.0242025
6.31357,0.0241996
6.31507,0.0241968
6.31657,0.0241939
6.31807,0.024191
6.31957,0.0241882
6.32107,0.0241853
6.32257,0.0241825
6.32407,0.0241797
6.32557,0.0241768
6.32707,0.024174
6.32857,0.0241712
6.33007,0.0241684
6.33157,0.0241656
6.33307,0.0241629
6.33457,0.0241601
6.33607,0.0241573
6.33757,0.0241546
6.33907,0.0241519
6.34057,0.0241491
6.34207,0.0241464
6.34357,0.0241437
6.34507,0.024141
6.34657,0.0241383
6.34807,0.0241356
6.34957,0.0241329
6.35107,0.0241303
6.35257,0.0241276
6.35407,0.024125
6.35557,0.0241223
6.35707,0.0241197
6.35857,0.0241171
6.36007,0.0241145
6.36157,0.0241119
6.36307,0.0241093
6.36457,0.0241067
6.36607,0.0241041
6.36757,0.0241016
6.36907,0.024099
6.37057,0.0240965
6.37207,0.0240939
6.37357,0.0240914
6.37507,0.0240889
6.37657,0.0240864
6.37807,0.0240839
6.37957,0.0240814
6.38107,0.024079
6.38257,0.0240765
6.38407,0.024074
6.38557,0.0240716
6.38707,0.0240691
6.38857,0.0240667
6.39007,0.0240643
6.39157,0.0240619
6.39307,0.0240595
6.39457,0.0240571
6.39607,0.0240547
6.39757,0.0240524
6.39907,0.02405
6.40057,0.0240476
6.40207,0.0240453
6.40357,0.024043
6.40508,0.0240407
6.40658,0.0240383
6.40808,0.024036
6.40958,0.0240337
6.41108,0.0240315
6.41258,0.0240292
6.41408,0.0240269
6.41558,0.0240247
6.41708,0.0240224
6.41858,0.0240202
6.42008,0.024018
6.42158,0.0240158
6.42308,0.0240135
6.42458,0.0240113
6.42608,0.0240092
6.42758,0.024007
6.42908,0.0240048
6.43058,0.0240027
6.43208,0.0240005
6.43358,0.0239985
6.43508,0.0239994
6.43658,0.0240002
6.43808,0.0240011
6.43958,0.0240019
6.44108,0.0240028
6.44258,0.0240036
6.44408,0.0240044
6.44558,0.0240052
6.44708,0.0240061
6.44858,0.0240069
6.45008,0.0240077
6.45158,0.0240085
6.45308,0.0240093
6.45458,0.0240101
6.45608,0.0240109
6.45758,0.0240117
6.45908,0.0240125
6.46058,0.0240133
6.46208,0.0240141
6.46358,0.0240148
6.46508,0.0240156
6.46658,0.0240164
6.46808,0.0240172
6.46958,0.0240179
6.47108,0.0240187
6.47258,0.0240194
6.47408,0.0240202
6.47558,0.0240209
6.47708,0.0240217
6.47858,0.0240224
6.48008,0.0240232
6.48158,0.0240239
6.48308,0.0240246
6.48458,0.0240254
6.48608,0.0240261
6.48758,0.0240268
6.48908,0.0240275
6.49058,0.0240282
6.49208,0.0240289
6.49358,0.0240296
6.49508,0.0240303
6.49658,0.0240311
6.49808,0.0240317
6.49958,0.0240324
6.50108,0.0240331
6.50258,0.0240338
6.50408,0.0240345
6.50558,0.0240352
6.50708,0.0240359
6.50858,0.0240365
6.51008,0.0240379
6.51158,0.0240472
6.51308,0.0240565
6.51458,0.0240659
6.51608,0.0240752
6.51758,0.0240865
6.51908,0.024098
6.52059,0.0241095
6.52209,0.0241211
6.52359,0.0241329
6.52509,0.0241446
6.52659,0.0241565
6.52809,0.0241684
6.52959,0.0241803
6.53109,0.0241923
6.53259,0.0242043
6.53409,0.0242163
6.53559,0.0242283
6.53709,0.0242404
6.53859,0.0242524
6.54009,0.0242644
6.54159,0.0242764
6.54309,0.0242883
6.54459,0.0243002
6.54609,0.024312
6.54759,0.0243238
6.54909,0.0243356
6.55059,0.0243472
6.55209,0.0243587
6.55359,0.0243702
6.55509,0.0243816
6.55659,0.0243928
6.55809,0.0244039
6.55959,0.0244149
6.56109,0.0244258
6.56259,0.0244365
6.56409,0.0244471
6.56559,0.0244575
6.56709,0.0244677
6.56859,0.0244777
6.57009,0.0244876
6.57159,0.0244973
6.57309,0.0245067
6.57459,0.024516
6.57609,0.0245251
6.57759,0.0245339
6.57909,0.0245425
6.58059,0.0245509
6.58209,0.0245591
6.58359,0.024567
6.58509,0.0245746
6.58659,0.024582
6.58809,0.0245892
6.58959,0.0245961
6.59109,0.0246028
6.59259,0.0246092
6.59409,0.0246153
6.59559,0.0246211
6.59709,0.0246267
6.59859,0.0246321
6.60009,0.0246371
6.60159,0.0246419
6.60309,0.0246464
6.60459,0.0246506
6.60609,0.0246545
6.60759,0.0246582
6.60909,0.0246615
6.61059,0.0246645
6.61209,0.0246673
6.61359,0.0246698
6.61509,0.0246719
6.61659,0.0246738
6.61809,0.0246754
6.61959,0.0246766
6.62109,0.0246776
6.62259,0.0246783
6.62409,0.0246786
6.62559,0.0246787
6.62709,0.0246784
6.62859,0.0246779
6.63009,0.024677
6.63159,0.0246759
6.63309,0.0246744
6.63459,0.0246728
6.6361,0.0246713
6.6376,0.0246697
6.6391,0.0246682
6.6406,0.0246668
6.6421,0.0246654
6.6436,0.024664
6.6451,0.0246626
6.6466,0.0246613
6.6481,0.02466
6.6496,0.0246587
6.6511,0.0246575
6.6526,0.0246562
6.6541,0.0246551
6.6556,0.0246539
6.6571,0.0246527
6.6586,0.0246516
6.6601,0.0246505
6.6616,0.0246494
6.6631,0.0246484
6.6646,0.0246473
6.6661,0.0246463
6.6676,0.0246453
6.6691,0.0246443
6.6706,0.0246433
6.6721,0.0246423
6.6736,0.0246414
6.6751,0.0246404
6.6766,0.0246395
6.6781,0.0246386
6.6796,0.0246377
6.6811,0.0246368
6.6826,0.0246359
6.6841,0.024635
6.6856,0.0246341
6.6871,0.0246333
6.6886,0.0246324
6.6901,0.0246316
6.6916,0.0246307
6.6931,0.0246299
6.6946,0.024629
6.6961,0.0246282
6.6976,0.0246274
6.6991,0.0246265
6.7006,0.0246257
6.7021,0.0246249
6.7036,0.0246241
6.7051,0.0246233
6.7066,0.0246225
6.7081,0.0246217
6.7096,0.0246209
6.7111,0.0246201
6.7126,0.0246193
6.7141,0.0246185
6.7156,0.0246177
6.7171,0.024617
6.7186,0.0246162
6.7201,0.0246154
6.7216,0.0246147
6.7231,0.0246139
6.7246,0.0246132
6.7261,0.0246124
6.7276,0.0246117
6.7291,0.0246109
6.7306,0.0246102
6.7321,0.0246094
6.7336,0.0246087
6.7351,0.024608
6.7366,0.0246073
6.7381,0.0246065
6.7396,0.0246058
6.7411,0.0246051
6.7426,0.0246044
6.7441,0.0246037
6.7456,0.024603
6.7471,0.0246023
6.7486,0.0246016
6.7501,0.0246009
6.75161,0.0246002
6.75311,0.0245995
6.75461,0.0245988
6.75611,0.0245981
6.75761,0.0245975
6.75911,0.0245968
6.76061,0.0245961
6.76211,0.0245954
6.76361,0.0245948
6.76511,0.0245941
6.76661,0.0245935
6.76811,0.0245928
6.76961,0.0245921
6.77111,0.0245915
6.77261,0.0245908
6.77411,0.0245902
6.77561,0.0245896
6.77711,0.0245889
6.77861,0.0245883
6.78011,0.0245876
6.78161,0.024587
6.78311,0.0245864
6.78461,0.0245858
6.78611,0.0245852
6.78761,0.0245845
6.78911,0.0245839
6.79061,0.0245833
6.79211,0.0245827
6.79361,0.0245821
6.79511,0.0245815
6.79661,0.0245809
6.79811,0.0245803
6.79961,0.0245797
6.80111,0.0245791
6.80261,0.0245785
6.80411,0.0245779
6.80561,0.0245774
6.80711,0.0245768
6.80861,0.0245762
6.81011,0.0245756
6.81161,0.0245751
6.81311,0.0245745
6.81461,0.0245739
6.81611,0.0245734
6.81761,0.0245728
6.81911,0.0245723
6.82061,0.0245717
6.82211,0.0245712
6.82361,0.0245706
6.82511,0.0245701
6.82661,0.0245695
6.82811,0.024569
6.82961,0.0245685
6.83111,0.0245679
6.83261,0.0245674
6.83411,0.0245669
6.83561,0.0245664
6.83711,0.0245658
6.83861,0.0245653
6.84011,0.0245648
6.84161,0.0245643
6.84311,0.0245638
6.84461,0.0245633
6.84611,0.0245628
6.84761,0.0245623
6.84911,0.0245618
6.85061,0.0245613
6.85211,0.0245608
6.85361,0.0245603
6.85511,0.0245598
6.85661,0.0245594
6.85811,0.0245589
6.85961,0.0245584
6.86111,0.0245579
6.86261,0.0245575
6.86411,0.024557
6.86561,0.0245565
6.86712,0.0245561
6.86862,0.0245556
6.87012,0.0245552
6.87162,0.0245547
6.87312,0.0245543
6.87462,0.0245538
6.87612,0.0245534
6.87762,0.0245529
6.87912,0.0245525
6.88062,0.0245521
6.88212,0.0245516
6.88362,0.0245512
6.88512,0.0245508
6.88662,0.0245504
6.88812,0.0245499
6.88962,0.0245495
6.89112,0.0245491
6.89262,0.0245487
6.89412,0.0245483
6.89562,0.0245479
6.89712,0.0245475
6.89862,0.0245471
6.90012,0.0245467
6.90162,0.0245463
6.90312,0.0245459
6.90462,0.0245455
6.90612,0.0245451
6.90762,0.0245447
6.90912,0.0245444
6.91062,0.024544
6.91212,0.0245436
6.91362,0.0245432
6.91512,0.0245429
6.91662,0.0245425
6.91812,0.0245422
6.91962,0.0245418
6.92112,0.0245414
6.92262,0.0245411
6.92412,0.0245407
6.92562,0.0245404
6.92712,0.02454
6.92862,0.0245397
6.93012,0.0245394
6.93162,0.024539
6.93312,0.0245387
6.93462,0.0245384
6.93612,0.024538
6.93762,0.0245377
6.93912,0.0245374
6.94062,0.0245371
6.94212,0.0245368
6.94362,0.0245364
6.94512,0.0245361
6.94662,0.0245358
6.94812,0.0245355
6.94962,0.0245352
6.95112,0.0245349
6.95262,0.0245346
6.95412,0.0245343
6.95562,0.024534
6.95712,0.0245337
6.95862,0.0245334
6.96012,0.0245332
6.96162,0.0245329
6.96312,0.0245326
6.96462,0.0245323
6.96612,0.024532
6.96762,0.0245318
6.96912,0.0245315
6.97062,0.0245312
6.97212,0.024531
6.97362,0.0245307
6.97512,0.0245304
6.97662,0.0245302
6.97812,0.0245299
6.97962,0.0245297
6.98112,0.0245294
6.98263,0.0245292
6.98413,0.0245289
6.98563,0.0245287
6.98713,0.0245285
6.98863,0.0245282
6.99013,0.024528
6.99163,0.0245278
6.99313,0.0245275
6.99463,0.0245273
6.99613,0.0245271
6.99763,0.0245269
6.99913,0.0245267
7.00063,0.0245265
7.00213,0.0245262
7.00363,0.024526
7.00513,0.0245258
7.00663,0.0245257
7.00813,0.0245255
7.00963,0.0245253
7.01113,0.0245251
7.01263,0.0245249
7.01413,0.0245248
7.01563,0.0245246
7.01713,0.0245245
7.01863,0.0245243
7.02013,0.0245242
7.02163,0.0245241
7.02313,0.024524
7.02463,0.0245239
7.02613,0.0245238
7.02763,0.0245237
7.02913,0.0245236
7.03063,0.0245236
7.03213,0.0245235
7.03363,0.0245235
7.03513,0.0245235
7.03663,0.0245235
7.03813,0.0245235
7.03963,0.0245235
7.04113,0.0245236
7.04263,0.0245236
7.04413,0.0245237
7.04563,0.0245238
7.04713,0.0245239
7.04863,0.0245241
7.05013,0.0245242
7.05163,0.0245244
7.05313,0.0245246
7.05463,0.0245248
7.05613,0.0245251
7.05763,0.0245254
7.05913,0.0245257
7.06063,0.024526
7.06213,0.0245263
7.06363,0.0245267
7.06513,0.0245271
7.06663,0.0245275
7.06813,0.024528
7.06963,0.0245285
7.07113,0.024529
7.07263,0.0245296
7.07413,0.0245301
7.07563,0.0245308
7.07713,0.0245314
7.07863,0.0245321
7.08013,0.0245328
7.08163,0.0245336
7.08313,0.0245344
7.08463,0.0245352
7.08613,0.0245361
7.08763,0.024537
7.08913,0.024538
7.09063,0.0245389
7.09213,0.02454
7.09363,0.0245411
7.09513,0.0245422
7.09663,0.0245434
7.09813,0.0245446
7.09964,0.0245459
7.10114,0.0245472
7.10264,0.0245485
7.10414,0.0245499
7.10564,0.0245514
7.10714,0.0245529
7.10864,0.0245545
7.11014,0.0245562
7.11164,0.0245579
7.11314,0.0245597
7.11464,0.0245615
7.11614,0.0245634
7.11764,0.0245654
7.11914,0.0245675
7.12064,0.0245696
7.12214,0.0245718
7.12364,0.0245741
7.12514,0.0245764
7.12664,0.0245789
7.12814,0.0245814
7.12964,0.024584
7.13114,0.0245867
7.13264,0.0245895
7.13414,0.0245923
7.13564,0.0245952
7.13714,0.0245983
7.13864,0.0246014
7.14014,0.0246046
7.14164,0.0246079
7.14314,0.0246112
7.14464,0.0246147
7.14614,0.0246183
7.14764,0.0246219
7.14914,0.0246256
7.15064,0.0246295
7.15214,0.0246334
7.15364,0.0246374
7.15514,0.0246415
7.15664,0.0246456
7.15814,0.0246499
7.15964,0.0246542
7.16114,0.0246586
7.16264,0.0246631
7.16414,0.0246677
7.16564,0.0246724
7.16714,0.0246771
7.16864,0.024682
7.17014,0.0246869
7.17164,0.0246918
7.17314,0.0246969
7.17464,0.024702
7.17614,0.0247071
7.17764,0.0247124
7.17914,0.0247177
7.18064,0.024723
7.18214,0.0247284
7.18364,0.0247339
7.18514,0.0247394
7.18664,0.0247449
7.18814,0.0247505
7.18964,0.0247562
7.19114,0.0247619
7.19264,0.0247676
7.19414,0.0247733
7.19564,0.0247791
7.19714,0.0247848
7.19864,0.0247907
7.20014,0.0247965
7.20164,0.0248023
7.20314,0.0248081
7.20464,0.024814
7.20614,0.0248199
7.20764,0.0248257
7.20914,0.0248316
7.21064,0.0248375
7.21214,0.0248433
7.21364,0.0248492
7.21515,0.0248551
7.21665,0.0248609
7.21815,0.0248668
7.21965,0.0248726
7.22115,0.0248784
7.22265,0.0248842
7.22415,0.02489
7.22565,0.0248958
7.22715,0.0249015
7.22865,0.0249073
7.23015,0.024913
7.23165,0.0249188
7.23315,0.0249248
7.23465,0.0249309
7.23615,0.0249371
7.23765,0.0249434
7.23915,0.0249498
7.24065,0.0249563
7.24215,0.0249629
7.24365,0.0249696
7.24515,0.0249764
7.24665,0.0249832
7.24815,0.0249902
7.24965,0.0249972
7.25115,0.0250042
7.25265,0.0250113
7.25415,0.0250185
7.25565,0.0250257
7.25715,0.0250329
7.25865,0.0250402
7.26015,0.0250474
7.26165,0.0250547
7.26315,0.025062
7.26465,0.0250692
7.26615,0.0250765
7.26765,0.0250837
7.26915,0.0250909
7.27065,0.0250981
7.27215,0.0251052
7.27365,0.0251123
7.27515,0.0251193
7.27665,0.0251262
7.27815,0.0251331
7.27965,0.0251398
7.28115,0.0251465
7.28265,0.0251531
7.28415,0.0251595
7.28565,0.0251659
7.28715,0.0251721
7.28865,0.0251782
7.29015,0.0251842
7.29165,0.02519
7.29315,0.0251957
7.29465,0.0252012
7.29615,0.0252065
7.29765,0.0252117
7.29915,0.0252167
7.30065,0.0252215
7.30215,0.0252262
7.30365,0.0252306
7.30515,0.0252349
7.30665,0.0252389
7.30815,0.0252428
7.30965,0.0252464
7.31115,0.0252498
7.31265,0.025253
7.31415,0.025256
7.31565,0.0252587
7.31715,0.0252612
7.31865,0.0252635
7.32015,0.0252656
7.32165,0.0252674
7.32315,0.025269
7.32465,0.0252707
7.32615,0.0252722
7.32765,0.0252737
7.32915,0.0252752
7.33066,0.0252766
7.33216,0.0252779
7.33366,0.0252791
7.33516,0.0252803
7.33666,0.0252815
7.33816,0.0252825
7.33966,0.0252835
7.34116,0.0252845
7.34266,0.0252853
7.34416,0.0252861
7.34566,0.0252868
7.34716,0.0252874
7.34866,0.0252879
7.35016,0.0252884
7.35166,0.0252887
7.35316,0.025289
7.35466,0.0252892
7.35616,0.0252893
7.35766,0.0252893
7.35916,0.0252892
7.36066,0.025289
7.36216,0.0252886
7.36366,0.0252882
7.36516,0.0252877
7.36666,0.025287
7.36816,0.0252862
7.36966,0.0252853
7.37116,0.0252843
7.37266,0.0252831
7.37416,0.0252818
7.37566,0.0252802
7.37716,0.0252784
7.37866,0.0252762
7.38016,0.0252737
7.38166,0.0252708
7.38316,0.0252675
7.38466,0.0252638
7.38616,0.0252596
7.38766,0.0252549
7.38916,0.0252496
7.39066,0.0252438
7.39216,0.0252374
7.39366,0.0252303
7.39516,0.0252226
7.39666,0.0252142
7.39816,0.0252051
7.39966,0.0251951
7.40116,0.0251844
7.40266,0.0251729
7.40416,0.0251605
7.40566,0.0251473
7.40716,0.0251331
7.40866,0.0251178
7.41016,0.0250994
7.41166,0.0250745
7.41316,0.025043
7.41466,0.0250047
7.41616,0.0249603
7.41766,0.0249101
7.41916,0.0248541
7.42066,0.0247924
7.42216,0.0247252
7.42366,0.0246529
7.42516,0.0245795
7.42666,0.0245757
7.42816,0.0245713
7.42966,0.0245662
7.43116,0.0245604
7.43266,0.0245537
7.43416,0.0245462
7.43566,0.0245377
7.43716,0.0245266
7.43866,0.0245226
7.44016,0.0245328
7.44166,0.0245423
7.44316,0.024551
7.44466,0.0245589
7.44617,0.024566
7.44767,0.0245723
7.44917,0.0245778
7.45067,0.0245825
7.45217,0.0245864
7.45367,0.0245895
7.45517,0.0245918
7.45667,0.0245932
7.45817,0.0245939
7.45967,0.0245937
7.46117,0.0245927
7.46267,0.0245909
7.46417,0.0245883
7.46567,0.0245849
7.46717,0.0245808
7.46867,0.0245758
7.47017,0.0245701
7.47167,0.0245636
7.47317,0.0245563
7.47467,0.0245484
7.47617,0.0245396
7.47767,0.0245302
7.47917,0.02452
7.48067,0.024509
7.48217,0.0244974
7.48367,0.024485
7.48517,0.0244719
7.48667,0.0244582
7.48817,0.0245091
7.48967,0.0248796
7.49117,0.0252456
7.49267,0.0256057
7.49417,0.0259592
7.49567,0.0263058
7.49717,0.0266449
7.49867,0.0269764
7.50017,0.0273002
7.50167,0.0276159
7.50317,0.0279234
7.50467,0.0282226
7.50617,0.0285129
7.50767,0.0287939
7.50917,0.0290649
7.51067,0.029325
7.51217,0.0295733
7.51367,0.0298087
7.51517,0.0300299
7.51667,0.0302356
7.51817,0.0304243
7.51967,0.030604
7.52117,0.0307818
7.52267,0.0309573
7.52417,0.0311297
7.52567,0.0312986
7.52717,0.0314633
7.52867,0.0316233
7.53017,0.0317784
7.53167,0.0319281
7.53317,0.0320722
7.53467,0.0322107
7.53617,0.0323435
7.53767,0.0324707
7.53917,0.0325926
7.54067,0.0327093
7.54217,0.0328216
7.54367,0.0329296
7.54517,0.0330335
7.54667,0.0331335
7.54817,0.0332299
7.54967,0.0333227
7.55117,0.0334122
7.55267,0.0334985
7.55417,0.0335815
7.55567,0.0336613
7.55717,0.0337381
7.55867,0.0338115
7.56017,0.0338816
7.56168,0.033948
7.56318,0.0340107
7.56468,0.0340695
7.56618,0.0341242
7.56768,0.0341748
7.56918,0.0342211
7.57068,0.0342631
7.57218,0.0343009
7.57368,0.0343345
7.57518,0.0343641
7.57668,0.0343897
7.57818,0.0344117
7.57968,0.0344303
7.58118,0.0344456
7.58268,0.034458
7.58418,0.0344677
7.58568,0.0344749
7.58718,0.0344799
7.58868,0.034483
7.59018,0.0344844
7.59168,0.0344843
7.59318,0.0344828
7.59468,0.03448
7.59618,0.0344761
7.59768,0.0344711
7.59918,0.0344651
7.60068,0.0344583
7.60218,0.0344504
7.60368,0.0344416
7.60518,0.0344318
7.60668,0.034421
7.60818,0.034409
7.60968,0.0343958
7.61118,0.0343814
7.61268,0.0343658
7.61418,0.0343488
7.61568,0.0343307
7.61718,0.0343113
7.61868,0.0342907
7.62018,0.0342691
7.62168,0.0342465
7.62318,0.0342231
7.62468,0.034199
7.62618,0.0341744
7.62768,0.0341493
7.62918,0.0341239
7.63068,0.0340981
7.63218,0.0340721
7.63368,0.0340459
7.63518,0.0340195
7.63668,0.033993
7.63818,0.0339667
7.63968,0.0339406
7.64118,0.033915
7.64268,0.0338898
7.64418,0.033865
7.64568,0.0338406
7.64718,0.0338165
7.64868,0.0337927
7.65018,0.0337691
7.65168,0.0337457
7.65318,0.0337223
7.65468,0.033699
7.65618,0.0336756
7.65768,0.0336522
7.65918,0.0336286
7.66068,0.0336049
7.66218,0.0335812
7.66368,0.0335573
7.66518,0.0335334
7.66668,0.0335094
7.66818,0.0334855
7.66968,0.0334617
7.67118,0.033438
7.67268,0.0334145
7.67418,0.0333913
7.67568,0.0333683
7.67719,0.0333456
7.67869,0.033323
7.68019,0.0333008
7.68169,0.0332789
7.68319,0.0332574
7.68469,0.0332363
7.68619,0.0332156
7.68769,0.0331954
7.68919,0.0331756
7.69069,0.0331562
7.69219,0.0331371
7.69369,0.0331184
7.69519,0.0331
7.69669,0.0330818
7.69819,0.0330638
7.69969,0.0330459
7.70119,0.0330281
7.70269,0.0330104
7.70419,0.0329927
7.70569,0.032975
7.70719,0.0329573
7.70869,0.0329396
7.71019,0.0329219
7.71169,0.0329041
7.71319,0.0328864
7.71469,0.0328688
7.71619,0.0328512
7.71769,0.0328337
7.71919,0.0328162
7.72069,0.0327989
7.72219,0.0327818
7.72369,0.0327648
7.72519,0.0327481
7.72669,0.0327317
7.72819,0.0327156
7.72969,0.0326998
7.73119,0.0326844
7.73269,0.0326692
7.73419,0.0326544
7.73569,0.0326399
7.73719,0.0326257
7.73869,0.0326117
7.74019,0.0325979
7.74169,0.0325843
7.74319,0.0325709
7.74469,0.0325576
7.74619,0.0325444
7.74769,0.0325312
7.74919,0.032518
7.75069,0.0325049
7.75219,0.0324917
7.75369,0.0324785
7.75519,0.0324653
7.75669,0.032452
7.75819,0.0324386
7.75969,0.0324252
7.76119,0.0324118
7.76269,0.0323983
7.76419,0.0323847
7.76569,0.0323711
7.76719,0.0323577
7.76869,0.0323443
7.77019,0.0323312
7.77169,0.0323183
7.77319,0.0323057
7.77469,0.0322934
7.77619,0.0322813
7.77769,0.0322695
7.77919,0.032258
7.78069,0.0322468
7.78219,0.0322357
7.78369,0.0322249
7.78519,0.0322143
7.78669,0.0322039
7.78819,0.0321936
7.78969,0.0321834
7.79119,0.0321733
7.7927,0.0321632
7.7942,0.0321532
7.7957,0.0321432
7.7972,0.0321332
7.7987,0.0321231
7.8002,0.0321129
7.8017,0.0321027
7.8032,0.0320923
7.8047,0.0320819
7.8062,0.0320713
7.8077,0.0320606
7.8092,0.0320498
7.8107,0.032039
7.8122,0.0320281
7.8137,0.0320174
7.8152,0.0320067
7.8167,0.0319961
7.8182,0.0319857
7.8197,0.0319756
7.8212,0.0319657
7.8227,0.031956
7.8242,0.0319466
7.8257,0.0319375
7.8272,0.0319286
7.8287,0.0319199
7.8302,0.0319114
7.8317,0.031903
7.8332,0.0318948
7.8347,0.0318867
7.8362,0.0318787
7.8377,0.0318707
7.8392,0.0318628
7.8407,0.0318549
7.8422,0.031847
7.8437,0.031839
7.8452,0.031831
7.8467,0.0318229
7.8482,0.0318146
7.8497,0.0318062
7.8512,0.0317977
7.8527,0.031789
7.8542,0.0317802
7.8557,0.0317713
7.8572,0.0318342
7.8587,0.0319896
7.8602,0.0321429
7.8617,0.0322937
7.8632,0.0324419
7.8647,0.0325874
7.8662,0.03273
7.8677,0.0328695
7.8692,0.0330059
7.8707,0.0331389
7.8722,0.0332684
7.8737,0.0333943
7.8752,0.0335162
7.8767,0.0336341
7.8782,0.0337476
7.8797,0.0338568
7.8812,0.0339612
7.8827,0.0340608
7.8842,0.0341554
7.8857,0.0342447
7.8872,0.0343287
7.8887,0.0344072
7.8902,0.03448
7.8917,0.034547
7.8932,0.0346081
7.8947,0.0346632
7.8962,0.0347122
7.8977,0.034755
7.8992,0.0347922
7.9007,0.0348238
7.9022,0.0348496
7.9037,0.0348695
7.9052,0.0348835
7.9067,0.0348916
7.90821,0.0348936
7.90971,0.0348896
7.91121,0.0348795
7.91271,0.0348633
7.91421,0.0348446
7.91571,0.0348257
7.91721,0.0348069
7.91871,0.0347882
7.92021,0.0347694
7.92171,0.0347507
7.92321,0.034732
7.92471,0.0347134
7.92621,0.0346949
7.92771,0.0346764
7.92921,0.0346579
7.93071,0.0346394
7.93221,0.0346209
7.93371,0.0346024
7.93521,0.0345839
7.93671,0.0345653
7.93821,0.0345467
7.93971,0.0345279
7.94121,0.0345091
7.94271,0.0344903
7.94421,0.0344715
7.94571,0.0344528
7.94721,0.034434
7.94871,0.0344154
7.95021,0.0343968
7.95171,0.0343784
7.95321,0.03436
7.95471,0.0343418
7.95621,0.0343236
7.95771,0.0343056
7.95921,0.0342877
7.96071,0.0342698
7.96221,0.0342521
7.96371,0.0342344
7.96521,0.0342168
7.96671,0.0341993
7.96821,0.0341818
7.96971,0.0341643
7.97121,0.0341468
7.97271,0.0341294
7.97421,0.0341118
7.97571,0.0340943
7.97721,0.0340767
7.97871,0.0340592
7.98021,0.0340416
7.98171,0.034024
7.98321,0.0340065
7.98471,0.033989
7.98621,0.0339716
7.98771,0.0339542
7.98921,0.0339369
7.99071,0.0339196
7.99221,0.0339024
7.99371,0.0338854
7.99521,0.0338684
7.99671,0.0338515
7.99821,0.0338347
7.99971,0.033818
8.00121,0.0338014
8.00271,0.0337849
8.00421,0.0337685
8.00571,0.0337521
8.00721,0.0337358
8.00871,0.0337195
8.01021,0.0337033
8.01171,0.0336872
8.01321,0.0336712
8.01471,0.0336552
8.01621,0.0336393
8.01771,0.0336234
8.01921,0.0336076
8.02071,0.0335919
8.02221,0.0335763
8.02372,0.0335607
8.02522,0.0335452
8.02672,0.0335298
8.02822,0.0335144
8.02972,0.0334991
8.03122,0.0334839
8.03272,0.0334687
8.03422,0.0334536
8.03572,0.0334386
8.03722,0.0334236
8.03872,0.0334087
8.04022,0.0333938
8.04172,0.033379
8.04322,0.0333643
8.04472,0.0333496
8.04622,0.0333349
8.04772,0.0333203
8.04922,0.0333058
8.05072,0.0332913
8.05222,0.0332768
8.05372,0.0332624
8.05522,0.033248
8.05672,0.0332337
8.05822,0.0332194
8.05972,0.0332052
8.06122,0.033191
8.06272,0.0331768
8.06422,0.0331627
8.06572,0.0331486
8.06722,0.0331345
8.06872,0.0331204
8.07022,0.0331064
8.07172,0.0330924
8.07322,0.0330784
8.07472,0.0330645
8.07622,0.0330506
8.07772,0.0330366
8.07922,0.0330227
8.08072,0.0330089
8.08222,0.032995
8.08372,0.0329811
8.08522,0.0329673
8.08672,0.0329535
8.08822,0.0329396
8.08972,0.0329258
8.09122,0.032912
8.09272,0.0328982
8.09422,0.0328843
8.09572,0.0328705
8.09722,0.0328567
8.09872,0.0328429
8.10022,0.032829
8.10172,0.0328253
8.10322,0.0328214
8.10472,0.0328173
8.10622,0.032813
8.10772,0.0328086
8.10922,0.0328039
8.11072,0.0327992
8.11222,0.0327942
8.11372,0.0327891
8.11522,0.0327838
8.11672,0.0327784
8.11822,0.0327728
8.11972,0.032767
8.12122,0.0327611
8.12272,0.032755
8.12422,0.0327488
8.12572,0.0327424
8.12722,0.0327359
8.12872,0.0327293
8.13022,0.0327225
8.13172,0.0327156
8.13322,0.0327085
8.13472,0.0327013
8.13622,0.032694
8.13772,0.0326866
8.13923,0.032679
8.14073,0.0326713
8.14223,0.0326635
8.14373,0.0326556
8.14523,0.0326475
8.14673,0.0326394
8.14823,0.0326311
8.14973,0.0326228
8.15123,0.0326143
8.15273,0.0326057
8.15423,0.032597
8.15573,0.0325882
8.15723,0.0325794
8.15873,0.0325704
8.16023,0.0325613
8.16173,0.0325522
8.16323,0.0325429
8.16473,0.0325336
8.16623,0.0325242
8.16773,0.0325147
8.16923,0.0325051
8.17073,0.0324954
8.17223,0.0324857
8.17373,0.0324759
8.17523,0.032466
8.17673,0.0324561
8.17823,0.032446
8.17973,0.032436
8.18123,0.0324258
8.18273,0.0324156
8.18423,0.0324053
8.18573,0.032395
8.18723,0.0323846
8.18873,0.0323741
8.19023,0.0323636
8.19173,0.0323531
8.19323,0.0323425
8.19473,0.0323318
8.19623,0.0323211
8.19773,0.0323103
8.19923,0.0322995
8.20073,0.0322887
8.20223,0.0322778
8.20373,0.0322668
8.20523,0.0322558
8.20673,0.0322448
8.20823,0.0322338
8.20973,0.0322227
8.21123,0.0322115
8.21273,0.0322004
8.21423,0.0321892
8.21573,0.032178
8.21723,0.0321667
8.21873,0.0321554
8.22023,0.0321441
8.22173,0.0321328
8.22323,0.0321214
8.22473,0.03211
8.22623,0.0320986
8.22773,0.0320872
8.22923,0.0320757
8.23073,0.0320642
8.23223,0.0320527
8.23373,0.0320412
8.23523,0.0320297
8.23673,0.0320181
8.23823,0.0320066
8.23973,0.031995
8.24123,0.0319834
8.24273,0.0319718
8.24423,0.0319602
8.24573,0.0319485
8.24723,0.0319369
8.24873,0.0319252
8.25023,0.0319136
8.25173,0.0319019
8.25323,0.0318902
8.25473,0.0318786
8.25624,0.0318669
8.25774,0.0318552
8.25924,0.0318435
8.26074,0.0318318
8.26224,0.0318201
8.26374,0.0318083
8.26524,0.0317966
8.26674,0.0317849
8.26824,0.0317732
8.26974,0.0317615
8.27124,0.0317497
8.27274,0.031738
8.27424,0.0317263
8.27574,0.0317146
8.27724,0.0317028
8.27874,0.0316911
8.28024,0.0316794
8.28174,0.0316677
8.28324,0.031656
8.28474,0.0316442
8.28624,0.0316325
8.28774,0.0316208
8.28924,0.0316091
8.29074,0.0315974
8.29224,0.0315857
8.29374,0.031574
8.29524,0.0315623
8.29674,0.0315506
8.29824,0.0315389
8.29974,0.0315272
8.30124,0.0315156
8.30274,0.0315039
8.30424,0.0314922
8.30574,0.0314806
8.30724,0.0314689
8.30874,0.0314572
8.31024,0.0314456
8.31174,0.031434
8.31324,0.0314223
8.31474,0.0314107
8.31624,0.0313991
8.31774,0.0313875
8.31924,0.0313758
8.32074,0.0313642
8.32224,0.0313527
8.32374,0.0313411
8.32524,0.0313295
8.32674,0.0313179
8.32824,0.0313063
8.32974,0.0312948
8.33124,0.0312832
8.33274,0.0312717
8.33424,0.0312602
8.33574,0.0312486
8.33724,0.0312371
8.33874,0.0312256
8.34024,0.0312141
8.34174,0.0312026
8.34324,0.0311911
8.34474,0.0311796
8.34624,0.0311682
8.34774,0.0311567
8.34924,0.0311453
8.35074,0.0311338
8.35224,0.0311224
8.35374,0.031111
8.35524,0.0310996
8.35674,0.0310881
8.35824,0.0310767
8.35974,0.0310654
8.36124,0.031054
8.36274,0.0310426
8.36424,0.0310313
8.36574,0.0310199
8.36724,0.0310086
8.36874,0.0309972
8.37024,0.0309859
8.37175,0.0309746
8.37325,0.0309633
8.37475,0.030952
8.37625,0.0309407
8.37775,0.0309295
8.37925,0.0309182
8.38075,0.030907
8.38225,0.0308957
8.38375,0.0308845
8.38525,0.0308733
8.38675,0.0308621
8.38825,0.0308509
8.38975,0.0308418
8.39125,0.0308408
8.39275,0.0308398
8.39425,0.0308387
8.39575,0.0308376
8.39725,0.0308365
8.39875,0.0308353
8.40025,0.0308341
8.40175,0.0308329
8.40325,0.0308317
8.40475,0.0308304
8.40625,0.0308291
8.40775,0.0308277
8.40925,0.0308263
8.41075,0.0308249
8.41225,0.0308235
8.41375,0.030822
8.41525,0.0308205
8.41675,0.030819
8.41825,0.0308174
8.41975,0.0308159
8.42125,0.0308142
8.42275,0.0308126
8.42425,0.0308109
8.42575,0.0308092
8.42725,0.0308075
8.42875,0.0308057
8.43025,0.0308039
8.43175,0.0308021
8.43325,0.0308003
8.43475,0.0307984
8.43625,0.0307965
8.43775,0.0307946
8.43925,0.0307927
8.44075,0.0307907
8.44225,0.0307887
8.44375,0.0307867
8.44525,0.0307846
8.44675,0.0307825
8.44825,0.0307804
8.44975,0.0307783
8.45125,0.0307762
8.45275,0.030774
8.45425,0.0307718
8.45575,0.0307695
8.45725,0.0307673
8.45875,0.030765
8.46025,0.0307627
8.46175,0.0307604
8.46325,0.0307581
8.46475,0.0307557
8.46625,0.0307533
8.46775,0.0307509
8.46925,0.0307485
8.47075,0.030746
8.47225,0.0307435
8.47375,0.030741
8.47525,0.0307385
8.47675,0.030736
8.47825,0.0307334
8.47975,0.0307308
8.48125,0.0307282
8.48275,0.0307256
8.48425,0.0307229
8.48575,0.0307203
8.48726,0.0307176
8.48876,0.0307149
8.49026,0.0307122
8.49176,0.0307094
8.49326,0.0307066
8.49476,0.0307038
8.49626,0.030701
8.49776,0.0306982
8.49926,0.0306954
8.50076,0.0306925
8.50226,0.0306896
8.50376,0.0306867
8.50526,0.0306838
8.50676,0.0306809
8.50826,0.0306779
8.50976,0.0306749
8.51126,0.0306719
8.51276,0.0306689
8.51426,0.0306659
8.51576,0.0306629
8.51726,0.0306598
8.51876,0.0306567
8.52026,0.0306536
8.52176,0.0306505
8.52326,0.0306474
8.52476,0.0306443
8.52626,0.0306411
8.52776,0.0306379
8.52926,0.0306347
8.53076,0.0306315
8.53226,0.0306283
8.53376,0.0306251
8.53526,0.0306218
8.53676,0.0306186
8.53826,0.0306153
8.53976,0.030612
8.54126,0.0306087
8.54276,0.0306053
8.54426,0.030602
8.54576,0.0305987
8.54726,0.0305953
8.54876,0.0305919
8.55026,0.0305885
8.55176,0.0305851
8.55326,0.0305817
8.55476,0.0305782
8.55626,0.0305748
8.55776,0.0305713
8.55926,0.0305678
8.56076,0.0305643
8.56226,0.0305608
8.56376,0.0305573
8.56526,0.0305538
8.56676,0.0305502
8.56826,0.0305467
8.56976,0.0305431
8.57126,0.0305395
8.57276,0.0305359
8.57426,0.0305323
8.57576,0.0305287
8.57726,0.0305251
8.57876,0.0305214
8.58026,0.0305178
8.58176,0.0305141
8.58326,0.0305104
8.58476,0.0305067
8.58626,0.030503
8.58776,0.0304993
8.58926,0.0304956
8.59076,0.0304919
8.59226,0.0304881
8.59376,0.0304844
8.59526,0.0304806
8.59676,0.0304768
8.59826,0.030473
8.59976,0.0304692
8.60126,0.0304654
8.60277,0.0304616
8.60427,0.0304578
8.60577,0.0304539
8.60727,0.0304501
8.60877,0.0304462
8.61027,0.0304423
8.61177,0.0304384
8.61327,0.0304346
8.61477,0.0304307
8.61627,0.0304267
8.61777,0.0304228
8.61927,0.0304189
8.62077,0.0304149
8.62227,0.030411
8.62377,0.030407
8.62527,0.0304031
8.62677,0.0303991
8.62827,0.0303951
8.62977,0.0303911
8.63127,0.0303871
8.63277,0.0303831
8.63427,0.0303791
8.63577,0.030375
8.63727,0.030371
8.63877,0.0303669
8.64027,0.0303629
8.64177,0.0303588
8.64327,0.0303547
8.64477,0.0303506
8.64627,0.0303465
8.64777,0.0303424
8.64927,0.0303383
8.65077,0.0303342
8.65227,0.0303301
8.65377,0.0303259
8.65527,0.0303218
8.65677,0.0303176
8.65827,0.0303135
8.65977,0.0303093
8.66127,0.0303051
8.66277,0.0303009
8.66427,0.0302967
8.66577,0.0302925
8.66727,0.0302883
8.66877,0.0302841
8.67027,0.0302799
8.67177,0.0302757
8.67327,0.0302714
8.67477,0.0302672
8.67627,0.0302629
8.67777,0.0302587
8.67927,0.0302544
8.68077,0.0302501
8.68227,0.0302458
8.68377,0.0302415
8.68527,0.0302372
8.68677,0.0302329
8.68827,0.0302286
8.68977,0.0302243
8.69127,0.0302199
8.69277,0.0302156
8.69427,0.0302113
8.69577,0.0302069
8.69727,0.0302026
8.69877,0.0301982
8.70027,0.0301938
8.70177,0.0301894
8.70327,0.0301851
8.70477,0.0301807
8.70627,0.0301763
8.70777,0.0301718
8.70927,0.0301674
8.71077,0.030163
8.71227,0.0301586
8.71377,0.0301541
8.71527,0.0301497
8.71677,0.0301452
8.71828,0.0301408
8.71978,0.0301363
8.72128,0.0301319
8.72278,0.0301274
8.72428,0.0301229
8.72578,0.0301184
8.72728,0.0301139
8.72878,0.0301094
8.73028,0.0301049
8.73178,0.0301004
8.73328,0.0300958
8.73478,0.0300913
8.73628,0.0300868
8.73778,0.0300822
8.73928,0.0300777
8.74078,0.0300731
8.74228,0.0300686
8.74378,0.030064
8.74528,0.0300594
8.74678,0.0300548
8.74828,0.0300502
8.74978,0.0300456
8.75128,0.030041
8.75278,0.0300364
8.75428,0.0300318
8.75578,0.0300272
8.75728,0.0300225
8.75878,0.0300179
8.76028,0.0300132
8.76178,0.0300086
8.76328,0.0300039
8.76478,0.0299993
8.76628,0.0299946
8.76778,0.0299899
8.76928,0.0299852
8.77078,0.0299805
8.77228,0.0299758
8.77378,0.0299711
8.77528,0.0299663
8.77678,0.0299616
8.77828,0.0299569
8.77978,0.0299521
8.78128,0.0299474
8.78278,0.0299426
8.78428,0.0299378
8.78578,0.029933
8.78728,0.0299282
8.78878,0.0299234
8.79028,0.0299186
8.79178,0.0299138
8.79328,0.029909
8.79478,0.0299041
8.79628,0.0298993
8.79778,0.0298944
8.79928,0.0298896
8.80078,0.0298847
8.80228,0.0298798
8.80378,0.0298749
8.80528,0.02987
8.80678,0.0298651
8.80828,0.0298602
8.80978,0.0298553
8.81128,0.0298503
8.81278,0.0298454
8.81428,0.0298404
8.81578,0.0298354
8.81728,0.0298305
8.81878,0.0298255
8.82028,0.0298205
8.82178,0.0298155
8.82328,0.0298104
8.82478,0.0298054
8.82628,0.0298004
8.82778,0.0297953
8.82928,0.0297902
8.83078,0.0297852
8.83228,0.0297801
8.83379,0.029775
8.83529,0.0297699
8.83679,0.0297648
8.83829,0.0297596
8.83979,0.0297545
8.84129,0.0297493
8.84279,0.0297442
8.84429,0.029739
8.84579,0.0297338
8.84729,0.0297286
8.84879,0.0297234
8.85029,0.0297182
8.85179,0.0297129
8.85329,0.0297077
8.85479,0.0297025
8.85629,0.0296972
8.85779,0.0296919
8.85929,0.0296866
8.86079,0.0296813
8.86229,0.029676
8.86379,0.0296707
8.86529,0.0296653
8.86679,0.02966
8.86829,0.0296546
8.86979,0.0296492
8.87129,0.0296438
8.87279,0.0296384
8.87429,0.029633
8.87579,0.0296276
8.87729,0.0296222
8.87879,0.0296167
8.88029,0.0296112
8.88179,0.0296058
8.88329,0.0296003
8.88479,0.0295948
8.88629,0.0295892
8.88779,0.0295837
8.88929,0.0295782
8.89079,0.0295726
8.89229,0.0295671
8.89379,0.0295615
8.89529,0.0295559
8.89679,0.0295503
8.89829,0.0295446
8.89979,0.029539
8.90129,0.0295334
8.90279,0.0295277
8.90429,0.029522
8.90579,0.0295163
8.90729,0.0295106
8.90879,0.0295049
8.91029,0.0294992
8.91179,0.0294934
8.91329,0.0294877
8.91479,0.0294819
8.91629,0.0294761
8.91779,0.0294703
8.91929,0.0294645
8.92079,0.0294587
8.92229,0.0294529
8.92379,0.029447
8.92529,0.0294412
8.92679,0.0294353
8.92829,0.0294294
8.92979,0.0294235
8.93129,0.0294176
8.93279,0.0294116
8.93429,0.0294057
8.93579,0.0293997
8.93729,0.0293937
8.93879,0.0293878
8.94029,0.0293818
8.94179,0.0293757
8.94329,0.0293697
8.94479,0.0293637
8.94629,0.0293576
8.94779,0.0293515
8.9493,0.0293455
8.9508,0.0293394
8.9523,0.0293332
8.9538,0.0293271
8.9553,0.029321
8.9568,0.0293148
8.9583,0.0293087
8.9598,0.0293025
8.9613,0.0292963
8.9628,0.0292901
8.9643,0.0292839
8.9658,0.0292776
8.9673,0.0292714
8.9688,0.0292651
8.9703,0.0292588
8.9718,0.0292526
8.9733,0.0292463
8.9748,0.0292399
8.9763,0.0292336
8.9778,0.0292273
8.9793,0.0292209
8.9808,0.0292146
8.9823,0.0292082
8.9838,0.0292018
8.9853,0.0291954
8.9868,0.029189
8.9883,0.0291825
8.9898,0.0291761
8.9913,0.0291696
8.9928,0.0291631
8.9943,0.0291567
8.9958,0.0291502
8.9973,0.0291437
8.9988,0.0291371
9.0003,0.0291306
9.0018,0.029124
9.0033,0.0291175
9.0048,0.0291109
9.0063,0.0291043
9.0078,0.0290977
9.0093,0.0290911
9.0108,0.0290845
9.0123,0.0290779
9.0138,0.0290712
9.0153,0.0290646
9.0168,0.0290579
9.0183,0.0290512
9.0198,0.0290445
9.0213,0.0290378
9.0228,0.0290311
9.0243,0.0290244
9.0258,0.0290177
9.0273,0.0290109
9.0288,0.0290042
9.0303,0.0289974
9.0318,0.0289906
9.0333,0.0289838
9.0348,0.028977
9.0363,0.0289702
9.0378,0.0289634
9.0393,0.0289565
9.0408,0.0289497
9.0423,0.0289428
9.0438,0.028936
9.0453,0.0289291
9.0468,0.0289222
9.0483,0.0289153
9.0498,0.0289084
9.0513,0.0289015
9.0528,0.0288946
9.0543,0.0288876
9.0558,0.0288807
9.0573,0.0288737
9.0588,0.0288668
9.0603,0.0288598
9.0618,0.0288528
9.0633,0.0288458
9.06481,0.0288388
9.06631,0.0288318
9.06781,0.0288248
9.06931,0.0288178
9.07081,0.0288108
9.07231,0.0288037
9.07381,0.0287967
9.07531,0.0287896
9.07681,0.0287826
9.07831,0.0287755
9.07981,0.0287684
9.08131,0.0287613
9.08281,0.0287542
9.08431,0.0287471
9.08581,0.02874
9.08731,0.0287329
9.08881,0.0287258
9.09031,0.0287187
9.09181,0.0287115
9.09331,0.0287044
9.09481,0.0286973
9.09631,0.0286901
9.09781,0.028683
9.09931,0.0286758
9.10081,0.0286686
9.10231,0.0286614
9.10381,0.0286543
9.10531,0.0286471
9.10681,0.0286399
9.10831,0.0286327
9.10981,0.0286255
9.11131,0.0286183
9.11281,0.0286111
9.11431,0.0286039
9.11581,0.0285966
9.11731,0.0285894
9.11881,0.0285822
9.12031,0.028575
9.12181,0.0285677
9.12331,0.0285605
9.12481,0.0285532
9.12631,0.028546
9.12781,0.0285388
9.12931,0.0285315
9.13081,0.0285242
9.13231,0.028517
9.13381,0.0285097
9.13531,0.0285025
9.13681,0.0284952
9.13831,0.0284879
9.13981,0.0284807
9.14131,0.0284734
9.14281,0.0284661
9.14431,0.0284588
9.14581,0.0284515
9.14731,0.0284443
9.14881,0.028437
9.15031,0.0284297
9.15181,0.0284224
9.15331,0.0284151
9.15481,0.0284078
9.15631,0.0284006
9.15781,0.0283933
9.15931,0.028386
9.16081,0.0283787
9.16231,0.0283714
9.16381,0.0283641
9.16531,0.0283568
9.16681,0.0283495
9.16831,0.0283422
9.16981,0.0283349
9.17131,0.0283277
9.17281,0.0283204
9.17431,0.0283131
9.17581,0.0283058
9.17731,0.0282985
9.17881,0.0282912
9.18032,0.0282839
9.18182,0.0282767
9.18332,0.0282694
9.18482,0.0282621
9.18632,0.0282548
9.18782,0.0282475
9.18932,0.0282403
9.19082,0.028233
9.19232,0.0282257
9.19382,0.0282184
9.19532,0.0282112
9.19682,0.0282039
9.19832,0.0281966
9.19982,0.0281894
9.20132,0.0281821
9.20282,0.0281749
9.20432,0.0281676
9.20582,0.0281604
9.20732,0.0281531
9.20882,0.0281459
9.21032,0.0281387
9.21182,0.0281314
9.21332,0.0281242
9.21482,0.028117
9.21632,0.0281097
9.21782,0.0281025
9.21932,0.0280953
9.22082,0.0280881
9.22232,0.0280809
9.22382,0.0280737
9.22532,0.0280665
9.22682,0.0280593
9.22832,0.0280521
9.22982,0.0280449
9.23132,0.0280377
9.23282,0.0280305
9.23432,0.0280234
9.23582,0.0280162
9.23732,0.028009
9.23882,0.0280019
9.24032,0.0279947
9.24182,0.0279876
9.24332,0.0279804
9.24482,0.0279733
9.24632,0.0279662
9.24782,0.027959
9.24932,0.0279519
9.25082,0.0279448
9.25232,0.0279377
9.25382,0.0279306
9.25532,0.0279235
9.25682,0.0279164
9.25832,0.0279093
9.25982,0.0279022
9.26132,0.0278952
9.26282,0.0278881
9.26432,0.027881
9.26582,0.027874
9.26732,0.0278669
9.26882,0.0278599
9.27032,0.0278529
9.27182,0.0278458
9.27332,0.0278388
9.27482,0.0278318
9.27632,0.0278248
9.27782,0.0278178
9.27932,0.0278108
9.28082,0.0278038
9.28232,0.0277968
9.28382,0.0277898
9.28532,0.0277829
9.28682,0.0277759
9.28832,0.0277689
9.28982,0.027762
9.29132,0.0277551
9.29282,0.0277481
9.29432,0.0277412
9.29583,0.0277343
9.29733,0.0277274
9.29883,0.0277205
9.30033,0.0277136
9.30183,0.0277067
9.30333,0.0276998
9.30483,0.0276929
9.30633,0.0276861
9.30783,0.0276792
9.30933,0.0276723
9.31083,0.0276655
9.31233,0.0276587
9.31383,0.0276518
9.31533,0.027645
9.31683,0.0276382
9.31833,0.0276314
9.31983,0.0276246
9.32133,0.0276178
9.32283,0.027611
9.32433,0.0276042
9.32583,0.0275975
9.32733,0.0275907
9.32883,0.0275839
9.33033,0.0275772
9.33183,0.0275705
9.33333,0.0275637
9.33483,0.027557
9.33633,0.0275503
9.33783,0.0275436
9.33933,0.0275369
9.34083,0.0275302
9.34233,0.0275235
9.34383,0.0275168
9.34533,0.0275102
9.34683,0.0275035
9.34833,0.0274969
9.34983,0.0274902
9.35133,0.0274836
9.35283,0.027477
9.35433,0.0274704
9.35583,0.0274637
9.35733,0.0274571
9.35883,0.0274505
9.36033,0.027444
9.36183,0.0274374
9.36333,0.0274308
9.36483,0.0274242
9.36633,0.0274177
9.36783,0.0274111
9.36933,0.0274046
9.37083,0.0273981
9.37233,0.0273915
9.37383,0.027385
9.37533,0.0273785
9.37683,0.027372
9.37833,0.0273655
9.37983,0.027359
9.38133,0.0273526
9.38283,0.0273461
9.38433,0.0273396
9.38583,0.0273332
9.38733,0.0273267
9.38883,0.0273203
9.39033,0.0273139
9.39183,0.0273074
9.39333,0.027301
9.39483,0.0272946
9.39633,0.0272882
9.39783,0.0272818
9.39933,0.0272754
9.40083,0.0272691
9.40233,0.0272627
9.40383,0.0272563
9.40533,0.02725
9.40683,0.0272436
9.40833,0.0272373
9.40983,0.027231
9.41133,0.0272246
9.41284,0.0272183
9.41434,0.027212
9.41584,0.0272057
9.41734,0.0271994
9.41884,0.0271931
9.42034,0.0271868
9.42184,0.0271806
9.42334,0.0271743
9.42484,0.027168
9.42634,0.0271618
9.42784,0.0271556
9.42934,0.0271493
9.43084,0.0271431
9.43234,0.0271369
9.43384,0.0271307
9.43534,0.0271244
9.43684,0.0271182
9.43834,0.0271121
9.43984,0.0271059
9.44134,0.0270997
9.44284,0.0270935
9.44434,0.0270873
9.44584,0.0270812
9.44734,0.027075
9.44884,0.0270689
9.45034,0.0270628
9.45184,0.0270566
9.45334,0.0270505
9.45484,0.0270444
9.45634,0.0270383
9.45784,0.0270322
9.45934,0.0270261
9.46084,0.02702
9.46234,0.0270139
9.46384,0.0270078
9.46534,0.0270017
9.46684,0.0269957
9.46834,0.0269896
9.46984,0.0269836
9.47134,0.0269775
9.47284,0.0269715
9.47434,0.0269654
9.47584,0.0269594
9.47734,0.0269534
9.47884,0.0269474
9.48034,0.0269414
9.48184,0.0269354
9.48334,0.0269294
9.48484,0.0269234
9.48634,0.0269174
9.48784,0.0269114
9.48934,0.0269055
9.49084,0.0268995
9.49234,0.0268935
9.49384,0.0268876
9.49534,0.0268816
9.49684,0.0268757
9.49834,0.0268698
9.49984,0.0268638
9.50134,0.0268579
9.50284,0.026852
9.50434,0.0268461
9.50584,0.0268402
9.50734,0.0268343
9.50884,0.0268284
9.51034,0.0268225
9.51184,0.0268166
9.51334,0.0268107
9.51484,0.0268048
9.51634,0.026799
9.51784,0.0267931
9.51934,0.0267872
9.52084,0.0267814
9.52234,0.0267755
9.52384,0.0267697
9.52534,0.0267639
9.52684,0.026758
9.52835,0.0267522
9.52985,0.0267464
9.53135,0.0267406
9.53285,0.0267348
9.53435,0.0267289
9.53585,0.0267232
9.53735,0.0267174
9.53885,0.0267116
9.54035,0.0267058
9.54185,0.0267
9.54335,0.0266942
9.54485,0.0266885
9.54635,0.0266827
9.54785,0.0266769
9.54935,0.0266712
9.55085,0.0266654
9.55235,0.0266597
9.55385,0.0266539
9.55535,0.0266482
9.55685,0.0266425
9.55835,0.0266367
9.55985,0.026631
9.56135,0.0266253
9.56285,0.0266196
9.56435,0.0266139
9.56585,0.0266082
9.56735,0.0266025
9.56885,0.0265968
9.57035,0.0265911
9.57185,0.0265854
9.57335,0.0265797
9.57485,0.026574
9.57635,0.0265683
9.57785,0.0265627
9.57935,0.026557
9.58085,0.0265513
9.58235,0.0265457
9.58385,0.02654
9.58535,0.0265344
9.58685,0.0265287
9.58835,0.0265231
9.58985,0.0265175
9.59135,0.0265118
9.59285,0.0265062
9.59435,0.0265006
9.59585,0.026495
9.59735,0.0264893
9.59885,0.0264837
9.60035,0.0264781
9.60185,0.0264725
9.60335,0.0264669
9.60485,0.0264613
9.60635,0.0264557
9.60785,0.0264501
9.60935,0.0264445
9.61085,0.026439
9.61235,0.0264334
9.61385,0.0264278
9.61535,0.0264222
9.61685,0.0264166
9.61835,0.0264111
9.61985,0.0264055
9.62135,0.0264
9.62285,0.0263944
9.62435,0.0263889
9.62585,0.0263833
9.62735,0.0263778
9.62885,0.0263722
9.63035,0.0263667
9.63185,0.0263611
9.63335,0.0263556
9.63485,0.0263501
9.63635,0.0263446
9.63785,0.026339
9.63935,0.0263335
9.64085,0.026328
9.64235,0.0263225
9.64386,0.026317
9.64536,0.0263115
9.64686,0.026306
9.64836,0.0263005
9.64986,0.026295
9.65136,0.0262895
9.65286,0.026284
9.65436,0.0262785
9.65586,0.026273
9.65736,0.0262675
9.65886,0.0262621
9.66036,0.0262566
9.66186,0.0262511
9.66336,0.0262456
9.66486,0.0262402
9.66636,0.0262347
9.66786,0.0262293
9.66936,0.0262238
9.67086,0.0262183
9.67236,0.0262129
9.67386,0.0262074
9.67536,0.026202
9.67686,0.0261965
9.67836,0.0261911
9.67986,0.0261857
9.68136,0.0261802
9.68286,0.0261748
9.68436,0.0261694
9.68586,0.0261639
9.68736,0.0261585
9.68886,0.0261531
9.69036,0.0261477
9.69186,0.0261422
9.69336,0.0261368
9.69486,0.0261314
9.69636,0.026126
9.69786,0.0261206
9.69936,0.0261152
9.70086,0.0261098
9.70236,0.0261044
9.70386,0.026099
9.70536,0.0260936
9.70686,0.0260882
9.70836,0.0260828
9.70986,0.0260774
9.71136,0.026072
9.71286,0.0260666
9.71436,0.0260613
9.71586,0.0260559
9.71736,0.0260505
9.71886,0.0260451
9.72036,0.0260397
9.72186,0.0260344
9.72336,0.026029
9.72486,0.0260236
9.72636,0.0260183
9.72786,0.0260129
9.72936,0.0260075
9.73086,0.0260022
9.73236,0.0259968
9.73386,0.0259915
9.73536,0.0259861
9.73686,0.0259808
9.73836,0.0259754
9.73986,0.0259701
9.74136,0.0259647
9.74286,0.0259594
9.74436,0.025954
9.74586,0.0259487
9.74736,0.0259434
9.74886,0.025938
9.75036,0.0259327
9.75186,0.0259274
9.75336,0.025922
9.75486,0.0259167
9.75636,0.0259114
9.75786,0.0259061
9.75937,0.0259007
9.76087,0.0258954
9.76237,0.0258901
9.76387,0.0258848
9.76537,0.0258795
9.76687,0.0258742
9.76837,0.0258688
9.76987,0.0258635
9.77137,0.0258582
9.77287,0.0258529
9.77437,0.0258476
9.77587,0.0258423
9.77737,0.025837
9.77887,0.0258317
9.78037,0.0258264
9.78187,0.0258211
9.78337,0.0258158
9.78487,0.0258105
9.78637,0.0258052
9.78787,0.0257999
9.78937,0.0257947
9.79087,0.0257894
9.79237,0.0257841
9.79387,0.0257788
9.79537,0.0257735
9.79687,0.0257682
9.79837,0.025763
9.79987,0.0257577
9.80137,0.0257524
9.80287,0.0257471
9.80437,0.0257419
9.80587,0.0257366
9.80737,0.0257313
9.80887,0.0257261
9.81037,0.0257208
9.81187,0.0257155
9.81337,0.0257102
9.81487,0.025705
9.81637,0.0256997
9.81787,0.0256945
9.81937,0.0256892
9.82087,0.0256839
9.82237,0.0256787
9.82387,0.0256734
9.82537,0.0256682
9.82687,0.0256629
9.82837,0.0256577
9.82987,0.0256524
9.83137,0.0256472
9.83287,0.0256419
9.83437,0.0256367
9.83587,0.0256314
9.83737,0.0256262
9.83887,0.0256209
9.84037,0.0256157
9.84187,0.0256105
9.84337,0.0256052
9.84487,0.0256
9.84637,0.0255947
9.84787,0.0255895
9.84937,0.0255843
9.85087,0.025579
9.85237,0.0255738
9.85387,0.0255686
9.85537,0.0255633
9.85687,0.0255581
9.85837,0.0255529
9.85987,0.0255477
9.86137,0.0255424
9.86287,0.0255372
9.86437,0.025532
9.86587,0.0255268
9.86737,0.0255216
9.86887,0.0255163
9.87037,0.0255111
9.87187,0.0255059
9.87337,0.0255007
9.87488,0.0254955
9.87638,0.0254902
9.87788,0.025485
9.87938,0.0254798
9.88088,0.0254746
9.88238,0.0254694
9.88388,0.0254642
9.88538,0.025459
9.88688,0.0254538
9.88838,0.0254486
9.88988,0.0254433
9.89138,0.0254381
9.89288,0.0254329
9.89438,0.0254277
9.89588,0.0254225
9.89738,0.0254173
9.89888,0.0254121
9.90038,0.0254069
9.90188,0.0254017
9.90338,0.0253965
9.90488,0.0253913
9.90638,0.0253861
9.90788,0.0253809
9.90938,0.0253757
9.91088,0.0253705
9.91238,0.0253654
9.91388,0.0253602
9.91538,0.025355
9.91688,0.0253498
9.91838,0.0253446
9.91988,0.0253394
9.92138,0.0253342
9.92288,0.025329
9.92438,0.0253238
9.92588,0.0253187
9.92738,0.0253135
9.92888,0.0253083
9.93038,0.0253031
9.93188,0.0252979
9.93338,0.0252927
9.93488,0.0252875
9.93638,0.0252824
9.93788,0.0252772
9.93938,0.025272
9.94088,0.0252668
9.94238,0.0252617
9.94388,0.0252565
9.94538,0.0252513
9.94688,0.0252461
9.94838,0.025241
9.94988,0.0252358
9.95138,0.0252306
9.95288,0.0252254
9.95438,0.0252203
9.95588,0.0252151
9.95738,0.0252099
9.95888,0.0252047
9.96038,0.0251996
9.96188,0.0251944
9.96338,0.0251892
9.96488,0.0251841
9.96638,0.0251789
9.96788,0.0251737
9.96938,0.0251686
9.97088,0.0251634
9.97238,0.0251582
9.97388,0.0251531
9.97538,0.0251479
9.97688,0.0251427
9.97838,0.0251376
9.97988,0.0251324
9.98138,0.0251273
9.98288,0.0251221
9.98438,0.0251169
9.98588,0.0251118
9.98738,0.0251066
9.98888,0.0251015
9.99039,0.0250963
9.99189,0.0250911
9.99339,0.025086
9.99489,0.0250808
9.99639,0.0250757
9.99789,0.0250705
9.99939,0.0250654
10.0009,0.0250602
10.0024,0.0250551
10.0039,0.0250499
10.0054,0.0250448
10.0069,0.0250396
10.0084,0.0250345
10.0099,0.0250293
10.0114,0.0250241
10.0129,0.025019
10.0144,0.0250139
10.0159,0.0250087
10.0174,0.0250036
10.0189,0.0249984
10.0204,0.0249933
10.0219,0.0249881
10.0234,0.024983
10.0249,0.0249778
10.0264,0.0249727
10.0279,0.0249675
10.0294,0.0249624
10.0309,0.0249572
10.0324,0.0249521
10.0339,0.024947
10.0354,0.0249418
10.0369,0.0249367
10.0384,0.0249315
10.0399,0.0249264
10.0414,0.0249213
10.0429,0.0249161
10.0444,0.024911
10.0459,0.0249058
10.0474,0.0249007
10.0489,0.0248956
10.0504,0.0248904
10.0519,0.0248853
10.0534,0.0248801
10.0549,0.024875
10.0564,0.0248699
10.0579,0.0248647
10.0594,0.0248596
10.0609,0.0248545
10.0624,0.0248493
10.0639,0.0248442
10.0654,0.0248391
10.0669,0.0248339
10.0684,0.0248288
10.0699,0.0248237
10.0714,0.0248185
10.0729,0.0248134
10.0744,0.0248083
10.0759,0.0248031
10.0774,0.024798
10.0789,0.0247929
10.0804,0.0247878
10.0819,0.0247826
10.0834,0.0247775
10.0849,0.0247724
10.0864,0.0247672
10.0879,0.0247621
10.0894,0.024757
10.0909,0.0247519
10.0924,0.0247467
10.0939,0.0247416
10.0954,0.0247365
10.0969,0.0247313
10.0984,0.0247262
10.0999,0.0247211
10.1014,0.024716
10.1029,0.0247108
10.1044,0.0247057
10.1059,0.0247006
10.1074,0.0246955
10.1089,0.0246904
10.1104,0.0246852
10.1119,0.0246801
10.1134,0.024675
10.1149,0.0246699
10.1164,0.0246647
10.1179,0.0246596
10.1194,0.0246545
10.1209,0.0246494
10.1224,0.0246443
10.1239,0.0246391
10.1254,0.024634
10.1269,0.0246289
10.1284,0.0246238
10.1299,0.0246187
10.1314,0.0246136
10.1329,0.0246084
10.1344,0.0246033
10.1359,0.0245982
10.1374,0.0245931
10.1389,0.024588
10.1404,0.0245829
10.1419,0.0245777
10.1434,0.0245726
10.1449,0.0245675
10.1464,0.0245624
10.1479,0.0245573
10.1494,0.0245522
10.1509,0.0245471
10.1524,0.0245419
10.1539,0.0245368
10.1554,0.0245317
10.1569,0.0245266
10.1584,0.0245215
10.1599,0.0245164
10.1614,0.0245113
10.1629,0.0245062
10.1644,0.024501
10.1659,0.0244959
10.1674,0.0244908
10.1689,0.0244857
10.1704,0.0244806
10.1719,0.0244755
10.1734,0.0244704
10.1749,0.0244653
10.1764,0.0244602
10.1779,0.0244551
10.1794,0.02445
10.1809,0.0244449
10.1824,0.0244397
10.1839,0.0244346
10.1854,0.0244295
10.1869,0.0244244
10.1884,0.0244193
10.1899,0.0244142
10.1914,0.0244091
10.1929,0.024404
10.1944,0.0243989
10.1959,0.0243938
10.1974,0.0243887
10.1989,0.0243836
10.2004,0.0243785
10.2019,0.0243734
10.2034,0.0243683
10.2049,0.0243632
10.2064,0.0243581
10.2079,0.024353
10.2094,0.0243479
10.2109,0.0243428
10.2124,0.0243377
10.2139,0.0243326
10.2154,0.0243275
10.2169,0.0243224
10.2184,0.0243173
10.2199,0.0243122
10.2214,0.0243071
10.2229,0.024302
10.2244,0.0242969
10.2259,0.0242918
10.2274,0.0242867
10.2289,0.0242816
10.2304,0.0242765
10.2319,0.0242714
10.2334,0.0242663
10.2349,0.0242612
10.2364,0.0242561
10.2379,0.024251
10.2394,0.0242459
10.2409,0.0242408
10.2424,0.0242357
10.2439,0.0242306
10.2454,0.0242255
10.2469,0.0242205
10.2484,0.0242154
10.2499,0.0242103
10.2514,0.0242052
10.2529,0.0242001
10.2544,0.024195
10.2559,0.0241899
10.2574,0.0241848
10.2589,0.0241797
10.2604,0.0241746
10.2619,0.0241695
10.2634,0.0241644
10.2649,0.0241594
10.2664,0.0241543
10.2679,0.0241492
10.2694,0.0241441
10.2709,0.024139
10.2724,0.0241339
10.2739,0.0241288
10.2754,0.0241237
10.2769,0.0241186
10.2784,0.0241136
10.2799,0.0241085
10.2814,0.0241034
10.2829,0.0240983
10.2844,0.0240932
10.2859,0.0240881
10.2874,0.024083
10.2889,0.024078
10.2904,0.0240729
10.2919,0.0240678
10.2934,0.0240627
10.2949,0.0240576
10.2964,0.0240525
10.2979,0.0240475
10.2994,0.0240424
10.3009,0.0240373
10.3024,0.0240322
10.3039,0.0240271
10.3054,0.024022
10.3069,0.024017
10.3084,0.0240119
10.3099,0.0240068
10.3114,0.0240017
10.3129,0.0239966
10.3144,0.0239916
10.3159,0.0239865
10.3174,0.0239814
10.3189,0.0239763
10.3204,0.0239713
10.3219,0.0239662
10.3234,0.0239611
10.3249,0.023956
10.3264,0.0239509
10.3279,0.0239459
10.3294,0.0239408
10.3309,0.0239357
10.3324,0.0239306
10.3339,0.0239256
10.3354,0.0239205
10.3369,0.0239154
10.3384,0.0239103
10.3399,0.0239053
10.3414,0.0239002
10.3429,0.0238951
10.3444,0.0238901
10.3459,0.023885
10.3474,0.0238799
10.3489,0.0238748
10.3504,0.0238698
10.3519,0.0238647
10.3534,0.0238596
10.3549,0.0238546
10.3564,0.0238495
10.3579,0.0238444
10.3594,0.0238393
10.3609,0.0238343
10.3624,0.0238292
10.3639,0.0238241
10.3654,0.0238191
10.3669,0.023814
10.3684,0.0238089
10.3699,0.0238039
10.3714,0.0237988
10.3729,0.0237937
10.3744,0.0237887
10.3759,0.0237836
10.3774,0.0237785
10.3789,0.0237735
10.3804,0.0237684
10.3819,0.0237633
10.3834,0.0237583
10.3849,0.0237532
10.3864,0.0237482
10.3879,0.0237431
10.3894,0.023738
10.3909,0.023733
10.3924,0.0237279
10.3939,0.0237228
10.3954,0.0237178
10.3969,0.0237127
10.3984,0.0237077
10.3999,0.0237026
10.4014,0.0236975
10.4029,0.0236925
10.4044,0.0236874
10.4059,0.0236824
10.4074,0.0236773
10.4089,0.0236723
10.4104,0.0236672
10.4119,0.0236621
10.4134,0.0236571
10.4149,0.023652
10.4164,0.023647
10.4179,0.0236419
10.4194,0.0236369
10.4209,0.0236318
10.4224,0.0236267
10.4239,0.0236217
10.4254,0.0236166
10.4269,0.0236116
10.4284,0.0236065
10.4299,0.0236015
10.4314,0.0235964
10.4329,0.0235914
10.4344,0.0235863
10.4359,0.0235813
10.4374,0.0235762
10.4389,0.0235712
10.4404,0.0235661
10.4419,0.0235611
10.4434,0.023556
10.4449,0.023551
10.4464,0.0235459
10.4479,0.0235409
10.4494,0.0235358
10.4509,0.0235308
10.4524,0.0235257
10.4539,0.0235207
10.4554,0.0235156
10.4569,0.0235106
10.4584,0.0235055
10.4599,0.0235005
10.4614,0.0234954
10.4629,0.0234904
10.4644,0.0234854
10.4659,0.0234803
10.4674,0.0234753
10.4689,0.0234702
10.4704,0.0234652
10.4719,0.0234601
10.4734,0.0234551
10.4749,0.0234501
10.4764,0.023445
10.4779,0.02344
10.4794,0.0234349
10.4809,0.0234299
10.4824,0.0234249
10.4839,0.0234198
10.4854,0.0234148
10.4869,0.0234097
10.4884,0.0234047
10.4899,0.0233997
10.4914,0.0233946
10.4929,0.0233896
10.4944,0.0233846
10.4959,0.0233795
10.4974,0.0233745
10.4989,0.0233694
10.5004,0.0233644
10.5019,0.0233594
10.5034,0.0233543
10.5049,0.0233493
10.5064,0.0233443
10.5079,0.0233392
10.5094,0.0233342
10.5109,0.0233292
10.5124,0.0233242
10.5139,0.0233191
10.5154,0.0233141
10.5169,0.0233091
10.5184,0.023304
10.5199,0.023299
10.5214,0.023294
10.5229,0.0232889
10.5244,0.0232839
10.5259,0.0232789
10.5274,0.0232739
10.5289,0.0232688
10.5304,0.0232638
10.5319,0.0232588
10.5334,0.0232538
10.5349,0.0232487
10.5364,0.0232437
10.5379,0.0232387
10.5394,0.0232337
10.5409,0.0232286
10.5424,0.0232236
10.5439,0.0232186
10.5454,0.0232136
10.5469,0.0232085
10.5484,0.0232035
10.5499,0.0231985
10.5514,0.0231935
10.5529,0.0231885
10.5544,0.0231834
10.5559,0.0231784
10.5574,0.0231734
10.5589,0.0231684
10.5604,0.0231634
10.5619,0.0231584
10.5634,0.0231533
10.5649,0.0231483
10.5664,0.0231433
10.5679,0.0231383
10.5694,0.0231333
10.5709,0.0231283
10.5724,0.0231232
10.5739,0.0231182
10.5754,0.0231132
10.5769,0.0231082
10.5784,0.0231032
10.5799,0.0230982
10.5814,0.0230932
10.5829,0.0230882
10.5844,0.0230832
10.5859,0.0230781
10.5874,0.0230731
10.5889,0.0230681
10.5904,0.0230631
10.5919,0.0230581
10.5934,0.0230531
10.5949,0.0230481
10.5964,0.0230431
10.5979,0.0230381
10.5994,0.0230331
10.6009,0.0230281
10.6024,0.0230231
10.6039,0.0230181
10.6054,0.023013
10.6069,0.023008
10.6084,0.023003
10.6099,0.022998
10.6114,0.022993
10.6129,0.022988
10.6144,0.022983
10.6159,0.022978
10.6174,0.022973
10.6189,0.022968
10.6204,0.022963
10.6219,0.022958
10.6234,0.022953
10.6249,0.022948
10.6264,0.022943
10.6279,0.022938
10.6294,0.022933
10.6309,0.022928
10.6324,0.0229231
10.6339,0.0229181
10.6354,0.0229131
10.6369,0.0229081
10.6384,0.0229031
10.6399,0.0228981
10.6414,0.0228931
10.6429,0.0228881
10.6444,0.0228831
10.6459,0.0228781
10.6474,0.0228731
10.6489,0.0228681
10.6504,0.0228631
10.6519,0.0228581
10.6534,0.0228532
10.6549,0.0228482
10.6564,0.0228432
10.6579,0.0228382
10.6594,0.0228332
10.6609,0.0228282
10.6624,0.0228232
10.6639,0.0228182
10.6654,0.0228133
10.6669,0.0228083
10.6684,0.0228033
10.6699,0.0227983
10.6714,0.0227933
10.6729,0.0227883
10.6744,0.0227834
10.6759,0.0227784
10.6774,0.0227734
10.6789,0.0227684
10.6804,0.0227634
10.6819,0.0227584
10.6834,0.0227535
10.6849,0.0227485
10.6864,0.0227435
10.6879,0.0227385
10.6894,0.0227335
10.6909,0.0227286
10.6924,0.0227236
10.6939,0.0227186
10.6954,0.0227136
10.6969,0.0227087
10.6984,0.0227037
10.6999,0.0226987
10.7014,0.0226937
10.7029,0.0226888
10.7044,0.0226838
10.7059,0.0226788
10.7074,0.0226738
10.7089,0.0226689
10.7104,0.0226639
10.7119,0.0226589
10.7134,0.022654
10.7149,0.022649
10.7164,0.022644
10.7179,0.022639
10.7194,0.0226341
10.7209,0.0226291
10.7224,0.0226241
10.7239,0.0226192
10.7254,0.0226142
10.7269,0.0226092
10.7284,0.0226043
10.7299,0.0225993
10.7314,0.0225943
10.7329,0.0225894
10.7344,0.0225844
10.7359,0.0225794
10.7374,0.0225745
10.7389,0.0225695
10.7404,0.0225645
10.742,0.0225596
10.7435,0.0225546
10.745,0.0225497
10.7465,0.0225447
10.748,0.0225397
10.7495,0.0225348
10.751,0.0225298
10.7525,0.0225249
10.754,0.0225199
10.7555,0.0225149
10.757,0.02251
10.7585,0.022505
10.76,0.0225001
10.7615,0.0224951
10.763,0.0224901
10.7645,0.0224852
10.766,0.0224802
10.7675,0.0224753
10.769,0.0224703
10.7705,0.0224654
10.772,0.0224604
10.7735,0.0224555
10.775,0.0224505
10.7765,0.0224456
10.778,0.0224406
10.7795,0.0224356
10.781,0.0224307
10.7825,0.0224257
10.784,0.0224208
10.7855,0.0224158
10.787,0.0224109
10.7885,0.0224059
10.79,0.022401
10.7915,0.022396
10.793,0.0223911
10.7945,0.0223861
10.796,0.0223812
10.7975,0.0223762
10.799,0.0223713
10.8005,0.0223664
10.802,0.0223614
10.8035,0.0223565
10.805,0.0223515
10.8065,0.0223466
10.808,0.0223416
10.8095,0.0223367
10.811,0.0223317
10.8125,0.0223268
10.814,0.0223218
10.8155,0.0223169
10.817,0.022312
10.8185,0.022307
10.82,0.0223021
10.8215,0.0222971
10.823,0.0222922
10.8245,0.0222873
10.826,0.0222823
10.8275,0.0222774
10.829,0.0222724
10.8305,0.0222675
10.832,0.0222626
10.8335,0.0222576
10.835,0.0222527
10.8365,0.0222477
10.838,0.0222428
10.8395,0.0222379
10.841,0.0222329
10.8425,0.022228
10.844,0.022223
10.8455,0.0222181
10.847,0.0222132
10.8485,0.0222082
10.85,0.0222033
10.8515,0.0221984
10.853,0.0221934
10.8545,0.0221885
10.856,0.0221836
10.8575,0.0221786
10.859,0.0221737
10.8605,0.0221688
10.862,0.0221638
10.8635,0.0221589
10.865,0.022154
10.8665,0.022149
10.868,0.0221441
10.8695,0.0221392
10.871,0.0221342
10.8725,0.0221293
10.874,0.0221244
10.8755,0.0221194
10.877,0.0221145
10.8785,0.0221096
10.88,0.0221046
10.8815,0.0220997
10.883,0.0220948
10.8845,0.0220899
10.886,0.0220849
10.8875,0.02208
10.889,0.0220751
10.8905,0.0220701
10.892,0.0220652
10.8935,0.0220603
10.895,0.0220554
10.8965,0.0220504
10.898,0.0220455
10.8995,0.0220406
10.901,0.0220356
10.9025,0.0220307
10.904,0.0220258
10.9055,0.0220209
10.907,0.0220159
10.9085,0.022011
10.91,0.0220061
10.9115,0.0220012
10.913,0.0219962
10.9145,0.0219913
10.916,0.0219864
10.9175,0.0219815
10.919,0.0219765
10.9205,0.0219716
10.922,0.0219667
10.9235,0.0219618
10.925,0.0219568
10.9265,0.0219519
10.928,0.021947
10.9295,0.0219421
10.931,0.0219371
10.9325,0.0219322
10.934,0.0219273
10.9355,0.0219224
10.937,0.0219174
10.9385,0.0219125
10.94,0.0219076
10.9415,0.0219027
10.943,0.0218978
10.9445,0.0218928
10.946,0.0218879
10.9475,0.021883
10.949,0.0218781
10.9505,0.0218731
10.952,0.0218682
10.9535,0.0218633
10.955,0.0218584
10.9565,0.0218535
10.958,0.0218485
10.9595,0.0218436
10.961,0.0218387
10.9625,0.0218338
10.964,0.0218288
10.9655,0.0218239
10.967,0.021819
10.9685,0.0218141
10.97,0.0218092
10.9715,0.0218042
10.973,0.0217993
10.9745,0.0217944
10.976,0.0217895
10.9775,0.0217846
10.979,0.0217796
10.9805,0.0217747
10.982,0.0217698
10.9835,0.0217649
10.985,0.02176
10.9865,0.0217551
10.988,0.0217501
10.9895,0.0217452
10.991,0.0217403
10.9925,0.0217354
10.994,0.0217305
10.9955,0.0217255
10.997,0.0217206
10.9985,0.0217157
11,0.0217108
11.0015,0.0217059
11.003,0.0217009
11.0045,0.021696
11.006,0.0216911
11.0075,0.0216862
11.009,0.0216813
11.0105,0.0216764
11.012,0.0216714
11.0135,0.0216665
11.015,0.0216616
11.0165,0.0216567
11.018,0.0216518
11.0195,0.0216469
11.021,0.0216419
11.0225,0.021637
11.024,0.0216321
11.0255,0.0216272
11.027,0.0216223
11.0285,0.0216174
11.03,0.0216124
11.0315,0.0216075
11.033,0.0216026
11.0345,0.0215977
11.036,0.0215928
11.0375,0.0215879
11.039,0.021583
11.0405,0.021578
11.042,0.0215731
11.0435,0.0215682
11.045,0.0215633
11.0465,0.0215584
11.048,0.0215535
11.0495,0.0215486
11.051,0.0215436
11.0525,0.0215387
11.054,0.0215338
11.0555,0.0215289
11.057,0.021524
11.0585,0.0215191
11.06,0.0215142
11.0615,0.0215092
11.063,0.0215043
11.0645,0.0214994
11.066,0.0214945
11.0675,0.0214896
11.069,0.0214847
11.0705,0.0214798
11.072,0.0214749
11.0735,0.0214699
11.075,0.021465
11.0765,0.0214601
11.078,0.0214552
11.0795,0.0214503
11.081,0.0214454
11.0825,0.0214405
11.084,0.0214356
11.0855,0.0214307
11.087,0.0214257
11.0885,0.0214208
11.09,0.0214159
11.0915,0.021411
11.093,0.0214061
11.0945,0.0214012
11.096,0.0213963
11.0975,0.0213914
11.099,0.0213865
11.1005,0.0213815
11.102,0.0213766
11.1035,0.0213717
11.105,0.0213668
11.1065,0.0213619
11.108,0.021357
11.1095,0.0213521
11.111,0.0213472
11.1125,0.0213423
11.114,0.0213374
11.1155,0.0213325
11.117,0.0213276
11.1185,0.0213226
11.12,0.0213177
11.1215,0.0213128
11.123,0.0213079
11.1245,0.021303
11.126,0.0212981
11.1275,0.0212932
11.129,0.0212883
11.1305,0.0212834
11.132,0.0212785
11.1335,0.0212736
11.135,0.0212687
11.1365,0.0212637
11.138,0.0212588
11.1395,0.0212539
11.141,0.021249
11.1425,0.0212441
11.144,0.0212392
11.1455,0.0212343
11.147,0.0212294
11.1485,0.0212245
11.15,0.0212196
11.1515,0.0212147
11.153,0.0212098
11.1545,0.0212049
11.156,0.0212
11.1575,0.0211951
11.159,0.0211902
11.1605,0.0211852
11.162,0.0211803
11.1635,0.0211754
11.165,0.0211705
11.1665,0.0211656
11.168,0.0211607
11.1695,0.0211558
11.171,0.0211509
11.1725,0.021146
11.174,0.0211411
11.1755,0.0211362
11.177,0.0211313
11.1785,0.0211264
11.18,0.0211215
11.1815,0.0211166
11.183,0.0211117
11.1845,0.0211068
11.186,0.0211019
11.1875,0.021097
11.189,0.0210921
11.1905,0.0210872
11.192,0.0210823
11.1935,0.0210774
11.195,0.0210725
11.1965,0.0210676
11.198,0.0210627
11.1995,0.0210578
11.201,0.0210529
11.2025,0.021048
11.204,0.0210431
11.2055,0.0210381
11.207,0.0210332
11.2085,0.0210283
11.21,0.0210234
11.2115,0.0210185
11.213,0.0210136
11.2145,0.0210087
11.216,0.0210038
11.2175,0.0209989
11.219,0.020994
11.2205,0.0209891
11.222,0.0209842
11.2235,0.0209793
11.225,0.0209744
11.2265,0.0209695
11.228,0.0209646
11.2295,0.0209597
11.231,0.0209548
11.2325,0.0209499
11.234,0.020945
11.2355,0.0209401
11.237,0.0209352
11.2385,0.0209303
11.24,0.0209254
11.2415,0.0209205
11.243,0.0209156
11.2445,0.0209107
11.246,0.0209058
11.2475,0.0209009
11.249,0.0208961
11.2505,0.0208912
11.252,0.0208863
11.2535,0.0208814
11.255,0.0208765
11.2565,0.0208716
11.258,0.0208667
11.2595,0.0208618
11.261,0.0208569
11.2625,0.020852
11.264,0.0208471
11.2655,0.0208422
11.267,0.0208373
11.2685,0.0208324
11.27,0.0208275
11.2715,0.0208226
11.273,0.0208177
11.2745,0.0208128
11.276,0.0208079
11.2775,0.020803
11.279,0.0207981
11.2805,0.0207932
11.282,0.0207883
11.2835,0.0207834
11.285,0.0207785
11.2865,0.0207736
11.288,0.0207687
11.2895,0.0207638
11.291,0.020759
11.2925,0.0207541
11.294,0.0207492
11.2955,0.0207443
11.297,0.0207394
11.2985,0.0207345
11.3,0.0207296
11.3015,0.0207247
11.303,0.0207198
11.3045,0.0207149
11.306,0.02071
11.3075,0.0207051
11.309,0.0207002
11.3105,0.0206953
11.312,0.0206904
11.3135,0.0206855
11.315,0.0206807
11.3165,0.0206758
11.318,0.0206709
11.3195,0.020666
11.321,0.0206611
11.3225,0.0206562
11.324,0.0206513
11.3255,0.0206464
11.327,0.0206415
11.3285,0.0206366
11.33,0.0206317
11.3315,0.0206268
11.333,0.0206219
11.3345,0.0206171
11.336,0.0206122
11.3375,0.0206073
11.339,0.0206024
11.3405,0.0205975
11.342,0.0205926
11.3435,0.0205877
11.345,0.0205828
11.3465,0.0205779
11.348,0.020573
11.3495,0.0205681
11.351,0.0205633
11.3525,0.0205584
11.354,0.0205535
11.3555,0.0205486
11.357,0.0205437
11.3585,0.0205388
11.36,0.0205339
11.3615,0.020529
11.363,0.0205241
11.3645,0.0205193
11.366,0.0205144
11.3675,0.0205095
11.369,0.0205046
11.3705,0.0204997
11.372,0.0204948
11.3735,0.0204899
11.375,0.020485
11.3765,0.0204801
11.378,0.0204753
11.3795,0.0204704
11.381,0.0204655
11.3825,0.0204606
11.384,0.0204557
11.3855,0.0204508
11.387,0.0204459
11.3885,0.0204411
11.39,0.0204362
11.3915,0.0204313
11.393,0.0204264
11.3945,0.0204215
11.396,0.0204166
11.3975,0.0204117
11.399,0.0204068
11.4005,0.020402
11.402,0.0203971
11.4035,0.0203922
11.405,0.0203873
11.4065,0.0203824
11.408,0.0203775
11.4095,0.0203727
11.411,0.0203678
11.4125,0.0203629
11.414,0.020358
11.4155,0.0203531
11.417,0.0203482
11.4185,0.0203433
11.42,0.0203385
11.4215,0.0203336
11.423,0.0203287
11.4245,0.0203238
11.426,0.0203189
11.4275,0.020314
11.429,0.0203092
11.4305,0.0203043
11.432,0.0202994
11.4335,0.0202945
11.435,0.0202896
11.4365,0.0202847
11.438,0.0202799
11.4395,0.020275
11.441,0.0202701
11.4425,0.0202652
11.444,0.0202603
11.4455,0.0202554
11.447,0.0202506
11.4485,0.0202457
11.45,0.0202408
11.4515,0.0202359
11.453,0.020231
11.4545,0.0202262
11.456,0.0202213
11.4575,0.0202164
11.459,0.0202115
11.4605,0.0202066
11.462,0.0202018
11.4635,0.0201969
11.465,0.020192
11.4665,0.0201871
11.468,0.0201822
11.4695,0.0201774
11.471,0.0201725
11.4725,0.0201676
11.474,0.0201627
11.4755,0.0201578
11.477,0.020153
11.4785,0.0201481
11.48,0.0201432
11.4815,0.0201383
11.483,0.0201334
11.4845,0.0201286
11.486,0.0201237
11.4875,0.0201188
11.489,0.0201139
11.4905,0.020109
11.492,0.0201042
11.4935,0.0200993
11.495,0.0200944
11.4965,0.0200895
11.498,0.0200847
11.4995,0.0200798
11.501,0.0200749
11.5025,0.02007
11.504,0.0200652
11.5055,0.0200603
11.507,0.0200554
11.5085,0.0200505
11.51,0.0200457
11.5115,0.0200408
11.513,0.0200359
11.5145,0.020031
11.516,0.0200261
11.5175,0.0200213
11.519,0.0200164
11.5205,0.0200115
11.522,0.0200066
11.5235,0.0200018
11.525,0.0199969
11.5265,0.019992
11.528,0.0199871
11.5295,0.0199823
11.531,0.0199774
11.5325,0.0199725
11.534,0.0199676
11.5355,0.0199628
11.537,0.0199579
11.5385,0.019953
11.54,0.0199482
11.5415,0.0199433
11.543,0.0199384
11.5445,0.0199335
11.546,0.0199287
11.5475,0.0199238
11.549,0.0199189
11.5505,0.019914
11.552,0.0199092
11.5535,0.0199043
11.555,0.0198994
11.5565,0.0198946
11.558,0.0198897
11.5595,0.0198848
11.561,0.0198799
11.5625,0.0198751
11.564,0.0198702
11.5655,0.0198653
11.567,0.0198605
11.5685,0.0198556
11.57,0.0198507
11.5715,0.0198458
11.573,0.019841
11.5745,0.0198361
11.576,0.0198312
11.5775,0.0198264
11.579,0.0198215
11.5805,0.0198166
11.582,0.0198118
11.5835,0.0198069
11.585,0.019802
11.5865,0.0197971
11.588,0.0197923
11.5895,0.0197874
11.591,0.0197825
11.5925,0.0197777
11.594,0.0197728
11.5955,0.0197679
11.597,0.0197631
11.5985,0.0197582
11.6,0.0197533
11.6015,0.0197485
11.603,0.0197436
11.6045,0.0197387
11.606,0.0197339
11.6075,0.019729
11.609,0.0197241
11.6105,0.0197193
11.612,0.0197144
11.6135,0.0197095
11.615,0.0197047
11.6165,0.0196998
11.618,0.0196949
11.6195,0.0196901
11.621,0.0196852
11.6225,0.0196803
11.624,0.0196755
11.6255,0.0196706
11.627,0.0196657
11.6285,0.0196609
11.63,0.019656
11.6315,0.0196511
11.633,0.0196463
11.6345,0.0196414
11.636,0.0196365
11.6375,0.0196317
11.639,0.0196268
11.6405,0.0196219
11.642,0.0196171
11.6435,0.0196122
11.645,0.0196074
11.6465,0.0196025
11.648,0.0195976
11.6495,0.0195928
11.651,0.0195879
11.6525,0.019583
11.654,0.0195782
11.6555,0.0195733
11.657,0.0195685
11.6585,0.0195636
11.66,0.0195587
11.6615,0.0195539
11.663,0.019549
11.6645,0.0195441
11.666,0.0195393
11.6675,0.0195344
11.669,0.0195296
11.6705,0.0195247
11.672,0.0195198
11.6735,0.019515
11.675,0.0195101
11.6765,0.0195052
11.678,0.0195004
11.6795,0.0194955
11.681,0.0194907
11.6825,0.0194858
11.684,0.0194809
11.6855,0.0194761
11.687,0.0194712
11.6885,0.0194664
11.69,0.0194615
11.6915,0.0194567
11.693,0.0194518
11.6945,0.0194469
11.696,0.0194421
11.6975,0.0194372
11.699,0.0194324
11.7005,0.0194275
11.702,0.0194226
11.7035,0.0194178
11.705,0.0194129
11.7065,0.0194081
11.708,0.0194032
11.7095,0.0193984
11.711,0.0193935
11.7125,0.0193886
11.714,0.0193838
11.7155,0.0193789
11.717,0.0193741
11.7185,0.0193692
11.72,0.0193644
11.7215,0.0193595
11.723,0.0193546
11.7245,0.0193498
11.726,0.0193449
11.7275,0.0193401
11.729,0.0193352
11.7305,0.0193304
11.732,0.0193255
11.7335,0.0193207
11.735,0.0193158
11.7365,0.019311
11.738,0.0193061
11.7395,0.0193012
11.741,0.0192964
11.7425,0.0192915
11.744,0.0192867
11.7455,0.0192818
11.747,0.019277
11.7485,0.0192721
11.75,0.0192673
11.7515,0.0192624
11.753,0.0192576
11.7545,0.0192527
11.756,0.0192479
11.7575,0.019243
11.759,0.0192382
11.7605,0.0192333
11.762,0.0192284
11.7635,0.0192236
11.765,0.0192187
11.7665,0.0192139
11.768,0.019209
11.7695,0.0192042
11.771,0.0191993
11.7725,0.0191945
11.774,0.0191896
11.7755,0.0191848
11.777,0.0191799
11.7785,0.0191751
11.78,0.0191702
11.7815,0.0191654
11.783,0.0191605
11.7845,0.0191557
11.786,0.0191508
11.7875,0.019146
11.789,0.0191411
11.7905,0.0191363
11.792,0.0191314
11.7935,0.0191266
11.795,0.0191218
11.7965,0.0191169
11.798,0.0191121
11.7995,0.0191072
11.801,0.0191024
11.8025,0.0190975
11.804,0.0190927
11.8055,0.0190878
11.807,0.019083
11.8085,0.0190781
11.81,0.0190733
11.8115,0.0190684
11.813,0.0190636
11.8145,0.0190587
11.816,0.0190539
11.8175,0.019049
11.819,0.0190442
11.8205,0.0190394
11.822,0.0190345
11.8235,0.0190297
11.825,0.0190248
11.8265,0.01902
11.828,0.0190151
11.8295,0.0190103
11.831,0.0190054
11.8325,0.0190006
11.834,0.0189958
11.8355,0.0189909
11.837,0.0189861
11.8385,0.0189812
11.84,0.0189764
11.8415,0.0189715
11.843,0.0189667
11.8445,0.0189619
11.846,0.018957
11.8475,0.0189522
11.849,0.0189473
11.8505,0.0189425
11.852,0.0189376
11.8535,0.0189328
11.855,0.018928
11.8565,0.0189231
11.858,0.0189183
11.8595,0.0189134
11.861,0.0189086
11.8625,0.0189038
11.864,0.0188989
11.8655,0.0188941
11.867,0.0188892
11.8685,0.0188844
11.87,0.0188796
11.8715,0.0188747
11.873,0.0188699
11.8745,0.018865
11.876,0.0188602
11.8775,0.0188554
11.879,0.0188505
11.8805,0.0188457
11.882,0.0188408
11.8835,0.018836
11.885,0.0188312
11.8865,0.0188263
11.888,0.0188215
11.8895,0.0188166
11.891,0.0188118
11.8925,0.018807
11.894,0.0188021
11.8955,0.0187973
11.897,0.0187925
11.8986,0.0187876
11.9001,0.0187828
11.9016,0.018778
11.9031,0.0187731
11.9046,0.0187683
11.9061,0.0187634
11.9076,0.0187586
11.9091,0.0187538
11.9106,0.0187489
11.9121,0.0187441
11.9136,0.0187393
11.9151,0.0187344
11.9166,0.0187296
11.9181,0.0187248
11.9196,0.0187199
11.9211,0.0187151
11.9226,0.0187103
11.9241,0.0187054
11.9256,0.0187006
11.9271,0.0186958
11.9286,0.0186909
11.9301,0.0186861
11.9316,0.0186813
11.9331,0.0186764
11.9346,0.0186716
11.9361,0.0186668
11.9376,0.0186619
11.9391,0.0186571
11.9406,0.0186523
11.9421,0.0186474
11.9436,0.0186426
11.9451,0.0186378
11.9466,0.018633
11.9481,0.0186281
11.9496,0.0186233
11.9511,0.0186185
11.9526,0.0186136
11.9541,0.0186088
11.9556,0.018604
11.9571,0.0185991
11.9586,0.0185943
11.9601,0.0185895
11.9616,0.0185847
11.9631,0.0185798
11.9646,0.018575
11.9661,0.0185702
11.9676,0.0185653
11.9691,0.0185605
11.9706,0.0185557
11.9721,0.0185509
11.9736,0.018546
11.9751,0.0185412
11.9766,0.0185364
11.9781,0.0185315
11.9796,0.0185267
11.9811,0.0185219
11.9826,0.0185171
11.9841,0.0185122
11.9856,0.0185074
11.9871,0.0185026
11.9886,0.0184978
11.9901,0.0184929
11.9916,0.0184881
11.9931,0.0184833
11.9946,0.0184785
11.9961,0.0184736
11.9976,0.0184688
11.9991,0.018464
12.0006,0.0184592
12.0021,0.0184543
12.0036,0.0184495
12.0051,0.0184447
12.0066,0.0184399
12.0081,0.018435
12.0096,0.0184302
12.0111,0.0184254
12.0126,0.0184206
12.0141,0.0184158
12.0156,0.0184109
12.0171,0.0184061
12.0186,0.0184013
12.0201,0.0183965
12.0216,0.0183916
12.0231,0.0183868
12.0246,0.018382
12.0261,0.0183772
12.0276,0.0183724
12.0291,0.0183675
12.0306,0.0183627
12.0321,0.0183579
12.0336,0.0183531
12.0351,0.0183483
12.0366,0.0183434
12.0381,0.0183386
12.0396,0.0183338
12.0411,0.018329
12.0426,0.0183242
12.0441,0.0183193
12.0456,0.0183145
12.0471,0.0183097
12.0486,0.0183049
12.0501,0.0183001
12.0516,0.0182953
12.0531,0.0182904
12.0546,0.0182856
12.0561,0.0182808
12.0576,0.018276
12.0591,0.0182712
12.0606,0.0182664
12.0621,0.0182615
12.0636,0.0182567
12.0651,0.0182519
12.0666,0.0182471
12.0681,0.0182423
12.0696,0.0182375
12.0711,0.0182326
12.0726,0.0182278
12.0741,0.018223
12.0756,0.0182182
12.0771,0.0182134
12.0786,0.0182086
12.0801,0.0182038
12.0816,0.0181989
12.0831,0.0181941
12.0846,0.0181893
12.0861,0.0181845
12.0876,0.0181797
12.0891,0.0181749
12.0906,0.0181701
12.0921,0.0181653
12.0936,0.0181604
12.0951,0.0181556
12.0966,0.0181508
12.0981,0.018146
12.0996,0.0181412
12.1011,0.0181364
12.1026,0.0181316
12.1041,0.0181268
12.1056,0.018122
12.1071,0.0181171
12.1086,0.0181123
12.1101,0.0181075
12.1116,0.0181027
12.1131,0.0180979
12.1146,0.0180931
12.1161,0.0180883
12.1176,0.0180835
12.1191,0.0180787
12.1206,0.0180739
12.1221,0.0180691
12.1236,0.0180642
12.1251,0.0180594
12.1266,0.0180546
12.1281,0.0180498
12.1296,0.018045
12.1311,0.0180402
12.1326,0.0180354
12.1341,0.0180306
12.1356,0.0180258
12.1371,0.018021
12.1386,0.0180162
12.1401,0.0180114
12.1416,0.0180066
12.1431,0.0180018
12.1446,0.017997
12.1461,0.0179922
12.1476,0.0179874
12.1491,0.0179825
12.1506,0.0179777
12.1521,0.0179729
12.1536,0.0179681
12.1551,0.0179633
12.1566,0.0179585
12.1581,0.0179537
12.1596,0.0179489
12.1611,0.0179441
12.1626,0.0179393
12.1641,0.0179345
12.1656,0.0179297
12.1671,0.0179249
12.1686,0.0179201
12.1701,0.0179153
12.1716,0.0179105
12.1731,0.0179057
12.1746,0.0179009
12.1761,0.0178961
12.1776,0.0178913
12.1791,0.0178865
12.1806,0.0178817
12.1821,0.0178769
12.1836,0.0178721
12.1851,0.0178673
12.1866,0.0178625
12.1881,0.0178577
12.1896,0.0178529
12.1911,0.0178481
12.1926,0.0178433
12.1941,0.0178385
12.1956,0.0178337
12.1971,0.0178289
12.1986,0.0178241
12.2001,0.0178193
12.2016,0.0178145
12.2031,0.0178097
12.2046,0.0178049
12.2061,0.0178001
12.2076,0.0177953
12.2091,0.0177905
12.2106,0.0177858
12.2121,0.017781
12.2136,0.0177762
12.2151,0.0177714
12.2166,0.0177666
12.2181,0.0177618
12.2196,0.017757
12.2211,0.0177522
12.2226,0.0177474
12.2241,0.0177426
12.2256,0.0177378
12.2271,0.017733
12.2286,0.0177282
12.2301,0.0177234
12.2316,0.0177186
12.2331,0.0177138
12.2346,0.0177091
12.2361,0.0177043
12.2376,0.0176995
12.2391,0.0176947
12.2406,0.0176899
12.2421,0.0176851
12.2436,0.0176803
12.2451,0.0176755
12.2466,0.0176707
12.2481,0.0176659
12.2496,0.0176611
12.2511,0.0176564
12.2526,0.0176516
12.2541,0.0176468
12.2556,0.017642
12.2571,0.0176372
12.2586,0.0176324
12.2601,0.0176276
12.2616,0.0176228
12.2631,0.0176181
12.2646,0.0176133
12.2661,0.0176085
12.2676,0.0176037
12.2691,0.0175989
12.2706,0.0175941
12.2721,0.0175893
12.2736,0.0175845
12.2751,0.0175798
12.2766,0.017575
12.2781,0.0175702
12.2796,0.0175654
12.2811,0.0175606
12.2826,0.0175558
12.2841,0.017551
12.2856,0.0175463
12.2871,0.0175415
12.2886,0.0175367
12.2901,0.0175319
12.2916,0.0175271
12.2931,0.0175223
12.2946,0.0175176
12.2961,0.0175128
12.2976,0.017508
12.2991,0.0175032
12.3006,0.0174984
12.3021,0.0174937
12.3036,0.0174889
12.3051,0.0174841
12.3066,0.0174793
12.3081,0.0174745
12.3096,0.0174698
12.3111,0.017465
12.3126,0.0174602
12.3141,0.0174554
12.3156,0.0174506
12.3171,0.0174459
12.3186,0.0174411
12.3201,0.0174363
12.3216,0.0174315
12.3231,0.0174267
12.3246,0.017422
12.3261,0.0174172
12.3276,0.0174124
12.3291,0.0174076
12.3306,0.0174029
12.3321,0.0173981
12.3336,0.0173933
12.3351,0.0173885
12.3366,0.0173838
12.3381,0.017379
12.3396,0.0173742
12.3411,0.0173694
12.3426,0.0173647
12.3441,0.0173599
12.3456,0.0173551
12.3471,0.0173503
12.3486,0.0173456
12.3501,0.0173408
12.3516,0.017336
12.3531,0.0173312
12.3546,0.0173265
12.3561,0.0173217
12.3576,0.0173169
12.3591,0.0173121
12.3606,0.0173074
12.3621,0.0173026
12.3636,0.0172978
12.3651,0.0172931
12.3666,0.0172883
12.3681,0.0172835
12.3696,0.0172787
12.3711,0.017274
12.3726,0.0172692
12.3741,0.0172644
12.3756,0.0172597
12.3771,0.0172549
12.3786,0.0172501
12.3801,0.0172454
12.3816,0.0172406
12.3831,0.0172358
12.3846,0.0172311
12.3861,0.0172263
12.3876,0.0172215
12.3891,0.0172168
12.3906,0.017212
12.3921,0.0172072
12.3936,0.0172024
12.3951,0.0171977
12.3966,0.0171929
12.3981,0.0171882
12.3996,0.0171834
12.4011,0.0171786
12.4026,0.0171739
12.4041,0.0171691
12.4056,0.0171643
12.4071,0.0171596
12.4086,0.0171548
12.4101,0.01715
12.4116,0.0171453
12.4131,0.0171405
12.4146,0.0171357
12.4161,0.017131
12.4176,0.0171262
12.4191,0.0171215
12.4206,0.0171167
12.4221,0.0171119
12.4236,0.0171072
12.4251,0.0171024
12.4266,0.0170976
12.4281,0.0170929
12.4296,0.0170881
12.4311,0.0170834
12.4326,0.0170786
12.4341,0.0170738
12.4356,0.0170691
12.4371,0.0170643
12.4386,0.0170596
12.4401,0.0170548
12.4416,0.0170501
12.4431,0.0170453
12.4446,0.0170405
12.4461,0.0170358
12.4476,0.017031
12.4491,0.0170263
12.4506,0.0170215
12.4521,0.0170168
12.4536,0.017012
12.4551,0.0170072
12.4566,0.0170025
12.4581,0.0169977
12.4596,0.016993
12.4611,0.0169882
12.4626,0.0169835
12.4641,0.0169787
12.4656,0.016974
12.4671,0.0169692
12.4686,0.0169645
12.4701,0.0169597
12.4716,0.0169549
12.4731,0.0169502
12.4746,0.0169454
12.4761,0.0169407
12.4776,0.0169359
12.4791,0.0169312
12.4806,0.0169264
12.4821,0.0169217
12.4836,0.0169169
12.4851,0.0169122
12.4866,0.0169074
12.4881,0.0169027
12.4896,0.0168979
12.4911,0.0168932
12.4926,0.0168884
12.4941,0.0168837
12.4956,0.0168789
12.4971,0.0168742
12.4986,0.0168694
12.5001,0.0168647
12.5016,0.0168599
12.5031,0.0168552
12.5046,0.0168505
12.5061,0.0168457
12.5076,0.016841
12.5091,0.0168362
12.5106,0.0168315
12.5121,0.0168267
12.5136,0.016822
12.5151,0.0168172
12.5166,0.0168125
12.5181,0.0168077
12.5196,0.016803
12.5211,0.0167983
12.5226,0.0167935
12.5241,0.0167888
12.5256,0.016784
12.5271,0.0167793
12.5286,0.0167745
12.5301,0.0167698
12.5316,0.0167651
12.5331,0.0167603
12.5346,0.0167556
12.5361,0.0167508
12.5376,0.0167461
12.5391,0.0167414
12.5406,0.0167366
12.5421,0.0167319
12.5436,0.0167271
12.5451,0.0167224
12.5466,0.0167177
12.5481,0.0167129
12.5496,0.0167082
12.5511,0.0167034
12.5526,0.0166987
12.5541,0.016694
12.5556,0.0166892
12.5571,0.0166845
12.5586,0.0166798
12.5601,0.016675
12.5616,0.0166703
12.5631,0.0166655
12.5646,0.0166608
12.5661,0.0166561
12.5676,0.0166513
12.5691,0.0166466
12.5706,0.0166419
12.5721,0.0166371
12.5736,0.0166324
12.5751,0.0166277
12.5766,0.0166229
12.5781,0.0166182
12.5796,0.0166135
12.5811,0.0166087
12.5826,0.016604
12.5841,0.0165993
12.5856,0.0165945
12.5871,0.0165898
12.5886,0.0165851
12.5901,0.0165804
12.5916,0.0165756
12.5931,0.0165709
12.5946,0.0165662
12.5961,0.0165614
12.5976,0.0165567
12.5991,0.016552
12.6006,0.0165472
12.6021,0.0165425
12.6036,0.0165378
12.6051,0.0165331
12.6066,0.0165283
12.6081,0.0165236
12.6096,0.0165189
12.6111,0.0165142
12.6126,0.0165094
12.6141,0.0165047
12.6156,0.0165
12.6171,0.0164953
12.6186,0.0164905
12.6201,0.0164858
12.6216,0.0164811
12.6231,0.0164764
12.6246,0.0164716
12.6261,0.0164669
12.6276,0.0164622
12.6291,0.0164575
12.6306,0.0164527
12.6321,0.016448
12.6336,0.0164433
12.6351,0.0164386
12.6366,0.0164339
12.6381,0.0164291
12.6396,0.0164244
12.6411,0.0164197
12.6426,0.016415
12.6441,0.0164103
12.6456,0.0164055
12.6471,0.0164008
12.6486,0.0163961
12.6501,0.0163914
12.6516,0.0163867
12.6531,0.0163819
12.6546,0.0163772
12.6561,0.0163725
12.6576,0.0163678
12.6591,0.0163631
12.6606,0.0163584
12.6621,0.0163536
12.6636,0.0163489
12.6651,0.0163442
12.6666,0.0163395
12.6681,0.0163348
12.6696,0.0163301
12.6711,0.0163254
12.6726,0.0163206
12.6741,0.0163159
12.6756,0.0163112
12.6771,0.0163065
12.6786,0.0163018
12.6801,0.0162971
12.6816,0.0162924
12.6831,0.0162877
12.6846,0.0162829
12.6861,0.0162782
12.6876,0.0162735
12.6891,0.0162688
12.6906,0.0162641
12.6921,0.0162594
12.6936,0.0162547
12.6951,0.01625
12.6966,0.0162453
12.6981,0.0162406
12.6996,0.0162358
12.7011,0.0162311
12.7026,0.0162264
12.7041,0.0162217
12.7056,0.016217
12.7071,0.0162123
12.7086,0.0162076
12.7101,0.0162029
12.7116,0.0161982
12.7131,0.0161935
12.7146,0.0161888
12.7161,0.0161841
12.7176,0.0161794
12.7191,0.0161747
12.7206,0.01617
12.7221,0.0161653
12.7236,0.0161606
12.7251,0.0161559
12.7266,0.0161512
12.7281,0.0161465
12.7296,0.0161418
12.7311,0.0161371
12.7326,0.0161323
12.7341,0.0161276
12.7356,0.016123
12.7371,0.0161182
12.7386,0.0161135
12.7401,0.0161088
12.7416,0.0161041
12.7431,0.0160994
12.7446,0.0160948
12.7461,0.0160901
12.7476,0.0160854
12.7491,0.0160807
12.7506,0.016076
12.7521,0.0160713
12.7536,0.0160666
12.7551,0.0160619
12.7566,0.0160572
12.7581,0.0160525
12.7596,0.0160478
12.7611,0.0160431
12.7626,0.0160384
12.7641,0.0160337
12.7656,0.016029
12.7671,0.0160243
12.7686,0.0160196
12.7701,0.0160149
12.7716,0.0160102
12.7731,0.0160055
12.7746,0.0160009
12.7761,0.0159962
12.7776,0.0159915
12.7791,0.0159868
12.7806,0.0159821
12.7821,0.0159774
12.7836,0.0159727
12.7851,0.015968
12.7866,0.0159633
12.7881,0.0159587
12.7896,0.015954
12.7911,0.0159493
12.7926,0.0159446
12.7941,0.0159399
12.7956,0.0159352
12.7971,0.0159305
12.7986,0.0159258
12.8001,0.0159212
12.8016,0.0159165
12.8031,0.0159118
12.8046,0.0159071
12.8061,0.0159024
12.8076,0.0158977
12.8091,0.015893
12.8106,0.0158884
12.8121,0.0158837
12.8136,0.015879
12.8151,0.0158743
12.8166,0.0158696
12.8181,0.015865
12.8196,0.0158603
12.8211,0.0158556
12.8226,0.0158509
12.8241,0.0158462
12.8256,0.0158415
12.8271,0.0158369
12.8286,0.0158322
12.8301,0.0158275
12.8316,0.0158228
12.8331,0.0158182
12.8346,0.0158135
12.8361,0.0158088
12.8376,0.0158041
12.8391,0.0157994
12.8406,0.0157948
12.8421,0.0157901
12.8436,0.0157854
12.8451,0.0157807
12.8466,0.0157761
12.8481,0.0157714
12.8496,0.0157667
12.8511,0.015762
12.8526,0.0157574
12.8541,0.0157527
12.8556,0.015748
12.8571,0.0157434
12.8586,0.0157387
12.8601,0.015734
12.8616,0.0157293
12.8631,0.0157247
12.8646,0.01572
12.8661,0.0157153
12.8676,0.0157107
12.8691,0.015706
12.8706,0.0157013
12.8721,0.0156966
12.8736,0.015692
12.8751,0.0156873
12.8766,0.0156826
12.8781,0.015678
12.8796,0.0156733
12.8811,0.0156686
12.8826,0.015664
12.8841,0.0156593
12.8856,0.0156546
12.8871,0.01565
12.8886,0.0156453
12.8901,0.0156406
12.8916,0.015636
12.8931,0.0156313
12.8946,0.0156267
12.8961,0.015622
12.8976,0.0156173
12.8991,0.0156127
12.9006,0.015608
12.9021,0.0156033
12.9036,0.0155987
12.9051,0.015594
12.9066,0.0155894
12.9081,0.0155847
12.9096,0.01558
12.9111,0.0155754
12.9126,0.0155707
12.9141,0.0155661
12.9156,0.0155614
12.9171,0.0155568
12.9186,0.0155521
12.9201,0.0155474
12.9216,0.0155428
12.9231,0.0155381
12.9246,0.0155335
12.9261,0.0155288
12.9276,0.0155242
12.9291,0.0155195
12.9306,0.0155149
12.9321,0.0155102
12.9336,0.0155055
12.9351,0.0155009
12.9366,0.0154962
12.9381,0.0154916
12.9396,0.0154869
12.9411,0.0154823
12.9426,0.0154776
12.9441,0.015473
12.9456,0.0154683
12.9471,0.0154637
12.9486,0.015459
12.9501,0.0154544
12.9516,0.0154497
12.9531,0.0154451
12.9546,0.0154404
12.9561,0.0154358
12.9576,0.0154311
12.9591,0.0154265
12.9606,0.0154218
12.9621,0.0154172
12.9636,0.0154126
12.9651,0.0154079
12.9666,0.0154033
12.9681,0.0153986
12.9696,0.015394
12.9711,0.0153893
12.9726,0.0153847
12.9741,0.01538
12.9756,0.0153754
12.9771,0.0153708
12.9786,0.0153661
12.9801,0.0153615
12.9816,0.0153568
12.9831,0.0153522
12.9846,0.0153476
12.9861,0.0153429
12.9876,0.0153383
12.9891,0.0153336
12.9906,0.015329
12.9921,0.0153244
12.9936,0.0153197
12.9951,0.0153151
12.9966,0.0153105
12.9981,0.0153058
12.9996,0.0153012
13.0011,0.0152965
13.0026,0.0152919
13.0041,0.0152873
13.0056,0.0152826
13.0071,0.015278
13.0086,0.0152734
13.0101,0.0152687
13.0116,0.0152641
13.0131,0.0152595
13.0146,0.0152548
13.0161,0.0152502
13.0176,0.0152456
13.0191,0.0152409
13.0206,0.0152363
13.0221,0.0152317
13.0236,0.0152271
13.0251,0.0152224
13.0266,0.0152178
13.0281,0.0152132
13.0296,0.0152085
13.0311,0.0152039
13.0326,0.0151993
13.0341,0.0151947
13.0356,0.01519
13.0371,0.0151854
13.0386,0.0151808
13.0401,0.0151761
13.0416,0.0151715
13.0431,0.0151669
13.0446,0.0151623
13.0461,0.0151577
13.0476,0.015153
13.0491,0.0151484
13.0506,0.0151438
13.0521,0.0151392
13.0536,0.0151345
13.0552,0.0151299
13.0567,0.0151253
13.0582,0.0151207
13.0597,0.0151161
13.0612,0.0151114
13.0627,0.0151068
13.0642,0.0151022
13.0657,0.0150976
13.0672,0.015093
13.0687,0.0150883
13.0702,0.0150837
13.0717,0.0150791
13.0732,0.0150745
13.0747,0.0150699
13.0762,0.0150653
13.0777,0.0150606
13.0792,0.015056
13.0807,0.0150514
13.0822,0.0150468
13.0837,0.0150422
13.0852,0.0150376
13.0867,0.015033
13.0882,0.0150284
13.0897,0.0150237
13.0912,0.0150191
13.0927,0.0150145
13.0942,0.0150099
13.0957,0.0150053
13.0972,0.0150007
13.0987,0.0149961
13.1002,0.0149915
13.1017,0.0149869
13.1032,0.0149823
13.1047,0.0149777
13.1062,0.014973
13.1077,0.0149684
13.1092,0.0149638
13.1107,0.0149592
13.1122,0.0149546
13.1137,0.01495
13.1152,0.0149454
13.1167,0.0149408
13.1182,0.0149362
13.1197,0.0149316
13.1212,0.014927
13.1227,0.0149224
13.1242,0.0149178
13.1257,0.0149132
13.1272,0.0149086
13.1287,0.014904
13.1302,0.0148994
13.1317,0.0148948
13.1332,0.0148902
13.1347,0.0148856
13.1362,0.014881
13.1377,0.0148764
13.1392,0.0148718
13.1407,0.0148672
13.1422,0.0148626
13.1437,0.014858
13.1452,0.0148534
13.1467,0.0148488
13.1482,0.0148442
13.1497,0.0148396
13.1512,0.014835
13.1527,0.0148305
13.1542,0.0148259
13.1557,0.0148213
13.1572,0.0148167
13.1587,0.0148121
13.1602,0.0148075
13.1617,0.0148029
13.1632,0.0147983
13.1647,0.0147937
13.1662,0.0147891
13.1677,0.0147845
13.1692,0.01478
13.1707,0.0147754
13.1722,0.0147708
13.1737,0.0147662
13.1752,0.0147616
13.1767,0.014757
13.1782,0.0147524
13.1797,0.0147479
13.1812,0.0147433
13.1827,0.0147387
13.1842,0.0147341
13.1857,0.0147295
13.1872,0.0147249
13.1887,0.0147204
13.1902,0.0147158
13.1917,0.0147112
13.1932,0.0147066
13.1947,0.014702
13.1962,0.0146975
13.1977,0.0146929
13.1992,0.0146883
13.2007,0.0146837
13.2022,0.0146791
13.2037,0.0146746
13.2052,0.01467
13.2067,0.0146654
13.2082,0.0146608
13.2097,0.0146563
13.2112,0.0146517
13.2127,0.0146471
13.2142,0.0146425
13.2157,0.014638
13.2172,0.0146334
13.2187,0.0146288
13.2202,0.0146242
13.2217,0.0146197
13.2232,0.0146151
13.2247,0.0146105
13.2262,0.014606
13.2277,0.0146014
13.2292,0.0145968
13.2307,0.0145922
13.2322,0.0145877
13.2337,0.0145831
13.2352,0.0145785
13.2367,0.014574
13.2382,0.0145694
13.2397,0.0145648
13.2412,0.0145603
13.2427,0.0145557
13.2442,0.0145511
13.2457,0.0145466
13.2472,0.014542
13.2487,0.0145375
13.2502,0.0145329
13.2517,0.0145283
13.2532,0.0145238
13.2547,0.0145192
13.2562,0.0145146
13.2577,0.0145101
13.2592,0.0145055
13.2607,0.014501
13.2622,0.0144964
13.2637,0.0144918
13.2652,0.0144873
13.2667,0.0144827
13.2682,0.0144782
13.2697,0.0144736
13.2712,0.0144691
13.2727,0.0144645
13.2742,0.0144599
13.2757,0.0144554
13.2772,0.0144508
13.2787,0.0144463
13.2802,0.0144417
13.2817,0.0144372
13.2832,0.0144326
13.2847,0.0144281
13.2862,0.0144235
13.2877,0.014419
13.2892,0.0144144
13.2907,0.0144099
13.2922,0.0144053
13.2937,0.0144008
13.2952,0.0143962
13.2967,0.0143917
13.2982,0.0143871
13.2997,0.0143826
13.3012,0.014378
13.3027,0.0143735
13.3042,0.0143689
13.3057,0.0143644
13.3072,0.0143599
13.3087,0.0143553
13.3102,0.0143508
13.3117,0.0143462
13.3132,0.0143417
13.3147,0.0143371
13.3162,0.0143326
13.3177,0.0143281
13.3192,0.0143235
13.3207,0.014319
13.3222,0.0143144
13.3237,0.0143099
13.3252,0.0143054
13.3267,0.0143008
13.3282,0.0142963
13.3297,0.0142918
13.3312,0.0142872
13.3327,0.0142827
13.3342,0.0142782
13.3357,0.0142736
13.3372,0.0142691
13.3387,0.0142645
13.3402,0.01426
13.3417,0.0142555
13.3432,0.014251
13.3447,0.0142464
13.3462,0.0142419
13.3477,0.0142374
13.3492,0.0142328
13.3507,0.0142283
13.3522,0.0142238
13.3537,0.0142192
13.3552,0.0142147
13.3567,0.0142102
13.3582,0.0142057
13.3597,0.0142011
13.3612,0.0141966
13.3627,0.0141921
13.3642,0.0141876
13.3657,0.014183
13.3672,0.0141785
13.3687,0.014174
13.3702,0.0141695
13.3717,0.0141649
13.3732,0.0141604
13.3747,0.0141559
13.3762,0.0141514
13.3777,0.0141469
13.3792,0.0141423
13.3807,0.0141378
13.3822,0.0141333
13.3837,0.0141288
13.3852,0.0141243
13.3867,0.0141198
13.3882,0.0141152
13.3897,0.0141107
13.3912,0.0141062
13.3927,0.0141017
13.3942,0.0140972
13.3957,0.0140927
13.3972,0.0140881
13.3987,0.0140836
13.4002,0.0140791
13.4017,0.0140746
13.4032,0.0140701
13.4047,0.0140656
13.4062,0.0140611
13.4077,0.0140566
13.4092,0.0140521
13.4107,0.0140476
13.4122,0.014043
13.4137,0.0140385
13.4152,0.014034
13.4167,0.0140295
13.4182,0.014025
13.4197,0.0140205
13.4212,0.014016
13.4227,0.0140115
13.4242,0.014007
13.4257,0.0140025
13.4272,0.013998
13.4287,0.0139935
13.4302,0.013989
13.4317,0.0139845
13.4332,0.01398
13.4347,0.0139755
13.4362,0.013971
13.4377,0.0139665
13.4392,0.013962
13.4407,0.0139575
13.4422,0.013953
13.4437,0.0139485
13.4452,0.013944
13.4467,0.0139395
13.4482,0.013935
13.4497,0.0139305
13.4512,0.013926
13.4527,0.0139216
13.4542,0.0139171
13.4557,0.0139126
13.4572,0.0139081
13.4587,0.0139036
13.4602,0.0138991
13.4617,0.0138946
13.4632,0.0138901
13.4647,0.0138856
13.4662,0.0138811
13.4677,0.0138767
13.4692,0.0138722
13.4707,0.0138677
13.4722,0.0138632
13.4737,0.0138587
13.4752,0.0138542
13.4767,0.0138497
13.4782,0.0138453
13.4797,0.0138408
13.4812,0.0138363
13.4827,0.0138318
13.4842,0.0138273
13.4857,0.0138229
13.4872,0.0138184
13.4887,0.0138139
13.4902,0.0138094
13.4917,0.0138049
13.4932,0.0138005
13.4947,0.013796
13.4962,0.0137915
13.4977,0.013787
13.4992,0.0137826
13.5007,0.0137781
13.5022,0.0137736
13.5037,0.0137691
13.5052,0.0137647
13.5067,0.0137602
13.5082,0.0137557
13.5097,0.0137512
13.5112,0.0137468
13.5127,0.0137423
13.5142,0.0137378
13.5157,0.0137334
13.5172,0.0137289
13.5187,0.0137244
13.5202,0.01372
13.5217,0.0137155
13.5232,0.013711
13.5247,0.0137066
13.5262,0.0137021
13.5277,0.0136976
13.5292,0.0136932
13.5307,0.0136887
13.5322,0.0136843
13.5337,0.0136798
13.5352,0.0136753
13.5367,0.0136709
13.5382,0.0136664
13.5397,0.0136619
13.5412,0.0136575
13.5427,0.013653
13.5442,0.0136486
13.5457,0.0136441
13.5472,0.0136397
13.5487,0.0136352
13.5502,0.0136308
13.5517,0.0136263
13.5532,0.0136218
13.5547,0.0136174
13.5562,0.0136129
13.5577,0.0136085
13.5592,0.013604
13.5607,0.0135996
13.5622,0.0135951
13.5637,0.0135907
13.5652,0.0135862
13.5667,0.0135818
13.5682,0.0135773
13.5697,0.0135729
13.5712,0.0135684
13.5727,0.013564
13.5742,0.0135596
13.5757,0.0135551
13.5772,0.0135507
13.5787,0.0135462
13.5802,0.0135418
13.5817,0.0135373
13.5832,0.0135329
13.5847,0.0135285
13.5862,0.013524
13.5877,0.0135196
13.5892,0.0135151
13.5907,0.0135107
13.5922,0.0135063
13.5937,0.0135018
13.5952,0.0134974
13.5967,0.013493
13.5982,0.0134885
13.5997,0.0134841
13.6012,0.0134796
13.6027,0.0134752
13.6042,0.0134708
13.6057,0.0134663
13.6072,0.0134619
13.6087,0.0134575
13.6102,0.0134531
13.6117,0.0134486
13.6132,0.0134442
13.6147,0.0134398
13.6162,0.0134353
13.6177,0.0134309
13.6192,0.0134265
13.6207,0.0134221
13.6222,0.0134176
13.6237,0.0134132
13.6252,0.0134088
13.6267,0.0134044
13.6282,0.0133999
13.6297,0.0133955
13.6312,0.0133911
13.6327,0.0133867
13.6342,0.0133823
13.6357,0.0133778
13.6372,0.0133734
13.6387,0.013369
13.6402,0.0133646
13.6417,0.0133602
13.6432,0.0133557
13.6447,0.0133513
13.6462,0.0133469
13.6477,0.0133425
13.6492,0.0133381
13.6507,0.0133337
13.6522,0.0133293
13.6537,0.0133249
13.6552,0.0133204
13.6567,0.013316
13.6582,0.0133116
13.6597,0.0133072
13.6612,0.0133028
13.6627,0.0132984
13.6642,0.013294
13.6657,0.0132896
13.6672,0.0132852
13.6687,0.0132808
13.6702,0.0132764
13.6717,0.013272
13.6732,0.0132676
13.6747,0.0132632
13.6762,0.0132588
13.6777,0.0132544
13.6792,0.01325
13.6807,0.0132456
13.6822,0.0132412
13.6837,0.0132368
13.6852,0.0132324
13.6867,0.013228
13.6882,0.0132236
13.6897,0.0132192
13.6912,0.0132148
13.6927,0.0132104
13.6942,0.013206
13.6957,0.0132016
13.6972,0.0131972
13.6987,0.0131928
13.7002,0.0131884
13.7017,0.013184
13.7032,0.0131796
13.7047,0.0131752
13.7062,0.0131709
13.7077,0.0131665
13.7092,0.0131621
13.7107,0.0131577
13.7122,0.0131533
13.7137,0.0131489
13.7152,0.0131445
13.7167,0.0131402
13.7182,0.0131358
13.7197,0.0131314
13.7212,0.013127
13.7227,0.0131226
13.7242,0.0131182
13.7257,0.0131139
13.7272,0.0131095
13.7287,0.0131051
13.7302,0.0131007
13.7317,0.0130964
13.7332,0.013092
13.7347,0.0130876
13.7362,0.0130832
13.7377,0.0130788
13.7392,0.0130745
13.7407,0.0130701
13.7422,0.0130657
13.7437,0.0130614
13.7452,0.013057
13.7467,0.0130526
13.7482,0.0130482
13.7497,0.0130439
13.7512,0.0130395
13.7527,0.0130351
13.7542,0.0130308
13.7557,0.0130264
13.7572,0.013022
13.7587,0.0130177
13.7602,0.0130133
13.7617,0.013009
13.7632,0.0130046
13.7647,0.0130002
13.7662,0.0129959
13.7677,0.0129915
13.7692,0.0129872
13.7707,0.0129828
13.7722,0.0129784
13.7737,0.0129741
13.7752,0.0129697
13.7767,0.0129654
13.7782,0.012961
13.7797,0.0129567
13.7812,0.0129523
13.7827,0.0129479
13.7842,0.0129436
13.7857,0.0129392
13.7872,0.0129349
13.7887,0.0129305
13.7902,0.0129262
13.7917,0.0129218
13.7932,0.0129175
13.7947,0.0129131
13.7962,0.0129088
13.7977,0.0129045
13.7992,0.0129001
13.8007,0.0128958
13.8022,0.0128914
13.8037,0.0128871
13.8052,0.0128827
13.8067,0.0128784
13.8082,0.0128741
13.8097,0.0128697
13.8112,0.0128654
13.8127,0.012861
13.8142,0.0128567
13.8157,0.0128524
13.8172,0.012848
13.8187,0.0128437
13.8202,0.0128394
13.8217,0.012835
13.8232,0.0128307
13.8247,0.0128264
13.8262,0.012822
13.8277,0.0128177
13.8292,0.0128134
13.8307,0.012809
13.8322,0.0128047
13.8337,0.0128004
13.8352,0.012796
13.8367,0.0127917
13.8382,0.0127874
13.8397,0.0127831
13.8412,0.0127787
13.8427,0.0127744
13.8442,0.0127701
13.8457,0.0127658
13.8472,0.0127615
13.8487,0.0127571
13.8502,0.0127528
13.8517,0.0127485
13.8532,0.0127442
13.8547,0.0127399
13.8562,0.0127355
13.8577,0.0127312
13.8592,0.0127269
13.8607,0.0127226
13.8622,0.0127183
13.8637,0.012714
13.8652,0.0127097
13.8667,0.0127053
13.8682,0.012701
13.8697,0.0126967
13.8712,0.0126924
13.8727,0.0126881
13.8742,0.0126838
13.8757,0.0126795
13.8772,0.0126752
13.8787,0.0126709
13.8802,0.0126666
13.8817,0.0126623
13.8832,0.012658
13.8847,0.0126537
13.8862,0.0126494
13.8877,0.0126451
13.8892,0.0126408
13.8907,0.0126365
13.8922,0.0126322
13.8937,0.0126279
13.8952,0.0126236
13.8967,0.0126193
13.8982,0.012615
13.8997,0.0126107
13.9012,0.0126064
13.9027,0.0126021
13.9042,0.0125978
13.9057,0.0125935
13.9072,0.0125892
13.9087,0.0125849
13.9102,0.0125806
13.9117,0.0125763
13.9132,0.0125721
13.9147,0.0125678
13.9162,0.0125635
13.9177,0.0125592
13.9192,0.0125549
13.9207,0.0125506
13.9222,0.0125463
13.9237,0.0125421
13.9252,0.0125378
13.9267,0.0125335
13.9282,0.0125292
13.9297,0.0125249
13.9312,0.0125207
13.9327,0.0125164
13.9342,0.0125121
13.9357,0.0125078
13.9372,0.0125036
13.9387,0.0124993
13.9402,0.012495
13.9417,0.0124907
13.9432,0.0124865
13.9447,0.0124822
13.9462,0.0124779
13.9477,0.0124737
13.9492,0.0124694
13.9507,0.0124651
13.9522,0.0124609
13.9537,0.0124566
13.9552,0.0124523
13.9567,0.0124481
13.9582,0.0124438
13.9597,0.0124395
13.9612,0.0124353
13.9627,0.012431
13.9642,0.0124267
13.9657,0.0124225
13.9672,0.0124182
13.9687,0.012414
13.9702,0.0124097
13.9717,0.0124055
13.9732,0.0124012
13.9747,0.0123969
13.9762,0.0123927
13.9777,0.0123884
13.9792,0.0123842
13.9807,0.0123799
13.9822,0.0123757
13.9837,0.0123714
13.9852,0.0123672
13.9867,0.0123629
13.9882,0.0123587
13.9897,0.0123545
13.9912,0.0123502
13.9927,0.012346
13.9942,0.0123417
13.9957,0.0123375
13.9972,0.0123332
13.9987,0.012329
14.0002,0.0123247
14.0017,0.0123205
14.0032,0.0123163
14.0047,0.012312
14.0062,0.0123078
14.0077,0.0123036
14.0092,0.0122993
14.0107,0.0122951
14.0122,0.0122909
14.0137,0.0122866
14.0152,0.0122824
14.0167,0.0122782
14.0182,0.0122739
14.0197,0.0122697
14.0212,0.0122655
14.0227,0.0122612
14.0242,0.012257
14.0257,0.0122528
14.0272,0.0122486
14.0287,0.0122443
14.0302,0.0122401
14.0317,0.0122359
14.0332,0.0122317
14.0347,0.0122275
14.0362,0.0122232
14.0377,0.012219
14.0392,0.0122148
14.0407,0.0122106
14.0422,0.0122064
14.0437,0.0122021
14.0452,0.0121979
14.0467,0.0121937
14.0482,0.0121895
14.0497,0.0121853
14.0512,0.0121811
14.0527,0.0121769
14.0542,0.0121727
14.0557,0.0121685
14.0572,0.0121642
14.0587,0.01216
14.0602,0.0121558
14.0617,0.0121516
14.0632,0.0121474
14.0647,0.0121432
14.0662,0.012139
14.0677,0.0121348
14.0692,0.0121306
14.0707,0.0121264
14.0722,0.0121222
14.0737,0.012118
14.0752,0.0121138
14.0767,0.0121096
14.0782,0.0121054
14.0797,0.0121012
14.0812,0.012097
14.0827,0.0120928
14.0842,0.0120887
14.0857,0.0120845
14.0872,0.0120803
14.0887,0.0120761
14.0902,0.0120719
14.0917,0.0120677
14.0932,0.0120635
14.0947,0.0120593
14.0962,0.0120552
14.0977,0.012051
14.0992,0.0120468
14.1007,0.0120426
14.1022,0.0120384
14.1037,0.0120342
14.1052,0.0120301
14.1067,0.0120259
14.1082,0.0120217
14.1097,0.0120175
14.1112,0.0120134
14.1127,0.0120092
14.1142,0.012005
14.1157,0.0120008
14.1172,0.0119967
14.1187,0.0119925
14.1202,0.0119883
14.1217,0.0119842
14.1232,0.01198
14.1247,0.0119758
14.1262,0.0119717
14.1277,0.0119675
14.1292,0.0119633
14.1307,0.0119592
14.1322,0.011955
14.1337,0.0119508
14.1352,0.0119467
14.1367,0.0119425
14.1382,0.0119384
14.1397,0.0119342
14.1412,0.01193
14.1427,0.0119259
14.1442,0.0119217
14.1457,0.0119176
14.1472,0.0119134
14.1487,0.0119093
14.1502,0.0119051
14.1517,0.011901
14.1532,0.0118968
14.1547,0.0118927
14.1562,0.0118885
14.1577,0.0118844
14.1592,0.0118802
14.1607,0.0118761
14.1622,0.0118719
14.1637,0.0118678
14.1652,0.0118637
14.1667,0.0118595
14.1682,0.0118554
14.1697,0.0118512
14.1712,0.0118471
14.1727,0.011843
14.1742,0.0118388
14.1757,0.0118347
14.1772,0.0118306
14.1787,0.0118264
14.1802,0.0118223
14.1817,0.0118182
14.1832,0.011814
14.1847,0.0118099
14.1862,0.0118058
14.1877,0.0118016
14.1892,0.0117975
14.1907,0.0117934
14.1922,0.0117893
14.1937,0.0117851
14.1952,0.011781
14.1967,0.0117769
14.1982,0.0117728
14.1997,0.0117687
14.2012,0.0117645
14.2027,0.0117604
14.2042,0.0117563
14.2057,0.0117522
14.2072,0.0117481
14.2087,0.011744
14.2102,0.0117399
14.2118,0.0117357
14.2133,0.0117335
14.2148,0.0117319
14.2163,0.0117302
14.2178,0.0117285
14.2193,0.0117267
14.2208,0.0117248
14.2223,0.0117229
14.2238,0.0117209
14.2253,0.0117188
14.2268,0.0117167
14.2283,0.0117145
14.2298,0.0117123
14.2313,0.0117101
14.2328,0.0117077
14.2343,0.0117054
14.2358,0.011703
14.2373,0.0117006
14.2388,0.0116982
14.2403,0.0116957
14.2418,0.0116932
14.2433,0.0116907
14.2448,0.0116882
14.2463,0.0116857
14.2478,0.0116832
14.2493,0.0116807
14.2508,0.0116783
14.2523,0.0116759
14.2538,0.0116735
14.2553,0.0116711
14.2568,0.0116687
14.2583,0.0116664
14.2598,0.0116641
14.2613,0.0116619
14.2628,0.0116596
14.2643,0.0116575
14.2658,0.0116553
14.2673,0.0116532
14.2688,0.0116511
14.2703,0.0116491
14.2718,0.0116472
14.2733,0.0116452
14.2748,0.0116434
14.2763,0.0116416
14.2778,0.0116398
14.2793,0.0116381
14.2808,0.0116364
14.2823,0.0116348
14.2838,0.0116332
14.2853,0.0116317
14.2868,0.0116302
14.2883,0.0116288
14.2898,0.0116274
14.2913,0.0116261
14.2928,0.0116248
14.2943,0.0116236
14.2958,0.0116224
14.2973,0.0116213
14.2988,0.0116202
14.3003,0.0116192
14.3018,0.0116182
14.3033,0.0116173
14.3048,0.0116164
14.3063,0.0116156
14.3078,0.0116148
14.3093,0.0116141
14.3108,0.0116133
14.3123,0.0116127
14.3138,0.011612
14.3153,0.0116114
14.3168,0.0116109
14.3183,0.0116103
14.3198,0.0116098
14.3213,0.0116093
14.3228,0.0116089
14.3243,0.0116084
14.3258,0.011608
14.3273,0.0116076
14.3288,0.0116072
14.3303,0.0116068
14.3318,0.0116064
14.3333,0.0116061
14.3348,0.0116057
14.3363,0.0116054
14.3378,0.0116051
14.3393,0.0116047
14.3408,0.0116044
14.3423,0.0116041
14.3438,0.0116037
14.3453,0.0116034
14.3468,0.011603
14.3483,0.0116027
14.3498,0.0116023
14.3513,0.0116019
14.3528,0.0116015
14.3543,0.0116011
14.3558,0.0116007
14.3573,0.0116003
14.3588,0.0115999
14.3603,0.0115994
14.3618,0.0115989
14.3633,0.0115984
14.3648,0.0115979
14.3663,0.0115974
14.3678,0.0115968
14.3693,0.0115962
14.3708,0.0115956
14.3723,0.011595
14.3738,0.0115943
14.3753,0.0115936
14.3768,0.0115929
14.3783,0.0115921
14.3798,0.0115914
14.3813,0.0115905
14.3828,0.0115897
14.3843,0.0115888
14.3858,0.0115879
14.3873,0.0115869
14.3888,0.0115859
14.3903,0.0115849
14.3918,0.0115839
14.3933,0.0115828
14.3948,0.0115817
14.3963,0.0115805
14.3978,0.0115794
14.3993,0.0115782
14.4008,0.0115769
14.4023,0.0115756
14.4038,0.0115743
14.4053,0.011573
14.4068,0.0115716
14.4083,0.0115702
14.4098,0.0115688
14.4113,0.0115673
14.4128,0.0115659
14.4143,0.0115644
14.4158,0.0115628
14.4173,0.0115613
14.4188,0.0115597
14.4203,0.0115581
14.4218,0.0115565
14.4233,0.0115549
14.4248,0.0115532
14.4263,0.0115516
14.4278,0.0115499
14.4293,0.0115482
14.4308,0.0115465
14.4323,0.0115448
14.4338,0.0115431
14.4353,0.0115414
14.4368,0.0115397
14.4383,0.011538
14.4398,0.0115363
14.4413,0.0115346
14.4428,0.0115329
14.4443,0.0115312
14.4458,0.0115295
14.4473,0.0115278
14.4488,0.0115262
14.4503,0.0115245
14.4518,0.0115229
14.4533,0.0115213
14.4548,0.0115197
14.4563,0.0115181
14.4578,0.0115165
14.4593,0.011515
14.4608,0.0115134
14.4623,0.011512
14.4638,0.0115105
14.4653,0.0115091
14.4668,0.0115076
14.4683,0.0115063
14.4698,0.0115049
14.4713,0.0115036
14.4728,0.0115023
14.4743,0.0115011
14.4758,0.0114998
14.4773,0.011499
14.4788,0.0115004
14.4803,0.0115018
14.4818,0.0115031
14.4833,0.0115045
14.4848,0.0115058
14.4863,0.011507
14.4878,0.0115082
14.4893,0.0115094
14.4908,0.0115105
14.4923,0.0115116
14.4938,0.0115126
14.4953,0.0115135
14.4968,0.0115144
14.4983,0.0115152
14.4998,0.011516
14.5013,0.0115167
14.5028,0.0115173
14.5043,0.0115179
14.5058,0.0115184
14.5073,0.0115188
14.5088,0.0115192
14.5103,0.0115195
14.5118,0.0115197
14.5133,0.0115199
14.5148,0.01152
14.5163,0.01152
14.5178,0.0115199
14.5193,0.0115198
14.5208,0.0115196
14.5223,0.0115193
14.5238,0.0115189
14.5253,0.0115185
14.5268,0.011518
14.5283,0.0115174
14.5298,0.0115168
14.5313,0.0115161
14.5328,0.0115153
14.5343,0.0115144
14.5358,0.0115135
14.5373,0.0115125
14.5388,0.0115114
14.5403,0.0115103
14.5418,0.0115091
14.5433,0.0115078
14.5448,0.0115065
14.5463,0.0115051
14.5478,0.0115037
14.5493,0.0115023
14.5508,0.0115007
14.5523,0.0114992
14.5538,0.0114975
14.5553,0.0114958
14.5568,0.0114941
14.5583,0.0114923
14.5598,0.0114905
14.5613,0.0114887
14.5628,0.0114882
14.5643,0.0114886
14.5658,0.011489
14.5673,0.0114894
14.5688,0.0114897
14.5703,0.01149
14.5718,0.0114903
14.5733,0.0114905
14.5748,0.0114908
14.5763,0.011491
14.5778,0.0114911
14.5793,0.0114913
14.5808,0.0114914
14.5823,0.0114914
14.5838,0.0114914
14.5853,0.0114914
14.5868,0.0114913
14.5883,0.0114912
14.5898,0.011491
14.5913,0.0114908
14.5928,0.0114905
14.5943,0.0114902
14.5958,0.0114898
14.5973,0.0114894
14.5988,0.011489
14.6003,0.0114884
14.6018,0.0114879
14.6033,0.0114872
14.6048,0.0114865
14.6063,0.0114858
14.6078,0.011485
14.6093,0.0114842
14.6108,0.0114833
14.6123,0.0114823
14.6138,0.0114813
14.6153,0.0114803
14.6168,0.0114792
14.6183,0.011478
14.6198,0.0114768
14.6213,0.0114755
14.6228,0.0114742
14.6243,0.0114729
14.6258,0.0114715
14.6273,0.01147
14.6288,0.0114685
14.6303,0.011467
14.6318,0.0114654
14.6333,0.0114638
14.6348,0.0114622
14.6363,0.0114605
14.6378,0.0114588
14.6393,0.011457
14.6408,0.0114552
14.6423,0.0114534
14.6438,0.0114515
14.6453,0.0114497
14.6468,0.0114477
14.6483,0.0114458
14.6498,0.0114439
14.6513,0.0114419
14.6528,0.0114399
14.6543,0.0114379
14.6558,0.0114359
14.6573,0.0114339
14.6588,0.0114318
14.6603,0.0114297
14.6618,0.0114277
14.6633,0.0114256
14.6648,0.0114235
14.6663,0.0114214
14.6678,0.0114193
14.6693,0.0114172
14.6708,0.0114153
14.6723,0.011416
14.6738,0.0114168
14.6753,0.0114176
14.6768,0.0114185
14.6783,0.0114194
14.6798,0.0114202
14.6813,0.0114211
14.6828,0.0114221
14.6843,0.011423
14.6858,0.0114239
14.6873,0.0114249
14.6888,0.0114258
14.6903,0.0114267
14.6918,0.0114277
14.6933,0.0114286
14.6948,0.0114295
14.6963,0.0114304
14.6978,0.0114313
14.6993,0.0114322
14.7008,0.011433
14.7023,0.0114339
14.7038,0.0114347
14.7053,0.0114355
14.7068,0.0114363
14.7083,0.011437
14.7098,0.0114377
14.7113,0.0114384
14.7128,0.0114391
14.7143,0.0114397
14.7158,0.0114403
14.7173,0.0114408
14.7188,0.0114414
14.7203,0.0114418
14.7218,0.0114423
14.7233,0.0114426
14.7248,0.011443
14.7263,0.0114433
14.7278,0.0114435
14.7293,0.0114437
14.7308,0.0114439
14.7323,0.011444
14.7338,0.0114441
14.7353,0.0114441
14.7368,0.011444
14.7383,0.011444
14.7398,0.0114438
14.7413,0.0114436
14.7428,0.0114434
14.7443,0.0114431
14.7458,0.0114427
14.7473,0.0114423
14.7488,0.0114419
14.7503,0.0114414
14.7518,0.0114408
14.7533,0.0114402
14.7548,0.0114395
14.7563,0.0114388
14.7578,0.011438
14.7593,0.0114372
14.7608,0.0114364
14.7623,0.0114355
14.7638,0.0114345
14.7653,0.0114335
14.7668,0.0114325
14.7683,0.0114314
14.7698,0.0114303
14.7713,0.0114292
14.7728,0.011428
14.7743,0.0114268
14.7758,0.0114256
14.7773,0.0114243
14.7788,0.011423
14.7803,0.0114217
14.7818,0.0114203
14.7833,0.0114189
14.7848,0.0114175
14.7863,0.011416
14.7878,0.0114146
14.7893,0.0114131
14.7908,0.0114115
14.7923,0.01141
14.7938,0.0114084
14.7953,0.0114069
14.7968,0.0114053
14.7983,0.0114037
14.7998,0.0114021
14.8013,0.0114005
14.8028,0.0113989
14.8043,0.0113972
14.8058,0.0113956
14.8073,0.011394
14.8088,0.0113923
14.8103,0.0113907
14.8118,0.0113891
14.8133,0.0113874
14.8148,0.0113858
14.8163,0.0113841
14.8178,0.0113825
14.8193,0.0113809
14.8208,0.0113793
14.8223,0.0113776
14.8238,0.011376
14.8253,0.0113744
14.8268,0.0113728
14.8283,0.0113713
14.8298,0.0113697
14.8313,0.0113682
14.8328,0.0113666
14.8343,0.0113651
14.8358,0.0113636
14.8373,0.0113621
14.8388,0.0113606
14.8403,0.0113592
14.8418,0.0113578
14.8433,0.0113564
14.8448,0.011355
14.8463,0.0113536
14.8478,0.0113522
14.8493,0.0113509
14.8508,0.0113496
14.8523,0.0113483
14.8538,0.0113471
14.8553,0.0113459
14.8568,0.0113446
14.8583,0.0113435
14.8598,0.0113423
14.8613,0.0113412
14.8628,0.0113401
14.8643,0.011339
14.8658,0.0113379
14.8673,0.0113368
14.8688,0.0113358
14.8703,0.0113348
14.8718,0.0113338
14.8733,0.0113329
14.8748,0.0113319
14.8763,0.011331
14.8778,0.0113301
14.8793,0.0113292
14.8808,0.0113283
14.8823,0.0113275
14.8838,0.0113267
14.8853,0.0113259
14.8868,0.0113251
14.8883,0.0113243
14.8898,0.0113235
14.8913,0.0113228
14.8928,0.011322
14.8943,0.0113213
14.8958,0.0113206
14.8973,0.0113199
14.8988,0.0113192
14.9003,0.0113185
14.9018,0.0113178
14.9033,0.0113172
14.9048,0.0113165
14.9063,0.0113159
14.9078,0.0113152
14.9093,0.0113146
14.9108,0.0113139
14.9123,0.0113133
14.9138,0.0113127
14.9153,0.011312
14.9168,0.0113114
14.9183,0.0113108
14.9198,0.0113102
14.9213,0.0113095
14.9228,0.0113089
14.9243,0.0113083
14.9258,0.0113076
14.9273,0.011307
14.9288,0.0113064
14.9303,0.0113057
14.9318,0.0113051
14.9333,0.0113044
14.9348,0.0113037
14.9363,0.0113031
14.9378,0.0113024
14.9393,0.0113017
14.9408,0.011301
14.9423,0.0113003
14.9438,0.0112995
14.9453,0.0112988
14.9468,0.0112981
14.9483,0.0112973
14.9498,0.0112965
14.9513,0.0112958
14.9528,0.011295
14.9543,0.0112942
14.9558,0.0112934
14.9573,0.0112925
14.9588,0.0112917
14.9603,0.0112908
14.9618,0.01129
14.9633,0.0112891
14.9648,0.0112882
14.9663,0.0112873
14.9678,0.0112863
14.9693,0.0112854
14.9708,0.0112844
14.9723,0.0112834
14.9738,0.0112824
14.9753,0.0112814
14.9768,0.0112804
14.9783,0.0112793
14.9798,0.0112783
14.9813,0.0112772
14.9828,0.0112761
14.9843,0.0112749
14.9858,0.0112738
14.9873,0.0112726
14.9888,0.0112715
14.9903,0.0112703
14.9918,0.0112691
14.9933,0.0112678
14.9948,0.0112666
14.9963,0.0112653
14.9978,0.011264
14.9993,0.0112627
15.0008,0.0112614
15.0023,0.01126
15.0038,0.0112587
15.0053,0.0112573
15.0068,0.0112559
15.0083,0.0112545
15.0098,0.011253
15.0113,0.0112516
15.0128,0.0112501
15.0143,0.0112486
15.0158,0.0112471
15.0173,0.0112455
15.0188,0.011244
15.0203,0.0112424
15.0218,0.0112408
15.0233,0.0112392
15.0248,0.0112376
15.0263,0.0112359
15.0278,0.0112343
15.0293,0.0112326
15.0308,0.0112309
15.0323,0.0112292
15.0338,0.0112275
15.0353,0.0112257
15.0368,0.0112239
15.0383,0.0112222
15.0398,0.0112204
15.0413,0.0112186
15.0428,0.0112168
15.0443,0.0112149
15.0458,0.0112131
15.0473,0.0112112
15.0488,0.0112093
15.0503,0.0112074
15.0518,0.0112055
15.0533,0.0112036
15.0548,0.0112016
15.0563,0.0111996
15.0578,0.0111977
15.0593,0.0111957
15.0608,0.0111937
15.0623,0.0111916
15.0638,0.0111896
15.0653,0.0111875
15.0668,0.0111855
15.0683,0.0111834
15.0698,0.0111813
15.0713,0.0111792
15.0728,0.011177
15.0743,0.0111749
15.0758,0.0111727
15.0773,0.0111705
15.0788,0.0111684
15.0803,0.0111661
15.0818,0.0111667
15.0833,0.0111677
15.0848,0.0111688
15.0863,0.0111698
15.0878,0.0111708
15.0893,0.0111718
15.0908,0.0111728
15.0923,0.0111737
15.0938,0.0111746
15.0953,0.0111755
15.0968,0.0111764
15.0983,0.0111773
15.0998,0.0111781
15.1013,0.011179
15.1028,0.0111797
15.1043,0.0111805
15.1058,0.0111812
15.1073,0.0111819
15.1088,0.0111826
15.1103,0.0111832
15.1118,0.0111838
15.1133,0.0111844
15.1148,0.0111849
15.1163,0.0111854
15.1178,0.0111859
15.1193,0.0111863
15.1208,0.0111867
15.1223,0.011187
15.1238,0.0111873
15.1253,0.0111876
15.1268,0.0111878
15.1283,0.011188
15.1298,0.0111881
15.1313,0.0111882
15.1328,0.0111882
15.1343,0.0111882
15.1358,0.0111882
15.1373,0.0111881
15.1388,0.011188
15.1403,0.0111878
15.1418,0.0111876
15.1433,0.0111873
15.1448,0.011187
15.1463,0.0111866
15.1478,0.0111862
15.1493,0.0111858
15.1508,0.0111853
15.1523,0.0111847
15.1538,0.0111841
15.1553,0.0111835
15.1568,0.0111828
15.1583,0.0111821
15.1598,0.0111813
15.1613,0.0111805
15.1628,0.0111797
15.1643,0.0111788
15.1658,0.0111778
15.1673,0.0111768
15.1688,0.0111758
15.1703,0.0111748
15.1718,0.0111737
15.1733,0.0111726
15.1748,0.0111714
15.1763,0.0111702
15.1778,0.0111689
15.1793,0.0111677
15.1808,0.0111664
15.1823,0.011165
15.1838,0.0111637
15.1853,0.0111623
15.1868,0.0111608
15.1883,0.0111594
15.1898,0.0111579
15.1913,0.0111564
15.1928,0.0111549
15.1943,0.0111534
15.1958,0.0111518
15.1973,0.0111502
15.1988,0.0111486
15.2003,0.011147
15.2018,0.0111453
15.2033,0.0111437
15.2048,0.011142
15.2063,0.0111404
15.2078,0.0111387
15.2093,0.011137
15.2108,0.0111353
15.2123,0.0111336
15.2138,0.0111318
15.2153,0.0111301
15.2168,0.0111284
15.2183,0.0111267
15.2198,0.0111249
15.2213,0.0111232
15.2228,0.0111215
15.2243,0.0111197
15.2258,0.011118
15.2273,0.0111163
15.2288,0.0111146
15.2303,0.0111129
15.2318,0.0111112
15.2333,0.0111095
15.2348,0.0111079
15.2363,0.0111062
15.2378,0.0111046
15.2393,0.0111029
15.2408,0.0111013
15.2423,0.0110997
15.2438,0.0110981
15.2453,0.0110966
15.2468,0.011095
15.2483,0.0110935
15.2498,0.011092
15.2513,0.0110905
15.2528,0.011089
15.2543,0.0110875
15.2558,0.0110861
15.2573,0.0110847
15.2588,0.0110833
15.2603,0.011082
15.2618,0.0110806
15.2633,0.0110793
15.2648,0.011078
15.2663,0.0110767
15.2678,0.0110755
15.2693,0.0110742
15.2708,0.0110731
15.2723,0.0110719
15.2738,0.0110707
15.2753,0.0110696
15.2768,0.0110685
15.2783,0.0110675
15.2798,0.0110664
15.2813,0.0110654
15.2828,0.0110644
15.2843,0.0110635
15.2858,0.0110625
15.2873,0.0110616
15.2888,0.0110607
15.2903,0.0110599
15.2918,0.011059
15.2933,0.0110582
15.2948,0.0110574
15.2963,0.0110566
15.2978,0.0110559
15.2993,0.0110551
15.3008,0.0110544
15.3023,0.0110537
15.3038,0.0110531
15.3053,0.0110524
15.3068,0.0110518
15.3083,0.0110512
15.3098,0.0110505
15.3113,0.0110499
15.3128,0.0110494
15.3143,0.0110488
15.3158,0.0110483
15.3173,0.0110477
15.3188,0.0110472
15.3203,0.0110467
15.3218,0.0110462
15.3233,0.0110457
15.3248,0.0110452
15.3263,0.0110447
15.3278,0.0110442
15.3293,0.0110437
15.3308,0.0110432
15.3323,0.0110427
15.3338,0.0110422
15.3353,0.0110417
15.3368,0.0110413
15.3383,0.0110408
15.3398,0.0110403
15.3413,0.0110398
15.3428,0.0110393
15.3443,0.0110388
15.3458,0.0110383
15.3473,0.0110377
15.3488,0.0110372
15.3503,0.0110367
15.3518,0.0110361
15.3533,0.0110355
15.3548,0.0110349
15.3563,0.0110344
15.3578,0.0110337
15.3593,0.0110331
15.3608,0.0110325
15.3623,0.0110318
15.3638,0.0110311
15.3653,0.0110304
15.3668,0.0110297
15.3684,0.011029
15.3699,0.0110282
15.3714,0.0110274
15.3729,0.0110266
15.3744,0.0110258
15.3759,0.0110249
15.3774,0.011024
15.3789,0.0110231
15.3804,0.0110222
15.3819,0.0110212
15.3834,0.0110202
15.3849,0.0110192
15.3864,0.0110181
15.3879,0.011017
15.3894,0.0110159
15.3909,0.0110148
15.3924,0.0110136
15.3939,0.0110124
15.3954,0.0110111
15.3969,0.0110098
15.3984,0.0110085
15.3999,0.0110072
15.4014,0.0110058
15.4029,0.0110044
15.4044,0.011003
15.4059,0.0110015
15.4074,0.011
15.4089,0.0109985
15.4104,0.0109969
15.4119,0.0109953
15.4134,0.0109936
15.4149,0.010992
15.4164,0.0109903
15.4179,0.0109886
15.4194,0.0109868
15.4209,0.010985
15.4224,0.0109832
15.4239,0.0109814
15.4254,0.0109795
15.4269,0.0109776
15.4284,0.0109757
15.4299,0.0109737
15.4314,0.0109717
15.4329,0.0109697
15.4344,0.0109677
15.4359,0.0109656
15.4374,0.0109635
15.4389,0.0109614
15.4404,0.0109593
15.4419,0.0109571
15.4434,0.0109549
15.4449,0.0109527
15.4464,0.0109505
15.4479,0.0109483
15.4494,0.010946
15.4509,0.0109438
15.4524,0.0109415
15.4539,0.0109392
15.4554,0.0109369
15.4569,0.0109345
15.4584,0.0109322
15.4599,0.0109298
15.4614,0.0109275
15.4629,0.0109251
15.4644,0.0109227
15.4659,0.0109203
15.4674,0.0109179
15.4689,0.0109155
15.4704,0.0109131
15.4719,0.0109107
15.4734,0.0109082
15.4749,0.0109058
15.4764,0.0109034
15.4779,0.010901
15.4794,0.0108985
15.4809,0.0108961
15.4824,0.0108937
15.4839,0.0108913
15.4854,0.0108889
15.4869,0.0108865
15.4884,0.0108841
15.4899,0.0108817
15.4914,0.0108793
15.4929,0.0108769
15.4944,0.0108745
15.4959,0.0108721
15.4974,0.0108697
15.4989,0.0108674
15.5004,0.010865
15.5019,0.0108627
15.5034,0.0108603
15.5049,0.010858
15.5064,0.0108557
15.5079,0.0108534
15.5094,0.0108512
15.5109,0.0108489
15.5124,0.0108467
15.5139,0.0108444
15.5154,0.0108422
15.5169,0.01084
15.5184,0.0108379
15.5199,0.0108357
15.5214,0.0108335
15.5229,0.0108314
15.5244,0.0108293
15.5259,0.0108272
15.5274,0.0108251
15.5289,0.0108231
15.5304,0.0108211
15.5319,0.0108191
15.5334,0.0108171
15.5349,0.0108151
15.5364,0.0108131
15.5379,0.0108112
15.5394,0.0108093
15.5409,0.0108074
15.5424,0.0108055
15.5439,0.0108037
15.5454,0.0108018
15.5469,0.0108
15.5484,0.0107982
15.5499,0.0107965
15.5514,0.0107947
15.5529,0.010793
15.5544,0.0107913
15.5559,0.0107896
15.5574,0.0107879
15.5589,0.0107862
15.5604,0.0107846
15.5619,0.010783
15.5634,0.0107814
15.5649,0.0107798
15.5664,0.0107783
15.5679,0.0107767
15.5694,0.0107752
15.5709,0.0107737
15.5724,0.0107722
15.5739,0.0107707
15.5754,0.0107693
15.5769,0.0107678
15.5784,0.0107664
15.5799,0.010765
15.5814,0.0107636
15.5829,0.0107622
15.5844,0.0107609
15.5859,0.0107595
15.5874,0.0107582
15.5889,0.0107569
15.5904,0.0107556
15.5919,0.0107543
15.5934,0.010753
15.5949,0.0107518
15.5964,0.0107505
15.5979,0.0107493
15.5994,0.010748
15.6009,0.0107468
15.6024,0.0107456
15.6039,0.0107444
15.6054,0.0107433
15.6069,0.0107421
15.6084,0.0107409
15.6099,0.0107398
15.6114,0.0107387
15.6129,0.0107375
15.6144,0.0107364
15.6159,0.0107353
15.6174,0.0107342
15.6189,0.0107331
15.6204,0.0107321
15.6219,0.010731
15.6234,0.0107299
15.6249,0.0107289
15.6264,0.0107278
15.6279,0.0107268
15.6294,0.0107258
15.6309,0.0107248
15.6324,0.0107238
15.6339,0.0107228
15.6354,0.0107218
15.6369,0.0107208
15.6384,0.0107198
15.6399,0.0107189
15.6414,0.0107179
15.6429,0.0107169
15.6444,0.010716
15.6459,0.010715
15.6474,0.0107141
15.6489,0.0107132
15.6504,0.0107123
15.6519,0.0107114
15.6534,0.0107105
15.6549,0.0107096
15.6564,0.0107087
15.6579,0.0107078
15.6594,0.010707
15.6609,0.0107061
15.6624,0.0107052
15.6639,0.0107044
15.6654,0.0107036
15.6669,0.0107027
15.6684,0.0107019
15.6699,0.0107011
15.6714,0.0107003
15.6729,0.0106995
15.6744,0.0106987
15.6759,0.0106979
15.6774,0.0106971
15.6789,0.0106963
15.6804,0.0106956
15.6819,0.0106948
15.6834,0.0106941
15.6849,0.0106933
15.6864,0.0106926
15.6879,0.0106919
15.6894,0.0106911
15.6909,0.0106904
15.6924,0.0106897
15.6939,0.010689
15.6954,0.0106883
15.6969,0.0106876
15.6984,0.010687
15.6999,0.0106863
15.7014,0.0106856
15.7029,0.010685
15.7044,0.0106843
15.7059,0.0106836
15.7074,0.010683
15.7089,0.0106824
15.7104,0.0106817
15.7119,0.0106811
15.7134,0.0106805
15.7149,0.0106798
15.7164,0.0106792
15.7179,0.0106786
15.7194,0.010678
15.7209,0.0106774
15.7224,0.0106768
15.7239,0.0106762
15.7254,0.0106756
15.7269,0.010675
15.7284,0.0106744
15.7299,0.0106738
15.7314,0.0106732
15.7329,0.0106726
15.7344,0.010672
15.7359,0.0106714
15.7374,0.0106708
15.7389,0.0106702
15.7404,0.0106696
15.7419,0.010669
15.7434,0.0106684
15.7449,0.0106678
15.7464,0.0106671
15.7479,0.0106665
15.7494,0.0106659
15.7509,0.0106652
15.7524,0.0106645
15.7539,0.0106639
15.7554,0.0106632
15.7569,0.0106625
15.7584,0.0106618
15.7599,0.010661
15.7614,0.0106603
15.7629,0.0106596
15.7644,0.0106588
15.7659,0.010658
15.7674,0.0106572
15.7689,0.0106564
15.7704,0.0106556
15.7719,0.0106547
15.7734,0.0106538
15.7749,0.010653
15.7764,0.010652
15.7779,0.0106511
15.7794,0.0106501
15.7809,0.0106492
15.7824,0.0106482
15.7839,0.0106472
15.7854,0.0106463
15.7869,0.0106453
15.7884,0.0106443
15.7899,0.0106434
15.7914,0.0106424
15.7929,0.0106415
15.7944,0.0106406
15.7959,0.0106397
15.7974,0.0106388
15.7989,0.0106379
15.8004,0.010637
15.8019,0.0106361
15.8034,0.0106352
15.8049,0.0106343
15.8064,0.0106335
15.8079,0.0106326
15.8094,0.0106317
15.8109,0.0106309
15.8124,0.0106298
15.8139,0.0106287
15.8154,0.0106274
15.8169,0.010626
15.8184,0.0106244
15.8199,0.0106226
15.8214,0.0106208
15.8229,0.0106188
15.8244,0.0106166
15.8259,0.0106143
15.8274,0.0106119
15.8289,0.0106093
15.8304,0.0106066
15.8319,0.0106038
15.8334,0.0106008
15.8349,0.0105977
15.8364,0.0105945
15.8379,0.0105911
15.8394,0.0105876
15.8409,0.010584
15.8424,0.0105803
15.8439,0.0105764
15.8454,0.0105725
15.8469,0.0105684
15.8484,0.0105642
15.8499,0.0105599
15.8514,0.0105555
15.8529,0.010551
15.8544,0.0105464
15.8559,0.0105417
15.8574,0.0105369
15.8589,0.0105321
15.8604,0.0105272
15.8619,0.0105221
15.8634,0.0105171
15.8649,0.0105119
15.8664,0.0105067
15.8679,0.0105014
15.8694,0.0104961
15.8709,0.0104907
15.8724,0.0104852
15.8739,0.0104797
15.8754,0.0104742
15.8769,0.0104686
15.8784,0.0104629
15.8799,0.0104573
15.8814,0.0104516
15.8829,0.0104459
15.8844,0.0104401
15.8859,0.0104343
15.8874,0.0104286
15.8889,0.0104228
15.8904,0.010417
15.8919,0.0104112
15.8934,0.0104054
15.8949,0.0103996
15.8964,0.0103937
15.8979,0.0103902
15.8994,0.0103888
15.9009,0.0103873
15.9024,0.010386
15.9039,0.0103847
15.9054,0.0103834
15.9069,0.0103822
15.9084,0.010381
15.9099,0.0103799
15.9114,0.0103788
15.9129,0.0103778
15.9144,0.0103768
15.9159,0.0103758
15.9174,0.0103749
15.9189,0.010374
15.9204,0.0103732
15.9219,0.0103724
15.9234,0.0103716
15.9249,0.0103708
15.9264,0.01037
15.9279,0.0103693
15.9294,0.0103686
15.9309,0.0103679
15.9324,0.0103671
15.9339,0.0103664
15.9354,0.0103657
15.9369,0.010365
15.9384,0.0103642
15.9399,0.0103634
15.9414,0.0103626
15.9429,0.0103618
15.9444,0.010361
15.9459,0.0103602
15.9474,0.0103593
15.9489,0.0103584
15.9504,0.0103575
15.9519,0.0103565
15.9534,0.0103556
15.9549,0.0103545
15.9564,0.0103535
15.9579,0.0103524
15.9594,0.0103513
15.9609,0.0103501
15.9624,0.0103488
15.9639,0.0103475
15.9654,0.0103461
15.9669,0.0103447
15.9684,0.0103431
15.9699,0.0103416
15.9714,0.0103399
15.9729,0.0103381
15.9744,0.0103363
15.9759,0.0103344
15.9774,0.0103324
15.9789,0.0103303
15.9804,0.0103282
15.9819,0.0103259
15.9834,0.0103236
15.9849,0.0103212
15.9864,0.0103186
15.9879,0.010316
15.9894,0.0103133
15.9909,0.0103105
15.9924,0.0103076
15.9939,0.0103046
15.9954,0.0103015
15.9969,0.0102983
15.9984,0.010295
15.9999,0.0102916
16.0014,0.0102881
16.0029,0.0102845
16.0044,0.0102808
16.0059,0.010277
16.0074,0.0102731
16.0089,0.0102692
16.0104,0.0102651
16.0119,0.010261
16.0134,0.0102567
16.0149,0.0102524
16.0164,0.010248
16.0179,0.0102435
16.0194,0.0102389
16.0209,0.0102343
16.0224,0.0102295
16.0239,0.0102247
16.0254,0.0102199
16.0269,0.0102149
16.0284,0.0102119
16.0299,0.0102112
16.0314,0.0102106
16.0329,0.0102099
16.0344,0.0102093
16.0359,0.0102087
16.0374,0.0102081
16.0389,0.0102075
16.0404,0.0102069
16.0419,0.0102064
16.0434,0.0102059
16.0449,0.0102054
16.0464,0.0102049
16.0479,0.0102044
16.0494,0.010204
16.0509,0.0102035
16.0524,0.0102031
16.0539,0.0102028
16.0554,0.0102024
16.0569,0.010202
16.0584,0.0102017
16.0599,0.0102014
16.0614,0.0102011
16.0629,0.0102008
16.0644,0.0102006
16.0659,0.0102004
16.0674,0.0102002
16.0689,0.0102
16.0704,0.0101998
16.0719,0.0101996
16.0734,0.0101995
16.0749,0.0101994
16.0764,0.0101993
16.0779,0.0101992
16.0794,0.0101991
16.0809,0.0101991
16.0824,0.0101992
16.0839,0.0101992
16.0854,0.0101993
16.0869,0.0101995
16.0884,0.0101997
16.0899,0.0101999
16.0914,0.0102002
16.0929,0.0102005
16.0944,0.0102008
16.0959,0.0102012
16.0974,0.0102016
16.0989,0.010202
16.1003,0.0102025
16.1018,0.010203
16.1033,0.0102035
16.1048,0.0102041
16.1063,0.0102047
16.1078,0.0102053
16.1093,0.0102059
16.1108,0.0102066
16.1123,0.0102073
16.1138,0.0102081
16.1153,0.0102088
16.1168,0.0102096
16.1183,0.0102104
16.1198,0.0102112
16.1213,0.0102121
16.1228,0.0102129
16.1243,0.0102138
16.1258,0.0102146
16.1273,0.0102155
16.1288,0.0102164
16.1303,0.0102174
16.1318,0.0102183
16.1333,0.0102192
16.1348,0.0102201
16.1363,0.0102211
16.1378,0.010222
16.1393,0.0102229
16.1408,0.0102239
16.1423,0.0102248
16.1438,0.0102257
16.1453,0.0102267
16.1468,0.0102276
16.1483,0.0102285
16.1498,0.0102294
16.1513,0.0102303
16.1528,0.0102311
16.1543,0.010232
16.1558,0.0102328
16.1573,0.0102336
16.1588,0.0102344
16.1603,0.0102352
16.1618,0.0102359
16.1633,0.0102366
16.1648,0.0102373
16.1663,0.0102379
16.1678,0.0102385
16.1693,0.0102391
16.1708,0.0102396
16.1723,0.0102401
16.1738,0.0102406
16.1753,0.010241
16.1768,0.0102414
16.1783,0.0102417
16.1798,0.010242
16.1813,0.0102423
16.1828,0.0102425
16.1843,0.0102426
16.1858,0.0102427
16.1873,0.0102428
16.1888,0.0102428
16.1903,0.0102428
16.1918,0.0102427
16.1933,0.0102426
16.1948,0.0102424
16.1963,0.0102421
16.1978,0.0102418
16.1993,0.0102415
16.2008,0.0102411
16.2023,0.0102406
16.2038,0.0102401
16.2053,0.0102395
16.2068,0.0102389
16.2083,0.0102382
16.2098,0.0102375
16.2113,0.0102367
16.2128,0.0102358
16.2143,0.0102349
16.2158,0.010234
16.2173,0.0102329
16.2188,0.0102319
16.2203,0.0102307
16.2218,0.0102296
16.2233,0.0102283
16.2248,0.0102271
16.2263,0.0102258
16.2278,0.0102244
16.2293,0.010223
16.2308,0.0102217
16.2323,0.0102202
16.2338,0.0102188
16.2353,0.0102173
16.2368,0.0102159
16.2383,0.0102144
16.2398,0.0102129
16.2413,0.0102114
16.2428,0.0102099
16.2443,0.0102084
16.2458,0.0102069
16.2473,0.0102054
16.2488,0.0102039
16.2503,0.0102024
16.2518,0.0102009
16.2533,0.0101994
16.2548,0.0101979
16.2563,0.0101963
16.2578,0.0101948
16.2593,0.0101932
16.2608,0.0101917
16.2623,0.0101901
16.2638,0.0101886
16.2653,0.010187
16.2668,0.0101854
16.2683,0.0101839
16.2698,0.0101823
16.2713,0.0101807
16.2728,0.0101791
16.2743,0.0101775
16.2758,0.0101759
16.2773,0.0101743
16.2788,0.0101727
16.2803,0.0101711
16.2817,0.0101694
16.2832,0.0101678
16.2847,0.0101662
16.2862,0.0101645
16.2877,0.0101629
16.2892,0.0101612
16.2907,0.0101595
16.2922,0.0101579
16.2937,0.0101562
16.2952,0.0101545
16.2967,0.0101528
16.2982,0.0101511
16.2997,0.0101494
16.3012,0.0101478
16.3027,0.0101461
16.3042,0.0101444
16.3057,0.0101426
16.3072,0.0101409
16.3087,0.0101392
16.3102,0.0101375
16.3117,0.0101358
16.3132,0.0101341
16.3147,0.0101323
16.3162,0.0101306
16.3177,0.0101289
16.3192,0.0101272
16.3207,0.0101255
16.3222,0.0101237
16.3237,0.010122
16.3252,0.0101203
16.3267,0.0101186
16.3282,0.0101169
16.3297,0.0101151
16.3312,0.0101134
16.3327,0.0101117
16.3342,0.0101101
16.3357,0.0101084
16.3372,0.0101068
16.3387,0.0101052
16.3402,0.0101037
16.3417,0.0101022
16.3432,0.0101008
16.3447,0.0100994
16.3462,0.010098
16.3477,0.0100967
16.3492,0.0100955
16.3507,0.0100944
16.3522,0.0100933
16.3537,0.0100923
16.3552,0.0100915
16.3567,0.0100906
16.3582,0.0100899
16.3597,0.0100893
16.3612,0.0100887
16.3627,0.0100883
16.3642,0.0100879
16.3657,0.0100876
16.3672,0.0100874
16.3687,0.0100873
16.3702,0.0100873
16.3717,0.0100873
16.3732,0.0100875
16.3747,0.0100877
16.3762,0.0100881
16.3777,0.0100885
16.3792,0.010089
16.3807,0.0100896
16.3822,0.0100903
16.3837,0.0100911
16.3852,0.0100919
16.3867,0.0100929
16.3882,0.0100939
16.3897,0.010095
16.3912,0.0100962
16.3927,0.0100975
16.3942,0.0100989
16.3957,0.0101003
16.3972,0.0101018
16.3987,0.0101034
16.4002,0.010105
16.4017,0.0101068
16.4032,0.0101086
16.4047,0.0101104
16.4062,0.0101124
16.4077,0.0101143
16.4092,0.0101164
16.4107,0.0101185
16.4122,0.0101207
16.4137,0.0101229
16.4152,0.0101252
16.4167,0.0101275
16.4182,0.0101298
16.4197,0.0101323
16.4212,0.0101347
16.4227,0.0101372
16.4242,0.0101397
16.4257,0.0101423
16.4272,0.0101449
16.4287,0.0101475
16.4302,0.0101501
16.4317,0.0101527
16.4332,0.0101554
16.4347,0.0101581
16.4362,0.0101607
16.4377,0.0101634
16.4392,0.0101661
16.4407,0.0101688
16.4422,0.0101715
16.4437,0.0101742
16.4452,0.0101769
16.4467,0.0101796
16.4482,0.0101823
16.4497,0.0101849
16.4512,0.0101876
16.4527,0.0101902
16.4542,0.0101928
16.4557,0.0101953
16.4572,0.0101979
16.4587,0.0102004
16.4602,0.0102029
16.4617,0.0102053
16.4632,0.0102077
16.4646,0.0102101
16.4661,0.0102124
16.4676,0.0102147
16.4691,0.0102169
16.4706,0.0102191
16.4721,0.0102212
16.4736,0.0102233
16.4751,0.0102253
16.4766,0.0102273
16.4781,0.0102292
16.4796,0.010231
16.4811,0.0102328
16.4826,0.0102346
16.4841,0.0102362
16.4856,0.0102378
16.4871,0.0102394
16.4886,0.0102409
16.4901,0.0102423
16.4916,0.0102436
16.4931,0.0102449
16.4946,0.0102462
16.4961,0.0102473
16.4976,0.0102484
16.4991,0.0102494
16.5006,0.0102504
16.5021,0.0102513
16.5036,0.0102521
16.5051,0.0102528
16.5066,0.0102535
16.5081,0.0102541
16.5096,0.0102547
16.5111,0.0102552
16.5126,0.0102556
16.5141,0.010256
16.5156,0.0102563
16.5171,0.0102566
16.5186,0.0102568
16.5201,0.0102569
16.5216,0.010257
16.5231,0.010257
16.5246,0.010257
16.5261,0.0102569
16.5276,0.0102568
16.5291,0.0102567
16.5306,0.0102565
16.5321,0.0102562
16.5336,0.010256
16.5351,0.0102556
16.5366,0.0102553
16.5381,0.0102549
16.5396,0.0102544
16.5411,0.010254
16.5426,0.0102535
16.5441,0.010253
16.5456,0.0102524
16.5471,0.0102518
16.5486,0.0102513
16.5501,0.0102506
16.5516,0.01025
16.5531,0.0102494
16.5546,0.0102487
16.5561,0.010248
16.5576,0.0102473
16.5591,0.0102466
16.5606,0.0102459
16.5621,0.0102452
16.5636,0.0102445
16.5651,0.0102437
16.5666,0.010243
16.5681,0.0102423
16.5696,0.0102415
16.5711,0.0102408
16.5726,0.0102401
16.5741,0.0102393
16.5756,0.0102386
16.5771,0.0102379
16.5786,0.0102372
16.5801,0.0102365
16.5816,0.0102358
16.5831,0.0102351
16.5846,0.0102344
16.5861,0.0102337
16.5876,0.0102331
16.5891,0.0102324
16.5906,0.0102318
16.5921,0.0102312
16.5936,0.0102306
16.5951,0.01023
16.5966,0.0102294
16.5981,0.0102288
16.5996,0.0102283
16.6011,0.0102277
16.6026,0.0102272
16.6041,0.0102267
16.6056,0.0102262
16.6071,0.0102257
16.6086,0.0102253
16.6101,0.0102248
16.6116,0.0102244
16.6131,0.010224
16.6146,0.0102236
16.6161,0.0102232
16.6176,0.0102228
16.6191,0.0102224
16.6206,0.010222
16.6221,0.0102217
16.6236,0.0102213
16.6251,0.010221
16.6266,0.0102207
16.6281,0.0102203
16.6296,0.01022
16.6311,0.0102197
16.6326,0.0102194
16.6341,0.0102191
16.6356,0.0102187
16.6371,0.0102184
16.6386,0.0102181
16.6401,0.0102178
16.6416,0.0102174
16.6431,0.0102171
16.6446,0.0102168
16.646,0.0102164
16.6475,0.010216
16.649,0.0102157
16.6505,0.0102153
16.652,0.0102149
16.6535,0.0102145
16.655,0.0102141
16.6565,0.0102136
16.658,0.0102131
16.6595,0.0102127
16.661,0.0102121
16.6625,0.0102116
16.664,0.0102111
16.6655,0.0102105
16.667,0.0102099
16.6685,0.0102092
16.67,0.0102086
16.6715,0.0102079
16.673,0.0102071
16.6745,0.0102064
16.676,0.0102056
16.6775,0.0102048
16.679,0.0102039
16.6805,0.010203
16.682,0.0102021
16.6835,0.0102011
16.685,0.0102001
16.6865,0.010199
16.688,0.0101979
16.6895,0.0101968
16.691,0.0101956
16.6925,0.0101943
16.694,0.0101931
16.6955,0.0101917
16.697,0.0101904
16.6985,0.0101889
16.7,0.0101875
16.7015,0.0101859
16.703,0.0101844
16.7045,0.0101828
16.706,0.0101811
16.7075,0.0101794
16.709,0.0101776
16.7105,0.0101758
16.712,0.010174
16.7135,0.0101721
16.715,0.0101701
16.7165,0.0101681
16.718,0.010166
16.7195,0.0101639
16.721,0.0101618
16.7225,0.0101596
16.724,0.0101574
16.7255,0.0101551
16.727,0.0101528
16.7285,0.0101504
16.73,0.010148
16.7315,0.0101455
16.733,0.010143
16.7345,0.0101404
16.736,0.0101378
16.7375,0.0101352
16.739,0.0101325
16.7405,0.0101298
16.742,0.0101271
16.7435,0.0101243
16.745,0.0101215
16.7465,0.0101186
16.748,0.0101157
16.7495,0.0101128
16.751,0.0101098
16.7525,0.0101068
16.754,0.0101038
16.7555,0.0101007
16.757,0.0100977
16.7585,0.0100946
16.76,0.0100914
16.7615,0.0100883
16.763,0.0100851
16.7645,0.0100819
16.766,0.0100787
16.7675,0.0100755
16.769,0.0100723
16.7705,0.0100691
16.772,0.0100658
16.7735,0.0100625
16.775,0.0100592
16.7765,0.010056
16.778,0.0100527
16.7795,0.0100493
16.781,0.010046
16.7825,0.0100427
16.784,0.0100394
16.7855,0.0100361
16.787,0.0100328
16.7885,0.0100294
16.79,0.0100261
16.7915,0.0100228
16.793,0.0100195
16.7945,0.0100163
16.796,0.010013
16.7975,0.0100097
16.799,0.0100065
16.8005,0.0100032
16.802,0.00999998
16.8035,0.00999676
16.805,0.00999356
16.8065,0.00999037
16.808,0.0099872
16.8095,0.00998405
16.811,0.00998093
16.8125,0.00997782
16.814,0.00997473
16.8155,0.00997167
16.817,0.00996864
16.8185,0.00996563
16.82,0.00996265
16.8215,0.00995969
16.823,0.00995677
16.8245,0.00995388
16.826,0.00995102
16.8274,0.00994819
16.8289,0.00994539
16.8304,0.00994262
16.8319,0.00993989
16.8334,0.00993719
16.8349,0.00993452
16.8364,0.00993189
16.8379,0.0099293
16.8394,0.00992674
16.8409,0.00992423
16.8424,0.00992175
16.8439,0.00991932
16.8454,0.00991692
16.8469,0.00991456
16.8484,0.00991225
16.8499,0.00990997
16.8514,0.00991291
16.8529,0.00991829
16.8544,0.00992367
16.8559,0.00992906
16.8574,0.00993444
16.8589,0.00993982
16.8604,0.0099452
16.8619,0.00995059
16.8634,0.00995597
16.8649,0.00996135
16.8664,0.00996673
16.8679,0.00997212
16.8694,0.0099775
16.8709,0.00998288
16.8724,0.00998826
16.8739,0.00999364
16.8754,0.00999903
16.8769,0.0100044
16.8784,0.0100098
16.8799,0.0100152
16.8814,0.0100206
16.8829,0.0100259
16.8844,0.0100313
16.8859,0.0100367
16.8874,0.0100421
16.8889,0.0100475
16.8904,0.0100529
16.8919,0.0100582
16.8934,0.0100636
16.8949,0.010069
16.8964,0.0100744
16.8979,0.0100798
16.8994,0.0100851
16.9009,0.0100905
16.9024,0.0100959
16.9039,0.0101013
16.9054,0.0101067
16.9069,0.0101121
16.9084,0.0101174
16.9099,0.0101228
16.9114,0.0101282
16.9129,0.0101336
16.9144,0.010139
16.9159,0.0101444
16.9174,0.0101497
16.9189,0.0101551
16.9204,0.0101605
16.9219,0.0101659
16.9234,0.0101713
16.9249,0.0101766
16.9264,0.010182
16.9279,0.0101874
16.9294,0.0101928
16.9309,0.0101982
16.9324,0.0102036
16.9339,0.0102089
16.9354,0.0102143
16.9369,0.0102197
16.9384,0.0102251
16.9399,0.0102305
16.9414,0.0102359
16.9429,0.0102412
16.9444,0.0102466
16.9459,0.010252
16.9474,0.0102574
16.9489,0.0102628
16.9504,0.0102682
16.9519,0.0102735
16.9534,0.0102789
16.9549,0.0102843
16.9564,0.0102897
16.9579,0.0102951
16.9594,0.0103004
16.9609,0.0103058
16.9624,0.0103112
16.9639,0.0103166
16.9654,0.010322
16.9669,0.0103274
16.9684,0.0103327
16.9699,0.0103381
16.9714,0.0103435
16.9729,0.0103489
16.9744,0.0103543
16.9759,0.0103597
16.9774,0.010365
16.9789,0.0103704
16.9804,0.0103758
16.9819,0.0103812
16.9834,0.0103866
16.9849,0.0103919
16.9864,0.0103973
16.9879,0.0104027
16.9894,0.0104081
16.9909,0.0104135
16.9924,0.0104189
16.9939,0.0104242
16.9954,0.0104296
16.9969,0.010435
16.9984,0.0104404
16.9999,0.0104458
17.0014,0.0104512
17.0029,0.0104565
17.0044,0.0104619
17.0059,0.0104673
17.0074,0.0104727
17.0089,0.0104781
17.0103,0.0104835
17.0118,0.0104888
17.0133,0.0104942
17.0148,0.0104996
17.0163,0.010505
17.0178,0.0105104
17.0193,0.0105157
17.0208,0.0105211
17.0223,0.0105265
17.0238,0.0105319
17.0253,0.0105373
17.0268,0.0105427
17.0283,0.010548
17.0298,0.0105534
17.0313,0.0105588
17.0328,0.0105642
17.0343,0.0105696
17.0358,0.010575
17.0373,0.0105803
17.0388,0.0105857
17.0403,0.0105911
17.0418,0.0105965
17.0433,0.0106019
17.0448,0.0106073
17.0463,0.0106126
17.0478,0.010618
17.0493,0.0106234
17.0508,0.0106288
17.0523,0.0106342
17.0538,0.0106395
17.0553,0.0106449
17.0568,0.0106503
17.0583,0.0106557
17.0598,0.0106611
17.0613,0.0106665
17.0628,0.0106718
17.0643,0.0106772
17.0658,0.0106826
17.0673,0.010688
17.0688,0.0106934
17.0703,0.0106988
17.0718,0.0107041
17.0733,0.0107095
17.0748,0.0107149
17.0763,0.0107203
17.0778,0.0107257
17.0793,0.0107311
17.0808,0.0107364
17.0823,0.0107418
17.0838,0.0107472
17.0853,0.0107526
17.0868,0.010758
17.0883,0.0107633
17.0898,0.0107687
17.0913,0.0107741
17.0928,0.0107795
17.0943,0.0107849
17.0958,0.0107903
17.0973,0.0107956
17.0988,0.010801
17.1003,0.0108064
17.1018,0.0108118
17.1033,0.0108172
17.1048,0.0108226
17.1063,0.0108279
17.1078,0.0108333
17.1093,0.0108387
17.1108,0.0108441
17.1123,0.0108495
17.1138,0.0108549
17.1153,0.0108602
17.1168,0.0108656
17.1183,0.010871
17.1198,0.0108764
17.1213,0.0108818
17.1228,0.0108871
17.1243,0.0108925
17.1258,0.0108979
17.1273,0.0109033
17.1288,0.0109087
17.1303,0.0109141
17.1318,0.0109194
17.1333,0.0109248
17.1348,0.0109302
17.1363,0.0109356
17.1378,0.010941
17.1393,0.0109464
17.1408,0.0109517
17.1423,0.0109571
17.1438,0.0109625
17.1453,0.0109679
17.1468,0.0109733
17.1483,0.0109787
17.1498,0.010984
17.1513,0.0109894
17.1528,0.0109948
17.1543,0.0110002
17.1558,0.0110056
17.1573,0.0110109
17.1588,0.0110163
17.1603,0.0110217
17.1618,0.0110271
17.1633,0.0110325
17.1648,0.0110379
17.1663,0.0110432
17.1678,0.0110486
17.1693,0.011054
17.1708,0.0110594
17.1723,0.0110648
17.1738,0.0110702
17.1753,0.0110755
17.1768,0.0110809
17.1783,0.0110863
17.1798,0.0110917
17.1813,0.0110971
17.1828,0.0111025
17.1843,0.0111078
17.1858,0.0111132
17.1873,0.0111186
17.1888,0.011124
17.1903,0.0111294
17.1917,0.0111348
17.1932,0.0111401
17.1947,0.0111455
17.1962,0.0111509
17.1977,0.0111563
17.1992,0.0111617
17.2007,0.011167
17.2022,0.0111724
17.2037,0.0111778
17.2052,0.0111832
17.2067,0.0111886
17.2082,0.011194
17.2097,0.0111993
17.2112,0.0112047
17.2127,0.0112101
17.2142,0.0112155
17.2157,0.0112209
17.2172,0.0112263
17.2187,0.0112316
17.2202,0.011237
17.2217,0.0112424
17.2232,0.0112478
17.2247,0.0112532
17.2262,0.0112586
17.2277,0.0112639
17.2292,0.0112693
17.2307,0.0112747
17.2322,0.0112801
17.2337,0.0112855
17.2352,0.0112908
17.2367,0.0112962
17.2382,0.0113016
17.2397,0.011307
17.2412,0.0113124
17.2427,0.0113178
17.2442,0.0113231
17.2457,0.0113285
17.2472,0.0113339
17.2487,0.0113393
17.2502,0.0113447
17.2517,0.0113501
17.2532,0.0113554
17.2547,0.0113608
17.2562,0.0113662
17.2577,0.0113716
17.2592,0.011377
17.2607,0.0113824
17.2622,0.0113877
17.2637,0.0113931
17.2652,0.0113985
17.2667,0.0114039
17.2682,0.0114093
17.2697,0.0114147
17.2712,0.01142
17.2727,0.0114254
17.2742,0.0114308
17.2757,0.0114362
17.2772,0.0114416
17.2787,0.0114469
17.2802,0.0114523
17.2817,0.0114577
17.2832,0.0114631
17.2847,0.0114685
17.2862,0.0114739
17.2877,0.0114792
17.2892,0.0114846
17.2907,0.01149
17.2922,0.0114954
17.2937,0.0115008
17.2952,0.0115062
17.2967,0.0115115
17.2982,0.0115169
17.2997,0.0115223
17.3012,0.0115277
17.3027,0.0115331
17.3042,0.0115385
17.3057,0.0115438
17.3072,0.0115492
17.3087,0.0115546
17.3102,0.01156
17.3117,0.0115654
17.3132,0.0115707
17.3147,0.0115761
17.3162,0.0115815
17.3177,0.0115869
17.3192,0.0115923
17.3207,0.0115977
17.3222,0.011603
17.3237,0.0116084
17.3252,0.0116138
17.3267,0.0116192
17.3282,0.0116246
17.3297,0.01163
17.3312,0.0116353
17.3327,0.0116407
17.3342,0.0116461
17.3357,0.0116515
17.3372,0.0116569
17.3387,0.0116623
17.3402,0.0116676
17.3417,0.011673
17.3432,0.0116784
17.3447,0.0116838
17.3462,0.0116892
17.3477,0.0116946
17.3492,0.0116999
17.3507,0.0117053
17.3522,0.0117107
17.3537,0.0117161
17.3552,0.0117215
17.3567,0.0117268
17.3582,0.0117322
17.3597,0.0117376
17.3612,0.011743
17.3627,0.0117484
17.3642,0.0117538
17.3657,0.0117591
17.3672,0.0117645
17.3687,0.0117699
17.3702,0.0117753
17.3717,0.0117807
17.3731,0.0117861
17.3746,0.0117914
17.3761,0.0117968
17.3776,0.0118022
17.3791,0.0118076
17.3806,0.011813
17.3821,0.0118183
17.3836,0.0118237
17.3851,0.0118291
17.3866,0.0118345
17.3881,0.0118399
17.3896,0.0118453
17.3911,0.0118506
17.3926,0.011856
17.3941,0.0118614
17.3956,0.0118668
17.3971,0.0118722
17.3986,0.0118775
17.4001,0.0118829
17.4016,0.0118883
17.4031,0.0118937
17.4046,0.0118991
17.4061,0.0119045
17.4076,0.0119098
17.4091,0.0119152
17.4106,0.0119206
17.4121,0.011926
17.4136,0.0119314
17.4151,0.0119367
17.4166,0.0119421
17.4181,0.0119475
17.4196,0.0119529
17.4211,0.0119583
17.4226,0.0119637
17.4241,0.011969
17.4256,0.0119744
17.4271,0.0119798
17.4286,0.0119852
17.4301,0.0119906
17.4316,0.011996
17.4331,0.0120013
17.4346,0.0120067
17.4361,0.0120121
17.4376,0.0120175
17.4391,0.0120229
17.4406,0.0120282
17.4421,0.0120336
17.4436,0.012039
17.4451,0.0120444
17.4466,0.0120498
17.4481,0.0120552
17.4496,0.0120605
17.4511,0.0120659
17.4526,0.0120713
17.4541,0.0120767
17.4556,0.0120821
17.4571,0.0120874
17.4586,0.0120928
17.4601,0.0120982
17.4616,0.0121036
17.4631,0.012109
17.4646,0.0121144
17.4661,0.0121197
17.4676,0.0121251
17.4691,0.0121305
17.4706,0.0121359
17.4721,0.0121413
17.4736,0.0121467
17.4751,0.012152
17.4766,0.0121574
17.4781,0.0121628
17.4796,0.0121682
17.4811,0.0121736
17.4826,0.0121789
17.4841,0.0121843
17.4856,0.0121897
17.4871,0.0121951
17.4886,0.0122005
17.4901,0.0122059
17.4916,0.0122112
17.4931,0.0122166
17.4946,0.012222
17.4961,0.0122274
17.4976,0.0122328
17.4991,0.0122381
17.5006,0.0122435
17.5021,0.0122489
17.5036,0.0122543
17.5051,0.0122597
17.5066,0.0122651
17.5081,0.0122704
17.5096,0.0122758
17.5111,0.0122812
17.5126,0.0122866
17.5141,0.012292
17.5156,0.0122974
17.5171,0.0123027
17.5186,0.0123081
17.5201,0.0123135
17.5216,0.0123189
17.5231,0.0123243
17.5246,0.0123296
17.5261,0.012335
17.5276,0.0123404
17.5291,0.0123458
17.5306,0.0123512
17.5321,0.0123566
17.5336,0.0123619
17.5351,0.0123673
17.5366,0.0123727
17.5381,0.0123781
17.5396,0.0123835
17.5411,0.0123888
17.5426,0.0123942
17.5441,0.0123996
17.5456,0.012405
17.5471,0.0124104
17.5486,0.0124158
17.5501,0.0124211
17.5516,0.0124265
17.5531,0.0124319
17.5546,0.0124373
17.556,0.0124427
17.5575,0.0124481
17.559,0.0124534
17.5605,0.0124588
17.562,0.0124642
17.5635,0.0124696
17.565,0.012475
17.5665,0.0124803
17.568,0.0124857
17.5695,0.0124911
17.571,0.0124965
17.5725,0.0125019
17.574,0.0125073
17.5755,0.0125126
17.577,0.012518
17.5785,0.0125234
17.58,0.0125288
17.5815,0.0125342
17.583,0.0125395
17.5845,0.0125449
17.586,0.0125503
17.5875,0.0125557
17.589,0.0125611
17.5905,0.0125665
17.592,0.0125718
17.5935,0.0125772
17.595,0.0125826
17.5965,0.012588
17.598,0.0125934
17.5995,0.0125988
17.601,0.0126041
17.6025,0.0126095
17.604,0.0126149
17.6055,0.0126203
17.607,0.0126257
17.6085,0.012631
17.61,0.0126364
17.6115,0.0126418
17.613,0.0126472
17.6145,0.0126526
17.616,0.012658
17.6175,0.0126633
17.619,0.0126687
17.6205,0.0126741
17.622,0.0126795
17.6235,0.0126849
17.625,0.0126903
17.6265,0.0126956
17.628,0.012701
17.6295,0.0127064
17.631,0.0127118
17.6325,0.0127172
17.634,0.0127225
17.6355,0.0127279
17.637,0.0127333
17.6385,0.0127387
17.64,0.0127441
17.6415,0.0127495
17.643,0.0127548
17.6445,0.0127602
17.646,0.0127656
17.6475,0.012771
17.649,0.0127764
17.6505,0.0127817
17.652,0.0127871
17.6535,0.0127925
17.655,0.0127979
17.6565,0.0128033
17.658,0.0128087
17.6595,0.012814
17.661,0.0128194
17.6625,0.0128248
17.664,0.0128302
17.6655,0.0128356
17.667,0.012841
17.6685,0.0128463
17.67,0.0128517
17.6715,0.0128571
17.673,0.0128625
17.6745,0.0128679
17.676,0.0128732
17.6775,0.0128786
17.679,0.012884
17.6805,0.0128894
17.682,0.0128948
17.6835,0.0129002
17.685,0.0129055
17.6865,0.0129109
17.688,0.0129163
17.6895,0.0129217
17.691,0.0129271
17.6925,0.0129324
17.694,0.0129378
17.6955,0.0129432
17.697,0.0129486
17.6985,0.012954
17.7,0.0129594
17.7015,0.0129647
17.703,0.0129701
17.7045,0.0129755
17.706,0.0129809
17.7075,0.0129863
17.709,0.0129917
17.7105,0.012997
17.712,0.0130024
17.7135,0.0130078
17.715,0.0130132
17.7165,0.0130186
17.718,0.0130239
17.7195,0.0130293
17.721,0.0130347
17.7225,0.0130401
17.724,0.0130455
17.7255,0.0130509
17.727,0.0130562
17.7285,0.0130616
17.73,0.013067
17.7315,0.0130724
17.733,0.0130778
17.7345,0.0130832
17.736,0.0130885
17.7374,0.0130939
17.7389,0.0130993
17.7404,0.0131047
17.7419,0.0131101
17.7434,0.0131154
17.7449,0.0131208
17.7464,0.0131262
17.7479,0.0131316
17.7494,0.013137
17.7509,0.0131424
17.7524,0.0131477
17.7539,0.0131531
17.7554,0.0131585
17.7569,0.0131639
17.7584,0.0131693
17.7599,0.0131747
17.7614,0.01318
17.7629,0.0131854
17.7644,0.0131908
17.7659,0.0131962
17.7674,0.0132016
17.7689,0.0132069
17.7704,0.0132123
17.7719,0.0132177
17.7734,0.0132231
17.7749,0.0132285
17.7764,0.0132339
17.7779,0.0132392
17.7794,0.0132446
17.7809,0.01325
17.7824,0.0132554
17.7839,0.0132608
17.7854,0.0132661
17.7869,0.0132715
17.7884,0.0132769
17.7899,0.0132823
17.7914,0.0132877
17.7929,0.0132931
17.7944,0.0132984
17.7959,0.0133038
17.7974,0.0133092
17.7989,0.0133146
17.8004,0.01332
17.8019,0.0133254
17.8034,0.0133307
17.8049,0.0133361
17.8064,0.0133415
17.8079,0.0133469
17.8094,0.0133523
17.8109,0.0133576
17.8124,0.013363
17.8139,0.0133684
17.8154,0.0133738
17.8169,0.0133792
17.8184,0.0133846
17.8199,0.0133899
17.8214,0.0133953
17.8229,0.0134007
17.8244,0.0134061
17.8259,0.0134115
17.8274,0.0134169
17.8289,0.0134222
17.8304,0.0134276
17.8319,0.013433
17.8334,0.0134384
17.8349,0.0134438
17.8364,0.0134491
17.8379,0.0134545
17.8394,0.0134599
17.8409,0.0134653
17.8424,0.0134707
17.8439,0.0134761
17.8454,0.0134814
17.8469,0.0134868
17.8484,0.0134922
17.8499,0.0134976
17.8514,0.013503
17.8529,0.0135084
17.8544,0.0135137
17.8559,0.0135191
17.8574,0.0135245
17.8589,0.0135299
17.8604,0.0135353
17.8619,0.0135406
17.8634,0.013546
17.8649,0.0135514
17.8664,0.0135568
17.8679,0.0135622
17.8694,0.0135676
17.8709,0.0135729
17.8724,0.0135783
17.8739,0.0135837
17.8754,0.0135891
17.8769,0.0135945
17.8784,0.0135999
17.8799,0.0136052
17.8814,0.0136106
17.8829,0.013616
17.8844,0.0136214
17.8859,0.0136268
17.8874,0.0136321
17.8889,0.0136375
17.8904,0.0136429
17.8919,0.0136483
17.8934,0.0136537
17.8949,0.0136591
17.8964,0.0136644
17.8979,0.0136698
17.8994,0.0136752
17.9009,0.0136806
17.9024,0.013686
17.9039,0.0136914
17.9054,0.0136967
17.9069,0.0137021
17.9084,0.0137075
17.9099,0.0137129
17.9114,0.0137183
17.9129,0.0137236
17.9144,0.013729
17.9159,0.0137344
17.9174,0.0137398
17.9188,0.0137452
17.9203,0.0137506
17.9218,0.0137559
17.9233,0.0137613
17.9248,0.0137667
17.9263,0.0137721
17.9278,0.0137775
17.9293,0.0137828
17.9308,0.0137882
17.9323,0.0137936
17.9338,0.013799
17.9353,0.0138044
17.9368,0.0138098
17.9383,0.0138151
17.9398,0.0138205
17.9413,0.0138259
17.9428,0.0138313
17.9443,0.0138367
17.9458,0.0138421
17.9473,0.0138474
17.9488,0.0138528
17.9503,0.0138582
17.9518,0.0138636
17.9533,0.013869
17.9548,0.0138743
17.9563,0.0138797
17.9578,0.0138851
17.9593,0.0138905
17.9608,0.0138959
17.9623,0.0139013
17.9638,0.0139066
17.9653,0.013912
17.9668,0.0139174
17.9683,0.0139228
17.9698,0.0139282
17.9713,0.0139336
17.9728,0.0139389
17.9743,0.0139443
17.9758,0.0139497
17.9773,0.0139551
17.9788,0.0139605
17.9803,0.0139658
17.9818,0.0139712
17.9833,0.0139766
17.9848,0.013982
17.9863,0.0139874
17.9878,0.0139928
17.9893,0.0139981
17.9908,0.0140035
17.9923,0.0140089
17.9938,0.0140143
17.9953,0.0140197
17.9968,0.0140251
17.9983,0.0140304
17.9998,0.0140358
18.0013,0.0140412
18.0028,0.0140466
18.0043,0.014052
18.0058,0.0140573
18.0073,0.0140627
18.0088,0.0140681
18.0103,0.0140735
18.0118,0.0140789
18.0133,0.0140843
18.0148,0.0140896
18.0163,0.014095
18.0178,0.0141004
18.0193,0.0141058
18.0208,0.0141112
18.0223,0.0141166
18.0238,0.0141219
18.0253,0.0141273
18.0268,0.0141327
18.0283,0.0141381
18.0298,0.0141435
18.0313,0.0141488
18.0328,0.0141542
18.0343,0.0141596
18.0358,0.014165
18.0373,0.0141704
18.0388,0.0141758
18.0403,0.0141811
18.0418,0.0141865
18.0433,0.0141919
18.0448,0.0141973
18.0463,0.0142027
18.0478,0.0142081
18.0493,0.0142134
18.0508,0.0142188
18.0523,0.0142242
18.0538,0.0142296
18.0553,0.014235
18.0568,0.0142403
18.0583,0.0142457
18.0598,0.0142511
18.0613,0.0142565
18.0628,0.0142619
18.0643,0.0142673
18.0658,0.0142726
18.0673,0.014278
18.0688,0.0142834
18.0703,0.0142888
18.0718,0.0142942
18.0733,0.0142996
18.0748,0.0143049
18.0763,0.0143103
18.0778,0.0143157
18.0793,0.0143211
18.0808,0.0143265
18.0823,0.0143318
18.0838,0.0143372
18.0853,0.0143426
18.0868,0.014348
18.0883,0.0143534
18.0898,0.0143588
18.0913,0.0143641
18.0928,0.0143695
18.0943,0.0143749
18.0958,0.0143803
18.0973,0.0143857
18.0988,0.0143911
18.1003,0.0143964
18.1017,0.0144018
18.1032,0.0144072
18.1047,0.0144126
18.1062,0.014418
18.1077,0.0144233
18.1092,0.0144287
18.1107,0.0144341
18.1122,0.0144395
18.1137,0.0144449
18.1152,0.0144503
18.1167,0.0144556
18.1182,0.014461
18.1197,0.0144664
18.1212,0.0144718
18.1227,0.0144772
18.1242,0.0144826
18.1257,0.0144879
18.1272,0.0144933
18.1287,0.0144987
18.1302,0.0145041
18.1317,0.0145095
18.1332,0.0145148
18.1347,0.0145202
18.1362,0.0145256
18.1377,0.014531
18.1392,0.0145364
18.1407,0.0145418
18.1422,0.0145471
18.1437,0.0145525
18.1452,0.0145579
18.1467,0.0145633
18.1482,0.0145687
18.1497,0.0145741
18.1512,0.0145794
18.1527,0.0145848
18.1542,0.0145902
18.1557,0.0145956
18.1572,0.014601
18.1587,0.0146063
18.1602,0.0146117
18.1617,0.0146171
18.1632,0.0146225
18.1647,0.0146279
18.1662,0.0146333
18.1677,0.0146386
18.1692,0.014644
18.1707,0.0146494
18.1722,0.0146548
18.1737,0.0146601
18.1752,0.0146655
18.1767,0.0146709
18.1782,0.0146762
18.1797,0.0146816
18.1812,0.014687
18.1827,0.0146923
18.1842,0.0146977
18.1857,0.014703
18.1872,0.0147084
18.1887,0.0147137
18.1902,0.014719
18.1917,0.0147243
18.1932,0.0147296
18.1947,0.0147349
18.1962,0.0147402
18.1977,0.0147455
18.1992,0.0147508
18.2007,0.0147561
18.2022,0.0147613
18.2037,0.0147665
18.2052,0.0147718
18.2067,0.014777
18.2082,0.0147822
18.2097,0.0147874
18.2112,0.0147925
18.2127,0.0147977
18.2142,0.0148028
18.2157,0.0148079
18.2172,0.014813
18.2187,0.014818
18.2202,0.014823
18.2217,0.014828
18.2232,0.0148328
18.2247,0.0148376
18.2262,0.0148423
18.2277,0.0148469
18.2292,0.0148513
18.2307,0.0148557
18.2322,0.0148599
18.2337,0.0148639
18.2352,0.0148678
18.2367,0.0148715
18.2382,0.0148751
18.2397,0.0148784
18.2412,0.0148816
18.2427,0.0148845
18.2442,0.0148872
18.2457,0.0148897
18.2472,0.0148919
18.2487,0.0148939
18.2502,0.0148956
18.2517,0.014897
18.2532,0.0148981
18.2547,0.014899
18.2562,0.0148995
18.2577,0.0148998
18.2592,0.0148997
18.2607,0.0148993
18.2622,0.0148986
18.2637,0.0148975
18.2652,0.0148961
18.2667,0.0148943
18.2682,0.0148921
18.2697,0.0148896
18.2712,0.0148867
18.2727,0.0148835
18.2742,0.0148799
18.2757,0.0148759
18.2772,0.0148714
18.2787,0.0148666
18.2802,0.0148614
18.2817,0.0148558
18.2831,0.0148498
18.2846,0.0148433
18.2861,0.0148365
18.2876,0.0148292
18.2891,0.0148215
18.2906,0.0148134
18.2921,0.0148049
18.2936,0.014796
18.2951,0.0147867
18.2966,0.014777
18.2981,0.0147669
18.2996,0.0147564
18.3011,0.0147455
18.3026,0.0147341
18.3041,0.014722
18.3056,0.0147093
18.3071,0.0146959
18.3086,0.0146817
18.3101,0.0146667
18.3116,0.0146508
18.3131,0.0146341
18.3146,0.0146165
18.3161,0.0145979
18.3176,0.0145783
18.3191,0.014563
18.3206,0.0145683
18.3221,0.0145736
18.3236,0.0145789
18.3251,0.0145842
18.3266,0.0145895
18.3281,0.0145948
18.3296,0.0146001
18.3311,0.0146054
18.3326,0.0146107
18.3341,0.014616
18.3356,0.0146213
18.3371,0.0146265
18.3386,0.0146318
18.3401,0.0146371
18.3416,0.0146424
18.3431,0.0146477
18.3446,0.014653
18.3461,0.0146583
18.3476,0.0146636
18.3491,0.0146689
18.3506,0.0146742
18.3521,0.0146795
18.3536,0.0146848
18.3551,0.0146901
18.3566,0.0146953
18.3581,0.0147006
18.3596,0.0147059
18.3611,0.0147112
18.3626,0.0147165
18.3641,0.0147218
18.3656,0.0147271
18.3671,0.0147324
18.3686,0.0147377
18.3701,0.014743
18.3716,0.0147483
18.3731,0.0147536
18.3746,0.0147589
18.3761,0.0147641
18.3776,0.0147694
18.3791,0.0147747
18.3806,0.01478
18.3821,0.0147853
18.3836,0.0147906
18.3851,0.0147959
18.3866,0.0148012
18.3881,0.0148065
18.3896,0.0148118
18.3911,0.0148171
18.3926,0.0148224
18.3941,0.0148277
18.3956,0.014833
18.3971,0.0148382
18.3986,0.0148435
18.4001,0.0148488
18.4016,0.0148541
18.4031,0.0148594
18.4046,0.0148647
18.4061,0.01487
18.4076,0.0148753
18.4091,0.0148806
18.4106,0.0148859
18.4121,0.0148912
18.4136,0.0148965
18.4151,0.0149018
18.4166,0.0149071
18.4181,0.0149123
18.4196,0.0149176
18.4211,0.0149229
18.4226,0.0149282
18.4241,0.0149335
18.4256,0.0149388
18.4271,0.0149441
18.4286,0.0149494
18.4301,0.0149547
18.4316,0.01496
18.4331,0.0149653
18.4346,0.0149706
18.4361,0.0149759
18.4376,0.0149811
18.4391,0.0149864
18.4406,0.0149917
18.4421,0.014997
18.4436,0.0150023
18.4451,0.0150076
18.4466,0.0150129
18.4481,0.0150182
18.4496,0.0150235
18.4511,0.0150288
18.4526,0.0150341
18.4541,0.0150394
18.4556,0.0150447
18.4571,0.01505
18.4586,0.0150552
18.4601,0.0150605
18.4616,0.0150658
18.4631,0.0150711
18.4646,0.0150764
18.466,0.0150817
18.4675,0.015087
18.469,0.0150923
18.4705,0.0150976
18.472,0.0151029
18.4735,0.0151082
18.475,0.0151135
18.4765,0.0151188
18.478,0.0151241
18.4795,0.0151293
18.481,0.0151346
18.4825,0.0151399
18.484,0.0151452
18.4855,0.0151505
18.487,0.0151558
18.4885,0.0151611
18.49,0.0151664
18.4915,0.0151717
18.493,0.015177
18.4945,0.0151823
18.496,0.0151876
18.4975,0.0151929
18.499,0.0151981
18.5005,0.0152034
18.502,0.0152087
18.5035,0.015214
18.505,0.0152193
18.5065,0.0152246
18.508,0.0152299
18.5095,0.0152352
18.511,0.0152405
18.5125,0.0152458
18.514,0.0152511
18.5155,0.0152564
18.517,0.0152617
18.5185,0.015267
18.52,0.0152722
18.5215,0.0152775
18.523,0.0152828
18.5245,0.0152881
18.526,0.0152934
18.5275,0.0152987
18.529,0.015304
18.5305,0.0153093
18.532,0.0153146
18.5335,0.0153199
18.535,0.0153252
18.5365,0.0153305
18.538,0.0153357
18.5395,0.015341
18.541,0.0153463
18.5425,0.0153516
18.544,0.0153569
18.5455,0.0153622
18.547,0.0153675
18.5485,0.0153728
18.55,0.0153781
18.5515,0.0153834
18.553,0.0153887
18.5545,0.0153939
18.556,0.0153992
18.5575,0.0154045
18.559,0.0154098
18.5605,0.0154151
18.562,0.0154204
18.5635,0.0154257
18.565,0.015431
18.5665,0.0154363
18.568,0.0154416
18.5695,0.0154469
18.571,0.0154522
18.5725,0.0154574
18.574,0.0154627
18.5755,0.015468
18.577,0.0154733
18.5785,0.0154786
18.58,0.0154839
18.5815,0.0154892
18.583,0.0154945
18.5845,0.0154998
18.586,0.0155051
18.5875,0.0155104
18.589,0.0155157
18.5905,0.0155209
18.592,0.0155262
18.5935,0.0155315
18.595,0.0155368
18.5965,0.0155421
18.598,0.0155474
18.5995,0.0155527
18.601,0.015558
18.6025,0.0155633
18.604,0.0155686
18.6055,0.0155739
18.607,0.0155791
18.6085,0.0155844
18.61,0.0155897
18.6115,0.015595
18.613,0.0156003
18.6145,0.0156056
18.616,0.0156109
18.6175,0.0156162
18.619,0.0156215
18.6205,0.0156268
18.622,0.0156321
18.6235,0.0156374
18.625,0.0156426
18.6265,0.0156479
18.628,0.0156532
18.6295,0.0156585
18.631,0.0156638
18.6325,0.0156691
18.634,0.0156744
18.6355,0.0156797
18.637,0.015685
18.6385,0.0156903
18.64,0.0156956
18.6415,0.0157009
18.643,0.0157061
18.6445,0.0157114
18.646,0.0157167
18.6474,0.015722
18.6489,0.0157273
18.6504,0.0157326
18.6519,0.0157379
18.6534,0.0157432
18.6549,0.0157485
18.6564,0.0157538
18.6579,0.0157591
18.6594,0.0157643
18.6609,0.0157696
18.6624,0.0157748
18.6639,0.01578
18.6654,0.0157852
18.6669,0.0157903
18.6684,0.0157954
18.6699,0.0158004
18.6714,0.0158054
18.6729,0.0158103
18.6744,0.0158152
18.6759,0.01582
18.6774,0.0158247
18.6789,0.0158293
18.6804,0.0158339
18.6819,0.0158383
18.6834,0.0158427
18.6849,0.015847
18.6864,0.0158511
18.6879,0.0158552
18.6894,0.0158591
18.6909,0.015863
18.6924,0.0158667
18.6939,0.0158703
18.6954,0.0158738
18.6969,0.0158771
18.6984,0.0158803
18.6999,0.0158834
18.7014,0.0158863
18.7029,0.0158891
18.7044,0.0158917
18.7059,0.0158941
18.7074,0.0158964
18.7089,0.0158985
18.7104,0.0159004
18.7119,0.0159022
18.7134,0.0159038
18.7149,0.0159051
18.7164,0.0159075
18.7179,0.0159126
18.7194,0.0159177
18.7209,0.0159228
18.7224,0.0159278
18.7239,0.0159328
18.7254,0.0159379
18.7269,0.0159429
18.7284,0.0159479
18.7299,0.0159528
18.7314,0.0159578
18.7329,0.0159627
18.7344,0.0159677
18.7359,0.0159726
18.7374,0.0159774
18.7389,0.0159823
18.7404,0.0159871
18.7419,0.015992
18.7434,0.0159968
18.7449,0.0160015
18.7464,0.0160063
18.7479,0.016011
18.7494,0.0160157
18.7509,0.0160203
18.7524,0.0160249
18.7539,0.0160295
18.7554,0.016034
18.7569,0.0160384
18.7584,0.0160428
18.7599,0.0160471
18.7614,0.0160514
18.7629,0.0160556
18.7644,0.0160597
18.7659,0.0160637
18.7674,0.0160676
18.7689,0.0160715
18.7704,0.0160752
18.7719,0.0160789
18.7734,0.0160824
18.7749,0.0160859
18.7764,0.0160892
18.7779,0.0160924
18.7794,0.0160955
18.7809,0.0160984
18.7824,0.0161013
18.7839,0.0161039
18.7854,0.0161065
18.7869,0.0161088
18.7884,0.0161111
18.7899,0.0161131
18.7914,0.016115
18.7929,0.0161168
18.7944,0.0161183
18.7959,0.0161197
18.7974,0.0161209
18.7989,0.016122
18.8004,0.0161228
18.8019,0.0161235
18.8034,0.0161239
18.8049,0.0161242
18.8064,0.0161241
18.8079,0.0161237
18.8094,0.016123
18.8109,0.0161218
18.8124,0.0161203
18.8139,0.0161183
18.8154,0.0161159
18.8169,0.016113
18.8184,0.0161097
18.8199,0.0161059
18.8214,0.0161016
18.8229,0.0160968
18.8244,0.0160915
18.8259,0.0160858
18.8274,0.0160795
18.8288,0.0160727
18.8303,0.0160654
18.8318,0.0160576
18.8333,0.0160493
18.8348,0.0160406
18.8363,0.0160314
18.8378,0.0160215
18.8393,0.0160111
18.8408,0.016
18.8423,0.0159883
18.8438,0.0159759
18.8453,0.015963
18.8468,0.0159493
18.8483,0.0159351
18.8498,0.0159203
18.8513,0.0159048
18.8528,0.0158887
18.8543,0.0158721
18.8558,0.015875
18.8573,0.0158804
18.8588,0.0158859
18.8603,0.0158913
18.8618,0.0158967
18.8633,0.0159022
18.8648,0.0159076
18.8663,0.015913
18.8678,0.0159185
18.8693,0.0159239
18.8708,0.0159294
18.8723,0.0159348
18.8738,0.0159402
18.8753,0.0159457
18.8768,0.0159511
18.8783,0.0159565
18.8798,0.015962
18.8813,0.0159674
18.8828,0.0159729
18.8843,0.0159783
18.8858,0.0159837
18.8873,0.0159892
18.8888,0.0159946
18.8903,0.016
18.8918,0.0160055
18.8933,0.0160109
18.8948,0.0160164
18.8963,0.0160218
18.8978,0.0160272
18.8993,0.0160327
18.9008,0.0160381
18.9023,0.0160435
18.9038,0.016049
18.9053,0.0160544
18.9068,0.0160599
18.9083,0.0160653
18.9098,0.0160707
18.9113,0.0160762
18.9128,0.0160816
18.9143,0.016087
18.9158,0.0160925
18.9173,0.0160979
18.9188,0.0161033
18.9203,0.0161088
18.9218,0.0161142
18.9233,0.0161196
18.9248,0.0161251
18.9263,0.0161305
18.9278,0.0161359
18.9293,0.0161414
18.9308,0.0161468
18.9323,0.0161522
18.9338,0.0161577
18.9353,0.0161631
18.9368,0.0161685
18.9383,0.016174
18.9398,0.0161794
18.9413,0.0161848
18.9428,0.0161903
18.9443,0.0161957
18.9458,0.0162011
18.9473,0.0162066
18.9488,0.016212
18.9503,0.0162174
18.9518,0.0162229
18.9533,0.0162283
18.9548,0.0162337
18.9563,0.0162391
18.9578,0.0162446
18.9593,0.01625
18.9608,0.0162554
18.9623,0.0162609
18.9638,0.0162663
18.9653,0.0162717
18.9668,0.0162771
18.9683,0.0162826
18.9698,0.016288
18.9713,0.0162934
18.9728,0.0162988
18.9743,0.0163043
18.9758,0.0163097
18.9773,0.0163151
18.9788,0.0163205
18.9803,0.016326
18.9818,0.0163314
18.9833,0.0163368
18.9848,0.0163422
18.9863,0.0163477
18.9878,0.0163531
18.9893,0.0163585
18.9908,0.0163639
18.9923,0.0163693
18.9938,0.0163748
18.9953,0.0163802
18.9968,0.0163856
18.9983,0.016391
18.9998,0.0163964
19.0013,0.0164018
19.0028,0.0164073
19.0043,0.0164127
19.0058,0.0164181
19.0073,0.0164235
19.0088,0.0164289
19.0103,0.0164343
19.0117,0.0164397
19.0132,0.0164451
19.0147,0.0164506
19.0162,0.016456
19.0177,0.0164614
19.0192,0.0164668
19.0207,0.0164722
19.0222,0.0164776
19.0237,0.016483
19.0252,0.0164884
19.0267,0.0164938
19.0282,0.0164992
19.0297,0.0165046
19.0312,0.01651
19.0327,0.0165154
19.0342,0.0165208
19.0357,0.0165262
19.0372,0.0165316
19.0387,0.016537
19.0402,0.0165424
19.0417,0.0165478
19.0432,0.0165532
19.0447,0.0165586
19.0462,0.016564
19.0477,0.0165693
19.0492,0.0165747
19.0507,0.0165801
19.0522,0.0165855
19.0537,0.0165909
19.0552,0.0165963
19.0567,0.0166017
19.0582,0.016607
19.0597,0.0166124
19.0612,0.0166178
19.0627,0.0166232
19.0642,0.0166285
19.0657,0.0166339
19.0672,0.0166393
19.0687,0.0166447
19.0702,0.01665
19.0717,0.0166554
19.0732,0.0166608
19.0747,0.0166661
19.0762,0.0166715
19.0777,0.0166768
19.0792,0.0166822
19.0807,0.0166875
19.0822,0.0166929
19.0837,0.0166982
19.0852,0.0167036
19.0867,0.0167089
19.0882,0.0167143
19.0897,0.0167196
19.0912,0.016725
19.0927,0.0167303
19.0942,0.0167356
19.0957,0.016741
19.0972,0.0167463
19.0987,0.0167516
19.1002,0.0167569
19.1017,0.0167622
19.1032,0.0167676
19.1047,0.0167729
19.1062,0.0167782
19.1077,0.0167835
19.1092,0.0167888
19.1107,0.0167941
19.1122,0.0167994
19.1137,0.0168047
19.1152,0.01681
19.1167,0.0168153
19.1182,0.0168206
19.1197,0.0168258
19.1212,0.0168311
19.1227,0.0168364
19.1242,0.0168417
19.1257,0.0168469
19.1272,0.0168522
19.1287,0.0168574
19.1302,0.0168627
19.1317,0.0168679
19.1332,0.0168732
19.1347,0.0168784
19.1362,0.0168837
19.1377,0.0168889
19.1392,0.0168941
19.1407,0.0168994
19.1422,0.0169046
19.1437,0.0169098
19.1452,0.016915
19.1467,0.0169202
19.1482,0.0169254
19.1497,0.0169306
19.1512,0.0169358
19.1527,0.016941
19.1542,0.0169462
19.1557,0.0169514
19.1572,0.0169566
19.1587,0.0169617
19.1602,0.0169669
19.1617,0.0169721
19.1632,0.0169772
19.1647,0.0169824
19.1662,0.0169875
19.1677,0.0169927
19.1692,0.0169978
19.1707,0.0170029
19.1722,0.0170081
19.1737,0.0170132
19.1752,0.0170183
19.1767,0.0170234
19.1782,0.0170285
19.1797,0.0170336
19.1812,0.0170387
19.1827,0.0170438
19.1842,0.0170489
19.1857,0.0170539
19.1872,0.017059
19.1887,0.0170641
19.1902,0.0170691
19.1917,0.0170742
19.1931,0.0170792
19.1946,0.0170843
19.1961,0.0170893
19.1976,0.0170943
19.1991,0.0170993
19.2006,0.0171044
19.2021,0.0171094
19.2036,0.0171144
19.2051,0.0171193
19.2066,0.0171243
19.2081,0.0171293
19.2096,0.0171343
19.2111,0.0171392
19.2126,0.0171442
19.2141,0.0171491
19.2156,0.0171541
19.2171,0.017159
19.2186,0.0171639
19.2201,0.0171688
19.2216,0.0171737
19.2231,0.0171786
19.2246,0.0171835
19.2261,0.0171884
19.2276,0.0171933
19.2291,0.0171981
19.2306,0.017203
19.2321,0.0172078
19.2336,0.0172126
19.2351,0.0172174
19.2366,0.0172222
19.2381,0.017227
19.2396,0.0172318
19.2411,0.0172366
19.2426,0.0172413
19.2441,0.0172461
19.2456,0.0172508
19.2471,0.0172555
19.2486,0.0172602
19.2501,0.0172649
19.2516,0.0172696
19.2531,0.0172743
19.2546,0.0172789
19.2561,0.0172835
19.2576,0.0172882
19.2591,0.0172928
19.2606,0.0172974
19.2621,0.0173019
19.2636,0.0173065
19.2651,0.017311
19.2666,0.0173155
19.2681,0.01732
19.2696,0.0173245
19.2711,0.017329
19.2726,0.0173334
19.2741,0.0173379
19.2756,0.0173423
19.2771,0.0173467
19.2786,0.017351
19.2801,0.0173554
19.2816,0.0173597
19.2831,0.0173641
19.2846,0.0173684
19.2861,0.0173726
19.2876,0.0173769
19.2891,0.0173812
19.2906,0.0173854
19.2921,0.0173896
19.2936,0.0173938
19.2951,0.0173979
19.2966,0.0174021
19.2981,0.0174062
19.2996,0.0174103
19.3011,0.0174144
19.3026,0.0174185
19.3041,0.0174225
19.3056,0.0174266
19.3071,0.0174306
19.3086,0.0174346
19.3101,0.0174386
19.3116,0.0174425
19.3131,0.0174465
19.3146,0.0174504
19.3161,0.0174543
19.3176,0.0174582
19.3191,0.017462
19.3206,0.0174659
19.3221,0.0174697
19.3236,0.0174735
19.3251,0.0174773
19.3266,0.0174811
19.3281,0.0174848
19.3296,0.0174885
19.3311,0.0174922
19.3326,0.0174958
19.3341,0.0174994
19.3356,0.017503
19.3371,0.0175066
19.3386,0.0175101
19.3401,0.0175135
19.3416,0.0175169
19.3431,0.0175203
19.3446,0.0175236
19.3461,0.0175269
19.3476,0.0175301
19.3491,0.0175332
19.3506,0.0175363
19.3521,0.0175393
19.3536,0.0175423
19.3551,0.0175452
19.3566,0.017548
19.3581,0.0175507
19.3596,0.0175533
19.3611,0.0175559
19.3626,0.0175583
19.3641,0.0175607
19.3656,0.0175629
19.3671,0.017565
19.3686,0.017567
19.3701,0.0175688
19.3716,0.0175705
19.3731,0.0175721
19.3745,0.0175735
19.376,0.0175747
19.3775,0.0175757
19.379,0.0175766
19.3805,0.0175773
19.382,0.0175777
19.3835,0.017578
19.385,0.017578
19.3865,0.0175778
19.388,0.0175773
19.3895,0.0175766
19.391,0.0175757
19.3925,0.0175745
19.394,0.017573
19.3955,0.0175712
19.397,0.0175691
19.3985,0.0175668
19.4,0.0175641
19.4015,0.0175612
19.403,0.0175579
19.4045,0.0175544
19.406,0.0175505
19.4075,0.0175463
19.409,0.0175418
19.4105,0.017537
19.412,0.0175318
19.4135,0.0175263
19.415,0.0175205
19.4165,0.0175144
19.418,0.017508
19.4195,0.0175012
19.421,0.0174941
19.4225,0.0174867
19.424,0.017479
19.4255,0.017471
19.427,0.0174626
19.4285,0.017454
19.43,0.0174451
19.4315,0.0174359
19.433,0.0174263
19.4345,0.0174166
19.436,0.0174065
19.4375,0.0173962
19.439,0.0173856
19.4405,0.0173748
19.442,0.0173637
19.4435,0.0173525
19.445,0.017341
19.4465,0.0173292
19.448,0.0173173
19.4495,0.0173052
19.451,0.017293
19.4525,0.0172805
19.454,0.0172679
19.4555,0.0172552
19.457,0.0172423
19.4585,0.0172293
19.46,0.0172162
19.4615,0.017203
19.463,0.0171897
19.4645,0.0171763
19.466,0.0171629
19.4675,0.0171494
19.469,0.0171359
19.4705,0.0171223
19.472,0.0171086
19.4735,0.0170949
19.475,0.0170812
19.4765,0.0170675
19.478,0.0170537
19.4795,0.0170399
19.481,0.0170262
19.4825,0.0170124
19.484,0.0169986
19.4855,0.0169848
19.487,0.016971
19.4885,0.0169573
19.49,0.0169957
19.4915,0.0170483
19.493,0.0171009
19.4945,0.0171532
19.496,0.0172052
19.4975,0.0172567
19.499,0.0173075
19.5005,0.0173575
19.502,0.0174056
19.5035,0.0174512
19.505,0.0174963
19.5065,0.0175404
19.508,0.0175831
19.5095,0.0176237
19.511,0.0176614
19.5125,0.0176957
19.514,0.0177258
19.5155,0.017751
19.517,0.0177706
19.5185,0.0177837
19.52,0.0177898
19.5215,0.0177879
19.523,0.017777
19.5245,0.0177559
19.526,0.0177238
19.5275,0.01768
19.529,0.0176239
19.5305,0.017555
19.532,0.0174733
19.5335,0.017379
19.535,0.017328
19.5365,0.0173853
19.538,0.0174455
19.5395,0.017509
19.541,0.017576
19.5425,0.0176468
19.544,0.0177219
19.5455,0.0178015
19.547,0.0178861
19.5485,0.0179761
19.55,0.0180717
19.5515,0.0181734
19.553,0.0182814
19.5545,0.0183962
19.556,0.0185179
19.5574,0.0186468
19.5589,0.0187832
19.5604,0.018927
19.5619,0.0190785
19.5634,0.0192374
19.5649,0.0194038
19.5664,0.0195774
19.5679,0.0197578
19.5694,0.0199448
19.5709,0.0201375
19.5724,0.0203352
19.5739,0.0205371
19.5754,0.0207425
19.5769,0.0209504
19.5784,0.02116
19.5799,0.0213702
19.5814,0.0215801
19.5829,0.0217886
19.5844,0.0219946
19.5859,0.0221972
19.5874,0.0223953
19.5889,0.0225879
19.5904,0.0227741
19.5919,0.0229528
19.5934,0.0231232
19.5949,0.0232847
19.5964,0.0234364
19.5979,0.023578
19.5994,0.0237091
19.6009,0.0238292
19.6024,0.0239385
19.6039,0.0240369
19.6054,0.0241248
19.6069,0.0242023
19.6084,0.0242697
19.6099,0.0243276
19.6114,0.0243763
19.6129,0.0244166
19.6144,0.0244491
19.6159,0.0244746
19.6174,0.0244951
19.6189,0.0245111
19.6204,0.0245228
19.6219,0.0245309
19.6234,0.0245359
19.6249,0.0245382
19.6264,0.0245385
19.6279,0.0245388
19.6294,0.0245397
19.6309,0.0245421
19.6324,0.0245467
19.6339,0.0245541
19.6354,0.024565
19.6369,0.02458
19.6384,0.0245995
19.6399,0.024624
19.6414,0.0246541
19.6429,0.02469
19.6444,0.0247323
19.6459,0.024781
19.6474,0.0248365
19.6489,0.024899
19.6504,0.0249684
19.6519,0.0250448
19.6534,0.0251281
19.6549,0.0252182
19.6564,0.0253149
19.6579,0.0254179
19.6594,0.0255269
19.6609,0.0256415
19.6624,0.0257613
19.6639,0.0258858
19.6654,0.0260144
19.6669,0.0261465
19.6684,0.0262815
19.6699,0.0264186
19.6714,0.0265572
19.6729,0.0266963
19.6744,0.0268353
19.6759,0.0269733
19.6774,0.0271094
19.6789,0.0272428
19.6804,0.0273726
19.6819,0.027498
19.6834,0.0276182
19.6849,0.0277326
19.6864,0.0278404
19.6879,0.0279412
19.6894,0.0280343
19.6909,0.0281196
19.6924,0.0281967
19.6939,0.0282656
19.6954,0.0283264
19.6969,0.028379
19.6984,0.0284236
19.6999,0.0284604
19.7014,0.028495
19.7029,0.0285286
19.7044,0.0285613
19.7059,0.0285932
19.7074,0.0286247
19.7089,0.0286557
19.7104,0.0286865
19.7119,0.028717
19.7134,0.0287475
19.7149,0.0287779
19.7164,0.0288083
19.7179,0.0288379
19.7194,0.028867
19.7209,0.0288954
19.7224,0.0289233
19.7239,0.0289506
19.7254,0.0289773
19.7269,0.0290033
19.7284,0.0290286
19.7299,0.029053
19.7314,0.0290766
19.7329,0.0290991
19.7344,0.0291205
19.7359,0.0291406
19.7374,0.0291593
19.7388,0.0291765
19.7403,0.029192
19.7418,0.0292057
19.7433,0.0292176
19.7448,0.0292273
19.7463,0.029235
19.7478,0.0292405
19.7493,0.0292436
19.7508,0.0292443
19.7523,0.0292426
19.7538,0.0292383
19.7553,0.0292314
19.7568,0.0292221
19.7583,0.0292101
19.7598,0.0291957
19.7613,0.0291787
19.7628,0.0291594
19.7643,0.0291377
19.7658,0.0291137
19.7673,0.0290876
19.7688,0.0290605
19.7703,0.0290332
19.7718,0.0290057
19.7733,0.0289783
19.7748,0.0289509
19.7763,0.0289236
19.7778,0.0288966
19.7793,0.02887
19.7808,0.0288438
19.7823,0.0288181
19.7838,0.0287932
19.7853,0.028769
19.7868,0.0287457
19.7883,0.0287232
19.7898,0.0287017
19.7913,0.0286812
19.7928,0.0286617
19.7943,0.0286432
19.7958,0.0286257
19.7973,0.0286091
19.7988,0.0285935
19.8003,0.0285788
19.8018,0.028565
19.8033,0.0285519
19.8048,0.0285395
19.8063,0.0285277
19.8078,0.0285164
19.8093,0.0285055
19.8108,0.0284949
19.8123,0.0284845
19.8138,0.0284743
19.8153,0.0284642
19.8168,0.028454
19.8183,0.0284438
19.8198,0.0284334
19.8213,0.0284229
19.8228,0.0284121
19.8243,0.0284011
19.8258,0.0283898
19.8273,0.0283782
19.8288,0.0283663
19.8303,0.028354
19.8318,0.0283414
19.8333,0.0283285
19.8348,0.0283153
19.8363,0.0283019
19.8378,0.0282881
19.8393,0.0282742
19.8408,0.02826
19.8423,0.0282455
19.8438,0.0282309
19.8453,0.0282161
19.8468,0.0282012
19.8483,0.0281861
19.8498,0.028171
19.8513,0.0281559
19.8528,0.0281407
19.8543,0.0281256
19.8558,0.0281105
19.8573,0.0280954
19.8588,0.0280805
19.8603,0.0280657
19.8618,0.028051
19.8633,0.0280364
19.8648,0.0280221
19.8663,0.0280079
19.8678,0.0279938
19.8693,0.02798
19.8708,0.0279664
19.8723,0.0279531
19.8738,0.0279399
19.8753,0.027927
19.8768,0.0279143
19.8783,0.0279018
19.8798,0.0278896
19.8813,0.0278776
19.8828,0.0278658
19.8843,0.0278542
19.8858,0.0278428
19.8873,0.0278316
19.8888,0.0278206
19.8903,0.0278097
19.8918,0.027799
19.8933,0.0277884
19.8948,0.0277779
19.8963,0.0277674
19.8978,0.0277571
19.8993,0.0277468
19.9008,0.0277366
19.9023,0.0277264
19.9038,0.0277163
19.9053,0.0277062
19.9068,0.0276962
19.9083,0.0276862
19.9098,0.0276762
19.9113,0.0276663
19.9128,0.0276564
19.9143,0.0276465
19.9158,0.0276366
19.9173,0.0276268
19.9188,0.027617
19.9202,0.0276072
19.9217,0.0275975
19.9232,0.0275879
19.9247,0.0275783
19.9262,0.0275688
19.9277,0.0275593
19.9292,0.0275499
19.9307,0.0275407
19.9322,0.0275314
19.9337,0.0275223
19.9352,0.0275133
19.9367,0.0275043
19.9382,0.0274954
19.9397,0.0274866
19.9412,0.0274779
19.9427,0.0274693
19.9442,0.0274608
19.9457,0.0274523
19.9472,0.027444
19.9487,0.0274358
19.9502,0.0274276
19.9517,0.0274195
19.9532,0.0274116
19.9547,0.0274037
19.9562,0.0273959
19.9577,0.0273882
19.9592,0.0273806
19.9607,0.0273731
19.9622,0.0273657
19.9637,0.0273584
19.9652,0.0273512
19.9667,0.0273441
19.9682,0.027337
19.9697,0.0273301
19.9712,0.0273232
19.9727,0.0273164
19.9742,0.0273096
19.9757,0.027303
19.9772,0.0272964
19.9787,0.0272898
19.9802,0.0272833
19.9817,0.0272769
19.9832,0.0272705
19.9847,0.0272642
19.9862,0.027258
19.9877,0.0272518
19.9892,0.0272456
19.9907,0.0272395
19.9922,0.0272334
19.9937,0.0272274
19.9952,0.0272215
19.9967,0.0272155
19.9982,0.0272097
19.9997,0.0272038
20.0012,0.0271981
20.0027,0.0271923
20.0042,0.0271866
20.0057,0.027181
20.0072,0.0271754
20.0087,0.0271698
20.0102,0.0271643
20.0117,0.0271588
20.0132,0.0271534
20.0147,0.027148
20.0162,0.0271427
20.0177,0.0271374
20.0192,0.0271321
20.0207,0.0271269
20.0222,0.0271217
20.0237,0.0271166
20.0252,0.0271114
20.0267,0.0271064
20.0282,0.0271013
20.0297,0.0270964
20.0312,0.0270914
20.0327,0.0270865
20.0342,0.0270816
20.0357,0.0270768
20.0372,0.0270719
20.0387,0.0270672
20.0402,0.0270624
20.0417,0.0270577
20.0432,0.0270531
20.0447,0.0270484
20.0462,0.0270438
20.0477,0.0270392
20.0492,0.0270347
20.0507,0.0270302
20.0522,0.0270257
20.0537,0.0270213
20.0552,0.0270168
20.0567,0.0270124
20.0582,0.0270081
20.0597,0.0270038
20.0612,0.0269995
20.0627,0.0269952
20.0642,0.0269909
20.0657,0.0269867
20.0672,0.0269825
20.0687,0.0269784
20.0702,0.0269742
20.0717,0.0269701
20.0732,0.026966
20.0747,0.026962
20.0762,0.026958
20.0777,0.0269539
20.0792,0.02695
20.0807,0.026946
20.0822,0.0269421
20.0837,0.0269382
20.0852,0.0269343
20.0867,0.0269304
20.0882,0.0269265
20.0897,0.0269227
20.0912,0.0269189
20.0927,0.0269151
20.0942,0.0269114
20.0957,0.0269077
20.0972,0.0269039
20.0987,0.0269002
20.1002,0.0268966
20.1017,0.0268929
20.1031,0.0268893
20.1046,0.0268857
20.1061,0.0268821
20.1076,0.0268785
20.1091,0.0268749
20.1106,0.0268714
20.1121,0.0268679
20.1136,0.0268644
20.1151,0.0268609
20.1166,0.0268575
20.1181,0.026854
20.1196,0.0268506
20.1211,0.0268472
20.1226,0.0268438
20.1241,0.0268404
20.1256,0.0268371
20.1271,0.0268338
20.1286,0.0268305
20.1301,0.0268272
20.1316,0.0268239
20.1331,0.0268206
20.1346,0.0268174
20.1361,0.0268142
20.1376,0.026811
20.1391,0.0268078
20.1406,0.0268046
20.1421,0.0268015
20.1436,0.0267984
20.1451,0.0267952
20.1466,0.0267921
20.1481,0.0267891
20.1496,0.026786
20.1511,0.026783
20.1526,0.0267799
20.1541,0.0267769
20.1556,0.0267739
20.1571,0.0267709
20.1586,0.026768
20.1601,0.026765
20.1616,0.0267621
20.1631,0.0267591
20.1646,0.0267562
20.1661,0.0267533
20.1676,0.0267505
20.1691,0.0267476
20.1706,0.0267448
20.1721,0.0267419
20.1736,0.0267391
20.1751,0.0267363
20.1766,0.0267335
20.1781,0.0267308
20.1796,0.026728
20.1811,0.0267253
20.1826,0.0267225
20.1841,0.0267198
20.1856,0.0267171
20.1871,0.0267144
20.1886,0.0267118
20.1901,0.0267091
20.1916,0.0267065
20.1931,0.0267039
20.1946,0.0267013
20.1961,0.0266987
20.1976,0.0266961
20.1991,0.0266935
20.2006,0.026691
20.2021,0.0266885
20.2036,0.0266859
20.2051,0.0266834
20.2066,0.0266809
20.2081,0.0266785
20.2096,0.026676
20.2111,0.0266735
20.2126,0.0266711
20.2141,0.0266687
20.2156,0.0266663
20.2171,0.0266639
20.2186,0.0266615
20.2201,0.0266591
20.2216,0.0266568
20.2231,0.0266544
20.2246,0.0266521
20.2261,0.0266498
20.2276,0.0266475
20.2291,0.0266452
20.2306,0.0266429
20.2321,0.0266406
20.2336,0.0266384
20.2351,0.0266361
20.2366,0.0266339
20.2381,0.0266317
20.2396,0.0266295
20.2411,0.0266273
20.2426,0.0266251
20.2441,0.0266229
20.2456,0.0266207
20.2471,0.0266186
20.2486,0.0266164
20.2501,0.0266143
20.2516,0.0266122
20.2531,0.0266101
20.2546,0.026608
20.2561,0.0266059
20.2576,0.0266038
20.2591,0.0266018
20.2606,0.0265997
20.2621,0.0265977
20.2636,0.0265957
20.2651,0.0265936
20.2666,0.0265916
20.2681,0.0265896
20.2696,0.0265877
20.2711,0.0265857
20.2726,0.0265837
20.2741,0.0265818
20.2756,0.0265798
20.2771,0.0265779
20.2786,0.026576
20.2801,0.0265741
20.2816,0.0265722
20.2831,0.0265703
20.2845,0.0265684
20.286,0.0265666
20.2875,0.0265647
20.289,0.0265629
20.2905,0.026561
20.292,0.0265592
20.2935,0.0265574
20.295,0.0265556
20.2965,0.0265538
20.298,0.026552
20.2995,0.0265502
20.301,0.0265485
20.3025,0.0265467
20.304,0.026545
20.3055,0.0265433
20.307,0.0265415
20.3085,0.0265398
20.31,0.0265381
20.3115,0.0265364
20.313,0.0265348
20.3145,0.0265331
20.316,0.0265314
20.3175,0.0265298
20.319,0.0265281
20.3205,0.0265265
20.322,0.0265249
20.3235,0.0265232
20.325,0.0265216
20.3265,0.02652
20.328,0.0265184
20.3295,0.0265169
20.331,0.0265153
20.3325,0.0265137
20.334,0.0265122
20.3355,0.0265106
20.337,0.0265091
20.3385,0.0265076
20.34,0.026506
20.3415,0.0265045
20.343,0.026503
20.3445,0.0265015
20.346,0.0265
20.3475,0.0264986
20.349,0.0264971
20.3505,0.0264956
20.352,0.0264942
20.3535,0.0264927
20.355,0.0264913
20.3565,0.0264899
20.358,0.0264885
20.3595,0.0264871
20.361,0.0264857
20.3625,0.0264843
20.364,0.0264829
20.3655,0.0264815
20.367,0.0264801
20.3685,0.0264788
20.37,0.0264774
20.3715,0.0264761
20.373,0.0264747
20.3745,0.0264734
20.376,0.0264721
20.3775,0.0264708
20.379,0.0264695
20.3805,0.0264682
20.382,0.0264669
20.3835,0.0264656
20.385,0.0264644
20.3865,0.0264631
20.388,0.0264619
20.3895,0.0264606
20.391,0.0264594
20.3925,0.0264582
20.394,0.0264569
20.3955,0.0264557
20.397,0.0264545
20.3985,0.0264533
20.4,0.0264521
20.4015,0.026451
20.403,0.0264498
20.4045,0.0264486
20.406,0.0264475
20.4075,0.0264463
20.409,0.0264452
20.4105,0.026444
20.412,0.0264429
20.4135,0.0264418
20.415,0.0264406
20.4165,0.0264395
20.418,0.0264384
20.4195,0.0264373
20.421,0.0264362
20.4225,0.0264351
20.424,0.0264341
20.4255,0.026433
20.427,0.0264319
20.4285,0.0264309
20.43,0.0264298
20.4315,0.0264288
20.433,0.0264277
20.4345,0.0264267
20.436,0.0264257
20.4375,0.0264247
20.439,0.0264236
20.4405,0.0264226
20.442,0.0264216
20.4435,0.0264206
20.445,0.0264197
20.4465,0.0264187
20.448,0.0264177
20.4495,0.0264167
20.451,0.0264158
20.4525,0.0264148
20.454,0.0264139
20.4555,0.0264129
20.457,0.026412
20.4585,0.0264111
20.46,0.0264102
20.4615,0.0264093
20.463,0.0264083
20.4645,0.0264074
20.466,0.0264066
20.4674,0.0264057
20.4689,0.0264048
20.4704,0.0264039
20.4719,0.026403
20.4734,0.0264022
20.4749,0.0264013
20.4764,0.0264005
20.4779,0.0263996
20.4794,0.0263988
20.4809,0.026398
20.4824,0.0263971
20.4839,0.0263963
20.4854,0.0263955
20.4869,0.0263947
20.4884,0.0263939
20.4899,0.0263931
20.4914,0.0263923
20.4929,0.0263915
20.4944,0.0263907
20.4959,0.02639
20.4974,0.0263892
20.4989,0.0263884
20.5004,0.0263877
20.5019,0.026387
20.5034,0.0263862
20.5049,0.0263855
20.5064,0.0263847
20.5079,0.026384
20.5094,0.0263833
20.5109,0.0263826
20.5124,0.0263819
20.5139,0.0263812
20.5154,0.0263805
20.5169,0.0263798
20.5184,0.0263791
20.5199,0.0263785
20.5214,0.0263778
20.5229,0.0263771
20.5244,0.0263765
20.5259,0.0263758
20.5274,0.0263752
20.5289,0.0263745
20.5304,0.0263739
20.5319,0.0263733
20.5334,0.0263727
20.5349,0.0263721
20.5364,0.0263715
20.5379,0.0263709
20.5394,0.0263703
20.5409,0.0263697
20.5424,0.0263691
20.5439,0.0263685
20.5454,0.0263679
20.5469,0.0263674
20.5484,0.0263668
20.5499,0.0263663
20.5514,0.0263657
20.5529,0.0263652
20.5544,0.0263646
20.5559,0.0263641
20.5574,0.0263635
20.5589,0.026363
20.5604,0.0263625
20.5619,0.026362
20.5634,0.0263614
20.5649,0.0263609
20.5664,0.0263604
20.5679,0.0263599
20.5694,0.0263594
20.5709,0.0263589
20.5724,0.0263584
20.5739,0.0263579
20.5754,0.0263574
20.5769,0.0263569
20.5784,0.0263564
20.5799,0.0263559
20.5814,0.0263554
20.5829,0.0263549
20.5844,0.0263545
20.5859,0.026354
20.5874,0.0263535
20.5889,0.026353
20.5904,0.0263526
20.5919,0.0263521
20.5934,0.0263516
20.5949,0.0263512
20.5964,0.0263507
20.5979,0.0263503
20.5994,0.0263498
20.6009,0.0263494
20.6024,0.026349
20.6039,0.0263486
20.6054,0.0263481
20.6069,0.0263477
20.6084,0.0263473
20.6099,0.0263469
20.6114,0.0263465
20.6129,0.0263462
20.6144,0.0263458
20.6159,0.0263454
20.6174,0.0263451
20.6189,0.0263447
20.6204,0.0263444
20.6219,0.026344
20.6234,0.0263437
20.6249,0.0263433
20.6264,0.026343
20.6279,0.0263427
20.6294,0.0263424
20.6309,0.026342
20.6324,0.0263417
20.6339,0.0263414
20.6354,0.0263411
20.6369,0.0263408
20.6384,0.0263405
20.6399,0.0263402
20.6414,0.0263398
20.6429,0.0263395
20.6444,0.0263392
20.6459,0.0263389
20.6474,0.0263386
20.6488,0.0263383
20.6503,0.026338
20.6518,0.0263377
20.6533,0.0263374
20.6548,0.026337
20.6563,0.0263367
20.6578,0.0263364
20.6593,0.0263361
20.6608,0.0263358
20.6623,0.0263354
20.6638,0.0263351
20.6653,0.0263348
20.6668,0.0263345
20.6683,0.0263342
20.6698,0.0263338
20.6713,0.0263335
20.6728,0.0263332
20.6743,0.0263329
20.6758,0.0263326
20.6773,0.0263323
20.6788,0.0263319
20.6803,0.0263316
20.6818,0.0263313
20.6833,0.026331
20.6848,0.0263307
20.6863,0.0263305
20.6878,0.0263302
20.6893,0.0263299
20.6908,0.0263296
20.6923,0.0263293
20.6938,0.026329
20.6953,0.0263288
20.6968,0.0263285
20.6983,0.0263282
20.6998,0.026328
20.7013,0.0263277
20.7028,0.0263275
20.7043,0.0263272
20.7058,0.026327
20.7073,0.0263267
20.7088,0.0263265
20.7103,0.0263263
20.7118,0.026326
20.7133,0.0263258
20.7148,0.0263256
20.7163,0.0263253
20.7178,0.0263251
20.7193,0.0263249
20.7208,0.0263247
20.7223,0.0263245
20.7238,0.0263243
20.7253,0.0263241
20.7268,0.0263238
20.7283,0.0263237
20.7298,0.0263235
20.7313,0.0263233
20.7328,0.0263231
20.7343,0.0263229
20.7358,0.0263227
20.7373,0.0263225
20.7388,0.0263224
20.7403,0.0263222
20.7418,0.026322
20.7433,0.0263219
20.7448,0.0263217
20.7463,0.0263216
20.7478,0.0263214
20.7493,0.0263213
20.7508,0.0263212
20.7523,0.026321
20.7538,0.0263209
20.7553,0.0263208
20.7568,0.0263207
20.7583,0.0263206
20.7598,0.0263205
20.7613,0.0263204
20.7628,0.0263203
20.7643,0.0263202
20.7658,0.0263201
20.7673,0.02632
20.7688,0.0263199
20.7703,0.0263198
20.7718,0.0263197
20.7733,0.0263197
20.7748,0.0263196
20.7763,0.0263195
20.7778,0.0263195
20.7793,0.0263194
20.7808,0.0263194
20.7823,0.0263193
20.7838,0.0263193
20.7853,0.0263192
20.7868,0.0263192
20.7883,0.0263192
20.7898,0.0263191
20.7913,0.0263191
20.7928,0.0263191
20.7943,0.0263191
20.7958,0.026319
20.7973,0.026319
20.7988,0.026319
20.8003,0.026319
20.8018,0.026319
20.8033,0.026319
20.8048,0.026319
20.8063,0.026319
20.8078,0.0263191
20.8093,0.0263191
20.8108,0.0263191
20.8123,0.0263191
20.8138,0.0263192
20.8153,0.0263192
20.8168,0.0263192
20.8183,0.0263193
20.8198,0.0263193
20.8213,0.0263194
20.8228,0.0263194
20.8243,0.0263195
20.8258,0.0263196
20.8273,0.0263196
20.8288,0.0263197
20.8302,0.0263198
20.8317,0.0263199
20.8332,0.02632
20.8347,0.0263201
20.8362,0.0263202
20.8377,0.0263203
20.8392,0.0263204
20.8407,0.0263205
20.8422,0.0263206
20.8437,0.0263207
20.8452,0.0263208
20.8467,0.026321
20.8482,0.0263211
20.8497,0.0263213
20.8512,0.0263214
20.8527,0.0263216
20.8542,0.0263217
20.8557,0.0263219
20.8572,0.026322
20.8587,0.0263222
20.8602,0.0263224
20.8617,0.0263226
20.8632,0.0263227
20.8647,0.0263229
20.8662,0.0263231
20.8677,0.0263233
20.8692,0.0263235
20.8707,0.0263237
20.8722,0.0263239
20.8737,0.0263241
20.8752,0.0263244
20.8767,0.0263246
20.8782,0.0263248
20.8797,0.026325
20.8812,0.0263253
20.8827,0.0263255
20.8842,0.0263257
20.8857,0.026326
20.8872,0.0263262
20.8887,0.0263265
20.8902,0.0263268
20.8917,0.026327
20.8932,0.0263273
20.8947,0.0263275
20.8962,0.0263278
20.8977,0.0263281
20.8992,0.0263284
20.9007,0.0263286
20.9022,0.0263289
20.9037,0.0263292
20.9052,0.0263295
20.9067,0.0263298
20.9082,0.0263301
20.9097,0.0263304
20.9112,0.0263307
20.9127,0.026331
20.9142,0.0263313
20.9157,0.0263317
20.9172,0.026332
20.9187,0.0263323
20.9202,0.0263327
20.9217,0.026333
20.9232,0.0263333
20.9247,0.0263337
20.9262,0.026334
20.9277,0.0263344
20.9292,0.0263348
20.9307,0.0263351
20.9322,0.0263355
20.9337,0.0263359
20.9352,0.0263362
20.9367,0.0263366
20.9382,0.026337
20.9397,0.0263374
20.9412,0.0263378
20.9427,0.0263381
20.9442,0.0263385
20.9457,0.0263389
20.9472,0.0263393
20.9487,0.0263397
20.9502,0.0263401
20.9517,0.0263405
20.9532,0.0263409
20.9547,0.0263413
20.9562,0.0263417
20.9577,0.0263422
20.9592,0.0263426
20.9607,0.026343
20.9622,0.0263434
20.9637,0.0263438
20.9652,0.0263442
20.9667,0.0263446
20.9682,0.0263451
20.9697,0.0263455
20.9712,0.0263459
20.9727,0.0263463
20.9742,0.0263468
20.9757,0.0263472
20.9772,0.0263476
20.9787,0.026348
20.9802,0.0263485
20.9817,0.0263489
20.9832,0.0263493
20.9847,0.0263498
20.9862,0.0263502
20.9877,0.0263507
20.9892,0.0263511
20.9907,0.0263516
20.9922,0.026352
20.9937,0.0263525
20.9952,0.0263529
20.9967,0.0263534
20.9982,0.0263539
20.9997,0.0263544
21.0012,0.0263548
21.0027,0.0263553
21.0042,0.0263558
21.0057,0.0263563
21.0072,0.0263568
21.0087,0.0263573
21.0102,0.0263578
21.0117,0.0263583
21.0131,0.0263588
21.0146,0.0263593
21.0161,0.0263598
21.0176,0.0263603
21.0191,0.0263609
21.0206,0.0263614
21.0221,0.0263619
21.0236,0.0263624
21.0251,0.026363
21.0266,0.0263635
21.0281,0.026364
21.0296,0.0263646
21.0311,0.0263651
21.0326,0.0263656
21.0341,0.0263662
21.0356,0.0263667
21.0371,0.0263672
21.0386,0.0263678
21.0401,0.0263683
21.0416,0.0263688
21.0431,0.0263693
21.0446,0.0263699
21.0461,0.0263704
21.0476,0.0263709
21.0491,0.0263714
21.0506,0.0263719
21.0521,0.0263724
21.0536,0.026373
21.0551,0.0263735
21.0566,0.026374
21.0581,0.0263745
21.0596,0.026375
21.0611,0.0263755
21.0626,0.0263759
21.0641,0.0263764
21.0656,0.0263769
21.0671,0.0263774
21.0686,0.0263779
21.0701,0.0263783
21.0716,0.0263788
21.0731,0.0263793
21.0746,0.0263798
21.0761,0.0263802
21.0776,0.0263807
21.0791,0.0263811
21.0806,0.0263816
21.0821,0.0263821
21.0836,0.0263825
21.0851,0.026383
21.0866,0.0263834
21.0881,0.0263839
21.0896,0.0263843
21.0911,0.0263848
21.0926,0.0263852
21.0941,0.0263857
21.0956,0.0263862
21.0971,0.0263866
21.0986,0.0263871
21.1001,0.0263875
21.1016,0.026388
21.1031,0.0263885
21.1046,0.0263889
21.1061,0.0263894
21.1076,0.0263898
21.1091,0.0263902
21.1106,0.0263906
21.1121,0.0263909
21.1136,0.0263911
21.1151,0.0263912
21.1166,0.0263913
21.1181,0.0263912
21.1196,0.026391
21.1211,0.0263907
21.1226,0.0263903
21.1241,0.0263898
21.1256,0.0263893
21.1271,0.0263886
21.1286,0.0263878
21.1301,0.026387
21.1316,0.0263861
21.1331,0.0263852
21.1346,0.0263842
21.1361,0.0263833
21.1376,0.0263823
21.1391,0.0263814
21.1406,0.0263805
21.1421,0.0263796
21.1436,0.0263788
21.1451,0.0263781
21.1466,0.0263774
21.1481,0.0263769
21.1496,0.0263765
21.1511,0.0263761
21.1526,0.0263759
21.1541,0.0263758
21.1556,0.0263758
21.1571,0.0263759
21.1586,0.0263761
21.1601,0.0263764
21.1616,0.0263768
21.1631,0.0263772
21.1646,0.0263777
21.1661,0.0263782
21.1676,0.0263787
21.1691,0.0263791
21.1706,0.0263795
21.1721,0.0263798
21.1736,0.0263799
21.1751,0.02638
21.1766,0.0263799
21.1781,0.0263796
21.1796,0.0263792
21.1811,0.0263786
21.1826,0.0263778
21.1841,0.0263769
21.1856,0.0263759
21.1871,0.0263747
21.1886,0.0263733
21.1901,0.0263719
21.1916,0.0263703
21.1931,0.0263687
21.1945,0.0263671
21.196,0.0263654
21.1975,0.0263637
21.199,0.026362
21.2005,0.0263604
21.202,0.0263589
21.2035,0.0263574
21.205,0.0263561
21.2065,0.0263548
21.208,0.0263538
21.2095,0.0263528
21.211,0.0263521
21.2125,0.0263515
21.214,0.026351
21.2155,0.0263507
21.217,0.0263506
21.2185,0.0263505
21.22,0.0263506
21.2215,0.0263507
21.223,0.0263508
21.2245,0.0263509
21.226,0.0263511
21.2275,0.0263512
21.229,0.0263512
21.2305,0.0263511
21.232,0.0263509
21.2335,0.0263506
21.235,0.0263502
21.2365,0.0263497
21.238,0.026349
21.2395,0.0263482
21.241,0.0263473
21.2425,0.0263463
21.244,0.0263452
21.2455,0.0263441
21.247,0.0263429
21.2485,0.0263417
21.25,0.0263405
21.2515,0.0263393
21.253,0.0263381
21.2545,0.026337
21.256,0.0263359
21.2575,0.026335
21.259,0.0263341
21.2605,0.0263333
21.262,0.0263327
21.2635,0.0263321
21.265,0.0263316
21.2665,0.0263312
21.268,0.0263308
21.2695,0.0263306
21.271,0.0263303
21.2725,0.0263301
21.274,0.0263299
21.2755,0.0263297
21.277,0.0263295
21.2785,0.0263293
21.28,0.026329
21.2815,0.0263286
21.283,0.0263282
21.2845,0.0263277
21.286,0.0263271
21.2875,0.0263264
21.289,0.0263255
21.2905,0.0263245
21.292,0.0263234
21.2935,0.0263221
21.295,0.0263207
21.2965,0.026319
21.298,0.0263172
21.2995,0.0263153
21.301,0.0263132
21.3025,0.0263109
21.304,0.0263086
21.3055,0.0263061
21.307,0.0263036
21.3085,0.0263009
21.31,0.0262983
21.3115,0.0262956
21.313,0.0262929
21.3145,0.0262902
21.316,0.0262876
21.3175,0.026285
21.319,0.0262825
21.3205,0.0262801
21.322,0.0262777
21.3235,0.0262755
21.325,0.0262735
21.3265,0.0262715
21.328,0.0262697
21.3295,0.0262681
21.331,0.0262666
21.3325,0.0262652
21.334,0.026264
21.3355,0.0262629
21.337,0.0262619
21.3385,0.026261
21.34,0.0262601
21.3415,0.0262594
21.343,0.0262587
21.3445,0.0262581
21.346,0.0262576
21.3475,0.0262571
21.349,0.0262567
21.3505,0.0262563
21.352,0.0262559
21.3535,0.0262556
21.355,0.0262554
21.3565,0.0262551
21.358,0.0262549
21.3595,0.0262546
21.361,0.0262542
21.3625,0.0262538
21.364,0.0262533
21.3655,0.0262526
21.367,0.0262519
21.3685,0.0262509
21.37,0.0262496
21.3715,0.0262481
21.373,0.0262463
21.3745,0.0262442
21.3759,0.0262417
21.3774,0.0262388
21.3789,0.0262356
21.3804,0.026232
21.3819,0.026228
21.3834,0.0262236
21.3849,0.0262189
21.3864,0.0262137
21.3879,0.0262082
21.3894,0.0262024
21.3909,0.0261962
21.3924,0.0261896
21.3939,0.0261827
21.3954,0.0261754
21.3969,0.0261677
21.3984,0.0261597
21.3999,0.0261515
21.4014,0.026143
21.4029,0.0261343
21.4044,0.0261253
21.4059,0.0261162
21.4074,0.0261069
21.4089,0.0260974
21.4104,0.0260877
21.4119,0.0260779
21.4134,0.0260679
21.4149,0.0260578
21.4164,0.0260477
21.4179,0.0260374
21.4194,0.0260271
21.4209,0.0260168
21.4224,0.0260066
21.4239,0.0259964
21.4254,0.0259862
21.4269,0.0259762
21.4284,0.0259663
21.4299,0.0259565
21.4314,0.025947
21.4329,0.0259377
21.4344,0.0259286
21.4359,0.0259197
21.4374,0.0259109
21.4389,0.0259022
21.4404,0.0258937
21.4419,0.0258853
21.4434,0.025877
21.4449,0.0258686
21.4464,0.0258601
21.4479,0.0258515
21.4494,0.0258427
21.4509,0.0258337
21.4524,0.0258242
21.4539,0.0258144
21.4554,0.0258042
21.4569,0.0257934
21.4584,0.0257822
21.4599,0.0257704
21.4614,0.025758
21.4629,0.0257451
21.4644,0.0257316
21.4659,0.0257175
21.4674,0.0257029
21.4689,0.0256877
21.4704,0.025672
21.4719,0.0256558
21.4734,0.0256392
21.4749,0.0256226
21.4764,0.025606
21.4779,0.0255893
21.4794,0.0255726
21.4809,0.0255558
21.4824,0.025539
21.4839,0.025522
21.4854,0.025505
21.4869,0.0254877
21.4884,0.0254703
21.4899,0.0254526
21.4914,0.0254346
21.4929,0.0254164
21.4944,0.0253978
21.4959,0.0253788
21.4974,0.0253595
21.4989,0.0253398
21.5004,0.0253196
21.5019,0.0252991
21.5034,0.0252782
21.5049,0.0252568
21.5064,0.0252352
21.5079,0.0252131
21.5094,0.0251911
21.5109,0.0251692
21.5124,0.0251475
21.5139,0.0251261
21.5154,0.0251049
21.5169,0.0250836
21.5184,0.0250623
21.5199,0.025041
21.5214,0.0250195
21.5229,0.0249979
21.5244,0.0249762
21.5259,0.0249542
21.5274,0.024932
21.5289,0.0249095
21.5304,0.0248868
21.5319,0.0248637
21.5334,0.0248404
21.5349,0.0248167
21.5364,0.0247927
21.5379,0.0247684
21.5394,0.0247436
21.5409,0.0247185
21.5424,0.0246929
21.5439,0.0246668
21.5454,0.0246402
21.5469,0.0246132
21.5484,0.0245857
21.5499,0.0245577
21.5514,0.0245292
21.5529,0.0245002
21.5544,0.0244708
21.5559,0.0244413
21.5574,0.0244118
21.5588,0.0243824
21.5603,0.024353
21.5618,0.0243236
21.5633,0.024294
21.5648,0.0242642
21.5663,0.0242341
21.5678,0.0242036
21.5693,0.0241727
21.5708,0.0241413
21.5723,0.0241093
21.5738,0.0240767
21.5753,0.0240433
21.5768,0.0240093
21.5783,0.0239744
21.5798,0.0239386
21.5813,0.0239019
21.5828,0.0238643
21.5843,0.0238258
21.5858,0.0237864
21.5873,0.023746
21.5888,0.0237048
21.5903,0.0236627
21.5918,0.0236198
21.5933,0.0235761
21.5948,0.0235318
21.5963,0.0234868
21.5978,0.023442
21.5993,0.0233976
21.6008,0.0233539
21.6023,0.0233107
21.6038,0.0232683
21.6053,0.0232264
21.6068,0.0231853
21.6083,0.0231448
21.6098,0.0231049
21.6113,0.0230756
21.6128,0.0230753
21.6143,0.023075
21.6158,0.0230747
21.6173,0.0230744
21.6188,0.0230741
21.6203,0.0230739
21.6218,0.0230736
21.6233,0.0230733
21.6248,0.023073
21.6263,0.0230727
21.6278,0.0230724
21.6293,0.0230721
21.6308,0.0230718
21.6323,0.0230716
21.6338,0.0230713
21.6353,0.023071
21.6368,0.0230707
21.6383,0.0230704
21.6398,0.0230702
21.6413,0.0230699
21.6428,0.0230696
21.6443,0.0230693
21.6458,0.0230691
21.6473,0.0230688
21.6488,0.0230685
21.6503,0.0230683
21.6518,0.023068
21.6533,0.0230677
21.6548,0.0230675
21.6563,0.0230672
21.6578,0.023067
21.6593,0.0230667
21.6608,0.0230664
21.6623,0.0230662
21.6638,0.0230659
21.6653,0.0230657
21.6668,0.0230654
21.6683,0.0230652
21.6698,0.0230649
21.6713,0.0230647
21.6728,0.0230644
21.6743,0.0230642
21.6758,0.0230639
21.6773,0.0230637
21.6788,0.0230634
21.6803,0.0230632
21.6818,0.023063
21.6833,0.0230627
21.6848,0.0230625
21.6863,0.0230622
21.6878,0.023062
21.6893,0.0230618
21.6908,0.0230615
21.6923,0.0230613
21.6938,0.0230611
21.6953,0.0230608
21.6968,0.0230606
21.6983,0.0230604
21.6998,0.0230602
21.7013,0.0230599
21.7028,0.0230597
21.7043,0.0230595
21.7058,0.0230593
21.7073,0.023059
21.7088,0.0230588
21.7103,0.0230586
21.7118,0.0230584
21.7133,0.0230582
21.7148,0.023058
21.7163,0.0230578
21.7178,0.0230575
21.7193,0.0230573
21.7208,0.0230571
21.7223,0.0230569
21.7238,0.0230567
21.7253,0.0230565
21.7268,0.0230563
21.7283,0.0230561
21.7298,0.0230559
21.7313,0.0230557
21.7328,0.0230555
21.7343,0.0230553
21.7358,0.0230551
21.7373,0.0230549
21.7388,0.0230547
21.7402,0.0230545
21.7417,0.0230543
21.7432,0.0230542
21.7447,0.023054
21.7462,0.0230538
21.7477,0.0230536
21.7492,0.0230534
21.7507,0.0230532
21.7522,0.023053
21.7537,0.0230529
21.7552,0.0230527
21.7567,0.0230525
21.7582,0.0230523
21.7597,0.0230522
21.7612,0.023052
21.7627,0.0230518
21.7642,0.0230516
21.7657,0.0230515
21.7672,0.0230513
21.7687,0.0230511
21.7702,0.023051
21.7717,0.0230508
21.7732,0.0230506
21.7747,0.0230505
21.7762,0.0230503
21.7777,0.0230501
21.7792,0.02305
21.7807,0.0230498
21.7822,0.0230497
21.7837,0.0230495
21.7852,0.0230494
21.7867,0.0230492
21.7882,0.0230491
21.7897,0.0230489
21.7912,0.0230488
21.7927,0.0230486
21.7942,0.0230485
21.7957,0.0230483
21.7972,0.0230482
21.7987,0.023048
21.8002,0.0230479
21.8017,0.0230477
21.8032,0.0230476
21.8047,0.0230475
21.8062,0.0230473
21.8077,0.0230472
21.8092,0.0230471
21.8107,0.0230469
21.8122,0.0230468
21.8137,0.0230467
21.8152,0.0230465
21.8167,0.0230464
21.8182,0.0230463
21.8197,0.0230462
21.8212,0.023046
21.8227,0.0230459
21.8242,0.0230458
21.8257,0.0230457
21.8272,0.0230455
21.8287,0.0230454
21.8302,0.0230453
21.8317,0.0230452
21.8332,0.0230451
21.8347,0.023045
21.8362,0.0230449
21.8377,0.0230447
21.8392,0.0230446
21.8407,0.0230445
21.8422,0.0230444
21.8437,0.0230443
21.8452,0.0230442
21.8467,0.0230441
21.8482,0.023044
21.8497,0.0230439
21.8512,0.0230438
21.8527,0.0230437
21.8542,0.0230436
21.8557,0.0230435
21.8572,0.0230434
21.8587,0.0230433
21.8602,0.0230432
21.8617,0.0230431
21.8632,0.0230431
21.8647,0.023043
21.8662,0.0230429
21.8677,0.0230428
21.8692,0.0230427
21.8707,0.0230426
21.8722,0.0230426
21.8737,0.0230425
21.8752,0.0230424
21.8767,0.0230423
21.8782,0.0230422
21.8797,0.0230422
21.8812,0.0230421
21.8827,0.023042
21.8842,0.0230419
21.8857,0.0230419
21.8872,0.0230418
21.8887,0.0230417
21.8902,0.0230417
21.8917,0.0230416
21.8932,0.0230415
21.8947,0.0230415
21.8962,0.0230414
21.8977,0.0230414
21.8992,0.0230413
21.9007,0.0230412
21.9022,0.0230412
21.9037,0.0230411
21.9052,0.0230411
21.9067,0.023041
21.9082,0.023041
21.9097,0.0230409
21.9112,0.0230409
21.9127,0.0230408
21.9142,0.0230408
21.9157,0.0230407
21.9172,0.0230407
21.9187,0.0230406
21.9202,0.0230406
21.9216,0.0230406
21.9231,0.0230405
21.9246,0.0230405
21.9261,0.0230404
21.9276,0.0230404
21.9291,0.0230404
21.9306,0.0230403
21.9321,0.0230403
21.9336,0.0230403
21.9351,0.0230403
21.9366,0.0230402
21.9381,0.0230402
21.9396,0.0230402
21.9411,0.0230402
21.9426,0.0230401
21.9441,0.0230401
21.9456,0.0230401
21.9471,0.0230401
21.9486,0.0230401
21.9501,0.02304
21.9516,0.02304
21.9531,0.02304
21.9546,0.02304
21.9561,0.02304
21.9576,0.02304
21.9591,0.02304
21.9606,0.02304
21.9621,0.02304
21.9636,0.0230399
21.9651,0.0230399
21.9666,0.0230399
21.9681,0.0230399
21.9696,0.0230399
21.9711,0.0230399
21.9726,0.0230399
21.9741,0.0230399
21.9756,0.02304
21.9771,0.02304
21.9786,0.02304
21.9801,0.02304
21.9816,0.02304
21.9831,0.02304
21.9846,0.02304
21.9861,0.02304
21.9876,0.02304
21.9891,0.0230401
21.9906,0.0230401
21.9921,0.0230401
21.9936,0.0230401
21.9951,0.0230401
21.9966,0.0230402
21.9981,0.0230402
21.9996,0.0230402
22.0011,0.0230402
22.0026,0.0230403
22.0041,0.0230403
22.0056,0.0230403
22.0071,0.0230403
22.0086,0.0230404
22.0101,0.0230404
22.0116,0.0230404
22.0131,0.0230405
22.0146,0.0230405
22.0161,0.0230406
22.0176,0.0230406
22.0191,0.0230406
22.0206,0.0230407
22.0221,0.0230407
22.0236,0.0230408
22.0251,0.0230408
22.0266,0.0230409
22.0281,0.0230409
22.0296,0.023041
22.0311,0.023041
22.0326,0.0230411
22.0341,0.0230411
22.0356,0.0230412
22.0371,0.0230412
22.0386,0.0230413
22.0401,0.0230414
22.0416,0.0230414
22.0431,0.0230415
22.0446,0.0230415
22.0461,0.0230416
22.0476,0.0230417
22.0491,0.0230417
22.0506,0.0230418
22.0521,0.0230419
22.0536,0.0230419
22.0551,0.023042
22.0566,0.0230421
22.0581,0.0230422
22.0596,0.0230422
22.0611,0.0230423
22.0626,0.0230424
22.0641,0.0230425
22.0656,0.0230425
22.0671,0.0230426
22.0686,0.0230427
22.0701,0.0230428
22.0716,0.0230429
22.0731,0.023043
22.0746,0.0230431
22.0761,0.0230431
22.0776,0.0230432
22.0791,0.0230433
22.0806,0.0230434
22.0821,0.0230435
22.0836,0.0230436
22.0851,0.0230437
22.0866,0.0230438
22.0881,0.0230439
22.0896,0.023044
22.0911,0.0230441
22.0926,0.0230442
22.0941,0.0230443
22.0956,0.0230444
22.0971,0.0230445
22.0986,0.0230446
22.1001,0.0230447
22.1016,0.0230449
22.1031,0.023045
22.1045,0.0230451
22.106,0.0230452
22.1075,0.0230453
22.109,0.0230454
22.1105,0.0230455
22.112,0.0230457
22.1135,0.0230458
22.115,0.0230459
22.1165,0.023046
22.118,0.0230461
22.1195,0.0230463
22.121,0.0230464
22.1225,0.0230465
22.124,0.0230467
22.1255,0.0230468
22.127,0.0230469
22.1285,0.0230471
22.13,0.0230472
22.1315,0.0230473
22.133,0.0230475
22.1345,0.0230476
22.136,0.0230477
22.1375,0.0230479
22.139,0.023048
22.1405,0.0230482
22.142,0.0230483
22.1435,0.0230485
22.145,0.0230486
22.1465,0.0230487
22.148,0.0230489
22.1495,0.023049
22.151,0.0230492
22.1525,0.0230494
22.154,0.0230495
22.1555,0.0230497
22.157,0.0230498
22.1585,0.02305
22.16,0.0230501
22.1615,0.0230503
22.163,0.0230505
22.1645,0.0230506
22.166,0.0230508
22.1675,0.023051
22.169,0.0230511
22.1705,0.0230513
22.172,0.0230515
22.1735,0.0230516
22.175,0.0230518
22.1765,0.023052
22.178,0.0230521
22.1795,0.0230523
22.181,0.0230525
22.1825,0.0230527
22.184,0.0230529
22.1855,0.023053
22.187,0.0230532
22.1885,0.0230534
22.19,0.0230536
22.1915,0.0230538
22.193,0.023054
22.1945,0.0230541
22.196,0.0230543
22.1975,0.0230545
22.199,0.0230547
22.2005,0.0230549
22.202,0.0230551
22.2035,0.0230553
22.205,0.0230555
22.2065,0.0230557
22.208,0.0230559
22.2095,0.0230561
22.211,0.0230563
22.2125,0.0230565
22.214,0.0230567
22.2155,0.0230569
22.217,0.0230571
22.2185,0.0230573
22.22,0.0230575
22.2215,0.0230577
22.223,0.023058
22.2245,0.0230582
22.226,0.0230584
22.2275,0.0230586
22.229,0.0230588
22.2305,0.023059
22.232,0.0230593
22.2335,0.0230595
22.235,0.0230597
22.2365,0.0230599
22.238,0.0230601
22.2395,0.0230604
22.241,0.0230606
22.2425,0.0230608
22.244,0.0230611
22.2455,0.0230613
22.247,0.0230615
22.2485,0.0230618
22.25,0.023062
22.2515,0.0230622
22.253,0.0230625
22.2545,0.0230627
22.256,0.0230629
22.2575,0.0230632
22.259,0.0230634
22.2605,0.0230637
22.262,0.0230639
22.2635,0.0230642
22.265,0.0230644
22.2665,0.0230647
22.268,0.0230649
22.2695,0.0230652
22.271,0.0230654
22.2725,0.0230657
22.274,0.0230659
22.2755,0.0230662
22.277,0.0230664
22.2785,0.0230667
22.28,0.0230669
22.2815,0.0230672
22.283,0.0230675
22.2845,0.0230677
22.2859,0.023068
22.2874,0.0230683
22.2889,0.0230685
22.2904,0.0230688
22.2919,0.0230691
22.2934,0.0230693
22.2949,0.0230696
22.2964,0.0230699
22.2979,0.0230702
22.2994,0.0230704
22.3009,0.0230707
22.3024,0.023071
22.3039,0.0230713
22.3054,0.0230715
22.3069,0.0230718
22.3084,0.0230721
22.3099,0.0230724
22.3114,0.0230727
22.3129,0.023073
22.3144,0.0230733
22.3159,0.0230735
22.3174,0.0230738
22.3189,0.0230741
22.3204,0.0230744
22.3219,0.0230747
22.3234,0.023075
22.3249,0.0230753
22.3264,0.0230756
22.3279,0.0230759
22.3294,0.0230762
22.3309,0.0230765
22.3324,0.0230768
22.3339,0.0230771
22.3354,0.0230774
22.3369,0.0230777
22.3384,0.023078
22.3399,0.0230783
22.3414,0.0230787
22.3429,0.023079
22.3444,0.0230793
22.3459,0.0230796
22.3474,0.0230799
22.3489,0.0230865
22.3504,0.0231207
22.3519,0.0231543
22.3534,0.0231871
22.3549,0.0232189
22.3564,0.0232496
22.3579,0.0232793
22.3594,0.023308
22.3609,0.0233358
22.3624,0.0233627
22.3639,0.0233888
22.3654,0.0234141
22.3669,0.0234387
22.3684,0.0234625
22.3699,0.0234855
22.3714,0.0235079
22.3729,0.0235297
22.3744,0.0235508
22.3759,0.0235713
22.3774,0.0235912
22.3789,0.0236106
22.3804,0.0236294
22.3819,0.0236478
22.3834,0.0236656
22.3849,0.0236829
22.3864,0.0236998
22.3879,0.0237162
22.3894,0.0237322
22.3909,0.0237479
22.3924,0.0237632
22.3939,0.0237781
22.3954,0.0237928
22.3969,0.0238072
22.3984,0.0238213
22.3999,0.0238353
22.4014,0.0238491
22.4029,0.0238627
22.4044,0.0238762
22.4059,0.0238896
22.4074,0.023903
22.4089,0.0239163
22.4104,0.0239296
22.4119,0.023943
22.4134,0.0239563
22.4149,0.0239697
22.4164,0.023983
22.4179,0.0239964
22.4194,0.0240098
22.4209,0.0240232
22.4224,0.0240366
22.4239,0.02405
22.4254,0.0240633
22.4269,0.0240765
22.4284,0.0240896
22.4299,0.0241026
22.4314,0.0241154
22.4329,0.024128
22.4344,0.0241405
22.4359,0.0241527
22.4374,0.0241646
22.4389,0.0241762
22.4404,0.0241874
22.4419,0.0241983
22.4434,0.0242088
22.4449,0.024219
22.4464,0.0242286
22.4479,0.0242378
22.4494,0.0242466
22.4509,0.0242548
22.4524,0.0242626
22.4539,0.0242699
22.4554,0.0242766
22.4569,0.0242829
22.4584,0.0242887
22.4599,0.0242939
22.4614,0.0242989
22.4629,0.0243038
22.4644,0.0243087
22.4659,0.0243136
22.4674,0.0243186
22.4688,0.0243237
22.4703,0.0243289
22.4718,0.0243342
22.4733,0.0243396
22.4748,0.0243451
22.4763,0.0243507
22.4778,0.0243565
22.4793,0.0243623
22.4808,0.0243683
22.4823,0.0243743
22.4838,0.0243804
22.4853,0.0243865
22.4868,0.0243926
22.4883,0.0243988
22.4898,0.0244048
22.4913,0.0244109
22.4928,0.0244168
22.4943,0.0244226
22.4958,0.0244283
22.4973,0.0244338
22.4988,0.0244391
22.5003,0.0244442
22.5018,0.024449
22.5033,0.0244537
22.5048,0.0244582
22.5063,0.0244625
22.5078,0.0244668
22.5093,0.0244708
22.5108,0.0244746
22.5123,0.0244783
22.5138,0.0244818
22.5153,0.0244851
22.5168,0.0244881
22.5183,0.0244909
22.5198,0.0244933
22.5213,0.0244955
22.5228,0.0244972
22.5243,0.0244986
22.5258,0.0244996
22.5273,0.0245001
22.5288,0.0245002
22.5303,0.0244997
22.5318,0.0244987
22.5333,0.0244972
22.5348,0.0244951
22.5363,0.0244924
22.5378,0.024489
22.5393,0.0244851
22.5408,0.0244804
22.5423,0.0244751
22.5438,0.0244691
22.5453,0.0244625
22.5468,0.0244551
22.5483,0.024447
22.5498,0.0244382
22.5513,0.0244287
22.5528,0.0244185
22.5543,0.0244076
22.5558,0.024396
22.5573,0.0243837
22.5588,0.0243707
22.5603,0.0243571
22.5618,0.0243427
22.5633,0.0243278
22.5648,0.0243122
22.5663,0.024296
22.5678,0.0242793
22.5693,0.024262
22.5708,0.0242441
22.5723,0.0242258
22.5738,0.0242069
22.5753,0.0241876
22.5768,0.0241679
22.5783,0.0241478
22.5798,0.0241272
22.5813,0.0241064
22.5828,0.0240851
22.5843,0.0240636
22.5858,0.0240417
22.5873,0.0240195
22.5888,0.023997
22.5903,0.0239743
22.5918,0.0239514
22.5933,0.0239282
22.5948,0.0239049
22.5963,0.0238814
22.5978,0.0238651
22.5993,0.0238702
22.6008,0.0238753
22.6023,0.0238804
22.6038,0.0238855
22.6053,0.0238906
22.6068,0.0238956
22.6083,0.0239007
22.6098,0.0239058
22.6113,0.0239109
22.6128,0.023916
22.6143,0.0239211
22.6158,0.0239262
22.6173,0.0239312
22.6188,0.0239363
22.6203,0.0239414
22.6218,0.0239465
22.6233,0.0239516
22.6248,0.0239567
22.6263,0.0239618
22.6278,0.0239669
22.6293,0.0239719
22.6308,0.023977
22.6323,0.0239821
22.6338,0.0239872
22.6353,0.0239923
22.6368,0.0239974
22.6383,0.0240025
22.6398,0.0240076
22.6413,0.0240126
22.6428,0.0240177
22.6443,0.0240228
22.6458,0.0240279
22.6473,0.024033
22.6488,0.0240381
22.6502,0.0240432
22.6517,0.0240483
22.6532,0.0240534
22.6547,0.0240584
22.6562,0.0240635
22.6577,0.0240686
22.6592,0.0240737
22.6607,0.0240788
22.6622,0.0240839
22.6637,0.024089
22.6652,0.0240941
22.6667,0.0240992
22.6682,0.0241043
22.6697,0.0241093
22.6712,0.0241144
22.6727,0.0241195
22.6742,0.0241246
22.6757,0.0241297
22.6772,0.0241348
22.6787,0.0241399
22.6802,0.024145
22.6817,0.0241501
22.6832,0.0241552
22.6847,0.0241603
22.6862,0.0241653
22.6877,0.0241704
22.6892,0.0241755
22.6907,0.0241806
22.6922,0.0241857
22.6937,0.0241908
22.6952,0.0241959
22.6967,0.024201
22.6982,0.0242061
22.6997,0.0242112
22.7012,0.0242163
22.7027,0.0242214
22.7042,0.0242265
22.7057,0.0242316
22.7072,0.0242366
22.7087,0.0242417
22.7102,0.0242468
22.7117,0.0242519
22.7132,0.024257
22.7147,0.0242621
22.7162,0.0242672
22.7177,0.0242723
22.7192,0.0242774
22.7207,0.0242825
22.7222,0.0242876
22.7237,0.0242927
22.7252,0.0242978
22.7267,0.0243029
22.7282,0.024308
22.7297,0.0243131
22.7312,0.0243182
22.7327,0.0243233
22.7342,0.0243284
22.7357,0.0243334
22.7372,0.0243385
22.7387,0.0243436
22.7402,0.0243487
22.7417,0.0243538
22.7432,0.0243589
22.7447,0.024364
22.7462,0.0243691
22.7477,0.0243742
22.7492,0.0243793
22.7507,0.0243844
22.7522,0.0243895
22.7537,0.0243946
22.7552,0.0243997
22.7567,0.0244048
22.7582,0.0244099
22.7597,0.024415
22.7612,0.0244201
22.7627,0.0244252
22.7642,0.0244303
22.7657,0.0244354
22.7672,0.0244405
22.7687,0.0244456
22.7702,0.0244507
22.7717,0.0244558
22.7732,0.0244609
22.7747,0.024466
22.7762,0.0244711
22.7777,0.0244762
22.7792,0.0244813
22.7807,0.0244864
22.7822,0.0244915
22.7837,0.0244966
22.7852,0.0245017
22.7867,0.0245068
22.7882,0.0245119
22.7897,0.024517
22.7912,0.0245221
22.7927,0.0245272
22.7942,0.0245323
22.7957,0.0245374
22.7972,0.0245425
22.7987,0.0245476
22.8002,0.0245527
22.8017,0.0245578
22.8032,0.0245629
22.8047,0.024568
22.8062,0.0245731
22.8077,0.0245782
22.8092,0.0245833
22.8107,0.0245884
22.8122,0.0245935
22.8137,0.0245986
22.8152,0.0246037
22.8167,0.0246088
22.8182,0.0246139
22.8197,0.024619
22.8212,0.0246241
22.8227,0.0246292
22.8242,0.0246343
22.8257,0.0246394
22.8272,0.0246445
22.8287,0.0246496
22.8302,0.0246547
22.8316,0.0246598
22.8331,0.0246649
22.8346,0.0246701
22.8361,0.0246752
22.8376,0.0246803
22.8391,0.0246854
22.8406,0.0246905
22.8421,0.0246956
22.8436,0.0247007
22.8451,0.0247058
22.8466,0.0247109
22.8481,0.024716
22.8496,0.0247211
22.8511,0.0247262
22.8526,0.0247313
22.8541,0.0247364
22.8556,0.0247415
22.8571,0.0247466
22.8586,0.0247517
22.8601,0.0247568
22.8616,0.024762
22.8631,0.0247671
22.8646,0.0247722
22.8661,0.0247773
22.8676,0.0247824
22.8691,0.0247875
22.8706,0.0247926
22.8721,0.0247977
22.8736,0.0248028
22.8751,0.0248079
22.8766,0.024813
22.8781,0.0248181
22.8796,0.0248232
22.8811,0.0248284
22.8826,0.0248335
22.8841,0.0248386
22.8856,0.0248437
22.8871,0.0248488
22.8886,0.0248539
22.8901,0.024859
22.8916,0.0248641
22.8931,0.0248692
22.8946,0.0248743
22.8961,0.0248794
22.8976,0.0248846
22.8991,0.0248897
22.9006,0.0248948
22.9021,0.0248999
22.9036,0.024905
22.9051,0.0249101
22.9066,0.0249152
22.9081,0.0249203
22.9096,0.0249254
22.9111,0.0249306
22.9126,0.0249357
22.9141,0.0249408
22.9156,0.0249459
22.9171,0.024951
22.9186,0.0249561
22.9201,0.0249612
22.9216,0.0249663
22.9231,0.0249714
22.9246,0.0249766
22.9261,0.0249817
22.9276,0.0249868
22.9291,0.0249919
22.9306,0.024997
22.9321,0.0250021
22.9336,0.0250072
22.9351,0.0250123
22.9366,0.0250175
22.9381,0.0250226
22.9396,0.0250277
22.9411,0.0250328
22.9426,0.0250379
22.9441,0.025043
22.9456,0.0250481
22.9471,0.0250532
22.9486,0.0250584
22.9501,0.0250635
22.9516,0.0250686
22.9531,0.0250737
22.9546,0.0250788
22.9561,0.0250839
22.9576,0.025089
22.9591,0.0250942
22.9606,0.0250993
22.9621,0.0251044
22.9636,0.0251095
22.9651,0.0251146
22.9666,0.0251197
22.9681,0.0251248
22.9696,0.02513
22.9711,0.0251351
22.9726,0.0251402
22.9741,0.0251453
22.9756,0.0251504
22.9771,0.0251555
22.9786,0.0251607
22.9801,0.0251658
22.9816,0.0251709
22.9831,0.025176
22.9846,0.0251811
22.9861,0.0251862
22.9876,0.0251913
22.9891,0.0251965
22.9906,0.0252016
22.9921,0.0252067
22.9936,0.0252118
22.9951,0.0252169
22.9966,0.025222
22.9981,0.0252272
22.9996,0.0252323
23.0011,0.0252374
23.0026,0.0252425
23.0041,0.0252476
23.0056,0.0252528
23.0071,0.0252579
23.0086,0.025263
23.0101,0.0252681
23.0116,0.0252732
23.0131,0.0252783
23.0145,0.0252835
23.016,0.0252886
23.0175,0.0252937
23.019,0.0252988
23.0205,0.0253039
23.022,0.025309
23.0235,0.0253142
23.025,0.0253193
23.0265,0.0253244
23.028,0.0253295
23.0295,0.0253346
23.031,0.0253398
23.0325,0.0253449
23.034,0.02535
23.0355,0.0253551
23.037,0.0253602
23.0385,0.0253654
23.04,0.0253705
23.0415,0.0253756
23.043,0.0253807
23.0445,0.0253858
23.046,0.025391
23.0475,0.0253961
23.049,0.0254012
23.0505,0.0254063
23.052,0.0254114
23.0535,0.0254166
23.055,0.0254217
23.0565,0.0254268
23.058,0.0254319
23.0595,0.025437
23.061,0.0254422
23.0625,0.0254473
23.064,0.0254524
23.0655,0.0254575
23.067,0.0254626
23.0685,0.0254678
23.07,0.0254729
23.0715,0.025478
23.073,0.0254831
23.0745,0.0254883
23.076,0.0254934
23.0775,0.0254985
23.079,0.0255036
23.0805,0.0255087
23.082,0.0255139
23.0835,0.025519
23.085,0.0255241
23.0865,0.0255292
23.088,0.0255344
23.0895,0.0255395
23.091,0.0255446
23.0925,0.0255497
23.094,0.0255548
23.0955,0.02556
23.097,0.0255651
23.0985,0.0255702
23.1,0.0255753
23.1015,0.0255805
23.103,0.0255856
23.1045,0.0255907
23.106,0.0255958
23.1075,0.025601
23.109,0.0256061
23.1105,0.0256112
23.112,0.0256163
23.1135,0.0256215
23.115,0.0256266
23.1165,0.0256317
23.118,0.0256368
23.1195,0.025642
23.121,0.0256471
23.1225,0.0256522
23.124,0.0256573
23.1255,0.0256625
23.127,0.0256676
23.1285,0.0256727
23.13,0.0256778
23.1315,0.025683
23.133,0.0256881
23.1345,0.0256932
23.136,0.0256983
23.1375,0.0257035
23.139,0.0257086
23.1405,0.0257137
23.142,0.0257188
23.1435,0.025724
23.145,0.0257291
23.1465,0.0257342
23.148,0.0257393
23.1495,0.0257445
23.151,0.0257496
23.1525,0.0257547
23.154,0.0257598
23.1555,0.025765
23.157,0.0257701
23.1585,0.0257752
23.16,0.0257804
23.1615,0.0257855
23.163,0.0257906
23.1645,0.0257957
23.166,0.0258009
23.1675,0.025806
23.169,0.0258111
23.1705,0.0258163
23.172,0.0258214
23.1735,0.0258265
23.175,0.0258316
23.1765,0.0258368
23.178,0.0258419
23.1795,0.025847
23.181,0.0258522
23.1825,0.0258573
23.184,0.0258624
23.1855,0.0258675
23.187,0.0258727
23.1885,0.0258778
23.19,0.0258829
23.1915,0.0258881
23.193,0.0258932
23.1945,0.0258983
23.1959,0.0259034
23.1974,0.0259086
23.1989,0.0259137
23.2004,0.0259188
23.2019,0.025924
23.2034,0.0259291
23.2049,0.0259342
23.2064,0.0259394
23.2079,0.0259445
23.2094,0.0259496
23.2109,0.0259548
23.2124,0.0259599
23.2139,0.025965
23.2154,0.0259702
23.2169,0.0259753
23.2184,0.0259804
23.2199,0.0259856
23.2214,0.0259907
23.2229,0.0259958
23.2244,0.026001
23.2259,0.0260061
23.2274,0.0260112
23.2289,0.0260164
23.2304,0.0260215
23.2319,0.0260266
23.2334,0.0260318
23.2349,0.0260369
23.2364,0.026042
23.2379,0.0260472
23.2394,0.0260523
23.2409,0.0260574
23.2424,0.0260626
23.2439,0.0260677
23.2454,0.0260728
23.2469,0.026078
23.2484,0.0260831
23.2499,0.0260882
23.2514,0.0260934
23.2529,0.0260985
23.2544,0.0261037
23.2559,0.0261088
23.2574,0.0261139
23.2589,0.0261191
23.2604,0.0261242
23.2619,0.0261293
23.2634,0.0261345
23.2649,0.0261396
23.2664,0.0261447
23.2679,0.0261499
23.2694,0.026155
23.2709,0.0261602
23.2724,0.0261653
23.2739,0.0261704
23.2754,0.0261756
23.2769,0.0261807
23.2784,0.0261858
23.2799,0.026191
23.2814,0.0261961
23.2829,0.0262013
23.2844,0.0262064
23.2859,0.0262115
23.2874,0.0262167
23.2889,0.0262218
23.2904,0.0262269
23.2919,0.0262321
23.2934,0.0262372
23.2949,0.0262424
23.2964,0.0262475
23.2979,0.0262526
23.2994,0.0262578
23.3009,0.0262629
23.3024,0.0262681
23.3039,0.0262732
23.3054,0.0262783
23.3069,0.0262835
23.3084,0.0262886
23.3099,0.0262937
23.3114,0.0262989
23.3129,0.026304
23.3144,0.0263092
23.3159,0.0263143
23.3174,0.0263194
23.3189,0.0263246
23.3204,0.0263297
23.3219,0.0263349
23.3234,0.02634
23.3249,0.0263451
23.3264,0.0263503
23.3279,0.0263554
23.3294,0.0263606
23.3309,0.0263657
23.3324,0.0263708
23.3339,0.026376
23.3354,0.0263811
23.3369,0.0263863
23.3384,0.0263914
23.3399,0.0263965
23.3414,0.0264017
23.3429,0.0264068
23.3444,0.026412
23.3459,0.0264171
23.3474,0.0264223
23.3489,0.0264274
23.3504,0.0264325
23.3519,0.0264377
23.3534,0.0264428
23.3549,0.026448
23.3564,0.0264531
23.3579,0.0264582
23.3594,0.0264634
23.3609,0.0264685
23.3624,0.0264737
23.3639,0.0264788
23.3654,0.026484
23.3669,0.0264891
23.3684,0.0264942
23.3699,0.0264994
23.3714,0.0265045
23.3729,0.0265097
23.3744,0.0265148
23.3759,0.02652
23.3773,0.0265251
23.3788,0.0265302
23.3803,0.0265354
23.3818,0.0265405
23.3833,0.0265457
23.3848,0.0265508
23.3863,0.026556
23.3878,0.0265611
23.3893,0.0265662
23.3908,0.0265714
23.3923,0.0265765
23.3938,0.0265817
23.3953,0.0265868
23.3968,0.026592
23.3983,0.0265971
23.3998,0.0266023
23.4013,0.0266074
23.4028,0.0266125
23.4043,0.0266177
23.4058,0.0266228
23.4073,0.026628
23.4088,0.0266331
23.4103,0.0266383
23.4118,0.0266434
23.4133,0.0266486
23.4148,0.0266537
23.4163,0.0266588
23.4178,0.026664
23.4193,0.0266691
23.4208,0.0266743
23.4223,0.0266794
23.4238,0.0266846
23.4253,0.0266897
23.4268,0.0266949
23.4283,0.0267
23.4298,0.0267052
23.4313,0.0267103
23.4328,0.0267155
23.4343,0.0267206
23.4358,0.0267257
23.4373,0.0267309
23.4388,0.026736
23.4403,0.0267412
23.4418,0.0267463
23.4433,0.0267515
23.4448,0.0267566
23.4463,0.0267618
23.4478,0.0267669
23.4493,0.0267721
23.4508,0.0267772
23.4523,0.0267824
23.4538,0.0267875
23.4553,0.0267927
23.4568,0.0267978
23.4583,0.026803
23.4598,0.0268081
23.4613,0.0268133
23.4628,0.0268184
23.4643,0.0268235
23.4658,0.0268287
23.4673,0.0268338
23.4688,0.026839
23.4703,0.0268441
23.4718,0.0268493
23.4733,0.0268544
23.4748,0.0268596
23.4763,0.0268647
23.4778,0.0268699
23.4793,0.026875
23.4808,0.0268802
23.4823,0.0268853
23.4838,0.0268905
23.4853,0.0268956
23.4868,0.0269008
23.4883,0.0269059
23.4898,0.0269111
23.4913,0.0269162
23.4928,0.0269214
23.4943,0.0269265
23.4958,0.0269317
23.4973,0.0269368
23.4988,0.026942
23.5003,0.0269471
23.5018,0.0269523
23.5033,0.0269574
23.5048,0.0269626
23.5063,0.0269677
23.5078,0.0269729
23.5093,0.026978
23.5108,0.0269832
23.5123,0.0269883
23.5138,0.0269935
23.5153,0.0269986
23.5168,0.0270038
23.5183,0.0270089
23.5198,0.0270141
23.5213,0.0270192
23.5228,0.0270244
23.5243,0.0270295
23.5258,0.0270347
23.5273,0.0270398
23.5288,0.027045
23.5303,0.0270501
23.5318,0.0270553
23.5333,0.0270605
23.5348,0.0270656
23.5363,0.0270708
23.5378,0.0270759
23.5393,0.0270811
23.5408,0.0270862
23.5423,0.0270914
23.5438,0.0270965
23.5453,0.0271017
23.5468,0.0271068
23.5483,0.027112
23.5498,0.0271171
23.5513,0.0271223
23.5528,0.0271274
23.5543,0.0271326
23.5558,0.0271377
23.5573,0.0271429
23.5588,0.027148
23.5602,0.0271532
23.5617,0.0271584
23.5632,0.0271635
23.5647,0.0271687
23.5662,0.0271738
23.5677,0.027179
23.5692,0.0271841
23.5707,0.0271893
23.5722,0.0271944
23.5737,0.0271996
23.5752,0.0272047
23.5767,0.0272099
23.5782,0.027215
23.5797,0.0272202
23.5812,0.0272254
23.5827,0.0272305
23.5842,0.0272357
23.5857,0.0272408
23.5872,0.027246
23.5887,0.0272511
23.5902,0.0272563
23.5917,0.0272614
23.5932,0.0272666
23.5947,0.0272717
23.5962,0.0272769
23.5977,0.0272821
23.5992,0.0272872
23.6007,0.0272924
23.6022,0.0272975
23.6037,0.0273027
23.6052,0.0273078
23.6067,0.027313
23.6082,0.0273181
23.6097,0.0273233
23.6112,0.0273285
23.6127,0.0273336
23.6142,0.0273388
23.6157,0.0273439
23.6172,0.0273491
23.6187,0.0273543
23.6202,0.0273594
23.6217,0.0273646
23.6232,0.0273697
23.6247,0.0273749
23.6262,0.0273801
23.6277,0.0273852
23.6292,0.0273904
23.6307,0.0273955
23.6322,0.0274007
23.6337,0.0274059
23.6352,0.027411
23.6367,0.0274162
23.6382,0.0274213
23.6397,0.0274265
23.6412,0.0274317
23.6427,0.0274368
23.6442,0.027442
23.6457,0.0274471
23.6472,0.0274523
23.6487,0.0274575
23.6502,0.0274626
23.6517,0.0274678
23.6532,0.0274729
23.6547,0.0274781
23.6562,0.0274833
23.6577,0.0274884
23.6592,0.0274936
23.6607,0.0274987
23.6622,0.0275039
23.6637,0.0275091
23.6652,0.0275142
23.6667,0.0275194
23.6682,0.0275246
23.6697,0.0275297
23.6712,0.0275349
23.6727,0.02754
23.6742,0.0275452
23.6757,0.0275504
23.6772,0.0275555
23.6787,0.0275607
23.6802,0.0275659
23.6817,0.027571
23.6832,0.0275762
23.6847,0.0275813
23.6862,0.0275865
23.6877,0.0275917
23.6892,0.0275968
23.6907,0.027602
23.6922,0.0276072
23.6937,0.0276123
23.6952,0.0276175
23.6967,0.0276226
23.6982,0.0276278
23.6997,0.027633
23.7012,0.0276381
23.7027,0.0276433
23.7042,0.0276485
23.7057,0.0276536
23.7072,0.0276588
23.7087,0.027664
23.7102,0.0276691
23.7117,0.0276743
23.7132,0.0276794
23.7147,0.0276846
23.7162,0.0276898
23.7177,0.0276949
23.7192,0.0277001
23.7207,0.0277053
23.7222,0.0277104
23.7237,0.0277156
23.7252,0.0277208
23.7267,0.0277259
23.7282,0.0277311
23.7297,0.0277363
23.7312,0.0277414
23.7327,0.0277466
23.7342,0.0277517
23.7357,0.0277569
23.7372,0.0277621
23.7387,0.0277672
23.7402,0.0277724
23.7416,0.0277776
23.7431,0.0277827
23.7446,0.0277879
23.7461,0.0277931
23.7476,0.0277982
23.7491,0.0278034
23.7506,0.0278086
23.7521,0.0278137
23.7536,0.0278189
23.7551,0.0278241
23.7566,0.0278292
23.7581,0.0278344
23.7596,0.0278396
23.7611,0.0278447
23.7626,0.0278499
23.7641,0.0278551
23.7656,0.0278602
23.7671,0.0278654
23.7686,0.0278706
23.7701,0.0278757
23.7716,0.0278809
23.7731,0.0278861
23.7746,0.0278912
23.7761,0.0278964
23.7776,0.0279016
23.7791,0.0279067
23.7806,0.0279119
23.7821,0.0279171
23.7836,0.0279222
23.7851,0.0279274
23.7866,0.0279326
23.7881,0.0279377
23.7896,0.0279429
23.7911,0.0279481
23.7926,0.0279532
23.7941,0.0279584
23.7956,0.0279636
23.7971,0.0279688
23.7986,0.0279739
23.8001,0.0279791
23.8016,0.0279843
23.8031,0.0279894
23.8046,0.0279946
23.8061,0.0279998
23.8076,0.0280049
23.8091,0.0280101
23.8106,0.0280153
23.8121,0.0280204
23.8136,0.0280256
23.8151,0.0280308
23.8166,0.0280359
23.8181,0.0280411
23.8196,0.0280463
23.8211,0.0280515
23.8226,0.0280566
23.8241,0.0280618
23.8256,0.028067
23.8271,0.0280721
23.8286,0.0280773
23.8301,0.0280825
23.8316,0.0280876
23.8331,0.0280928
23.8346,0.028098
23.8361,0.0281032
23.8376,0.0281083
23.8391,0.0281135
23.8406,0.0281187
23.8421,0.0281238
23.8436,0.028129
23.8451,0.0281342
23.8466,0.0281393
23.8481,0.0281445
23.8496,0.0281497
23.8511,0.0281549
23.8526,0.02816
23.8541,0.0281652
23.8556,0.0281704
23.8571,0.0281755
23.8586,0.0281807
23.8601,0.0281859
23.8616,0.0281911
23.8631,0.0281962
23.8646,0.0282014
23.8661,0.0282066
23.8676,0.0282118
23.8691,0.0282169
23.8706,0.0282221
23.8721,0.0282273
23.8736,0.0282324
23.8751,0.0282376
23.8766,0.0282428
23.8781,0.028248
23.8796,0.0282531
23.8811,0.0282583
23.8826,0.0282635
23.8841,0.0282686
23.8856,0.0282738
23.8871,0.028279
23.8886,0.0282842
23.8901,0.0282893
23.8916,0.0282945
23.8931,0.0282997
23.8946,0.0283049
23.8961,0.02831
23.8976,0.0283152
23.8991,0.0283204
23.9006,0.0283255
23.9021,0.0283307
23.9036,0.0283359
23.9051,0.0283411
23.9066,0.0283462
23.9081,0.0283514
23.9096,0.0283566
23.9111,0.0283618
23.9126,0.0283669
23.9141,0.0283721
23.9156,0.0283773
23.9171,0.0283825
23.9186,0.0283876
23.9201,0.0283928
23.9216,0.028398
23.923,0.0284032
23.9245,0.0284083
23.926,0.0284135
23.9275,0.0284187
23.929,0.0284239
23.9305,0.028429
23.932,0.0284342
23.9335,0.0284394
23.935,0.0284446
23.9365,0.0284497
23.938,0.0284549
23.9395,0.0284601
23.941,0.0284653
23.9425,0.0284704
23.944,0.0284756
23.9455,0.0284808
23.947,0.028486
23.9485,0.0284911
23.95,0.0284963
23.9515,0.0285015
23.953,0.0285067
23.9545,0.0285118
23.956,0.028517
23.9575,0.0285222
23.959,0.0285274
23.9605,0.0285325
23.962,0.0285377
23.9635,0.0285429
23.965,0.0285481
23.9665,0.0285532
23.968,0.0285584
23.9695,0.0285634
23.971,0.0285685
23.9725,0.0285734
23.974,0.0285782
23.9755,0.028583
23.977,0.0285876
23.9785,0.028592
23.98,0.0285964
23.9815,0.0286006
23.983,0.0286045
23.9845,0.0286082
23.986,0.0286116
23.9875,0.0286146
23.989,0.0286171
23.9905,0.0286191
23.992,0.0286206
23.9935,0.0286216
23.995,0.0286218
23.9965,0.0286223
23.998,0.0286273
23.9995,0.0286322
24.001,0.0286372
24.0025,0.0286421
24.004,0.028647
24.0055,0.0286518
24.007,0.0286566
24.0085,0.0286614
24.01,0.0286661
24.0115,0.0286707
24.013,0.0286753
24.0145,0.0286799
24.016,0.0286843
24.0175,0.0286887
24.019,0.0286931
24.0205,0.0286974
24.022,0.0287016
24.0235,0.0287057
24.025,0.0287098
24.0265,0.0287138
24.028,0.0287177
24.0295,0.0287216
24.031,0.0287253
24.0325,0.028729
24.034,0.0287326
24.0355,0.0287361
24.037,0.0287395
24.0385,0.0287428
24.04,0.028746
24.0415,0.0287491
24.043,0.0287522
24.0445,0.0287551
24.046,0.028758
24.0475,0.0287607
24.049,0.0287634
24.0505,0.0287659
24.052,0.0287683
24.0535,0.0287706
24.055,0.0287728
24.0565,0.0287749
24.058,0.0287768
24.0595,0.0287786
24.061,0.0287802
24.0625,0.0287816
24.064,0.0287828
24.0655,0.0287839
24.067,0.0287846
24.0685,0.0287852
24.07,0.0287856
24.0715,0.0287857
24.073,0.0287856
24.0745,0.0287853
24.076,0.0287888
24.0775,0.028794
24.079,0.0287992
24.0805,0.0288044
24.082,0.0288096
24.0835,0.0288148
24.085,0.0288201
24.0865,0.0288253
24.088,0.0288305
24.0895,0.0288357
24.091,0.0288409
24.0925,0.0288461
24.094,0.0288512
24.0955,0.0288561
24.097,0.0288609
24.0985,0.0288653
24.1,0.0288693
24.1015,0.0288728
24.103,0.0288758
24.1045,0.0288782
24.1059,0.0288798
24.1074,0.0288805
24.1089,0.0288804
24.1104,0.0288792
24.1119,0.0288769
24.1134,0.0288733
24.1149,0.0288683
24.1164,0.0288619
24.1179,0.0288539
24.1194,0.0288442
24.1209,0.0288327
24.1224,0.0288193
24.1239,0.0288037
24.1254,0.028786
24.1269,0.028766
24.1284,0.0287436
24.1299,0.0287186
24.1314,0.0287083
24.1329,0.0287068
24.1344,0.0287056
24.1359,0.0287045
24.1374,0.0287036
24.1389,0.028703
24.1404,0.0287027
24.1419,0.0287026
24.1434,0.0287027
24.1449,0.0287031
24.1464,0.0287038
24.1479,0.0287046
24.1494,0.0287057
24.1509,0.0287069
24.1524,0.0287082
24.1539,0.0287095
24.1554,0.0287109
24.1569,0.0287122
24.1584,0.0287133
24.1599,0.0287143
24.1614,0.028715
24.1629,0.0287153
24.1644,0.0287152
24.1659,0.0287145
24.1674,0.0287133
24.1689,0.0287114
24.1704,0.0287087
24.1719,0.0287052
24.1734,0.0287008
24.1749,0.0286954
24.1764,0.028689
24.1779,0.0286815
24.1794,0.028673
24.1809,0.0286632
24.1824,0.0286524
24.1839,0.0286403
24.1854,0.028627
24.1869,0.0286126
24.1884,0.028597
24.1899,0.0285802
24.1914,0.0285622
24.1929,0.0285432
24.1944,0.0285231
24.1959,0.028502
24.1974,0.0284799
24.1989,0.0284569
24.2004,0.028433
24.2019,0.0284084
24.2034,0.028383
24.2049,0.0283569
24.2064,0.0283305
24.2079,0.0283037
24.2094,0.0282766
24.2109,0.0282493
24.2124,0.028239
24.2139,0.0282442
24.2154,0.0282494
24.2169,0.0282546
24.2184,0.0282598
24.2199,0.028265
24.2214,0.0282702
24.2229,0.0282754
24.2244,0.0282806
24.2259,0.0282858
24.2274,0.028291
24.2289,0.0282962
24.2304,0.0283014
24.2319,0.0283066
24.2334,0.0283118
24.2349,0.028317
24.2364,0.0283222
24.2379,0.0283274
24.2394,0.0283326
24.2409,0.0283378
24.2424,0.028343
24.2439,0.0283482
24.2454,0.0283534
24.2469,0.0283586
24.2484,0.0283638
24.2499,0.028369
24.2514,0.0283742
24.2529,0.0283794
24.2544,0.0283846
24.2559,0.0283898
24.2574,0.028395
24.2589,0.0284002
24.2604,0.0284054
24.2619,0.0284106
24.2634,0.0284158
24.2649,0.028421
24.2664,0.0284262
24.2679,0.0284314
24.2694,0.0284366
24.2709,0.0284418
24.2724,0.028447
24.2739,0.0284522
24.2754,0.0284574
24.2769,0.0284626
24.2784,0.0284678
24.2799,0.028473
24.2814,0.0284782
24.2829,0.0284834
24.2844,0.0284886
24.2859,0.0284938
24.2873,0.028499
24.2888,0.0285042
24.2903,0.0285094
24.2918,0.0285146
24.2933,0.0285198
24.2948,0.028525
24.2963,0.0285302
24.2978,0.0285354
24.2993,0.0285406
24.3008,0.0285458
24.3023,0.028551
24.3038,0.0285562
24.3053,0.0285614
24.3068,0.0285666
24.3083,0.0285718
24.3098,0.028577
24.3113,0.0285822
24.3128,0.0285874
24.3143,0.0285926
24.3158,0.0285978
24.3173,0.028603
24.3188,0.0286083
24.3203,0.0286135
24.3218,0.0286187
24.3233,0.0286239
24.3248,0.0286291
24.3263,0.0286343
24.3278,0.0286395
24.3293,0.0286447
24.3308,0.0286499
24.3323,0.0286551
24.3338,0.0286603
24.3353,0.0286655
24.3368,0.0286707
24.3383,0.0286759
24.3398,0.0286811
24.3413,0.0286863
24.3428,0.0286915
24.3443,0.0286967
24.3458,0.0287019
24.3473,0.0287071
24.3488,0.0287123
24.3503,0.0287175
24.3518,0.0287227
24.3533,0.0287279
24.3548,0.0287331
24.3563,0.0287384
24.3578,0.0287436
24.3593,0.0287488
24.3608,0.028754
24.3623,0.0287592
24.3638,0.0287644
24.3653,0.0287696
24.3668,0.0287748
24.3683,0.02878
24.3698,0.0287852
24.3713,0.0287904
24.3728,0.0287956
24.3743,0.0288008
24.3758,0.028806
24.3773,0.0288112
24.3788,0.0288164
24.3803,0.0288216
24.3818,0.0288268
24.3833,0.0288321
24.3848,0.0288373
24.3863,0.0288425
24.3878,0.0288477
24.3893,0.0288529
24.3908,0.0288581
24.3923,0.0288633
24.3938,0.0288685
24.3953,0.0288737
24.3968,0.0288789
24.3983,0.0288841
24.3998,0.0288893
24.4013,0.0288945
24.4028,0.0288997
24.4043,0.0289049
24.4058,0.0289101
24.4073,0.0289154
24.4088,0.0289206
24.4103,0.0289258
24.4118,0.028931
24.4133,0.0289362
24.4148,0.0289414
24.4163,0.0289466
24.4178,0.0289518
24.4193,0.028957
24.4208,0.0289622
24.4223,0.0289674
24.4238,0.0289726
24.4253,0.0289778
24.4268,0.028983
24.4283,0.0289883
24.4298,0.0289935
24.4313,0.0289987
24.4328,0.0290039
24.4343,0.0290091
24.4358,0.0290143
24.4373,0.0290195
24.4388,0.0290247
24.4403,0.0290299
24.4418,0.0290351
24.4433,0.0290403
24.4448,0.0290455
24.4463,0.0290508
24.4478,0.029056
24.4493,0.0290612
24.4508,0.0290664
24.4523,0.0290716
24.4538,0.0290768
24.4553,0.029082
24.4568,0.0290872
24.4583,0.0290924
24.4598,0.0290976
24.4613,0.0291028
24.4628,0.0291081
24.4643,0.0291133
24.4658,0.0291185
24.4673,0.0291237
24.4688,0.0291289
24.4702,0.0291341
24.4717,0.0291393
24.4732,0.0291445
24.4747,0.0291497
24.4762,0.0291549
24.4777,0.0291601
24.4792,0.0291654
24.4807,0.0291706
24.4822,0.0291758
24.4837,0.029181
24.4852,0.0291862
24.4867,0.0291914
24.4882,0.0291966
24.4897,0.0292018
24.4912,0.029207
24.4927,0.0292122
24.4942,0.0292175
24.4957,0.0292227
24.4972,0.0292279
24.4987,0.0292331
24.5002,0.0292383
24.5017,0.0292435
24.5032,0.0292487
24.5047,0.0292539
24.5062,0.0292591
24.5077,0.0292644
24.5092,0.0292696
24.5107,0.0292748
24.5122,0.02928
24.5137,0.0292852
24.5152,0.0292904
24.5167,0.0292956
24.5182,0.0293008
24.5197,0.029306
24.5212,0.0293113
24.5227,0.0293165
24.5242,0.0293217
24.5257,0.0293269
24.5272,0.0293321
24.5287,0.0293373
24.5302,0.0293425
24.5317,0.0293477
24.5332,0.0293529
24.5347,0.0293581
24.5362,0.0293632
24.5377,0.0293684
24.5392,0.0293735
24.5407,0.0293786
24.5422,0.0293836
24.5437,0.0293886
24.5452,0.0293937
24.5467,0.0293987
24.5482,0.0294037
24.5497,0.0294087
24.5512,0.0294137
24.5527,0.0294188
24.5542,0.0294239
24.5557,0.029429
24.5572,0.0294342
24.5587,0.0294395
24.5602,0.0294449
24.5617,0.0294503
24.5632,0.0294559
24.5647,0.0294616
24.5662,0.0294674
24.5677,0.0294733
24.5692,0.0294794
24.5707,0.0294856
24.5722,0.029492
24.5737,0.0294985
24.5752,0.0295052
24.5767,0.029512
24.5782,0.029519
24.5797,0.029526
24.5812,0.0295332
24.5827,0.0295405
24.5842,0.0295479
24.5857,0.0295554
24.5872,0.0295629
24.5887,0.0295704
24.5902,0.0295779
24.5917,0.0295854
24.5932,0.0295928
24.5947,0.0296001
24.5962,0.0296073
24.5977,0.0296144
24.5992,0.0296212
24.6007,0.0296278
24.6022,0.0296342
24.6037,0.0296403
24.6052,0.0296461
24.6067,0.0296516
24.6082,0.0296567
24.6097,0.0296614
24.6112,0.0296658
24.6127,0.0296697
24.6142,0.0296733
24.6157,0.0296764
24.6172,0.0296791
24.6187,0.0296814
24.6202,0.0296833
24.6217,0.0296848
24.6232,0.0296859
24.6247,0.0296867
24.6262,0.0296871
24.6277,0.0296872
24.6292,0.029687
24.6307,0.0296865
24.6322,0.0296858
24.6337,0.0296849
24.6352,0.0296839
24.6367,0.0296827
24.6382,0.0296814
24.6397,0.02968
24.6412,0.0296787
24.6427,0.0296773
24.6442,0.029676
24.6457,0.0296748
24.6472,0.0296737
24.6487,0.0296727
24.6502,0.0296719
24.6516,0.0296714
24.6531,0.029671
24.6546,0.0296709
24.6561,0.0296711
24.6576,0.0296715
24.6591,0.0296723
24.6606,0.0296734
24.6621,0.0296748
24.6636,0.0296765
24.6651,0.0296785
24.6666,0.0296809
24.6681,0.0296835
24.6696,0.0296865
24.6711,0.0296898
24.6726,0.0296934
24.6741,0.0296972
24.6756,0.0297014
24.6771,0.0297057
24.6786,0.0297102
24.6801,0.029715
24.6816,0.0297199
24.6831,0.0297249
24.6846,0.02973
24.6861,0.0297352
24.6876,0.0297404
24.6891,0.0297456
24.6906,0.0297509
24.6921,0.0297561
24.6936,0.0297613
24.6951,0.0297665
24.6966,0.0297717
24.6981,0.0297769
24.6996,0.0297821
24.7011,0.0297874
24.7026,0.0297926
24.7041,0.0297978
24.7056,0.029803
24.7071,0.0298082
24.7086,0.0298134
24.7101,0.0298186
24.7116,0.0298239
24.7131,0.0298291
24.7146,0.0298343
24.7161,0.0298395
24.7176,0.0298447
24.7191,0.0298499
24.7206,0.0298551
24.7221,0.0298604
24.7236,0.0298656
24.7251,0.0298708
24.7266,0.029876
24.7281,0.0298812
24.7296,0.0298864
24.7311,0.0298917
24.7326,0.0298969
24.7341,0.0299021
24.7356,0.0299073
24.7371,0.0299125
24.7386,0.0299177
24.7401,0.0299229
24.7416,0.0299282
24.7431,0.0299334
24.7446,0.0299386
24.7461,0.0299438
24.7476,0.029949
24.7491,0.0299542
24.7506,0.0299595
24.7521,0.0299647
24.7536,0.0299699
24.7551,0.0299751
24.7566,0.0299803
24.7581,0.0299855
24.7596,0.0299908
24.7611,0.029996
24.7626,0.0300012
24.7641,0.0300064
24.7656,0.0300116
24.7671,0.0300168
24.7686,0.0300221
24.7701,0.0300273
24.7716,0.0300325
24.7731,0.0300377
24.7746,0.0300429
24.7761,0.0300482
24.7776,0.0300534
24.7791,0.0300586
24.7806,0.0300638
24.7821,0.030069
24.7836,0.0300742
24.7851,0.0300795
24.7866,0.0300847
24.7881,0.0300899
24.7896,0.0300951
24.7911,0.0301003
24.7926,0.0301055
24.7941,0.0301108
24.7956,0.030116
24.7971,0.0301212
24.7986,0.0301264
24.8001,0.0301316
24.8016,0.0301369
24.8031,0.0301421
24.8046,0.0301473
24.8061,0.0301525
24.8076,0.0301577
24.8091,0.0301629
24.8106,0.0301682
24.8121,0.0301734
24.8136,0.0301786
24.8151,0.0301838
24.8166,0.030189
24.8181,0.0301943
24.8196,0.0301995
24.8211,0.0302047
24.8226,0.0302099
24.8241,0.0302151
24.8256,0.0302204
24.8271,0.0302256
24.8286,0.0302308
24.8301,0.030236
24.8316,0.0302412
24.833,0.0302465
24.8345,0.0302517
24.836,0.0302569
24.8375,0.0302621
24.839,0.0302673
24.8405,0.0302726
24.842,0.0302778
24.8435,0.030283
24.845,0.0302882
24.8465,0.0302934
24.848,0.0302987
24.8495,0.0303039
24.851,0.0303091
24.8525,0.0303143
24.854,0.0303195
24.8555,0.0303248
24.857,0.03033
24.8585,0.0303352
24.86,0.0303404
24.8615,0.0303456
24.863,0.0303509
24.8645,0.0303561
24.866,0.0303613
24.8675,0.0303665
24.869,0.0303717
24.8705,0.030377
24.872,0.0303822
24.8735,0.0303874
24.875,0.0303926
24.8765,0.0303978
24.878,0.0304031
24.8795,0.0304083
24.881,0.0304135
24.8825,0.0304187
24.884,0.0304239
24.8855,0.0304292
24.887,0.0304344
24.8885,0.0304396
24.89,0.0304448
24.8915,0.0304501
24.893,0.0304553
24.8945,0.0304605
24.896,0.0304657
24.8975,0.0304709
24.899,0.0304762
24.9005,0.0304814
24.902,0.0304866
24.9035,0.0304918
24.905,0.0304971
24.9065,0.0305023
24.908,0.0305075
24.9095,0.0305127
24.911,0.0305179
24.9125,0.0305232
24.914,0.0305284
24.9155,0.0305336
24.917,0.0305388
24.9185,0.0305441
24.92,0.0305493
24.9215,0.0305545
24.923,0.0305597
24.9245,0.030565
24.926,0.0305702
24.9275,0.0305754
24.929,0.0305806
24.9305,0.0305858
24.932,0.0305911
24.9335,0.0305963
24.935,0.0306015
24.9365,0.0306067
24.938,0.030612
24.9395,0.0306172
24.941,0.0306224
24.9425,0.0306276
24.944,0.0306329
24.9455,0.0306381
24.947,0.0306433
24.9485,0.0306485
24.95,0.0306537
24.9515,0.030659
24.953,0.0306642
24.9545,0.0306694
24.956,0.0306746
24.9575,0.0306799
24.959,0.0306851
24.9605,0.0306903
24.962,0.0306955
24.9635,0.0307008
24.965,0.030706
24.9665,0.0307112
24.968,0.0307164
24.9695,0.0307217
24.971,0.0307269
24.9725,0.0307321
24.974,0.0307373
24.9755,0.0307426
24.977,0.0307478
24.9785,0.030753
24.98,0.0307582
24.9815,0.0307635
24.983,0.0307687
24.9845,0.0307739
24.986,0.0307791
24.9875,0.0307844
24.989,0.0307896
24.9905,0.0307948
24.992,0.0308
24.9935,0.0308053
24.995,0.0308105
24.9965,0.0308157
24.998,0.0308209
24.9995,0.0308262
25.001,0.0308314
25.0025,0.0308366
25.004,0.0308418
25.0055,0.0308471
25.007,0.0308523
25.0085,0.0308575
25.01,0.0308627
25.0115,0.030868
25.013,0.0308732
25.0145,0.0308784
25.0159,0.0308836
25.0174,0.0308889
25.0189,0.0308941
25.0204,0.0308993
25.0219,0.0309046
25.0234,0.0309098
25.0249,0.030915
25.0264,0.0309202
25.0279,0.0309255
25.0294,0.0309307
25.0309,0.0309359
25.0324,0.0309411
25.0339,0.0309464
25.0354,0.0309516
25.0369,0.0309568
25.0384,0.030962
25.0399,0.0309673
25.0414,0.0309725
25.0429,0.0309777
25.0444,0.0309829
25.0459,0.0309882
25.0474,0.0309934
25.0489,0.0309986
25.0504,0.0310039
25.0519,0.0310091
25.0534,0.0310143
25.0549,0.0310195
25.0564,0.0310248
25.0579,0.03103
25.0594,0.0310352
25.0609,0.0310405
25.0624,0.0310457
25.0639,0.0310509
25.0654,0.0310561
25.0669,0.0310614
25.0684,0.0310666
25.0699,0.0310718
25.0714,0.031077
25.0729,0.0310823
25.0744,0.0310875
25.0759,0.0310927
25.0774,0.031098
25.0789,0.0311032
25.0804,0.0311084
25.0819,0.0311136
25.0834,0.0311189
25.0849,0.0311241
25.0864,0.0311293
25.0879,0.0311346
25.0894,0.0311398
25.0909,0.031145
25.0924,0.0311502
25.0939,0.0311555
25.0954,0.0311607
25.0969,0.0311659
25.0984,0.0311712
25.0999,0.0311764
25.1014,0.0311816
25.1029,0.0311868
25.1044,0.0311921
25.1059,0.0311973
25.1074,0.0312025
25.1089,0.0312078
25.1104,0.031213
25.1119,0.0312182
25.1134,0.0312235
25.1149,0.0312287
25.1164,0.0312339
25.1179,0.0312391
25.1194,0.0312444
25.1209,0.0312496
25.1224,0.0312548
25.1239,0.0312601
25.1254,0.0312653
25.1269,0.0312705
25.1284,0.0312757
25.1299,0.031281
25.1314,0.0312862
25.1329,0.0312914
25.1344,0.0312967
25.1359,0.0313019
25.1374,0.0313071
25.1389,0.0313124
25.1404,0.0313176
25.1419,0.0313228
25.1434,0.0313281
25.1449,0.0313333
25.1464,0.0313385
25.1479,0.0313437
25.1494,0.031349
25.1509,0.0313541
25.1524,0.031359
25.1539,0.0313638
25.1554,0.0313682
25.1569,0.0313723
25.1584,0.0313759
25.1599,0.031379
25.1614,0.0313815
25.1629,0.0313833
25.1644,0.0313844
25.1659,0.0313845
25.1674,0.0313837
25.1689,0.0313818
25.1704,0.0313788
25.1719,0.0313746
25.1734,0.031369
25.1749,0.0313619
25.1764,0.0313533
25.1779,0.0313431
25.1794,0.0313311
25.1809,0.0313171
25.1824,0.031301
25.1839,0.0312826
25.1854,0.0312618
25.1869,0.0312384
25.1884,0.0312122
25.1899,0.0311831
25.1914,0.031151
25.1929,0.0311157
25.1944,0.0310771
25.1959,0.0310351
25.1973,0.0309895
25.1988,0.0309403
25.2003,0.0308873
25.2018,0.0308305
25.2033,0.0307699
25.2048,0.0307054
25.2063,0.0306369
25.2078,0.0305645
25.2093,0.0304882
25.2108,0.030408
25.2123,0.0303242
25.2138,0.0302371
25.2153,0.030147
25.2168,0.0300541
25.2183,0.0299589
25.2198,0.0298616
25.2213,0.0297626
25.2228,0.0296621
25.2243,0.0296537
25.2258,0.0296589
25.2273,0.029664
25.2288,0.0296692
25.2303,0.0296744
25.2318,0.0296796
25.2333,0.0296847
25.2348,0.0296899
25.2363,0.0296951
25.2378,0.0297003
25.2393,0.0297054
25.2408,0.0297106
25.2423,0.0297158
25.2438,0.029721
25.2453,0.0297261
25.2468,0.0297313
25.2483,0.0297365
25.2498,0.0297417
25.2513,0.0297468
25.2528,0.029752
25.2543,0.0297572
25.2558,0.0297624
25.2573,0.0297675
25.2588,0.0297727
25.2603,0.0297779
25.2618,0.0297831
25.2633,0.0297882
25.2648,0.0297934
25.2663,0.0297986
25.2678,0.0298038
25.2693,0.0298089
25.2708,0.0298141
25.2723,0.0298193
25.2738,0.0298245
25.2753,0.0298297
25.2768,0.0298348
25.2783,0.02984
25.2798,0.0298452
25.2813,0.0298504
25.2828,0.0298555
25.2843,0.0298607
25.2858,0.0298659
25.2873,0.0298711
25.2888,0.0298763
25.2903,0.0298814
25.2918,0.0298866
25.2933,0.0298918
25.2948,0.029897
25.2963,0.0299021
25.2978,0.0299073
25.2993,0.0299125
25.3008,0.0299177
25.3023,0.0299229
25.3038,0.029928
25.3053,0.0299332
25.3068,0.0299384
25.3083,0.0299436
25.3098,0.0299487
25.3113,0.0299539
25.3128,0.0299591
25.3143,0.0299643
25.3158,0.0299695
25.3173,0.0299746
25.3188,0.0299798
25.3203,0.029985
25.3218,0.0299902
25.3233,0.0299954
25.3248,0.0300005
25.3263,0.0300057
25.3278,0.0300109
25.3293,0.0300161
25.3308,0.0300213
25.3323,0.0300264
25.3338,0.0300316
25.3353,0.0300368
25.3368,0.030042
25.3383,0.0300472
25.3398,0.0300523
25.3413,0.0300575
25.3428,0.0300627
25.3443,0.0300679
25.3458,0.0300731
25.3473,0.0300782
25.3488,0.0300834
25.3503,0.0300886
25.3518,0.0300938
25.3533,0.030099
25.3548,0.0301041
25.3563,0.0301093
25.3578,0.0301145
25.3593,0.0301197
25.3608,0.0301249
25.3623,0.03013
25.3638,0.0301352
25.3653,0.0301404
25.3668,0.0301456
25.3683,0.0301508
25.3698,0.0301559
25.3713,0.0301611
25.3728,0.0301663
25.3743,0.0301715
25.3758,0.0301767
25.3773,0.0301819
25.3787,0.030187
25.3802,0.0301922
25.3817,0.0301974
25.3832,0.0302026
25.3847,0.0302078
25.3862,0.0302129
25.3877,0.0302181
25.3892,0.0302233
25.3907,0.0302285
25.3922,0.0302337
25.3937,0.0302389
25.3952,0.030244
25.3967,0.0302492
25.3982,0.0302544
25.3997,0.0302596
25.4012,0.0302648
25.4027,0.03027
25.4042,0.0302751
25.4057,0.0302803
25.4072,0.0302855
25.4087,0.0302907
25.4102,0.0302959
25.4117,0.0303011
25.4132,0.0303062
25.4147,0.0303114
25.4162,0.0303166
25.4177,0.0303218
25.4192,0.030327
25.4207,0.0303321
25.4222,0.0303373
25.4237,0.0303424
25.4252,0.0303474
25.4267,0.0303522
25.4282,0.0303569
25.4297,0.0303615
25.4312,0.0303658
25.4327,0.0303698
25.4342,0.0303736
25.4357,0.030377
25.4372,0.0303801
25.4387,0.0303828
25.4402,0.0303851
25.4417,0.0303869
25.4432,0.0303882
25.4447,0.0303889
25.4462,0.0303891
25.4477,0.0303886
25.4492,0.0303875
25.4507,0.0303856
25.4522,0.030383
25.4537,0.0303796
25.4552,0.0303754
25.4567,0.0303703
25.4582,0.0303643
25.4597,0.0303573
25.4612,0.0303494
25.4627,0.0303404
25.4642,0.0303303
25.4657,0.030319
25.4672,0.0303065
25.4687,0.0302927
25.4702,0.0302776
25.4717,0.0302611
25.4732,0.0302431
25.4747,0.0302237
25.4762,0.0302027
25.4777,0.0301801
25.4792,0.0301558
25.4807,0.0301299
25.4822,0.0301022
25.4837,0.0300728
25.4852,0.0300416
25.4867,0.0300086
25.4882,0.0299738
25.4897,0.0299371
25.4912,0.0298984
25.4927,0.0298577
25.4942,0.0298148
25.4957,0.0297696
25.4972,0.029722
25.4987,0.029672
25.5002,0.0296194
25.5017,0.0295642
25.5032,0.0295065
25.5047,0.0294462
25.5062,0.0293833
25.5077,0.029318
25.5092,0.0292501
25.5107,0.0291797
25.5122,0.0291067
25.5137,0.0290313
25.5152,0.0289534
25.5167,0.028873
25.5182,0.0287868
25.5197,0.0286925
25.5212,0.0285904
25.5227,0.0284806
25.5242,0.0283635
25.5257,0.0282395
25.5272,0.0281089
25.5287,0.0279721
25.5302,0.0278295
25.5317,0.0276816
25.5332,0.0275289
25.5347,0.0273678
25.5362,0.027197
25.5377,0.0270165
25.5392,0.0268262
25.5407,0.0266262
25.5422,0.0264171
25.5437,0.0261995
25.5452,0.0259743
25.5467,0.0257424
25.5482,0.0255028
25.5497,0.0252306
25.5512,0.0249287
25.5527,0.024598
25.5542,0.0242413
25.5557,0.0238619
25.5572,0.0234631
25.5587,0.0230481
25.5602,0.0226198
25.5616,0.0221812
25.5631,0.021735
25.5646,0.0212837
25.5661,0.0208292
25.5676,0.0203732
25.5691,0.0199174
25.5706,0.0195707
25.5721,0.0195729
25.5736,0.0195751
25.5751,0.0195773
25.5766,0.0195795
25.5781,0.0195817
25.5796,0.0195839
25.5811,0.0195861
25.5826,0.0195883
25.5841,0.0195905
25.5856,0.0195926
25.5871,0.0195948
25.5886,0.019597
25.5901,0.0195992
25.5916,0.0196014
25.5931,0.0196036
25.5946,0.0196058
25.5961,0.019608
25.5976,0.0196102
25.5991,0.0196124
25.6006,0.0196146
25.6021,0.0196168
25.6036,0.019619
25.6051,0.0196212
25.6066,0.0196235
25.6081,0.0196257
25.6096,0.0196279
25.6111,0.0196301
25.6126,0.0196323
25.6141,0.0196345
25.6156,0.0196367
25.6171,0.0196389
25.6186,0.0196411
25.6201,0.0196434
25.6216,0.0196456
25.6231,0.0196478
25.6246,0.01965
25.6261,0.0196522
25.6276,0.0196544
25.6291,0.0196567
25.6306,0.0196589
25.6321,0.0196611
25.6336,0.0196633
25.6351,0.0196655
25.6366,0.0196678
25.6381,0.01967
25.6396,0.0196722
25.6411,0.0196744
25.6426,0.0196767
25.6441,0.0196789
25.6456,0.0196811
25.6471,0.0196834
25.6486,0.0196856
25.6501,0.0196878
25.6516,0.01969
25.6531,0.0196923
25.6546,0.0196945
25.6561,0.0196968
25.6576,0.019699
25.6591,0.0197012
25.6606,0.0197035
25.6621,0.0197057
25.6636,0.0197079
25.6651,0.0197102
25.6666,0.0197124
25.6681,0.0197147
25.6696,0.0197169
25.6711,0.0197192
25.6726,0.0197214
25.6741,0.0197236
25.6756,0.0197259
25.6771,0.0197281
25.6786,0.0197304
25.6801,0.0197326
25.6816,0.0197349
25.6831,0.0197371
25.6846,0.0197394
25.6861,0.0197416
25.6876,0.0197439
25.6891,0.0197461
25.6906,0.0197484
25.6921,0.0197507
25.6936,0.0197529
25.6951,0.0197552
25.6966,0.0197574
25.6981,0.0197597
25.6996,0.019762
25.7011,0.0197642
25.7026,0.0197665
25.7041,0.0197687
25.7056,0.019771
25.7071,0.0197733
25.7086,0.0197755
25.7101,0.0197778
25.7116,0.0197801
25.7131,0.0197823
25.7146,0.0197846
25.7161,0.0197869
25.7176,0.0197891
25.7191,0.0197914
25.7206,0.0197937
25.7221,0.019796
25.7236,0.0197982
25.7251,0.0198005
25.7266,0.0198028
25.7281,0.0198051
25.7296,0.0198073
25.7311,0.0198096
25.7326,0.0198119
25.7341,0.0198142
25.7356,0.0198165
25.7371,0.0198187
25.7386,0.019821
25.7401,0.0198233
25.7416,0.0198256
25.743,0.0198279
25.7445,0.0198302
25.746,0.0198325
25.7475,0.0198347
25.749,0.019837
25.7505,0.0198393
25.752,0.0198416
25.7535,0.0198439
25.755,0.0198462
25.7565,0.0198485
25.758,0.0198508
25.7595,0.0198531
25.761,0.0198554
25.7625,0.0198577
25.764,0.01986
25.7655,0.0198623
25.767,0.0198646
25.7685,0.0198669
25.77,0.0198692
25.7715,0.0198715
25.773,0.0198738
25.7745,0.0198761
25.776,0.0198784
25.7775,0.0198807
25.779,0.019883
25.7805,0.0198853
25.782,0.0198876
25.7835,0.0198899
25.785,0.0198922
25.7865,0.0198945
25.788,0.0198968
25.7895,0.0198992
25.791,0.0199015
25.7925,0.0199038
25.794,0.0199061
25.7955,0.0199084
25.797,0.0199107
25.7985,0.019913
25.8,0.0199154
25.8015,0.0199177
25.803,0.01992
25.8045,0.0199223
25.806,0.0199246
25.8075,0.019927
25.809,0.0199293
25.8105,0.0199316
25.812,0.0199339
25.8135,0.0199363
25.815,0.0199386
25.8165,0.0199409
25.818,0.0199432
25.8195,0.0199456
25.821,0.0199479
25.8225,0.0199502
25.824,0.0199526
25.8255,0.0199549
25.827,0.0199572
25.8285,0.0199596
25.83,0.0199619
25.8315,0.0199642
25.833,0.0199666
25.8345,0.0199689
25.836,0.0199713
25.8375,0.0199736
25.839,0.0199759
25.8405,0.0199783
25.842,0.0199806
25.8435,0.019983
25.845,0.0199853
25.8465,0.0199877
25.848,0.01999
25.8495,0.0199923
25.851,0.0199947
25.8525,0.019997
25.854,0.0199994
25.8555,0.0200017
25.857,0.0200041
25.8585,0.0200064
25.86,0.0200088
25.8615,0.0200111
25.863,0.0200135
25.8645,0.0200159
25.866,0.0200182
25.8675,0.0200206
25.869,0.0200229
25.8705,0.0200253
25.872,0.0200276
25.8735,0.02003
25.875,0.0200324
25.8765,0.0200347
25.878,0.0200371
25.8795,0.0200395
25.881,0.0200418
25.8825,0.0200442
25.884,0.0200466
25.8855,0.0200489
25.887,0.0200513
25.8885,0.0200537
25.89,0.020056
25.8915,0.0200584
25.893,0.0200608
25.8945,0.0200631
25.896,0.0200655
25.8975,0.0200679
25.899,0.0200703
25.9005,0.0200726
25.902,0.020075
25.9035,0.0200774
25.905,0.0200798
25.9065,0.0200821
25.908,0.0200845
25.9095,0.0200869
25.911,0.0200893
25.9125,0.0200917
25.914,0.0200941
25.9155,0.0200964
25.917,0.0200988
25.9185,0.0201012
25.92,0.0201036
25.9215,0.020106
25.923,0.0201084
25.9244,0.0201108
25.9259,0.0201132
25.9274,0.0201155
25.9289,0.0201179
25.9304,0.0201203
25.9319,0.0201227
25.9334,0.0201251
25.9349,0.0201275
25.9364,0.0201299
25.9379,0.0201323
25.9394,0.0201347
25.9409,0.0201371
25.9424,0.0201395
25.9439,0.0201419
25.9454,0.0201443
25.9469,0.0201467
25.9484,0.0201491
25.9499,0.0201515
25.9514,0.0201539
25.9529,0.0201563
25.9544,0.0201587
25.9559,0.0201611
25.9574,0.0201635
25.9589,0.020166
25.9604,0.0201684
25.9619,0.0201708
25.9634,0.0201732
25.9649,0.0201756
25.9664,0.020178
25.9679,0.0201804
25.9694,0.0201828
25.9709,0.0201853
25.9724,0.0201877
25.9739,0.0201901
25.9754,0.0201925
25.9769,0.0201949
25.9784,0.0201974
25.9799,0.0201998
25.9814,0.0202022
25.9829,0.0202046
25.9844,0.020207
25.9859,0.0202095
25.9874,0.0202119
25.9889,0.0202143
25.9904,0.0202167
25.9919,0.0202192
25.9934,0.0202216
25.9949,0.020224
25.9964,0.0202265
25.9979,0.0202289
25.9994,0.0202313
26.0009,0.0202338
26.0024,0.0202362
26.0039,0.0202386
26.0054,0.0202411
26.0069,0.0202435
26.0084,0.0202459
26.0099,0.0202484
26.0114,0.0202508
26.0129,0.0202533
26.0144,0.0202557
26.0159,0.0202581
26.0174,0.0202606
26.0189,0.020263
26.0204,0.0202655
26.0219,0.0202679
26.0234,0.0202704
26.0249,0.0202728
26.0264,0.0202752
26.0279,0.0202777
26.0294,0.0202801
26.0309,0.0202826
26.0324,0.020285
26.0339,0.0202875
26.0354,0.02029
26.0369,0.0202924
26.0384,0.0202949
26.0399,0.0202973
26.0414,0.0202998
26.0429,0.0203022
26.0444,0.0203047
26.0459,0.0203071
26.0474,0.0203096
26.0489,0.0203121
26.0504,0.0203145
26.0519,0.020317
26.0534,0.0203195
26.0549,0.0203219
26.0564,0.0203244
26.0579,0.0203268
26.0594,0.0203293
26.0609,0.0203318
26.0624,0.0203342
26.0639,0.0203367
26.0654,0.0203392
26.0669,0.0203417
26.0684,0.0203441
26.0699,0.0203466
26.0714,0.0203491
26.0729,0.0203515
26.0744,0.020354
26.0759,0.0203565
26.0774,0.020359
26.0789,0.0203615
26.0804,0.0203639
26.0819,0.0203664
26.0834,0.0203689
26.0849,0.0203714
26.0864,0.0203739
26.0879,0.0203763
26.0894,0.0203788
26.0909,0.0203813
26.0924,0.0203838
26.0939,0.0203863
26.0954,0.0203888
26.0969,0.0203913
26.0984,0.0203937
26.0999,0.0203962
26.1014,0.0203987
26.1029,0.0204012
26.1044,0.0204037
26.1059,0.0204062
26.1073,0.0204087
26.1088,0.0204112
26.1103,0.0204137
26.1118,0.0204162
26.1133,0.0204187
26.1148,0.0204212
26.1163,0.0204237
26.1178,0.0204262
26.1193,0.0204287
26.1208,0.0204312
26.1223,0.0204337
26.1238,0.0204362
26.1253,0.0204387
26.1268,0.0204412
26.1283,0.0204437
26.1298,0.0204462
26.1313,0.0204487
26.1328,0.0204512
26.1343,0.0204537
26.1358,0.0204562
26.1373,0.0204587
26.1388,0.0204613
26.1403,0.0204638
26.1418,0.0204663
26.1433,0.0204688
26.1448,0.0204713
26.1463,0.0204738
26.1478,0.0204764
26.1493,0.0204789
26.1508,0.0204814
26.1523,0.0204839
26.1538,0.0204864
26.1553,0.0204889
26.1568,0.0204915
26.1583,0.020494
26.1598,0.0204965
26.1613,0.020499
26.1628,0.0205016
26.1643,0.0205041
26.1658,0.0205066
26.1673,0.0205091
26.1688,0.0205117
26.1703,0.0205142
26.1718,0.0205167
26.1733,0.0205193
26.1748,0.0205218
26.1763,0.0205243
26.1778,0.0205269
26.1793,0.0205294
26.1808,0.0205319
26.1823,0.0205345
26.1838,0.020537
26.1853,0.0205396
26.1868,0.0205421
26.1883,0.0205446
26.1898,0.0205472
26.1913,0.0205497
26.1928,0.0205523
26.1943,0.0205548
26.1958,0.0205574
26.1973,0.0205599
26.1988,0.0205624
26.2003,0.020565
26.2018,0.0205675
26.2033,0.0205701
26.2048,0.0205726
26.2063,0.0205752
26.2078,0.0205777
26.2093,0.0205803
26.2108,0.0205828
26.2123,0.0205854
26.2138,0.020588
26.2153,0.0205905
26.2168,0.0205931
26.2183,0.0205956
26.2198,0.0205982
26.2213,0.0206007
26.2228,0.0206033
26.2243,0.0206059
26.2258,0.0206084
26.2273,0.020611
26.2288,0.0206136
26.2303,0.0206161
26.2318,0.0206187
26.2333,0.0206212
26.2348,0.0206238
26.2363,0.0206264
26.2378,0.020629
26.2393,0.0206315
26.2408,0.0206341
26.2423,0.0206367
26.2438,0.0206392
26.2453,0.0206418
26.2468,0.0206444
26.2483,0.020647
26.2498,0.0206495
26.2513,0.0206521
26.2528,0.0206547
26.2543,0.0206573
26.2558,0.0206598
26.2573,0.0206624
26.2588,0.020665
26.2603,0.0206676
26.2618,0.0206702
26.2633,0.0206728
26.2648,0.0206753
26.2663,0.0206779
26.2678,0.0206805
26.2693,0.0206831
26.2708,0.0206857
26.2723,0.0206883
26.2738,0.0206909
26.2753,0.0206935
26.2768,0.020696
26.2783,0.0206986
26.2798,0.0207012
26.2813,0.0207038
26.2828,0.0207064
26.2843,0.020709
26.2858,0.0207116
26.2873,0.0207142
26.2887,0.0207168
26.2902,0.0207194
26.2917,0.020722
26.2932,0.0207246
26.2947,0.0207272
26.2962,0.0207298
26.2977,0.0207324
26.2992,0.020735
26.3007,0.0207376
26.3022,0.0207402
26.3037,0.0207428
26.3052,0.0207454
26.3067,0.0207481
26.3082,0.0207507
26.3097,0.0207533
26.3112,0.0207559
26.3127,0.0207585
26.3142,0.0207611
26.3157,0.0207637
26.3172,0.0207663
26.3187,0.0207689
26.3202,0.0207716
26.3217,0.0207742
26.3232,0.0207768
26.3247,0.0207794
26.3262,0.020782
26.3277,0.0207847
26.3292,0.0207873
26.3307,0.0207899
26.3322,0.0207925
26.3337,0.0207952
26.3352,0.0207978
26.3367,0.0208004
26.3382,0.020803
26.3397,0.0208057
26.3412,0.0208083
26.3427,0.0208109
26.3442,0.0208135
26.3457,0.0208162
26.3472,0.0208188
26.3487,0.0208214
26.3502,0.0208241
26.3517,0.0208267
26.3532,0.0208293
26.3547,0.020832
26.3562,0.0208346
26.3577,0.0208373
26.3592,0.0208399
26.3607,0.0208425
26.3622,0.0208452
26.3637,0.0208478
26.3652,0.0208505
26.3667,0.0208531
26.3682,0.0208557
26.3697,0.0208584
26.3712,0.020861
26.3727,0.0208637
26.3742,0.0208663
26.3757,0.020869
26.3772,0.0208716
26.3787,0.0208743
26.3802,0.0208769
26.3817,0.0208796
26.3832,0.0208822
26.3847,0.0208849
26.3862,0.0208875
26.3877,0.0208902
26.3892,0.0208929
26.3907,0.0208955
26.3922,0.0208982
26.3937,0.0209008
26.3952,0.0209035
26.3967,0.0209061
26.3982,0.0209088
26.3997,0.0209115
26.4012,0.0209141
26.4027,0.0209168
26.4042,0.0209195
26.4057,0.0209221
26.4072,0.0209248
26.4087,0.0209275
26.4102,0.0209301
26.4117,0.0209328
26.4132,0.0209355
26.4147,0.0209381
26.4162,0.0209408
26.4177,0.0209435
26.4192,0.0209462
26.4207,0.0209488
26.4222,0.0209515
26.4237,0.0209542
26.4252,0.0209569
26.4267,0.0209595
26.4282,0.0209622
26.4297,0.0209649
26.4312,0.0209676
26.4327,0.0209703
26.4342,0.0209729
26.4357,0.0209756
26.4372,0.0209783
26.4387,0.020981
26.4402,0.0209837
26.4417,0.0209864
26.4432,0.0209891
26.4447,0.0209917
26.4462,0.0209944
26.4477,0.0209971
26.4492,0.0209998
26.4507,0.0210025
26.4522,0.0210052
26.4537,0.0210079
26.4552,0.0210106
26.4567,0.0210133
26.4582,0.021016
26.4597,0.0210187
26.4612,0.0210214
26.4627,0.0210241
26.4642,0.0210268
26.4657,0.0210295
26.4672,0.0210322
26.4687,0.0210349
26.4701,0.0210376
26.4716,0.0210403
26.4731,0.021043
26.4746,0.0210457
26.4761,0.0210484
26.4776,0.0210511
26.4791,0.0210538
26.4806,0.0210565
26.4821,0.0210592
26.4836,0.0210619
26.4851,0.0210646
26.4866,0.0210674
26.4881,0.0210701
26.4896,0.0210728
26.4911,0.0210755
26.4926,0.0210782
26.4941,0.0210809
26.4956,0.0210837
26.4971,0.0210864
26.4986,0.0210891
26.5001,0.0210918
26.5016,0.0210945
26.5031,0.0210973
26.5046,0.0211
26.5061,0.0211027
26.5076,0.0211054
26.5091,0.0211082
26.5106,0.0211109
26.5121,0.0211136
26.5136,0.0211163
26.5151,0.0211191
26.5166,0.0211218
26.5181,0.0211245
26.5196,0.0211273
26.5211,0.02113
26.5226,0.0211327
26.5241,0.0211355
26.5256,0.0211382
26.5271,0.0211409
26.5286,0.0211437
26.5301,0.0211464
26.5316,0.0211491
26.5331,0.0211519
26.5346,0.0211546
26.5361,0.0211574
26.5376,0.0211601
26.5391,0.0211628
26.5406,0.0211656
26.5421,0.0211683
26.5436,0.0211711
26.5451,0.0211738
26.5466,0.0211766
26.5481,0.0211793
26.5496,0.0211821
26.5511,0.0211848
26.5526,0.0211876
26.5541,0.0211903
26.5556,0.0211931
26.5571,0.0211958
26.5586,0.0211986
26.5601,0.0212013
26.5616,0.0212041
26.5631,0.0212069
26.5646,0.0212096
26.5661,0.0212124
26.5676,0.0212151
26.5691,0.0212179
26.5706,0.0212206
26.5721,0.0212234
26.5736,0.0212262
26.5751,0.0212289
26.5766,0.0212317
26.5781,0.0212345
26.5796,0.0212372
26.5811,0.02124
26.5826,0.0212428
26.5841,0.0212455
26.5856,0.0212483
26.5871,0.0212511
26.5886,0.0212538
26.5901,0.0212566
26.5916,0.0212594
26.5931,0.0212622
26.5946,0.0212649
26.5961,0.0212677
26.5976,0.0212705
26.5991,0.0212733
26.6006,0.021276
26.6021,0.0212788
26.6036,0.0212816
26.6051,0.0212844
26.6066,0.0212872
26.6081,0.02129
26.6096,0.0212927
26.6111,0.0212955
26.6126,0.0212983
26.6141,0.0213011
26.6156,0.0213039
26.6171,0.0213067
26.6186,0.0213095
26.6201,0.0213122
26.6216,0.021315
26.6231,0.0213178
26.6246,0.0213206
26.6261,0.0213234
26.6276,0.0213262
26.6291,0.021329
26.6306,0.0213318
26.6321,0.0213346
26.6336,0.0213374
26.6351,0.0213402
26.6366,0.021343
26.6381,0.0213458
26.6396,0.0213486
26.6411,0.0213514
26.6426,0.0213542
26.6441,0.021357
26.6456,0.0213598
26.6471,0.0213626
26.6486,0.0213654
26.6501,0.0213682
26.6516,0.021371
26.653,0.0213738
26.6545,0.0213766
26.656,0.0213795
26.6575,0.0213823
26.659,0.0213851
26.6605,0.0213879
26.662,0.0213907
26.6635,0.0213935
26.665,0.0213963
26.6665,0.0213992
26.668,0.021402
26.6695,0.0214048
26.671,0.0214076
26.6725,0.0214104
26.674,0.0214132
26.6755,0.0214161
26.677,0.0214189
26.6785,0.0214217
26.68,0.0214245
26.6815,0.0214274
26.683,0.0214302
26.6845,0.021433
26.686,0.0214358
26.6875,0.0214387
26.689,0.0214415
26.6905,0.0214443
26.692,0.0214472
26.6935,0.02145
26.695,0.0214528
26.6965,0.0214557
26.698,0.0214585
26.6995,0.0214613
26.701,0.0214642
26.7025,0.021467
26.704,0.0214698
26.7055,0.0214727
26.707,0.0214755
26.7085,0.0214784
26.71,0.0214812
26.7115,0.021484
26.713,0.0214869
26.7145,0.0214897
26.716,0.0214926
26.7175,0.0214954
26.719,0.0214983
26.7205,0.0215011
26.722,0.021504
26.7235,0.0215068
26.725,0.0215097
26.7265,0.0215125
26.728,0.0215154
26.7295,0.0215182
26.731,0.0215211
26.7325,0.0215239
26.734,0.0215268
26.7355,0.0215296
26.737,0.0215325
26.7385,0.0215354
26.74,0.0215382
26.7415,0.0215411
26.743,0.0215439
26.7445,0.0215468
26.746,0.0215496
26.7475,0.0215525
26.749,0.0215554
26.7505,0.0215582
26.752,0.0215611
26.7535,0.021564
26.755,0.0215668
26.7565,0.0215697
26.758,0.0215726
26.7595,0.0215754
26.761,0.0215783
26.7625,0.0215812
26.764,0.0215841
26.7655,0.0215869
26.767,0.0215898
26.7685,0.0215927
26.77,0.0215956
26.7715,0.0215984
26.773,0.0216013
26.7745,0.0216042
26.776,0.0216071
26.7775,0.0216099
26.779,0.0216128
26.7805,0.0216157
26.782,0.0216186
26.7835,0.0216215
26.785,0.0216244
26.7865,0.0216272
26.788,0.0216301
26.7895,0.021633
26.791,0.0216359
26.7925,0.0216388
26.794,0.0216417
26.7955,0.0216446
26.797,0.0216475
26.7985,0.0216504
26.8,0.0216532
26.8015,0.0216561
26.803,0.021659
26.8045,0.0216619
26.806,0.0216648
26.8075,0.0216677
26.809,0.0216706
26.8105,0.0216735
26.812,0.0216764
26.8135,0.0216793
26.815,0.0216822
26.8165,0.0216851
26.818,0.021688
26.8195,0.0216909
26.821,0.0216938
26.8225,0.0216967
26.824,0.0216997
26.8255,0.0217026
26.827,0.0217055
26.8285,0.0217084
26.83,0.0217113
26.8315,0.0217142
26.833,0.0217171
26.8344,0.02172
26.8359,0.0217229
26.8374,0.0217259
26.8389,0.0217288
26.8404,0.0217317
26.8419,0.0217346
26.8434,0.0217375
26.8449,0.0217404
26.8464,0.0217434
26.8479,0.0217463
26.8494,0.0217492
26.8509,0.0217521
26.8524,0.021755
26.8539,0.021758
26.8554,0.0217609
26.8569,0.0217638
26.8584,0.0217667
26.8599,0.0217697
26.8614,0.0217726
26.8629,0.0217755
26.8644,0.0217785
26.8659,0.0217814
26.8674,0.0217843
26.8689,0.0217872
26.8704,0.0217902
26.8719,0.0217931
26.8734,0.021796
26.8749,0.021799
26.8764,0.0218019
26.8779,0.0218049
26.8794,0.0218078
26.8809,0.0218107
26.8824,0.0218137
26.8839,0.0218166
26.8854,0.0218196
26.8869,0.0218225
26.8884,0.0218254
26.8899,0.0218284
26.8914,0.0218313
26.8929,0.0218343
26.8944,0.0218372
26.8959,0.0218402
26.8974,0.0218431
26.8989,0.0218461
26.9004,0.021849
26.9019,0.021852
26.9034,0.0218549
26.9049,0.0218579
26.9064,0.0218608
26.9079,0.0218638
26.9094,0.0218667
26.9109,0.0218697
26.9124,0.0218726
26.9139,0.0218756
26.9154,0.0218786
26.9169,0.0218815
26.9184,0.0218845
26.9199,0.0218874
26.9214,0.0218904
26.9229,0.0218934
26.9244,0.0218963
26.9259,0.0218993
26.9274,0.0219023
26.9289,0.0219052
26.9304,0.0219082
26.9319,0.0219112
26.9334,0.0219141
26.9349,0.0219171
26.9364,0.0219201
26.9379,0.0219229
26.9394,0.0219257
26.9409,0.0219284
26.9424,0.0219308
26.9439,0.0219331
26.9454,0.021935
26.9469,0.0219365
26.9484,0.0219374
26.9499,0.0219375
26.9514,0.0219368
26.9529,0.0219351
26.9544,0.0219322
26.9559,0.0219279
26.9574,0.0219222
26.9589,0.0219148
26.9604,0.0219055
26.9619,0.0218942
26.9634,0.0218807
26.9649,0.0218647
26.9664,0.0218461
26.9679,0.0218246
26.9694,0.0217999
26.9709,0.0217719
26.9724,0.0217402
26.9739,0.0217045
26.9754,0.0216646
26.9769,0.0216201
26.9784,0.0215706
26.9799,0.0215159
26.9814,0.0214555
26.9829,0.021389
26.9844,0.0213161
26.9859,0.0212363
26.9874,0.0211492
26.9889,0.0210878
26.9904,0.0210818
26.9919,0.0210748
26.9934,0.0210668
26.9949,0.0210576
26.9964,0.0210472
26.9979,0.0210355
26.9994,0.0210224
27.0009,0.0210079
27.0024,0.0209918
27.0039,0.020974
27.0054,0.0209546
27.0069,0.0209333
27.0084,0.0209102
27.0099,0.020885
27.0114,0.0208579
27.0129,0.0208286
27.0144,0.0207972
27.0159,0.0207636
27.0173,0.0207276
27.0188,0.0206893
27.0203,0.0206484
27.0218,0.0206051
27.0233,0.0205591
27.0248,0.0205103
27.0263,0.0204587
27.0278,0.0204042
27.0293,0.0203468
27.0308,0.0202863
27.0323,0.0202226
27.0338,0.0201558
27.0353,0.0200858
27.0368,0.0200125
27.0383,0.0199356
27.0398,0.0198541
27.0413,0.0197627
27.0428,0.0196615
27.0443,0.0195505
27.0458,0.0194363
27.0473,0.0194395
27.0488,0.0194427
27.0503,0.0194458
27.0518,0.019449
27.0533,0.0194522
27.0548,0.0194554
27.0563,0.0194586
27.0578,0.0194618
27.0593,0.0194649
27.0608,0.0194681
27.0623,0.0194713
27.0638,0.0194745
27.0653,0.0194777
27.0668,0.0194809
27.0683,0.0194841
27.0698,0.0194873
27.0713,0.0194904
27.0728,0.0194936
27.0743,0.0194968
27.0758,0.0195
27.0773,0.0195031
27.0788,0.0195063
27.0803,0.0195094
27.0818,0.0195126
27.0833,0.0195157
27.0848,0.0195188
27.0863,0.0195219
27.0878,0.019525
27.0893,0.019528
27.0908,0.0195311
27.0923,0.0195341
27.0938,0.0195371
27.0953,0.0195401
27.0968,0.019543
27.0983,0.0195459
27.0998,0.0195488
27.1013,0.0195516
27.1028,0.0195544
27.1043,0.0195571
27.1058,0.0195598
27.1073,0.0195624
27.1088,0.019565
27.1103,0.0195675
27.1118,0.01957
27.1133,0.0195724
27.1148,0.0195747
27.1163,0.019577
27.1178,0.0195791
27.1193,0.0195812
27.1208,0.0195832
27.1223,0.0195852
27.1238,0.019587
27.1253,0.0195887
27.1268,0.0195904
27.1283,0.0195919
27.1298,0.0195934
27.1313,0.0195947
27.1328,0.0195959
27.1343,0.019597
27.1358,0.0195979
27.1373,0.0195988
27.1388,0.0195995
27.1403,0.0196
27.1418,0.0196003
27.1433,0.0196005
27.1448,0.0196005
27.1463,0.0196002
27.1478,0.0195997
27.1493,0.019599
27.1508,0.019598
27.1523,0.0195967
27.1538,0.0195952
27.1553,0.0195934
27.1568,0.0195913
27.1583,0.0195889
27.1598,0.0195862
27.1613,0.0195833
27.1628,0.01958
27.1643,0.0195764
27.1658,0.0195725
27.1673,0.0195683
27.1688,0.0195638
27.1703,0.019559
27.1718,0.0195539
27.1733,0.0195484
27.1748,0.0195427
27.1763,0.0195367
27.1778,0.0195303
27.1793,0.0195237
27.1808,0.0195167
27.1823,0.0195095
27.1838,0.019502
27.1853,0.0194942
27.1868,0.0194862
27.1883,0.0194779
27.1898,0.0194693
27.1913,0.0194605
27.1928,0.0194515
27.1943,0.0194422
27.1958,0.0194324
27.1973,0.0194217
27.1987,0.0194099
27.2002,0.019397
27.2017,0.0193832
27.2032,0.0193682
27.2047,0.0193523
27.2062,0.0193329
27.2077,0.0193094
27.2092,0.0192819
27.2107,0.0192507
27.2122,0.0192158
27.2137,0.0191774
27.2152,0.0191357
27.2167,0.0190908
27.2182,0.019043
27.2197,0.0189924
27.2212,0.0189393
27.2227,0.0188838
27.2242,0.0188262
27.2257,0.0187666
27.2272,0.0187054
27.2287,0.0186426
27.2302,0.0186084
27.2317,0.018612
27.2332,0.0186156
27.2347,0.0186192
27.2362,0.0186228
27.2377,0.0186263
27.2392,0.0186299
27.2407,0.0186335
27.2422,0.0186371
27.2437,0.0186407
27.2452,0.0186443
27.2467,0.0186478
27.2482,0.0186514
27.2497,0.018655
27.2512,0.0186586
27.2527,0.0186622
27.2542,0.0186658
27.2557,0.0186694
27.2572,0.018673
27.2587,0.0186766
27.2602,0.0186802
27.2617,0.0186838
27.2632,0.0186873
27.2647,0.0186909
27.2662,0.0186945
27.2677,0.0186981
27.2692,0.0187017
27.2707,0.0187053
27.2722,0.0187089
27.2737,0.0187125
27.2752,0.0187161
27.2767,0.0187197
27.2782,0.0187233
27.2797,0.0187269
27.2812,0.0187305
27.2827,0.018734
27.2842,0.0187375
27.2857,0.018741
27.2872,0.0187444
27.2887,0.0187477
27.2902,0.018751
27.2917,0.0187543
27.2932,0.0187574
27.2947,0.0187605
27.2962,0.0187635
27.2977,0.0187664
27.2992,0.0187692
27.3007,0.018772
27.3022,0.0187745
27.3037,0.018777
27.3052,0.0187793
27.3067,0.0187815
27.3082,0.0187834
27.3097,0.0187851
27.3112,0.0187867
27.3127,0.0187879
27.3142,0.0187889
27.3157,0.0187896
27.3172,0.01879
27.3187,0.01879
27.3202,0.0187896
27.3217,0.0187887
27.3232,0.0187873
27.3247,0.0187853
27.3262,0.0187827
27.3277,0.0187793
27.3292,0.0187751
27.3307,0.0187701
27.3322,0.0187641
27.3337,0.0187571
27.3352,0.0187489
27.3367,0.0187396
27.3382,0.0187289
27.3397,0.0187168
27.3412,0.0187197
27.3427,0.0187229
27.3442,0.0187259
27.3457,0.0187289
27.3472,0.0187319
27.3487,0.0187348
27.3502,0.0187376
27.3517,0.0187403
27.3532,0.0187429
27.3547,0.0187453
27.3562,0.0187477
27.3577,0.0187498
27.3592,0.0187518
27.3607,0.0187536
27.3622,0.0187551
27.3637,0.0187564
27.3652,0.0187575
27.3667,0.0187583
27.3682,0.0187588
27.3697,0.018759
27.3712,0.0187589
27.3727,0.0187584
27.3742,0.0187575
27.3757,0.0187563
27.3772,0.0187546
27.3787,0.0187525
27.3801,0.01875
27.3816,0.0187468
27.3831,0.0187431
27.3846,0.0187388
27.3861,0.0187337
27.3876,0.0187278
27.3891,0.018721
27.3906,0.0187132
27.3921,0.0187045
27.3936,0.0186946
27.3951,0.0186835
27.3966,0.0186712
27.3981,0.0186576
27.3996,0.0186427
27.4011,0.0186262
27.4026,0.0186083
27.4041,0.0185888
27.4056,0.0185676
27.4071,0.0185448
27.4086,0.0185202
27.4101,0.0184938
27.4116,0.0184655
27.4131,0.0184342
27.4146,0.018396
27.4161,0.0183512
27.4176,0.0182996
27.4191,0.0182416
27.4206,0.0181772
27.4221,0.0181065
27.4236,0.0180297
27.4251,0.0179471
27.4266,0.0178587
27.4281,0.0177647
27.4296,0.0176655
27.4311,0.0175612
27.4326,0.0174519
27.4341,0.0173381
27.4356,0.0172194
27.4371,0.0170962
27.4386,0.0169687
27.4401,0.0168372
27.4416,0.0167021
27.4431,0.0166705
27.4446,0.0166743
27.4461,0.016678
27.4476,0.0166818
27.4491,0.0166855
27.4506,0.0166892
27.4521,0.016693
27.4536,0.0166967
27.4551,0.0167004
27.4566,0.0167041
27.4581,0.0167079
27.4596,0.0167116
27.4611,0.0167153
27.4626,0.016719
27.4641,0.0167227
27.4656,0.0167264
27.4671,0.0167301
27.4686,0.0167338
27.4701,0.0167375
27.4716,0.0167412
27.4731,0.0167448
27.4746,0.0167485
27.4761,0.0167521
27.4776,0.0167558
27.4791,0.0167594
27.4806,0.016763
27.4821,0.0167666
27.4836,0.0167701
27.4851,0.0167737
27.4866,0.0167772
27.4881,0.0167807
27.4896,0.0167842
27.4911,0.0167877
27.4926,0.0167911
27.4941,0.0167945
27.4956,0.0167979
27.4971,0.0168013
27.4986,0.0168046
27.5001,0.0168079
27.5016,0.0168111
27.5031,0.0168143
27.5046,0.0168173
27.5061,0.0168202
27.5076,0.0168231
27.5091,0.0168258
27.5106,0.0168283
27.5121,0.0168307
27.5136,0.016833
27.5151,0.0168351
27.5166,0.016837
27.5181,0.0168388
27.5196,0.0168404
27.5211,0.0168417
27.5226,0.0168428
27.5241,0.0168437
27.5256,0.0168444
27.5271,0.0168448
27.5286,0.0168449
27.5301,0.0168448
27.5316,0.0168443
27.5331,0.0168436
27.5346,0.0168425
27.5361,0.0168411
27.5376,0.0168393
27.5391,0.0168371
27.5406,0.0168346
27.5421,0.0168317
27.5436,0.0168283
27.5451,0.0168226
27.5466,0.0168146
27.5481,0.0168043
27.5496,0.0167916
27.5511,0.0167764
27.5526,0.0167587
27.5541,0.0167386
27.5556,0.0167324
27.5571,0.0167323
27.5586,0.0167321
27.5601,0.0167316
27.5616,0.0167308
27.563,0.0167298
27.5645,0.0167286
27.566,0.0167271
27.5675,0.0167252
27.569,0.0167232
27.5705,0.0167208
27.572,0.0167181
27.5735,0.0167151
27.575,0.0167118
27.5765,0.0167071
27.578,0.0167002
27.5795,0.016691
27.581,0.0166796
27.5825,0.0166659
27.584,0.01665
27.5855,0.0166318
27.587,0.0166113
27.5885,0.0165886
27.59,0.0165635
27.5915,0.0165362
27.593,0.0165066
27.5945,0.0164746
27.596,0.0164404
27.5975,0.0164038
27.599,0.016365
27.6005,0.0163238
27.602,0.0162775
27.6035,0.0162258
27.605,0.0161689
27.6065,0.0161068
27.608,0.0160395
27.6095,0.0159673
27.611,0.0158901
27.6125,0.0158081
27.614,0.0157215
27.6155,0.0156386
27.617,0.015667
27.6185,0.0156948
27.62,0.015722
27.6215,0.0157484
27.623,0.0157739
27.6245,0.0157987
27.626,0.0158225
27.6275,0.0158455
27.629,0.0158675
27.6305,0.0158885
27.632,0.0159085
27.6335,0.0159275
27.635,0.0159454
27.6365,0.015962
27.638,0.015977
27.6395,0.0159905
27.641,0.0160024
27.6425,0.0160128
27.644,0.0160217
27.6455,0.0160291
27.647,0.0160351
27.6485,0.0160397
27.65,0.0160431
27.6515,0.0160452
27.653,0.0160461
27.6545,0.0160457
27.656,0.0160442
27.6575,0.0160416
27.659,0.0160379
27.6605,0.0160331
27.662,0.0160273
27.6635,0.0160205
27.665,0.0160127
27.6665,0.016004
27.668,0.0159945
27.6695,0.015984
27.671,0.0159727
27.6725,0.0159606
27.674,0.0159477
27.6755,0.015934
27.677,0.0159195
27.6785,0.0159043
27.68,0.0158884
27.6815,0.0158718
27.683,0.0158544
27.6845,0.0158516
27.686,0.0158642
27.6875,0.0158769
27.689,0.0158898
27.6905,0.0159028
27.692,0.0159159
27.6935,0.0159292
27.695,0.0159426
27.6965,0.0159562
27.698,0.0159699
27.6995,0.0159837
27.701,0.0159977
27.7025,0.0160118
27.704,0.0160261
27.7055,0.0160406
27.707,0.0160552
27.7085,0.0160699
27.71,0.0160848
27.7115,0.0160999
27.713,0.0161152
27.7145,0.0161306
27.716,0.0161463
27.7175,0.0161621
27.719,0.0161781
27.7205,0.0161943
27.722,0.0162107
27.7235,0.0162273
27.725,0.0162442
27.7265,0.0162613
27.728,0.0162787
27.7295,0.0162963
27.731,0.0163142
27.7325,0.0163323
27.734,0.0163508
27.7355,0.0163696
27.737,0.0163887
27.7385,0.0164082
27.74,0.016428
27.7415,0.0164481
27.743,0.0164687
27.7444,0.0164896
27.7459,0.016511
27.7474,0.0165327
27.7489,0.016555
27.7504,0.0165776
27.7519,0.0166008
27.7534,0.0166244
27.7549,0.0166485
27.7564,0.0166731
27.7579,0.0166982
27.7594,0.0167239
27.7609,0.01675
27.7624,0.0167767
27.7639,0.016824
27.7654,0.0169486
27.7669,0.0170723
27.7684,0.017195
27.7699,0.0173165
27.7714,0.0174368
27.7729,0.0175558
27.7744,0.0176734
27.7759,0.0177895
27.7774,0.017904
27.7789,0.0180168
27.7804,0.0181278
27.7819,0.0182369
27.7834,0.018344
27.7849,0.0184491
27.7864,0.018552
27.7879,0.0186527
27.7894,0.0187512
27.7909,0.0188473
27.7924,0.018941
27.7939,0.0190323
27.7954,0.0191211
27.7969,0.0192074
27.7984,0.0192911
27.7999,0.0193723
27.8014,0.0194509
27.8029,0.019527
27.8044,0.0196005
27.8059,0.0196714
27.8074,0.0197398
27.8089,0.0198056
27.8104,0.0198688
27.8119,0.0199296
27.8134,0.0199879
27.8149,0.0200438
27.8164,0.0200975
27.8179,0.0201489
27.8194,0.0201981
27.8209,0.0202453
27.8224,0.0202904
27.8239,0.0203336
27.8254,0.020375
27.8269,0.0204147
27.8284,0.0204527
27.8299,0.0204891
27.8314,0.0205241
27.8329,0.0205578
27.8344,0.0205902
27.8359,0.0206221
27.8374,0.020654
27.8389,0.0206858
27.8404,0.0207177
27.8419,0.0207495
27.8434,0.0207812
27.8449,0.0208129
27.8464,0.0208446
27.8479,0.0208762
27.8494,0.0209077
27.8509,0.0209391
27.8524,0.0209704
27.8539,0.0210015
27.8554,0.0210325
27.8569,0.0210633
27.8584,0.021094
27.8599,0.0211243
27.8614,0.0211545
27.8629,0.0211843
27.8644,0.0212139
27.8659,0.0212431
27.8674,0.021272
27.8689,0.0213004
27.8704,0.0213285
27.8719,0.0213562
27.8734,0.0213834
27.8749,0.0214102
27.8764,0.0214364
27.8779,0.0214622
27.8794,0.0214873
27.8809,0.0215115
27.8824,0.0215349
27.8839,0.0215575
27.8854,0.0215793
27.8869,0.0216002
27.8884,0.0216204
27.8899,0.02164
27.8914,0.0216591
27.8929,0.0216778
27.8944,0.0216962
27.8959,0.0217143
27.8974,0.0217322
27.8989,0.0217499
27.9004,0.0217675
27.9019,0.0217851
27.9034,0.0218026
27.9049,0.0218202
27.9064,0.0218378
27.9079,0.0218556
27.9094,0.0218735
27.9109,0.0218917
27.9124,0.0219101
27.9139,0.0219287
27.9154,0.0219476
27.9169,0.0219669
27.9184,0.0219864
27.9199,0.0220064
27.9214,0.0220266
27.9229,0.0220473
27.9244,0.0220684
27.9258,0.0220898
27.9273,0.0221116
27.9288,0.0221338
27.9303,0.0221564
27.9318,0.0221794
27.9333,0.0222027
27.9348,0.0222263
27.9363,0.0222502
27.9378,0.0222745
27.9393,0.022299
27.9408,0.0223237
27.9423,0.0223486
27.9438,0.0223737
27.9453,0.0223988
27.9468,0.0224241
27.9483,0.0224494
27.9498,0.0224747
27.9513,0.0225
27.9528,0.0225252
27.9543,0.0225503
27.9558,0.0225752
27.9573,0.0225999
27.9588,0.0226243
27.9603,0.0226485
27.9618,0.0226723
27.9633,0.0226957
27.9648,0.0227186
27.9663,0.0227411
27.9678,0.0227631
27.9693,0.0227845
27.9708,0.0228053
27.9723,0.0228255
27.9738,0.0228449
27.9753,0.0228636
27.9768,0.0228814
27.9783,0.0228985
27.9798,0.0229146
27.9813,0.0229298
27.9828,0.022944
27.9843,0.0229572
27.9858,0.0229694
27.9873,0.0229806
27.9888,0.0229906
27.9903,0.0229995
27.9918,0.0230073
27.9933,0.023014
27.9948,0.0230189
27.9963,0.0230217
27.9978,0.0230226
27.9993,0.0230214
28.0008,0.0230184
28.0023,0.0230135
28.0038,0.0230068
28.0053,0.0229985
28.0068,0.0229885
28.0083,0.0229769
28.0098,0.0229639
28.0113,0.0229494
28.0128,0.0229336
28.0143,0.0229168
28.0158,0.0228995
28.0173,0.0228817
28.0188,0.0228634
28.0203,0.0228447
28.0218,0.0228256
28.0233,0.0228061
28.0248,0.0227863
28.0263,0.0227662
28.0278,0.0227458
28.0293,0.0227251
28.0308,0.0227042
28.0323,0.0226829
28.0338,0.0226614
28.0353,0.0226395
28.0368,0.0226174
28.0383,0.0225948
28.0398,0.0225719
28.0413,0.0225486
28.0428,0.0225248
28.0443,0.0225004
28.0458,0.0224755
28.0473,0.02245
28.0488,0.0224238
28.0503,0.0223969
28.0518,0.0223706
28.0533,0.022345
28.0548,0.0223199
28.0563,0.0222954
28.0578,0.0222712
28.0593,0.0222473
28.0608,0.0222236
28.0623,0.0222
28.0638,0.0221764
28.0653,0.0221528
28.0668,0.022129
28.0683,0.022105
28.0698,0.0220807
28.0713,0.0220561
28.0728,0.0220312
28.0743,0.0220059
28.0758,0.0219802
28.0773,0.0219542
28.0788,0.0219278
28.0803,0.021901
28.0818,0.0218739
28.0833,0.0218464
28.0848,0.0218185
28.0863,0.0217903
28.0878,0.0217617
28.0893,0.0217328
28.0908,0.0217034
28.0923,0.0216738
28.0938,0.0216438
28.0953,0.0216134
28.0968,0.0215827
28.0983,0.0215516
28.0998,0.0215202
28.1013,0.0214884
28.1028,0.0214562
28.1043,0.0214237
28.1058,0.0213907
28.1073,0.0213573
28.1087,0.0213235
28.1102,0.0212891
28.1117,0.0212542
28.1132,0.0212186
28.1147,0.0211823
28.1162,0.0211453
28.1177,0.0211075
28.1192,0.0210688
28.1207,0.0210293
28.1222,0.0209889
28.1237,0.0209479
28.1252,0.0209064
28.1267,0.0208642
28.1282,0.0208212
28.1297,0.0207773
28.1312,0.0207324
28.1327,0.0206864
28.1342,0.0206391
28.1357,0.0205906
28.1372,0.0205406
28.1387,0.0204891
28.1402,0.020436
28.1417,0.0203813
28.1432,0.020325
28.1447,0.0202669
28.1462,0.0202072
28.1477,0.0201458
28.1492,0.0200827
28.1507,0.0200193
28.1522,0.0199557
28.1537,0.0198918
28.1552,0.0198277
28.1567,0.0197635
28.1582,0.0196992
28.1597,0.0196349
28.1612,0.0195706
28.1627,0.0195063
28.1642,0.019442
28.1657,0.0193779
28.1672,0.0193138
28.1687,0.0192498
28.1702,0.0191859
28.1717,0.0191221
28.1732,0.0190584
28.1747,0.0189948
28.1762,0.0189312
28.1777,0.0188677
28.1792,0.0188049
28.1807,0.0187432
28.1822,0.0186827
28.1837,0.0186234
28.1852,0.0185653
28.1867,0.0185083
28.1882,0.0184525
28.1897,0.0183978
28.1912,0.0183443
28.1927,0.0182918
28.1942,0.0182405
28.1957,0.0181902
28.1972,0.0181409
28.1987,0.0180926
28.2002,0.0180454
28.2017,0.0179991
28.2032,0.0179538
28.2047,0.0179093
28.2062,0.0178658
28.2077,0.0178232
28.2092,0.0177814
28.2107,0.0177404
28.2122,0.0177002
28.2137,0.0176607
28.2152,0.017622
28.2167,0.017584
28.2182,0.0175467
28.2197,0.01751
28.2212,0.017474
28.2227,0.0174385
28.2242,0.0174037
28.2257,0.0173693
28.2272,0.0173356
28.2287,0.0173023
28.2302,0.0172695
28.2317,0.0172371
28.2332,0.0172053
28.2347,0.0171738
28.2362,0.0171427
28.2377,0.0171121
28.2392,0.0170818
28.2407,0.0170518
28.2422,0.0170222
28.2437,0.0169929
28.2452,0.016964
28.2467,0.0169353
28.2482,0.0169069
28.2497,0.0168788
28.2512,0.016851
28.2527,0.0168234
28.2542,0.0167961
28.2557,0.0167691
28.2572,0.0167422
28.2587,0.0167156
28.2602,0.0166892
28.2617,0.016663
28.2632,0.0166369
28.2647,0.0166111
28.2662,0.0165854
28.2677,0.0165598
28.2692,0.0165342
28.2707,0.0165088
28.2722,0.0164834
28.2737,0.0164581
28.2752,0.016433
28.2767,0.0164079
28.2782,0.0163829
28.2797,0.016358
28.2812,0.0163331
28.2827,0.0163084
28.2842,0.0162838
28.2857,0.0162593
28.2872,0.0162349
28.2887,0.0162105
28.2901,0.0161863
28.2916,0.0161622
28.2931,0.0161382
28.2946,0.0161143
28.2961,0.0160905
28.2976,0.0160668
28.2991,0.0160432
28.3006,0.0160197
28.3021,0.0159963
28.3036,0.015973
28.3051,0.0159498
28.3066,0.0159266
28.3081,0.0159035
28.3096,0.0158804
28.3111,0.0158574
28.3126,0.0158344
28.3141,0.0158115
28.3156,0.0157887
28.3171,0.0157659
28.3186,0.0157431
28.3201,0.0157204
28.3216,0.0156977
28.3231,0.015675
28.3246,0.0156524
28.3261,0.0156298
28.3276,0.0156072
28.3291,0.0155846
28.3306,0.0155621
28.3321,0.0155395
28.3336,0.015517
28.3351,0.0154944
28.3366,0.0154719
28.3381,0.0154493
28.3396,0.0154267
28.3411,0.0154041
28.3426,0.0153815
28.3441,0.0153588
28.3456,0.0153361
28.3471,0.0153134
28.3486,0.0152906
28.3501,0.0152678
28.3516,0.0152449
28.3531,0.015222
28.3546,0.015199
28.3561,0.0151759
28.3576,0.0151653
28.3591,0.0151586
28.3606,0.0151519
28.3621,0.0151454
28.3636,0.0151389
28.3651,0.0151324
28.3666,0.0151261
28.3681,0.0151198
28.3696,0.0151136
28.3711,0.0151075
28.3726,0.0151015
28.3741,0.0150955
28.3756,0.0150896
28.3771,0.0150838
28.3786,0.015078
28.3801,0.0150723
28.3816,0.0150667
28.3831,0.0150612
28.3846,0.0150557
28.3861,0.0150503
28.3876,0.0150449
28.3891,0.0150397
28.3906,0.0150345
28.3921,0.0150293
28.3936,0.0150242
28.3951,0.0150192
28.3966,0.0150142
28.3981,0.0150093
28.3996,0.0150044
28.4011,0.0149996
28.4026,0.0149949
28.4041,0.0149902
28.4056,0.0149855
28.4071,0.0149809
28.4086,0.0149763
28.4101,0.0149718
28.4116,0.0149673
28.4131,0.0149629
28.4146,0.0149585
28.4161,0.0149541
28.4176,0.0149498
28.4191,0.0149455
28.4206,0.0149412
28.4221,0.0149369
28.4236,0.0149327
28.4251,0.0149285
28.4266,0.0149243
28.4281,0.0149202
28.4296,0.014916
28.4311,0.0149119
28.4326,0.0149078
28.4341,0.0149037
28.4356,0.0148996
28.4371,0.0148955
28.4386,0.0148914
28.4401,0.0148874
28.4416,0.0148833
28.4431,0.0148793
28.4446,0.0148752
28.4461,0.0148712
28.4476,0.0148671
28.4491,0.014863
28.4506,0.014859
28.4521,0.0148549
28.4536,0.0148509
28.4551,0.0148468
28.4566,0.0148427
28.4581,0.0148386
28.4596,0.0148345
28.4611,0.0148304
28.4626,0.0148263
28.4641,0.0148222
28.4656,0.0148181
28.4671,0.014814
28.4686,0.0148098
28.4701,0.0148057
28.4715,0.0148015
28.473,0.0147973
28.4745,0.0147932
28.476,0.014789
28.4775,0.0147848
28.479,0.0147807
28.4805,0.0147767
28.482,0.0147727
28.4835,0.0147688
28.485,0.0147649
28.4865,0.0147611
28.488,0.0147573
28.4895,0.0147536
28.491,0.0147499
28.4925,0.0147463
28.494,0.0147427
28.4955,0.0147391
28.497,0.0147356
28.4985,0.0147321
28.5,0.0147286
28.5015,0.0147251
28.503,0.0147217
28.5045,0.0147182
28.506,0.0147148
28.5075,0.0147114
28.509,0.014708
28.5105,0.0147046
28.512,0.0147011
28.5135,0.0146977
28.515,0.0146943
28.5165,0.0146909
28.518,0.0146874
28.5195,0.014684
28.521,0.0146805
28.5225,0.014677
28.524,0.0146735
28.5255,0.01467
28.527,0.0146664
28.5285,0.0146629
28.53,0.0146593
28.5315,0.0146556
28.533,0.014652
28.5345,0.0146483
28.536,0.0146446
28.5375,0.0146408
28.539,0.0146371
28.5405,0.0146332
28.542,0.0146294
28.5435,0.0146255
28.545,0.0146216
28.5465,0.0146177
28.548,0.0146137
28.5495,0.0146097
28.551,0.0146056
28.5525,0.0146015
28.554,0.0145974
28.5555,0.0145932
28.557,0.014589
28.5585,0.0145848
28.56,0.0145805
28.5615,0.0145762
28.563,0.0145719
28.5645,0.0145675
28.566,0.0145631
28.5675,0.0145586
28.569,0.0145542
28.5705,0.0145496
28.572,0.0145451
28.5735,0.0145405
28.575,0.0145359
28.5765,0.0145313
28.578,0.0145266
28.5795,0.0145219
28.581,0.0145172
28.5825,0.0145125
28.584,0.0145077
28.5855,0.0145029
28.587,0.0144981
28.5885,0.0144932
28.59,0.0144883
28.5915,0.0144834
28.593,0.0144785
28.5945,0.0144736
28.596,0.0144686
28.5975,0.0144637
28.599,0.0144587
28.6005,0.0144536
28.602,0.0144486
28.6035,0.0144436
28.605,0.0144385
28.6065,0.0144335
28.608,0.0144284
28.6095,0.0144233
28.611,0.0144192
28.6125,0.0144183
28.614,0.0144174
28.6155,0.0144164
28.617,0.0144154
28.6185,0.0144143
28.62,0.0144131
28.6215,0.0144119
28.623,0.0144106
28.6245,0.0144093
28.626,0.0144079
28.6275,0.0144065
28.629,0.014405
28.6305,0.0144034
28.632,0.0144018
28.6335,0.0144001
28.635,0.0143984
28.6365,0.0143966
28.638,0.0143948
28.6395,0.0143929
28.641,0.014391
28.6425,0.014389
28.644,0.014387
28.6455,0.0143849
28.647,0.0143828
28.6485,0.0143807
28.65,0.0143785
28.6515,0.0143762
28.653,0.0143739
28.6544,0.0143716
28.6559,0.0143692
28.6574,0.0143668
28.6589,0.0143643
28.6604,0.0143619
28.6619,0.0143593
28.6634,0.0143568
28.6649,0.0143542
28.6664,0.0143516
28.6679,0.0143489
28.6694,0.0143462
28.6709,0.0143435
28.6724,0.0143408
28.6739,0.014338
28.6754,0.0143352
28.6769,0.0143324
28.6784,0.0143296
28.6799,0.0143267
28.6814,0.0143239
28.6829,0.014321
28.6844,0.0143181
28.6859,0.014315
28.6874,0.0143119
28.6889,0.0143086
28.6904,0.0143053
28.6919,0.0143018
28.6934,0.0142982
28.6949,0.0142946
28.6964,0.0142908
28.6979,0.0142869
28.6994,0.014283
28.7009,0.0142789
28.7024,0.0142748
28.7039,0.0142706
28.7054,0.0142664
28.7069,0.014262
28.7084,0.0142576
28.7099,0.0142531
28.7114,0.0142486
28.7129,0.014244
28.7144,0.0142393
28.7159,0.0142346
28.7174,0.0142299
28.7189,0.0142258
28.7204,0.0142259
28.7219,0.014226
28.7234,0.014226
28.7249,0.0142259
28.7264,0.0142257
28.7279,0.0142254
28.7294,0.014225
28.7309,0.0142245
28.7324,0.014224
28.7339,0.0142234
28.7354,0.0142226
28.7369,0.0142219
28.7384,0.014221
28.7399,0.0142201
28.7414,0.0142191
28.7429,0.014218
28.7444,0.0142169
28.7459,0.0142157
28.7474,0.0142144
28.7489,0.0142131
28.7504,0.0142118
28.7519,0.0142103
28.7534,0.0142089
28.7549,0.0142073
28.7564,0.0142058
28.7579,0.0142041
28.7594,0.0142025
28.7609,0.0142008
28.7624,0.014199
28.7639,0.0141973
28.7654,0.0141954
28.7669,0.0141936
28.7684,0.0141917
28.7699,0.0141898
28.7714,0.0141879
28.7729,0.014186
28.7744,0.014184
28.7759,0.014182
28.7774,0.01418
28.7789,0.0141779
28.7804,0.0141759
28.7819,0.0141738
28.7834,0.0141717
28.7849,0.0141696
28.7864,0.0141675
28.7879,0.0141653
28.7894,0.0141632
28.7909,0.014161
28.7924,0.0141588
28.7939,0.0141566
28.7954,0.0141544
28.7969,0.0141521
28.7984,0.0141498
28.7999,0.0141475
28.8014,0.0141452
28.8029,0.0141428
28.8044,0.0141404
28.8059,0.014138
28.8074,0.0141355
28.8089,0.014133
28.8104,0.0141304
28.8119,0.0141278
28.8134,0.0141251
28.8149,0.0141224
28.8164,0.0141196
28.8179,0.0141167
28.8194,0.0141137
28.8209,0.0141106
28.8224,0.0141074
28.8239,0.014104
28.8254,0.0141006
28.8269,0.0140971
28.8284,0.0140934
28.8299,0.0140896
28.8314,0.0140857
28.8329,0.0140815
28.8344,0.0140773
28.8358,0.0140728
28.8373,0.0140682
28.8388,0.0140633
28.8403,0.0140581
28.8418,0.0140525
28.8433,0.0140465
28.8448,0.0140402
28.8463,0.0140335
28.8478,0.0140263
28.8493,0.0140182
28.8508,0.0140091
28.8523,0.0139989
28.8538,0.0139877
28.8553,0.0139754
28.8568,0.0139621
28.8583,0.0139477
28.8598,0.0139323
28.8613,0.0139158
28.8628,0.0138983
28.8643,0.0138797
28.8658,0.0138601
28.8673,0.0138394
28.8688,0.0138177
28.8703,0.013795
28.8718,0.0137712
28.8733,0.0137465
28.8748,0.0137207
28.8763,0.0136939
28.8778,0.013692
28.8793,0.0136922
28.8808,0.0136925
28.8823,0.0136927
28.8838,0.0136929
28.8853,0.0136932
28.8868,0.0136934
28.8883,0.0136937
28.8898,0.013694
28.8913,0.0136942
28.8928,0.0136945
28.8943,0.0136948
28.8958,0.0136951
28.8973,0.0136954
28.8988,0.0136957
28.9003,0.013696
28.9018,0.0136963
28.9033,0.0136967
28.9048,0.013697
28.9063,0.0136973
28.9078,0.0136977
28.9093,0.013698
28.9108,0.0136984
28.9123,0.0136987
28.9138,0.0136991
28.9153,0.0136995
28.9168,0.0136999
28.9183,0.0137002
28.9198,0.0137006
28.9213,0.013701
28.9228,0.0137014
28.9243,0.0137018
28.9258,0.0137023
28.9273,0.0137027
28.9288,0.0137031
28.9303,0.0137035
28.9318,0.013704
28.9333,0.0137044
28.9348,0.0137048
28.9363,0.0137053
28.9378,0.0137057
28.9393,0.0137062
28.9408,0.0137067
28.9423,0.0137071
28.9438,0.0137076
28.9453,0.0137081
28.9468,0.0137086
28.9483,0.0137091
28.9498,0.0137096
28.9513,0.0137101
28.9528,0.0137106
28.9543,0.0137111
28.9558,0.0137116
28.9573,0.0137122
28.9588,0.0137127
28.9603,0.0137132
28.9618,0.0137138
28.9633,0.0137143
28.9648,0.0137149
28.9663,0.0137154
28.9678,0.013716
28.9693,0.0137166
28.9708,0.0137171
28.9723,0.0137177
28.9738,0.0137183
28.9753,0.0137189
28.9768,0.0137195
28.9783,0.0137201
28.9798,0.0137207
28.9813,0.0137213
28.9828,0.0137219
28.9843,0.0137226
28.9858,0.0137232
28.9873,0.0137238
28.9888,0.0137245
28.9903,0.0137251
28.9918,0.0137257
28.9933,0.0137264
28.9948,0.0137271
28.9963,0.0137277
28.9978,0.0137284
28.9993,0.0137291
29.0008,0.0137297
29.0023,0.0137304
29.0038,0.0137311
29.0053,0.0137318
29.0068,0.0137325
29.0083,0.0137332
29.0098,0.0137339
29.0113,0.0137346
29.0128,0.0137354
29.0143,0.0137361
29.0158,0.0137368
29.0173,0.0137375
29.0187,0.0137383
29.0202,0.013739
29.0217,0.0137398
29.0232,0.0137405
29.0247,0.0137413
29.0262,0.0137421
29.0277,0.0137428
29.0292,0.0137436
29.0307,0.0137444
29.0322,0.0137452
29.0337,0.0137459
29.0352,0.0137467
29.0367,0.0137475
29.0382,0.0137483
29.0397,0.0137492
29.0412,0.01375
29.0427,0.0137508
29.0442,0.0137516
29.0457,0.0137524
29.0472,0.0137533
29.0487,0.0137541
29.0502,0.0137549
29.0517,0.0137558
29.0532,0.0137566
29.0547,0.0137575
29.0562,0.0137584
29.0577,0.0137592
29.0592,0.0137601
29.0607,0.013761
29.0622,0.0137618
29.0637,0.0137627
29.0652,0.0137636
29.0667,0.0137645
29.0682,0.0137654
29.0697,0.0137663
29.0712,0.0137672
29.0727,0.0137681
29.0742,0.013769
29.0757,0.0137699
29.0772,0.0137709
29.0787,0.0137718
29.0802,0.0137727
29.0817,0.0137737
29.0832,0.0137746
29.0847,0.0137755
29.0862,0.0137765
29.0877,0.0137774
29.0892,0.0137784
29.0907,0.0137794
29.0922,0.0137803
29.0937,0.0137813
29.0952,0.0137823
29.0967,0.0137832
29.0982,0.0137842
29.0997,0.0137852
29.1012,0.0137862
29.1027,0.0137872
29.1042,0.0137882
29.1057,0.0137892
29.1072,0.0137902
29.1087,0.0137912
29.1102,0.0137922
29.1117,0.0137932
29.1132,0.0137943
29.1147,0.0137953
29.1162,0.0137963
29.1177,0.0137973
29.1192,0.0137984
29.1207,0.0137994
29.1222,0.0138005
29.1237,0.0138015
29.1252,0.0138026
29.1267,0.0138036
29.1282,0.0138047
29.1297,0.0138057
29.1312,0.0138068
29.1327,0.0138079
29.1342,0.0138089
29.1357,0.01381
29.1372,0.0138111
29.1387,0.0138122
29.1402,0.0138133
29.1417,0.0138144
29.1432,0.0138155
29.1447,0.0138166
29.1462,0.0138177
29.1477,0.0138188
29.1492,0.0138199
29.1507,0.013821
29.1522,0.0138221
29.1537,0.0138232
29.1552,0.0138244
29.1567,0.0138255
29.1582,0.0138266
29.1597,0.0138278
29.1612,0.0138289
29.1627,0.01383
29.1642,0.0138312
29.1657,0.0138323
29.1672,0.0138335
29.1687,0.0138347
29.1702,0.0138358
29.1717,0.013837
29.1732,0.0138381
29.1747,0.0138393
29.1762,0.0138405
29.1777,0.0138417
29.1792,0.0138428
29.1807,0.013844
29.1822,0.0138452
29.1837,0.0138464
29.1852,0.0138476
29.1867,0.0138488
29.1882,0.01385
29.1897,0.0138512
29.1912,0.0138524
29.1927,0.0138536
29.1942,0.0138548
29.1957,0.0138561
29.1972,0.0138573
29.1987,0.0138585
29.2001,0.0138597
29.2016,0.013861
29.2031,0.0138622
29.2046,0.0138634
29.2061,0.0138647
29.2076,0.0138659
29.2091,0.0138672
29.2106,0.0138684
29.2121,0.0138697
29.2136,0.0138709
29.2151,0.0138722
29.2166,0.0138734
29.2181,0.0138747
29.2196,0.013876
29.2211,0.0138772
29.2226,0.0138785
29.2241,0.0138798
29.2256,0.0138811
29.2271,0.0138823
29.2286,0.0138836
29.2301,0.0138849
29.2316,0.0138862
29.2331,0.0138875
29.2346,0.0138888
29.2361,0.0138901
29.2376,0.0138914
29.2391,0.0138927
29.2406,0.013894
29.2421,0.0138953
29.2436,0.0138966
29.2451,0.0138979
29.2466,0.0138993
29.2481,0.0139006
29.2496,0.0139019
29.2511,0.0139032
29.2526,0.0139045
29.2541,0.0139059
29.2556,0.0139072
29.2571,0.0139085
29.2586,0.0139099
29.2601,0.0139112
29.2616,0.0139125
29.2631,0.0139139
29.2646,0.0139152
29.2661,0.0139166
29.2676,0.0139179
29.2691,0.0139193
29.2706,0.0139206
29.2721,0.013922
29.2736,0.0139233
29.2751,0.0139247
29.2766,0.0139261
29.2781,0.0139274
29.2796,0.0139288
29.2811,0.0139301
29.2826,0.0139315
29.2841,0.0139329
29.2856,0.0139343
29.2871,0.0139356
29.2886,0.013937
29.2901,0.0139384
29.2916,0.0139398
29.2931,0.0139411
29.2946,0.0139425
29.2961,0.0139439
29.2976,0.0139453
29.2991,0.0139467
29.3006,0.0139481
29.3021,0.0139494
29.3036,0.0139508
29.3051,0.0139522
29.3066,0.0139536
29.3081,0.013955
29.3096,0.0139564
29.3111,0.0139578
29.3126,0.0139592
29.3141,0.0139606
29.3156,0.013962
29.3171,0.0139634
29.3186,0.0139648
29.3201,0.0139662
29.3216,0.0139676
29.3231,0.013969
29.3246,0.0139704
29.3261,0.0139718
29.3276,0.0139732
29.3291,0.0139746
29.3306,0.0139761
29.3321,0.0139775
29.3336,0.0139789
29.3351,0.0139803
29.3366,0.0139817
29.3381,0.0139831
29.3396,0.0139845
29.3411,0.013986
29.3426,0.0139874
29.3441,0.0139888
29.3456,0.0139902
29.3471,0.0139916
29.3486,0.013993
29.3501,0.0139945
29.3516,0.0139959
29.3531,0.0139973
29.3546,0.0139987
29.3561,0.0140001
29.3576,0.0140016
29.3591,0.014003
29.3606,0.0140044
29.3621,0.0140058
29.3636,0.0140072
29.3651,0.0140087
29.3666,0.0140101
29.3681,0.0140115
29.3696,0.0140129
29.3711,0.0140143
29.3726,0.0140158
29.3741,0.0140172
29.3756,0.0140186
29.3771,0.01402
29.3786,0.0140214
29.3801,0.0140228
29.3815,0.0140243
29.383,0.0140257
29.3845,0.0140271
29.386,0.0140285
29.3875,0.0140299
29.389,0.0140313
29.3905,0.0140327
29.392,0.0140341
29.3935,0.0140355
29.395,0.014037
29.3965,0.0140384
29.398,0.0140398
29.3995,0.0140412
29.401,0.0140426
29.4025,0.014044
29.404,0.0140453
29.4055,0.0140467
29.407,0.0140481
29.4085,0.0140495
29.41,0.0140509
29.4115,0.0140523
29.413,0.0140537
29.4145,0.014055
29.416,0.0140564
29.4175,0.0140578
29.419,0.0140592
29.4205,0.0140605
29.422,0.0140619
29.4235,0.0140632
29.425,0.0140646
29.4265,0.014066
29.428,0.0140673
29.4295,0.0140687
29.431,0.01407
29.4325,0.0140713
29.434,0.0140727
29.4355,0.014074
29.437,0.0140753
29.4385,0.0140767
29.44,0.014078
29.4415,0.0140793
29.443,0.0140806
29.4445,0.0140819
29.446,0.0140832
29.4475,0.0140845
29.449,0.0140858
29.4505,0.0140871
29.452,0.0140884
29.4535,0.0140896
29.455,0.0140909
29.4565,0.0140922
29.458,0.0140934
29.4595,0.0140947
29.461,0.0140959
29.4625,0.0140972
29.464,0.0140984
29.4655,0.0140997
29.467,0.0141009
29.4685,0.0141021
29.47,0.0141034
29.4715,0.0141046
29.473,0.0141058
29.4745,0.014107
29.476,0.0141082
29.4775,0.0141094
29.479,0.0141106
29.4805,0.0141118
29.482,0.0141129
29.4835,0.0141141
29.485,0.0141153
29.4865,0.0141165
29.488,0.0141176
29.4895,0.0141188
29.491,0.0141199
29.4925,0.0141211
29.494,0.0141222
29.4955,0.0141234
29.497,0.0141245
29.4985,0.0141256
29.5,0.0141267
29.5015,0.0141278
29.503,0.0141289
29.5045,0.01413
29.506,0.0141311
29.5075,0.0141322
29.509,0.0141332
29.5105,0.0141343
29.512,0.0141353
29.5135,0.0141363
29.515,0.0141373
29.5165,0.0141383
29.518,0.0141393
29.5195,0.0141402
29.521,0.0141412
29.5225,0.0141421
29.524,0.014143
29.5255,0.0141439
29.527,0.0141448
29.5285,0.0141457
29.53,0.0141465
29.5315,0.0141473
29.533,0.0141481
29.5345,0.0141489
29.536,0.0141497
29.5375,0.0141505
29.539,0.0141512
29.5405,0.014152
29.542,0.0141527
29.5435,0.0141534
29.545,0.0141541
29.5465,0.0141547
29.548,0.0141554
29.5495,0.014156
29.551,0.0141566
29.5525,0.0141572
29.554,0.0141578
29.5555,0.0141584
29.557,0.014159
29.5585,0.0141595
29.56,0.01416
29.5615,0.0141605
29.563,0.014161
29.5644,0.0141615
29.5659,0.014162
29.5674,0.0141624
29.5689,0.0141628
29.5704,0.0141632
29.5719,0.0141635
29.5734,0.0141638
29.5749,0.0141641
29.5764,0.0141643
29.5779,0.0141645
29.5794,0.0141647
29.5809,0.0141648
29.5824,0.0141649
29.5839,0.014165
29.5854,0.014165
29.5869,0.0141649
29.5884,0.0141648
29.5899,0.0141647
29.5914,0.0141645
29.5929,0.0141643
29.5944,0.014164
29.5959,0.0141637
29.5974,0.0141633
29.5989,0.0141628
29.6004,0.0141624
29.6019,0.0141618
29.6034,0.0141612
29.6049,0.0141605
29.6064,0.0141598
29.6079,0.014159
29.6094,0.0141581
29.6109,0.0141572
29.6124,0.0141561
29.6139,0.0141551
29.6154,0.0141539
29.6169,0.0141527
29.6184,0.0141513
29.6199,0.0141499
29.6214,0.0141485
29.6229,0.0141469
29.6244,0.0141452
29.6259,0.0141435
29.6274,0.0141416
29.6289,0.0141397
29.6304,0.0141375
29.6319,0.0141349
29.6334,0.0141319
29.6349,0.0141285
29.6364,0.0141247
29.6379,0.0141205
29.6394,0.014116
29.6409,0.0141111
29.6424,0.0141058
29.6439,0.0141001
29.6454,0.0140941
29.6469,0.0140877
29.6484,0.014081
29.6499,0.014074
29.6514,0.0140666
29.6529,0.0140588
29.6544,0.0140512
29.6559,0.0140439
29.6574,0.0140369
29.6589,0.0140302
29.6604,0.014024
29.6619,0.0140182
29.6634,0.0140129
29.6649,0.014008
29.6664,0.0140036
29.6679,0.0139996
29.6694,0.0139961
29.6709,0.013993
29.6724,0.0139904
29.6739,0.0139882
29.6754,0.0139864
29.6769,0.0139851
29.6784,0.0139842
29.6799,0.0139837
29.6814,0.0139836
29.6829,0.0139838
29.6844,0.0139845
29.6859,0.0139854
29.6874,0.0139868
29.6889,0.0139884
29.6904,0.0139903
29.6919,0.0139925
29.6934,0.013995
29.6949,0.0139977
29.6964,0.0140007
29.6979,0.0140038
29.6994,0.0140071
29.7009,0.0140105
29.7024,0.014014
29.7039,0.0140177
29.7054,0.0140213
29.7069,0.0140251
29.7084,0.0140288
29.7099,0.0140325
29.7114,0.0140361
29.7129,0.0140395
29.7144,0.0140427
29.7159,0.0140456
29.7174,0.0140482
29.7189,0.0140504
29.7204,0.0140523
29.7219,0.0140537
29.7234,0.0140547
29.7249,0.0140553
29.7264,0.0140553
29.7279,0.0140549
29.7294,0.014054
29.7309,0.0140527
29.7324,0.0140508
29.7339,0.0140484
29.7354,0.0140454
29.7369,0.0140419
29.7384,0.0140378
29.7399,0.014033
29.7414,0.0140277
29.7429,0.0140216
29.7444,0.014015
29.7458,0.0140076
29.7473,0.0139996
29.7488,0.0139909
29.7503,0.0139814
29.7518,0.0139713
29.7533,0.0139604
29.7548,0.0139488
29.7563,0.0139365
29.7578,0.0139234
29.7593,0.0139096
29.7608,0.0138951
29.7623,0.0138798
29.7638,0.0138638
29.7653,0.0138471
29.7668,0.0138297
29.7683,0.0138115
29.7698,0.0137927
29.7713,0.0137732
29.7728,0.0137532
29.7743,0.013733
29.7758,0.0137127
29.7773,0.0136922
29.7788,0.0136715
29.7803,0.0136507
29.7818,0.0136298
29.7833,0.0136086
29.7848,0.0135874
29.7863,0.013566
29.7878,0.0135444
29.7893,0.0135227
29.7908,0.0135007
29.7923,0.0134782
29.7938,0.0134551
29.7953,0.0134315
29.7968,0.0134072
29.7983,0.0133823
29.7998,0.0133568
29.8013,0.0133307
29.8028,0.0133039
29.8043,0.0132765
29.8058,0.0132484
29.8073,0.0132296
29.8088,0.0132293
29.8103,0.013229
29.8118,0.0132287
29.8133,0.0132284
29.8148,0.0132281
29.8163,0.0132278
29.8178,0.0132275
29.8193,0.0132272
29.8208,0.013227
29.8223,0.0132267
29.8238,0.0132264
29.8253,0.0132261
29.8268,0.0132258
29.8283,0.0132255
29.8298,0.0132252
29.8313,0.0132249
29.8328,0.0132246
29.8343,0.0132243
29.8358,0.013224
29.8373,0.0132237
29.8388,0.0132234
29.8403,0.0132231
29.8418,0.0132228
29.8433,0.0132225
29.8448,0.0132222
29.8463,0.0132219
29.8478,0.0132216
29.8493,0.0132212
29.8508,0.0132209
29.8523,0.0132206
29.8538,0.0132202
29.8553,0.0132199
29.8568,0.0132195
29.8583,0.0132192
29.8598,0.0132188
29.8613,0.0132184
29.8628,0.0132181
29.8643,0.0132177
29.8658,0.0132173
29.8673,0.0132169
29.8688,0.0132165
29.8703,0.0132161
29.8718,0.0132157
29.8733,0.0132153
29.8748,0.0132148
29.8763,0.0132155
29.8778,0.0132182
29.8793,0.0132208
29.8808,0.0132234
29.8823,0.0132261
29.8838,0.0132287
29.8853,0.0132313
29.8868,0.013234
29.8883,0.0132366
29.8898,0.0132392
29.8913,0.0132418
29.8928,0.0132445
29.8943,0.0132471
29.8958,0.0132497
29.8973,0.0132523
29.8988,0.0132549
29.9003,0.0132575
29.9018,0.0132601
29.9033,0.0132626
29.9048,0.0132652
29.9063,0.0132678
29.9078,0.0132704
29.9093,0.0132729
29.9108,0.0132755
29.9123,0.0132781
29.9138,0.0132806
29.9153,0.0132832
29.9168,0.0132857
29.9183,0.0132883
29.9198,0.0132908
29.9213,0.0132933
29.9228,0.0132959
29.9243,0.0132984
29.9258,0.0133009
29.9272,0.0133034
29.9287,0.0133059
29.9302,0.0133084
29.9317,0.0133109
29.9332,0.0133134
29.9347,0.0133159
29.9362,0.0133183
29.9377,0.0133208
29.9392,0.0133233
29.9407,0.0133257
29.9422,0.0133282
29.9437,0.0133306
29.9452,0.013333
29.9467,0.0133354
29.9482,0.0133379
29.9497,0.0133403
29.9512,0.0133427
29.9527,0.013345
29.9542,0.0133474
29.9557,0.0133498
29.9572,0.0133522
29.9587,0.0133545
29.9602,0.0133569
29.9617,0.0133592
29.9632,0.0133615
29.9647,0.0133638
29.9662,0.0133661
29.9677,0.0133684
29.9692,0.0133707
29.9707,0.013373
29.9722,0.0133753
29.9737,0.0133775
29.9752,0.0133798
29.9767,0.013382
29.9782,0.0133842
29.9797,0.0133864
29.9812,0.0133886
29.9827,0.0133908
29.9842,0.013393
29.9857,0.0133951
29.9872,0.0133973
29.9887,0.0133994
29.9902,0.0134016
29.9917,0.0134037
29.9932,0.0134058
29.9947,0.0134079
29.9962,0.01341
29.9977,0.013412
29.9992,0.0134141
30.0007,0.0134161
30.0022,0.0134181
30.0037,0.0134201
30.0052,0.0134221
30.0067,0.0134241
30.0082,0.0134261
30.0097,0.0134281
30.0112,0.01343
30.0127,0.0134319
30.0142,0.0134339
30.0157,0.0134358
30.0172,0.0134376
30.0187,0.0134395
30.0202,0.0134414
30.0217,0.0134432
30.0232,0.0134451
30.0247,0.0134469
30.0262,0.0134487
30.0277,0.0134505
30.0292,0.0134522
30.0307,0.013454
30.0322,0.0134557
30.0337,0.0134575
30.0352,0.0134592
30.0367,0.0134609
30.0382,0.0134625
30.0397,0.0134642
30.0412,0.0134658
30.0427,0.0134674
30.0442,0.0134689
30.0457,0.0134704
30.0472,0.0134719
30.0487,0.0134734
30.0502,0.0134748
30.0517,0.0134762
30.0532,0.0134775
30.0547,0.0134788
30.0562,0.01348
30.0577,0.0134812
30.0592,0.0134824
30.0607,0.0134835
30.0622,0.0134845
30.0637,0.0134855
30.0652,0.0134865
30.0667,0.0134874
30.0682,0.0134882
30.0697,0.013489
30.0712,0.0134897
30.0727,0.0134904
30.0742,0.013491
30.0757,0.0134915
30.0772,0.013492
30.0787,0.0134924
30.0802,0.0134927
30.0817,0.013493
30.0832,0.0134932
30.0847,0.0134933
30.0862,0.0134934
30.0877,0.0134934
30.0892,0.0134933
30.0907,0.0134931
30.0922,0.0134929
30.0937,0.0134926
30.0952,0.0134923
30.0967,0.0134918
30.0982,0.0134913
30.0997,0.0134907
30.1012,0.01349
30.1027,0.0134892
30.1042,0.0134884
30.1057,0.0134874
30.1072,0.0134864
30.1087,0.0134853
30.1101,0.0134841
30.1116,0.0134828
30.1131,0.0134814
30.1146,0.0134799
30.1161,0.0134783
30.1176,0.0134766
30.1191,0.0134748
30.1206,0.0134729
30.1221,0.0134709
30.1236,0.0134688
30.1251,0.0134667
30.1266,0.0134644
30.1281,0.013462
30.1296,0.0134595
30.1311,0.0134569
30.1326,0.0134543
30.1341,0.0134515
30.1356,0.0134486
30.1371,0.0134456
30.1386,0.0134426
30.1401,0.0134394
30.1416,0.0134361
30.1431,0.0134328
30.1446,0.0134294
30.1461,0.0134258
30.1476,0.0134222
30.1491,0.0134185
30.1506,0.0134147
30.1521,0.0134109
30.1536,0.013407
30.1551,0.013403
30.1566,0.0133989
30.1581,0.0133948
30.1596,0.0133906
30.1611,0.0133864
30.1626,0.0133821
30.1641,0.0133777
30.1656,0.0133731
30.1671,0.0133684
30.1686,0.0133637
30.1701,0.0133588
30.1716,0.013354
30.1731,0.0133491
30.1746,0.0133443
30.1761,0.0133395
30.1776,0.0133347
30.1791,0.01333
30.1806,0.0133255
30.1821,0.013321
30.1836,0.0133168
30.1851,0.0133127
30.1866,0.0133088
30.1881,0.0133051
30.1896,0.0133017
30.1911,0.0132986
30.1926,0.0132957
30.1941,0.0132932
30.1956,0.013291
30.1971,0.0132891
30.1986,0.0132876
30.2001,0.0132863
30.2016,0.0132845
30.2031,0.0132862
30.2046,0.0132904
30.2061,0.0133028
30.2076,0.0133165
30.2091,0.0133301
30.2106,0.0133435
30.2121,0.0133567
30.2136,0.0133698
30.2151,0.0133826
30.2166,0.0133952
30.2181,0.0134076
30.2196,0.0134198
30.2211,0.0134318
30.2226,0.0134436
30.2241,0.0134552
30.2256,0.0134665
30.2271,0.0134776
30.2286,0.0134885
30.2301,0.0134991
30.2316,0.0135096
30.2331,0.0135197
30.2346,0.0135297
30.2361,0.0135394
30.2376,0.0135488
30.2391,0.0135581
30.2406,0.0135671
30.2421,0.0135758
30.2436,0.0135843
30.2451,0.0135926
30.2466,0.0136006
30.2481,0.0136084
30.2496,0.013616
30.2511,0.0136233
30.2526,0.0136304
30.2541,0.0136372
30.2556,0.0136438
30.2571,0.0136502
30.2586,0.0136564
30.2601,0.0136623
30.2616,0.013668
30.2631,0.0136735
30.2646,0.0136788
30.2661,0.0136838
30.2676,0.0136887
30.2691,0.0136933
30.2706,0.0136977
30.2721,0.0137019
30.2736,0.0137059
30.2751,0.0137098
30.2766,0.0137134
30.2781,0.0137168
30.2796,0.0137201
30.2811,0.0137231
30.2826,0.013726
30.2841,0.0137287
30.2856,0.0137313
30.2871,0.0137337
30.2886,0.0137359
30.2901,0.013738
30.2915,0.01374
30.293,0.0137417
30.2945,0.0137434
30.296,0.0137449
30.2975,0.0137463
30.299,0.0137475
30.3005,0.0137487
30.302,0.0137497
30.3035,0.0137506
30.305,0.0137513
30.3065,0.013752
30.308,0.0137525
30.3095,0.013753
30.311,0.0137533
30.3125,0.0137536
30.314,0.0137538
30.3155,0.0137538
30.317,0.0137538
30.3185,0.0137537
30.32,0.0137535
30.3215,0.0137532
30.323,0.0137529
30.3245,0.0137524
30.326,0.0137517
30.3275,0.0137509
30.329,0.0137498
30.3305,0.0137485
30.332,0.013747
30.3335,0.0137453
30.335,0.0137434
30.3365,0.0137412
30.338,0.0137388
30.3395,0.0137362
30.341,0.0137333
30.3425,0.0137302
30.344,0.0137269
30.3455,0.0137233
30.347,0.0137194
30.3485,0.0137197
30.35,0.013729
30.3515,0.0137386
30.353,0.0137486
30.3545,0.0137588
30.356,0.0137694
30.3575,0.0137803
30.359,0.0137914
30.3605,0.0138026
30.362,0.0138139
30.3635,0.0138252
30.365,0.0138366
30.3665,0.0138481
30.368,0.0138597
30.3695,0.0138714
30.371,0.0138833
30.3725,0.0138952
30.374,0.0139072
30.3755,0.0139193
30.377,0.0139316
30.3785,0.013944
30.38,0.0139565
30.3815,0.0139692
30.383,0.013982
30.3845,0.013995
30.386,0.0140081
30.3875,0.0140214
30.389,0.0140349
30.3905,0.0140485
30.392,0.0140623
30.3935,0.0140763
30.395,0.0140904
30.3965,0.0141047
30.398,0.0141192
30.3995,0.0141339
30.401,0.0141488
30.4025,0.0141638
30.404,0.014179
30.4055,0.0141944
30.407,0.0142099
30.4085,0.0142256
30.41,0.0142448
30.4115,0.0142741
30.413,0.0143034
30.4145,0.0143328
30.416,0.0143622
30.4175,0.0143916
30.419,0.0144208
30.4205,0.01445
30.422,0.0144789
30.4235,0.0145077
30.425,0.0145361
30.4265,0.0145642
30.428,0.014592
30.4295,0.0146193
30.431,0.0146462
30.4325,0.0146725
30.434,0.0146983
30.4355,0.0147235
30.437,0.0147481
30.4385,0.014772
30.44,0.0147952
30.4415,0.0148176
30.443,0.0148393
30.4445,0.0148602
30.446,0.0148802
30.4475,0.0148994
30.449,0.0149176
30.4505,0.014935
30.452,0.0149514
30.4535,0.0149668
30.455,0.0149813
30.4565,0.0149947
30.458,0.0150072
30.4595,0.0150186
30.461,0.015029
30.4625,0.0150383
30.464,0.0150466
30.4655,0.0150538
30.467,0.01506
30.4685,0.0150651
30.47,0.0150692
30.4715,0.0150722
30.4729,0.0150741
30.4744,0.015075
30.4759,0.0150748
30.4774,0.0150736
30.4789,0.0150714
30.4804,0.0150681
30.4819,0.0150638
30.4834,0.0150586
30.4849,0.0150523
30.4864,0.0150451
30.4879,0.0150369
30.4894,0.0150278
30.4909,0.0150177
30.4924,0.0150068
30.4939,0.014995
30.4954,0.0149823
30.4969,0.0149688
30.4984,0.0149691
30.4999,0.0149695
30.5014,0.0149693
30.5029,0.0149688
30.5044,0.0149677
30.5059,0.0149663
30.5074,0.0149644
30.5089,0.0149621
30.5104,0.0149594
30.5119,0.0149563
30.5134,0.0149527
30.5149,0.0149488
30.5164,0.0149446
30.5179,0.0149399
30.5194,0.0149349
30.5209,0.0149295
30.5224,0.0149238
30.5239,0.0149178
30.5254,0.0149115
30.5269,0.0149048
30.5284,0.0148979
30.5299,0.0148908
30.5314,0.0148839
30.5329,0.014877
30.5344,0.0148701
30.5359,0.0148633
30.5374,0.0148565
30.5389,0.0148498
30.5404,0.0148431
30.5419,0.0148364
30.5434,0.0148297
30.5449,0.0148231
30.5464,0.0148164
30.5479,0.0148098
30.5494,0.0148032
30.5509,0.0147966
30.5524,0.01479
30.5539,0.0147834
30.5554,0.0147767
30.5569,0.01477
30.5584,0.0147632
30.5599,0.0147564
30.5614,0.0147495
30.5629,0.0147426
30.5644,0.0147355
30.5659,0.0147284
30.5674,0.0147212
30.5689,0.0147139
30.5704,0.0147065
30.5719,0.014699
30.5734,0.0146914
30.5749,0.0146836
30.5764,0.0146757
30.5779,0.0146677
30.5794,0.0146595
30.5809,0.0146512
30.5824,0.0146428
30.5839,0.0146342
30.5854,0.0146254
30.5869,0.0146165
30.5884,0.0146074
30.5899,0.0145982
30.5914,0.0145888
30.5929,0.0145792
30.5944,0.0145695
30.5959,0.0145596
30.5974,0.0145495
30.5989,0.0145393
30.6004,0.0145288
30.6019,0.0145182
30.6034,0.0145075
30.6049,0.0144966
30.6064,0.0144854
30.6079,0.0144742
30.6094,0.0144627
30.6109,0.0144511
30.6124,0.0144394
30.6139,0.0144274
30.6154,0.0144153
30.6169,0.0144031
30.6184,0.0143907
30.6199,0.0143781
30.6214,0.0143654
30.6229,0.0143526
30.6244,0.0143398
30.6259,0.0143269
30.6274,0.0143141
30.6289,0.0143012
30.6304,0.0142883
30.6319,0.0142753
30.6334,0.0142624
30.6349,0.0142495
30.6364,0.0142365
30.6379,0.0142236
30.6394,0.0142107
30.6409,0.0141978
30.6424,0.0141849
30.6439,0.0141722
30.6454,0.0141599
30.6469,0.0141479
30.6484,0.0141362
30.6499,0.0141249
30.6514,0.0141129
30.6529,0.0141002
30.6544,0.0140868
30.6558,0.0140726
30.6573,0.0140578
30.6588,0.0140422
30.6603,0.014026
30.6618,0.0140091
30.6633,0.0139916
30.6648,0.0139735
30.6663,0.0139547
30.6678,0.0139354
30.6693,0.0139154
30.6708,0.0138949
30.6723,0.0138739
30.6738,0.0138523
30.6753,0.0138302
30.6768,0.0138076
30.6783,0.0137845
30.6798,0.013761
30.6813,0.013737
30.6828,0.0137126
30.6843,0.0136877
30.6858,0.0136625
30.6873,0.0136369
30.6888,0.013611
30.6903,0.0135847
30.6918,0.0135581
30.6933,0.0135311
30.6948,0.0135039
30.6963,0.0134764
30.6978,0.0134487
30.6993,0.0134207
30.7008,0.0133925
30.7023,0.0133641
30.7038,0.0133356
30.7053,0.0133068
30.7068,0.013278
30.7083,0.013249
30.7098,0.0132199
30.7113,0.0131906
30.7128,0.0131614
30.7143,0.013132
30.7158,0.0131027
30.7173,0.0130733
30.7188,0.0130439
30.7203,0.0130145
30.7218,0.0129922
30.7233,0.0129884
30.7248,0.0129847
30.7263,0.0129809
30.7278,0.0129772
30.7293,0.0129736
30.7308,0.0129699
30.7323,0.0129663
30.7338,0.0129774
30.7353,0.0130013
30.7368,0.0130248
30.7383,0.013048
30.7398,0.0130707
30.7413,0.0130931
30.7428,0.0131149
30.7443,0.0131363
30.7458,0.0131571
30.7473,0.0131774
30.7488,0.0131971
30.7503,0.0132161
30.7518,0.0132345
30.7533,0.0132522
30.7548,0.0132692
30.7563,0.0132854
30.7578,0.0133008
30.7593,0.0133155
30.7608,0.0133293
30.7623,0.0133422
30.7638,0.0133542
30.7653,0.0133654
30.7668,0.0133756
30.7683,0.0133848
30.7698,0.0133931
30.7713,0.0134004
30.7728,0.0134066
30.7743,0.0134118
30.7758,0.013416
30.7773,0.0134191
30.7788,0.0134211
30.7803,0.013422
30.7818,0.0134218
30.7833,0.0134205
30.7848,0.0134181
30.7863,0.0134145
30.7878,0.0134098
30.7893,0.013404
30.7908,0.0133971
30.7923,0.013389
30.7938,0.0133798
30.7953,0.0133694
30.7968,0.013358
30.7983,0.0133454
30.7998,0.0133317
30.8013,0.013317
30.8028,0.0133012
30.8043,0.0132843
30.8058,0.0132664
30.8073,0.0132474
30.8088,0.0132275
30.8103,0.013206
30.8118,0.0131828
30.8133,0.0131578
30.8148,0.0131311
30.8163,0.0131028
30.8178,0.0130728
30.8193,0.0130414
30.8208,0.0130085
30.8223,0.0129741
30.8238,0.0129385
30.8253,0.0129015
30.8268,0.0128634
30.8283,0.0128242
30.8298,0.0127839
30.8313,0.0127426
30.8328,0.0127154
30.8343,0.0127268
30.8358,0.0127381
30.8372,0.0127492
30.8387,0.0127602
30.8402,0.012771
30.8417,0.0127816
30.8432,0.0127919
30.8447,0.0128021
30.8462,0.0128119
30.8477,0.0128215
30.8492,0.0128308
30.8507,0.0128398
30.8522,0.0128484
30.8537,0.0128567
30.8552,0.0128647
30.8567,0.0128722
30.8582,0.0128794
30.8597,0.0128861
30.8612,0.0128924
30.8627,0.0128982
30.8642,0.0129036
30.8657,0.0129085
30.8672,0.012913
30.8687,0.0129169
30.8702,0.0129203
30.8717,0.0129231
30.8732,0.0129255
30.8747,0.0129272
30.8762,0.0129284
30.8777,0.0129291
30.8792,0.0129291
30.8807,0.0129286
30.8822,0.0129274
30.8837,0.0129256
30.8852,0.0129233
30.8867,0.0129202
30.8882,0.0129166
30.8897,0.0129123
30.8912,0.0129073
30.8927,0.0129017
30.8942,0.0128955
30.8957,0.0128885
30.8972,0.0128809
30.8987,0.0128727
30.9002,0.0128637
30.9017,0.0128541
30.9032,0.0128438
30.9047,0.0128329
30.9062,0.0128212
30.9077,0.0128089
30.9092,0.0127959
30.9107,0.0127822
30.9122,0.0127678
30.9137,0.0127528
30.9152,0.0127371
30.9167,0.0127208
30.9182,0.0127037
30.9197,0.0126861
30.9212,0.0126677
30.9227,0.0126632
30.9242,0.0126642
30.9257,0.0126652
30.9272,0.0126663
30.9287,0.0126674
30.9302,0.0126685
30.9317,0.0126697
30.9332,0.0126709
30.9347,0.0126721
30.9362,0.0126733
30.9377,0.0126746
30.9392,0.0126759
30.9407,0.0126773
30.9422,0.0126787
30.9437,0.0126801
30.9452,0.0126815
30.9467,0.012683
30.9482,0.0126845
30.9497,0.012686
30.9512,0.0126876
30.9527,0.0126891
30.9542,0.0126908
30.9557,0.0126924
30.9572,0.0126943
30.9587,0.0126964
30.9602,0.0126988
30.9617,0.0127013
30.9632,0.012704
30.9647,0.012707
30.9662,0.0127101
30.9677,0.0127135
30.9692,0.0127171
30.9707,0.0127208
30.9722,0.0127248
30.9737,0.012729
30.9752,0.0127334
30.9767,0.012738
30.9782,0.0127428
30.9797,0.0127478
30.9812,0.0127529
30.9827,0.0127583
30.9842,0.0127638
30.9857,0.0127696
30.9872,0.0127755
30.9887,0.0127815
30.9902,0.0127878
30.9917,0.0127942
30.9932,0.0128008
30.9947,0.0128076
30.9962,0.0128145
30.9977,0.0128215
30.9992,0.0128288
31.0007,0.0128361
31.0022,0.0128436
31.0037,0.0128513
31.0052,0.0128591
31.0067,0.012867
31.0082,0.012875
31.0097,0.0128832
31.0112,0.0128915
31.0127,0.0128999
31.0142,0.0129084
31.0157,0.012917
31.0172,0.0129257
31.0187,0.0129345
31.0201,0.0129434
31.0216,0.0129523
31.0231,0.0129614
31.0246,0.0129705
31.0261,0.0129797
31.0276,0.012989
31.0291,0.0129983
31.0306,0.0130077
31.0321,0.0130171
31.0336,0.0130266
31.0351,0.0130361
31.0366,0.0130456
31.0381,0.0130552
31.0396,0.0130649
31.0411,0.0130745
31.0426,0.0130842
31.0441,0.0130939
31.0456,0.0131036
31.0471,0.0131133
31.0486,0.013123
31.0501,0.0131327
31.0516,0.0131424
31.0531,0.0131522
31.0546,0.0131619
31.0561,0.0131715
31.0576,0.0131812
31.0591,0.0131908
31.0606,0.0132004
31.0621,0.01321
31.0636,0.0132196
31.0651,0.0132291
31.0666,0.0132386
31.0681,0.013248
31.0696,0.0132574
31.0711,0.0132667
31.0726,0.013276
31.0741,0.013285
31.0756,0.0132938
31.0771,0.0133022
31.0786,0.0133105
31.0801,0.0133184
31.0816,0.0133261
31.0831,0.0133335
31.0846,0.0133407
31.0861,0.0133476
31.0876,0.0133542
31.0891,0.0133606
31.0906,0.0133667
31.0921,0.0133725
31.0936,0.0133781
31.0951,0.0133834
31.0966,0.0133885
31.0981,0.0133934
31.0996,0.0133979
31.1011,0.0134023
31.1026,0.0134064
31.1041,0.0134102
31.1056,0.0134138
31.1071,0.0134172
31.1086,0.0134204
31.1101,0.0134233
31.1116,0.0134261
31.1131,0.0134286
31.1146,0.0134309
31.1161,0.013433
31.1176,0.0134349
31.1191,0.0134366
31.1206,0.0134381
31.1221,0.0134394
31.1236,0.0134405
31.1251,0.0134415
31.1266,0.0134423
31.1281,0.0134429
31.1296,0.0134433
31.1311,0.0134436
31.1326,0.0134437
31.1341,0.0134437
31.1356,0.0134435
31.1371,0.0134431
31.1386,0.0134426
31.1401,0.013442
31.1416,0.0134412
31.1431,0.0134402
31.1446,0.0134392
31.1461,0.013438
31.1476,0.0134366
31.1491,0.0134351
31.1506,0.0134335
31.1521,0.0134317
31.1536,0.0134298
31.1551,0.0134277
31.1566,0.0134254
31.1581,0.013423
31.1596,0.0134204
31.1611,0.0134176
31.1626,0.0134146
31.1641,0.0134115
31.1656,0.0134082
31.1671,0.0134046
31.1686,0.0134009
31.1701,0.0133969
31.1716,0.0133928
31.1731,0.0133884
31.1746,0.0133838
31.1761,0.0133789
31.1776,0.0133738
31.1791,0.0133685
31.1806,0.0133629
31.1821,0.0133571
31.1836,0.013351
31.1851,0.0133446
31.1866,0.013338
31.1881,0.0133311
31.1896,0.0133239
31.1911,0.0133165
31.1926,0.0133087
31.1941,0.0133007
31.1956,0.0132923
31.1971,0.0132837
31.1986,0.0132747
31.2001,0.0132655
31.2015,0.0132559
31.203,0.013246
31.2045,0.0132357
31.206,0.0132252
31.2075,0.0132143
31.209,0.0132031
31.2105,0.0131915
31.212,0.0131797
31.2135,0.0131675
31.215,0.0131549
31.2165,0.0131421
31.218,0.0131289
31.2195,0.0131154
31.221,0.0131015
31.2225,0.0130874
31.224,0.0130729
31.2255,0.0130581
31.227,0.013043
31.2285,0.0130275
31.23,0.0130118
31.2315,0.0129958
31.233,0.0129794
31.2345,0.0129628
31.236,0.0129459
31.2375,0.0129287
31.239,0.0129113
31.2405,0.0128936
31.242,0.0128756
31.2435,0.0128574
31.245,0.0128389
31.2465,0.0128203
31.248,0.0128013
31.2495,0.0127822
31.251,0.0127629
31.2525,0.0127434
31.254,0.0127237
31.2555,0.0127038
31.257,0.0126838
31.2585,0.0126637
31.26,0.0126434
31.2615,0.012623
31.263,0.0126025
31.2645,0.0125818
31.266,0.0125612
31.2675,0.0125404
31.269,0.0125196
31.2705,0.0124988
31.272,0.0124779
31.2735,0.0124571
31.275,0.0124362
31.2765,0.012416
31.278,0.0124146
31.2795,0.012413
31.281,0.0124113
31.2825,0.0124094
31.284,0.0124074
31.2855,0.0124053
31.287,0.012403
31.2885,0.0124005
31.29,0.012398
31.2915,0.0123953
31.293,0.0123924
31.2945,0.0123894
31.296,0.0123863
31.2975,0.012383
31.299,0.0123796
31.3005,0.0123761
31.302,0.0123724
31.3035,0.0123686
31.305,0.0123646
31.3065,0.0123605
31.308,0.0123563
31.3095,0.012352
31.311,0.0123475
31.3125,0.0123429
31.314,0.0123381
31.3155,0.0123332
31.317,0.0123282
31.3185,0.0123231
31.32,0.0123178
31.3215,0.0123124
31.323,0.0123069
31.3245,0.0123013
31.326,0.0122955
31.3275,0.0122897
31.329,0.0122838
31.3305,0.0122777
31.332,0.0122716
31.3335,0.0122653
31.335,0.012259
31.3365,0.0122527
31.338,0.0122462
31.3395,0.0122397
31.341,0.0122332
31.3425,0.0122266
31.344,0.01222
31.3455,0.0122133
31.347,0.0122067
31.3485,0.0122
31.35,0.0121933
31.3515,0.0121878
31.353,0.0121867
31.3545,0.0121855
31.356,0.0121844
31.3575,0.0121832
31.359,0.012182
31.3605,0.0121808
31.362,0.0121795
31.3635,0.0121783
31.365,0.012177
31.3665,0.0121757
31.368,0.0121744
31.3695,0.0121731
31.371,0.0121717
31.3725,0.0121704
31.374,0.012169
31.3755,0.0121677
31.377,0.0121663
31.3785,0.0121648
31.38,0.0121634
31.3815,0.012162
31.3829,0.0121605
31.3844,0.0121591
31.3859,0.0121576
31.3874,0.0121561
31.3889,0.0121546
31.3904,0.0121531
31.3919,0.0121515
31.3934,0.01215
31.3949,0.0121484
31.3964,0.0121469
31.3979,0.0121453
31.3994,0.0121437
31.4009,0.0121421
31.4024,0.0121405
31.4039,0.0121389
31.4054,0.0121373
31.4069,0.0121356
31.4084,0.012134
31.4099,0.0121323
31.4114,0.0121307
31.4129,0.012129
31.4144,0.0121273
31.4159,0.0121256
31.4174,0.012124
31.4189,0.0121223
31.4204,0.0121206
31.4219,0.0121189
31.4234,0.0121172
31.4249,0.0121155
31.4264,0.0121138
31.4279,0.0121121
31.4294,0.0121103
31.4309,0.0121151
31.4324,0.0121215
31.4339,0.0121275
31.4354,0.0121333
31.4369,0.0121386
31.4384,0.0121437
31.4399,0.0121484
31.4414,0.0121528
31.4429,0.0121568
31.4444,0.0121605
31.4459,0.0121638
31.4474,0.0121668
31.4489,0.0121694
31.4504,0.0121717
31.4519,0.0121736
31.4534,0.0121751
31.4549,0.0121763
31.4564,0.0121772
31.4579,0.0121776
31.4594,0.0121778
31.4609,0.0121775
31.4624,0.0121769
31.4639,0.0121759
31.4654,0.0121746
31.4669,0.0121729
31.4684,0.0121709
31.4699,0.0121685
31.4714,0.0121658
31.4729,0.0121627
31.4744,0.0121593
31.4759,0.0121555
31.4774,0.0121514
31.4789,0.012147
31.4804,0.0121447
31.4819,0.0121478
31.4834,0.0121508
31.4849,0.0121536
31.4864,0.0121563
31.4879,0.0121589
31.4894,0.0121614
31.4909,0.0121638
31.4924,0.0121661
31.4939,0.0121684
31.4954,0.0121705
31.4969,0.0121726
31.4984,0.0121752
31.4999,0.0121783
31.5014,0.0121819
31.5029,0.012186
31.5044,0.0121906
31.5059,0.0121956
31.5074,0.0122011
31.5089,0.0122069
31.5104,0.012213
31.5119,0.0122195
31.5134,0.0122263
31.5149,0.0122334
31.5164,0.0122407
31.5179,0.0122482
31.5194,0.0122559
31.5209,0.0122637
31.5224,0.0122716
31.5239,0.0122797
31.5254,0.0122878
31.5269,0.0122959
31.5284,0.012304
31.5299,0.0123121
31.5314,0.0123202
31.5329,0.0123281
31.5344,0.012336
31.5359,0.0123437
31.5374,0.0123512
31.5389,0.0123586
31.5404,0.0123657
31.5419,0.0123726
31.5434,0.0123793
31.5449,0.0123857
31.5464,0.0123917
31.5479,0.0123975
31.5494,0.0124029
31.5509,0.012408
31.5524,0.0124127
31.5539,0.012417
31.5554,0.0124209
31.5569,0.0124244
31.5584,0.0124274
31.5599,0.01243
31.5614,0.0124322
31.5629,0.0124339
31.5644,0.0124351
31.5658,0.0124358
31.5673,0.0124361
31.5688,0.0124359
31.5703,0.0124351
31.5718,0.0124339
31.5733,0.0124322
31.5748,0.0124299
31.5763,0.0124272
31.5778,0.0124239
31.5793,0.0124202
31.5808,0.0124159
31.5823,0.0124111
31.5838,0.0124059
31.5853,0.0124001
31.5868,0.0123938
31.5883,0.0123871
31.5898,0.0123798
31.5913,0.0123721
31.5928,0.0123639
31.5943,0.0123553
31.5958,0.0123462
31.5973,0.0123366
31.5988,0.0123266
31.6003,0.0123162
31.6018,0.0123054
31.6033,0.0122941
31.6048,0.0122825
31.6063,0.0122704
31.6078,0.012258
31.6093,0.0122452
31.6108,0.0122321
31.6123,0.0122186
31.6138,0.0122047
31.6153,0.0121906
31.6168,0.0121761
31.6183,0.0121614
31.6198,0.0121464
31.6213,0.0121311
31.6228,0.0121155
31.6243,0.0120997
31.6258,0.0120837
31.6273,0.0120674
31.6288,0.0120509
31.6303,0.0120343
31.6318,0.0120174
31.6333,0.0120004
31.6348,0.0119832
31.6363,0.0119658
31.6378,0.0119482
31.6393,0.0119306
31.6408,0.0119128
31.6423,0.0118948
31.6438,0.0118768
31.6453,0.0118586
31.6468,0.0118403
31.6483,0.011822
31.6498,0.0118035
31.6513,0.0117851
31.6528,0.0117668
31.6543,0.0117485
31.6558,0.0117303
31.6573,0.0117122
31.6588,0.0116941
31.6603,0.0116761
31.6618,0.0116582
31.6633,0.0116407
31.6648,0.0116369
31.6663,0.0116329
31.6678,0.0116289
31.6693,0.0116247
31.6708,0.0116205
31.6723,0.0116162
31.6738,0.0116117
31.6753,0.0116072
31.6768,0.0116025
31.6783,0.0115978
31.6798,0.011593
31.6813,0.011588
31.6828,0.011583
31.6843,0.0115779
31.6858,0.0115727
31.6873,0.0115674
31.6888,0.0115621
31.6903,0.0115566
31.6918,0.0115511
31.6933,0.0115455
31.6948,0.0115398
31.6963,0.0115341
31.6978,0.0115282
31.6993,0.0115265
31.7008,0.0115291
31.7023,0.0115318
31.7038,0.0115345
31.7053,0.0115372
31.7068,0.0115398
31.7083,0.0115425
31.7098,0.0115452
31.7113,0.0115481
31.7128,0.0115558
31.7143,0.0115635
31.7158,0.0115713
31.7173,0.0115791
31.7188,0.011587
31.7203,0.0115948
31.7218,0.0116027
31.7233,0.0116105
31.7248,0.0116183
31.7263,0.0116261
31.7278,0.0116339
31.7293,0.0116416
31.7308,0.0116493
31.7323,0.0116569
31.7338,0.0116645
31.7353,0.0116719
31.7368,0.0116793
31.7383,0.0116866
31.7398,0.0116938
31.7413,0.0117009
31.7428,0.0117079
31.7443,0.0117148
31.7458,0.0117215
31.7472,0.0117281
31.7487,0.0117345
31.7502,0.0117408
31.7517,0.011747
31.7532,0.011753
31.7547,0.0117588
31.7562,0.0117645
31.7577,0.0117699
31.7592,0.0117752
31.7607,0.0117803
31.7622,0.0117853
31.7637,0.01179
31.7652,0.0117945
31.7667,0.0117988
31.7682,0.0118029
31.7697,0.0118068
31.7712,0.0118105
31.7727,0.011814
31.7742,0.0118173
31.7757,0.0118203
31.7772,0.0118231
31.7787,0.0118257
31.7802,0.011828
31.7817,0.0118302
31.7832,0.0118321
31.7847,0.0118338
31.7862,0.0118352
31.7877,0.0118364
31.7892,0.0118374
31.7907,0.0118382
31.7922,0.0118387
31.7937,0.011839
31.7952,0.0118391
31.7967,0.011839
31.7982,0.0118387
31.7997,0.0118381
31.8012,0.0118373
31.8027,0.0118363
31.8042,0.0118351
31.8057,0.0118337
31.8072,0.0118321
31.8087,0.0118303
31.8102,0.0118283
31.8117,0.0118261
31.8132,0.0118237
31.8147,0.0118211
31.8162,0.0118184
31.8177,0.0118154
31.8192,0.0118123
31.8207,0.0118091
31.8222,0.0118056
31.8237,0.011802
31.8252,0.0117983
31.8267,0.0117944
31.8282,0.0117904
31.8297,0.0117862
31.8312,0.0117819
31.8327,0.0117775
31.8342,0.0117731
31.8357,0.0117686
31.8372,0.0117641
31.8387,0.0117596
31.8402,0.011755
31.8417,0.0117504
31.8432,0.0117458
31.8447,0.0117411
31.8462,0.0117364
31.8477,0.0117316
31.8492,0.0117269
31.8507,0.011722
31.8522,0.0117172
31.8537,0.0117123
31.8552,0.0117074
31.8567,0.0117025
31.8582,0.0116975
31.8597,0.0116925
31.8612,0.0116874
31.8627,0.0116824
31.8642,0.0116773
31.8657,0.0116722
31.8672,0.011667
31.8687,0.0116619
31.8702,0.0116567
31.8717,0.0116515
31.8732,0.0116462
31.8747,0.011641
31.8762,0.0116357
31.8777,0.0116304
31.8792,0.0116251
31.8807,0.0116198
31.8822,0.0116144
31.8837,0.011609
31.8852,0.0116036
31.8867,0.0115982
31.8882,0.0115928
31.8897,0.0115874
31.8912,0.0115821
31.8927,0.0115769
31.8942,0.0115717
31.8957,0.0115666
31.8972,0.0115616
31.8987,0.011557
31.9002,0.0115572
31.9017,0.0115574
31.9032,0.0115576
31.9047,0.0115578
31.9062,0.011558
31.9077,0.0115581
31.9092,0.0115582
31.9107,0.0115583
31.9122,0.0115584
31.9137,0.0115584
31.9152,0.0115584
31.9167,0.0115584
31.9182,0.0115584
31.9197,0.0115583
31.9212,0.0115582
31.9227,0.011558
31.9242,0.0115578
31.9257,0.0115576
31.9272,0.0115573
31.9286,0.011557
31.9301,0.0115567
31.9316,0.0115563
31.9331,0.0115558
31.9346,0.0115553
31.9361,0.0115548
31.9376,0.0115542
31.9391,0.0115536
31.9406,0.0115529
31.9421,0.0115522
31.9436,0.0115514
31.9451,0.0115506
31.9466,0.0115497
31.9481,0.0115487
31.9496,0.0115476
31.9511,0.0115463
31.9526,0.0115448
31.9541,0.0115431
31.9556,0.0115412
31.9571,0.0115391
31.9586,0.0115368
31.9601,0.0115344
31.9616,0.0115317
31.9631,0.0115289
31.9646,0.0115259
31.9661,0.0115226
31.9676,0.0115191
31.9691,0.0115149
31.9706,0.0115099
31.9721,0.0115042
31.9736,0.0114979
31.9751,0.0114908
31.9766,0.011483
31.9781,0.0114746
31.9796,0.0114655
31.9811,0.0114558
31.9826,0.0114455
31.9841,0.0114346
31.9856,0.011423
31.9871,0.011411
31.9886,0.0113984
31.9901,0.0113853
31.9916,0.0113716
31.9931,0.0113576
31.9946,0.011343
31.9961,0.0113281
31.9976,0.0113127
31.9991,0.011297
32.0006,0.0112809
32.0021,0.0112645
32.0036,0.0112478
32.0051,0.0112309
32.0066,0.0112137
32.0081,0.0111962
32.0096,0.0111786
32.0111,0.0111608
32.0126,0.0111429
32.0141,0.0111248
32.0156,0.0111066
32.0171,0.0110884
32.0186,0.0110701
32.0201,0.0110518
32.0216,0.0110335
32.0231,0.0110153
32.0246,0.010997
32.0261,0.0109788
32.0276,0.0109607
32.0291,0.0109427
32.0306,0.0109248
32.0321,0.0109071
32.0336,0.0108984
32.0351,0.0108983
32.0366,0.0108981
32.0381,0.0108978
32.0396,0.0108975
32.0411,0.0108971
32.0426,0.0108966
32.0441,0.010896
32.0456,0.0108954
32.0471,0.0108947
32.0486,0.0108939
32.0501,0.0108931
32.0516,0.0108922
32.0531,0.0108912
32.0546,0.0108902
32.0561,0.0108892
32.0576,0.0108881
32.0591,0.0108869
32.0606,0.0108857
32.0621,0.0108845
32.0636,0.0108832
32.0651,0.0108818
32.0666,0.0108805
32.0681,0.0108791
32.0696,0.0108777
32.0711,0.0108762
32.0726,0.0108748
32.0741,0.0108733
32.0756,0.0108717
32.0771,0.0108702
32.0786,0.0108687
32.0801,0.0108671
32.0816,0.0108656
32.0831,0.0108641
32.0846,0.0108625
32.0861,0.010861
32.0876,0.0108595
32.0891,0.0108579
32.0906,0.0108565
32.0921,0.010855
32.0936,0.0108535
32.0951,0.0108521
32.0966,0.0108507
32.0981,0.0108493
32.0996,0.010848
32.1011,0.0108467
32.1026,0.0108455
32.1041,0.0108443
32.1056,0.0108431
32.1071,0.010842
32.1086,0.010841
32.1101,0.01084
32.1115,0.0108391
32.113,0.0108382
32.1145,0.0108375
32.116,0.0108367
32.1175,0.0108361
32.119,0.0108355
32.1205,0.010835
32.122,0.0108346
32.1235,0.0108343
32.125,0.010834
32.1265,0.0108338
32.128,0.0108338
32.1295,0.0108338
32.131,0.0108339
32.1325,0.0108341
32.134,0.0108343
32.1355,0.0108347
32.137,0.0108352
32.1385,0.0108358
32.14,0.0108364
32.1415,0.0108372
32.143,0.010838
32.1445,0.010839
32.146,0.01084
32.1475,0.0108412
32.149,0.0108424
32.1505,0.0108438
32.152,0.0108452
32.1535,0.0108468
32.155,0.0108484
32.1565,0.0108501
32.158,0.0108519
32.1595,0.0108538
32.161,0.0108558
32.1625,0.0108579
32.164,0.0108601
32.1655,0.0108624
32.167,0.0108647
32.1685,0.0108671
32.17,0.0108696
32.1715,0.0108722
32.173,0.0108749
32.1745,0.0108776
32.176,0.0108804
32.1775,0.0108833
32.179,0.0108862
32.1805,0.0108892
32.182,0.0108923
32.1835,0.0108954
32.185,0.0108986
32.1865,0.0109018
32.188,0.0109051
32.1895,0.0109084
32.191,0.0109117
32.1925,0.0109151
32.194,0.0109185
32.1955,0.010922
32.197,0.0109255
32.1985,0.0109289
32.2,0.0109325
32.2015,0.010936
32.203,0.0109395
32.2045,0.010943
32.206,0.0109466
32.2075,0.0109501
32.209,0.0109537
32.2105,0.0109572
32.212,0.0109607
32.2135,0.0109642
32.215,0.0109677
32.2165,0.0109711
32.218,0.0109745
32.2195,0.0109779
32.221,0.0109813
32.2225,0.0109846
32.224,0.0109879
32.2255,0.0109911
32.227,0.0109943
32.2285,0.0109974
32.23,0.0110005
32.2315,0.0110036
32.233,0.0110065
32.2345,0.0110095
32.236,0.0110123
32.2375,0.0110151
32.239,0.0110178
32.2405,0.0110205
32.242,0.011023
32.2435,0.0110255
32.245,0.011028
32.2465,0.0110303
32.248,0.0110326
32.2495,0.0110348
32.251,0.0110369
32.2525,0.0110389
32.254,0.0110408
32.2555,0.0110427
32.257,0.0110445
32.2585,0.0110461
32.26,0.0110477
32.2615,0.0110493
32.263,0.0110507
32.2645,0.011052
32.266,0.0110533
32.2675,0.0110545
32.269,0.0110555
32.2705,0.0110565
32.272,0.0110574
32.2735,0.0110583
32.275,0.011059
32.2765,0.0110597
32.278,0.0110603
32.2795,0.0110608
32.281,0.0110612
32.2825,0.0110615
32.284,0.0110618
32.2855,0.011062
32.287,0.0110622
32.2885,0.0110623
32.29,0.0110623
32.2915,0.0110622
32.2929,0.0110621
32.2944,0.0110619
32.2959,0.0110617
32.2974,0.0110614
32.2989,0.0110611
32.3004,0.0110607
32.3019,0.0110603
32.3034,0.0110598
32.3049,0.0110593
32.3064,0.0110588
32.3079,0.0110582
32.3094,0.0110575
32.3109,0.0110569
32.3124,0.0110562
32.3139,0.0110555
32.3154,0.0110547
32.3169,0.011054
32.3184,0.0110532
32.3199,0.0110524
32.3214,0.0110516
32.3229,0.0110508
32.3244,0.01105
32.3259,0.0110491
32.3274,0.0110483
32.3289,0.0110475
32.3304,0.0110467
32.3319,0.0110459
32.3334,0.0110451
32.3349,0.0110443
32.3364,0.0110436
32.3379,0.0110428
32.3394,0.0110421
32.3409,0.0110415
32.3424,0.0110408
32.3439,0.0110402
32.3454,0.0110396
32.3469,0.0110391
32.3484,0.0110386
32.3499,0.0110382
32.3514,0.0110378
32.3529,0.0110374
32.3544,0.0110371
32.3559,0.0110369
32.3574,0.0110367
32.3589,0.0110365
32.3604,0.0110365
32.3619,0.0110365
32.3634,0.0110365
32.3649,0.0110366
32.3664,0.0110368
32.3679,0.0110371
32.3694,0.0110374
32.3709,0.0110378
32.3724,0.0110382
32.3739,0.0110388
32.3754,0.0110394
32.3769,0.0110401
32.3784,0.0110408
32.3799,0.0110417
32.3814,0.0110426
32.3829,0.0110436
32.3844,0.0110447
32.3859,0.0110458
32.3874,0.0110471
32.3889,0.0110484
32.3904,0.0110498
32.3919,0.0110513
32.3934,0.0110529
32.3949,0.0110545
32.3964,0.0110563
32.3979,0.0110581
32.3994,0.01106
32.4009,0.011062
32.4024,0.0110643
32.4039,0.0110667
32.4054,0.0110692
32.4069,0.011072
32.4084,0.0110749
32.4099,0.0110781
32.4114,0.0110813
32.4129,0.0110848
32.4144,0.0110884
32.4159,0.0110922
32.4174,0.0110961
32.4189,0.0111001
32.4204,0.0111043
32.4219,0.0111086
32.4234,0.0111131
32.4249,0.0111176
32.4264,0.0111223
32.4279,0.0111271
32.4294,0.0111319
32.4309,0.0111369
32.4324,0.0111419
32.4339,0.011147
32.4354,0.0111522
32.4369,0.0111574
32.4384,0.0111627
32.4399,0.011168
32.4414,0.0111734
32.4429,0.0111788
32.4444,0.0111842
32.4459,0.01119
32.4474,0.0111961
32.4489,0.0112025
32.4504,0.0112091
32.4519,0.011216
32.4534,0.0112231
32.4549,0.0112304
32.4564,0.0112379
32.4579,0.0112456
32.4594,0.0112534
32.4609,0.0112614
32.4624,0.0112695
32.4639,0.0112778
32.4654,0.0112861
32.4669,0.0112945
32.4684,0.0113029
32.4699,0.0113114
32.4714,0.0113199
32.4729,0.0113283
32.4743,0.0113368
32.4758,0.0113451
32.4773,0.0113534
32.4788,0.0113616
32.4803,0.0113697
32.4818,0.0113776
32.4833,0.0113854
32.4848,0.011393
32.4863,0.0114004
32.4878,0.0114076
32.4893,0.0114145
32.4908,0.0114212
32.4923,0.0114276
32.4938,0.0114337
32.4953,0.0114395
32.4968,0.0114449
32.4983,0.01145
32.4998,0.0114548
32.5013,0.0114592
32.5028,0.0114631
32.5043,0.0114667
32.5058,0.0114699
32.5073,0.0114726
32.5088,0.0114749
32.5103,0.0114768
32.5118,0.0114782
32.5133,0.0114791
32.5148,0.0114796
32.5163,0.0114796
32.5178,0.0114791
32.5193,0.0114782
32.5208,0.0114767
32.5223,0.0114748
32.5238,0.0114724
32.5253,0.0114695
32.5268,0.0114661
32.5283,0.0114623
32.5298,0.0114579
32.5313,0.0114531
32.5328,0.0114479
32.5343,0.0114422
32.5358,0.011436
32.5373,0.0114293
32.5388,0.0114223
32.5403,0.0114148
32.5418,0.0114069
32.5433,0.0113985
32.5448,0.0113898
32.5463,0.0113807
32.5478,0.0113712
32.5493,0.0113614
32.5508,0.0113512
32.5523,0.0113406
32.5538,0.0113297
32.5553,0.0113185
32.5568,0.011307
32.5583,0.0112952
32.5598,0.0112832
32.5613,0.0112708
32.5628,0.0112583
32.5643,0.0112455
32.5658,0.0112325
32.5673,0.0112194
32.5688,0.0112061
32.5703,0.0111927
32.5718,0.0111792
32.5733,0.0111655
32.5748,0.0111518
32.5763,0.011138
32.5778,0.0111241
32.5793,0.0111102
32.5808,0.0110962
32.5823,0.0110822
32.5838,0.0110681
32.5853,0.0110541
32.5868,0.0110402
32.5883,0.0110265
32.5898,0.0110132
32.5913,0.011
32.5928,0.0109871
32.5943,0.0109745
32.5958,0.0109621
32.5973,0.01095
32.5988,0.0109381
32.6003,0.0109264
32.6018,0.010915
32.6033,0.0109038
32.6048,0.0108929
32.6063,0.0108822
32.6078,0.0108717
32.6093,0.0108614
32.6108,0.0108513
32.6123,0.0108414
32.6138,0.0108318
32.6153,0.0108223
32.6168,0.0108131
32.6183,0.0108041
32.6198,0.0107952
32.6213,0.0107866
32.6228,0.0107783
32.6243,0.0107701
32.6258,0.0107621
32.6273,0.0107543
32.6288,0.0107466
32.6303,0.0107392
32.6318,0.0107319
32.6333,0.0107248
32.6348,0.0107179
32.6363,0.0107111
32.6378,0.0107044
32.6393,0.0106979
32.6408,0.0106915
32.6423,0.0106852
32.6438,0.0106791
32.6453,0.0106731
32.6468,0.0106672
32.6483,0.0106614
32.6498,0.0106556
32.6513,0.01065
32.6528,0.0106445
32.6543,0.010639
32.6558,0.0106336
32.6572,0.0106282
32.6587,0.0106229
32.6602,0.0106177
32.6617,0.0106125
32.6632,0.0106074
32.6647,0.0106023
32.6662,0.0105972
32.6677,0.0105921
32.6692,0.0105871
32.6707,0.0105821
32.6722,0.0105771
32.6737,0.0105721
32.6752,0.0105671
32.6767,0.010562
32.6782,0.010557
32.6797,0.0105519
32.6812,0.0105467
32.6827,0.0105416
32.6842,0.0105363
32.6857,0.0105311
32.6872,0.0105255
32.6887,0.0105193
32.6902,0.0105124
32.6917,0.010505
32.6932,0.0104969
32.6947,0.0104882
32.6962,0.0104789
32.6977,0.010469
32.6992,0.0104585
32.7007,0.0104474
32.7022,0.0104357
32.7037,0.0104234
32.7052,0.0104105
32.7067,0.0103971
32.7082,0.0103831
32.7097,0.0103685
32.7112,0.0103534
32.7127,0.0103377
32.7142,0.0103215
32.7157,0.0103048
32.7172,0.0102876
32.7187,0.0102699
32.7202,0.0102517
32.7217,0.0102331
32.7232,0.010214
32.7247,0.0101945
32.7262,0.0101746
32.7277,0.0101543
32.7292,0.0101336
32.7307,0.0101126
32.7322,0.0100911
32.7337,0.0100694
32.7352,0.0100474
32.7367,0.010025
32.7382,0.0100024
32.7397,0.00997954
32.7412,0.00995644
32.7427,0.00993312
32.7442,0.00990961
32.7457,0.00988592
32.7472,0.00986208
32.7487,0.00983811
32.7502,0.00981402
32.7517,0.00978983
32.7532,0.00977901
32.7547,0.00978027
32.7562,0.00978107
32.7577,0.00978139
32.7592,0.00978122
32.7607,0.00978057
32.7622,0.00977943
32.7637,0.00977779
32.7652,0.00977565
32.7667,0.009773
32.7682,0.00976984
32.7697,0.00976615
32.7712,0.00976195
32.7727,0.00975723
32.7742,0.00975198
32.7757,0.0097462
32.7772,0.0097399
32.7787,0.00973307
32.7802,0.00972571
32.7817,0.00971782
32.7832,0.00970941
32.7847,0.00970048
32.7862,0.00969103
32.7877,0.00968566
32.7892,0.0097044
32.7907,0.00972289
32.7922,0.00974111
32.7937,0.00975904
32.7952,0.00977668
32.7967,0.009794
32.7982,0.009811
32.7997,0.00982765
32.8012,0.00984396
32.8027,0.00985991
32.8042,0.00987547
32.8057,0.00989065
32.8072,0.00990543
32.8087,0.00991979
32.8102,0.00993374
32.8117,0.00994724
32.8132,0.00996031
32.8147,0.00997292
32.8162,0.00998506
32.8177,0.00999673
32.8192,0.0100079
32.8207,0.0100186
32.8222,0.0100288
32.8237,0.0100385
32.8252,0.0100477
32.8267,0.0100563
32.8282,0.0100644
32.8297,0.010072
32.8312,0.0100791
32.8327,0.0100856
32.8342,0.0100915
32.8357,0.0100969
32.8372,0.0101018
32.8386,0.0101061
32.8401,0.0101098
32.8416,0.010113
32.8431,0.0101156
32.8446,0.0101176
32.8461,0.0101191
32.8476,0.01012
32.8491,0.0101203
32.8506,0.0101201
32.8521,0.0101193
32.8536,0.010118
32.8551,0.0101161
32.8566,0.0101136
32.8581,0.0101106
32.8596,0.0101071
32.8611,0.010103
32.8626,0.0100984
32.8641,0.0100933
32.8656,0.0100876
32.8671,0.0100815
32.8686,0.0100748
32.8701,0.0100676
32.8716,0.01006
32.8731,0.0100519
32.8746,0.0100433
32.8761,0.0100342
32.8776,0.0100247
32.8791,0.0100148
32.8806,0.0100044
32.8821,0.00999365
32.8836,0.00998246
32.8851,0.00997088
32.8866,0.00996453
32.8881,0.00997241
32.8896,0.00998012
32.8911,0.00998766
32.8926,0.00999504
32.8941,0.0100022
32.8956,0.0100093
32.8971,0.0100162
32.8986,0.0100229
32.9001,0.0100296
32.9016,0.010036
32.9031,0.0100423
32.9046,0.0100485
32.9061,0.0100545
32.9076,0.0100604
32.9091,0.0100661
32.9106,0.0100717
32.9121,0.0100771
32.9136,0.0100824
32.9151,0.0100875
32.9166,0.0100924
32.9181,0.0100972
32.9196,0.0101018
32.9211,0.0101063
32.9226,0.0101106
32.9241,0.0101147
32.9256,0.0101187
32.9271,0.0101225
32.9286,0.0101261
32.9301,0.0101296
32.9316,0.0101329
32.9331,0.010136
32.9346,0.010139
32.9361,0.0101417
32.9376,0.0101443
32.9391,0.0101467
32.9406,0.0101489
32.9421,0.0101509
32.9436,0.0101528
32.9451,0.0101544
32.9466,0.0101559
32.9481,0.0101571
32.9496,0.0101582
32.9511,0.010159
32.9526,0.0101596
32.9541,0.01016
32.9556,0.0101602
32.9571,0.0101602
32.9586,0.01016
32.9601,0.0101595
32.9616,0.0101588
32.9631,0.0101578
32.9646,0.0101567
32.9661,0.0101552
32.9676,0.0101536
32.9691,0.0101516
32.9706,0.0101494
32.9721,0.0101469
32.9736,0.0101441
32.9751,0.0101411
32.9766,0.0101376
32.9781,0.010133
32.9796,0.0101271
32.9811,0.0101199
32.9826,0.0101116
32.9841,0.0101021
32.9856,0.0100914
32.9871,0.0100795
32.9886,0.0100664
32.9901,0.0100523
32.9916,0.010037
32.9931,0.0100206
32.9946,0.0100032
32.9961,0.00998477
32.9976,0.0099653
32.9991,0.00994485
33.0006,0.00992346
33.0021,0.00990114
33.0036,0.00987794
33.0051,0.0098539
33.0066,0.00982904
33.0081,0.00980341
33.0096,0.00977704
33.0111,0.00974997
33.0126,0.00972224
33.0141,0.0096939
33.0156,0.00966499
33.0171,0.00963554
33.0186,0.00960561
33.0201,0.00957523
33.0215,0.00954445
33.023,0.00951332
33.0245,0.00948187
33.026,0.00945017
33.0275,0.00941824
33.029,0.00938614
33.0305,0.00935392
33.032,0.00932161
33.0335,0.00928928
33.035,0.00925694
33.0365,0.00922467
33.038,0.0091925
33.0395,0.00916046
33.041,0.00912861
33.0425,0.00909698
33.044,0.00906561
33.0455,0.00903454
33.047,0.00900381
33.0485,0.00897346
33.05,0.00894402
33.0515,0.00893962
33.053,0.00893509
33.0545,0.00893044
33.056,0.00892568
33.0575,0.00892079
33.059,0.00891578
33.0605,0.00891066
33.062,0.00890542
33.0635,0.00890006
33.065,0.00889459
33.0665,0.008889
33.068,0.0088833
33.0695,0.0088775
33.071,0.00887158
33.0725,0.00886557
33.074,0.00885945
33.0755,0.00885323
33.077,0.00884692
33.0785,0.00884051
33.08,0.008834
33.0815,0.0088274
33.083,0.00882071
33.0845,0.00881393
33.086,0.00880707
33.0875,0.00880013
33.089,0.00879312
33.0905,0.00878603
33.092,0.00877888
33.0935,0.00877166
33.095,0.00876438
33.0965,0.00875704
33.098,0.00874965
33.0995,0.00874222
33.101,0.00873474
33.1025,0.00872723
33.104,0.00871967
33.1055,0.00871209
33.107,0.00870447
33.1085,0.00869684
33.11,0.00868918
33.1115,0.00868152
33.113,0.00867384
33.1145,0.00866616
33.116,0.00865847
33.1175,0.00865079
33.119,0.00864311
33.1205,0.00863545
33.122,0.0086278
33.1235,0.00862017
33.125,0.00861256
33.1265,0.00860497
33.128,0.00859742
33.1295,0.0085899
33.131,0.00858241
33.1325,0.00858015
33.134,0.00857902
33.1355,0.00857781
33.137,0.00857652
33.1385,0.00857515
33.14,0.0085737
33.1415,0.00857217
33.143,0.00857281
33.1445,0.00857521
33.146,0.00857752
33.1475,0.00857975
33.149,0.0085819
33.1505,0.00858396
33.152,0.00858593
33.1535,0.00858781
33.155,0.0085896
33.1565,0.00859131
33.158,0.00859292
33.1595,0.00859443
33.161,0.00859585
33.1625,0.00859716
33.164,0.00859837
33.1655,0.00859949
33.167,0.0086005
33.1685,0.00860142
33.17,0.00860222
33.1715,0.00860292
33.173,0.00860352
33.1745,0.008604
33.176,0.00860437
33.1775,0.00860464
33.179,0.0086048
33.1805,0.00860487
33.182,0.00860483
33.1835,0.00860469
33.185,0.00860445
33.1865,0.00860411
33.188,0.00860366
33.1895,0.0086031
33.191,0.00860243
33.1925,0.00860165
33.194,0.00860076
33.1955,0.00859975
33.197,0.00859863
33.1985,0.00859738
33.2,0.00859602
33.2015,0.00859453
33.2029,0.00859293
33.2044,0.0085912
33.2059,0.00858934
33.2074,0.00858736
33.2089,0.00858525
33.2104,0.008583
33.2119,0.00858063
33.2134,0.00857811
33.2149,0.00857546
33.2164,0.00857268
33.2179,0.00856975
33.2194,0.00856668
33.2209,0.00856347
33.2224,0.00856012
33.2239,0.00855662
33.2254,0.00855298
33.2269,0.00854919
33.2284,0.00854525
33.2299,0.00854117
33.2314,0.00853693
33.2329,0.00853254
33.2344,0.008528
33.2359,0.0085233
33.2374,0.00851845
33.2389,0.00851344
33.2404,0.00850827
33.2419,0.00850294
33.2434,0.00849746
33.2449,0.00849181
33.2464,0.008486
33.2479,0.00848004
33.2494,0.00847391
33.2509,0.00846763
33.2524,0.00846119
33.2539,0.00845458
33.2554,0.00844781
33.2569,0.00844089
33.2584,0.00843381
33.2599,0.00842658
33.2614,0.0084192
33.2629,0.00841168
33.2644,0.008404
33.2659,0.00839977
33.2674,0.0083956
33.2689,0.00839141
33.2704,0.0083872
33.2719,0.00838297
33.2734,0.00837873
33.2749,0.00837447
33.2764,0.0083702
33.2779,0.00836592
33.2794,0.00836233
33.2809,0.00836055
33.2824,0.00835875
33.2839,0.00835694
33.2854,0.00835512
33.2869,0.0083533
33.2884,0.00835146
33.2899,0.00834961
33.2914,0.00834775
33.2929,0.00834588
33.2944,0.00834401
33.2959,0.00834213
33.2974,0.00834024
33.2989,0.00833835
33.3004,0.00833644
33.3019,0.00833454
33.3034,0.00833263
33.3049,0.00833071
33.3064,0.0083288
33.3079,0.00832688
33.3094,0.00832495
33.3109,0.00832303
33.3124,0.0083211
33.3139,0.00831917
33.3154,0.00831724
33.3169,0.00831531
33.3184,0.00831338
33.3199,0.00831145
33.3214,0.00830952
33.3229,0.00830759
33.3244,0.00830566
33.3259,0.00830373
33.3274,0.00830181
33.3289,0.0082999
33.3304,0.00829798
33.3319,0.00829606
33.3334,0.00829415
33.3349,0.00829224
33.3364,0.00829034
33.3379,0.00828844
33.3394,0.00828654
33.3409,0.00828464
33.3424,0.00828275
33.3439,0.00828086
33.3454,0.00827898
33.3469,0.0082771
33.3484,0.0082817
33.3499,0.00828895
33.3514,0.00829627
33.3529,0.00830362
33.3544,0.00831099
33.3559,0.00831837
33.3574,0.00832575
33.3589,0.00833311
33.3604,0.00834043
33.3619,0.0083477
33.3634,0.0083549
33.3649,0.00836203
33.3664,0.00836906
33.3679,0.00837598
33.3694,0.00838278
33.3709,0.00838944
33.3724,0.00839596
33.3739,0.00840231
33.3754,0.00840848
33.3769,0.00841445
33.3784,0.00842023
33.3799,0.00842579
33.3814,0.00843113
33.3829,0.00843623
33.3843,0.00844108
33.3858,0.00844567
33.3873,0.00844999
33.3888,0.00845402
33.3903,0.00845777
33.3918,0.00846121
33.3933,0.00846435
33.3948,0.00846716
33.3963,0.00846966
33.3978,0.00847183
33.3993,0.00847366
33.4008,0.00847516
33.4023,0.00847631
33.4038,0.00847711
33.4053,0.00847757
33.4068,0.00847766
33.4083,0.00847741
33.4098,0.00847679
33.4113,0.00847581
33.4128,0.00847446
33.4143,0.00847276
33.4158,0.00847069
33.4173,0.00846827
33.4188,0.00846549
33.4203,0.00846235
33.4218,0.00845885
33.4233,0.00845501
33.4248,0.00845082
33.4263,0.0084463
33.4278,0.00844144
33.4293,0.00843626
33.4308,0.00843076
33.4323,0.00842494
33.4338,0.00841882
33.4353,0.00841241
33.4368,0.00840571
33.4383,0.00839873
33.4398,0.00839148
33.4413,0.00838397
33.4428,0.00837621
33.4443,0.00836821
33.4458,0.00835998
33.4473,0.00835153
33.4488,0.00834286
33.4503,0.008334
33.4518,0.00832495
33.4533,0.00831573
33.4548,0.00830633
33.4563,0.00829678
33.4578,0.00828709
33.4593,0.00827726
33.4608,0.00826731
33.4623,0.00826308
33.4638,0.00826392
33.4653,0.00826468
33.4668,0.00826536
33.4683,0.00826596
33.4698,0.00826646
33.4713,0.00826688
33.4728,0.0082672
33.4743,0.00826741
33.4758,0.00826752
33.4773,0.00826752
33.4788,0.00826741
33.4803,0.00826717
33.4818,0.00826682
33.4833,0.00826635
33.4848,0.00826574
33.4863,0.00826501
33.4878,0.00826414
33.4893,0.00826314
33.4908,0.00826199
33.4923,0.00826071
33.4938,0.00825929
33.4953,0.00825772
33.4968,0.00825601
33.4983,0.00825415
33.4998,0.00825214
33.5013,0.00824998
33.5028,0.00825352
33.5043,0.00826036
33.5058,0.00826669
33.5073,0.00827249
33.5088,0.00827775
33.5103,0.00828247
33.5118,0.00828664
33.5133,0.00829027
33.5148,0.00829334
33.5163,0.00829585
33.5178,0.00829781
33.5193,0.00829921
33.5208,0.00830004
33.5223,0.00830032
33.5238,0.00830005
33.5253,0.00829931
33.5268,0.0082981
33.5283,0.00829643
33.5298,0.00829429
33.5313,0.00829169
33.5328,0.00828864
33.5343,0.00828513
33.5358,0.00828119
33.5373,0.0082768
33.5388,0.00827199
33.5403,0.00826675
33.5418,0.0082611
33.5433,0.00825505
33.5448,0.0082486
33.5463,0.00824178
33.5478,0.00823457
33.5493,0.00822701
33.5508,0.0082191
33.5523,0.00821086
33.5538,0.00820229
33.5553,0.00819342
33.5568,0.00818425
33.5583,0.0081748
33.5598,0.00816508
33.5613,0.00815512
33.5628,0.00814493
33.5643,0.00813452
33.5658,0.00812419
33.5672,0.00811406
33.5687,0.00810412
33.5702,0.00809437
33.5717,0.00808481
33.5732,0.00807545
33.5747,0.00807072
33.5762,0.00809007
33.5777,0.00810904
33.5792,0.00812762
33.5807,0.00814579
33.5822,0.00816355
33.5837,0.00818087
33.5852,0.00819775
33.5867,0.00821417
33.5882,0.00823013
33.5897,0.00824562
33.5912,0.00826062
33.5927,0.00827514
33.5942,0.00828916
33.5957,0.00830266
33.5972,0.00831564
33.5987,0.00832808
33.6002,0.00833999
33.6017,0.00835134
