time,average_density
0.0015,1.08422
0.003,1.08422
0.0045,1.08422
0.006,1.08422
0.0075,1.08422
0.009,1.08422
0.0105,1.08422
0.012,1.08422
0.0135,1.08422
0.015,1.08421
0.0165,1.08421
0.018,1.08421
0.0195,1.08421
0.021,1.08421
0.0225,1.08421
0.024,1.08421
0.0255,1.0842
0.027,1.0842
0.0285,1.0842
0.03,1.0842
0.0315,1.0842
0.033,1.0842
0.0345,1.0842
0.036,1.08419
0.0375,1.08419
0.039,1.08419
0.0405,1.08419
0.042,1.08419
0.0435,1.08419
0.045,1.08418
0.0465,1.08418
0.048,1.08418
0.0495,1.08417
0.051,1.08417
0.0525,1.08417
0.054,1.08417
0.0555,1.08417
0.057,1.08417
0.0585,1.08416
0.06,1.08416
0.0615,1.08415
0.063,1.08415
0.0645,1.08415
0.066,1.08415
0.0675,1.08415
0.069,1.08414
0.0705,1.08414
0.072,1.08413
0.0735,1.08413
0.075,1.08412
0.0765,1.08412
0.078,1.08412
0.0795,1.08412
0.081,1.08411
0.0825,1.08411
0.084,1.08411
0.0855,1.0841
0.087,1.0841
0.0885,1.08409
0.09,1.08409
0.0915,1.08409
0.093,1.08409
0.0945,1.08409
0.0960001,1.08408
0.0975001,1.08408
0.0990001,1.08407
0.1005,1.08407
0.102,1.08406
0.1035,1.08406
0.105,1.08406
0.1065,1.08406
0.108,1.08405
0.1095,1.08405
0.111,1.08405
0.1125,1.08405
0.114,1.08404
0.1155,1.08403
0.117,1.08403
0.1185,1.08403
0.12,1.08403
0.1215,1.08402
0.123,1.08402
0.1245,1.08402
0.126,1.08401
0.1275,1.08401
0.129,1.08401
0.1305,1.084
0.132,1.084
0.1335,1.08399
0.135,1.08399
0.1365,1.08398
0.138,1.08398
0.1395,1.08398
0.141,1.08397
0.1425,1.08397
0.144,1.08397
0.1455,1.08396
0.147,1.08396
0.1485,1.08396
0.15,1.08396
0.1515,1.08395
0.153,1.08395
0.1545,1.08395
0.156,1.08394
0.1575,1.08394
0.159,1.08394
0.1605,1.08394
0.162,1.08393
0.1635,1.08393
0.165,1.08392
0.1665,1.08392
0.168,1.08392
0.1695,1.08391
0.171,1.08391
0.1725,1.08391
0.174,1.0839
0.1755,1.0839
0.177,1.0839
0.1785,1.08389
0.18,1.08389
0.1815,1.08389
0.183,1.08388
0.1845,1.08388
0.186,1.08388
0.1875,1.08387
0.189,1.08387
0.1905,1.08387
0.192,1.08387
0.1935,1.08386
0.195,1.08386
0.1965,1.08386
0.198,1.08385
0.1995,1.08385
0.201,1.08385
0.2025,1.08384
0.204,1.08384
0.2055,1.08384
0.207,1.08384
0.2085,1.08384
0.21,1.08384
0.2115,1.08383
0.213,1.08383
0.2145,1.08383
0.216,1.08382
0.2175,1.08382
0.219,1.08382
0.2205,1.08381
0.222,1.08381
0.2235,1.08381
0.225,1.08381
0.2265,1.0838
0.228,1.0838
0.2295,1.0838
0.231,1.0838
0.2325,1.0838
0.234,1.0838
0.2355,1.08379
0.237,1.08379
0.2385,1.08379
0.24,1.08378
0.2415,1.08378
0.243,1.08378
0.2445,1.08378
0.246,1.08378
0.2475,1.08377
0.249,1.08377
0.2505,1.08377
0.252,1.08377
0.2535,1.08377
0.255,1.08376
0.2565,1.08376
0.258,1.08376
0.2595,1.08376
0.261,1.08376
0.2625,1.08376
0.264,1.08375
0.2655,1.08375
0.267,1.08375
0.2685,1.08375
0.27,1.08374
0.2715,1.08374
0.273,1.08374
0.2745,1.08374
0.276,1.08374
0.2775,1.08374
0.279,1.08374
0.2805,1.08373
0.282,1.08373
0.2835,1.08373
0.285,1.08373
0.2865,1.08373
0.288,1.08373
0.2895,1.08372
0.291,1.08372
0.2925,1.08372
0.294,1.08372
0.2955,1.08372
0.297,1.08372
0.2985,1.08371
0.3,1.08371
0.3015,1.08371
0.303,1.08371
0.3045,1.08371
0.306,1.08371
0.3075,1.08371
0.309,1.08371
0.3105,1.08371
0.312,1.0837
0.3135,1.0837
0.315,1.0837
0.3165,1.0837
0.318,1.0837
0.3195,1.0837
0.321,1.0837
0.3225,1.0837
0.324,1.0837
0.3255,1.0837
0.327,1.0837
0.3285,1.08369
0.33,1.08369
0.3315,1.08369
0.333,1.08369
0.3345,1.08369
0.336,1.08369
0.3375,1.08369
0.339,1.08369
0.3405,1.08369
0.342,1.08369
0.3435,1.08369
0.345,1.08369
0.3465,1.08369
0.348,1.08369
0.3495,1.08369
0.351,1.08369
0.3525,1.08369
0.354,1.08369
0.3555,1.08369
0.357,1.08369
0.358501,1.08369
0.360001,1.08369
0.361501,1.08369
0.363001,1.08369
0.364501,1.08369
0.366001,1.08369
0.367501,1.08369
0.369001,1.08369
0.370501,1.08369
0.372001,1.08369
0.373501,1.08369
0.375001,1.08369
0.376501,1.0837
0.378001,1.0837
0.379501,1.08369
0.381001,1.0837
0.382501,1.0837
0.384001,1.0837
0.385501,1.0837
0.387001,1.0837
0.388501,1.0837
0.390001,1.0837
0.391501,1.0837
0.393001,1.08371
0.394501,1.08371
0.396001,1.08371
0.397501,1.08371
0.399001,1.08371
0.400501,1.08371
0.402001,1.08371
0.403501,1.08371
0.405001,1.08372
0.406501,1.08372
0.408001,1.08372
0.409501,1.08372
0.411001,1.08372
0.412501,1.08373
0.414001,1.08373
0.415501,1.08373
0.417001,1.08373
0.418501,1.08373
0.420001,1.08374
0.421501,1.08374
0.423001,1.08374
0.424501,1.08374
0.426001,1.08374
0.427501,1.08374
0.429001,1.08375
0.430501,1.08375
0.432001,1.08375
0.433501,1.08376
0.435001,1.08376
0.436501,1.08376
0.438001,1.08377
0.439501,1.08377
0.441001,1.08377
0.442501,1.08377
0.444001,1.08378
0.445501,1.08378
0.447001,1.08378
0.448501,1.08379
0.450001,1.08379
0.451501,1.08379
0.453001,1.0838
0.454501,1.0838
0.456001,1.0838
0.457501,1.08381
0.459001,1.08381
0.460501,1.08382
0.462001,1.08382
0.463501,1.08382
0.465001,1.08383
0.466501,1.08383
0.468001,1.08384
0.469501,1.08384
0.471001,1.08385
0.472501,1.08385
0.474001,1.08385
0.475501,1.08386
0.477001,1.08386
0.478501,1.08387
0.480001,1.08387
0.481501,1.08388
0.483001,1.08388
0.484501,1.08389
0.486001,1.0839
0.487501,1.0839
0.489001,1.08391
0.490501,1.08391
0.492001,1.08392
0.493501,1.08392
0.495001,1.08393
0.496501,1.08393
0.498001,1.08394
0.499501,1.08395
0.501001,1.08395
0.502501,1.08396
0.504001,1.08396
0.505502,1.08397
0.507002,1.08398
0.508502,1.08399
0.510002,1.08399
0.511502,1.084
0.513002,1.084
0.514502,1.08401
0.516002,1.08402
0.517502,1.08402
0.519002,1.08403
0.520502,1.08404
0.522002,1.08405
0.523502,1.08406
0.525002,1.08406
0.526502,1.08407
0.528002,1.08408
0.529502,1.08409
0.531002,1.08409
0.532502,1.0841
0.534002,1.08411
0.535502,1.08412
0.537002,1.08413
0.538502,1.08413
0.540002,1.08414
0.541502,1.08415
0.543002,1.08416
0.544502,1.08417
0.546002,1.08418
0.547502,1.08419
0.549002,1.0842
0.550502,1.08421
0.552002,1.08422
0.553502,1.08423
0.555002,1.08424
0.556502,1.08425
0.558002,1.08426
0.559502,1.08427
0.561002,1.08428
0.562502,1.08429
0.564002,1.0843
0.565502,1.08431
0.567002,1.08432
0.568502,1.08433
0.570002,1.08434
0.571502,1.08435
0.573002,1.08436
0.574502,1.08437
0.576002,1.08438
0.577502,1.0844
0.579002,1.08441
0.580502,1.08442
0.582002,1.08443
0.583502,1.08444
0.585002,1.08446
0.586502,1.08447
0.588002,1.08448
0.589502,1.08449
0.591002,1.08451
0.592502,1.08452
0.594002,1.08453
0.595502,1.08455
0.597002,1.08456
0.598502,1.08457
0.600002,1.08459
0.601502,1.0846
0.603002,1.08461
0.604502,1.08463
0.606002,1.08464
0.607502,1.08466
0.609002,1.08467
0.610502,1.08469
0.612002,1.0847
0.613502,1.08472
0.615002,1.08473
0.616502,1.08475
0.618002,1.08476
0.619502,1.08478
0.621002,1.08479
0.622502,1.08481
0.624002,1.08483
0.625502,1.08484
0.627002,1.08486
0.628502,1.08487
0.630002,1.08489
0.631502,1.08491
0.633002,1.08493
0.634502,1.08494
0.636002,1.08496
0.637502,1.08498
0.639002,1.085
0.640502,1.08501
0.642002,1.08503
0.643502,1.08505
0.645002,1.08507
0.646502,1.08509
0.648003,1.08511
0.649503,1.08513
0.651003,1.08514
0.652503,1.08516
0.654003,1.08518
0.655503,1.0852
0.657003,1.08522
0.658503,1.08524
0.660003,1.08526
0.661503,1.08528
0.663003,1.0853
0.664503,1.08533
0.666003,1.08535
0.667503,1.08537
0.669003,1.08539
0.670503,1.08541
0.672003,1.08543
0.673503,1.08545
0.675003,1.08548
0.676503,1.0855
0.678003,1.08552
0.679503,1.08554
0.681003,1.08557
0.682503,1.08559
0.684003,1.08561
0.685503,1.08564
0.687003,1.08566
0.688503,1.08569
0.690003,1.08571
0.691503,1.08573
0.693003,1.08576
0.694503,1.08578
0.696003,1.08581
0.697503,1.08583
0.699003,1.08586
0.700503,1.08588
0.702003,1.08591
0.703503,1.08593
0.705003,1.08596
0.706503,1.08599
0.708003,1.08601
0.709503,1.08604
0.711003,1.08607
0.712503,1.0861
0.714003,1.08612
0.715503,1.08615
0.717003,1.08618
0.718503,1.08621
0.720003,1.08623
0.721503,1.08626
0.723003,1.08629
0.724503,1.08632
0.726003,1.08635
0.727503,1.08638
0.729003,1.08641
0.730503,1.08644
0.732003,1.08647
0.733503,1.0865
0.735003,1.08653
0.736503,1.08656
0.738003,1.08659
0.739503,1.08662
0.741003,1.08666
0.742503,1.08669
0.744003,1.08672
0.745503,1.08675
0.747003,1.08679
0.748503,1.08682
0.750003,1.08685
0.751503,1.08688
0.753003,1.08692
0.754503,1.08695
0.756003,1.08698
0.757503,1.08702
0.759003,1.08705
0.760503,1.08709
0.762003,1.08712
0.763503,1.08716
0.765003,1.08719
0.766503,1.08723
0.768003,1.08727
0.769503,1.0873
0.771003,1.08734
0.772503,1.08737
0.774003,1.08741
0.775503,1.08745
0.777003,1.08749
0.778503,1.08753
0.780003,1.08756
0.781503,1.0876
0.783003,1.08764
0.784503,1.08768
0.786003,1.08772
0.787503,1.08776
0.789003,1.0878
0.790504,1.08784
0.792004,1.08789
0.793504,1.08793
0.795004,1.08797
0.796504,1.08801
0.798004,1.08806
0.799504,1.0881
0.801004,1.08815
0.802504,1.08819
0.804004,1.08824
0.805504,1.08829
0.807004,1.08833
0.808504,1.08838
0.810004,1.08843
0.811504,1.08848
0.813004,1.08853
0.814504,1.08858
0.816004,1.08863
0.817504,1.08868
0.819004,1.08873
0.820504,1.08878
0.822004,1.08884
0.823504,1.08889
0.825004,1.08894
0.826504,1.089
0.828004,1.08906
0.829504,1.08911
0.831004,1.08917
0.832504,1.08923
0.834004,1.08929
0.835504,1.08935
0.837004,1.08941
0.838504,1.08947
0.840004,1.08953
0.841504,1.08959
0.843004,1.08965
0.844504,1.08972
0.846004,1.08978
0.847504,1.08985
0.849004,1.08991
0.850504,1.08998
0.852004,1.09005
0.853504,1.09011
0.855004,1.09018
0.856504,1.09025
0.858004,1.09032
0.859504,1.09039
0.861004,1.09046
0.862504,1.09054
0.864004,1.09061
0.865504,1.09068
0.867004,1.09076
0.868504,1.09083
0.870004,1.09091
0.871504,1.09099
0.873004,1.09106
0.874504,1.09114
0.876004,1.09122
0.877504,1.0913
0.879004,1.09138
0.880504,1.09146
0.882004,1.09154
0.883504,1.09162
0.885004,1.0917
0.886504,1.09179
0.888004,1.09187
0.889504,1.09195
0.891004,1.09204
0.892504,1.09213
0.894004,1.09221
0.895504,1.0923
0.897004,1.09238
0.898504,1.09247
0.900004,1.09256
0.901504,1.09265
0.903004,1.09273
0.904504,1.09282
0.906004,1.09291
0.907504,1.093
0.909004,1.09309
0.910504,1.09318
0.912004,1.09327
0.913504,1.09336
0.915004,1.09346
0.916504,1.09355
0.918004,1.09364
0.919504,1.09373
0.921004,1.09382
0.922504,1.09392
0.924004,1.09401
0.925504,1.0941
0.927004,1.09419
0.928504,1.09429
0.930004,1.09438
0.931504,1.09447
0.933004,1.09457
0.934505,1.09466
0.936005,1.09475
0.937505,1.09485
0.939005,1.09494
0.940505,1.09504
0.942005,1.09513
0.943505,1.09522
0.945005,1.09532
0.946505,1.09541
0.948005,1.0955
0.949505,1.0956
0.951005,1.09569
0.952505,1.09578
0.954005,1.09588
0.955505,1.09597
0.957005,1.09606
0.958505,1.09616
0.960005,1.09625
0.961505,1.09634
0.963005,1.09644
0.964505,1.09653
0.966005,1.09662
0.967505,1.09672
0.969005,1.09681
0.970505,1.0969
0.972005,1.09699
0.973505,1.09708
0.975005,1.09717
0.976505,1.09727
0.978005,1.09736
0.979505,1.09745
0.981005,1.09754
0.982505,1.09763
0.984005,1.09772
0.985505,1.09781
0.987005,1.0979
0.988505,1.09799
0.990005,1.09808
0.991505,1.09817
0.993005,1.09826
0.994505,1.09835
0.996005,1.09844
0.997505,1.09853
0.999005,1.09862
1.0005,1.09871
1.002,1.0988
1.0035,1.09889
1.00501,1.09897
1.00651,1.09906
1.00801,1.09915
1.00951,1.09924
1.01101,1.09933
1.01251,1.09942
1.01401,1.0995
1.01551,1.09959
1.01701,1.09968
1.01851,1.09977
1.02001,1.09985
1.02151,1.09994
1.02301,1.10003
1.02451,1.10011
1.02601,1.1002
1.02751,1.10029
1.02901,1.10037
1.03051,1.10046
1.03201,1.10055
1.03351,1.10063
1.03501,1.10072
1.03651,1.1008
1.03801,1.10089
1.03951,1.10098
1.04101,1.10106
1.04251,1.10115
1.04401,1.10123
1.04551,1.10132
1.04701,1.1014
1.04851,1.10149
1.05001,1.10157
1.05151,1.10166
1.05301,1.10175
1.05451,1.10183
1.05601,1.10192
1.05751,1.102
1.05901,1.10209
1.06051,1.10217
1.06201,1.10226
1.06351,1.10234
1.06501,1.10243
1.06651,1.10251
1.06801,1.1026
1.06951,1.10268
1.07101,1.10277
1.07251,1.10285
1.07401,1.10294
1.07551,1.10302
1.07701,1.10311
1.07851,1.10319
1.08001,1.10328
1.08151,1.10337
1.08301,1.10345
1.08451,1.10354
1.08601,1.10362
1.08751,1.10371
1.08901,1.10379
1.09051,1.10388
1.09201,1.10396
1.09351,1.10405
1.09501,1.10413
1.09651,1.10422
1.09801,1.1043
1.09951,1.10439
1.10101,1.10448
1.10251,1.10456
1.10401,1.10465
1.10551,1.10473
1.10701,1.10482
1.10851,1.10491
1.11001,1.10499
1.11151,1.10508
1.11301,1.10516
1.11451,1.10525
1.11601,1.10534
1.11751,1.10542
1.11901,1.10551
1.12051,1.1056
1.12201,1.10568
1.12351,1.10577
1.12501,1.10586
1.12651,1.10594
1.12801,1.10603
1.12951,1.10612
1.13101,1.1062
1.13251,1.10629
1.13401,1.10638
1.13551,1.10647
1.13701,1.10655
1.13851,1.10664
1.14001,1.10673
1.14151,1.10682
1.14301,1.1069
1.14451,1.10699
1.14601,1.10708
1.14751,1.10717
1.14901,1.10725
1.15051,1.10734
1.15201,1.10743
1.15351,1.10752
1.15501,1.10761
1.15651,1.10769
1.15801,1.10778
1.15951,1.10787
1.16101,1.10796
1.16251,1.10805
1.16401,1.10814
1.16551,1.10823
1.16701,1.10832
1.16851,1.1084
1.17001,1.10849
1.17151,1.10858
1.17301,1.10867
1.17451,1.10876
1.17601,1.10885
1.17751,1.10894
1.17901,1.10903
1.18051,1.10912
1.18201,1.10921
1.18351,1.1093
1.18501,1.10939
1.18651,1.10948
1.18801,1.10957
1.18951,1.10966
1.19101,1.10975
1.19251,1.10984
1.19401,1.10993
1.19551,1.11002
1.19701,1.11011
1.19851,1.1102
1.20001,1.11029
1.20151,1.11038
1.20301,1.11047
1.20451,1.11056
1.20601,1.11065
1.20751,1.11075
1.20901,1.11084
1.21051,1.11093
1.21201,1.11102
1.21351,1.11111
1.21501,1.1112
1.21651,1.11129
1.21801,1.11138
1.21951,1.11148
1.22101,1.11157
1.22251,1.11166
1.22401,1.11175
1.22551,1.11184
1.22701,1.11194
1.22851,1.11203
1.23001,1.11212
1.23151,1.11221
1.23301,1.11231
1.23451,1.1124
1.23601,1.11249
1.23751,1.11258
1.23901,1.11268
1.24051,1.11277
1.24201,1.11286
1.24351,1.11295
1.24501,1.11305
1.24651,1.11314
1.24801,1.11323
1.24951,1.11333
1.25101,1.11342
1.25251,1.11351
1.25401,1.11361
1.25551,1.1137
1.25701,1.1138
1.25851,1.11389
1.26001,1.11398
1.26151,1.11408
1.26301,1.11417
1.26451,1.11426
1.26601,1.11436
1.26751,1.11445
1.26901,1.11454
1.27051,1.11464
1.27201,1.11473
1.27351,1.11483
1.27501,1.11492
1.27651,1.11502
1.27801,1.11511
1.27951,1.11521
1.28101,1.1153
1.28251,1.11539
1.28401,1.11549
1.28551,1.11558
1.28701,1.11568
1.28851,1.11577
1.29001,1.11587
1.29151,1.11596
1.29301,1.11605
1.29451,1.11615
1.29601,1.11624
1.29751,1.11634
1.29901,1.11643
1.30051,1.11653
1.30201,1.11662
1.30351,1.11672
1.30501,1.11681
1.30651,1.1169
1.30801,1.117
1.30951,1.11709
1.31101,1.11719
1.31251,1.11728
1.31401,1.11737
1.31551,1.11747
1.31701,1.11756
1.31851,1.11766
1.32001,1.11775
1.32151,1.11784
1.32301,1.11794
1.32451,1.11803
1.32601,1.11813
1.32751,1.11822
1.32901,1.11832
1.33051,1.11841
1.33201,1.1185
1.33351,1.1186
1.33501,1.11869
1.33651,1.11879
1.33801,1.11888
1.33951,1.11898
1.34101,1.11907
1.34251,1.11916
1.34401,1.11926
1.34551,1.11935
1.34701,1.11944
1.34851,1.11954
1.35001,1.11963
1.35151,1.11972
1.35301,1.11982
1.35451,1.11991
1.35601,1.12001
1.35751,1.1201
1.35901,1.12019
1.36051,1.12029
1.36201,1.12038
1.36351,1.12048
1.36501,1.12057
1.36651,1.12067
1.36801,1.12076
1.36951,1.12085
1.37101,1.12095
1.37251,1.12104
1.37401,1.12113
1.37551,1.12123
1.37701,1.12132
1.37851,1.12142
1.38001,1.12151
1.38151,1.1216
1.38301,1.1217
1.38451,1.12179
1.38601,1.12189
1.38751,1.12198
1.38901,1.12207
1.39051,1.12217
1.39201,1.12226
1.39351,1.12236
1.39501,1.12245
1.39651,1.12254
1.39801,1.12264
1.39951,1.12273
1.40101,1.12283
1.40251,1.12292
1.40401,1.12301
1.40551,1.12311
1.40701,1.1232
1.40851,1.1233
1.41001,1.12339
1.41151,1.12349
1.41301,1.12358
1.41451,1.12367
1.41601,1.12377
1.41751,1.12386
1.41901,1.12396
1.42051,1.12405
1.42201,1.12415
1.42351,1.12424
1.42501,1.12433
1.42651,1.12443
1.42801,1.12452
1.42951,1.12462
1.43101,1.12471
1.43251,1.12481
1.43401,1.1249
1.43551,1.125
1.43701,1.12509
1.43851,1.12519
1.44001,1.12528
1.44151,1.12537
1.44301,1.12547
1.44451,1.12556
1.44601,1.12566
1.44751,1.12576
1.44901,1.12585
1.45051,1.12594
1.45201,1.12604
1.45351,1.12613
1.45501,1.12623
1.45651,1.12632
1.45801,1.12642
1.45951,1.12652
1.46101,1.12661
1.46251,1.12671
1.46401,1.1268
1.46551,1.1269
1.46701,1.12699
1.46851,1.12709
1.47001,1.12718
1.47151,1.12728
1.47301,1.12738
1.47451,1.12747
1.47601,1.12757
1.47751,1.12766
1.47901,1.12776
1.48051,1.12785
1.48201,1.12795
1.48351,1.12805
1.48501,1.12814
1.48651,1.12824
1.48801,1.12833
1.48951,1.12843
1.49101,1.12853
1.49251,1.12862
1.49401,1.12872
1.49551,1.12881
1.49701,1.12891
1.49851,1.12901
1.50001,1.1291
1.50151,1.1292
1.50301,1.1293
1.50451,1.12939
1.50601,1.12949
1.50751,1.12959
1.50901,1.12968
1.51051,1.12978
1.51201,1.12988
1.51351,1.12997
1.51501,1.13007
1.51651,1.13017
1.51801,1.13026
1.51951,1.13036
1.52101,1.13046
1.52251,1.13055
1.52401,1.13065
1.52551,1.13075
1.52701,1.13085
1.52851,1.13094
1.53001,1.13104
1.53151,1.13114
1.53301,1.13124
1.53451,1.13133
1.53601,1.13143
1.53751,1.13153
1.53901,1.13162
1.54051,1.13172
1.54201,1.13182
1.54351,1.13192
1.54501,1.13201
1.54651,1.13211
1.54801,1.13221
1.54951,1.13231
1.55101,1.1324
1.55251,1.1325
1.55401,1.1326
1.55551,1.1327
1.55701,1.1328
1.55851,1.13289
1.56001,1.13299
1.56151,1.13309
1.56301,1.13319
1.56451,1.13329
1.56601,1.13338
1.56751,1.13348
1.56901,1.13358
1.57051,1.13368
1.57201,1.13378
1.57351,1.13387
1.57501,1.13397
1.57651,1.13407
1.57801,1.13417
1.57951,1.13427
1.58101,1.13437
1.58251,1.13446
1.58401,1.13456
1.58551,1.13466
1.58701,1.13476
1.58851,1.13486
1.59001,1.13496
1.59151,1.13506
1.59301,1.13515
1.59451,1.13525
1.59601,1.13535
1.59751,1.13545
1.59901,1.13555
1.60051,1.13565
1.60201,1.13575
1.60351,1.13584
1.60501,1.13594
1.60651,1.13604
1.60801,1.13614
1.60951,1.13624
1.61101,1.13634
1.61251,1.13644
1.61401,1.13654
1.61551,1.13663
1.61701,1.13673
1.61851,1.13683
1.62001,1.13693
1.62151,1.13703
1.62301,1.13713
1.62451,1.13723
1.62601,1.13733
1.62751,1.13742
1.62901,1.13752
1.63051,1.13762
1.63201,1.13772
1.63351,1.13782
1.63501,1.13792
1.63651,1.13802
1.63801,1.13812
1.63951,1.13822
1.64101,1.13832
1.64251,1.13842
1.64401,1.13852
1.64551,1.13862
1.64701,1.13871
1.64851,1.13881
1.65001,1.13891
1.65151,1.13901
1.65301,1.13911
1.65451,1.13921
1.65601,1.13931
1.65751,1.13941
1.65901,1.13951
1.66051,1.13961
1.66201,1.13971
1.66351,1.13981
1.66501,1.13991
1.66651,1.14
1.66801,1.1401
1.66951,1.1402
1.67101,1.1403
1.67251,1.1404
1.67401,1.1405
1.67551,1.1406
1.67701,1.1407
1.67851,1.1408
1.68001,1.1409
1.68151,1.141
1.68301,1.1411
1.68451,1.1412
1.68601,1.1413
1.68751,1.1414
1.68901,1.1415
1.69051,1.1416
1.69201,1.1417
1.69351,1.1418
1.69501,1.1419
1.69651,1.142
1.69801,1.1421
1.69951,1.1422
1.70101,1.1423
1.70251,1.1424
1.70401,1.1425
1.70551,1.1426
1.70701,1.1427
1.70851,1.1428
1.71001,1.1429
1.71151,1.143
1.71301,1.1431
1.71451,1.1432
1.71601,1.1433
1.71751,1.1434
1.71901,1.1435
1.72051,1.1436
1.72201,1.14371
1.72351,1.14381
1.72501,1.14391
1.72651,1.14401
1.72801,1.14411
1.72951,1.14421
1.73101,1.14431
1.73251,1.14441
1.73401,1.14451
1.73551,1.14461
1.73701,1.14471
1.73851,1.14482
1.74001,1.14492
1.74151,1.14502
1.74301,1.14512
1.74451,1.14522
1.74601,1.14532
1.74751,1.14543
1.74901,1.14553
1.75051,1.14563
1.75201,1.14573
1.75351,1.14583
1.75501,1.14593
1.75651,1.14604
1.75801,1.14614
1.75951,1.14624
1.76101,1.14634
1.76251,1.14644
1.76401,1.14655
1.76551,1.14665
1.76701,1.14675
1.76851,1.14685
1.77001,1.14696
1.77151,1.14706
1.77301,1.14716
1.77451,1.14727
1.77601,1.14737
1.77751,1.14747
1.77901,1.14757
1.78051,1.14768
1.78201,1.14778
1.78351,1.14788
1.78501,1.14799
1.78651,1.14809
1.78801,1.14819
1.78951,1.1483
1.79101,1.1484
1.79251,1.14851
1.79401,1.14861
1.79551,1.14871
1.79701,1.14882
1.79851,1.14892
1.80001,1.14903
1.80151,1.14913
1.80301,1.14923
1.80451,1.14934
1.80601,1.14944
1.80751,1.14955
1.80901,1.14965
1.81051,1.14975
1.81201,1.14986
1.81351,1.14997
1.81501,1.15007
1.81651,1.15018
1.81801,1.15028
1.81951,1.15039
1.82101,1.15049
1.82251,1.1506
1.82401,1.1507
1.82551,1.15081
1.82701,1.15091
1.82851,1.15102
1.83001,1.15112
1.83151,1.15123
1.83301,1.15134
1.83451,1.15144
1.83601,1.15155
1.83751,1.15165
1.83901,1.15176
1.84051,1.15187
1.84201,1.15197
1.84351,1.15208
1.84501,1.15219
1.84651,1.15229
1.84801,1.1524
1.84951,1.1525
1.85101,1.15261
1.85251,1.15272
1.85401,1.15283
1.85551,1.15293
1.85701,1.15304
1.85851,1.15314
1.86001,1.15325
1.86151,1.15336
1.86301,1.15346
1.86451,1.15357
1.86601,1.15368
1.86751,1.15379
1.86901,1.15389
1.87051,1.154
1.87201,1.15411
1.87351,1.15421
1.87501,1.15432
1.87651,1.15443
1.87801,1.15454
1.87951,1.15465
1.88101,1.15475
1.88251,1.15486
1.88401,1.15497
1.88551,1.15507
1.88701,1.15518
1.88851,1.15529
1.89001,1.1554
1.89151,1.1555
1.89301,1.15561
1.89451,1.15572
1.89601,1.15583
1.89751,1.15593
1.89901,1.15604
1.90051,1.15615
1.90201,1.15626
1.90351,1.15636
1.90501,1.15647
1.90651,1.15658
1.90801,1.15668
1.90951,1.15679
1.91101,1.1569
1.91251,1.15701
1.91401,1.15711
1.91551,1.15722
1.91701,1.15733
1.91851,1.15744
1.92001,1.15754
1.92151,1.15765
1.92301,1.15776
1.92451,1.15787
1.92601,1.15797
1.92751,1.15808
1.92901,1.15819
1.93051,1.15829
1.93201,1.1584
1.93351,1.15851
1.93501,1.15862
1.93651,1.15872
1.93801,1.15883
1.93951,1.15894
1.94101,1.15905
1.94251,1.15915
1.94401,1.15926
1.94551,1.15937
1.94701,1.15947
1.94851,1.15958
1.95001,1.15969
1.95151,1.15979
1.95301,1.1599
1.95451,1.16001
1.95601,1.16012
1.95751,1.16022
1.95901,1.16033
1.96051,1.16044
1.96201,1.16054
1.96351,1.16065
1.96501,1.16076
1.96651,1.16086
1.96801,1.16097
1.96951,1.16108
1.97101,1.16119
1.97251,1.16129
1.97401,1.1614
1.97551,1.16151
1.97701,1.16161
1.97851,1.16172
1.98001,1.16183
1.98151,1.16194
1.98301,1.16204
1.98451,1.16215
1.98601,1.16225
1.98751,1.16236
1.98901,1.16247
1.99051,1.16257
1.99201,1.16268
1.99351,1.16279
1.99501,1.16289
1.99651,1.163
1.99801,1.16311
1.99951,1.16321
2.00101,1.16332
2.00251,1.16342
2.00401,1.16353
2.00551,1.16364
2.00701,1.16374
2.00851,1.16385
2.01001,1.16395
2.01151,1.16406
2.01301,1.16417
2.01451,1.16427
2.01601,1.16438
2.01751,1.16448
2.01901,1.16458
2.02051,1.16469
2.02201,1.1648
2.02351,1.1649
2.02501,1.165
2.02651,1.16511
2.02801,1.16521
2.02951,1.16532
2.03101,1.16542
2.03251,1.16552
2.03401,1.16563
2.03551,1.16573
2.03701,1.16583
2.03851,1.16594
2.04001,1.16604
2.04151,1.16614
2.04301,1.16624
2.04451,1.16635
2.04601,1.16645
2.04751,1.16655
2.04901,1.16665
2.05051,1.16675
2.05201,1.16685
2.05351,1.16695
2.05501,1.16705
2.05651,1.16715
2.05801,1.16725
2.05951,1.16735
2.06101,1.16745
2.06251,1.16755
2.06401,1.16764
2.06551,1.16774
2.06701,1.16784
2.06851,1.16794
2.07001,1.16803
2.07151,1.16813
2.07301,1.16822
2.07451,1.16832
2.07601,1.16841
2.07751,1.16851
2.07901,1.1686
2.08051,1.16869
2.08201,1.16879
2.08351,1.16888
2.08501,1.16897
2.08651,1.16906
2.08801,1.16915
2.08951,1.16924
2.09101,1.16933
2.09251,1.16942
2.09401,1.16951
2.0955,1.16959
2.097,1.16968
2.0985,1.16977
2.1,1.16985
2.1015,1.16993
2.103,1.17002
2.1045,1.1701
2.106,1.17019
2.1075,1.17027
2.109,1.17035
2.1105,1.17043
2.112,1.17051
2.1135,1.17059
2.115,1.17066
2.1165,1.17074
2.118,1.17081
2.1195,1.17089
2.121,1.17096
2.1225,1.17104
2.124,1.17111
2.1255,1.17118
2.127,1.17125
2.1285,1.17132
2.13,1.17138
2.1315,1.17145
2.133,1.17152
2.1345,1.17158
2.136,1.17165
2.1375,1.17171
2.139,1.17177
2.1405,1.17183
2.142,1.17189
2.1435,1.17195
2.145,1.172
2.1465,1.17206
2.148,1.17212
2.1495,1.17217
2.151,1.17222
2.1525,1.17227
2.154,1.17233
2.1555,1.17237
2.157,1.17242
2.1585,1.17247
2.16,1.17251
2.1615,1.17256
2.163,1.1726
2.1645,1.17264
2.166,1.17268
2.1675,1.17272
2.169,1.17276
2.1705,1.17279
2.172,1.17283
2.1735,1.17286
2.175,1.1729
2.1765,1.17293
2.178,1.17296
2.1795,1.17299
2.181,1.17302
2.1825,1.17305
2.184,1.17307
2.1855,1.1731
2.187,1.17312
2.1885,1.17314
2.19,1.17316
2.1915,1.17319
2.193,1.1732
2.1945,1.17322
2.196,1.17324
2.1975,1.17325
2.199,1.17327
2.2005,1.17328
2.202,1.1733
2.2035,1.17331
2.205,1.17332
2.2065,1.17333
2.208,1.17334
2.2095,1.17334
2.211,1.17335
2.2125,1.17335
2.214,1.17336
2.2155,1.17337
2.217,1.17337
2.2185,1.17337
2.22,1.17337
2.2215,1.17337
2.223,1.17337
2.2245,1.17337
2.226,1.17337
2.2275,1.17336
2.229,1.17336
2.2305,1.17336
2.232,1.17335
2.23349,1.17334
2.23499,1.17334
2.23649,1.17333
2.23799,1.17332
2.23949,1.17331
2.24099,1.17331
2.24249,1.1733
2.24399,1.17329
2.24549,1.17328
2.24699,1.17327
2.24849,1.17325
2.24999,1.17324
2.25149,1.17323
2.25299,1.17322
2.25449,1.1732
2.25599,1.17319
2.25749,1.17318
2.25899,1.17316
2.26049,1.17315
2.26199,1.17313
2.26349,1.17312
2.26499,1.1731
2.26649,1.17309
2.26799,1.17307
2.26949,1.17306
2.27099,1.17304
2.27249,1.17303
2.27399,1.17301
2.27549,1.17299
2.27699,1.17298
2.27849,1.17296
2.27999,1.17295
2.28149,1.17293
2.28299,1.17292
2.28449,1.1729
2.28599,1.17288
2.28749,1.17287
2.28899,1.17285
2.29049,1.17284
2.29199,1.17283
2.29349,1.17281
2.29499,1.17279
2.29649,1.17278
2.29799,1.17277
2.29949,1.17275
2.30099,1.17274
2.30249,1.17272
2.30399,1.17271
2.30549,1.1727
2.30699,1.17268
2.30849,1.17267
2.30999,1.17266
2.31149,1.17264
2.31299,1.17263
2.31449,1.17262
2.31599,1.1726
2.31749,1.17259
2.31899,1.17258
2.32049,1.17257
2.32199,1.17256
2.32349,1.17254
2.32499,1.17253
2.32649,1.17252
2.32799,1.17251
2.32949,1.1725
2.33099,1.17249
2.33249,1.17248
2.33399,1.17246
2.33549,1.17246
2.33699,1.17244
2.33849,1.17243
2.33999,1.17242
2.34149,1.17241
2.34299,1.1724
2.34449,1.17239
2.34599,1.17238
2.34749,1.17237
2.34899,1.17237
2.35049,1.17235
2.35199,1.17235
2.35349,1.17234
2.35499,1.17233
2.35649,1.17232
2.35799,1.17231
2.35949,1.1723
2.36099,1.17229
2.36249,1.17228
2.36399,1.17228
2.36549,1.17227
2.36699,1.17226
2.36849,1.17225
2.36999,1.17224
2.37148,1.17224
2.37298,1.17223
2.37448,1.17222
2.37598,1.17221
2.37748,1.17221
2.37898,1.1722
2.38048,1.17219
2.38198,1.17218
2.38348,1.17217
2.38498,1.17217
2.38648,1.17216
2.38798,1.17215
2.38948,1.17215
2.39098,1.17214
2.39248,1.17213
2.39398,1.17213
2.39548,1.17212
2.39698,1.17211
2.39848,1.17211
2.39998,1.1721
2.40148,1.17209
2.40298,1.17209
2.40448,1.17208
2.40598,1.17207
2.40748,1.17207
2.40898,1.17206
2.41048,1.17205
2.41198,1.17205
2.41348,1.17204
2.41498,1.17203
2.41648,1.17203
2.41798,1.17202
2.41948,1.17201
2.42098,1.17201
2.42248,1.172
2.42398,1.17199
2.42548,1.17198
2.42698,1.17198
2.42848,1.17197
2.42998,1.17196
2.43148,1.17195
2.43298,1.17195
2.43448,1.17194
2.43598,1.17193
2.43748,1.17192
2.43898,1.17192
2.44048,1.17191
2.44198,1.1719
2.44348,1.17189
2.44498,1.17188
2.44648,1.17187
2.44798,1.17186
2.44948,1.17185
2.45098,1.17184
2.45248,1.17183
2.45398,1.17182
2.45548,1.17181
2.45698,1.1718
2.45848,1.17179
2.45998,1.17177
2.46148,1.17176
2.46298,1.17175
2.46448,1.17174
2.46598,1.17172
2.46748,1.17171
2.46898,1.17169
2.47048,1.17168
2.47198,1.17166
2.47348,1.17165
2.47498,1.17163
2.47648,1.17161
2.47798,1.1716
2.47948,1.17158
2.48098,1.17156
2.48248,1.17154
2.48398,1.17152
2.48548,1.1715
2.48698,1.17148
2.48848,1.17146
2.48998,1.17144
2.49148,1.17142
2.49298,1.17139
2.49448,1.17137
2.49598,1.17135
2.49748,1.17132
2.49898,1.17129
2.50048,1.17127
2.50198,1.17124
2.50348,1.17121
2.50498,1.17119
2.50648,1.17116
2.50798,1.17113
2.50947,1.1711
2.51097,1.17107
2.51247,1.17104
2.51397,1.171
2.51547,1.17097
2.51697,1.17094
2.51847,1.1709
2.51997,1.17087
2.52147,1.17083
2.52297,1.1708
2.52447,1.17076
2.52597,1.17072
2.52747,1.17069
2.52897,1.17065
2.53047,1.17061
2.53197,1.17057
2.53347,1.17053
2.53497,1.17049
2.53647,1.17045
2.53797,1.17041
2.53947,1.17037
2.54097,1.17032
2.54247,1.17028
2.54397,1.17024
2.54547,1.17019
2.54697,1.17015
2.54847,1.1701
2.54997,1.17006
2.55147,1.17001
2.55297,1.16997
2.55447,1.16992
2.55597,1.16987
2.55747,1.16983
2.55897,1.16978
2.56047,1.16973
2.56197,1.16969
2.56347,1.16964
2.56497,1.16959
2.56647,1.16954
2.56797,1.16949
2.56947,1.16944
2.57097,1.16939
2.57247,1.16934
2.57397,1.16929
2.57547,1.16924
2.57697,1.16919
2.57847,1.16914
2.57997,1.16909
2.58147,1.16904
2.58297,1.16899
2.58447,1.16894
2.58597,1.16889
2.58747,1.16884
2.58897,1.16879
2.59047,1.16874
2.59197,1.16869
2.59347,1.16864
2.59497,1.16859
2.59647,1.16854
2.59797,1.16849
2.59947,1.16844
2.60097,1.16839
2.60247,1.16834
2.60397,1.16828
2.60547,1.16824
2.60697,1.16818
2.60847,1.16814
2.60997,1.16808
2.61147,1.16803
2.61297,1.16798
2.61447,1.16794
2.61597,1.16789
2.61747,1.16784
2.61897,1.16779
2.62047,1.16774
2.62197,1.16769
2.62347,1.16764
2.62497,1.16759
2.62647,1.16754
2.62797,1.16749
2.62947,1.16744
2.63097,1.1674
2.63247,1.16735
2.63397,1.1673
2.63547,1.16725
2.63697,1.1672
2.63847,1.16716
2.63997,1.16711
2.64147,1.16706
2.64297,1.16701
2.64447,1.16696
2.64597,1.16692
2.64746,1.16687
2.64896,1.16682
2.65046,1.16678
2.65196,1.16673
2.65346,1.16668
2.65496,1.16664
2.65646,1.16659
2.65796,1.16654
2.65946,1.1665
2.66096,1.16645
2.66246,1.1664
2.66396,1.16636
2.66546,1.16631
2.66696,1.16626
2.66846,1.16622
2.66996,1.16617
2.67146,1.16613
2.67296,1.16608
2.67446,1.16603
2.67596,1.16599
2.67746,1.16594
2.67896,1.1659
2.68046,1.16585
2.68196,1.1658
2.68346,1.16576
2.68496,1.16571
2.68646,1.16567
2.68796,1.16562
2.68946,1.16558
2.69096,1.16553
2.69246,1.16549
2.69396,1.16544
2.69546,1.1654
2.69696,1.16535
2.69846,1.16531
2.69996,1.16526
2.70146,1.16521
2.70296,1.16517
2.70446,1.16512
2.70596,1.16508
2.70746,1.16503
2.70896,1.16499
2.71046,1.16494
2.71196,1.1649
2.71346,1.16485
2.71496,1.16481
2.71646,1.16476
2.71796,1.16472
2.71946,1.16467
2.72096,1.16463
2.72246,1.16458
2.72396,1.16453
2.72546,1.16449
2.72696,1.16444
2.72846,1.1644
2.72996,1.16435
2.73146,1.16431
2.73296,1.16426
2.73446,1.16422
2.73596,1.16417
2.73746,1.16413
2.73896,1.16408
2.74046,1.16404
2.74196,1.16399
2.74346,1.16395
2.74496,1.1639
2.74646,1.16385
2.74796,1.16381
2.74946,1.16376
2.75096,1.16372
2.75246,1.16367
2.75396,1.16363
2.75546,1.16358
2.75696,1.16354
2.75846,1.16349
2.75996,1.16345
2.76146,1.1634
2.76296,1.16336
2.76446,1.16331
2.76596,1.16327
2.76746,1.16322
2.76896,1.16318
2.77046,1.16313
2.77196,1.16308
2.77346,1.16304
2.77496,1.163
2.77646,1.16295
2.77796,1.1629
2.77946,1.16286
2.78096,1.16281
2.78246,1.16277
2.78396,1.16273
2.78545,1.16268
2.78695,1.16264
2.78845,1.16259
2.78995,1.16254
2.79145,1.1625
2.79295,1.16245
2.79445,1.16241
2.79595,1.16237
2.79745,1.16232
2.79895,1.16227
2.80045,1.16223
2.80195,1.16219
2.80345,1.16214
2.80495,1.1621
2.80645,1.16205
2.80795,1.16201
2.80945,1.16196
2.81095,1.16192
2.81245,1.16187
2.81395,1.16183
2.81545,1.16178
2.81695,1.16174
2.81845,1.16169
2.81995,1.16165
2.82145,1.1616
2.82295,1.16156
2.82445,1.16151
2.82595,1.16147
2.82745,1.16142
2.82895,1.16138
2.83045,1.16133
2.83195,1.16129
2.83345,1.16124
2.83495,1.1612
2.83645,1.16115
2.83795,1.16111
2.83945,1.16106
2.84095,1.16102
2.84245,1.16097
2.84395,1.16093
2.84545,1.16088
2.84695,1.16084
2.84845,1.1608
2.84995,1.16075
2.85145,1.16071
2.85295,1.16066
2.85445,1.16062
2.85595,1.16057
2.85745,1.16053
2.85895,1.16048
2.86045,1.16044
2.86195,1.16039
2.86345,1.16035
2.86495,1.1603
2.86645,1.16026
2.86795,1.16021
2.86945,1.16017
2.87095,1.16012
2.87245,1.16008
2.87395,1.16003
2.87545,1.15998
2.87695,1.15994
2.87845,1.15989
2.87995,1.15985
2.88145,1.1598
2.88295,1.15976
2.88445,1.15971
2.88595,1.15967
2.88745,1.15962
2.88895,1.15957
2.89045,1.15953
2.89195,1.15948
2.89345,1.15944
2.89495,1.15939
2.89645,1.15934
2.89795,1.1593
2.89945,1.15925
2.90095,1.15921
2.90245,1.15916
2.90395,1.15911
2.90545,1.15907
2.90695,1.15902
2.90845,1.15897
2.90995,1.15893
2.91145,1.15888
2.91295,1.15883
2.91445,1.15879
2.91595,1.15874
2.91745,1.15869
2.91895,1.15865
2.92045,1.1586
2.92195,1.15855
2.92344,1.15851
2.92494,1.15846
2.92644,1.15841
2.92794,1.15836
2.92944,1.15832
2.93094,1.15827
2.93244,1.15822
2.93394,1.15817
2.93544,1.15812
2.93694,1.15808
2.93844,1.15803
2.93994,1.15798
2.94144,1.15793
2.94294,1.15789
2.94444,1.15784
2.94594,1.15779
2.94744,1.15774
2.94894,1.15769
2.95044,1.15764
2.95194,1.1576
2.95344,1.15755
2.95494,1.1575
2.95644,1.15745
2.95794,1.1574
2.95944,1.15735
2.96094,1.1573
2.96244,1.15725
2.96394,1.1572
2.96544,1.15715
2.96694,1.1571
2.96844,1.15705
2.96994,1.157
2.97144,1.15695
2.97294,1.1569
2.97444,1.15685
2.97594,1.1568
2.97744,1.15675
2.97894,1.1567
2.98044,1.15665
2.98194,1.15659
2.98344,1.15654
2.98494,1.15649
2.98644,1.15644
2.98794,1.15639
2.98944,1.15634
2.99094,1.15628
2.99244,1.15623
2.99394,1.15618
2.99544,1.15613
2.99694,1.15608
2.99844,1.15602
2.99994,1.15597
3.00144,1.15592
3.00294,1.15586
3.00444,1.15581
3.00594,1.15576
3.00744,1.1557
3.00894,1.15565
3.01044,1.1556
3.01194,1.15554
3.01344,1.15549
3.01494,1.15544
3.01644,1.15538
3.01794,1.15533
3.01944,1.15527
3.02094,1.15522
3.02244,1.15516
3.02394,1.15511
3.02544,1.15505
3.02694,1.155
3.02844,1.15494
3.02994,1.15489
3.03144,1.15483
3.03294,1.15477
3.03444,1.15472
3.03594,1.15466
3.03744,1.15461
3.03894,1.15455
3.04044,1.15449
3.04194,1.15444
3.04344,1.15438
3.04494,1.15432
3.04644,1.15426
3.04794,1.15421
3.04944,1.15415
3.05094,1.15409
3.05244,1.15404
3.05394,1.15398
3.05544,1.15392
3.05694,1.15386
3.05844,1.1538
3.05994,1.15375
3.06143,1.15369
3.06293,1.15363
3.06443,1.15357
3.06593,1.15351
3.06743,1.15346
3.06893,1.1534
3.07043,1.15334
3.07193,1.15328
3.07343,1.15322
3.07493,1.15316
3.07643,1.15311
3.07793,1.15305
3.07943,1.15299
3.08093,1.15293
3.08243,1.15287
3.08393,1.15282
3.08543,1.15276
3.08693,1.1527
3.08843,1.15264
3.08993,1.15258
3.09143,1.15252
3.09293,1.15247
3.09443,1.15241
3.09593,1.15235
3.09743,1.15229
3.09893,1.15223
3.10043,1.15218
3.10193,1.15212
3.10343,1.15206
3.10493,1.152
3.10643,1.15195
3.10793,1.15189
3.10943,1.15183
3.11093,1.15177
3.11243,1.15172
3.11393,1.15166
3.11543,1.1516
3.11693,1.15155
3.11843,1.15149
3.11993,1.15143
3.12143,1.15138
3.12293,1.15132
3.12443,1.15127
3.12593,1.15121
3.12743,1.15115
3.12893,1.1511
3.13043,1.15104
3.13193,1.15099
3.13343,1.15093
3.13493,1.15088
3.13643,1.15082
3.13793,1.15077
3.13943,1.15071
3.14093,1.15066
3.14243,1.15061
3.14393,1.15055
3.14543,1.1505
3.14693,1.15045
3.14843,1.15039
3.14993,1.15034
3.15143,1.15029
3.15293,1.15023
3.15443,1.15018
3.15593,1.15013
3.15743,1.15008
3.15893,1.15003
3.16043,1.14998
3.16193,1.14992
3.16343,1.14987
3.16493,1.14982
3.16643,1.14977
3.16793,1.14972
3.16943,1.14967
3.17093,1.14962
3.17243,1.14957
3.17393,1.14952
3.17543,1.14947
3.17693,1.14942
3.17843,1.14937
3.17993,1.14932
3.18143,1.14927
3.18293,1.14922
3.18443,1.14917
3.18593,1.14913
3.18743,1.14908
3.18893,1.14903
3.19043,1.14898
3.19193,1.14894
3.19343,1.14889
3.19493,1.14884
3.19643,1.14879
3.19793,1.14875
3.19942,1.1487
3.20092,1.14865
3.20242,1.14861
3.20392,1.14856
3.20542,1.14851
3.20692,1.14846
3.20842,1.14842
3.20992,1.14837
3.21142,1.14833
3.21292,1.14828
3.21442,1.14824
3.21592,1.14819
3.21742,1.14815
3.21892,1.1481
3.22042,1.14806
3.22192,1.14801
3.22342,1.14797
3.22492,1.14793
3.22642,1.14788
3.22792,1.14784
3.22942,1.14779
3.23092,1.14775
3.23242,1.14771
3.23392,1.14766
3.23542,1.14762
3.23692,1.14758
3.23842,1.14753
3.23992,1.14749
3.24142,1.14745
3.24292,1.1474
3.24442,1.14736
3.24592,1.14732
3.24742,1.14728
3.24892,1.14724
3.25042,1.14719
3.25192,1.14715
3.25342,1.14711
3.25492,1.14707
3.25642,1.14703
3.25792,1.14699
3.25942,1.14694
3.26092,1.1469
3.26242,1.14686
3.26392,1.14682
3.26542,1.14678
3.26692,1.14674
3.26842,1.14669
3.26992,1.14665
3.27142,1.14661
3.27292,1.14657
3.27442,1.14653
3.27592,1.14649
3.27742,1.14645
3.27892,1.1464
3.28042,1.14636
3.28192,1.14632
3.28342,1.14628
3.28492,1.14624
3.28642,1.14619
3.28792,1.14615
3.28942,1.14611
3.29092,1.14607
3.29242,1.14602
3.29392,1.14598
3.29542,1.14594
3.29692,1.1459
3.29842,1.14585
3.29992,1.14581
3.30142,1.14577
3.30292,1.14572
3.30442,1.14568
3.30592,1.14563
3.30742,1.14559
3.30892,1.14554
3.31042,1.1455
3.31192,1.14545
3.31342,1.1454
3.31492,1.14536
3.31642,1.14531
3.31792,1.14526
3.31942,1.14522
3.32092,1.14517
3.32242,1.14512
3.32392,1.14507
3.32542,1.14502
3.32692,1.14497
3.32842,1.14492
3.32992,1.14487
3.33142,1.14482
3.33292,1.14477
3.33442,1.14472
3.33592,1.14466
3.33741,1.14461
3.33891,1.14456
3.34041,1.1445
3.34191,1.14445
3.34341,1.14439
3.34491,1.14433
3.34641,1.14428
3.34791,1.14422
3.34941,1.14416
3.35091,1.1441
3.35241,1.14404
3.35391,1.14398
3.35541,1.14392
3.35691,1.14386
3.35841,1.1438
3.35991,1.14374
3.36141,1.14367
3.36291,1.14361
3.36441,1.14354
3.36591,1.14348
3.36741,1.14341
3.36891,1.14335
3.37041,1.14328
3.37191,1.14321
3.37341,1.14314
3.37491,1.14307
3.37641,1.143
3.37791,1.14293
3.37941,1.14286
3.38091,1.14279
3.38241,1.14272
3.38391,1.14265
3.38541,1.14257
3.38691,1.1425
3.38841,1.14242
3.38991,1.14235
3.39141,1.14227
3.39291,1.1422
3.39441,1.14212
3.39591,1.14204
3.39741,1.14197
3.39891,1.14189
3.40041,1.14181
3.40191,1.14173
3.40341,1.14165
3.40491,1.14157
3.40641,1.14149
3.40791,1.14141
3.40941,1.14133
3.41091,1.14124
3.41241,1.14116
3.41391,1.14108
3.41541,1.14099
3.41691,1.14091
3.41841,1.14083
3.41991,1.14074
3.42141,1.14066
3.42291,1.14057
3.42441,1.14049
3.42591,1.1404
3.42741,1.14032
3.42891,1.14023
3.43041,1.14014
3.43191,1.14006
3.43341,1.13997
3.43491,1.13988
3.43641,1.1398
3.43791,1.13971
3.43941,1.13962
3.44091,1.13953
3.44241,1.13944
3.44391,1.13936
3.44541,1.13927
3.44691,1.13918
3.44841,1.13909
3.44991,1.139
3.45141,1.13891
3.45291,1.13883
3.45441,1.13874
3.45591,1.13865
3.45741,1.13856
3.45891,1.13847
3.46041,1.13838
3.46191,1.13829
3.46341,1.1382
3.46491,1.13811
3.46641,1.13803
3.46791,1.13794
3.46941,1.13785
3.47091,1.13776
3.47241,1.13767
3.47391,1.13758
3.4754,1.13749
3.4769,1.1374
3.4784,1.13731
3.4799,1.13722
3.4814,1.13713
3.4829,1.13705
3.4844,1.13696
3.4859,1.13687
3.4874,1.13678
3.4889,1.13669
3.4904,1.1366
3.4919,1.13651
3.4934,1.13643
3.4949,1.13634
3.4964,1.13625
3.4979,1.13616
3.4994,1.13607
3.5009,1.13599
3.5024,1.1359
3.5039,1.13581
3.5054,1.13572
3.5069,1.13563
3.5084,1.13555
3.5099,1.13546
3.5114,1.13537
3.5129,1.13529
3.5144,1.1352
3.5159,1.13511
3.5174,1.13502
3.5189,1.13494
3.5204,1.13485
3.5219,1.13477
3.5234,1.13468
3.5249,1.13459
3.5264,1.13451
3.5279,1.13442
3.5294,1.13434
3.5309,1.13425
3.5324,1.13417
3.5339,1.13408
3.5354,1.134
3.5369,1.13391
3.5384,1.13383
3.5399,1.13374
3.5414,1.13366
3.5429,1.13357
3.5444,1.13349
3.5459,1.1334
3.5474,1.13332
3.5489,1.13324
3.5504,1.13315
3.5519,1.13307
3.5534,1.13299
3.5549,1.1329
3.5564,1.13282
3.5579,1.13274
3.5594,1.13265
3.5609,1.13257
3.5624,1.13249
3.5639,1.13241
3.5654,1.13232
3.5669,1.13224
3.5684,1.13216
3.5699,1.13208
3.5714,1.132
3.5729,1.13191
3.5744,1.13183
3.5759,1.13175
3.5774,1.13167
3.5789,1.13159
3.5804,1.13151
3.5819,1.13143
3.5834,1.13135
3.5849,1.13126
3.5864,1.13118
3.5879,1.1311
3.5894,1.13102
3.5909,1.13094
3.5924,1.13086
3.5939,1.13078
3.5954,1.1307
3.5969,1.13062
3.5984,1.13054
3.5999,1.13046
3.6014,1.13038
3.6029,1.1303
3.6044,1.13022
3.6059,1.13014
3.6074,1.13006
3.6089,1.12998
3.6104,1.1299
3.6119,1.12982
3.61339,1.12974
3.61489,1.12966
3.61639,1.12958
3.61789,1.1295
3.61939,1.12942
3.62089,1.12934
3.62239,1.12926
3.62389,1.12918
3.62539,1.1291
3.62689,1.12902
3.62839,1.12894
3.62989,1.12886
3.63139,1.12878
3.63289,1.1287
3.63439,1.12863
3.63589,1.12855
3.63739,1.12847
3.63889,1.12839
3.64039,1.12831
3.64189,1.12823
3.64339,1.12815
3.64489,1.12808
3.64639,1.128
3.64789,1.12792
3.64939,1.12784
3.65089,1.12777
3.65239,1.12769
3.65389,1.12761
3.65539,1.12753
3.65689,1.12745
3.65839,1.12738
3.65989,1.1273
3.66139,1.12722
3.66289,1.12715
3.66439,1.12707
3.66589,1.12699
3.66739,1.12692
3.66889,1.12684
3.67039,1.12676
3.67189,1.12669
3.67339,1.12661
3.67489,1.12654
3.67639,1.12646
3.67789,1.12638
3.67939,1.12631
3.68089,1.12623
3.68239,1.12616
3.68389,1.12608
3.68539,1.12601
3.68689,1.12593
3.68839,1.12586
3.68989,1.12578
3.69139,1.12571
3.69289,1.12563
3.69439,1.12556
3.69589,1.12548
3.69739,1.12541
3.69889,1.12533
3.70039,1.12526
3.70189,1.12518
3.70339,1.12511
3.70489,1.12504
3.70639,1.12496
3.70789,1.12489
3.70939,1.12481
3.71089,1.12474
3.71239,1.12467
3.71389,1.12459
3.71539,1.12452
3.71689,1.12445
3.71839,1.12437
3.71989,1.1243
3.72139,1.12423
3.72289,1.12415
3.72439,1.12408
3.72589,1.12401
3.72739,1.12393
3.72889,1.12386
3.73039,1.12379
3.73189,1.12371
3.73339,1.12364
3.73489,1.12357
3.73639,1.1235
3.73789,1.12342
3.73939,1.12335
3.74089,1.12328
3.74239,1.12321
3.74389,1.12313
3.74539,1.12306
3.74689,1.12299
3.74839,1.12292
3.74989,1.12284
3.75138,1.12277
3.75288,1.1227
3.75438,1.12263
3.75588,1.12256
3.75738,1.12249
3.75888,1.12241
3.76038,1.12234
3.76188,1.12227
3.76338,1.1222
3.76488,1.12213
3.76638,1.12206
3.76788,1.12198
3.76938,1.12191
3.77088,1.12184
3.77238,1.12177
3.77388,1.1217
3.77538,1.12163
3.77688,1.12156
3.77838,1.12149
3.77988,1.12142
3.78138,1.12135
3.78288,1.12128
3.78438,1.12121
3.78588,1.12114
3.78738,1.12107
3.78888,1.121
3.79038,1.12093
3.79188,1.12086
3.79338,1.12079
3.79488,1.12072
3.79638,1.12065
3.79788,1.12058
3.79938,1.12051
3.80088,1.12044
3.80238,1.12038
3.80388,1.12031
3.80538,1.12024
3.80688,1.12017
3.80838,1.1201
3.80988,1.12003
3.81138,1.11996
3.81288,1.11989
3.81438,1.11982
3.81588,1.11975
3.81738,1.11969
3.81888,1.11962
3.82038,1.11955
3.82188,1.11948
3.82338,1.11941
3.82488,1.11934
3.82638,1.11927
3.82788,1.11921
3.82938,1.11914
3.83088,1.11907
3.83238,1.119
3.83388,1.11893
3.83538,1.11886
3.83688,1.1188
3.83838,1.11873
3.83988,1.11866
3.84138,1.1186
3.84288,1.11853
3.84438,1.11846
3.84588,1.11839
3.84738,1.11833
3.84888,1.11826
3.85038,1.11819
3.85188,1.11812
3.85338,1.11806
3.85488,1.11799
3.85638,1.11792
3.85788,1.11786
3.85938,1.11779
3.86088,1.11772
3.86238,1.11766
3.86388,1.11759
3.86538,1.11753
3.86688,1.11746
3.86838,1.1174
3.86988,1.11733
3.87138,1.11727
3.87288,1.1172
3.87438,1.11714
3.87588,1.11707
3.87738,1.11701
3.87888,1.11695
3.88038,1.11688
3.88188,1.11682
3.88338,1.11675
3.88488,1.11669
3.88638,1.11663
3.88788,1.11656
3.88937,1.1165
3.89087,1.11644
3.89237,1.11638
3.89387,1.11632
3.89537,1.11625
3.89687,1.11619
3.89837,1.11613
3.89987,1.11607
3.90137,1.116
3.90287,1.11594
3.90437,1.11588
3.90587,1.11582
3.90737,1.11576
3.90887,1.1157
3.91037,1.11564
3.91187,1.11558
3.91337,1.11552
3.91487,1.11546
3.91637,1.1154
3.91787,1.11534
3.91937,1.11528
3.92087,1.11522
3.92237,1.11516
3.92387,1.1151
3.92537,1.11504
3.92687,1.11498
3.92837,1.11492
3.92987,1.11486
3.93137,1.1148
3.93287,1.11474
3.93437,1.11468
3.93587,1.11462
3.93737,1.11456
3.93887,1.1145
3.94037,1.11444
3.94187,1.11439
3.94337,1.11433
3.94487,1.11427
3.94637,1.11421
3.94787,1.11415
3.94937,1.11409
3.95087,1.11403
3.95237,1.11398
3.95387,1.11392
3.95537,1.11386
3.95687,1.1138
3.95837,1.11374
3.95987,1.11369
3.96137,1.11363
3.96287,1.11357
3.96437,1.11352
3.96587,1.11346
3.96737,1.1134
3.96887,1.11334
3.97037,1.11329
3.97187,1.11323
3.97337,1.11318
3.97487,1.11312
3.97637,1.11306
3.97787,1.11301
3.97937,1.11295
3.98087,1.11289
3.98237,1.11284
3.98387,1.11278
3.98537,1.11273
3.98687,1.11267
3.98837,1.11261
3.98987,1.11256
3.99137,1.1125
3.99287,1.11245
3.99437,1.11239
3.99587,1.11234
3.99737,1.11228
3.99887,1.11223
4.00037,1.11217
4.00187,1.11212
4.00337,1.11206
4.00487,1.11201
4.00637,1.11195
4.00787,1.1119
4.00937,1.11184
4.01087,1.11179
4.01237,1.11173
4.01387,1.11168
4.01537,1.11163
4.01687,1.11157
4.01837,1.11152
4.01987,1.11146
4.02137,1.11141
4.02287,1.11135
4.02437,1.1113
4.02587,1.11124
4.02737,1.11119
4.02887,1.11114
4.03037,1.11108
4.03187,1.11103
4.03337,1.11097
4.03487,1.11092
4.03637,1.11087
4.03787,1.11081
4.03937,1.11076
4.04087,1.1107
4.04237,1.11065
4.04387,1.1106
4.04537,1.11054
4.04687,1.11049
4.04837,1.11044
4.04987,1.11038
4.05137,1.11033
4.05287,1.11028
4.05437,1.11022
4.05587,1.11017
4.05737,1.11012
4.05887,1.11007
4.06037,1.11001
4.06187,1.10996
4.06337,1.10991
4.06487,1.10986
4.06637,1.10981
4.06787,1.10976
4.06937,1.1097
4.07087,1.10965
4.07237,1.1096
4.07387,1.10955
4.07537,1.1095
4.07687,1.10945
4.07837,1.1094
4.07987,1.10935
4.08137,1.1093
4.08287,1.10925
4.08437,1.1092
4.08587,1.10915
4.08737,1.1091
4.08887,1.10905
4.09037,1.109
4.09188,1.10896
4.09338,1.1089
4.09488,1.10886
4.09638,1.10881
4.09788,1.10876
4.09938,1.10871
4.10088,1.10867
4.10238,1.10862
4.10388,1.10857
4.10538,1.10852
4.10688,1.10848
4.10838,1.10843
4.10988,1.10838
4.11138,1.10834
4.11288,1.10829
4.11438,1.10824
4.11588,1.1082
4.11738,1.10815
4.11888,1.10811
4.12038,1.10806
4.12188,1.10801
4.12338,1.10797
4.12488,1.10792
4.12638,1.10788
4.12788,1.10783
4.12938,1.10779
4.13088,1.10774
4.13238,1.1077
4.13388,1.10766
4.13538,1.10761
4.13688,1.10757
4.13838,1.10752
4.13988,1.10748
4.14138,1.10744
4.14288,1.10739
4.14438,1.10735
4.14588,1.10731
4.14738,1.10726
4.14888,1.10722
4.15038,1.10718
4.15188,1.10713
4.15338,1.10709
4.15488,1.10705
4.15638,1.10701
4.15788,1.10697
4.15938,1.10692
4.16088,1.10688
4.16238,1.10684
4.16388,1.1068
4.16538,1.10676
4.16688,1.10672
4.16838,1.10668
4.16988,1.10664
4.17138,1.1066
4.17288,1.10656
4.17438,1.10652
4.17588,1.10647
4.17738,1.10644
4.17888,1.1064
4.18038,1.10636
4.18188,1.10632
4.18338,1.10628
4.18488,1.10624
4.18638,1.1062
4.18788,1.10616
4.18938,1.10613
4.19088,1.10609
4.19238,1.10605
4.19388,1.10601
4.19538,1.10598
4.19688,1.10594
4.19838,1.1059
4.19988,1.10587
4.20138,1.10583
4.20288,1.10579
4.20438,1.10576
4.20588,1.10572
4.20739,1.10568
4.20889,1.10565
4.21039,1.10561
4.21189,1.10558
4.21339,1.10554
4.21489,1.1055
4.21639,1.10547
4.21789,1.10544
4.21939,1.1054
4.22089,1.10537
4.22239,1.10533
4.22389,1.1053
4.22539,1.10526
4.22689,1.10523
4.22839,1.1052
4.22989,1.10516
4.23139,1.10513
4.23289,1.1051
4.23439,1.10506
4.23589,1.10503
4.23739,1.105
4.23889,1.10497
4.24039,1.10493
4.24189,1.1049
4.24339,1.10487
4.24489,1.10484
4.24639,1.10481
4.24789,1.10478
4.24939,1.10474
4.25089,1.10472
4.25239,1.10468
4.25389,1.10465
4.25539,1.10462
4.25689,1.10459
4.25839,1.10456
4.25989,1.10453
4.26139,1.10451
4.26289,1.10448
4.26439,1.10445
4.26589,1.10442
4.26739,1.10439
4.26889,1.10436
4.27039,1.10433
4.27189,1.10431
4.27339,1.10428
4.27489,1.10425
4.27639,1.10422
4.27789,1.1042
4.27939,1.10417
4.28089,1.10414
4.28239,1.10412
4.28389,1.10409
4.28539,1.10406
4.28689,1.10404
4.28839,1.10401
4.28989,1.10399
4.29139,1.10396
4.29289,1.10394
4.29439,1.10391
4.29589,1.10389
4.29739,1.10386
4.29889,1.10384
4.30039,1.10382
4.30189,1.10379
4.30339,1.10377
4.30489,1.10375
4.30639,1.10373
4.30789,1.1037
4.30939,1.10368
4.31089,1.10366
4.31239,1.10364
4.31389,1.10362
4.31539,1.10359
4.31689,1.10357
4.31839,1.10355
4.31989,1.10353
4.32139,1.10351
4.3229,1.10349
4.3244,1.10347
4.3259,1.10345
4.3274,1.10343
4.3289,1.10342
4.3304,1.1034
4.3319,1.10338
4.3334,1.10336
4.3349,1.10335
4.3364,1.10333
4.3379,1.10331
4.3394,1.10329
4.3409,1.10328
4.3424,1.10326
4.3439,1.10324
4.3454,1.10323
4.3469,1.10321
4.3484,1.1032
4.3499,1.10318
4.3514,1.10317
4.3529,1.10315
4.3544,1.10314
4.3559,1.10312
4.3574,1.10311
4.3589,1.1031
4.3604,1.10308
4.3619,1.10307
4.3634,1.10306
4.3649,1.10305
4.3664,1.10303
4.3679,1.10302
4.3694,1.10301
4.3709,1.103
4.3724,1.10299
4.3739,1.10298
4.3754,1.10296
4.3769,1.10295
4.3784,1.10294
4.3799,1.10293
4.3814,1.10292
4.3829,1.10291
4.3844,1.1029
4.3859,1.1029
4.3874,1.10289
4.3889,1.10288
4.3904,1.10287
4.3919,1.10286
4.3934,1.10285
4.3949,1.10284
4.3964,1.10284
4.3979,1.10283
4.3994,1.10282
4.4009,1.10281
4.4024,1.10281
4.4039,1.1028
4.4054,1.10279
4.4069,1.10278
4.4084,1.10278
4.4099,1.10277
4.4114,1.10276
4.4129,1.10276
4.4144,1.10275
4.4159,1.10275
4.4174,1.10274
4.4189,1.10273
4.4204,1.10273
4.4219,1.10272
4.4234,1.10272
4.4249,1.10271
4.4264,1.10271
4.4279,1.1027
4.4294,1.1027
4.4309,1.10269
4.4324,1.10269
4.4339,1.10268
4.4354,1.10268
4.4369,1.10267
4.43841,1.10267
4.43991,1.10267
4.44141,1.10266
4.44291,1.10266
4.44441,1.10266
4.44591,1.10266
4.44741,1.10266
4.44891,1.10265
4.45041,1.10265
4.45191,1.10265
4.45341,1.10265
4.45491,1.10265
4.45641,1.10265
4.45791,1.10265
4.45941,1.10264
4.46091,1.10264
4.46241,1.10264
4.46391,1.10264
4.46541,1.10264
4.46691,1.10264
4.46841,1.10264
4.46991,1.10265
4.47141,1.10265
4.47291,1.10265
4.47441,1.10265
4.47591,1.10265
4.47741,1.10265
4.47891,1.10266
4.48041,1.10266
4.48191,1.10266
4.48341,1.10266
4.48491,1.10266
4.48641,1.10267
4.48791,1.10267
4.48941,1.10267
4.49091,1.10267
4.49241,1.10268
4.49391,1.10268
4.49541,1.10268
4.49691,1.10269
4.49841,1.10269
4.49991,1.1027
4.50141,1.1027
4.50291,1.1027
4.50441,1.10271
4.50591,1.10271
4.50741,1.10272
4.50891,1.10272
4.51041,1.10273
4.51191,1.10273
4.51341,1.10274
4.51491,1.10274
4.51641,1.10275
4.51791,1.10275
4.51941,1.10276
4.52091,1.10276
4.52241,1.10277
4.52391,1.10278
4.52541,1.10278
4.52691,1.10279
4.52841,1.1028
4.52991,1.1028
4.53141,1.10281
4.53291,1.10282
4.53441,1.10283
4.53591,1.10283
4.53741,1.10284
4.53891,1.10285
4.54041,1.10286
4.54191,1.10287
4.54341,1.10288
4.54491,1.10288
4.54641,1.10289
4.54791,1.1029
4.54941,1.10291
4.55091,1.10292
4.55241,1.10293
4.55392,1.10295
4.55542,1.10296
4.55692,1.10297
4.55842,1.10298
4.55992,1.10299
4.56142,1.103
4.56292,1.10301
4.56442,1.10303
4.56592,1.10304
4.56742,1.10305
4.56892,1.10307
4.57042,1.10308
4.57192,1.10309
4.57342,1.10311
4.57492,1.10312
4.57642,1.10314
4.57792,1.10315
4.57942,1.10317
4.58092,1.10318
4.58242,1.1032
4.58392,1.10321
4.58542,1.10323
4.58692,1.10325
4.58842,1.10326
4.58992,1.10328
4.59142,1.1033
4.59292,1.10331
4.59442,1.10333
4.59592,1.10335
4.59742,1.10337
4.59892,1.10339
4.60042,1.10341
4.60192,1.10343
4.60342,1.10345
4.60492,1.10347
4.60642,1.10349
4.60792,1.10351
4.60942,1.10353
4.61092,1.10355
4.61242,1.10357
4.61392,1.1036
4.61542,1.10362
4.61692,1.10364
4.61842,1.10366
4.61992,1.10369
4.62142,1.10371
4.62292,1.10373
4.62442,1.10376
4.62592,1.10378
4.62742,1.10381
4.62892,1.10383
4.63042,1.10386
4.63192,1.10388
4.63342,1.10391
4.63492,1.10393
4.63642,1.10396
4.63792,1.10399
4.63942,1.10401
4.64092,1.10404
4.64242,1.10407
4.64392,1.1041
4.64542,1.10413
4.64692,1.10416
4.64842,1.10419
4.64992,1.10422
4.65142,1.10425
4.65292,1.10428
4.65442,1.10431
4.65592,1.10434
4.65742,1.10437
4.65892,1.10441
4.66042,1.10444
4.66192,1.10447
4.66342,1.1045
4.66492,1.10454
4.66642,1.10457
4.66792,1.1046
4.66943,1.10464
4.67093,1.10468
4.67243,1.10471
4.67393,1.10475
4.67543,1.10478
4.67693,1.10482
4.67843,1.10486
4.67993,1.1049
4.68143,1.10493
4.68293,1.10497
4.68443,1.10501
4.68593,1.10505
4.68743,1.10509
4.68893,1.10512
4.69043,1.10516
4.69193,1.10521
4.69343,1.10524
4.69493,1.10529
4.69643,1.10533
4.69793,1.10537
4.69943,1.10541
4.70093,1.10545
4.70243,1.10549
4.70393,1.10554
4.70543,1.10558
4.70693,1.10562
4.70843,1.10566
4.70993,1.10571
4.71143,1.10575
4.71293,1.10579
4.71443,1.10584
4.71593,1.10588
4.71743,1.10593
4.71893,1.10597
4.72043,1.10602
4.72193,1.10606
4.72343,1.10611
4.72493,1.10615
4.72643,1.1062
4.72793,1.10625
4.72943,1.1063
4.73093,1.10634
4.73243,1.10639
4.73393,1.10644
4.73543,1.10649
4.73693,1.10654
4.73843,1.10658
4.73993,1.10663
4.74143,1.10668
4.74293,1.10673
4.74443,1.10678
4.74593,1.10683
4.74743,1.10688
4.74893,1.10693
4.75043,1.10698
4.75193,1.10703
4.75343,1.10709
4.75493,1.10714
4.75643,1.10719
4.75793,1.10724
4.75943,1.10729
4.76093,1.10735
4.76243,1.1074
4.76393,1.10746
4.76543,1.10751
4.76693,1.10756
4.76843,1.10762
4.76993,1.10767
4.77143,1.10773
4.77293,1.10778
4.77443,1.10784
4.77593,1.10789
4.77743,1.10795
4.77893,1.10801
4.78043,1.10806
4.78193,1.10812
4.78343,1.10818
4.78493,1.10823
4.78644,1.10829
4.78794,1.10835
4.78944,1.1084
4.79094,1.10846
4.79244,1.10852
4.79394,1.10858
4.79544,1.10864
4.79694,1.10869
4.79844,1.10875
4.79994,1.10881
4.80144,1.10887
4.80294,1.10893
4.80444,1.10899
4.80594,1.10905
4.80744,1.10911
4.80894,1.10917
4.81044,1.10923
4.81194,1.10928
4.81344,1.10934
4.81494,1.1094
4.81644,1.10947
4.81794,1.10953
4.81944,1.10959
4.82094,1.10965
4.82244,1.10971
4.82394,1.10977
4.82544,1.10983
4.82694,1.10989
4.82844,1.10995
4.82994,1.11002
4.83144,1.11008
4.83294,1.11014
4.83444,1.1102
4.83594,1.11027
4.83744,1.11033
4.83894,1.11039
4.84044,1.11045
4.84194,1.11052
4.84344,1.11058
4.84494,1.11064
4.84644,1.11071
4.84794,1.11077
4.84944,1.11084
4.85094,1.1109
4.85244,1.11096
4.85394,1.11103
4.85544,1.11109
4.85694,1.11116
4.85844,1.11123
4.85994,1.11129
4.86144,1.11136
4.86294,1.11142
4.86444,1.11149
4.86594,1.11155
4.86744,1.11162
4.86894,1.11169
4.87044,1.11176
4.87194,1.11182
4.87344,1.11189
4.87494,1.11196
4.87644,1.11203
4.87794,1.11209
4.87944,1.11216
4.88094,1.11223
4.88244,1.1123
4.88394,1.11237
4.88544,1.11243
4.88694,1.1125
4.88844,1.11257
4.88994,1.11264
4.89144,1.11271
4.89294,1.11278
4.89444,1.11285
4.89594,1.11292
4.89744,1.11299
4.89894,1.11306
4.90044,1.11313
4.90195,1.1132
4.90345,1.11327
4.90495,1.11334
4.90645,1.11341
4.90795,1.11348
4.90945,1.11355
4.91095,1.11362
4.91245,1.11369
4.91395,1.11377
4.91545,1.11384
4.91695,1.11391
4.91845,1.11398
4.91995,1.11405
4.92145,1.11412
4.92295,1.1142
4.92445,1.11427
4.92595,1.11434
4.92745,1.11441
4.92895,1.11448
4.93045,1.11456
4.93195,1.11463
4.93345,1.1147
4.93495,1.11478
4.93645,1.11485
4.93795,1.11492
4.93945,1.115
4.94095,1.11507
4.94245,1.11515
4.94395,1.11522
4.94545,1.11529
4.94695,1.11537
4.94845,1.11544
4.94995,1.11552
4.95145,1.11559
4.95295,1.11567
4.95445,1.11574
4.95595,1.11582
4.95745,1.11589
4.95895,1.11597
4.96045,1.11604
4.96195,1.11612
4.96345,1.11619
4.96495,1.11627
4.96645,1.11634
4.96795,1.11642
4.96945,1.11649
4.97095,1.11657
4.97245,1.11665
4.97395,1.11672
4.97545,1.1168
4.97695,1.11687
4.97845,1.11695
4.97995,1.11703
4.98145,1.1171
4.98295,1.11718
4.98445,1.11726
4.98595,1.11733
4.98745,1.11741
4.98895,1.11748
4.99045,1.11756
4.99195,1.11764
4.99345,1.11771
4.99495,1.11779
4.99645,1.11787
4.99795,1.11794
4.99945,1.11802
5.00095,1.1181
5.00245,1.11817
5.00395,1.11825
5.00545,1.11833
5.00695,1.1184
5.00845,1.11848
5.00995,1.11856
5.01145,1.11863
5.01295,1.11871
5.01445,1.11879
5.01595,1.11887
5.01746,1.11894
5.01896,1.11902
5.02046,1.1191
5.02196,1.11917
5.02346,1.11925
5.02496,1.11933
5.02646,1.1194
5.02796,1.11948
5.02946,1.11956
5.03096,1.11964
5.03246,1.11971
5.03396,1.11979
5.03546,1.11987
5.03696,1.11995
5.03846,1.12002
5.03996,1.1201
5.04146,1.12018
5.04296,1.12026
5.04446,1.12034
5.04596,1.12041
5.04746,1.12049
5.04896,1.12057
5.05046,1.12065
5.05196,1.12073
5.05346,1.1208
5.05496,1.12088
5.05646,1.12096
5.05796,1.12104
5.05946,1.12112
5.06096,1.12119
5.06246,1.12127
5.06396,1.12135
5.06546,1.12143
5.06696,1.12151
5.06846,1.12159
5.06996,1.12166
5.07146,1.12174
5.07296,1.12182
5.07446,1.1219
5.07596,1.12198
5.07746,1.12206
5.07896,1.12213
5.08046,1.12221
5.08196,1.12229
5.08346,1.12237
5.08496,1.12244
5.08646,1.12252
5.08796,1.1226
5.08946,1.12268
5.09096,1.12276
5.09246,1.12283
5.09396,1.12291
5.09546,1.12299
5.09696,1.12307
5.09846,1.12315
5.09996,1.12322
5.10146,1.1233
5.10296,1.12338
5.10446,1.12346
5.10596,1.12353
5.10746,1.12361
5.10896,1.12369
5.11046,1.12376
5.11196,1.12384
5.11346,1.12392
5.11496,1.124
5.11646,1.12408
5.11796,1.12415
5.11946,1.12423
5.12096,1.12431
5.12246,1.12438
5.12396,1.12446
5.12546,1.12454
5.12696,1.12462
5.12846,1.1247
5.12996,1.12477
5.13146,1.12485
5.13297,1.12493
5.13447,1.12501
5.13597,1.12509
5.13747,1.12517
5.13897,1.12524
5.14047,1.12532
5.14197,1.1254
5.14347,1.12548
5.14497,1.12556
5.14647,1.12564
5.14797,1.12572
5.14947,1.1258
5.15097,1.12588
5.15247,1.12596
5.15397,1.12603
5.15547,1.12611
5.15697,1.1262
5.15847,1.12628
5.15997,1.12636
5.16147,1.12644
5.16297,1.12652
5.16447,1.1266
5.16597,1.12668
5.16747,1.12676
5.16897,1.12684
5.17047,1.12692
5.17197,1.127
5.17347,1.12708
5.17497,1.12716
5.17647,1.12724
5.17797,1.12733
5.17947,1.12741
5.18097,1.12749
5.18247,1.12757
5.18397,1.12765
5.18547,1.12773
5.18697,1.12782
5.18847,1.1279
5.18997,1.12798
5.19147,1.12806
5.19297,1.12814
5.19447,1.12823
5.19597,1.12831
5.19747,1.12839
5.19897,1.12847
5.20047,1.12855
5.20197,1.12864
5.20347,1.12872
5.20497,1.1288
5.20647,1.12888
5.20797,1.12897
5.20947,1.12905
5.21097,1.12913
5.21247,1.12921
5.21397,1.1293
5.21547,1.12938
5.21697,1.12946
5.21847,1.12954
5.21997,1.12963
5.22147,1.12971
5.22297,1.12979
5.22447,1.12987
5.22597,1.12996
5.22747,1.13004
5.22897,1.13012
5.23047,1.1302
5.23197,1.13029
5.23347,1.13037
5.23497,1.13045
5.23647,1.13053
5.23797,1.13062
5.23947,1.1307
5.24097,1.13078
5.24247,1.13086
5.24397,1.13095
5.24547,1.13103
5.24697,1.13111
5.24848,1.1312
5.24998,1.13128
5.25148,1.13136
5.25298,1.13144
5.25448,1.13153
5.25598,1.13161
5.25748,1.13169
5.25898,1.13177
5.26048,1.13186
5.26198,1.13194
5.26348,1.13202
5.26498,1.1321
5.26648,1.13218
5.26798,1.13226
5.26948,1.13234
5.27098,1.13243
5.27248,1.13251
5.27398,1.13259
5.27548,1.13267
5.27698,1.13275
5.27848,1.13283
5.27998,1.13291
5.28148,1.13299
5.28298,1.13307
5.28448,1.13315
5.28598,1.13323
5.28748,1.13331
5.28898,1.13339
5.29048,1.13347
5.29198,1.13355
5.29348,1.13363
5.29498,1.13371
5.29648,1.13379
5.29798,1.13387
5.29948,1.13394
5.30098,1.13402
5.30248,1.1341
5.30398,1.13418
5.30548,1.13426
5.30698,1.13433
5.30848,1.13441
5.30998,1.13448
5.31148,1.13456
5.31298,1.13464
5.31448,1.13471
5.31598,1.13479
5.31748,1.13487
5.31898,1.13494
5.32048,1.13502
5.32198,1.13509
5.32348,1.13517
5.32498,1.13524
5.32648,1.13531
5.32798,1.13539
5.32948,1.13546
5.33098,1.13553
5.33248,1.13561
5.33398,1.13568
5.33548,1.13575
5.33698,1.13582
5.33848,1.13589
5.33998,1.13597
5.34148,1.13604
5.34298,1.13611
5.34448,1.13618
5.34598,1.13625
5.34748,1.13632
5.34898,1.13639
5.35048,1.13646
5.35198,1.13653
5.35348,1.1366
5.35498,1.13667
5.35648,1.13674
5.35798,1.13681
5.35948,1.13688
5.36098,1.13695
5.36248,1.13701
5.36399,1.13708
5.36549,1.13715
5.36699,1.13722
5.36849,1.13728
5.36999,1.13735
5.37149,1.13742
5.37299,1.13749
5.37449,1.13755
5.37599,1.13762
5.37749,1.13768
5.37899,1.13775
5.38049,1.13781
5.38199,1.13788
5.38349,1.13795
5.38499,1.13801
5.38649,1.13808
5.38799,1.13814
5.38949,1.13821
5.39099,1.13827
5.39249,1.13833
5.39399,1.1384
5.39549,1.13846
5.39699,1.13853
5.39849,1.13859
5.39999,1.13865
5.40149,1.13871
5.40299,1.13878
5.40449,1.13884
5.40599,1.1389
5.40749,1.13896
5.40899,1.13903
5.41049,1.13909
5.41199,1.13915
5.41349,1.13921
5.41499,1.13927
5.41649,1.13933
5.41799,1.13939
5.41949,1.13945
5.42099,1.13951
5.42249,1.13957
5.42399,1.13963
5.42549,1.13969
5.42699,1.13975
5.42849,1.1398
5.42999,1.13986
5.43149,1.13992
5.43299,1.13998
5.43449,1.14004
5.43599,1.14009
5.43749,1.14015
5.43899,1.14021
5.44049,1.14026
5.44199,1.14032
5.44349,1.14037
5.44499,1.14043
5.44649,1.14049
5.44799,1.14054
5.44949,1.1406
5.45099,1.14065
5.45249,1.14071
5.45399,1.14076
5.45549,1.14081
5.45699,1.14087
5.45849,1.14092
5.45999,1.14097
5.46149,1.14103
5.46299,1.14108
5.46449,1.14113
5.46599,1.14118
5.46749,1.14124
5.46899,1.14128
5.47049,1.14134
5.47199,1.14139
5.47349,1.14144
5.47499,1.14149
5.47649,1.14154
5.47799,1.14159
5.4795,1.14164
5.481,1.1417
5.4825,1.14175
5.484,1.1418
5.4855,1.14185
5.487,1.14189
5.4885,1.14194
5.49,1.14199
5.4915,1.14204
5.493,1.14209
5.4945,1.14214
5.496,1.14219
5.4975,1.14224
5.499,1.14228
5.5005,1.14233
5.502,1.14238
5.5035,1.14243
5.505,1.14247
5.5065,1.14252
5.508,1.14257
5.5095,1.14261
5.511,1.14266
5.5125,1.1427
5.514,1.14275
5.5155,1.1428
5.517,1.14284
5.5185,1.14288
5.52,1.14293
5.5215,1.14298
5.523,1.14302
5.5245,1.14306
5.526,1.14311
5.5275,1.14315
5.529,1.14319
5.5305,1.14324
5.532,1.14328
5.5335,1.14332
5.535,1.14337
5.5365,1.14341
5.538,1.14345
5.5395,1.14349
5.541,1.14353
5.5425,1.14357
5.544,1.14361
5.5455,1.14365
5.547,1.1437
5.5485,1.14374
5.55,1.14378
5.5515,1.14382
5.553,1.14386
5.5545,1.1439
5.556,1.14394
5.5575,1.14398
5.559,1.14401
5.5605,1.14405
5.562,1.14409
5.5635,1.14413
5.565,1.14417
5.5665,1.14421
5.568,1.14425
5.5695,1.14429
5.571,1.14432
5.5725,1.14436
5.574,1.1444
5.5755,1.14444
5.577,1.14447
5.5785,1.14451
5.58,1.14455
5.5815,1.14458
5.583,1.14462
5.5845,1.14466
5.586,1.14469
5.5875,1.14473
5.589,1.14477
5.5905,1.1448
5.592,1.14484
5.5935,1.14488
5.59501,1.14491
5.59651,1.14495
5.59801,1.14498
5.59951,1.14502
5.60101,1.14505
5.60251,1.14509
5.60401,1.14512
5.60551,1.14516
5.60701,1.14519
5.60851,1.14523
5.61001,1.14526
5.61151,1.1453
5.61301,1.14533
5.61451,1.14537
5.61601,1.1454
5.61751,1.14543
5.61901,1.14547
5.62051,1.1455
5.62201,1.14554
5.62351,1.14557
5.62501,1.1456
5.62651,1.14564
5.62801,1.14567
5.62951,1.1457
5.63101,1.14574
5.63251,1.14577
5.63401,1.1458
5.63551,1.14583
5.63701,1.14587
5.63851,1.1459
5.64001,1.14593
5.64151,1.14596
5.64301,1.146
5.64451,1.14603
5.64601,1.14606
5.64751,1.14609
5.64901,1.14613
5.65051,1.14615
5.65201,1.14619
5.65351,1.14622
5.65501,1.14625
5.65651,1.14628
5.65801,1.14631
5.65951,1.14634
5.66101,1.14637
5.66251,1.1464
5.66401,1.14643
5.66551,1.14646
5.66701,1.14649
5.66851,1.14652
5.67001,1.14655
5.67151,1.14658
5.67301,1.14662
5.67451,1.14665
5.67601,1.14667
5.67751,1.1467
5.67901,1.14673
5.68051,1.14676
5.68201,1.14679
5.68351,1.14682
5.68501,1.14685
5.68651,1.14688
5.68801,1.14691
5.68951,1.14694
5.69101,1.14696
5.69251,1.14699
5.69401,1.14702
5.69551,1.14705
5.69701,1.14708
5.69851,1.14711
5.70001,1.14714
5.70151,1.14716
5.70301,1.14719
5.70451,1.14722
5.70601,1.14724
5.70751,1.14727
5.70901,1.1473
5.71052,1.14733
5.71202,1.14735
5.71352,1.14738
5.71502,1.1474
5.71652,1.14743
5.71802,1.14745
5.71952,1.14748
5.72102,1.14751
5.72252,1.14753
5.72402,1.14755
5.72552,1.14758
5.72702,1.1476
5.72852,1.14763
5.73002,1.14765
5.73152,1.14767
5.73302,1.1477
5.73452,1.14772
5.73602,1.14774
5.73752,1.14776
5.73902,1.14779
5.74052,1.14781
5.74202,1.14783
5.74352,1.14785
5.74502,1.14787
5.74652,1.1479
5.74802,1.14792
5.74952,1.14794
5.75102,1.14796
5.75252,1.14798
5.75402,1.148
5.75552,1.14802
5.75702,1.14804
5.75852,1.14806
5.76002,1.14808
5.76152,1.14809
5.76302,1.14811
5.76452,1.14813
5.76602,1.14815
5.76752,1.14817
5.76902,1.14818
5.77052,1.1482
5.77202,1.14822
5.77352,1.14824
5.77502,1.14826
5.77652,1.14827
5.77802,1.14829
5.77952,1.1483
5.78102,1.14832
5.78252,1.14834
5.78402,1.14835
5.78552,1.14837
5.78702,1.14838
5.78852,1.14839
5.79002,1.14841
5.79152,1.14842
5.79302,1.14844
5.79452,1.14845
5.79602,1.14846
5.79752,1.14847
5.79902,1.14849
5.80052,1.1485
5.80202,1.14851
5.80352,1.14852
5.80502,1.14853
5.80652,1.14854
5.80802,1.14855
5.80952,1.14856
5.81102,1.14857
5.81252,1.14858
5.81402,1.14858
5.81552,1.14859
5.81702,1.1486
5.81852,1.14861
5.82002,1.14861
5.82152,1.14862
5.82302,1.14862
5.82452,1.14863
5.82603,1.14863
5.82753,1.14864
5.82903,1.14864
5.83053,1.14865
5.83203,1.14865
5.83353,1.14866
5.83503,1.14866
5.83653,1.14866
5.83803,1.14866
5.83953,1.14866
5.84103,1.14866
5.84253,1.14866
5.84403,1.14866
5.84553,1.14866
5.84703,1.14866
5.84853,1.14866
5.85003,1.14866
5.85153,1.14865
5.85303,1.14865
5.85453,1.14865
5.85603,1.14864
5.85753,1.14864
5.85903,1.14863
5.86053,1.14863
5.86203,1.14862
5.86353,1.14862
5.86503,1.14861
5.86653,1.14861
5.86803,1.1486
5.86953,1.14859
5.87103,1.14858
5.87253,1.14857
5.87403,1.14857
5.87553,1.14856
5.87703,1.14855
5.87853,1.14854
5.88003,1.14853
5.88153,1.14852
5.88303,1.14851
5.88453,1.1485
5.88603,1.14849
5.88753,1.14848
5.88903,1.14846
5.89053,1.14845
5.89203,1.14844
5.89353,1.14843
5.89503,1.14842
5.89653,1.1484
5.89803,1.14839
5.89953,1.14838
5.90103,1.14836
5.90253,1.14835
5.90403,1.14834
5.90553,1.14832
5.90703,1.14831
5.90853,1.14829
5.91003,1.14828
5.91153,1.14826
5.91303,1.14825
5.91453,1.14823
5.91603,1.14821
5.91753,1.1482
5.91903,1.14818
5.92053,1.14817
5.92203,1.14815
5.92353,1.14813
5.92503,1.14811
5.92653,1.1481
5.92803,1.14808
5.92953,1.14806
5.93103,1.14804
5.93253,1.14802
5.93403,1.14801
5.93553,1.14799
5.93703,1.14797
5.93853,1.14795
5.94003,1.14793
5.94153,1.14791
5.94304,1.14789
5.94454,1.14787
5.94604,1.14785
5.94754,1.14783
5.94904,1.14781
5.95054,1.14779
5.95204,1.14777
5.95354,1.14774
5.95504,1.14772
5.95654,1.1477
5.95804,1.14768
5.95954,1.14766
5.96104,1.14763
5.96254,1.14761
5.96404,1.14759
5.96554,1.14757
5.96704,1.14754
5.96854,1.14752
5.97004,1.1475
5.97154,1.14747
5.97304,1.14745
5.97454,1.14743
5.97604,1.1474
5.97754,1.14738
5.97904,1.14736
5.98054,1.14733
5.98204,1.14731
5.98354,1.14728
5.98504,1.14726
5.98654,1.14724
5.98804,1.14721
5.98954,1.14719
5.99104,1.14716
5.99254,1.14714
5.99404,1.14712
5.99554,1.14709
5.99704,1.14707
5.99854,1.14704
6.00004,1.14702
6.00154,1.14699
6.00304,1.14697
6.00454,1.14694
6.00604,1.14692
6.00754,1.1469
6.00904,1.14687
6.01054,1.14685
6.01204,1.14682
6.01354,1.1468
6.01504,1.14677
6.01654,1.14675
6.01804,1.14672
6.01954,1.1467
6.02104,1.14668
6.02254,1.14665
6.02404,1.14663
6.02554,1.1466
6.02704,1.14658
6.02854,1.14655
6.03004,1.14653
6.03154,1.14651
6.03304,1.14648
6.03454,1.14646
6.03604,1.14643
6.03754,1.14641
6.03904,1.14638
6.04054,1.14636
6.04204,1.14633
6.04354,1.14631
6.04504,1.14628
6.04654,1.14626
6.04804,1.14624
6.04954,1.14621
6.05104,1.14619
6.05254,1.14616
6.05404,1.14614
6.05554,1.14611
6.05704,1.14609
6.05855,1.14606
6.06005,1.14603
6.06155,1.14601
6.06305,1.14598
6.06455,1.14596
6.06605,1.14593
6.06755,1.1459
6.06905,1.14588
6.07055,1.14585
6.07205,1.14582
6.07355,1.1458
6.07505,1.14577
6.07655,1.14574
6.07805,1.14572
6.07955,1.14569
6.08105,1.14566
6.08255,1.14563
6.08405,1.1456
6.08555,1.14557
6.08705,1.14555
6.08855,1.14552
6.09005,1.14549
6.09155,1.14546
6.09305,1.14543
6.09455,1.1454
6.09605,1.14537
6.09755,1.14534
6.09905,1.14531
6.10055,1.14528
6.10205,1.14525
6.10355,1.14522
6.10505,1.14519
6.10655,1.14516
6.10805,1.14513
6.10955,1.1451
6.11105,1.14507
6.11255,1.14504
6.11405,1.14501
6.11555,1.14498
6.11705,1.14495
6.11855,1.14492
6.12005,1.14488
6.12155,1.14485
6.12305,1.14482
6.12455,1.14479
6.12605,1.14476
6.12755,1.14472
6.12905,1.14469
6.13055,1.14466
6.13205,1.14462
6.13355,1.14459
6.13505,1.14456
6.13655,1.14453
6.13805,1.14449
6.13955,1.14446
6.14105,1.14442
6.14255,1.14439
6.14405,1.14436
6.14555,1.14432
6.14705,1.14429
6.14855,1.14426
6.15005,1.14422
6.15155,1.14419
6.15305,1.14415
6.15455,1.14412
6.15605,1.14408
6.15755,1.14405
6.15905,1.14402
6.16055,1.14398
6.16205,1.14395
6.16355,1.14391
6.16505,1.14388
6.16655,1.14384
6.16805,1.14381
6.16955,1.14377
6.17105,1.14374
6.17255,1.1437
6.17406,1.14367
6.17556,1.14364
6.17706,1.1436
6.17856,1.14357
6.18006,1.14354
6.18156,1.1435
6.18306,1.14347
6.18456,1.14344
6.18606,1.1434
6.18756,1.14337
6.18906,1.14333
6.19056,1.1433
6.19206,1.14327
6.19356,1.14323
6.19506,1.1432
6.19656,1.14317
6.19806,1.14314
6.19956,1.1431
6.20106,1.14307
6.20256,1.14304
6.20406,1.143
6.20556,1.14297
6.20706,1.14294
6.20856,1.1429
6.21006,1.14287
6.21156,1.14284
6.21306,1.1428
6.21456,1.14277
6.21606,1.14274
6.21756,1.1427
6.21906,1.14267
6.22056,1.14264
6.22206,1.1426
6.22356,1.14257
6.22506,1.14253
6.22656,1.1425
6.22806,1.14247
6.22956,1.14243
6.23106,1.1424
6.23256,1.14236
6.23406,1.14233
6.23556,1.14229
6.23706,1.14226
6.23856,1.14222
6.24006,1.14219
6.24156,1.14215
6.24306,1.14212
6.24456,1.14208
6.24606,1.14204
6.24756,1.14201
6.24906,1.14197
6.25056,1.14193
6.25206,1.1419
6.25356,1.14186
6.25506,1.14182
6.25656,1.14179
6.25806,1.14175
6.25956,1.14171
6.26106,1.14167
6.26256,1.14163
6.26406,1.1416
6.26556,1.14156
6.26706,1.14152
6.26856,1.14148
6.27006,1.14144
6.27156,1.1414
6.27306,1.14136
6.27456,1.14132
6.27606,1.14129
6.27756,1.14125
6.27906,1.1412
6.28056,1.14117
6.28206,1.14113
6.28356,1.14109
6.28506,1.14105
6.28656,1.14101
6.28806,1.14097
6.28957,1.14092
6.29107,1.14089
6.29257,1.14085
6.29407,1.1408
6.29557,1.14076
6.29707,1.14072
6.29857,1.14068
6.30007,1.14064
6.30157,1.1406
6.30307,1.14056
6.30457,1.14051
6.30607,1.14047
6.30757,1.14043
6.30907,1.14039
6.31057,1.14035
6.31207,1.14031
6.31357,1.14026
6.31507,1.14022
6.31657,1.14018
6.31807,1.14014
6.31957,1.1401
6.32107,1.14005
6.32257,1.14001
6.32407,1.13997
6.32557,1.13993
6.32707,1.13988
6.32857,1.13984
6.33007,1.1398
6.33157,1.13976
6.33307,1.13972
6.33457,1.13967
6.33607,1.13963
6.33757,1.13959
6.33907,1.13955
6.34057,1.1395
6.34207,1.13946
6.34357,1.13942
6.34507,1.13938
6.34657,1.13933
6.34807,1.13929
6.34957,1.13925
6.35107,1.13921
6.35257,1.13917
6.35407,1.13913
6.35557,1.13908
6.35707,1.13904
6.35857,1.139
6.36007,1.13896
6.36157,1.13892
6.36307,1.13888
6.36457,1.13884
6.36607,1.13879
6.36757,1.13875
6.36907,1.13871
6.37057,1.13867
6.37207,1.13863
6.37357,1.13859
6.37507,1.13855
6.37657,1.13851
6.37807,1.13847
6.37957,1.13843
6.38107,1.13839
6.38257,1.13835
6.38407,1.13831
6.38557,1.13827
6.38707,1.13823
6.38857,1.1382
6.39007,1.13816
6.39157,1.13812
6.39307,1.13808
6.39457,1.13804
6.39607,1.138
6.39757,1.13796
6.39907,1.13792
6.40057,1.13789
6.40207,1.13785
6.40357,1.13781
6.40508,1.13777
6.40658,1.13774
6.40808,1.1377
6.40958,1.13766
6.41108,1.13762
6.41258,1.13759
6.41408,1.13755
6.41558,1.13751
6.41708,1.13747
6.41858,1.13744
6.42008,1.1374
6.42158,1.13736
6.42308,1.13732
6.42458,1.13729
6.42608,1.13725
6.42758,1.13721
6.42908,1.13717
6.43058,1.13714
6.43208,1.1371
6.43358,1.13706
6.43508,1.13702
6.43658,1.13699
6.43808,1.13695
6.43958,1.13691
6.44108,1.13687
6.44258,1.13683
6.44408,1.1368
6.44558,1.13676
6.44708,1.13672
6.44858,1.13668
6.45008,1.13664
6.45158,1.1366
6.45308,1.13657
6.45458,1.13653
6.45608,1.13649
6.45758,1.13645
6.45908,1.13641
6.46058,1.13637
6.46208,1.13633
6.46358,1.13629
6.46508,1.13625
6.46658,1.13621
6.46808,1.13617
6.46958,1.13613
6.47108,1.13609
6.47258,1.13605
6.47408,1.13601
6.47558,1.13597
6.47708,1.13593
6.47858,1.13589
6.48008,1.13585
6.48158,1.13581
6.48308,1.13576
6.48458,1.13572
6.48608,1.13568
6.48758,1.13564
6.48908,1.1356
6.49058,1.13556
6.49208,1.13552
6.49358,1.13548
6.49508,1.13544
6.49658,1.13539
6.49808,1.13535
6.49958,1.13531
6.50108,1.13527
6.50258,1.13523
6.50408,1.13519
6.50558,1.13514
6.50708,1.1351
6.50858,1.13506
6.51008,1.13502
6.51158,1.13498
6.51308,1.13493
6.51458,1.13489
6.51608,1.13485
6.51758,1.1348
6.51908,1.13476
6.52059,1.13471
6.52209,1.13467
6.52359,1.13462
6.52509,1.13458
6.52659,1.13454
6.52809,1.13449
6.52959,1.13445
6.53109,1.1344
6.53259,1.13435
6.53409,1.13431
6.53559,1.13426
6.53709,1.13421
6.53859,1.13417
6.54009,1.13412
6.54159,1.13407
6.54309,1.13403
6.54459,1.13398
6.54609,1.13393
6.54759,1.13388
6.54909,1.13383
6.55059,1.13378
6.55209,1.13373
6.55359,1.13368
6.55509,1.13364
6.55659,1.13359
6.55809,1.13353
6.55959,1.13349
6.56109,1.13344
6.56259,1.13338
6.56409,1.13333
6.56559,1.13328
6.56709,1.13323
6.56859,1.13318
6.57009,1.13313
6.57159,1.13307
6.57309,1.13302
6.57459,1.13297
6.57609,1.13292
6.57759,1.13286
6.57909,1.13281
6.58059,1.13276
6.58209,1.1327
6.58359,1.13265
6.58509,1.1326
6.58659,1.13254
6.58809,1.13249
6.58959,1.13243
6.59109,1.13238
6.59259,1.13232
6.59409,1.13227
6.59559,1.13221
6.59709,1.13215
6.59859,1.1321
6.60009,1.13204
6.60159,1.13199
6.60309,1.13193
6.60459,1.13187
6.60609,1.13181
6.60759,1.13175
6.60909,1.1317
6.61059,1.13164
6.61209,1.13158
6.61359,1.13152
6.61509,1.13146
6.61659,1.1314
6.61809,1.13134
6.61959,1.13128
6.62109,1.13122
6.62259,1.13116
6.62409,1.1311
6.62559,1.13103
6.62709,1.13097
6.62859,1.13091
6.63009,1.13085
6.63159,1.13078
6.63309,1.13072
6.63459,1.13066
6.6361,1.1306
6.6376,1.13053
6.6391,1.13047
6.6406,1.1304
6.6421,1.13034
6.6436,1.13027
6.6451,1.13021
6.6466,1.13014
6.6481,1.13008
6.6496,1.13001
6.6511,1.12995
6.6526,1.12988
6.6541,1.12981
6.6556,1.12975
6.6571,1.12968
6.6586,1.12962
6.6601,1.12955
6.6616,1.12948
6.6631,1.12942
6.6646,1.12935
6.6661,1.12928
6.6676,1.12922
6.6691,1.12915
6.6706,1.12908
6.6721,1.12902
6.6736,1.12895
6.6751,1.12888
6.6766,1.12882
6.6781,1.12875
6.6796,1.12868
6.6811,1.12861
6.6826,1.12855
6.6841,1.12848
6.6856,1.12841
6.6871,1.12835
6.6886,1.12828
6.6901,1.12821
6.6916,1.12814
6.6931,1.12808
6.6946,1.12801
6.6961,1.12794
6.6976,1.12788
6.6991,1.12781
6.7006,1.12774
6.7021,1.12767
6.7036,1.12761
6.7051,1.12754
6.7066,1.12747
6.7081,1.12741
6.7096,1.12734
6.7111,1.12728
6.7126,1.12721
6.7141,1.12714
6.7156,1.12708
6.7171,1.12701
6.7186,1.12694
6.7201,1.12688
6.7216,1.12681
6.7231,1.12675
6.7246,1.12668
6.7261,1.12661
6.7276,1.12655
6.7291,1.12648
6.7306,1.12642
6.7321,1.12635
6.7336,1.12629
6.7351,1.12623
6.7366,1.12616
6.7381,1.1261
6.7396,1.12603
6.7411,1.12597
6.7426,1.1259
6.7441,1.12584
6.7456,1.12578
6.7471,1.12571
6.7486,1.12565
6.7501,1.12559
6.75161,1.12552
6.75311,1.12546
6.75461,1.1254
6.75611,1.12534
6.75761,1.12528
6.75911,1.12521
6.76061,1.12515
6.76211,1.12509
6.76361,1.12503
6.76511,1.12496
6.76661,1.1249
6.76811,1.12484
6.76961,1.12478
6.77111,1.12472
6.77261,1.12466
6.77411,1.12459
6.77561,1.12454
6.77711,1.12447
6.77861,1.12441
6.78011,1.12435
6.78161,1.12429
6.78311,1.12423
6.78461,1.12417
6.78611,1.12411
6.78761,1.12405
6.78911,1.12399
6.79061,1.12393
6.79211,1.12387
6.79361,1.12381
6.79511,1.12375
6.79661,1.12369
6.79811,1.12363
6.79961,1.12357
6.80111,1.12351
6.80261,1.12345
6.80411,1.12339
6.80561,1.12333
6.80711,1.12327
6.80861,1.12321
6.81011,1.12315
6.81161,1.12309
6.81311,1.12303
6.81461,1.12298
6.81611,1.12292
6.81761,1.12286
6.81911,1.1228
6.82061,1.12274
6.82211,1.12268
6.82361,1.12262
6.82511,1.12256
6.82661,1.1225
6.82811,1.12244
6.82961,1.12238
6.83111,1.12233
6.83261,1.12227
6.83411,1.12221
6.83561,1.12215
6.83711,1.12209
6.83861,1.12203
6.84011,1.12197
6.84161,1.12192
6.84311,1.12186
6.84461,1.1218
6.84611,1.12174
6.84761,1.12168
6.84911,1.12162
6.85061,1.12157
6.85211,1.12151
6.85361,1.12145
6.85511,1.12139
6.85661,1.12133
6.85811,1.12127
6.85961,1.12122
6.86111,1.12116
6.86261,1.1211
6.86411,1.12104
6.86561,1.12099
6.86712,1.12093
6.86862,1.12087
6.87012,1.12081
6.87162,1.12076
6.87312,1.1207
6.87462,1.12064
6.87612,1.12059
6.87762,1.12053
6.87912,1.12047
6.88062,1.12042
6.88212,1.12036
6.88362,1.1203
6.88512,1.12025
6.88662,1.12019
6.88812,1.12013
6.88962,1.12008
6.89112,1.12002
6.89262,1.11997
6.89412,1.11991
6.89562,1.11985
6.89712,1.1198
6.89862,1.11974
6.90012,1.11969
6.90162,1.11963
6.90312,1.11958
6.90462,1.11952
6.90612,1.11946
6.90762,1.11941
6.90912,1.11935
6.91062,1.1193
6.91212,1.11924
6.91362,1.11919
6.91512,1.11913
6.91662,1.11908
6.91812,1.11903
6.91962,1.11897
6.92112,1.11892
6.92262,1.11886
6.92412,1.11881
6.92562,1.11875
6.92712,1.1187
6.92862,1.11865
6.93012,1.11859
6.93162,1.11854
6.93312,1.11849
6.93462,1.11844
6.93612,1.11838
6.93762,1.11833
6.93912,1.11828
6.94062,1.11823
6.94212,1.11818
6.94362,1.11812
6.94512,1.11807
6.94662,1.11802
6.94812,1.11797
6.94962,1.11792
6.95112,1.11787
6.95262,1.11782
6.95412,1.11777
6.95562,1.11772
6.95712,1.11767
6.95862,1.11762
6.96012,1.11757
6.96162,1.11752
6.96312,1.11748
6.96462,1.11743
6.96612,1.11738
6.96762,1.11733
6.96912,1.11728
6.97062,1.11724
6.97212,1.11719
6.97362,1.11714
6.97512,1.11709
6.97662,1.11705
6.97812,1.117
6.97962,1.11696
6.98112,1.11691
6.98263,1.11686
6.98413,1.11682
6.98563,1.11677
6.98713,1.11673
6.98863,1.11668
6.99013,1.11664
6.99163,1.11659
6.99313,1.11655
6.99463,1.1165
6.99613,1.11646
6.99763,1.11641
6.99913,1.11637
7.00063,1.11632
7.00213,1.11628
7.00363,1.11624
7.00513,1.11619
7.00663,1.11615
7.00813,1.11611
7.00963,1.11606
7.01113,1.11602
7.01263,1.11598
7.01413,1.11593
7.01563,1.11589
7.01713,1.11585
7.01863,1.11581
7.02013,1.11576
7.02163,1.11572
7.02313,1.11568
7.02463,1.11564
7.02613,1.11559
7.02763,1.11555
7.02913,1.11551
7.03063,1.11547
7.03213,1.11543
7.03363,1.11538
7.03513,1.11534
7.03663,1.1153
7.03813,1.11526
7.03963,1.11522
7.04113,1.11518
7.04263,1.11513
7.04413,1.11509
7.04563,1.11505
7.04713,1.11501
7.04863,1.11497
7.05013,1.11493
7.05163,1.11489
7.05313,1.11485
7.05463,1.1148
7.05613,1.11476
7.05763,1.11472
7.05913,1.11468
7.06063,1.11464
7.06213,1.1146
7.06363,1.11456
7.06513,1.11452
7.06663,1.11448
7.06813,1.11444
7.06963,1.1144
7.07113,1.11436
7.07263,1.11431
7.07413,1.11427
7.07563,1.11423
7.07713,1.11419
7.07863,1.11415
7.08013,1.11411
7.08163,1.11406
7.08313,1.11402
7.08463,1.11398
7.08613,1.11394
7.08763,1.1139
7.08913,1.11386
7.09063,1.11381
7.09213,1.11377
7.09363,1.11373
7.09513,1.11369
7.09663,1.11365
7.09813,1.1136
7.09964,1.11356
7.10114,1.11352
7.10264,1.11348
7.10414,1.11343
7.10564,1.11339
7.10714,1.11335
7.10864,1.11331
7.11014,1.11327
7.11164,1.11322
7.11314,1.11318
7.11464,1.11314
7.11614,1.1131
7.11764,1.11306
7.11914,1.11301
7.12064,1.11297
7.12214,1.11293
7.12364,1.11289
7.12514,1.11285
7.12664,1.1128
7.12814,1.11276
7.12964,1.11272
7.13114,1.11268
7.13264,1.11263
7.13414,1.11259
7.13564,1.11255
7.13714,1.11251
7.13864,1.11246
7.14014,1.11242
7.14164,1.11238
7.14314,1.11234
7.14464,1.11229
7.14614,1.11225
7.14764,1.11221
7.14914,1.11217
7.15064,1.11212
7.15214,1.11208
7.15364,1.11204
7.15514,1.11199
7.15664,1.11195
7.15814,1.11191
7.15964,1.11186
7.16114,1.11182
7.16264,1.11178
7.16414,1.11173
7.16564,1.11169
7.16714,1.11165
7.16864,1.1116
7.17014,1.11156
7.17164,1.11151
7.17314,1.11147
7.17464,1.11143
7.17614,1.11138
7.17764,1.11134
7.17914,1.11129
7.18064,1.11125
7.18214,1.1112
7.18364,1.11116
7.18514,1.11111
7.18664,1.11107
7.18814,1.11102
7.18964,1.11098
7.19114,1.11093
7.19264,1.11089
7.19414,1.11084
7.19564,1.1108
7.19714,1.11075
7.19864,1.11071
7.20014,1.11066
7.20164,1.11062
7.20314,1.11057
7.20464,1.11053
7.20614,1.11048
7.20764,1.11044
7.20914,1.11039
7.21064,1.11034
7.21214,1.1103
7.21364,1.11025
7.21515,1.11021
7.21665,1.11016
7.21815,1.11012
7.21965,1.11007
7.22115,1.11003
7.22265,1.10998
7.22415,1.10993
7.22565,1.10989
7.22715,1.10984
7.22865,1.1098
7.23015,1.10975
7.23165,1.10971
7.23315,1.10966
7.23465,1.10962
7.23615,1.10957
7.23765,1.10953
7.23915,1.10948
7.24065,1.10944
7.24215,1.1094
7.24365,1.10935
7.24515,1.10931
7.24665,1.10927
7.24815,1.10922
7.24965,1.10918
7.25115,1.10914
7.25265,1.1091
7.25415,1.10906
7.25565,1.10902
7.25715,1.10898
7.25865,1.10894
7.26015,1.1089
7.26165,1.10886
7.26315,1.10882
7.26465,1.10879
7.26615,1.10875
7.26765,1.10872
7.26915,1.10868
7.27065,1.10865
7.27215,1.10862
7.27365,1.10858
7.27515,1.10856
7.27665,1.10852
7.27815,1.10849
7.27965,1.10846
7.28115,1.10844
7.28265,1.10841
7.28415,1.10838
7.28565,1.10835
7.28715,1.10833
7.28865,1.1083
7.29015,1.10828
7.29165,1.10825
7.29315,1.10823
7.29465,1.1082
7.29615,1.10818
7.29765,1.10816
7.29915,1.10813
7.30065,1.10811
7.30215,1.10809
7.30365,1.10807
7.30515,1.10804
7.30665,1.10802
7.30815,1.108
7.30965,1.10798
7.31115,1.10796
7.31265,1.10794
7.31415,1.10792
7.31565,1.10789
7.31715,1.10787
7.31865,1.10785
7.32015,1.10783
7.32165,1.10781
7.32315,1.10779
7.32465,1.10776
7.32615,1.10774
7.32765,1.10772
7.32915,1.1077
7.33066,1.10768
7.33216,1.10766
7.33366,1.10763
7.33516,1.10761
7.33666,1.10759
7.33816,1.10757
7.33966,1.10755
7.34116,1.10753
7.34266,1.1075
7.34416,1.10748
7.34566,1.10746
7.34716,1.10744
7.34866,1.10742
7.35016,1.1074
7.35166,1.10738
7.35316,1.10735
7.35466,1.10733
7.35616,1.10731
7.35766,1.10729
7.35916,1.10727
7.36066,1.10725
7.36216,1.10723
7.36366,1.10721
7.36516,1.10719
7.36666,1.10717
7.36816,1.10715
7.36966,1.10713
7.37116,1.10711
7.37266,1.10709
7.37416,1.10708
7.37566,1.10706
7.37716,1.10704
7.37866,1.10702
7.38016,1.107
7.38166,1.10698
7.38316,1.10697
7.38466,1.10695
7.38616,1.10693
7.38766,1.10691
7.38916,1.10689
7.39066,1.10688
7.39216,1.10686
7.39366,1.10684
7.39516,1.10682
7.39666,1.10681
7.39816,1.10679
7.39966,1.10677
7.40116,1.10675
7.40266,1.10673
7.40416,1.10671
7.40566,1.1067
7.40716,1.10668
7.40866,1.10666
7.41016,1.10664
7.41166,1.10662
7.41316,1.1066
7.41466,1.10658
7.41616,1.10656
7.41766,1.10654
7.41916,1.10652
7.42066,1.1065
7.42216,1.10647
7.42366,1.10645
7.42516,1.10643
7.42666,1.10641
7.42816,1.10639
7.42966,1.10636
7.43116,1.10634
7.43266,1.10631
7.43416,1.10629
7.43566,1.10627
7.43716,1.10624
7.43866,1.10621
7.44016,1.10619
7.44166,1.10616
7.44316,1.10613
7.44466,1.1061
7.44617,1.10607
7.44767,1.10604
7.44917,1.10601
7.45067,1.10598
7.45217,1.10595
7.45367,1.10592
7.45517,1.10588
7.45667,1.10585
7.45817,1.10582
7.45967,1.10579
7.46117,1.10575
7.46267,1.10572
7.46417,1.10569
7.46567,1.10566
7.46717,1.10563
7.46867,1.1056
7.47017,1.10557
7.47167,1.10555
7.47317,1.10552
7.47467,1.1055
7.47617,1.10547
7.47767,1.10545
7.47917,1.10543
7.48067,1.10542
7.48217,1.1054
7.48367,1.10538
7.48517,1.10537
7.48667,1.10536
7.48817,1.10535
7.48967,1.10535
7.49117,1.10534
7.49267,1.10534
7.49417,1.10533
7.49567,1.10533
7.49717,1.10533
7.49867,1.10533
7.50017,1.10533
7.50167,1.10533
7.50317,1.10533
7.50467,1.10533
7.50617,1.10532
7.50767,1.10532
7.50917,1.10532
7.51067,1.10531
7.51217,1.1053
7.51367,1.10529
7.51517,1.10528
7.51667,1.10527
7.51817,1.10525
7.51967,1.10523
7.52117,1.10521
7.52267,1.10519
7.52417,1.10517
7.52567,1.10514
7.52717,1.10511
7.52867,1.10508
7.53017,1.10505
7.53167,1.10502
7.53317,1.10498
7.53467,1.10494
7.53617,1.10491
7.53767,1.10486
7.53917,1.10483
7.54067,1.10478
7.54217,1.10474
7.54367,1.1047
7.54517,1.10465
7.54667,1.10461
7.54817,1.10456
7.54967,1.10451
7.55117,1.10447
7.55267,1.10442
7.55417,1.10438
7.55567,1.10433
7.55717,1.10428
7.55867,1.10423
7.56017,1.10419
7.56168,1.10414
7.56318,1.1041
7.56468,1.10405
7.56618,1.10401
7.56768,1.10397
7.56918,1.10392
7.57068,1.10388
7.57218,1.10384
7.57368,1.10379
7.57518,1.10376
7.57668,1.10371
7.57818,1.10367
7.57968,1.10364
7.58118,1.1036
7.58268,1.10356
7.58418,1.10352
7.58568,1.10348
7.58718,1.10345
7.58868,1.10341
7.59018,1.10338
7.59168,1.10334
7.59318,1.10331
7.59468,1.10327
7.59618,1.10324
7.59768,1.1032
7.59918,1.10317
7.60068,1.10314
7.60218,1.10311
7.60368,1.10308
7.60518,1.10304
7.60668,1.10301
7.60818,1.10298
7.60968,1.10295
7.61118,1.10293
7.61268,1.1029
7.61418,1.10287
7.61568,1.10284
7.61718,1.10282
7.61868,1.10279
7.62018,1.10277
7.62168,1.10274
7.62318,1.10272
7.62468,1.10269
7.62618,1.10267
7.62768,1.10265
7.62918,1.10263
7.63068,1.10261
7.63218,1.10259
7.63368,1.10257
7.63518,1.10255
7.63668,1.10253
7.63818,1.10251
7.63968,1.10249
7.64118,1.10247
7.64268,1.10245
7.64418,1.10243
7.64568,1.10241
7.64718,1.10239
7.64868,1.10238
7.65018,1.10236
7.65168,1.10234
7.65318,1.10232
7.65468,1.1023
7.65618,1.10228
7.65768,1.10226
7.65918,1.10224
7.66068,1.10222
7.66218,1.10221
7.66368,1.10219
7.66518,1.10217
7.66668,1.10215
7.66818,1.10213
7.66968,1.10211
7.67118,1.10209
7.67268,1.10207
7.67418,1.10205
7.67568,1.10203
7.67719,1.10201
7.67869,1.10199
7.68019,1.10197
7.68169,1.10196
7.68319,1.10194
7.68469,1.10192
7.68619,1.1019
7.68769,1.10188
7.68919,1.10187
7.69069,1.10185
7.69219,1.10183
7.69369,1.10181
7.69519,1.1018
7.69669,1.10178
7.69819,1.10177
7.69969,1.10175
7.70119,1.10174
7.70269,1.10173
7.70419,1.10172
7.70569,1.1017
7.70719,1.10169
7.70869,1.10168
7.71019,1.10167
7.71169,1.10166
7.71319,1.10165
7.71469,1.10165
7.71619,1.10164
7.71769,1.10164
7.71919,1.10163
7.72069,1.10163
7.72219,1.10162
7.72369,1.10162
7.72519,1.10162
7.72669,1.10162
7.72819,1.10162
7.72969,1.10162
7.73119,1.10162
7.73269,1.10162
7.73419,1.10163
7.73569,1.10163
7.73719,1.10163
7.73869,1.10164
7.74019,1.10164
7.74169,1.10165
7.74319,1.10165
7.74469,1.10166
7.74619,1.10166
7.74769,1.10167
7.74919,1.10167
7.75069,1.10167
7.75219,1.10168
7.75369,1.10168
7.75519,1.10169
7.75669,1.10169
7.75819,1.10169
7.75969,1.1017
7.76119,1.1017
7.76269,1.1017
7.76419,1.1017
7.76569,1.10171
7.76719,1.10171
7.76869,1.10171
7.77019,1.10171
7.77169,1.10171
7.77319,1.1017
7.77469,1.1017
7.77619,1.1017
7.77769,1.1017
7.77919,1.10169
7.78069,1.10169
7.78219,1.10169
7.78369,1.10168
7.78519,1.10167
7.78669,1.10167
7.78819,1.10166
7.78969,1.10166
7.79119,1.10165
7.7927,1.10164
7.7942,1.10163
7.7957,1.10162
7.7972,1.10161
7.7987,1.1016
7.8002,1.10159
7.8017,1.10158
7.8032,1.10157
7.8047,1.10156
7.8062,1.10155
7.8077,1.10154
7.8092,1.10153
7.8107,1.10152
7.8122,1.1015
7.8137,1.10149
7.8152,1.10148
7.8167,1.10147
7.8182,1.10145
7.8197,1.10144
7.8212,1.10143
7.8227,1.10142
7.8242,1.1014
7.8257,1.10139
7.8272,1.10138
7.8287,1.10136
7.8302,1.10135
7.8317,1.10134
7.8332,1.10133
7.8347,1.10132
7.8362,1.1013
7.8377,1.10129
7.8392,1.10128
7.8407,1.10127
7.8422,1.10126
7.8437,1.10125
7.8452,1.10123
7.8467,1.10122
7.8482,1.10121
7.8497,1.1012
7.8512,1.10119
7.8527,1.10118
7.8542,1.10117
7.8557,1.10116
7.8572,1.10114
7.8587,1.10113
7.8602,1.10112
7.8617,1.10111
7.8632,1.10109
7.8647,1.10108
7.8662,1.10107
7.8677,1.10105
7.8692,1.10103
7.8707,1.10102
7.8722,1.101
7.8737,1.10098
7.8752,1.10096
7.8767,1.10095
7.8782,1.10093
7.8797,1.10091
7.8812,1.10088
7.8827,1.10086
7.8842,1.10084
7.8857,1.10082
7.8872,1.1008
7.8887,1.10077
7.8902,1.10075
7.8917,1.10072
7.8932,1.1007
7.8947,1.10067
7.8962,1.10065
7.8977,1.10062
7.8992,1.10059
7.9007,1.10057
7.9022,1.10054
7.9037,1.10052
7.9052,1.10049
7.9067,1.10046
7.90821,1.10043
7.90971,1.10041
7.91121,1.10038
7.91271,1.10036
7.91421,1.10033
7.91571,1.1003
7.91721,1.10028
7.91871,1.10025
7.92021,1.10022
7.92171,1.1002
7.92321,1.10018
7.92471,1.10015
7.92621,1.10013
7.92771,1.10011
7.92921,1.10008
7.93071,1.10006
7.93221,1.10004
7.93371,1.10002
7.93521,1.1
7.93671,1.09998
7.93821,1.09996
7.93971,1.09994
7.94121,1.09992
7.94271,1.09991
7.94421,1.09989
7.94571,1.09987
7.94721,1.09986
7.94871,1.09984
7.95021,1.09983
7.95171,1.09981
7.95321,1.0998
7.95471,1.09979
7.95621,1.09977
7.95771,1.09976
7.95921,1.09975
7.96071,1.09973
7.96221,1.09972
7.96371,1.09971
7.96521,1.0997
7.96671,1.09969
7.96821,1.09968
7.96971,1.09967
7.97121,1.09966
7.97271,1.09965
7.97421,1.09964
7.97571,1.09963
7.97721,1.09962
7.97871,1.09961
7.98021,1.0996
7.98171,1.09959
7.98321,1.09958
7.98471,1.09957
7.98621,1.09956
7.98771,1.09955
7.98921,1.09954
7.99071,1.09953
7.99221,1.09952
7.99371,1.09951
7.99521,1.0995
7.99671,1.09949
7.99821,1.09948
7.99971,1.09947
8.00121,1.09946
8.00271,1.09945
8.00421,1.09944
8.00571,1.09943
8.00721,1.09942
8.00871,1.09942
8.01021,1.09941
8.01171,1.0994
8.01321,1.09939
8.01471,1.09938
8.01621,1.09937
8.01771,1.09936
8.01921,1.09936
8.02071,1.09935
8.02221,1.09934
8.02372,1.09933
8.02522,1.09932
8.02672,1.09932
8.02822,1.09931
8.02972,1.0993
8.03122,1.09929
8.03272,1.09929
8.03422,1.09928
8.03572,1.09927
8.03722,1.09926
8.03872,1.09926
8.04022,1.09925
8.04172,1.09925
8.04322,1.09924
8.04472,1.09923
8.04622,1.09923
8.04772,1.09922
8.04922,1.09922
8.05072,1.09922
8.05222,1.09921
8.05372,1.09921
8.05522,1.0992
8.05672,1.0992
8.05822,1.0992
8.05972,1.09919
8.06122,1.09919
8.06272,1.09919
8.06422,1.09919
8.06572,1.09919
8.06722,1.09919
8.06872,1.09919
8.07022,1.09919
8.07172,1.09919
8.07322,1.09919
8.07472,1.09919
8.07622,1.09919
8.07772,1.09919
8.07922,1.09919
8.08072,1.09919
8.08222,1.0992
8.08372,1.0992
8.08522,1.0992
8.08672,1.09921
8.08822,1.09921
8.08972,1.09922
8.09122,1.09922
8.09272,1.09923
8.09422,1.09924
8.09572,1.09925
8.09722,1.09925
8.09872,1.09926
8.10022,1.09927
8.10172,1.09928
8.10322,1.09929
8.10472,1.0993
8.10622,1.09932
8.10772,1.09933
8.10922,1.09934
8.11072,1.09936
8.11222,1.09937
8.11372,1.09939
8.11522,1.09941
8.11672,1.09942
8.11822,1.09944
8.11972,1.09946
8.12122,1.09948
8.12272,1.0995
8.12422,1.09953
8.12572,1.09955
8.12722,1.09957
8.12872,1.09959
8.13022,1.09962
8.13172,1.09964
8.13322,1.09967
8.13472,1.0997
8.13622,1.09972
8.13772,1.09975
8.13923,1.09978
8.14073,1.0998
8.14223,1.09983
8.14373,1.09986
8.14523,1.09989
8.14673,1.09992
8.14823,1.09995
8.14973,1.09998
8.15123,1.1
8.15273,1.10003
8.15423,1.10006
8.15573,1.10009
8.15723,1.10012
8.15873,1.10015
8.16023,1.10018
8.16173,1.1002
8.16323,1.10023
8.16473,1.10025
8.16623,1.10028
8.16773,1.10031
8.16923,1.10033
8.17073,1.10036
8.17223,1.10038
8.17373,1.10041
8.17523,1.10043
8.17673,1.10045
8.17823,1.10047
8.17973,1.10049
8.18123,1.10052
8.18273,1.10054
8.18423,1.10056
8.18573,1.10058
8.18723,1.1006
8.18873,1.10062
8.19023,1.10064
8.19173,1.10066
8.19323,1.10069
8.19473,1.10071
8.19623,1.10073
8.19773,1.10075
8.19923,1.10077
8.20073,1.10079
8.20223,1.10081
8.20373,1.10083
8.20523,1.10085
8.20673,1.10087
8.20823,1.10089
8.20973,1.10091
8.21123,1.10094
8.21273,1.10096
8.21423,1.10098
8.21573,1.101
8.21723,1.10103
8.21873,1.10105
8.22023,1.10108
8.22173,1.1011
8.22323,1.10112
8.22473,1.10115
8.22623,1.10118
8.22773,1.1012
8.22923,1.10123
8.23073,1.10126
8.23223,1.10129
8.23373,1.10132
8.23523,1.10134
8.23673,1.10137
8.23823,1.1014
8.23973,1.10144
8.24123,1.10147
8.24273,1.1015
8.24423,1.10153
8.24573,1.10157
8.24723,1.1016
8.24873,1.10163
8.25023,1.10167
8.25173,1.1017
8.25323,1.10174
8.25473,1.10178
8.25624,1.10182
8.25774,1.10185
8.25924,1.10189
8.26074,1.10193
8.26224,1.10197
8.26374,1.10201
8.26524,1.10205
8.26674,1.10209
8.26824,1.10213
8.26974,1.10217
8.27124,1.10221
8.27274,1.10225
8.27424,1.10229
8.27574,1.10233
8.27724,1.10237
8.27874,1.10242
8.28024,1.10246
8.28174,1.1025
8.28324,1.10254
8.28474,1.10258
8.28624,1.10262
8.28774,1.10266
8.28924,1.10271
8.29074,1.10275
8.29224,1.10279
8.29374,1.10283
8.29524,1.10287
8.29674,1.10291
8.29824,1.10295
8.29974,1.10299
8.30124,1.10303
8.30274,1.10307
8.30424,1.10311
8.30574,1.10315
8.30724,1.10319
8.30874,1.10323
8.31024,1.10326
8.31174,1.1033
8.31324,1.10334
8.31474,1.10338
8.31624,1.10342
8.31774,1.10345
8.31924,1.10349
8.32074,1.10353
8.32224,1.10356
8.32374,1.1036
8.32524,1.10364
8.32674,1.10367
8.32824,1.10371
8.32974,1.10374
8.33124,1.10378
8.33274,1.10382
8.33424,1.10385
8.33574,1.10389
8.33724,1.10392
8.33874,1.10396
8.34024,1.10399
8.34174,1.10403
8.34324,1.10407
8.34474,1.1041
8.34624,1.10414
8.34774,1.10417
8.34924,1.10421
8.35074,1.10425
8.35224,1.10428
8.35374,1.10432
8.35524,1.10436
8.35674,1.10439
8.35824,1.10443
8.35974,1.10447
8.36124,1.1045
8.36274,1.10454
8.36424,1.10458
8.36574,1.10461
8.36724,1.10465
8.36874,1.10469
8.37024,1.10473
8.37175,1.10477
8.37325,1.10481
8.37475,1.10484
8.37625,1.10488
8.37775,1.10492
8.37925,1.10496
8.38075,1.105
8.38225,1.10504
8.38375,1.10508
8.38525,1.10512
8.38675,1.10516
8.38825,1.1052
8.38975,1.10523
8.39125,1.10527
8.39275,1.10531
8.39425,1.10535
8.39575,1.10539
8.39725,1.10543
8.39875,1.10547
8.40025,1.10551
8.40175,1.10555
8.40325,1.10559
8.40475,1.10563
8.40625,1.10567
8.40775,1.10571
8.40925,1.10575
8.41075,1.10579
8.41225,1.10583
8.41375,1.10587
8.41525,1.10591
8.41675,1.10594
8.41825,1.10598
8.41975,1.10602
8.42125,1.10606
8.42275,1.1061
8.42425,1.10614
8.42575,1.10618
8.42725,1.10622
8.42875,1.10625
8.43025,1.10629
8.43175,1.10633
8.43325,1.10637
8.43475,1.10641
8.43625,1.10645
8.43775,1.10649
8.43925,1.10652
8.44075,1.10656
8.44225,1.1066
8.44375,1.10664
8.44525,1.10667
8.44675,1.10671
8.44825,1.10675
8.44975,1.10679
8.45125,1.10683
8.45275,1.10687
8.45425,1.10691
8.45575,1.10695
8.45725,1.10698
8.45875,1.10702
8.46025,1.10706
8.46175,1.1071
8.46325,1.10714
8.46475,1.10718
8.46625,1.10722
8.46775,1.10726
8.46925,1.1073
8.47075,1.10734
8.47225,1.10738
8.47375,1.10742
8.47525,1.10747
8.47675,1.10751
8.47825,1.10755
8.47975,1.10759
8.48125,1.10764
8.48275,1.10768
8.48425,1.10772
8.48575,1.10777
8.48726,1.10781
8.48876,1.10786
8.49026,1.1079
8.49176,1.10795
8.49326,1.108
8.49476,1.10805
8.49626,1.10809
8.49776,1.10814
8.49926,1.10819
8.50076,1.10824
8.50226,1.10829
8.50376,1.10834
8.50526,1.10839
8.50676,1.10844
8.50826,1.10849
8.50976,1.10854
8.51126,1.1086
8.51276,1.10865
8.51426,1.1087
8.51576,1.10876
8.51726,1.10881
8.51876,1.10886
8.52026,1.10892
8.52176,1.10897
8.52326,1.10903
8.52476,1.10908
8.52626,1.10914
8.52776,1.1092
8.52926,1.10926
8.53076,1.10931
8.53226,1.10937
8.53376,1.10943
8.53526,1.10949
8.53676,1.10955
8.53826,1.1096
8.53976,1.10966
8.54126,1.10972
8.54276,1.10978
8.54426,1.10984
8.54576,1.1099
8.54726,1.10996
8.54876,1.11002
8.55026,1.11008
8.55176,1.11014
8.55326,1.11021
8.55476,1.11027
8.55626,1.11033
8.55776,1.11039
8.55926,1.11045
8.56076,1.11051
8.56226,1.11057
8.56376,1.11063
8.56526,1.11069
8.56676,1.11075
8.56826,1.11081
8.56976,1.11087
8.57126,1.11094
8.57276,1.111
8.57426,1.11106
8.57576,1.11112
8.57726,1.11118
8.57876,1.11124
8.58026,1.1113
8.58176,1.11136
8.58326,1.11142
8.58476,1.11148
8.58626,1.11154
8.58776,1.11161
8.58926,1.11167
8.59076,1.11173
8.59226,1.11179
8.59376,1.11185
8.59526,1.11191
8.59676,1.11197
8.59826,1.11203
8.59976,1.11209
8.60126,1.11215
8.60277,1.11222
8.60427,1.11228
8.60577,1.11234
8.60727,1.1124
8.60877,1.11246
8.61027,1.11252
8.61177,1.11259
8.61327,1.11265
8.61477,1.11271
8.61627,1.11278
8.61777,1.11284
8.61927,1.1129
8.62077,1.11297
8.62227,1.11303
8.62377,1.11309
8.62527,1.11316
8.62677,1.11322
8.62827,1.11329
8.62977,1.11335
8.63127,1.11342
8.63277,1.11349
8.63427,1.11355
8.63577,1.11362
8.63727,1.11369
8.63877,1.11376
8.64027,1.11382
8.64177,1.11389
8.64327,1.11396
8.64477,1.11403
8.64627,1.1141
8.64777,1.11417
8.64927,1.11424
8.65077,1.11431
8.65227,1.11438
8.65377,1.11445
8.65527,1.11452
8.65677,1.11459
8.65827,1.11466
8.65977,1.11473
8.66127,1.1148
8.66277,1.11487
8.66427,1.11494
8.66577,1.11501
8.66727,1.11508
8.66877,1.11516
8.67027,1.11523
8.67177,1.1153
8.67327,1.11537
8.67477,1.11544
8.67627,1.11551
8.67777,1.11558
8.67927,1.11565
8.68077,1.11573
8.68227,1.1158
8.68377,1.11587
8.68527,1.11594
8.68677,1.11601
8.68827,1.11608
8.68977,1.11615
8.69127,1.11622
8.69277,1.11629
8.69427,1.11636
8.69577,1.11643
8.69727,1.1165
8.69877,1.11657
8.70027,1.11664
8.70177,1.11671
8.70327,1.11678
8.70477,1.11685
8.70627,1.11691
8.70777,1.11698
8.70927,1.11705
8.71077,1.11712
8.71227,1.11719
8.71377,1.11726
8.71527,1.11732
8.71677,1.11739
8.71828,1.11745
8.71978,1.11752
8.72128,1.11759
8.72278,1.11765
8.72428,1.11772
8.72578,1.11778
8.72728,1.11785
8.72878,1.11791
8.73028,1.11798
8.73178,1.11804
8.73328,1.11811
8.73478,1.11817
8.73628,1.11824
8.73778,1.1183
8.73928,1.11836
8.74078,1.11842
8.74228,1.11849
8.74378,1.11855
8.74528,1.11861
8.74678,1.11867
8.74828,1.11873
8.74978,1.11879
8.75128,1.11885
8.75278,1.11891
8.75428,1.11897
8.75578,1.11903
8.75728,1.11909
8.75878,1.11915
8.76028,1.11921
8.76178,1.11927
8.76328,1.11932
8.76478,1.11938
8.76628,1.11944
8.76778,1.1195
8.76928,1.11955
8.77078,1.11961
8.77228,1.11967
8.77378,1.11972
8.77528,1.11978
8.77678,1.11984
8.77828,1.11989
8.77978,1.11995
8.78128,1.12
8.78278,1.12006
8.78428,1.12011
8.78578,1.12017
8.78728,1.12022
8.78878,1.12028
8.79028,1.12033
8.79178,1.12039
8.79328,1.12044
8.79478,1.1205
8.79628,1.12055
8.79778,1.12061
8.79928,1.12066
8.80078,1.12071
8.80228,1.12077
8.80378,1.12082
8.80528,1.12088
8.80678,1.12093
8.80828,1.12099
8.80978,1.12104
8.81128,1.12109
8.81278,1.12115
8.81428,1.1212
8.81578,1.12125
8.81728,1.12131
8.81878,1.12136
8.82028,1.12142
8.82178,1.12147
8.82328,1.12153
8.82478,1.12158
8.82628,1.12163
8.82778,1.12169
8.82928,1.12174
8.83078,1.1218
8.83228,1.12185
8.83379,1.12191
8.83529,1.12196
8.83679,1.12202
8.83829,1.12207
8.83979,1.12213
8.84129,1.12218
8.84279,1.12223
8.84429,1.12229
8.84579,1.12235
8.84729,1.1224
8.84879,1.12245
8.85029,1.12251
8.85179,1.12256
8.85329,1.12262
8.85479,1.12267
8.85629,1.12273
8.85779,1.12278
8.85929,1.12284
8.86079,1.12289
8.86229,1.12294
8.86379,1.123
8.86529,1.12305
8.86679,1.12311
8.86829,1.12316
8.86979,1.12321
8.87129,1.12327
8.87279,1.12332
8.87429,1.12337
8.87579,1.12342
8.87729,1.12347
8.87879,1.12352
8.88029,1.12358
8.88179,1.12363
8.88329,1.12368
8.88479,1.12373
8.88629,1.12378
8.88779,1.12383
8.88929,1.12388
8.89079,1.12392
8.89229,1.12397
8.89379,1.12402
8.89529,1.12407
8.89679,1.12411
8.89829,1.12416
8.89979,1.12421
8.90129,1.12425
8.90279,1.1243
8.90429,1.12434
8.90579,1.12439
8.90729,1.12443
8.90879,1.12448
8.91029,1.12452
8.91179,1.12456
8.91329,1.12461
8.91479,1.12465
8.91629,1.12469
8.91779,1.12474
8.91929,1.12478
8.92079,1.12482
8.92229,1.12486
8.92379,1.12491
8.92529,1.12495
8.92679,1.12499
8.92829,1.12503
8.92979,1.12507
8.93129,1.12511
8.93279,1.12515
8.93429,1.1252
8.93579,1.12524
8.93729,1.12528
8.93879,1.12532
8.94029,1.12536
8.94179,1.1254
8.94329,1.12544
8.94479,1.12548
8.94629,1.12552
8.94779,1.12556
8.9493,1.1256
8.9508,1.12564
8.9523,1.12569
8.9538,1.12573
8.9553,1.12577
8.9568,1.12581
8.9583,1.12585
8.9598,1.12589
8.9613,1.12593
8.9628,1.12597
8.9643,1.12601
8.9658,1.12605
8.9673,1.12609
8.9688,1.12613
8.9703,1.12616
8.9718,1.1262
8.9733,1.12624
8.9748,1.12628
8.9763,1.12632
8.9778,1.12636
8.9793,1.1264
8.9808,1.12643
8.9823,1.12647
8.9838,1.12651
8.9853,1.12655
8.9868,1.12658
8.9883,1.12662
8.9898,1.12666
8.9913,1.1267
8.9928,1.12673
8.9943,1.12677
8.9958,1.1268
8.9973,1.12684
8.9988,1.12687
9.0003,1.12691
9.0018,1.12694
9.0033,1.12698
9.0048,1.12701
9.0063,1.12705
9.0078,1.12708
9.0093,1.12711
9.0108,1.12715
9.0123,1.12718
9.0138,1.12721
9.0153,1.12725
9.0168,1.12728
9.0183,1.12731
9.0198,1.12734
9.0213,1.12738
9.0228,1.12741
9.0243,1.12744
9.0258,1.12747
9.0273,1.1275
9.0288,1.12753
9.0303,1.12756
9.0318,1.12759
9.0333,1.12762
9.0348,1.12766
9.0363,1.12769
9.0378,1.12771
9.0393,1.12775
9.0408,1.12777
9.0423,1.1278
9.0438,1.12783
9.0453,1.12786
9.0468,1.12789
9.0483,1.12792
9.0498,1.12795
9.0513,1.12798
9.0528,1.128
9.0543,1.12803
9.0558,1.12806
9.0573,1.12808
9.0588,1.12811
9.0603,1.12814
9.0618,1.12816
9.0633,1.12819
9.06481,1.12821
9.06631,1.12824
9.06781,1.12826
9.06931,1.12828
9.07081,1.12831
9.07231,1.12833
9.07381,1.12835
9.07531,1.12837
9.07681,1.12839
9.07831,1.12841
9.07981,1.12843
9.08131,1.12845
9.08281,1.12847
9.08431,1.12849
9.08581,1.12851
9.08731,1.12853
9.08881,1.12854
9.09031,1.12856
9.09181,1.12857
9.09331,1.12859
9.09481,1.12861
9.09631,1.12862
9.09781,1.12863
9.09931,1.12865
9.10081,1.12866
9.10231,1.12867
9.10381,1.12868
9.10531,1.12869
9.10681,1.1287
9.10831,1.12871
9.10981,1.12872
9.11131,1.12873
9.11281,1.12874
9.11431,1.12875
9.11581,1.12876
9.11731,1.12877
9.11881,1.12878
9.12031,1.12878
9.12181,1.12879
9.12331,1.1288
9.12481,1.12881
9.12631,1.12881
9.12781,1.12882
9.12931,1.12883
9.13081,1.12883
9.13231,1.12884
9.13381,1.12884
9.13531,1.12885
9.13681,1.12886
9.13831,1.12886
9.13981,1.12886
9.14131,1.12887
9.14281,1.12887
9.14431,1.12888
9.14581,1.12888
9.14731,1.12889
9.14881,1.12889
9.15031,1.12889
9.15181,1.1289
9.15331,1.1289
9.15481,1.1289
9.15631,1.12891
9.15781,1.12891
9.15931,1.12891
9.16081,1.12892
9.16231,1.12892
9.16381,1.12892
9.16531,1.12892
9.16681,1.12893
9.16831,1.12893
9.16981,1.12893
9.17131,1.12893
9.17281,1.12893
9.17431,1.12893
9.17581,1.12894
9.17731,1.12894
9.17881,1.12894
9.18032,1.12894
9.18182,1.12894
9.18332,1.12894
9.18482,1.12894
9.18632,1.12894
9.18782,1.12895
9.18932,1.12895
9.19082,1.12895
9.19232,1.12895
9.19382,1.12895
9.19532,1.12895
9.19682,1.12895
9.19832,1.12895
9.19982,1.12896
9.20132,1.12896
9.20282,1.12896
9.20432,1.12896
9.20582,1.12896
9.20732,1.12896
9.20882,1.12896
9.21032,1.12897
9.21182,1.12897
9.21332,1.12897
9.21482,1.12897
9.21632,1.12897
9.21782,1.12897
9.21932,1.12898
9.22082,1.12898
9.22232,1.12898
9.22382,1.12898
9.22532,1.12899
9.22682,1.12899
9.22832,1.12899
9.22982,1.12899
9.23132,1.129
9.23282,1.129
9.23432,1.129
9.23582,1.12901
9.23732,1.12901
9.23882,1.12901
9.24032,1.12902
9.24182,1.12902
9.24332,1.12902
9.24482,1.12903
9.24632,1.12903
9.24782,1.12904
9.24932,1.12904
9.25082,1.12905
9.25232,1.12905
9.25382,1.12905
9.25532,1.12906
9.25682,1.12906
9.25832,1.12907
9.25982,1.12907
9.26132,1.12908
9.26282,1.12908
9.26432,1.12909
9.26582,1.12909
9.26732,1.1291
9.26882,1.1291
9.27032,1.12911
9.27182,1.12912
9.27332,1.12912
9.27482,1.12913
9.27632,1.12913
9.27782,1.12914
9.27932,1.12914
9.28082,1.12915
9.28232,1.12915
9.28382,1.12916
9.28532,1.12916
9.28682,1.12917
9.28832,1.12917
9.28982,1.12918
9.29132,1.12918
9.29282,1.12918
9.29432,1.12919
9.29583,1.12919
9.29733,1.1292
9.29883,1.1292
9.30033,1.1292
9.30183,1.1292
9.30333,1.1292
9.30483,1.12921
9.30633,1.12921
9.30783,1.12921
9.30933,1.12921
9.31083,1.12921
9.31233,1.12921
9.31383,1.12921
9.31533,1.12921
9.31683,1.12921
9.31833,1.1292
9.31983,1.1292
9.32133,1.1292
9.32283,1.12919
9.32433,1.12919
9.32583,1.12918
9.32733,1.12918
9.32883,1.12917
9.33033,1.12916
9.33183,1.12916
9.33333,1.12915
9.33483,1.12914
9.33633,1.12913
9.33783,1.12912
9.33933,1.12911
9.34083,1.1291
9.34233,1.12908
9.34383,1.12907
9.34533,1.12906
9.34683,1.12904
9.34833,1.12903
9.34983,1.12901
9.35133,1.12899
9.35283,1.12897
9.35433,1.12895
9.35583,1.12894
9.35733,1.12891
9.35883,1.12889
9.36033,1.12887
9.36183,1.12885
9.36333,1.12882
9.36483,1.1288
9.36633,1.12877
9.36783,1.12874
9.36933,1.12871
9.37083,1.12868
9.37233,1.12865
9.37383,1.12862
9.37533,1.12859
9.37683,1.12856
9.37833,1.12852
9.37983,1.12849
9.38133,1.12845
9.38283,1.12842
9.38433,1.12838
9.38583,1.12834
9.38733,1.1283
9.38883,1.12826
9.39033,1.12822
9.39183,1.12818
9.39333,1.12814
9.39483,1.12809
9.39633,1.12805
9.39783,1.128
9.39933,1.12796
9.40083,1.12791
9.40233,1.12786
9.40383,1.12781
9.40533,1.12776
9.40683,1.12771
9.40833,1.12766
9.40983,1.12761
9.41133,1.12756
9.41284,1.12751
9.41434,1.12745
9.41584,1.1274
9.41734,1.12734
9.41884,1.12729
9.42034,1.12723
9.42184,1.12718
9.42334,1.12712
9.42484,1.12706
9.42634,1.127
9.42784,1.12694
9.42934,1.12688
9.43084,1.12682
9.43234,1.12676
9.43384,1.1267
9.43534,1.12664
9.43684,1.12657
9.43834,1.12651
9.43984,1.12645
9.44134,1.12638
9.44284,1.12632
9.44434,1.12625
9.44584,1.12619
9.44734,1.12612
9.44884,1.12606
9.45034,1.12599
9.45184,1.12592
9.45334,1.12586
9.45484,1.12579
9.45634,1.12572
9.45784,1.12566
9.45934,1.12559
9.46084,1.12552
9.46234,1.12545
9.46384,1.12539
9.46534,1.12532
9.46684,1.12525
9.46834,1.12518
9.46984,1.12511
9.47134,1.12504
9.47284,1.12497
9.47434,1.1249
9.47584,1.12484
9.47734,1.12477
9.47884,1.1247
9.48034,1.12463
9.48184,1.12456
9.48334,1.12449
9.48484,1.12442
9.48634,1.12435
9.48784,1.12428
9.48934,1.12421
9.49084,1.12414
9.49234,1.12408
9.49384,1.12401
9.49534,1.12394
9.49684,1.12387
9.49834,1.1238
9.49984,1.12373
9.50134,1.12366
9.50284,1.12359
9.50434,1.12352
9.50584,1.12345
9.50734,1.12339
9.50884,1.12332
9.51034,1.12325
9.51184,1.12318
9.51334,1.12311
9.51484,1.12304
9.51634,1.12297
9.51784,1.12291
9.51934,1.12284
9.52084,1.12277
9.52234,1.1227
9.52384,1.12263
9.52534,1.12256
9.52684,1.1225
9.52835,1.12243
9.52985,1.12236
9.53135,1.1223
9.53285,1.12223
9.53435,1.12216
9.53585,1.12209
9.53735,1.12203
9.53885,1.12196
9.54035,1.12189
9.54185,1.12183
9.54335,1.12176
9.54485,1.1217
9.54635,1.12163
9.54785,1.12157
9.54935,1.1215
9.55085,1.12144
9.55235,1.12137
9.55385,1.12131
9.55535,1.12124
9.55685,1.12118
9.55835,1.12111
9.55985,1.12105
9.56135,1.12098
9.56285,1.12092
9.56435,1.12086
9.56585,1.1208
9.56735,1.12074
9.56885,1.12067
9.57035,1.12061
9.57185,1.12055
9.57335,1.12049
9.57485,1.12043
9.57635,1.12036
9.57785,1.1203
9.57935,1.12024
9.58085,1.12018
9.58235,1.12012
9.58385,1.12006
9.58535,1.12
9.58685,1.11995
9.58835,1.11989
9.58985,1.11983
9.59135,1.11977
9.59285,1.11971
9.59435,1.11965
9.59585,1.1196
9.59735,1.11954
9.59885,1.11948
9.60035,1.11943
9.60185,1.11937
9.60335,1.11931
9.60485,1.11926
9.60635,1.1192
9.60785,1.11915
9.60935,1.11909
9.61085,1.11903
9.61235,1.11898
9.61385,1.11893
9.61535,1.11887
9.61685,1.11882
9.61835,1.11876
9.61985,1.11871
9.62135,1.11866
9.62285,1.11861
9.62435,1.11855
9.62585,1.1185
9.62735,1.11845
9.62885,1.1184
9.63035,1.11835
9.63185,1.1183
9.63335,1.11825
9.63485,1.11819
9.63635,1.11814
9.63785,1.11809
9.63935,1.11804
9.64085,1.11799
9.64235,1.11795
9.64386,1.1179
9.64536,1.11785
9.64686,1.1178
9.64836,1.11775
9.64986,1.1177
9.65136,1.11766
9.65286,1.11761
9.65436,1.11756
9.65586,1.11752
9.65736,1.11747
9.65886,1.11742
9.66036,1.11738
9.66186,1.11733
9.66336,1.11729
9.66486,1.11724
9.66636,1.1172
9.66786,1.11715
9.66936,1.11711
9.67086,1.11707
9.67236,1.11703
9.67386,1.11698
9.67536,1.11694
9.67686,1.1169
9.67836,1.11686
9.67986,1.11682
9.68136,1.11677
9.68286,1.11673
9.68436,1.11669
9.68586,1.11665
9.68736,1.11661
9.68886,1.11657
9.69036,1.11653
9.69186,1.1165
9.69336,1.11646
9.69486,1.11642
9.69636,1.11638
9.69786,1.11634
9.69936,1.11631
9.70086,1.11627
9.70236,1.11623
9.70386,1.1162
9.70536,1.11616
9.70686,1.11612
9.70836,1.11609
9.70986,1.11605
9.71136,1.11602
9.71286,1.11598
9.71436,1.11595
9.71586,1.11592
9.71736,1.11588
9.71886,1.11585
9.72036,1.11582
9.72186,1.11578
9.72336,1.11575
9.72486,1.11572
9.72636,1.11569
9.72786,1.11566
9.72936,1.11562
9.73086,1.11559
9.73236,1.11556
9.73386,1.11553
9.73536,1.1155
9.73686,1.11547
9.73836,1.11544
9.73986,1.11541
9.74136,1.11538
9.74286,1.11535
9.74436,1.11532
9.74586,1.11529
9.74736,1.11527
9.74886,1.11524
9.75036,1.11521
9.75186,1.11518
9.75336,1.11515
9.75486,1.11512
9.75636,1.11509
9.75786,1.11507
9.75937,1.11504
9.76087,1.11501
9.76237,1.11499
9.76387,1.11496
9.76537,1.11493
9.76687,1.11491
9.76837,1.11488
9.76987,1.11485
9.77137,1.11483
9.77287,1.1148
9.77437,1.11477
9.77587,1.11475
9.77737,1.11472
9.77887,1.11469
9.78037,1.11467
9.78187,1.11464
9.78337,1.11462
9.78487,1.11459
9.78637,1.11456
9.78787,1.11454
9.78937,1.11451
9.79087,1.11449
9.79237,1.11446
9.79387,1.11443
9.79537,1.11441
9.79687,1.11438
9.79837,1.11436
9.79987,1.11433
9.80137,1.1143
9.80287,1.11427
9.80437,1.11425
9.80587,1.11422
9.80737,1.11419
9.80887,1.11417
9.81037,1.11414
9.81187,1.11411
9.81337,1.11409
9.81487,1.11406
9.81637,1.11403
9.81787,1.114
9.81937,1.11397
9.82087,1.11395
9.82237,1.11392
9.82387,1.11389
9.82537,1.11386
9.82687,1.11383
9.82837,1.1138
9.82987,1.11377
9.83137,1.11374
9.83287,1.11371
9.83437,1.11368
9.83587,1.11365
9.83737,1.11362
9.83887,1.11359
9.84037,1.11356
9.84187,1.11353
9.84337,1.1135
9.84487,1.11347
9.84637,1.11343
9.84787,1.1134
9.84937,1.11337
9.85087,1.11334
9.85237,1.1133
9.85387,1.11327
9.85537,1.11324
9.85687,1.1132
9.85837,1.11317
9.85987,1.11314
9.86137,1.11311
9.86287,1.11307
9.86437,1.11304
9.86587,1.113
9.86737,1.11297
9.86887,1.11293
9.87037,1.1129
9.87187,1.11286
9.87337,1.11283
9.87488,1.11279
9.87638,1.11276
9.87788,1.11272
9.87938,1.11269
9.88088,1.11265
9.88238,1.11261
9.88388,1.11258
9.88538,1.11254
9.88688,1.11251
9.88838,1.11247
9.88988,1.11243
9.89138,1.1124
9.89288,1.11236
9.89438,1.11232
9.89588,1.11229
9.89738,1.11225
9.89888,1.11221
9.90038,1.11218
9.90188,1.11214
9.90338,1.1121
9.90488,1.11206
9.90638,1.11203
9.90788,1.11199
9.90938,1.11195
9.91088,1.11192
9.91238,1.11188
9.91388,1.11184
9.91538,1.1118
9.91688,1.11177
9.91838,1.11173
9.91988,1.11169
9.92138,1.11166
9.92288,1.11162
9.92438,1.11158
9.92588,1.11155
9.92738,1.11151
9.92888,1.11147
9.93038,1.11144
9.93188,1.1114
9.93338,1.11136
9.93488,1.11132
9.93638,1.11129
9.93788,1.11125
9.93938,1.11121
9.94088,1.11118
9.94238,1.11114
9.94388,1.11111
9.94538,1.11107
9.94688,1.11103
9.94838,1.111
9.94988,1.11096
9.95138,1.11092
9.95288,1.11089
9.95438,1.11085
9.95588,1.11081
9.95738,1.11078
9.95888,1.11074
9.96038,1.11071
9.96188,1.11067
9.96338,1.11063
9.96488,1.1106
9.96638,1.11056
9.96788,1.11053
9.96938,1.11049
9.97088,1.11045
9.97238,1.11042
9.97388,1.11038
9.97538,1.11034
9.97688,1.11031
9.97838,1.11027
9.97988,1.11023
9.98138,1.1102
9.98288,1.11016
9.98438,1.11013
9.98588,1.11009
9.98738,1.11006
9.98888,1.11002
9.99039,1.10998
9.99189,1.10994
9.99339,1.10991
9.99489,1.10987
9.99639,1.10983
9.99789,1.1098
9.99939,1.10976
10.0009,1.10972
10.0024,1.10969
10.0039,1.10965
10.0054,1.10961
10.0069,1.10958
10.0084,1.10954
10.0099,1.1095
10.0114,1.10946
10.0129,1.10943
10.0144,1.10939
10.0159,1.10935
10.0174,1.10931
10.0189,1.10927
10.0204,1.10924
10.0219,1.1092
10.0234,1.10916
10.0249,1.10912
10.0264,1.10908
10.0279,1.10904
10.0294,1.109
10.0309,1.10897
10.0324,1.10893
10.0339,1.10889
10.0354,1.10885
10.0369,1.10881
10.0384,1.10877
10.0399,1.10873
10.0414,1.10869
10.0429,1.10865
10.0444,1.10861
10.0459,1.10857
10.0474,1.10853
10.0489,1.10849
10.0504,1.10845
10.0519,1.10841
10.0534,1.10837
10.0549,1.10833
10.0564,1.10829
10.0579,1.10825
10.0594,1.10821
10.0609,1.10817
10.0624,1.10813
10.0639,1.10809
10.0654,1.10804
10.0669,1.108
10.0684,1.10796
10.0699,1.10792
10.0714,1.10788
10.0729,1.10784
10.0744,1.1078
10.0759,1.10775
10.0774,1.10771
10.0789,1.10767
10.0804,1.10763
10.0819,1.10759
10.0834,1.10754
10.0849,1.1075
10.0864,1.10746
10.0879,1.10741
10.0894,1.10737
10.0909,1.10733
10.0924,1.10729
10.0939,1.10724
10.0954,1.1072
10.0969,1.10716
10.0984,1.10711
10.0999,1.10707
10.1014,1.10703
10.1029,1.10698
10.1044,1.10694
10.1059,1.1069
10.1074,1.10685
10.1089,1.10681
10.1104,1.10677
10.1119,1.10672
10.1134,1.10668
10.1149,1.10663
10.1164,1.10659
10.1179,1.10655
10.1194,1.1065
10.1209,1.10646
10.1224,1.10642
10.1239,1.10637
10.1254,1.10633
10.1269,1.10628
10.1284,1.10624
10.1299,1.1062
10.1314,1.10615
10.1329,1.10611
10.1344,1.10607
10.1359,1.10602
10.1374,1.10598
10.1389,1.10594
10.1404,1.10589
10.1419,1.10585
10.1434,1.10581
10.1449,1.10576
10.1464,1.10572
10.1479,1.10568
10.1494,1.10564
10.1509,1.10559
10.1524,1.10555
10.1539,1.10551
10.1554,1.10547
10.1569,1.10542
10.1584,1.10538
10.1599,1.10534
10.1614,1.1053
10.1629,1.10526
10.1644,1.10522
10.1659,1.10518
10.1674,1.10514
10.1689,1.10509
10.1704,1.10505
10.1719,1.10501
10.1734,1.10497
10.1749,1.10493
10.1764,1.10489
10.1779,1.10485
10.1794,1.10481
10.1809,1.10477
10.1824,1.10473
10.1839,1.1047
10.1854,1.10466
10.1869,1.10462
10.1884,1.10458
10.1899,1.10454
10.1914,1.1045
10.1929,1.10447
10.1944,1.10443
10.1959,1.10439
10.1974,1.10435
10.1989,1.10432
10.2004,1.10428
10.2019,1.10424
10.2034,1.10421
10.2049,1.10417
10.2064,1.10413
10.2079,1.1041
10.2094,1.10406
10.2109,1.10403
10.2124,1.10399
10.2139,1.10395
10.2154,1.10392
10.2169,1.10388
10.2184,1.10385
10.2199,1.10381
10.2214,1.10378
10.2229,1.10375
10.2244,1.10371
10.2259,1.10368
10.2274,1.10364
10.2289,1.10361
10.2304,1.10358
10.2319,1.10355
10.2334,1.10351
10.2349,1.10348
10.2364,1.10345
10.2379,1.10342
10.2394,1.10338
10.2409,1.10335
10.2424,1.10332
10.2439,1.10329
10.2454,1.10326
10.2469,1.10323
10.2484,1.10319
10.2499,1.10316
10.2514,1.10313
10.2529,1.1031
10.2544,1.10307
10.2559,1.10304
10.2574,1.10301
10.2589,1.10298
10.2604,1.10295
10.2619,1.10292
10.2634,1.10289
10.2649,1.10286
10.2664,1.10284
10.2679,1.10281
10.2694,1.10278
10.2709,1.10275
10.2724,1.10272
10.2739,1.10269
10.2754,1.10267
10.2769,1.10264
10.2784,1.10261
10.2799,1.10258
10.2814,1.10256
10.2829,1.10253
10.2844,1.1025
10.2859,1.10248
10.2874,1.10245
10.2889,1.10242
10.2904,1.1024
10.2919,1.10237
10.2934,1.10234
10.2949,1.10232
10.2964,1.10229
10.2979,1.10227
10.2994,1.10224
10.3009,1.10222
10.3024,1.10219
10.3039,1.10217
10.3054,1.10214
10.3069,1.10212
10.3084,1.1021
10.3099,1.10207
10.3114,1.10205
10.3129,1.10203
10.3144,1.102
10.3159,1.10198
10.3174,1.10196
10.3189,1.10194
10.3204,1.10191
10.3219,1.10189
10.3234,1.10187
10.3249,1.10185
10.3264,1.10183
10.3279,1.10181
10.3294,1.10178
10.3309,1.10176
10.3324,1.10174
10.3339,1.10172
10.3354,1.1017
10.3369,1.10168
10.3384,1.10166
10.3399,1.10164
10.3414,1.10162
10.3429,1.1016
10.3444,1.10158
10.3459,1.10156
10.3474,1.10155
10.3489,1.10153
10.3504,1.10151
10.3519,1.10149
10.3534,1.10147
10.3549,1.10145
10.3564,1.10143
10.3579,1.10142
10.3594,1.1014
10.3609,1.10138
10.3624,1.10136
10.3639,1.10135
10.3654,1.10133
10.3669,1.10131
10.3684,1.1013
10.3699,1.10128
10.3714,1.10126
10.3729,1.10124
10.3744,1.10123
10.3759,1.10121
10.3774,1.10119
10.3789,1.10118
10.3804,1.10116
10.3819,1.10115
10.3834,1.10113
10.3849,1.10111
10.3864,1.10109
10.3879,1.10108
10.3894,1.10106
10.3909,1.10104
10.3924,1.10103
10.3939,1.10101
10.3954,1.10099
10.3969,1.10098
10.3984,1.10096
10.3999,1.10094
10.4014,1.10092
10.4029,1.10091
10.4044,1.10089
10.4059,1.10087
10.4074,1.10085
10.4089,1.10084
10.4104,1.10082
10.4119,1.1008
10.4134,1.10078
10.4149,1.10077
10.4164,1.10075
10.4179,1.10073
10.4194,1.10071
10.4209,1.10069
10.4224,1.10067
10.4239,1.10065
10.4254,1.10063
10.4269,1.10062
10.4284,1.1006
10.4299,1.10058
10.4314,1.10056
10.4329,1.10054
10.4344,1.10052
10.4359,1.1005
10.4374,1.10048
10.4389,1.10046
10.4404,1.10044
10.4419,1.10042
10.4434,1.10039
10.4449,1.10037
10.4464,1.10035
10.4479,1.10033
10.4494,1.10031
10.4509,1.10029
10.4524,1.10027
10.4539,1.10024
10.4554,1.10022
10.4569,1.1002
10.4584,1.10018
10.4599,1.10016
10.4614,1.10013
10.4629,1.10011
10.4644,1.10009
10.4659,1.10006
10.4674,1.10004
10.4689,1.10002
10.4704,1.1
10.4719,1.09997
10.4734,1.09995
10.4749,1.09993
10.4764,1.0999
10.4779,1.09988
10.4794,1.09986
10.4809,1.09983
10.4824,1.09981
10.4839,1.09979
10.4854,1.09976
10.4869,1.09974
10.4884,1.09972
10.4899,1.09969
10.4914,1.09967
10.4929,1.09965
10.4944,1.09962
10.4959,1.0996
10.4974,1.09957
10.4989,1.09955
10.5004,1.09953
10.5019,1.0995
10.5034,1.09948
10.5049,1.09946
10.5064,1.09943
10.5079,1.09941
10.5094,1.09939
10.5109,1.09936
10.5124,1.09934
10.5139,1.09932
10.5154,1.0993
10.5169,1.09927
10.5184,1.09925
10.5199,1.09923
10.5214,1.09921
10.5229,1.09918
10.5244,1.09916
10.5259,1.09914
10.5274,1.09912
10.5289,1.0991
10.5304,1.09907
10.5319,1.09905
10.5334,1.09903
10.5349,1.09901
10.5364,1.09899
10.5379,1.09897
10.5394,1.09895
10.5409,1.09893
10.5424,1.09891
10.5439,1.09889
10.5454,1.09887
10.5469,1.09885
10.5484,1.09883
10.5499,1.09881
10.5514,1.09879
10.5529,1.09877
10.5544,1.09875
10.5559,1.09873
10.5574,1.09871
10.5589,1.09869
10.5604,1.09867
10.5619,1.09866
10.5634,1.09864
10.5649,1.09862
10.5664,1.0986
10.5679,1.09858
10.5694,1.09857
10.5709,1.09855
10.5724,1.09853
10.5739,1.09851
10.5754,1.09849
10.5769,1.09848
10.5784,1.09846
10.5799,1.09844
10.5814,1.09843
10.5829,1.09841
10.5844,1.09839
10.5859,1.09838
10.5874,1.09836
10.5889,1.09834
10.5904,1.09833
10.5919,1.09831
10.5934,1.09829
10.5949,1.09828
10.5964,1.09826
10.5979,1.09825
10.5994,1.09823
10.6009,1.09821
10.6024,1.0982
10.6039,1.09818
10.6054,1.09817
10.6069,1.09815
10.6084,1.09814
10.6099,1.09812
10.6114,1.09811
10.6129,1.09809
10.6144,1.09808
10.6159,1.09806
10.6174,1.09805
10.6189,1.09803
10.6204,1.09802
10.6219,1.098
10.6234,1.09799
10.6249,1.09798
10.6264,1.09796
10.6279,1.09795
10.6294,1.09793
10.6309,1.09792
10.6324,1.09791
10.6339,1.09789
10.6354,1.09788
10.6369,1.09786
10.6384,1.09785
10.6399,1.09784
10.6414,1.09783
10.6429,1.09781
10.6444,1.0978
10.6459,1.09779
10.6474,1.09777
10.6489,1.09776
10.6504,1.09775
10.6519,1.09774
10.6534,1.09772
10.6549,1.09771
10.6564,1.0977
10.6579,1.09769
10.6594,1.09768
10.6609,1.09766
10.6624,1.09765
10.6639,1.09764
10.6654,1.09763
10.6669,1.09762
10.6684,1.09761
10.6699,1.09759
10.6714,1.09758
10.6729,1.09757
10.6744,1.09756
10.6759,1.09755
10.6774,1.09754
10.6789,1.09753
10.6804,1.09751
10.6819,1.0975
10.6834,1.09749
10.6849,1.09748
10.6864,1.09747
10.6879,1.09746
10.6894,1.09745
10.6909,1.09744
10.6924,1.09743
10.6939,1.09742
10.6954,1.09741
10.6969,1.09739
10.6984,1.09739
10.6999,1.09737
10.7014,1.09736
10.7029,1.09735
10.7044,1.09734
10.7059,1.09733
10.7074,1.09732
10.7089,1.09731
10.7104,1.0973
10.7119,1.09729
10.7134,1.09728
10.7149,1.09727
10.7164,1.09726
10.7179,1.09725
10.7194,1.09724
10.7209,1.09723
10.7224,1.09722
10.7239,1.09721
10.7254,1.09721
10.7269,1.0972
10.7284,1.09719
10.7299,1.09718
10.7314,1.09717
10.7329,1.09716
10.7344,1.09715
10.7359,1.09714
10.7374,1.09713
10.7389,1.09713
10.7404,1.09712
10.742,1.09711
10.7435,1.0971
10.745,1.09709
10.7465,1.09708
10.748,1.09708
10.7495,1.09707
10.751,1.09706
10.7525,1.09705
10.754,1.09704
10.7555,1.09704
10.757,1.09703
10.7585,1.09702
10.76,1.09702
10.7615,1.09701
10.763,1.097
10.7645,1.09699
10.766,1.09699
10.7675,1.09698
10.769,1.09697
10.7705,1.09697
10.772,1.09696
10.7735,1.09695
10.775,1.09695
10.7765,1.09694
10.778,1.09693
10.7795,1.09693
10.781,1.09692
10.7825,1.09692
10.784,1.09691
10.7855,1.0969
10.787,1.0969
10.7885,1.09689
10.79,1.09689
10.7915,1.09688
10.793,1.09688
10.7945,1.09687
10.796,1.09686
10.7975,1.09686
10.799,1.09685
10.8005,1.09685
10.802,1.09684
10.8035,1.09684
10.805,1.09683
10.8065,1.09683
10.808,1.09682
10.8095,1.09682
10.811,1.09681
10.8125,1.09681
10.814,1.0968
10.8155,1.0968
10.817,1.09679
10.8185,1.09679
10.82,1.09678
10.8215,1.09678
10.823,1.09677
10.8245,1.09676
10.826,1.09676
10.8275,1.09676
10.829,1.09675
10.8305,1.09675
10.832,1.09674
10.8335,1.09674
10.835,1.09673
10.8365,1.09673
10.838,1.09672
10.8395,1.09672
10.841,1.09671
10.8425,1.09671
10.844,1.0967
10.8455,1.0967
10.847,1.09669
10.8485,1.09669
10.85,1.09669
10.8515,1.09668
10.853,1.09668
10.8545,1.09667
10.856,1.09667
10.8575,1.09666
10.859,1.09666
10.8605,1.09666
10.862,1.09665
10.8635,1.09665
10.865,1.09664
10.8665,1.09664
10.868,1.09664
10.8695,1.09664
10.871,1.09663
10.8725,1.09663
10.874,1.09662
10.8755,1.09662
10.877,1.09662
10.8785,1.09662
10.88,1.09661
10.8815,1.09661
10.883,1.09661
10.8845,1.09661
10.886,1.0966
10.8875,1.0966
10.889,1.0966
10.8905,1.0966
10.892,1.09659
10.8935,1.09659
10.895,1.09659
10.8965,1.09659
10.898,1.09659
10.8995,1.09659
10.901,1.09659
10.9025,1.09659
10.904,1.09658
10.9055,1.09658
10.907,1.09658
10.9085,1.09658
10.91,1.09658
10.9115,1.09658
10.913,1.09658
10.9145,1.09658
10.916,1.09658
10.9175,1.09658
10.919,1.09658
10.9205,1.09658
10.922,1.09659
10.9235,1.09658
10.925,1.09659
10.9265,1.09659
10.928,1.09659
10.9295,1.09659
10.931,1.09659
10.9325,1.09659
10.934,1.09659
10.9355,1.0966
10.937,1.0966
10.9385,1.0966
10.94,1.0966
10.9415,1.0966
10.943,1.09661
10.9445,1.09661
10.946,1.09661
10.9475,1.09662
10.949,1.09662
10.9505,1.09662
10.952,1.09663
10.9535,1.09663
10.955,1.09663
10.9565,1.09664
10.958,1.09664
10.9595,1.09664
10.961,1.09665
10.9625,1.09665
10.964,1.09666
10.9655,1.09666
10.967,1.09667
10.9685,1.09667
10.97,1.09668
10.9715,1.09668
10.973,1.09669
10.9745,1.09669
10.976,1.0967
10.9775,1.0967
10.979,1.09671
10.9805,1.09671
10.982,1.09672
10.9835,1.09672
10.985,1.09673
10.9865,1.09674
10.988,1.09674
10.9895,1.09675
10.991,1.09676
10.9925,1.09676
10.994,1.09677
10.9955,1.09678
10.997,1.09678
10.9985,1.09679
11,1.0968
11.0015,1.0968
11.003,1.09681
11.0045,1.09682
11.006,1.09683
11.0075,1.09683
11.009,1.09684
11.0105,1.09685
11.012,1.09686
11.0135,1.09687
11.015,1.09687
11.0165,1.09688
11.018,1.09689
11.0195,1.0969
11.021,1.09691
11.0225,1.09692
11.024,1.09693
11.0255,1.09694
11.027,1.09695
11.0285,1.09696
11.03,1.09697
11.0315,1.09698
11.033,1.09699
11.0345,1.097
11.036,1.09701
11.0375,1.09702
11.039,1.09703
11.0405,1.09704
11.042,1.09705
11.0435,1.09706
11.045,1.09707
11.0465,1.09709
11.048,1.0971
11.0495,1.09711
11.051,1.09712
11.0525,1.09714
11.054,1.09715
11.0555,1.09716
11.057,1.09717
11.0585,1.09719
11.06,1.0972
11.0615,1.09721
11.063,1.09723
11.0645,1.09724
11.066,1.09726
11.0675,1.09727
11.069,1.09729
11.0705,1.0973
11.072,1.09732
11.0735,1.09733
11.075,1.09735
11.0765,1.09736
11.078,1.09738
11.0795,1.09739
11.081,1.09741
11.0825,1.09743
11.084,1.09745
11.0855,1.09746
11.087,1.09748
11.0885,1.0975
11.09,1.09752
11.0915,1.09754
11.093,1.09755
11.0945,1.09757
11.096,1.09759
11.0975,1.09761
11.099,1.09763
11.1005,1.09765
11.102,1.09767
11.1035,1.09769
11.105,1.09772
11.1065,1.09774
11.108,1.09776
11.1095,1.09778
11.111,1.0978
11.1125,1.09783
11.114,1.09785
11.1155,1.09787
11.117,1.0979
11.1185,1.09792
11.12,1.09794
11.1215,1.09797
11.123,1.09799
11.1245,1.09802
11.126,1.09805
11.1275,1.09807
11.129,1.0981
11.1305,1.09813
11.132,1.09815
11.1335,1.09818
11.135,1.09821
11.1365,1.09824
11.138,1.09826
11.1395,1.09829
11.141,1.09832
11.1425,1.09835
11.144,1.09838
11.1455,1.09841
11.147,1.09844
11.1485,1.09847
11.15,1.09851
11.1515,1.09854
11.153,1.09857
11.1545,1.0986
11.156,1.09863
11.1575,1.09867
11.159,1.0987
11.1605,1.09873
11.162,1.09877
11.1635,1.0988
11.165,1.09883
11.1665,1.09887
11.168,1.0989
11.1695,1.09894
11.171,1.09898
11.1725,1.09901
11.174,1.09905
11.1755,1.09908
11.177,1.09912
11.1785,1.09916
11.18,1.09919
11.1815,1.09923
11.183,1.09927
11.1845,1.09931
11.186,1.09935
11.1875,1.09938
11.189,1.09942
11.1905,1.09946
11.192,1.0995
11.1935,1.09954
11.195,1.09958
11.1965,1.09962
11.198,1.09966
11.1995,1.0997
11.201,1.09974
11.2025,1.09978
11.204,1.09983
11.2055,1.09987
11.207,1.09991
11.2085,1.09995
11.21,1.09999
11.2115,1.10004
11.213,1.10008
11.2145,1.10012
11.216,1.10016
11.2175,1.10021
11.219,1.10025
11.2205,1.1003
11.222,1.10034
11.2235,1.10038
11.225,1.10043
11.2265,1.10047
11.228,1.10052
11.2295,1.10056
11.231,1.10061
11.2325,1.10065
11.234,1.1007
11.2355,1.10074
11.237,1.10079
11.2385,1.10083
11.24,1.10088
11.2415,1.10093
11.243,1.10097
11.2445,1.10102
11.246,1.10106
11.2475,1.10111
11.249,1.10116
11.2505,1.1012
11.252,1.10125
11.2535,1.1013
11.255,1.10135
11.2565,1.10139
11.258,1.10144
11.2595,1.10149
11.261,1.10154
11.2625,1.10159
11.264,1.10163
11.2655,1.10168
11.267,1.10173
11.2685,1.10178
11.27,1.10183
11.2715,1.10188
11.273,1.10193
11.2745,1.10197
11.276,1.10202
11.2775,1.10207
11.279,1.10212
11.2805,1.10217
11.282,1.10222
11.2835,1.10227
11.285,1.10232
11.2865,1.10237
11.288,1.10242
11.2895,1.10247
11.291,1.10252
11.2925,1.10257
11.294,1.10262
11.2955,1.10267
11.297,1.10272
11.2985,1.10278
11.3,1.10283
11.3015,1.10288
11.303,1.10293
11.3045,1.10298
11.306,1.10303
11.3075,1.10308
11.309,1.10314
11.3105,1.10319
11.312,1.10324
11.3135,1.10329
11.315,1.10334
11.3165,1.10339
11.318,1.10345
11.3195,1.1035
11.321,1.10355
11.3225,1.10361
11.324,1.10366
11.3255,1.10371
11.327,1.10376
11.3285,1.10382
11.33,1.10387
11.3315,1.10392
11.333,1.10398
11.3345,1.10403
11.336,1.10409
11.3375,1.10414
11.339,1.10419
11.3405,1.10425
11.342,1.1043
11.3435,1.10435
11.345,1.10441
11.3465,1.10446
11.348,1.10451
11.3495,1.10457
11.351,1.10462
11.3525,1.10468
11.354,1.10473
11.3555,1.10479
11.357,1.10484
11.3585,1.10489
11.36,1.10495
11.3615,1.105
11.363,1.10506
11.3645,1.10511
11.366,1.10516
11.3675,1.10522
11.369,1.10527
11.3705,1.10532
11.372,1.10538
11.3735,1.10543
11.375,1.10549
11.3765,1.10554
11.378,1.10559
11.3795,1.10565
11.381,1.1057
11.3825,1.10576
11.384,1.10581
11.3855,1.10586
11.387,1.10592
11.3885,1.10597
11.39,1.10602
11.3915,1.10608
11.393,1.10613
11.3945,1.10618
11.396,1.10623
11.3975,1.10629
11.399,1.10634
11.4005,1.10639
11.402,1.10644
11.4035,1.1065
11.405,1.10655
11.4065,1.1066
11.408,1.10665
11.4095,1.10671
11.411,1.10676
11.4125,1.10681
11.414,1.10686
11.4155,1.10691
11.417,1.10696
11.4185,1.10701
11.42,1.10707
11.4215,1.10712
11.423,1.10717
11.4245,1.10722
11.426,1.10727
11.4275,1.10732
11.429,1.10737
11.4305,1.10742
11.432,1.10747
11.4335,1.10752
11.435,1.10757
11.4365,1.10761
11.438,1.10766
11.4395,1.10771
11.441,1.10776
11.4425,1.10781
11.444,1.10786
11.4455,1.1079
11.447,1.10795
11.4485,1.108
11.45,1.10804
11.4515,1.10809
11.453,1.10814
11.4545,1.10818
11.456,1.10823
11.4575,1.10827
11.459,1.10832
11.4605,1.10836
11.462,1.10841
11.4635,1.10845
11.465,1.1085
11.4665,1.10854
11.468,1.10858
11.4695,1.10862
11.471,1.10867
11.4725,1.10871
11.474,1.10875
11.4755,1.10879
11.477,1.10883
11.4785,1.10888
11.48,1.10892
11.4815,1.10896
11.483,1.109
11.4845,1.10904
11.486,1.10908
11.4875,1.10912
11.489,1.10916
11.4905,1.1092
11.492,1.10924
11.4935,1.10927
11.495,1.10931
11.4965,1.10935
11.498,1.10939
11.4995,1.10942
11.501,1.10946
11.5025,1.1095
11.504,1.10953
11.5055,1.10957
11.507,1.10961
11.5085,1.10964
11.51,1.10968
11.5115,1.10971
11.513,1.10975
11.5145,1.10978
11.516,1.10982
11.5175,1.10985
11.519,1.10988
11.5205,1.10992
11.522,1.10995
11.5235,1.10999
11.525,1.11002
11.5265,1.11005
11.528,1.11009
11.5295,1.11012
11.531,1.11015
11.5325,1.11018
11.534,1.11022
11.5355,1.11025
11.537,1.11028
11.5385,1.11031
11.54,1.11034
11.5415,1.11038
11.543,1.11041
11.5445,1.11044
11.546,1.11047
11.5475,1.1105
11.549,1.11053
11.5505,1.11056
11.552,1.11059
11.5535,1.11062
11.555,1.11065
11.5565,1.11068
11.558,1.11071
11.5595,1.11074
11.561,1.11077
11.5625,1.1108
11.564,1.11083
11.5655,1.11086
11.567,1.11089
11.5685,1.11092
11.57,1.11095
11.5715,1.11098
11.573,1.111
11.5745,1.11103
11.576,1.11106
11.5775,1.11109
11.579,1.11112
11.5805,1.11114
11.582,1.11117
11.5835,1.1112
11.585,1.11123
11.5865,1.11125
11.588,1.11128
11.5895,1.11131
11.591,1.11133
11.5925,1.11136
11.594,1.11139
11.5955,1.11141
11.597,1.11144
11.5985,1.11146
11.6,1.11149
11.6015,1.11151
11.603,1.11154
11.6045,1.11157
11.606,1.11159
11.6075,1.11162
11.609,1.11164
11.6105,1.11167
11.612,1.11169
11.6135,1.11171
11.615,1.11174
11.6165,1.11176
11.618,1.11178
11.6195,1.11181
11.621,1.11183
11.6225,1.11185
11.624,1.11188
11.6255,1.1119
11.627,1.11192
11.6285,1.11194
11.63,1.11197
11.6315,1.11199
11.633,1.11201
11.6345,1.11203
11.636,1.11206
11.6375,1.11208
11.639,1.1121
11.6405,1.11212
11.642,1.11214
11.6435,1.11216
11.645,1.11218
11.6465,1.1122
11.648,1.11222
11.6495,1.11225
11.651,1.11227
11.6525,1.11229
11.654,1.11231
11.6555,1.11233
11.657,1.11235
11.6585,1.11237
11.66,1.11239
11.6615,1.11241
11.663,1.11243
11.6645,1.11245
11.666,1.11247
11.6675,1.11249
11.669,1.11251
11.6705,1.11253
11.672,1.11254
11.6735,1.11257
11.675,1.11258
11.6765,1.1126
11.678,1.11262
11.6795,1.11264
11.681,1.11266
11.6825,1.11268
11.684,1.1127
11.6855,1.11272
11.687,1.11274
11.6885,1.11275
11.69,1.11277
11.6915,1.11279
11.693,1.11281
11.6945,1.11283
11.696,1.11285
11.6975,1.11287
11.699,1.11288
11.7005,1.1129
11.702,1.11292
11.7035,1.11294
11.705,1.11296
11.7065,1.11297
11.708,1.11299
11.7095,1.11301
11.711,1.11303
11.7125,1.11305
11.714,1.11306
11.7155,1.11308
11.717,1.1131
11.7185,1.11312
11.72,1.11313
11.7215,1.11315
11.723,1.11317
11.7245,1.11319
11.726,1.1132
11.7275,1.11322
11.729,1.11324
11.7305,1.11326
11.732,1.11327
11.7335,1.11329
11.735,1.11331
11.7365,1.11332
11.738,1.11334
11.7395,1.11336
11.741,1.11338
11.7425,1.11339
11.744,1.11341
11.7455,1.11343
11.747,1.11344
11.7485,1.11346
11.75,1.11348
11.7515,1.11349
11.753,1.11351
11.7545,1.11352
11.756,1.11354
11.7575,1.11356
11.759,1.11357
11.7605,1.11359
11.762,1.1136
11.7635,1.11362
11.765,1.11363
11.7665,1.11365
11.768,1.11366
11.7695,1.11368
11.771,1.1137
11.7725,1.11371
11.774,1.11373
11.7755,1.11374
11.777,1.11375
11.7785,1.11377
11.78,1.11378
11.7815,1.1138
11.783,1.11381
11.7845,1.11383
11.786,1.11384
11.7875,1.11385
11.789,1.11387
11.7905,1.11388
11.792,1.11389
11.7935,1.11391
11.795,1.11392
11.7965,1.11393
11.798,1.11395
11.7995,1.11396
11.801,1.11397
11.8025,1.11398
11.804,1.114
11.8055,1.11401
11.807,1.11402
11.8085,1.11403
11.81,1.11404
11.8115,1.11405
11.813,1.11407
11.8145,1.11408
11.816,1.11409
11.8175,1.1141
11.819,1.11411
11.8205,1.11412
11.822,1.11413
11.8235,1.11414
11.825,1.11415
11.8265,1.11416
11.828,1.11417
11.8295,1.11418
11.831,1.11419
11.8325,1.1142
11.834,1.11421
11.8355,1.11422
11.837,1.11423
11.8385,1.11424
11.84,1.11425
11.8415,1.11426
11.843,1.11427
11.8445,1.11427
11.846,1.11428
11.8475,1.11429
11.849,1.1143
11.8505,1.11431
11.852,1.11431
11.8535,1.11432
11.855,1.11433
11.8565,1.11434
11.858,1.11434
11.8595,1.11435
11.861,1.11436
11.8625,1.11436
11.864,1.11437
11.8655,1.11437
11.867,1.11438
11.8685,1.11439
11.87,1.11439
11.8715,1.1144
11.873,1.1144
11.8745,1.11441
11.876,1.11441
11.8775,1.11442
11.879,1.11442
11.8805,1.11442
11.882,1.11443
11.8835,1.11443
11.885,1.11444
11.8865,1.11444
11.888,1.11444
11.8895,1.11445
11.891,1.11445
11.8925,1.11445
11.894,1.11445
11.8955,1.11446
11.897,1.11446
11.8986,1.11446
11.9001,1.11446
11.9016,1.11446
11.9031,1.11446
11.9046,1.11447
11.9061,1.11447
11.9076,1.11447
11.9091,1.11447
11.9106,1.11447
11.9121,1.11447
11.9136,1.11447
11.9151,1.11447
11.9166,1.11447
11.9181,1.11447
11.9196,1.11447
11.9211,1.11446
11.9226,1.11446
11.9241,1.11446
11.9256,1.11446
11.9271,1.11446
11.9286,1.11446
11.9301,1.11445
11.9316,1.11445
11.9331,1.11445
11.9346,1.11445
11.9361,1.11444
11.9376,1.11444
11.9391,1.11444
11.9406,1.11443
11.9421,1.11443
11.9436,1.11442
11.9451,1.11442
11.9466,1.11441
11.9481,1.11441
11.9496,1.1144
11.9511,1.1144
11.9526,1.11439
11.9541,1.11438
11.9556,1.11438
11.9571,1.11437
11.9586,1.11437
11.9601,1.11436
11.9616,1.11435
11.9631,1.11435
11.9646,1.11434
11.9661,1.11433
11.9676,1.11432
11.9691,1.11431
11.9706,1.11431
11.9721,1.1143
11.9736,1.11429
11.9751,1.11428
11.9766,1.11427
11.9781,1.11426
11.9796,1.11425
11.9811,1.11424
11.9826,1.11423
11.9841,1.11422
11.9856,1.1142
11.9871,1.11419
11.9886,1.11418
11.9901,1.11417
11.9916,1.11416
11.9931,1.11414
11.9946,1.11413
11.9961,1.11412
11.9976,1.11411
11.9991,1.11409
12.0006,1.11408
12.0021,1.11406
12.0036,1.11405
12.0051,1.11403
12.0066,1.11402
12.0081,1.114
12.0096,1.11399
12.0111,1.11397
12.0126,1.11396
12.0141,1.11394
12.0156,1.11392
12.0171,1.1139
12.0186,1.11389
12.0201,1.11387
12.0216,1.11385
12.0231,1.11383
12.0246,1.11381
12.0261,1.1138
12.0276,1.11378
12.0291,1.11376
12.0306,1.11373
12.0321,1.11372
12.0336,1.11369
12.0351,1.11368
12.0366,1.11365
12.0381,1.11363
12.0396,1.11361
12.0411,1.11359
12.0426,1.11357
12.0441,1.11354
12.0456,1.11352
12.0471,1.1135
12.0486,1.11347
12.0501,1.11345
12.0516,1.11343
12.0531,1.1134
12.0546,1.11338
12.0561,1.11335
12.0576,1.11333
12.0591,1.1133
12.0606,1.11328
12.0621,1.11325
12.0636,1.11323
12.0651,1.1132
12.0666,1.11317
12.0681,1.11314
12.0696,1.11312
12.0711,1.11309
12.0726,1.11306
12.0741,1.11303
12.0756,1.11301
12.0771,1.11298
12.0786,1.11295
12.0801,1.11292
12.0816,1.11289
12.0831,1.11286
12.0846,1.11283
12.0861,1.1128
12.0876,1.11277
12.0891,1.11274
12.0906,1.11271
12.0921,1.11268
12.0936,1.11265
12.0951,1.11262
12.0966,1.11258
12.0981,1.11255
12.0996,1.11252
12.1011,1.11249
12.1026,1.11245
12.1041,1.11242
12.1056,1.11239
12.1071,1.11236
12.1086,1.11232
12.1101,1.11229
12.1116,1.11225
12.1131,1.11222
12.1146,1.11218
12.1161,1.11215
12.1176,1.11212
12.1191,1.11208
12.1206,1.11204
12.1221,1.11201
12.1236,1.11197
12.1251,1.11194
12.1266,1.1119
12.1281,1.11186
12.1296,1.11183
12.1311,1.11179
12.1326,1.11175
12.1341,1.11172
12.1356,1.11168
12.1371,1.11164
12.1386,1.1116
12.1401,1.11156
12.1416,1.11153
12.1431,1.11149
12.1446,1.11145
12.1461,1.11141
12.1476,1.11137
12.1491,1.11133
12.1506,1.11129
12.1521,1.11125
12.1536,1.11121
12.1551,1.11117
12.1566,1.11113
12.1581,1.11109
12.1596,1.11105
12.1611,1.11101
12.1626,1.11097
12.1641,1.11093
12.1656,1.11089
12.1671,1.11085
12.1686,1.11081
12.1701,1.11077
12.1716,1.11073
12.1731,1.11068
12.1746,1.11064
12.1761,1.1106
12.1776,1.11056
12.1791,1.11052
12.1806,1.11047
12.1821,1.11043
12.1836,1.11039
12.1851,1.11034
12.1866,1.1103
12.1881,1.11026
12.1896,1.11022
12.1911,1.11017
12.1926,1.11013
12.1941,1.11009
12.1956,1.11004
12.1971,1.11
12.1986,1.10995
12.2001,1.10991
12.2016,1.10986
12.2031,1.10982
12.2046,1.10978
12.2061,1.10973
12.2076,1.10969
12.2091,1.10964
12.2106,1.1096
12.2121,1.10955
12.2136,1.10951
12.2151,1.10946
12.2166,1.10942
12.2181,1.10937
12.2196,1.10933
12.2211,1.10928
12.2226,1.10923
12.2241,1.10919
12.2256,1.10914
12.2271,1.1091
12.2286,1.10905
12.2301,1.10901
12.2316,1.10896
12.2331,1.10891
12.2346,1.10886
12.2361,1.10882
12.2376,1.10877
12.2391,1.10873
12.2406,1.10868
12.2421,1.10863
12.2436,1.10858
12.2451,1.10853
12.2466,1.10849
12.2481,1.10844
12.2496,1.10839
12.2511,1.10834
12.2526,1.1083
12.2541,1.10825
12.2556,1.1082
12.2571,1.10815
12.2586,1.1081
12.2601,1.10806
12.2616,1.10801
12.2631,1.10796
12.2646,1.10791
12.2661,1.10786
12.2676,1.10781
12.2691,1.10776
12.2706,1.10771
12.2721,1.10767
12.2736,1.10762
12.2751,1.10757
12.2766,1.10752
12.2781,1.10747
12.2796,1.10742
12.2811,1.10737
12.2826,1.10732
12.2841,1.10727
12.2856,1.10722
12.2871,1.10717
12.2886,1.10712
12.2901,1.10707
12.2916,1.10702
12.2931,1.10697
12.2946,1.10692
12.2961,1.10687
12.2976,1.10682
12.2991,1.10677
12.3006,1.10672
12.3021,1.10667
12.3036,1.10662
12.3051,1.10657
12.3066,1.10652
12.3081,1.10647
12.3096,1.10642
12.3111,1.10637
12.3126,1.10632
12.3141,1.10627
12.3156,1.10622
12.3171,1.10617
12.3186,1.10612
12.3201,1.10607
12.3216,1.10602
12.3231,1.10597
12.3246,1.10592
12.3261,1.10587
12.3276,1.10582
12.3291,1.10577
12.3306,1.10572
12.3321,1.10567
12.3336,1.10562
12.3351,1.10557
12.3366,1.10552
12.3381,1.10547
12.3396,1.10541
12.3411,1.10536
12.3426,1.10532
12.3441,1.10527
12.3456,1.10521
12.3471,1.10516
12.3486,1.10512
12.3501,1.10506
12.3516,1.10501
12.3531,1.10496
12.3546,1.10492
12.3561,1.10486
12.3576,1.10481
12.3591,1.10476
12.3606,1.10472
12.3621,1.10466
12.3636,1.10462
12.3651,1.10457
12.3666,1.10452
12.3681,1.10447
12.3696,1.10442
12.3711,1.10437
12.3726,1.10432
12.3741,1.10427
12.3756,1.10422
12.3771,1.10417
12.3786,1.10412
12.3801,1.10407
12.3816,1.10402
12.3831,1.10397
12.3846,1.10392
12.3861,1.10387
12.3876,1.10382
12.3891,1.10377
12.3906,1.10372
12.3921,1.10367
12.3936,1.10363
12.3951,1.10358
12.3966,1.10353
12.3981,1.10348
12.3996,1.10343
12.4011,1.10338
12.4026,1.10333
12.4041,1.10328
12.4056,1.10323
12.4071,1.10318
12.4086,1.10313
12.4101,1.10309
12.4116,1.10304
12.4131,1.10299
12.4146,1.10294
12.4161,1.10289
12.4176,1.10284
12.4191,1.10279
12.4206,1.10274
12.4221,1.10269
12.4236,1.10264
12.4251,1.10259
12.4266,1.10254
12.4281,1.10249
12.4296,1.10244
12.4311,1.10239
12.4326,1.10234
12.4341,1.10229
12.4356,1.10225
12.4371,1.1022
12.4386,1.10215
12.4401,1.1021
12.4416,1.10205
12.4431,1.102
12.4446,1.10195
12.4461,1.1019
12.4476,1.10185
12.4491,1.1018
12.4506,1.10175
12.4521,1.1017
12.4536,1.10165
12.4551,1.1016
12.4566,1.10155
12.4581,1.1015
12.4596,1.10145
12.4611,1.1014
12.4626,1.10135
12.4641,1.10129
12.4656,1.10124
12.4671,1.10119
12.4686,1.10114
12.4701,1.10109
12.4716,1.10104
12.4731,1.10099
12.4746,1.10094
12.4761,1.10089
12.4776,1.10084
12.4791,1.10079
12.4806,1.10074
12.4821,1.10069
12.4836,1.10064
12.4851,1.10058
12.4866,1.10053
12.4881,1.10048
12.4896,1.10043
12.4911,1.10038
12.4926,1.10033
12.4941,1.10028
12.4956,1.10023
12.4971,1.10017
12.4986,1.10012
12.5001,1.10007
12.5016,1.10002
12.5031,1.09997
12.5046,1.09992
12.5061,1.09986
12.5076,1.09981
12.5091,1.09976
12.5106,1.09971
12.5121,1.09966
12.5136,1.09961
12.5151,1.09956
12.5166,1.0995
12.5181,1.09945
12.5196,1.0994
12.5211,1.09935
12.5226,1.0993
12.5241,1.09925
12.5256,1.0992
12.5271,1.09915
12.5286,1.09909
12.5301,1.09904
12.5316,1.09899
12.5331,1.09894
12.5346,1.09889
12.5361,1.09884
12.5376,1.09879
12.5391,1.09874
12.5406,1.09869
12.5421,1.09864
12.5436,1.09859
12.5451,1.09853
12.5466,1.09848
12.5481,1.09843
12.5496,1.09838
12.5511,1.09833
12.5526,1.09828
12.5541,1.09823
12.5556,1.09819
12.5571,1.09813
12.5586,1.09808
12.5601,1.09803
12.5616,1.09799
12.5631,1.09794
12.5646,1.09789
12.5661,1.09784
12.5676,1.09779
12.5691,1.09774
12.5706,1.09769
12.5721,1.09764
12.5736,1.09759
12.5751,1.09755
12.5766,1.0975
12.5781,1.09745
12.5796,1.0974
12.5811,1.09735
12.5826,1.09731
12.5841,1.09726
12.5856,1.09721
12.5871,1.09717
12.5886,1.09712
12.5901,1.09707
12.5916,1.09702
12.5931,1.09698
12.5946,1.09693
12.5961,1.09689
12.5976,1.09684
12.5991,1.09679
12.6006,1.09675
12.6021,1.0967
12.6036,1.09666
12.6051,1.09661
12.6066,1.09657
12.6081,1.09652
12.6096,1.09648
12.6111,1.09643
12.6126,1.09639
12.6141,1.09634
12.6156,1.0963
12.6171,1.09626
12.6186,1.09621
12.6201,1.09617
12.6216,1.09613
12.6231,1.09608
12.6246,1.09604
12.6261,1.096
12.6276,1.09595
12.6291,1.09591
12.6306,1.09587
12.6321,1.09583
12.6336,1.09578
12.6351,1.09574
12.6366,1.0957
12.6381,1.09566
12.6396,1.09562
12.6411,1.09558
12.6426,1.09554
12.6441,1.0955
12.6456,1.09546
12.6471,1.09542
12.6486,1.09537
12.6501,1.09533
12.6516,1.0953
12.6531,1.09526
12.6546,1.09522
12.6561,1.09518
12.6576,1.09514
12.6591,1.0951
12.6606,1.09506
12.6621,1.09502
12.6636,1.09498
12.6651,1.09495
12.6666,1.09491
12.6681,1.09487
12.6696,1.09483
12.6711,1.09479
12.6726,1.09476
12.6741,1.09472
12.6756,1.09468
12.6771,1.09465
12.6786,1.09461
12.6801,1.09457
12.6816,1.09454
12.6831,1.0945
12.6846,1.09447
12.6861,1.09443
12.6876,1.0944
12.6891,1.09436
12.6906,1.09433
12.6921,1.09429
12.6936,1.09426
12.6951,1.09422
12.6966,1.09419
12.6981,1.09416
12.6996,1.09412
12.7011,1.09409
12.7026,1.09406
12.7041,1.09402
12.7056,1.09399
12.7071,1.09396
12.7086,1.09393
12.7101,1.0939
12.7116,1.09386
12.7131,1.09383
12.7146,1.0938
12.7161,1.09377
12.7176,1.09374
12.7191,1.09371
12.7206,1.09368
12.7221,1.09365
12.7236,1.09362
12.7251,1.09359
12.7266,1.09356
12.7281,1.09353
12.7296,1.0935
12.7311,1.09347
12.7326,1.09344
12.7341,1.09342
12.7356,1.09339
12.7371,1.09336
12.7386,1.09333
12.7401,1.09331
12.7416,1.09328
12.7431,1.09325
12.7446,1.09323
12.7461,1.0932
12.7476,1.09317
12.7491,1.09315
12.7506,1.09312
12.7521,1.0931
12.7536,1.09307
12.7551,1.09305
12.7566,1.09302
12.7581,1.093
12.7596,1.09298
12.7611,1.09295
12.7626,1.09293
12.7641,1.09291
12.7656,1.09288
12.7671,1.09286
12.7686,1.09284
12.7701,1.09282
12.7716,1.09279
12.7731,1.09277
12.7746,1.09275
12.7761,1.09273
12.7776,1.09271
12.7791,1.09269
12.7806,1.09267
12.7821,1.09265
12.7836,1.09263
12.7851,1.09261
12.7866,1.09259
12.7881,1.09257
12.7896,1.09255
12.7911,1.09254
12.7926,1.09252
12.7941,1.0925
12.7956,1.09248
12.7971,1.09247
12.7986,1.09245
12.8001,1.09243
12.8016,1.09241
12.8031,1.0924
12.8046,1.09238
12.8061,1.09237
12.8076,1.09235
12.8091,1.09234
12.8106,1.09232
12.8121,1.0923
12.8136,1.09229
12.8151,1.09228
12.8166,1.09226
12.8181,1.09225
12.8196,1.09223
12.8211,1.09222
12.8226,1.09221
12.8241,1.09219
12.8256,1.09218
12.8271,1.09217
12.8286,1.09216
12.8301,1.09214
12.8316,1.09213
12.8331,1.09212
12.8346,1.09211
12.8361,1.0921
12.8376,1.09209
12.8391,1.09207
12.8406,1.09206
12.8421,1.09205
12.8436,1.09204
12.8451,1.09203
12.8466,1.09202
12.8481,1.09201
12.8496,1.092
12.8511,1.09199
12.8526,1.09199
12.8541,1.09198
12.8556,1.09197
12.8571,1.09196
12.8586,1.09195
12.8601,1.09194
12.8616,1.09193
12.8631,1.09193
12.8646,1.09192
12.8661,1.09191
12.8676,1.0919
12.8691,1.0919
12.8706,1.09189
12.8721,1.09188
12.8736,1.09188
12.8751,1.09187
12.8766,1.09186
12.8781,1.09186
12.8796,1.09185
12.8811,1.09184
12.8826,1.09184
12.8841,1.09183
12.8856,1.09183
12.8871,1.09182
12.8886,1.09182
12.8901,1.09181
12.8916,1.09181
12.8931,1.0918
12.8946,1.0918
12.8961,1.09179
12.8976,1.09179
12.8991,1.09178
12.9006,1.09178
12.9021,1.09177
12.9036,1.09177
12.9051,1.09177
12.9066,1.09176
12.9081,1.09176
12.9096,1.09175
12.9111,1.09175
12.9126,1.09175
12.9141,1.09174
12.9156,1.09174
12.9171,1.09174
12.9186,1.09173
12.9201,1.09173
12.9216,1.09173
12.9231,1.09172
12.9246,1.09172
12.9261,1.09172
12.9276,1.09172
12.9291,1.09171
12.9306,1.09171
12.9321,1.09171
12.9336,1.09171
12.9351,1.0917
12.9366,1.0917
12.9381,1.0917
12.9396,1.0917
12.9411,1.0917
12.9426,1.0917
12.9441,1.0917
12.9456,1.09169
12.9471,1.09169
12.9486,1.09169
12.9501,1.09169
12.9516,1.09169
12.9531,1.09169
12.9546,1.09169
12.9561,1.09169
12.9576,1.09169
12.9591,1.09169
12.9606,1.09169
12.9621,1.09169
12.9636,1.09169
12.9651,1.09169
12.9666,1.09169
12.9681,1.09169
12.9696,1.09169
12.9711,1.09169
12.9726,1.09169
12.9741,1.09169
12.9756,1.0917
12.9771,1.0917
12.9786,1.0917
12.9801,1.0917
12.9816,1.0917
12.9831,1.09171
12.9846,1.09171
12.9861,1.09171
12.9876,1.09171
12.9891,1.09172
12.9906,1.09172
12.9921,1.09172
12.9936,1.09173
12.9951,1.09173
12.9966,1.09173
12.9981,1.09174
12.9996,1.09174
13.0011,1.09175
13.0026,1.09175
13.0041,1.09176
13.0056,1.09176
13.0071,1.09177
13.0086,1.09177
13.0101,1.09178
13.0116,1.09178
13.0131,1.09179
13.0146,1.09179
13.0161,1.0918
13.0176,1.09181
13.0191,1.09181
13.0206,1.09182
13.0221,1.09183
13.0236,1.09183
13.0251,1.09184
13.0266,1.09185
13.0281,1.09186
13.0296,1.09186
13.0311,1.09187
13.0326,1.09188
13.0341,1.09189
13.0356,1.0919
13.0371,1.09191
13.0386,1.09192
13.0401,1.09192
13.0416,1.09193
13.0431,1.09194
13.0446,1.09195
13.0461,1.09196
13.0476,1.09197
13.0491,1.09198
13.0506,1.09199
13.0521,1.092
13.0536,1.09201
13.0552,1.09203
13.0567,1.09204
13.0582,1.09205
13.0597,1.09206
13.0612,1.09207
13.0627,1.09208
13.0642,1.09209
13.0657,1.09211
13.0672,1.09212
13.0687,1.09213
13.0702,1.09214
13.0717,1.09215
13.0732,1.09217
13.0747,1.09218
13.0762,1.09219
13.0777,1.09221
13.0792,1.09222
13.0807,1.09223
13.0822,1.09225
13.0837,1.09226
13.0852,1.09227
13.0867,1.09229
13.0882,1.0923
13.0897,1.09232
13.0912,1.09233
13.0927,1.09234
13.0942,1.09236
13.0957,1.09237
13.0972,1.09239
13.0987,1.0924
13.1002,1.09242
13.1017,1.09243
13.1032,1.09245
13.1047,1.09246
13.1062,1.09248
13.1077,1.0925
13.1092,1.09251
13.1107,1.09253
13.1122,1.09254
13.1137,1.09256
13.1152,1.09258
13.1167,1.09259
13.1182,1.09261
13.1197,1.09263
13.1212,1.09264
13.1227,1.09266
13.1242,1.09268
13.1257,1.09269
13.1272,1.09271
13.1287,1.09273
13.1302,1.09275
13.1317,1.09277
13.1332,1.09278
13.1347,1.0928
13.1362,1.09282
13.1377,1.09284
13.1392,1.09286
13.1407,1.09288
13.1422,1.09289
13.1437,1.09291
13.1452,1.09293
13.1467,1.09295
13.1482,1.09297
13.1497,1.09299
13.1512,1.09301
13.1527,1.09302
13.1542,1.09304
13.1557,1.09306
13.1572,1.09308
13.1587,1.0931
13.1602,1.09312
13.1617,1.09314
13.1632,1.09316
13.1647,1.09318
13.1662,1.0932
13.1677,1.09322
13.1692,1.09325
13.1707,1.09327
13.1722,1.09329
13.1737,1.09331
13.1752,1.09333
13.1767,1.09335
13.1782,1.09337
13.1797,1.09339
13.1812,1.09342
13.1827,1.09344
13.1842,1.09346
13.1857,1.09348
13.1872,1.0935
13.1887,1.09353
13.1902,1.09355
13.1917,1.09357
13.1932,1.0936
13.1947,1.09362
13.1962,1.09364
13.1977,1.09367
13.1992,1.09369
13.2007,1.09371
13.2022,1.09374
13.2037,1.09376
13.2052,1.09379
13.2067,1.09381
13.2082,1.09384
13.2097,1.09386
13.2112,1.09389
13.2127,1.09391
13.2142,1.09394
13.2157,1.09396
13.2172,1.09399
13.2187,1.09402
13.2202,1.09404
13.2217,1.09407
13.2232,1.0941
13.2247,1.09412
13.2262,1.09415
13.2277,1.09418
13.2292,1.0942
13.2307,1.09423
13.2322,1.09426
13.2337,1.09429
13.2352,1.09431
13.2367,1.09434
13.2382,1.09437
13.2397,1.0944
13.2412,1.09443
13.2427,1.09446
13.2442,1.09449
13.2457,1.09452
13.2472,1.09455
13.2487,1.09458
13.2502,1.09461
13.2517,1.09464
13.2532,1.09467
13.2547,1.0947
13.2562,1.09473
13.2577,1.09476
13.2592,1.09479
13.2607,1.09482
13.2622,1.09485
13.2637,1.09488
13.2652,1.09492
13.2667,1.09495
13.2682,1.09498
13.2697,1.09501
13.2712,1.09504
13.2727,1.09508
13.2742,1.09511
13.2757,1.09514
13.2772,1.09518
13.2787,1.09521
13.2802,1.09524
13.2817,1.09528
13.2832,1.09531
13.2847,1.09535
13.2862,1.09538
13.2877,1.09542
13.2892,1.09545
13.2907,1.09548
13.2922,1.09552
13.2937,1.09555
13.2952,1.09559
13.2967,1.09563
13.2982,1.09566
13.2997,1.0957
13.3012,1.09573
13.3027,1.09577
13.3042,1.09581
13.3057,1.09584
13.3072,1.09588
13.3087,1.09592
13.3102,1.09595
13.3117,1.09599
13.3132,1.09603
13.3147,1.09607
13.3162,1.09611
13.3177,1.09615
13.3192,1.09618
13.3207,1.09622
13.3222,1.09626
13.3237,1.0963
13.3252,1.09634
13.3267,1.09638
13.3282,1.09642
13.3297,1.09646
13.3312,1.0965
13.3327,1.09654
13.3342,1.09658
13.3357,1.09662
13.3372,1.09666
13.3387,1.0967
13.3402,1.09674
13.3417,1.09678
13.3432,1.09682
13.3447,1.09687
13.3462,1.09691
13.3477,1.09695
13.3492,1.09699
13.3507,1.09703
13.3522,1.09708
13.3537,1.09712
13.3552,1.09716
13.3567,1.09721
13.3582,1.09725
13.3597,1.09729
13.3612,1.09734
13.3627,1.09738
13.3642,1.09742
13.3657,1.09747
13.3672,1.09751
13.3687,1.09756
13.3702,1.0976
13.3717,1.09764
13.3732,1.09769
13.3747,1.09773
13.3762,1.09778
13.3777,1.09782
13.3792,1.09787
13.3807,1.09791
13.3822,1.09796
13.3837,1.098
13.3852,1.09805
13.3867,1.09809
13.3882,1.09814
13.3897,1.09818
13.3912,1.09823
13.3927,1.09828
13.3942,1.09832
13.3957,1.09837
13.3972,1.09841
13.3987,1.09846
13.4002,1.09851
13.4017,1.09855
13.4032,1.0986
13.4047,1.09864
13.4062,1.09869
13.4077,1.09874
13.4092,1.09878
13.4107,1.09883
13.4122,1.09887
13.4137,1.09892
13.4152,1.09897
13.4167,1.09901
13.4182,1.09906
13.4197,1.0991
13.4212,1.09915
13.4227,1.0992
13.4242,1.09924
13.4257,1.09929
13.4272,1.09934
13.4287,1.09938
13.4302,1.09943
13.4317,1.09947
13.4332,1.09952
13.4347,1.09957
13.4362,1.09961
13.4377,1.09966
13.4392,1.0997
13.4407,1.09975
13.4422,1.09979
13.4437,1.09984
13.4452,1.09988
13.4467,1.09993
13.4482,1.09998
13.4497,1.10002
13.4512,1.10006
13.4527,1.10011
13.4542,1.10015
13.4557,1.1002
13.4572,1.10024
13.4587,1.10029
13.4602,1.10033
13.4617,1.10038
13.4632,1.10042
13.4647,1.10047
13.4662,1.10051
13.4677,1.10055
13.4692,1.1006
13.4707,1.10064
13.4722,1.10068
13.4737,1.10072
13.4752,1.10077
13.4767,1.10081
13.4782,1.10085
13.4797,1.1009
13.4812,1.10094
13.4827,1.10098
13.4842,1.10102
13.4857,1.10106
13.4872,1.10111
13.4887,1.10115
13.4902,1.10119
13.4917,1.10123
13.4932,1.10127
13.4947,1.10131
13.4962,1.10135
13.4977,1.10139
13.4992,1.10143
13.5007,1.10147
13.5022,1.10151
13.5037,1.10155
13.5052,1.10159
13.5067,1.10163
13.5082,1.10167
13.5097,1.10171
13.5112,1.10175
13.5127,1.10179
13.5142,1.10183
13.5157,1.10186
13.5172,1.1019
13.5187,1.10194
13.5202,1.10198
13.5217,1.10202
13.5232,1.10205
13.5247,1.10209
13.5262,1.10213
13.5277,1.10217
13.5292,1.1022
13.5307,1.10224
13.5322,1.10228
13.5337,1.10231
13.5352,1.10235
13.5367,1.10239
13.5382,1.10242
13.5397,1.10246
13.5412,1.10249
13.5427,1.10253
13.5442,1.10257
13.5457,1.1026
13.5472,1.10264
13.5487,1.10267
13.5502,1.1027
13.5517,1.10274
13.5532,1.10277
13.5547,1.10281
13.5562,1.10284
13.5577,1.10288
13.5592,1.10291
13.5607,1.10295
13.5622,1.10298
13.5637,1.10301
13.5652,1.10305
13.5667,1.10308
13.5682,1.10311
13.5697,1.10315
13.5712,1.10318
13.5727,1.10321
13.5742,1.10324
13.5757,1.10328
13.5772,1.10331
13.5787,1.10334
13.5802,1.10337
13.5817,1.1034
13.5832,1.10344
13.5847,1.10347
13.5862,1.1035
13.5877,1.10353
13.5892,1.10356
13.5907,1.10359
13.5922,1.10362
13.5937,1.10365
13.5952,1.10368
13.5967,1.10371
13.5982,1.10374
13.5997,1.10377
13.6012,1.1038
13.6027,1.10383
13.6042,1.10386
13.6057,1.10389
13.6072,1.10392
13.6087,1.10395
13.6102,1.10397
13.6117,1.104
13.6132,1.10403
13.6147,1.10406
13.6162,1.10408
13.6177,1.10411
13.6192,1.10414
13.6207,1.10416
13.6222,1.10419
13.6237,1.10422
13.6252,1.10424
13.6267,1.10427
13.6282,1.10429
13.6297,1.10432
13.6312,1.10434
13.6327,1.10437
13.6342,1.10439
13.6357,1.10442
13.6372,1.10444
13.6387,1.10447
13.6402,1.10449
13.6417,1.10451
13.6432,1.10454
13.6447,1.10456
13.6462,1.10458
13.6477,1.1046
13.6492,1.10463
13.6507,1.10465
13.6522,1.10467
13.6537,1.10469
13.6552,1.10471
13.6567,1.10473
13.6582,1.10475
13.6597,1.10478
13.6612,1.1048
13.6627,1.10481
13.6642,1.10483
13.6657,1.10485
13.6672,1.10487
13.6687,1.10489
13.6702,1.10491
13.6717,1.10493
13.6732,1.10495
13.6747,1.10497
13.6762,1.10498
13.6777,1.105
13.6792,1.10502
13.6807,1.10504
13.6822,1.10506
13.6837,1.10507
13.6852,1.10509
13.6867,1.1051
13.6882,1.10512
13.6897,1.10514
13.6912,1.10515
13.6927,1.10517
13.6942,1.10519
13.6957,1.1052
13.6972,1.10522
13.6987,1.10523
13.7002,1.10525
13.7017,1.10526
13.7032,1.10528
13.7047,1.10529
13.7062,1.10531
13.7077,1.10532
13.7092,1.10534
13.7107,1.10535
13.7122,1.10537
13.7137,1.10538
13.7152,1.10539
13.7167,1.10541
13.7182,1.10542
13.7197,1.10543
13.7212,1.10545
13.7227,1.10546
13.7242,1.10547
13.7257,1.10548
13.7272,1.1055
13.7287,1.10551
13.7302,1.10552
13.7317,1.10554
13.7332,1.10554
13.7347,1.10556
13.7362,1.10557
13.7377,1.10558
13.7392,1.10559
13.7407,1.10561
13.7422,1.10562
13.7437,1.10563
13.7452,1.10564
13.7467,1.10565
13.7482,1.10566
13.7497,1.10567
13.7512,1.10568
13.7527,1.10569
13.7542,1.1057
13.7557,1.10571
13.7572,1.10572
13.7587,1.10573
13.7602,1.10574
13.7617,1.10575
13.7632,1.10576
13.7647,1.10577
13.7662,1.10578
13.7677,1.10579
13.7692,1.1058
13.7707,1.10581
13.7722,1.10582
13.7737,1.10582
13.7752,1.10583
13.7767,1.10584
13.7782,1.10585
13.7797,1.10586
13.7812,1.10587
13.7827,1.10587
13.7842,1.10588
13.7857,1.10589
13.7872,1.1059
13.7887,1.1059
13.7902,1.10591
13.7917,1.10592
13.7932,1.10592
13.7947,1.10593
13.7962,1.10594
13.7977,1.10594
13.7992,1.10595
13.8007,1.10596
13.8022,1.10596
13.8037,1.10597
13.8052,1.10597
13.8067,1.10598
13.8082,1.10598
13.8097,1.10599
13.8112,1.10599
13.8127,1.10599
13.8142,1.106
13.8157,1.106
13.8172,1.10601
13.8187,1.10601
13.8202,1.10601
13.8217,1.10602
13.8232,1.10602
13.8247,1.10602
13.8262,1.10602
13.8277,1.10602
13.8292,1.10603
13.8307,1.10603
13.8322,1.10603
13.8337,1.10603
13.8352,1.10603
13.8367,1.10603
13.8382,1.10603
13.8397,1.10604
13.8412,1.10603
13.8427,1.10604
13.8442,1.10604
13.8457,1.10604
13.8472,1.10604
13.8487,1.10604
13.8502,1.10604
13.8517,1.10603
13.8532,1.10603
13.8547,1.10603
13.8562,1.10603
13.8577,1.10603
13.8592,1.10603
13.8607,1.10603
13.8622,1.10602
13.8637,1.10602
13.8652,1.10602
13.8667,1.10602
13.8682,1.10601
13.8697,1.10601
13.8712,1.10601
13.8727,1.106
13.8742,1.106
13.8757,1.106
13.8772,1.10599
13.8787,1.10599
13.8802,1.10598
13.8817,1.10598
13.8832,1.10598
13.8847,1.10597
13.8862,1.10597
13.8877,1.10596
13.8892,1.10596
13.8907,1.10595
13.8922,1.10594
13.8937,1.10594
13.8952,1.10593
13.8967,1.10593
13.8982,1.10592
13.8997,1.10591
13.9012,1.10591
13.9027,1.1059
13.9042,1.10589
13.9057,1.10589
13.9072,1.10588
13.9087,1.10587
13.9102,1.10586
13.9117,1.10585
13.9132,1.10585
13.9147,1.10584
13.9162,1.10583
13.9177,1.10582
13.9192,1.10581
13.9207,1.1058
13.9222,1.10579
13.9237,1.10578
13.9252,1.10577
13.9267,1.10576
13.9282,1.10575
13.9297,1.10574
13.9312,1.10573
13.9327,1.10572
13.9342,1.1057
13.9357,1.1057
13.9372,1.10568
13.9387,1.10567
13.9402,1.10566
13.9417,1.10565
13.9432,1.10563
13.9447,1.10562
13.9462,1.10561
13.9477,1.10559
13.9492,1.10558
13.9507,1.10557
13.9522,1.10555
13.9537,1.10554
13.9552,1.10552
13.9567,1.10551
13.9582,1.10549
13.9597,1.10548
13.9612,1.10547
13.9627,1.10545
13.9642,1.10544
13.9657,1.10542
13.9672,1.10541
13.9687,1.10539
13.9702,1.10537
13.9717,1.10536
13.9732,1.10534
13.9747,1.10533
13.9762,1.10531
13.9777,1.1053
13.9792,1.10528
13.9807,1.10526
13.9822,1.10524
13.9837,1.10523
13.9852,1.10521
13.9867,1.1052
13.9882,1.10518
13.9897,1.10516
13.9912,1.10515
13.9927,1.10513
13.9942,1.10511
13.9957,1.10509
13.9972,1.10508
13.9987,1.10506
14.0002,1.10504
14.0017,1.10502
14.0032,1.10501
14.0047,1.10499
14.0062,1.10497
14.0077,1.10495
14.0092,1.10493
14.0107,1.10491
14.0122,1.10489
14.0137,1.10488
14.0152,1.10486
14.0167,1.10484
14.0182,1.10482
14.0197,1.1048
14.0212,1.10478
14.0227,1.10476
14.0242,1.10475
14.0257,1.10473
14.0272,1.10471
14.0287,1.10469
14.0302,1.10467
14.0317,1.10465
14.0332,1.10463
14.0347,1.10461
14.0362,1.10459
14.0377,1.10457
14.0392,1.10455
14.0407,1.10453
14.0422,1.10451
14.0437,1.10449
14.0452,1.10446
14.0467,1.10444
14.0482,1.10442
14.0497,1.1044
14.0512,1.10438
14.0527,1.10436
14.0542,1.10434
14.0557,1.10432
14.0572,1.10429
14.0587,1.10427
14.0602,1.10425
14.0617,1.10423
14.0632,1.10421
14.0647,1.10418
14.0662,1.10416
14.0677,1.10414
14.0692,1.10412
14.0707,1.10409
14.0722,1.10407
14.0737,1.10405
14.0752,1.10402
14.0767,1.104
14.0782,1.10398
14.0797,1.10396
14.0812,1.10393
14.0827,1.10391
14.0842,1.10388
14.0857,1.10386
14.0872,1.10384
14.0887,1.10381
14.0902,1.10379
14.0917,1.10376
14.0932,1.10374
14.0947,1.10372
14.0962,1.10369
14.0977,1.10367
14.0992,1.10364
14.1007,1.10361
14.1022,1.10359
14.1037,1.10357
14.1052,1.10354
14.1067,1.10352
14.1082,1.10349
14.1097,1.10347
14.1112,1.10344
14.1127,1.10341
14.1142,1.10339
14.1157,1.10336
14.1172,1.10334
14.1187,1.10331
14.1202,1.10328
14.1217,1.10326
14.1232,1.10323
14.1247,1.10321
14.1262,1.10318
14.1277,1.10315
14.1292,1.10313
14.1307,1.1031
14.1322,1.10307
14.1337,1.10305
14.1352,1.10302
14.1367,1.10299
14.1382,1.10297
14.1397,1.10294
14.1412,1.10291
14.1427,1.10288
14.1442,1.10286
14.1457,1.10283
14.1472,1.1028
14.1487,1.10278
14.1502,1.10275
14.1517,1.10272
14.1532,1.10269
14.1547,1.10267
14.1562,1.10264
14.1577,1.10261
14.1592,1.10258
14.1607,1.10256
14.1622,1.10253
14.1637,1.1025
14.1652,1.10247
14.1667,1.10244
14.1682,1.10242
14.1697,1.10239
14.1712,1.10236
14.1727,1.10233
14.1742,1.1023
14.1757,1.10227
14.1772,1.10225
14.1787,1.10222
14.1802,1.10219
14.1817,1.10216
14.1832,1.10213
14.1847,1.1021
14.1862,1.10207
14.1877,1.10204
14.1892,1.10202
14.1907,1.10199
14.1922,1.10196
14.1937,1.10193
14.1952,1.1019
14.1967,1.10187
14.1982,1.10184
14.1997,1.10181
14.2012,1.10178
14.2027,1.10175
14.2042,1.10172
14.2057,1.10169
14.2072,1.10166
14.2087,1.10163
14.2102,1.1016
14.2118,1.10157
14.2133,1.10154
14.2148,1.10151
14.2163,1.10148
14.2178,1.10145
14.2193,1.10142
14.2208,1.10139
14.2223,1.10136
14.2238,1.10133
14.2253,1.1013
14.2268,1.10127
14.2283,1.10124
14.2298,1.10121
14.2313,1.10118
14.2328,1.10115
14.2343,1.10111
14.2358,1.10108
14.2373,1.10105
14.2388,1.10102
14.2403,1.10099
14.2418,1.10096
14.2433,1.10093
14.2448,1.1009
14.2463,1.10086
14.2478,1.10083
14.2493,1.1008
14.2508,1.10077
14.2523,1.10074
14.2538,1.10071
14.2553,1.10068
14.2568,1.10064
14.2583,1.10061
14.2598,1.10058
14.2613,1.10055
14.2628,1.10052
14.2643,1.10048
14.2658,1.10045
14.2673,1.10042
14.2688,1.10039
14.2703,1.10036
14.2718,1.10032
14.2733,1.10029
14.2748,1.10026
14.2763,1.10023
14.2778,1.10019
14.2793,1.10016
14.2808,1.10013
14.2823,1.1001
14.2838,1.10007
14.2853,1.10003
14.2868,1.1
14.2883,1.09997
14.2898,1.09994
14.2913,1.09991
14.2928,1.09987
14.2943,1.09984
14.2958,1.09981
14.2973,1.09978
14.2988,1.09975
14.3003,1.09971
14.3018,1.09968
14.3033,1.09965
14.3048,1.09962
14.3063,1.09958
14.3078,1.09955
14.3093,1.09952
14.3108,1.09949
14.3123,1.09946
14.3138,1.09943
14.3153,1.09939
14.3168,1.09936
14.3183,1.09933
14.3198,1.0993
14.3213,1.09927
14.3228,1.09924
14.3243,1.09921
14.3258,1.09917
14.3273,1.09914
14.3288,1.09911
14.3303,1.09908
14.3318,1.09905
14.3333,1.09902
14.3348,1.09899
14.3363,1.09896
14.3378,1.09893
14.3393,1.0989
14.3408,1.09887
14.3423,1.09884
14.3438,1.09881
14.3453,1.09878
14.3468,1.09875
14.3483,1.09872
14.3498,1.09869
14.3513,1.09866
14.3528,1.09863
14.3543,1.0986
14.3558,1.09857
14.3573,1.09854
14.3588,1.09851
14.3603,1.09848
14.3618,1.09845
14.3633,1.09843
14.3648,1.0984
14.3663,1.09837
14.3678,1.09834
14.3693,1.09831
14.3708,1.09829
14.3723,1.09826
14.3738,1.09823
14.3753,1.09821
14.3768,1.09818
14.3783,1.09815
14.3798,1.09812
14.3813,1.0981
14.3828,1.09807
14.3843,1.09805
14.3858,1.09802
14.3873,1.09799
14.3888,1.09797
14.3903,1.09794
14.3918,1.09791
14.3933,1.09789
14.3948,1.09787
14.3963,1.09784
14.3978,1.09782
14.3993,1.09779
14.4008,1.09777
14.4023,1.09774
14.4038,1.09772
14.4053,1.09769
14.4068,1.09767
14.4083,1.09765
14.4098,1.09762
14.4113,1.0976
14.4128,1.09758
14.4143,1.09755
14.4158,1.09753
14.4173,1.09751
14.4188,1.09748
14.4203,1.09746
14.4218,1.09744
14.4233,1.09742
14.4248,1.0974
14.4263,1.09737
14.4278,1.09735
14.4293,1.09733
14.4308,1.09731
14.4323,1.09729
14.4338,1.09727
14.4353,1.09725
14.4368,1.09723
14.4383,1.09721
14.4398,1.09719
14.4413,1.09717
14.4428,1.09715
14.4443,1.09713
14.4458,1.09711
14.4473,1.09709
14.4488,1.09707
14.4503,1.09705
14.4518,1.09703
14.4533,1.09701
14.4548,1.09699
14.4563,1.09697
14.4578,1.09696
14.4593,1.09694
14.4608,1.09692
14.4623,1.0969
14.4638,1.09688
14.4653,1.09687
14.4668,1.09685
14.4683,1.09683
14.4698,1.09681
14.4713,1.0968
14.4728,1.09678
14.4743,1.09676
14.4758,1.09675
14.4773,1.09673
14.4788,1.09671
14.4803,1.0967
14.4818,1.09668
14.4833,1.09666
14.4848,1.09665
14.4863,1.09663
14.4878,1.09662
14.4893,1.0966
14.4908,1.09658
14.4923,1.09657
14.4938,1.09655
14.4953,1.09654
14.4968,1.09652
14.4983,1.09651
14.4998,1.09649
14.5013,1.09648
14.5028,1.09647
14.5043,1.09645
14.5058,1.09644
14.5073,1.09642
14.5088,1.09641
14.5103,1.09639
14.5118,1.09638
14.5133,1.09637
14.5148,1.09635
14.5163,1.09634
14.5178,1.09633
14.5193,1.09631
14.5208,1.0963
14.5223,1.09629
14.5238,1.09627
14.5253,1.09626
14.5268,1.09625
14.5283,1.09624
14.5298,1.09622
14.5313,1.09621
14.5328,1.0962
14.5343,1.09619
14.5358,1.09617
14.5373,1.09616
14.5388,1.09615
14.5403,1.09614
14.5418,1.09613
14.5433,1.09611
14.5448,1.0961
14.5463,1.09609
14.5478,1.09608
14.5493,1.09607
14.5508,1.09606
14.5523,1.09605
14.5538,1.09604
14.5553,1.09602
14.5568,1.09601
14.5583,1.096
14.5598,1.09599
14.5613,1.09598
14.5628,1.09597
14.5643,1.09596
14.5658,1.09595
14.5673,1.09594
14.5688,1.09593
14.5703,1.09592
14.5718,1.09591
14.5733,1.0959
14.5748,1.09589
14.5763,1.09588
14.5778,1.09587
14.5793,1.09586
14.5808,1.09586
14.5823,1.09585
14.5838,1.09584
14.5853,1.09583
14.5868,1.09582
14.5883,1.09581
14.5898,1.0958
14.5913,1.09579
14.5928,1.09579
14.5943,1.09578
14.5958,1.09577
14.5973,1.09576
14.5988,1.09575
14.6003,1.09574
14.6018,1.09573
14.6033,1.09573
14.6048,1.09572
14.6063,1.09571
14.6078,1.0957
14.6093,1.0957
14.6108,1.09569
14.6123,1.09568
14.6138,1.09568
14.6153,1.09567
14.6168,1.09566
14.6183,1.09565
14.6198,1.09565
14.6213,1.09564
14.6228,1.09563
14.6243,1.09563
14.6258,1.09562
14.6273,1.09561
14.6288,1.09561
14.6303,1.0956
14.6318,1.0956
14.6333,1.09559
14.6348,1.09558
14.6363,1.09558
14.6378,1.09557
14.6393,1.09557
14.6408,1.09556
14.6423,1.09556
14.6438,1.09555
14.6453,1.09554
14.6468,1.09554
14.6483,1.09553
14.6498,1.09553
14.6513,1.09552
14.6528,1.09552
14.6543,1.09551
14.6558,1.09551
14.6573,1.0955
14.6588,1.0955
14.6603,1.09549
14.6618,1.09549
14.6633,1.09548
14.6648,1.09548
14.6663,1.09547
14.6678,1.09547
14.6693,1.09547
14.6708,1.09546
14.6723,1.09546
14.6738,1.09545
14.6753,1.09545
14.6768,1.09545
14.6783,1.09544
14.6798,1.09544
14.6813,1.09543
14.6828,1.09543
14.6843,1.09543
14.6858,1.09542
14.6873,1.09542
14.6888,1.09541
14.6903,1.09541
14.6918,1.09541
14.6933,1.09541
14.6948,1.0954
14.6963,1.0954
14.6978,1.0954
14.6993,1.09539
14.7008,1.09539
14.7023,1.09539
14.7038,1.09538
14.7053,1.09538
14.7068,1.09538
14.7083,1.09538
14.7098,1.09537
14.7113,1.09537
14.7128,1.09537
14.7143,1.09536
14.7158,1.09536
14.7173,1.09536
14.7188,1.09536
14.7203,1.09535
14.7218,1.09535
14.7233,1.09535
14.7248,1.09535
14.7263,1.09534
14.7278,1.09534
14.7293,1.09534
14.7308,1.09534
14.7323,1.09533
14.7338,1.09533
14.7353,1.09533
14.7368,1.09533
14.7383,1.09533
14.7398,1.09532
14.7413,1.09532
14.7428,1.09532
14.7443,1.09532
14.7458,1.09531
14.7473,1.09531
14.7488,1.09531
14.7503,1.09531
14.7518,1.09531
14.7533,1.0953
14.7548,1.0953
14.7563,1.0953
14.7578,1.0953
14.7593,1.0953
14.7608,1.0953
14.7623,1.09529
14.7638,1.09529
14.7653,1.09529
14.7668,1.09529
14.7683,1.09529
14.7698,1.09529
14.7713,1.09528
14.7728,1.09528
14.7743,1.09528
14.7758,1.09528
14.7773,1.09528
14.7788,1.09528
14.7803,1.09527
14.7818,1.09527
14.7833,1.09527
14.7848,1.09527
14.7863,1.09527
14.7878,1.09527
14.7893,1.09527
14.7908,1.09526
14.7923,1.09526
14.7938,1.09526
14.7953,1.09526
14.7968,1.09526
14.7983,1.09526
14.7998,1.09526
14.8013,1.09526
14.8028,1.09526
14.8043,1.09526
14.8058,1.09525
14.8073,1.09526
14.8088,1.09525
14.8103,1.09525
14.8118,1.09525
14.8133,1.09525
14.8148,1.09525
14.8163,1.09525
14.8178,1.09525
14.8193,1.09525
14.8208,1.09525
14.8223,1.09525
14.8238,1.09525
14.8253,1.09525
14.8268,1.09525
14.8283,1.09525
14.8298,1.09525
14.8313,1.09525
14.8328,1.09525
14.8343,1.09525
14.8358,1.09524
14.8373,1.09524
14.8388,1.09525
14.8403,1.09525
14.8418,1.09525
14.8433,1.09525
14.8448,1.09525
14.8463,1.09525
14.8478,1.09525
14.8493,1.09525
14.8508,1.09525
14.8523,1.09525
14.8538,1.09525
14.8553,1.09525
14.8568,1.09525
14.8583,1.09525
14.8598,1.09526
14.8613,1.09526
14.8628,1.09526
14.8643,1.09526
14.8658,1.09526
14.8673,1.09526
14.8688,1.09526
14.8703,1.09527
14.8718,1.09527
14.8733,1.09527
14.8748,1.09527
14.8763,1.09527
14.8778,1.09528
14.8793,1.09528
14.8808,1.09528
14.8823,1.09528
14.8838,1.09528
14.8853,1.09529
14.8868,1.09529
14.8883,1.09529
14.8898,1.09529
14.8913,1.0953
14.8928,1.0953
14.8943,1.0953
14.8958,1.09531
14.8973,1.09531
14.8988,1.09531
14.9003,1.09532
14.9018,1.09532
14.9033,1.09532
14.9048,1.09533
14.9063,1.09533
14.9078,1.09534
14.9093,1.09534
14.9108,1.09534
14.9123,1.09535
14.9138,1.09535
14.9153,1.09536
14.9168,1.09536
14.9183,1.09537
14.9198,1.09537
14.9213,1.09537
14.9228,1.09538
14.9243,1.09539
14.9258,1.09539
14.9273,1.0954
14.9288,1.0954
14.9303,1.09541
14.9318,1.09541
14.9333,1.09542
14.9348,1.09542
14.9363,1.09543
14.9378,1.09543
14.9393,1.09544
14.9408,1.09544
14.9423,1.09545
14.9438,1.09546
14.9453,1.09546
14.9468,1.09547
14.9483,1.09548
14.9498,1.09548
14.9513,1.09549
14.9528,1.0955
14.9543,1.0955
14.9558,1.09551
14.9573,1.09552
14.9588,1.09552
14.9603,1.09553
14.9618,1.09554
14.9633,1.09554
14.9648,1.09555
14.9663,1.09556
14.9678,1.09557
14.9693,1.09557
14.9708,1.09558
14.9723,1.09559
14.9738,1.0956
14.9753,1.0956
14.9768,1.09561
14.9783,1.09562
14.9798,1.09563
14.9813,1.09564
14.9828,1.09564
14.9843,1.09565
14.9858,1.09566
14.9873,1.09567
14.9888,1.09568
14.9903,1.09569
14.9918,1.09569
14.9933,1.0957
14.9948,1.09571
14.9963,1.09572
14.9978,1.09573
14.9993,1.09574
15.0008,1.09575
15.0023,1.09575
15.0038,1.09576
15.0053,1.09577
15.0068,1.09578
15.0083,1.09579
15.0098,1.0958
15.0113,1.09581
15.0128,1.09582
15.0143,1.09583
15.0158,1.09583
15.0173,1.09585
15.0188,1.09585
15.0203,1.09586
15.0218,1.09587
15.0233,1.09588
15.0248,1.09589
15.0263,1.0959
15.0278,1.09591
15.0293,1.09592
15.0308,1.09593
15.0323,1.09594
15.0338,1.09595
15.0353,1.09596
15.0368,1.09597
15.0383,1.09598
15.0398,1.09599
15.0413,1.096
15.0428,1.09601
15.0443,1.09602
15.0458,1.09603
15.0473,1.09604
15.0488,1.09605
15.0503,1.09606
15.0518,1.09607
15.0533,1.09608
15.0548,1.09609
15.0563,1.0961
15.0578,1.09611
15.0593,1.09612
15.0608,1.09613
15.0623,1.09614
15.0638,1.09615
15.0653,1.09616
15.0668,1.09617
15.0683,1.09618
15.0698,1.09619
15.0713,1.0962
15.0728,1.09621
15.0743,1.09622
15.0758,1.09623
15.0773,1.09625
15.0788,1.09626
15.0803,1.09627
15.0818,1.09628
15.0833,1.09629
15.0848,1.0963
15.0863,1.09631
15.0878,1.09632
15.0893,1.09633
15.0908,1.09634
15.0923,1.09635
15.0938,1.09637
15.0953,1.09638
15.0968,1.09639
15.0983,1.0964
15.0998,1.09641
15.1013,1.09642
15.1028,1.09643
15.1043,1.09645
15.1058,1.09646
15.1073,1.09647
15.1088,1.09648
15.1103,1.09649
15.1118,1.0965
15.1133,1.09652
15.1148,1.09653
15.1163,1.09654
15.1178,1.09655
15.1193,1.09656
15.1208,1.09658
15.1223,1.09659
15.1238,1.0966
15.1253,1.09661
15.1268,1.09663
15.1283,1.09664
15.1298,1.09665
15.1313,1.09666
15.1328,1.09668
15.1343,1.09669
15.1358,1.0967
15.1373,1.09671
15.1388,1.09673
15.1403,1.09674
15.1418,1.09675
15.1433,1.09676
15.1448,1.09678
15.1463,1.09679
15.1478,1.0968
15.1493,1.09682
15.1508,1.09683
15.1523,1.09685
15.1538,1.09686
15.1553,1.09687
15.1568,1.09689
15.1583,1.0969
15.1598,1.09691
15.1613,1.09693
15.1628,1.09694
15.1643,1.09695
15.1658,1.09697
15.1673,1.09698
15.1688,1.097
15.1703,1.09701
15.1718,1.09703
15.1733,1.09704
15.1748,1.09705
15.1763,1.09707
15.1778,1.09708
15.1793,1.0971
15.1808,1.09711
15.1823,1.09713
15.1838,1.09714
15.1853,1.09716
15.1868,1.09717
15.1883,1.09719
15.1898,1.0972
15.1913,1.09722
15.1928,1.09723
15.1943,1.09725
15.1958,1.09726
15.1973,1.09728
15.1988,1.0973
15.2003,1.09731
15.2018,1.09733
15.2033,1.09734
15.2048,1.09736
15.2063,1.09738
15.2078,1.09739
15.2093,1.09741
15.2108,1.09742
15.2123,1.09744
15.2138,1.09746
15.2153,1.09747
15.2168,1.09749
15.2183,1.09751
15.2198,1.09752
15.2213,1.09754
15.2228,1.09756
15.2243,1.09757
15.2258,1.09759
15.2273,1.09761
15.2288,1.09762
15.2303,1.09764
15.2318,1.09766
15.2333,1.09767
15.2348,1.09769
15.2363,1.09771
15.2378,1.09773
15.2393,1.09774
15.2408,1.09776
15.2423,1.09778
15.2438,1.0978
15.2453,1.09781
15.2468,1.09783
15.2483,1.09785
15.2498,1.09787
15.2513,1.09788
15.2528,1.0979
15.2543,1.09792
15.2558,1.09794
15.2573,1.09795
15.2588,1.09797
15.2603,1.09799
15.2618,1.09801
15.2633,1.09803
15.2648,1.09804
15.2663,1.09806
15.2678,1.09808
15.2693,1.0981
15.2708,1.09812
15.2723,1.09813
15.2738,1.09815
15.2753,1.09817
15.2768,1.09819
15.2783,1.09821
15.2798,1.09823
15.2813,1.09824
15.2828,1.09826
15.2843,1.09828
15.2858,1.0983
15.2873,1.09832
15.2888,1.09834
15.2903,1.09835
15.2918,1.09837
15.2933,1.09839
15.2948,1.09841
15.2963,1.09843
15.2978,1.09844
15.2993,1.09846
15.3008,1.09848
15.3023,1.0985
15.3038,1.09852
15.3053,1.09854
15.3068,1.09856
15.3083,1.09857
15.3098,1.09859
15.3113,1.09861
15.3128,1.09863
15.3143,1.09865
15.3158,1.09866
15.3173,1.09868
15.3188,1.0987
15.3203,1.09872
15.3218,1.09874
15.3233,1.09876
15.3248,1.09877
15.3263,1.09879
15.3278,1.09881
15.3293,1.09883
15.3308,1.09885
15.3323,1.09886
15.3338,1.09888
15.3353,1.0989
15.3368,1.09892
15.3383,1.09893
15.3398,1.09895
15.3413,1.09897
15.3428,1.09899
15.3443,1.099
15.3458,1.09902
15.3473,1.09904
15.3488,1.09906
15.3503,1.09907
15.3518,1.09909
15.3533,1.09911
15.3548,1.09913
15.3563,1.09914
15.3578,1.09916
15.3593,1.09918
15.3608,1.09919
15.3623,1.09921
15.3638,1.09923
15.3653,1.09924
15.3668,1.09926
15.3684,1.09928
15.3699,1.09929
15.3714,1.09931
15.3729,1.09933
15.3744,1.09934
15.3759,1.09936
15.3774,1.09937
15.3789,1.09939
15.3804,1.09941
15.3819,1.09942
15.3834,1.09944
15.3849,1.09945
15.3864,1.09947
15.3879,1.09948
15.3894,1.0995
15.3909,1.09951
15.3924,1.09953
15.3939,1.09955
15.3954,1.09956
15.3969,1.09958
15.3984,1.09959
15.3999,1.09961
15.4014,1.09962
15.4029,1.09964
15.4044,1.09965
15.4059,1.09966
15.4074,1.09968
15.4089,1.09969
15.4104,1.09971
15.4119,1.09972
15.4134,1.09974
15.4149,1.09975
15.4164,1.09976
15.4179,1.09978
15.4194,1.09979
15.4209,1.09981
15.4224,1.09982
15.4239,1.09983
15.4254,1.09985
15.4269,1.09986
15.4284,1.09987
15.4299,1.09989
15.4314,1.0999
15.4329,1.09991
15.4344,1.09993
15.4359,1.09994
15.4374,1.09995
15.4389,1.09996
15.4404,1.09998
15.4419,1.09999
15.4434,1.1
15.4449,1.10001
15.4464,1.10003
15.4479,1.10004
15.4494,1.10005
15.4509,1.10006
15.4524,1.10007
15.4539,1.10009
15.4554,1.1001
15.4569,1.10011
15.4584,1.10012
15.4599,1.10013
15.4614,1.10015
15.4629,1.10016
15.4644,1.10017
15.4659,1.10018
15.4674,1.10019
15.4689,1.1002
15.4704,1.10021
15.4719,1.10022
15.4734,1.10023
15.4749,1.10025
15.4764,1.10025
15.4779,1.10027
15.4794,1.10028
15.4809,1.10029
15.4824,1.1003
15.4839,1.10031
15.4854,1.10032
15.4869,1.10033
15.4884,1.10034
15.4899,1.10035
15.4914,1.10036
15.4929,1.10037
15.4944,1.10038
15.4959,1.10039
15.4974,1.1004
15.4989,1.10041
15.5004,1.10041
15.5019,1.10042
15.5034,1.10043
15.5049,1.10044
15.5064,1.10045
15.5079,1.10046
15.5094,1.10047
15.5109,1.10048
15.5124,1.10049
15.5139,1.1005
15.5154,1.1005
15.5169,1.10051
15.5184,1.10052
15.5199,1.10053
15.5214,1.10053
15.5229,1.10054
15.5244,1.10055
15.5259,1.10056
15.5274,1.10057
15.5289,1.10057
15.5304,1.10058
15.5319,1.10059
15.5334,1.10059
15.5349,1.1006
15.5364,1.10061
15.5379,1.10062
15.5394,1.10062
15.5409,1.10063
15.5424,1.10064
15.5439,1.10064
15.5454,1.10065
15.5469,1.10066
15.5484,1.10066
15.5499,1.10067
15.5514,1.10067
15.5529,1.10068
15.5544,1.10068
15.5559,1.10069
15.5574,1.1007
15.5589,1.1007
15.5604,1.10071
15.5619,1.10071
15.5634,1.10072
15.5649,1.10072
15.5664,1.10073
15.5679,1.10073
15.5694,1.10074
15.5709,1.10074
15.5724,1.10075
15.5739,1.10075
15.5754,1.10075
15.5769,1.10076
15.5784,1.10076
15.5799,1.10077
15.5814,1.10077
15.5829,1.10077
15.5844,1.10078
15.5859,1.10078
15.5874,1.10078
15.5889,1.10079
15.5904,1.10079
15.5919,1.10079
15.5934,1.10079
15.5949,1.1008
15.5964,1.1008
15.5979,1.1008
15.5994,1.10081
15.6009,1.10081
15.6024,1.10081
15.6039,1.10081
15.6054,1.10081
15.6069,1.10081
15.6084,1.10082
15.6099,1.10082
15.6114,1.10082
15.6129,1.10082
15.6144,1.10082
15.6159,1.10082
15.6174,1.10082
15.6189,1.10082
15.6204,1.10082
15.6219,1.10083
15.6234,1.10083
15.6249,1.10083
15.6264,1.10082
15.6279,1.10083
15.6294,1.10083
15.6309,1.10083
15.6324,1.10082
15.6339,1.10082
15.6354,1.10082
15.6369,1.10082
15.6384,1.10082
15.6399,1.10082
15.6414,1.10082
15.6429,1.10082
15.6444,1.10082
15.6459,1.10082
15.6474,1.10082
15.6489,1.10081
15.6504,1.10081
15.6519,1.10081
15.6534,1.10081
15.6549,1.10081
15.6564,1.10081
15.6579,1.1008
15.6594,1.1008
15.6609,1.1008
15.6624,1.1008
15.6639,1.10079
15.6654,1.10079
15.6669,1.10079
15.6684,1.10079
15.6699,1.10078
15.6714,1.10078
15.6729,1.10078
15.6744,1.10077
15.6759,1.10077
15.6774,1.10077
15.6789,1.10077
15.6804,1.10076
15.6819,1.10076
15.6834,1.10075
15.6849,1.10075
15.6864,1.10075
15.6879,1.10075
15.6894,1.10074
15.6909,1.10074
15.6924,1.10073
15.6939,1.10073
15.6954,1.10073
15.6969,1.10072
15.6984,1.10072
15.6999,1.10072
15.7014,1.10071
15.7029,1.10071
15.7044,1.1007
15.7059,1.1007
15.7074,1.10069
15.7089,1.10069
15.7104,1.10068
15.7119,1.10068
15.7134,1.10068
15.7149,1.10067
15.7164,1.10067
15.7179,1.10066
15.7194,1.10066
15.7209,1.10065
15.7224,1.10065
15.7239,1.10065
15.7254,1.10064
15.7269,1.10064
15.7284,1.10063
15.7299,1.10063
15.7314,1.10062
15.7329,1.10062
15.7344,1.10061
15.7359,1.10061
15.7374,1.10061
15.7389,1.1006
15.7404,1.1006
15.7419,1.10059
15.7434,1.10059
15.7449,1.10058
15.7464,1.10058
15.7479,1.10057
15.7494,1.10057
15.7509,1.10057
15.7524,1.10056
15.7539,1.10056
15.7554,1.10055
15.7569,1.10055
15.7584,1.10054
15.7599,1.10054
15.7614,1.10054
15.7629,1.10053
15.7644,1.10053
15.7659,1.10052
15.7674,1.10052
15.7689,1.10052
15.7704,1.10051
15.7719,1.10051
15.7734,1.1005
15.7749,1.1005
15.7764,1.1005
15.7779,1.10049
15.7794,1.10049
15.7809,1.10049
15.7824,1.10048
15.7839,1.10048
15.7854,1.10048
15.7869,1.10047
15.7884,1.10047
15.7899,1.10047
15.7914,1.10046
15.7929,1.10046
15.7944,1.10046
15.7959,1.10045
15.7974,1.10045
15.7989,1.10044
15.8004,1.10044
15.8019,1.10044
15.8034,1.10044
15.8049,1.10043
15.8064,1.10043
15.8079,1.10043
15.8094,1.10042
15.8109,1.10042
15.8124,1.10042
15.8139,1.10041
15.8154,1.10041
15.8169,1.1004
15.8184,1.1004
15.8199,1.1004
15.8214,1.1004
15.8229,1.10039
15.8244,1.10039
15.8259,1.10039
15.8274,1.10038
15.8289,1.10038
15.8304,1.10038
15.8319,1.10037
15.8334,1.10037
15.8349,1.10037
15.8364,1.10036
15.8379,1.10036
15.8394,1.10036
15.8409,1.10035
15.8424,1.10035
15.8439,1.10035
15.8454,1.10034
15.8469,1.10034
15.8484,1.10033
15.8499,1.10033
15.8514,1.10033
15.8529,1.10032
15.8544,1.10032
15.8559,1.10032
15.8574,1.10031
15.8589,1.10031
15.8604,1.1003
15.8619,1.1003
15.8634,1.1003
15.8649,1.10029
15.8664,1.10029
15.8679,1.10028
15.8694,1.10028
15.8709,1.10028
15.8724,1.10027
15.8739,1.10027
15.8754,1.10027
15.8769,1.10026
15.8784,1.10026
15.8799,1.10025
15.8814,1.10025
15.8829,1.10024
15.8844,1.10024
15.8859,1.10024
15.8874,1.10023
15.8889,1.10023
15.8904,1.10022
15.8919,1.10022
15.8934,1.10021
15.8949,1.10021
15.8964,1.10021
15.8979,1.1002
15.8994,1.1002
15.9009,1.10019
15.9024,1.10019
15.9039,1.10018
15.9054,1.10018
15.9069,1.10018
15.9084,1.10017
15.9099,1.10017
15.9114,1.10016
15.9129,1.10016
15.9144,1.10015
15.9159,1.10015
15.9174,1.10015
15.9189,1.10014
15.9204,1.10014
15.9219,1.10013
15.9234,1.10013
15.9249,1.10012
15.9264,1.10012
15.9279,1.10011
15.9294,1.10011
15.9309,1.10011
15.9324,1.1001
15.9339,1.1001
15.9354,1.10009
15.9369,1.10009
15.9384,1.10008
15.9399,1.10008
15.9414,1.10008
15.9429,1.10007
15.9444,1.10007
15.9459,1.10006
15.9474,1.10006
15.9489,1.10005
15.9504,1.10005
15.9519,1.10004
15.9534,1.10004
15.9549,1.10003
15.9564,1.10003
15.9579,1.10003
15.9594,1.10002
15.9609,1.10002
15.9624,1.10001
15.9639,1.10001
15.9654,1.1
15.9669,1.1
15.9684,1.1
15.9699,1.09999
15.9714,1.09999
15.9729,1.09998
15.9744,1.09998
15.9759,1.09997
15.9774,1.09997
15.9789,1.09996
15.9804,1.09996
15.9819,1.09995
15.9834,1.09995
15.9849,1.09995
15.9864,1.09994
15.9879,1.09994
15.9894,1.09993
15.9909,1.09993
15.9924,1.09993
15.9939,1.09992
15.9954,1.09992
15.9969,1.09991
15.9984,1.09991
15.9999,1.0999
16.0014,1.0999
16.0029,1.0999
16.0044,1.09989
16.0059,1.09989
16.0074,1.09988
16.0089,1.09988
16.0104,1.09987
16.0119,1.09987
16.0134,1.09987
16.0149,1.09986
16.0164,1.09986
16.0179,1.09985
16.0194,1.09985
16.0209,1.09984
16.0224,1.09984
16.0239,1.09984
16.0254,1.09983
16.0269,1.09983
16.0284,1.09982
16.0299,1.09982
16.0314,1.09982
16.0329,1.09981
16.0344,1.09981
16.0359,1.0998
16.0374,1.0998
16.0389,1.0998
16.0404,1.09979
16.0419,1.09979
16.0434,1.09978
16.0449,1.09978
16.0464,1.09978
16.0479,1.09977
16.0494,1.09977
16.0509,1.09977
16.0524,1.09976
16.0539,1.09976
16.0554,1.09976
16.0569,1.09975
16.0584,1.09975
16.0599,1.09975
16.0614,1.09974
16.0629,1.09974
16.0644,1.09973
16.0659,1.09973
16.0674,1.09973
16.0689,1.09973
16.0704,1.09972
16.0719,1.09972
16.0734,1.09971
16.0749,1.09971
16.0764,1.09971
16.0779,1.09971
16.0794,1.0997
16.0809,1.0997
16.0824,1.0997
16.0839,1.09969
16.0854,1.09969
16.0869,1.09969
16.0884,1.09968
16.0899,1.09968
16.0914,1.09968
16.0929,1.09967
16.0944,1.09967
16.0959,1.09967
16.0974,1.09967
16.0989,1.09966
16.1003,1.09966
16.1018,1.09966
16.1033,1.09966
16.1048,1.09965
16.1063,1.09965
16.1078,1.09965
16.1093,1.09964
16.1108,1.09964
16.1123,1.09964
16.1138,1.09964
16.1153,1.09964
16.1168,1.09963
16.1183,1.09963
16.1198,1.09963
16.1213,1.09963
16.1228,1.09962
16.1243,1.09962
16.1258,1.09962
16.1273,1.09962
16.1288,1.09962
16.1303,1.09961
16.1318,1.09961
16.1333,1.09961
16.1348,1.09961
16.1363,1.09961
16.1378,1.0996
16.1393,1.0996
16.1408,1.0996
16.1423,1.0996
16.1438,1.0996
16.1453,1.09959
16.1468,1.09959
16.1483,1.09959
16.1498,1.09959
16.1513,1.09959
16.1528,1.09958
16.1543,1.09958
16.1558,1.09958
16.1573,1.09958
16.1588,1.09958
16.1603,1.09958
16.1618,1.09958
16.1633,1.09957
16.1648,1.09957
16.1663,1.09957
16.1678,1.09957
16.1693,1.09957
16.1708,1.09957
16.1723,1.09957
16.1738,1.09956
16.1753,1.09956
16.1768,1.09956
16.1783,1.09956
16.1798,1.09956
16.1813,1.09956
16.1828,1.09956
16.1843,1.09956
16.1858,1.09955
16.1873,1.09955
16.1888,1.09955
16.1903,1.09955
16.1918,1.09955
16.1933,1.09955
16.1948,1.09955
16.1963,1.09955
16.1978,1.09955
16.1993,1.09955
16.2008,1.09955
16.2023,1.09954
16.2038,1.09954
16.2053,1.09954
16.2068,1.09954
16.2083,1.09954
16.2098,1.09954
16.2113,1.09954
16.2128,1.09954
16.2143,1.09954
16.2158,1.09954
16.2173,1.09954
16.2188,1.09954
16.2203,1.09954
16.2218,1.09954
16.2233,1.09954
16.2248,1.09954
16.2263,1.09954
16.2278,1.09954
16.2293,1.09954
16.2308,1.09954
16.2323,1.09954
16.2338,1.09954
16.2353,1.09954
16.2368,1.09954
16.2383,1.09954
16.2398,1.09954
16.2413,1.09955
16.2428,1.09954
16.2443,1.09955
16.2458,1.09955
16.2473,1.09955
16.2488,1.09955
16.2503,1.09955
16.2518,1.09955
16.2533,1.09955
16.2548,1.09955
16.2563,1.09955
16.2578,1.09956
16.2593,1.09956
16.2608,1.09956
16.2623,1.09956
16.2638,1.09956
16.2653,1.09956
16.2668,1.09956
16.2683,1.09957
16.2698,1.09957
16.2713,1.09957
16.2728,1.09957
16.2743,1.09957
16.2758,1.09958
16.2773,1.09958
16.2788,1.09958
16.2803,1.09958
16.2817,1.09959
16.2832,1.09959
16.2847,1.09959
16.2862,1.09959
16.2877,1.0996
16.2892,1.0996
16.2907,1.0996
16.2922,1.0996
16.2937,1.09961
16.2952,1.09961
16.2967,1.09961
16.2982,1.09962
16.2997,1.09962
16.3012,1.09962
16.3027,1.09963
16.3042,1.09963
16.3057,1.09963
16.3072,1.09964
16.3087,1.09964
16.3102,1.09964
16.3117,1.09965
16.3132,1.09965
16.3147,1.09966
16.3162,1.09966
16.3177,1.09966
16.3192,1.09967
16.3207,1.09967
16.3222,1.09967
16.3237,1.09968
16.3252,1.09968
16.3267,1.09969
16.3282,1.09969
16.3297,1.09969
16.3312,1.0997
16.3327,1.0997
16.3342,1.09971
16.3357,1.09971
16.3372,1.09972
16.3387,1.09972
16.3402,1.09973
16.3417,1.09973
16.3432,1.09973
16.3447,1.09974
16.3462,1.09974
16.3477,1.09975
16.3492,1.09975
16.3507,1.09976
16.3522,1.09976
16.3537,1.09977
16.3552,1.09977
16.3567,1.09978
16.3582,1.09978
16.3597,1.09979
16.3612,1.09979
16.3627,1.0998
16.3642,1.0998
16.3657,1.09981
16.3672,1.09981
16.3687,1.09982
16.3702,1.09982
16.3717,1.09983
16.3732,1.09983
16.3747,1.09984
16.3762,1.09984
16.3777,1.09985
16.3792,1.09985
16.3807,1.09986
16.3822,1.09986
16.3837,1.09987
16.3852,1.09987
16.3867,1.09988
16.3882,1.09988
16.3897,1.09989
16.3912,1.09989
16.3927,1.0999
16.3942,1.0999
16.3957,1.09991
16.3972,1.09991
16.3987,1.09992
16.4002,1.09992
16.4017,1.09993
16.4032,1.09993
16.4047,1.09994
16.4062,1.09994
16.4077,1.09995
16.4092,1.09995
16.4107,1.09996
16.4122,1.09996
16.4137,1.09997
16.4152,1.09997
16.4167,1.09998
16.4182,1.09998
16.4197,1.09999
16.4212,1.09999
16.4227,1.1
16.4242,1.1
16.4257,1.10001
16.4272,1.10001
16.4287,1.10002
16.4302,1.10002
16.4317,1.10003
16.4332,1.10003
16.4347,1.10004
16.4362,1.10004
16.4377,1.10004
16.4392,1.10005
16.4407,1.10005
16.4422,1.10006
16.4437,1.10006
16.4452,1.10007
16.4467,1.10007
16.4482,1.10008
16.4497,1.10008
16.4512,1.10009
16.4527,1.10009
16.4542,1.10009
16.4557,1.1001
16.4572,1.1001
16.4587,1.10011
16.4602,1.10011
16.4617,1.10012
16.4632,1.10012
16.4646,1.10012
16.4661,1.10013
16.4676,1.10013
16.4691,1.10013
16.4706,1.10014
16.4721,1.10014
16.4736,1.10015
16.4751,1.10015
16.4766,1.10015
16.4781,1.10016
16.4796,1.10016
16.4811,1.10017
16.4826,1.10017
16.4841,1.10017
16.4856,1.10018
16.4871,1.10018
16.4886,1.10018
16.4901,1.10019
16.4916,1.10019
16.4931,1.10019
16.4946,1.1002
16.4961,1.1002
16.4976,1.1002
16.4991,1.10021
16.5006,1.10021
16.5021,1.10021
16.5036,1.10022
16.5051,1.10022
16.5066,1.10022
16.5081,1.10023
16.5096,1.10023
16.5111,1.10023
16.5126,1.10023
16.5141,1.10024
16.5156,1.10024
16.5171,1.10024
16.5186,1.10024
16.5201,1.10025
16.5216,1.10025
16.5231,1.10025
16.5246,1.10025
16.5261,1.10026
16.5276,1.10026
16.5291,1.10026
16.5306,1.10027
16.5321,1.10027
16.5336,1.10027
16.5351,1.10027
16.5366,1.10027
16.5381,1.10028
16.5396,1.10028
16.5411,1.10028
16.5426,1.10028
16.5441,1.10029
16.5456,1.10029
16.5471,1.10029
16.5486,1.10029
16.5501,1.10029
16.5516,1.1003
16.5531,1.1003
16.5546,1.1003
16.5561,1.1003
16.5576,1.1003
16.5591,1.10031
16.5606,1.10031
16.5621,1.10031
16.5636,1.10031
16.5651,1.10031
16.5666,1.10032
16.5681,1.10032
16.5696,1.10032
16.5711,1.10032
16.5726,1.10032
16.5741,1.10033
16.5756,1.10033
16.5771,1.10033
16.5786,1.10033
16.5801,1.10033
16.5816,1.10033
16.5831,1.10034
16.5846,1.10034
16.5861,1.10034
16.5876,1.10034
16.5891,1.10034
16.5906,1.10034
16.5921,1.10035
16.5936,1.10035
16.5951,1.10035
16.5966,1.10035
16.5981,1.10035
16.5996,1.10035
16.6011,1.10036
16.6026,1.10036
16.6041,1.10036
16.6056,1.10036
16.6071,1.10036
16.6086,1.10036
16.6101,1.10036
16.6116,1.10037
16.6131,1.10037
16.6146,1.10037
16.6161,1.10037
16.6176,1.10037
16.6191,1.10037
16.6206,1.10037
16.6221,1.10038
16.6236,1.10038
16.6251,1.10038
16.6266,1.10038
16.6281,1.10038
16.6296,1.10038
16.6311,1.10038
16.6326,1.10039
16.6341,1.10039
16.6356,1.10039
16.6371,1.10039
16.6386,1.10039
16.6401,1.10039
16.6416,1.10039
16.6431,1.1004
16.6446,1.1004
16.646,1.1004
16.6475,1.1004
16.649,1.1004
16.6505,1.1004
16.652,1.10041
16.6535,1.10041
16.655,1.10041
16.6565,1.10041
16.658,1.10041
16.6595,1.10041
16.661,1.10041
16.6625,1.10041
16.664,1.10042
16.6655,1.10042
16.667,1.10042
16.6685,1.10042
16.67,1.10042
16.6715,1.10043
16.673,1.10043
16.6745,1.10043
16.676,1.10043
16.6775,1.10043
16.679,1.10043
16.6805,1.10044
16.682,1.10044
16.6835,1.10044
16.685,1.10044
16.6865,1.10044
16.688,1.10045
16.6895,1.10045
16.691,1.10045
16.6925,1.10045
16.694,1.10045
16.6955,1.10046
16.697,1.10046
16.6985,1.10046
16.7,1.10046
16.7015,1.10046
16.703,1.10047
16.7045,1.10047
16.706,1.10047
16.7075,1.10047
16.709,1.10048
16.7105,1.10048
16.712,1.10048
16.7135,1.10048
16.715,1.10049
16.7165,1.10049
16.718,1.10049
16.7195,1.1005
16.721,1.1005
16.7225,1.1005
16.724,1.1005
16.7255,1.10051
16.727,1.10051
16.7285,1.10051
16.73,1.10052
16.7315,1.10052
16.733,1.10052
16.7345,1.10053
16.736,1.10053
16.7375,1.10053
16.739,1.10054
16.7405,1.10054
16.742,1.10054
16.7435,1.10055
16.745,1.10055
16.7465,1.10055
16.748,1.10056
16.7495,1.10056
16.751,1.10057
16.7525,1.10057
16.754,1.10057
16.7555,1.10058
16.757,1.10058
16.7585,1.10059
16.76,1.10059
16.7615,1.10059
16.763,1.1006
16.7645,1.1006
16.766,1.10061
16.7675,1.10061
16.769,1.10062
16.7705,1.10062
16.772,1.10063
16.7735,1.10063
16.775,1.10063
16.7765,1.10064
16.778,1.10065
16.7795,1.10065
16.781,1.10066
16.7825,1.10066
16.784,1.10067
16.7855,1.10067
16.787,1.10068
16.7885,1.10068
16.79,1.10069
16.7915,1.10069
16.793,1.1007
16.7945,1.10071
16.796,1.10071
16.7975,1.10072
16.799,1.10072
16.8005,1.10073
16.802,1.10074
16.8035,1.10074
16.805,1.10075
16.8065,1.10075
16.808,1.10076
16.8095,1.10077
16.811,1.10077
16.8125,1.10078
16.814,1.10079
16.8155,1.10079
16.817,1.1008
16.8185,1.10081
16.82,1.10082
16.8215,1.10082
16.823,1.10083
16.8245,1.10084
16.826,1.10084
16.8274,1.10085
16.8289,1.10086
16.8304,1.10087
16.8319,1.10088
16.8334,1.10088
16.8349,1.10089
16.8364,1.1009
16.8379,1.10091
16.8394,1.10092
16.8409,1.10093
16.8424,1.10093
16.8439,1.10094
16.8454,1.10095
16.8469,1.10096
16.8484,1.10097
16.8499,1.10098
16.8514,1.10099
16.8529,1.101
16.8544,1.101
16.8559,1.10101
16.8574,1.10102
16.8589,1.10103
16.8604,1.10104
16.8619,1.10105
16.8634,1.10106
16.8649,1.10107
16.8664,1.10108
16.8679,1.10109
16.8694,1.1011
16.8709,1.10111
16.8724,1.10112
16.8739,1.10113
16.8754,1.10114
16.8769,1.10115
16.8784,1.10116
16.8799,1.10117
16.8814,1.10118
16.8829,1.10119
16.8844,1.1012
16.8859,1.10121
16.8874,1.10123
16.8889,1.10124
16.8904,1.10125
16.8919,1.10126
16.8934,1.10127
16.8949,1.10128
16.8964,1.10129
16.8979,1.1013
16.8994,1.10131
16.9009,1.10133
16.9024,1.10134
16.9039,1.10135
16.9054,1.10136
16.9069,1.10137
16.9084,1.10138
16.9099,1.10139
16.9114,1.10141
16.9129,1.10142
16.9144,1.10143
16.9159,1.10144
16.9174,1.10145
16.9189,1.10146
16.9204,1.10148
16.9219,1.10149
16.9234,1.1015
16.9249,1.10151
16.9264,1.10152
16.9279,1.10154
16.9294,1.10155
16.9309,1.10156
16.9324,1.10157
16.9339,1.10159
16.9354,1.1016
16.9369,1.10161
16.9384,1.10162
16.9399,1.10163
16.9414,1.10165
16.9429,1.10166
16.9444,1.10167
16.9459,1.10168
16.9474,1.1017
16.9489,1.10171
16.9504,1.10172
16.9519,1.10173
16.9534,1.10175
16.9549,1.10176
16.9564,1.10177
16.9579,1.10178
16.9594,1.1018
16.9609,1.10181
16.9624,1.10182
16.9639,1.10184
16.9654,1.10185
16.9669,1.10186
16.9684,1.10187
16.9699,1.10189
16.9714,1.1019
16.9729,1.10191
16.9744,1.10193
16.9759,1.10194
16.9774,1.10195
16.9789,1.10196
16.9804,1.10198
16.9819,1.10199
16.9834,1.102
16.9849,1.10202
16.9864,1.10203
16.9879,1.10204
16.9894,1.10205
16.9909,1.10207
16.9924,1.10208
16.9939,1.10209
16.9954,1.10211
16.9969,1.10212
16.9984,1.10213
16.9999,1.10215
17.0014,1.10216
17.0029,1.10217
17.0044,1.10218
17.0059,1.1022
17.0074,1.10221
17.0089,1.10222
17.0103,1.10223
17.0118,1.10225
17.0133,1.10226
17.0148,1.10227
17.0163,1.10229
17.0178,1.1023
17.0193,1.10231
17.0208,1.10233
17.0223,1.10234
17.0238,1.10235
17.0253,1.10236
17.0268,1.10238
17.0283,1.10239
17.0298,1.1024
17.0313,1.10242
17.0328,1.10243
17.0343,1.10244
17.0358,1.10246
17.0373,1.10247
17.0388,1.10248
17.0403,1.1025
17.0418,1.10251
17.0433,1.10252
17.0448,1.10254
17.0463,1.10255
17.0478,1.10256
17.0493,1.10257
17.0508,1.10259
17.0523,1.1026
17.0538,1.10262
17.0553,1.10263
17.0568,1.10264
17.0583,1.10265
17.0598,1.10267
17.0613,1.10268
17.0628,1.10269
17.0643,1.10271
17.0658,1.10272
17.0673,1.10273
17.0688,1.10275
17.0703,1.10276
17.0718,1.10277
17.0733,1.10279
17.0748,1.1028
17.0763,1.10281
17.0778,1.10283
17.0793,1.10284
17.0808,1.10285
17.0823,1.10287
17.0838,1.10288
17.0853,1.10289
17.0868,1.10291
17.0883,1.10292
17.0898,1.10293
17.0913,1.10295
17.0928,1.10296
17.0943,1.10297
17.0958,1.10299
17.0973,1.103
17.0988,1.10301
17.1003,1.10303
17.1018,1.10304
17.1033,1.10305
17.1048,1.10307
17.1063,1.10308
17.1078,1.10309
17.1093,1.10311
17.1108,1.10312
17.1123,1.10313
17.1138,1.10315
17.1153,1.10316
17.1168,1.10317
17.1183,1.10319
17.1198,1.1032
17.1213,1.10321
17.1228,1.10322
17.1243,1.10324
17.1258,1.10325
17.1273,1.10326
17.1288,1.10328
17.1303,1.10329
17.1318,1.1033
17.1333,1.10332
17.1348,1.10333
17.1363,1.10334
17.1378,1.10335
17.1393,1.10337
17.1408,1.10338
17.1423,1.10339
17.1438,1.1034
17.1453,1.10341
17.1468,1.10343
17.1483,1.10344
17.1498,1.10345
17.1513,1.10346
17.1528,1.10347
17.1543,1.10348
17.1558,1.1035
17.1573,1.10351
17.1588,1.10352
17.1603,1.10353
17.1618,1.10354
17.1633,1.10355
17.1648,1.10356
17.1663,1.10357
17.1678,1.10359
17.1693,1.1036
17.1708,1.10361
17.1723,1.10362
17.1738,1.10363
17.1753,1.10364
17.1768,1.10365
17.1783,1.10366
17.1798,1.10367
17.1813,1.10368
17.1828,1.10369
17.1843,1.1037
17.1858,1.10371
17.1873,1.10372
17.1888,1.10373
17.1903,1.10374
17.1917,1.10375
17.1932,1.10376
17.1947,1.10377
17.1962,1.10378
17.1977,1.10379
17.1992,1.1038
17.2007,1.10381
17.2022,1.10382
17.2037,1.10383
17.2052,1.10383
17.2067,1.10384
17.2082,1.10385
17.2097,1.10386
17.2112,1.10387
17.2127,1.10388
17.2142,1.10388
17.2157,1.10389
17.2172,1.1039
17.2187,1.10391
17.2202,1.10392
17.2217,1.10392
17.2232,1.10393
17.2247,1.10394
17.2262,1.10395
17.2277,1.10395
17.2292,1.10396
17.2307,1.10397
17.2322,1.10398
17.2337,1.10398
17.2352,1.10399
17.2367,1.104
17.2382,1.104
17.2397,1.10401
17.2412,1.10401
17.2427,1.10402
17.2442,1.10403
17.2457,1.10403
17.2472,1.10404
17.2487,1.10405
17.2502,1.10405
17.2517,1.10406
17.2532,1.10406
17.2547,1.10407
17.2562,1.10407
17.2577,1.10408
17.2592,1.10409
17.2607,1.10409
17.2622,1.1041
17.2637,1.1041
17.2652,1.1041
17.2667,1.10411
17.2682,1.10412
17.2697,1.10412
17.2712,1.10413
17.2727,1.10413
17.2742,1.10413
17.2757,1.10414
17.2772,1.10414
17.2787,1.10415
17.2802,1.10415
17.2817,1.10416
17.2832,1.10416
17.2847,1.10417
17.2862,1.10417
17.2877,1.10418
17.2892,1.10418
17.2907,1.10418
17.2922,1.10419
17.2937,1.10419
17.2952,1.1042
17.2967,1.1042
17.2982,1.1042
17.2997,1.10421
17.3012,1.10421
17.3027,1.10421
17.3042,1.10422
17.3057,1.10422
17.3072,1.10423
17.3087,1.10423
17.3102,1.10423
17.3117,1.10424
17.3132,1.10424
17.3147,1.10424
17.3162,1.10425
17.3177,1.10425
17.3192,1.10425
17.3207,1.10426
17.3222,1.10426
17.3237,1.10426
17.3252,1.10427
17.3267,1.10427
17.3282,1.10427
17.3297,1.10428
17.3312,1.10428
17.3327,1.10428
17.3342,1.10429
17.3357,1.10429
17.3372,1.10429
17.3387,1.10429
17.3402,1.1043
17.3417,1.1043
17.3432,1.10431
17.3447,1.10431
17.3462,1.10431
17.3477,1.10431
17.3492,1.10431
17.3507,1.10432
17.3522,1.10432
17.3537,1.10432
17.3552,1.10433
17.3567,1.10433
17.3582,1.10433
17.3597,1.10433
17.3612,1.10434
17.3627,1.10434
17.3642,1.10434
17.3657,1.10434
17.3672,1.10434
17.3687,1.10435
17.3702,1.10435
17.3717,1.10435
17.3731,1.10435
17.3746,1.10436
17.3761,1.10436
17.3776,1.10436
17.3791,1.10436
17.3806,1.10436
17.3821,1.10436
17.3836,1.10437
17.3851,1.10437
17.3866,1.10437
17.3881,1.10437
17.3896,1.10437
17.3911,1.10438
17.3926,1.10438
17.3941,1.10438
17.3956,1.10438
17.3971,1.10438
17.3986,1.10438
17.4001,1.10438
17.4016,1.10439
17.4031,1.10439
17.4046,1.10439
17.4061,1.10439
17.4076,1.10439
17.4091,1.10439
17.4106,1.10439
17.4121,1.10439
17.4136,1.10439
17.4151,1.1044
17.4166,1.10439
17.4181,1.10439
17.4196,1.1044
17.4211,1.1044
17.4226,1.1044
17.4241,1.1044
17.4256,1.1044
17.4271,1.1044
17.4286,1.1044
17.4301,1.1044
17.4316,1.1044
17.4331,1.1044
17.4346,1.1044
17.4361,1.1044
17.4376,1.1044
17.4391,1.1044
17.4406,1.1044
17.4421,1.1044
17.4436,1.1044
17.4451,1.1044
17.4466,1.1044
17.4481,1.1044
17.4496,1.1044
17.4511,1.1044
17.4526,1.1044
17.4541,1.1044
17.4556,1.1044
17.4571,1.1044
17.4586,1.1044
17.4601,1.1044
17.4616,1.10439
17.4631,1.10439
17.4646,1.10439
17.4661,1.10439
17.4676,1.10439
17.4691,1.10439
17.4706,1.10439
17.4721,1.10439
17.4736,1.10439
17.4751,1.10438
17.4766,1.10438
17.4781,1.10438
17.4796,1.10438
17.4811,1.10438
17.4826,1.10438
17.4841,1.10438
17.4856,1.10437
17.4871,1.10437
17.4886,1.10437
17.4901,1.10437
17.4916,1.10437
17.4931,1.10436
17.4946,1.10436
17.4961,1.10436
17.4976,1.10436
17.4991,1.10436
17.5006,1.10435
17.5021,1.10435
17.5036,1.10435
17.5051,1.10435
17.5066,1.10434
17.5081,1.10434
17.5096,1.10434
17.5111,1.10434
17.5126,1.10433
17.5141,1.10433
17.5156,1.10432
17.5171,1.10432
17.5186,1.10432
17.5201,1.10432
17.5216,1.10431
17.5231,1.10431
17.5246,1.1043
17.5261,1.1043
17.5276,1.1043
17.5291,1.1043
17.5306,1.10429
17.5321,1.10429
17.5336,1.10428
17.5351,1.10428
17.5366,1.10428
17.5381,1.10427
17.5396,1.10427
17.5411,1.10426
17.5426,1.10426
17.5441,1.10425
17.5456,1.10425
17.5471,1.10425
17.5486,1.10424
17.5501,1.10424
17.5516,1.10423
17.5531,1.10423
17.5546,1.10422
17.556,1.10422
17.5575,1.10421
17.559,1.10421
17.5605,1.1042
17.562,1.1042
17.5635,1.10419
17.565,1.10419
17.5665,1.10418
17.568,1.10418
17.5695,1.10417
17.571,1.10416
17.5725,1.10416
17.574,1.10415
17.5755,1.10415
17.577,1.10414
17.5785,1.10414
17.58,1.10413
17.5815,1.10413
17.583,1.10412
17.5845,1.10411
17.586,1.10411
17.5875,1.1041
17.589,1.10409
17.5905,1.10409
17.592,1.10408
17.5935,1.10408
17.595,1.10407
17.5965,1.10406
17.598,1.10406
17.5995,1.10405
17.601,1.10404
17.6025,1.10404
17.604,1.10403
17.6055,1.10402
17.607,1.10402
17.6085,1.10401
17.61,1.10401
17.6115,1.104
17.613,1.10399
17.6145,1.10398
17.616,1.10398
17.6175,1.10397
17.619,1.10397
17.6205,1.10396
17.622,1.10395
17.6235,1.10394
17.625,1.10394
17.6265,1.10393
17.628,1.10392
17.6295,1.10392
17.631,1.10391
17.6325,1.10391
17.634,1.1039
17.6355,1.10389
17.637,1.10388
17.6385,1.10388
17.64,1.10387
17.6415,1.10387
17.643,1.10386
17.6445,1.10385
17.646,1.10384
17.6475,1.10384
17.649,1.10383
17.6505,1.10383
17.652,1.10382
17.6535,1.10381
17.655,1.10381
17.6565,1.1038
17.658,1.10379
17.6595,1.10379
17.661,1.10378
17.6625,1.10377
17.664,1.10377
17.6655,1.10376
17.667,1.10376
17.6685,1.10375
17.67,1.10375
17.6715,1.10374
17.673,1.10373
17.6745,1.10373
17.676,1.10372
17.6775,1.10372
17.679,1.10371
17.6805,1.1037
17.682,1.1037
17.6835,1.10369
17.685,1.10369
17.6865,1.10368
17.688,1.10367
17.6895,1.10367
17.691,1.10366
17.6925,1.10366
17.694,1.10365
17.6955,1.10365
17.697,1.10364
17.6985,1.10363
17.7,1.10363
17.7015,1.10362
17.703,1.10362
17.7045,1.10361
17.706,1.10361
17.7075,1.1036
17.709,1.1036
17.7105,1.10359
17.712,1.10358
17.7135,1.10358
17.715,1.10357
17.7165,1.10357
17.718,1.10356
17.7195,1.10356
17.721,1.10355
17.7225,1.10355
17.724,1.10354
17.7255,1.10353
17.727,1.10353
17.7285,1.10352
17.73,1.10352
17.7315,1.10351
17.733,1.1035
17.7345,1.1035
17.736,1.10349
17.7374,1.10349
17.7389,1.10348
17.7404,1.10348
17.7419,1.10347
17.7434,1.10347
17.7449,1.10346
17.7464,1.10345
17.7479,1.10345
17.7494,1.10344
17.7509,1.10344
17.7524,1.10343
17.7539,1.10343
17.7554,1.10342
17.7569,1.10342
17.7584,1.10341
17.7599,1.1034
17.7614,1.1034
17.7629,1.10339
17.7644,1.10339
17.7659,1.10338
17.7674,1.10338
17.7689,1.10337
17.7704,1.10337
17.7719,1.10336
17.7734,1.10336
17.7749,1.10335
17.7764,1.10335
17.7779,1.10334
17.7794,1.10334
17.7809,1.10333
17.7824,1.10333
17.7839,1.10332
17.7854,1.10332
17.7869,1.10332
17.7884,1.10331
17.7899,1.10331
17.7914,1.1033
17.7929,1.1033
17.7944,1.10329
17.7959,1.10329
17.7974,1.10329
17.7989,1.10328
17.8004,1.10328
17.8019,1.10328
17.8034,1.10327
17.8049,1.10327
17.8064,1.10327
17.8079,1.10326
17.8094,1.10326
17.8109,1.10326
17.8124,1.10325
17.8139,1.10325
17.8154,1.10325
17.8169,1.10324
17.8184,1.10324
17.8199,1.10324
17.8214,1.10324
17.8229,1.10323
17.8244,1.10323
17.8259,1.10323
17.8274,1.10323
17.8289,1.10323
17.8304,1.10323
17.8319,1.10323
17.8334,1.10322
17.8349,1.10322
17.8364,1.10322
17.8379,1.10322
17.8394,1.10322
17.8409,1.10322
17.8424,1.10322
17.8439,1.10322
17.8454,1.10321
17.8469,1.10321
17.8484,1.10321
17.8499,1.10321
17.8514,1.10321
17.8529,1.10321
17.8544,1.10322
17.8559,1.10322
17.8574,1.10322
17.8589,1.10322
17.8604,1.10322
17.8619,1.10322
17.8634,1.10322
17.8649,1.10322
17.8664,1.10322
17.8679,1.10322
17.8694,1.10322
17.8709,1.10322
17.8724,1.10322
17.8739,1.10323
17.8754,1.10323
17.8769,1.10323
17.8784,1.10323
17.8799,1.10323
17.8814,1.10323
17.8829,1.10324
17.8844,1.10324
17.8859,1.10324
17.8874,1.10324
17.8889,1.10324
17.8904,1.10325
17.8919,1.10325
17.8934,1.10325
17.8949,1.10325
17.8964,1.10326
17.8979,1.10326
17.8994,1.10326
17.9009,1.10326
17.9024,1.10327
17.9039,1.10327
17.9054,1.10327
17.9069,1.10327
17.9084,1.10328
17.9099,1.10328
17.9114,1.10328
17.9129,1.10329
17.9144,1.10329
17.9159,1.10329
17.9174,1.1033
17.9188,1.1033
17.9203,1.1033
17.9218,1.1033
17.9233,1.10331
17.9248,1.10331
17.9263,1.10331
17.9278,1.10332
17.9293,1.10332
17.9308,1.10333
17.9323,1.10333
17.9338,1.10333
17.9353,1.10334
17.9368,1.10334
17.9383,1.10334
17.9398,1.10335
17.9413,1.10335
17.9428,1.10335
17.9443,1.10336
17.9458,1.10336
17.9473,1.10336
17.9488,1.10337
17.9503,1.10337
17.9518,1.10337
17.9533,1.10338
17.9548,1.10338
17.9563,1.10338
17.9578,1.10339
17.9593,1.10339
17.9608,1.10339
17.9623,1.1034
17.9638,1.1034
17.9653,1.1034
17.9668,1.1034
17.9683,1.10341
17.9698,1.10341
17.9713,1.10341
17.9728,1.10342
17.9743,1.10342
17.9758,1.10343
17.9773,1.10343
17.9788,1.10343
17.9803,1.10343
17.9818,1.10344
17.9833,1.10344
17.9848,1.10344
17.9863,1.10344
17.9878,1.10345
17.9893,1.10345
17.9908,1.10345
17.9923,1.10346
17.9938,1.10346
17.9953,1.10346
17.9968,1.10346
17.9983,1.10347
17.9998,1.10347
18.0013,1.10347
18.0028,1.10347
18.0043,1.10347
18.0058,1.10348
18.0073,1.10348
18.0088,1.10348
18.0103,1.10348
18.0118,1.10349
18.0133,1.10349
18.0148,1.10349
18.0163,1.10349
18.0178,1.10349
18.0193,1.1035
18.0208,1.1035
18.0223,1.1035
18.0238,1.1035
18.0253,1.1035
18.0268,1.10351
18.0283,1.10351
18.0298,1.10351
18.0313,1.10351
18.0328,1.10351
18.0343,1.10352
18.0358,1.10352
18.0373,1.10352
18.0388,1.10352
18.0403,1.10352
18.0418,1.10352
18.0433,1.10353
18.0448,1.10353
18.0463,1.10353
18.0478,1.10353
18.0493,1.10353
18.0508,1.10354
18.0523,1.10354
18.0538,1.10354
18.0553,1.10354
18.0568,1.10354
18.0583,1.10354
18.0598,1.10355
18.0613,1.10355
18.0628,1.10355
18.0643,1.10355
18.0658,1.10355
18.0673,1.10355
18.0688,1.10356
18.0703,1.10356
18.0718,1.10356
18.0733,1.10356
18.0748,1.10356
18.0763,1.10357
18.0778,1.10357
18.0793,1.10357
18.0808,1.10357
18.0823,1.10358
18.0838,1.10358
18.0853,1.10358
18.0868,1.10358
18.0883,1.10358
18.0898,1.10359
18.0913,1.10359
18.0928,1.10359
18.0943,1.1036
18.0958,1.1036
18.0973,1.1036
18.0988,1.1036
18.1003,1.10361
18.1017,1.10361
18.1032,1.10361
18.1047,1.10362
18.1062,1.10362
18.1077,1.10362
18.1092,1.10363
18.1107,1.10363
18.1122,1.10363
18.1137,1.10364
18.1152,1.10364
18.1167,1.10364
18.1182,1.10365
18.1197,1.10365
18.1212,1.10366
18.1227,1.10366
18.1242,1.10367
18.1257,1.10367
18.1272,1.10368
18.1287,1.10368
18.1302,1.10369
18.1317,1.10369
18.1332,1.1037
18.1347,1.1037
18.1362,1.10371
18.1377,1.10371
18.1392,1.10372
18.1407,1.10372
18.1422,1.10373
18.1437,1.10374
18.1452,1.10374
18.1467,1.10375
18.1482,1.10376
18.1497,1.10376
18.1512,1.10377
18.1527,1.10378
18.1542,1.10378
18.1557,1.10379
18.1572,1.1038
18.1587,1.10381
18.1602,1.10382
18.1617,1.10382
18.1632,1.10383
18.1647,1.10384
18.1662,1.10385
18.1677,1.10386
18.1692,1.10387
18.1707,1.10388
18.1722,1.10389
18.1737,1.1039
18.1752,1.1039
18.1767,1.10391
18.1782,1.10393
18.1797,1.10394
18.1812,1.10395
18.1827,1.10396
18.1842,1.10397
18.1857,1.10398
18.1872,1.10399
18.1887,1.104
18.1902,1.10402
18.1917,1.10403
18.1932,1.10404
18.1947,1.10405
18.1962,1.10406
18.1977,1.10408
18.1992,1.10409
18.2007,1.1041
18.2022,1.10412
18.2037,1.10413
18.2052,1.10415
18.2067,1.10416
18.2082,1.10418
18.2097,1.10419
18.2112,1.10421
18.2127,1.10422
18.2142,1.10424
18.2157,1.10425
18.2172,1.10427
18.2187,1.10428
18.2202,1.1043
18.2217,1.10432
18.2232,1.10433
18.2247,1.10435
18.2262,1.10437
18.2277,1.10439
18.2292,1.1044
18.2307,1.10442
18.2322,1.10444
18.2337,1.10446
18.2352,1.10448
18.2367,1.1045
18.2382,1.10452
18.2397,1.10454
18.2412,1.10456
18.2427,1.10458
18.2442,1.1046
18.2457,1.10462
18.2472,1.10464
18.2487,1.10466
18.2502,1.10468
18.2517,1.1047
18.2532,1.10473
18.2547,1.10475
18.2562,1.10477
18.2577,1.1048
18.2592,1.10482
18.2607,1.10484
18.2622,1.10487
18.2637,1.10489
18.2652,1.10492
18.2667,1.10494
18.2682,1.10497
18.2697,1.10499
18.2712,1.10502
18.2727,1.10505
18.2742,1.10507
18.2757,1.1051
18.2772,1.10513
18.2787,1.10515
18.2802,1.10518
18.2817,1.10521
18.2831,1.10524
18.2846,1.10526
18.2861,1.10529
18.2876,1.10532
18.2891,1.10535
18.2906,1.10538
18.2921,1.10541
18.2936,1.10544
18.2951,1.10547
18.2966,1.1055
18.2981,1.10552
18.2996,1.10556
18.3011,1.10558
18.3026,1.10561
18.3041,1.10564
18.3056,1.10567
18.3071,1.1057
18.3086,1.10574
18.3101,1.10577
18.3116,1.1058
18.3131,1.10583
18.3146,1.10586
18.3161,1.10589
18.3176,1.10592
18.3191,1.10595
18.3206,1.10598
18.3221,1.10601
18.3236,1.10604
18.3251,1.10607
18.3266,1.1061
18.3281,1.10613
18.3296,1.10616
18.3311,1.10619
18.3326,1.10623
18.3341,1.10626
18.3356,1.10629
18.3371,1.10632
18.3386,1.10635
18.3401,1.10638
18.3416,1.10641
18.3431,1.10644
18.3446,1.10647
18.3461,1.1065
18.3476,1.10653
18.3491,1.10656
18.3506,1.10659
18.3521,1.10662
18.3536,1.10665
18.3551,1.10668
18.3566,1.10671
18.3581,1.10674
18.3596,1.10677
18.3611,1.10679
18.3626,1.10682
18.3641,1.10685
18.3656,1.10688
18.3671,1.10691
18.3686,1.10694
18.3701,1.10697
18.3716,1.10699
18.3731,1.10702
18.3746,1.10705
18.3761,1.10708
18.3776,1.1071
18.3791,1.10713
18.3806,1.10716
18.3821,1.10718
18.3836,1.10721
18.3851,1.10724
18.3866,1.10727
18.3881,1.10729
18.3896,1.10732
18.3911,1.10735
18.3926,1.10737
18.3941,1.1074
18.3956,1.10742
18.3971,1.10745
18.3986,1.10748
18.4001,1.1075
18.4016,1.10753
18.4031,1.10755
18.4046,1.10758
18.4061,1.1076
18.4076,1.10763
18.4091,1.10765
18.4106,1.10768
18.4121,1.1077
18.4136,1.10773
18.4151,1.10775
18.4166,1.10777
18.4181,1.1078
18.4196,1.10782
18.4211,1.10785
18.4226,1.10787
18.4241,1.10789
18.4256,1.10791
18.4271,1.10794
18.4286,1.10796
18.4301,1.10798
18.4316,1.108
18.4331,1.10802
18.4346,1.10805
18.4361,1.10807
18.4376,1.10809
18.4391,1.10811
18.4406,1.10813
18.4421,1.10815
18.4436,1.10817
18.4451,1.1082
18.4466,1.10822
18.4481,1.10824
18.4496,1.10826
18.4511,1.10828
18.4526,1.10829
18.4541,1.10831
18.4556,1.10833
18.4571,1.10835
18.4586,1.10837
18.4601,1.10839
18.4616,1.10841
18.4631,1.10843
18.4646,1.10845
18.466,1.10846
18.4675,1.10848
18.469,1.1085
18.4705,1.10852
18.472,1.10853
18.4735,1.10855
18.475,1.10857
18.4765,1.10859
18.478,1.1086
18.4795,1.10862
18.481,1.10864
18.4825,1.10865
18.484,1.10867
18.4855,1.10869
18.487,1.1087
18.4885,1.10872
18.49,1.10874
18.4915,1.10875
18.493,1.10877
18.4945,1.10878
18.496,1.1088
18.4975,1.10881
18.499,1.10883
18.5005,1.10884
18.502,1.10886
18.5035,1.10887
18.505,1.10889
18.5065,1.1089
18.508,1.10891
18.5095,1.10893
18.511,1.10894
18.5125,1.10896
18.514,1.10897
18.5155,1.10898
18.517,1.109
18.5185,1.10901
18.52,1.10902
18.5215,1.10904
18.523,1.10905
18.5245,1.10906
18.526,1.10908
18.5275,1.10909
18.529,1.1091
18.5305,1.10912
18.532,1.10913
18.5335,1.10914
18.535,1.10916
18.5365,1.10917
18.538,1.10918
18.5395,1.10919
18.541,1.10921
18.5425,1.10922
18.544,1.10923
18.5455,1.10924
18.547,1.10926
18.5485,1.10927
18.55,1.10928
18.5515,1.10929
18.553,1.10931
18.5545,1.10932
18.556,1.10933
18.5575,1.10934
18.559,1.10936
18.5605,1.10937
18.562,1.10938
18.5635,1.10939
18.565,1.10941
18.5665,1.10942
18.568,1.10943
18.5695,1.10944
18.571,1.10945
18.5725,1.10947
18.574,1.10948
18.5755,1.10949
18.577,1.1095
18.5785,1.10951
18.58,1.10953
18.5815,1.10954
18.583,1.10955
18.5845,1.10956
18.586,1.10957
18.5875,1.10959
18.589,1.1096
18.5905,1.10961
18.592,1.10962
18.5935,1.10963
18.595,1.10964
18.5965,1.10965
18.598,1.10966
18.5995,1.10967
18.601,1.10969
18.6025,1.1097
18.604,1.10971
18.6055,1.10972
18.607,1.10973
18.6085,1.10974
18.61,1.10975
18.6115,1.10976
18.613,1.10977
18.6145,1.10978
18.616,1.10979
18.6175,1.1098
18.619,1.10981
18.6205,1.10982
18.622,1.10983
18.6235,1.10984
18.625,1.10985
18.6265,1.10986
18.628,1.10987
18.6295,1.10988
18.631,1.10989
18.6325,1.1099
18.634,1.10991
18.6355,1.10992
18.637,1.10993
18.6385,1.10993
18.64,1.10994
18.6415,1.10995
18.643,1.10996
18.6445,1.10997
18.646,1.10998
18.6474,1.10999
18.6489,1.10999
18.6504,1.11
18.6519,1.11001
18.6534,1.11002
18.6549,1.11003
18.6564,1.11003
18.6579,1.11004
18.6594,1.11005
18.6609,1.11005
18.6624,1.11006
18.6639,1.11007
18.6654,1.11008
18.6669,1.11008
18.6684,1.11009
18.6699,1.1101
18.6714,1.1101
18.6729,1.11011
18.6744,1.11012
18.6759,1.11012
18.6774,1.11013
18.6789,1.11014
18.6804,1.11014
18.6819,1.11015
18.6834,1.11016
18.6849,1.11016
18.6864,1.11017
18.6879,1.11018
18.6894,1.11018
18.6909,1.11019
18.6924,1.11019
18.6939,1.1102
18.6954,1.11021
18.6969,1.11021
18.6984,1.11022
18.6999,1.11022
18.7014,1.11023
18.7029,1.11024
18.7044,1.11024
18.7059,1.11025
18.7074,1.11025
18.7089,1.11026
18.7104,1.11027
18.7119,1.11027
18.7134,1.11028
18.7149,1.11028
18.7164,1.11029
18.7179,1.1103
18.7194,1.1103
18.7209,1.11031
18.7224,1.11032
18.7239,1.11032
18.7254,1.11033
18.7269,1.11034
18.7284,1.11034
18.7299,1.11035
18.7314,1.11036
18.7329,1.11037
18.7344,1.11037
18.7359,1.11038
18.7374,1.11039
18.7389,1.11039
18.7404,1.1104
18.7419,1.11041
18.7434,1.11041
18.7449,1.11042
18.7464,1.11043
18.7479,1.11044
18.7494,1.11045
18.7509,1.11046
18.7524,1.11046
18.7539,1.11047
18.7554,1.11048
18.7569,1.11049
18.7584,1.11049
18.7599,1.1105
18.7614,1.11051
18.7629,1.11052
18.7644,1.11053
18.7659,1.11054
18.7674,1.11054
18.7689,1.11055
18.7704,1.11056
18.7719,1.11057
18.7734,1.11057
18.7749,1.11058
18.7764,1.11059
18.7779,1.1106
18.7794,1.1106
18.7809,1.11061
18.7824,1.11062
18.7839,1.11062
18.7854,1.11063
18.7869,1.11064
18.7884,1.11065
18.7899,1.11065
18.7914,1.11066
18.7929,1.11066
18.7944,1.11067
18.7959,1.11067
18.7974,1.11068
18.7989,1.11068
18.8004,1.11069
18.8019,1.11069
18.8034,1.1107
18.8049,1.1107
18.8064,1.1107
18.8079,1.11071
18.8094,1.11071
18.8109,1.11071
18.8124,1.11072
18.8139,1.11072
18.8154,1.11072
18.8169,1.11072
18.8184,1.11072
18.8199,1.11072
18.8214,1.11072
18.8229,1.11072
18.8244,1.11073
18.8259,1.11073
18.8274,1.11072
18.8288,1.11072
18.8303,1.11072
18.8318,1.11072
18.8333,1.11072
18.8348,1.11072
18.8363,1.11072
18.8378,1.11072
18.8393,1.11072
18.8408,1.11071
18.8423,1.11071
18.8438,1.11071
18.8453,1.11071
18.8468,1.11071
18.8483,1.1107
18.8498,1.1107
18.8513,1.1107
18.8528,1.1107
18.8543,1.11069
18.8558,1.11069
18.8573,1.11069
18.8588,1.11069
18.8603,1.11069
18.8618,1.11068
18.8633,1.11068
18.8648,1.11068
18.8663,1.11068
18.8678,1.11068
18.8693,1.11067
18.8708,1.11067
18.8723,1.11067
18.8738,1.11067
18.8753,1.11067
18.8768,1.11067
18.8783,1.11067
18.8798,1.11067
18.8813,1.11067
18.8828,1.11067
18.8843,1.11067
18.8858,1.11067
18.8873,1.11067
18.8888,1.11067
18.8903,1.11067
18.8918,1.11067
18.8933,1.11068
18.8948,1.11068
18.8963,1.11068
18.8978,1.11068
18.8993,1.11069
18.9008,1.11069
18.9023,1.11069
18.9038,1.1107
18.9053,1.1107
18.9068,1.1107
18.9083,1.11071
18.9098,1.11071
18.9113,1.11072
18.9128,1.11072
18.9143,1.11073
18.9158,1.11074
18.9173,1.11074
18.9188,1.11075
18.9203,1.11075
18.9218,1.11076
18.9233,1.11077
18.9248,1.11078
18.9263,1.11078
18.9278,1.11079
18.9293,1.1108
18.9308,1.1108
18.9323,1.11081
18.9338,1.11082
18.9353,1.11083
18.9368,1.11083
18.9383,1.11084
18.9398,1.11085
18.9413,1.11086
18.9428,1.11087
18.9443,1.11088
18.9458,1.11089
18.9473,1.11089
18.9488,1.1109
18.9503,1.11091
18.9518,1.11092
18.9533,1.11093
18.9548,1.11094
18.9563,1.11095
18.9578,1.11096
18.9593,1.11097
18.9608,1.11098
18.9623,1.11099
18.9638,1.111
18.9653,1.111
18.9668,1.11102
18.9683,1.11102
18.9698,1.11103
18.9713,1.11104
18.9728,1.11105
18.9743,1.11106
18.9758,1.11107
18.9773,1.11108
18.9788,1.11109
18.9803,1.1111
18.9818,1.11111
18.9833,1.11112
18.9848,1.11113
18.9863,1.11114
18.9878,1.11115
18.9893,1.11116
18.9908,1.11117
18.9923,1.11118
18.9938,1.11119
18.9953,1.1112
18.9968,1.11121
18.9983,1.11122
18.9998,1.11123
19.0013,1.11124
19.0028,1.11125
19.0043,1.11126
19.0058,1.11126
19.0073,1.11127
19.0088,1.11128
19.0103,1.11129
19.0117,1.1113
19.0132,1.11131
19.0147,1.11132
19.0162,1.11133
19.0177,1.11134
19.0192,1.11135
19.0207,1.11135
19.0222,1.11136
19.0237,1.11137
19.0252,1.11138
19.0267,1.11139
19.0282,1.1114
19.0297,1.1114
19.0312,1.11141
19.0327,1.11142
19.0342,1.11143
19.0357,1.11144
19.0372,1.11144
19.0387,1.11145
19.0402,1.11146
19.0417,1.11146
19.0432,1.11147
19.0447,1.11148
19.0462,1.11148
19.0477,1.11149
19.0492,1.1115
19.0507,1.1115
19.0522,1.11151
19.0537,1.11152
19.0552,1.11152
19.0567,1.11153
19.0582,1.11153
19.0597,1.11154
19.0612,1.11155
19.0627,1.11155
19.0642,1.11155
19.0657,1.11156
19.0672,1.11157
19.0687,1.11157
19.0702,1.11158
19.0717,1.11158
19.0732,1.11159
19.0747,1.11159
19.0762,1.11159
19.0777,1.1116
19.0792,1.1116
19.0807,1.11161
19.0822,1.11161
19.0837,1.11162
19.0852,1.11162
19.0867,1.11162
19.0882,1.11163
19.0897,1.11163
19.0912,1.11163
19.0927,1.11164
19.0942,1.11164
19.0957,1.11164
19.0972,1.11165
19.0987,1.11165
19.1002,1.11165
19.1017,1.11166
19.1032,1.11166
19.1047,1.11166
19.1062,1.11166
19.1077,1.11167
19.1092,1.11167
19.1107,1.11167
19.1122,1.11167
19.1137,1.11168
19.1152,1.11168
19.1167,1.11168
19.1182,1.11168
19.1197,1.11168
19.1212,1.11169
19.1227,1.11169
19.1242,1.11169
19.1257,1.11169
19.1272,1.11169
19.1287,1.11169
19.1302,1.1117
19.1317,1.1117
19.1332,1.1117
19.1347,1.1117
19.1362,1.1117
19.1377,1.1117
19.1392,1.1117
19.1407,1.1117
19.1422,1.1117
19.1437,1.1117
19.1452,1.1117
19.1467,1.1117
19.1482,1.1117
19.1497,1.1117
19.1512,1.1117
19.1527,1.1117
19.1542,1.1117
19.1557,1.1117
19.1572,1.1117
19.1587,1.1117
19.1602,1.1117
19.1617,1.1117
19.1632,1.1117
19.1647,1.1117
19.1662,1.1117
19.1677,1.1117
19.1692,1.11169
19.1707,1.11169
19.1722,1.11169
19.1737,1.11169
19.1752,1.11169
19.1767,1.11169
19.1782,1.11168
19.1797,1.11168
19.1812,1.11168
19.1827,1.11168
19.1842,1.11168
19.1857,1.11167
19.1872,1.11167
19.1887,1.11167
19.1902,1.11167
19.1917,1.11167
19.1931,1.11166
19.1946,1.11166
19.1961,1.11166
19.1976,1.11166
19.1991,1.11166
19.2006,1.11165
19.2021,1.11165
19.2036,1.11165
19.2051,1.11164
19.2066,1.11164
19.2081,1.11164
19.2096,1.11164
19.2111,1.11164
19.2126,1.11163
19.2141,1.11163
19.2156,1.11163
19.2171,1.11162
19.2186,1.11162
19.2201,1.11162
19.2216,1.11162
19.2231,1.11161
19.2246,1.11161
19.2261,1.11161
19.2276,1.11161
19.2291,1.11161
19.2306,1.1116
19.2321,1.1116
19.2336,1.1116
19.2351,1.1116
19.2366,1.1116
19.2381,1.11159
19.2396,1.11159
19.2411,1.11159
19.2426,1.11159
19.2441,1.11159
19.2456,1.11159
19.2471,1.11159
19.2486,1.11159
19.2501,1.11159
19.2516,1.11159
19.2531,1.11159
19.2546,1.11159
19.2561,1.11159
19.2576,1.11159
19.2591,1.11159
19.2606,1.1116
19.2621,1.1116
19.2636,1.1116
19.2651,1.1116
19.2666,1.11161
19.2681,1.11161
19.2696,1.11161
19.2711,1.11161
19.2726,1.11162
19.2741,1.11162
19.2756,1.11163
19.2771,1.11163
19.2786,1.11164
19.2801,1.11164
19.2816,1.11165
19.2831,1.11165
19.2846,1.11166
19.2861,1.11167
19.2876,1.11167
19.2891,1.11168
19.2906,1.11169
19.2921,1.1117
19.2936,1.1117
19.2951,1.11171
19.2966,1.11172
19.2981,1.11173
19.2996,1.11174
19.3011,1.11175
19.3026,1.11176
19.3041,1.11177
19.3056,1.11178
19.3071,1.11179
19.3086,1.1118
19.3101,1.11181
19.3116,1.11182
19.3131,1.11184
19.3146,1.11185
19.3161,1.11186
19.3176,1.11187
19.3191,1.11188
19.3206,1.1119
19.3221,1.11191
19.3236,1.11192
19.3251,1.11193
19.3266,1.11195
19.3281,1.11196
19.3296,1.11197
19.3311,1.11199
19.3326,1.112
19.3341,1.11201
19.3356,1.11203
19.3371,1.11204
19.3386,1.11206
19.3401,1.11207
19.3416,1.11208
19.3431,1.1121
19.3446,1.11211
19.3461,1.11213
19.3476,1.11214
19.3491,1.11216
19.3506,1.11218
19.3521,1.11219
19.3536,1.11221
19.3551,1.11222
19.3566,1.11224
19.3581,1.11226
19.3596,1.11227
19.3611,1.11229
19.3626,1.11231
19.3641,1.11233
19.3656,1.11235
19.3671,1.11237
19.3686,1.11239
19.3701,1.1124
19.3716,1.11242
19.3731,1.11244
19.3745,1.11246
19.376,1.11248
19.3775,1.1125
19.379,1.11253
19.3805,1.11255
19.382,1.11257
19.3835,1.11259
19.385,1.11261
19.3865,1.11264
19.388,1.11266
19.3895,1.11268
19.391,1.11271
19.3925,1.11273
19.394,1.11276
19.3955,1.11278
19.397,1.11281
19.3985,1.11283
19.4,1.11286
19.4015,1.11288
19.403,1.11291
19.4045,1.11294
19.406,1.11296
19.4075,1.11299
19.409,1.11301
19.4105,1.11304
19.412,1.11307
19.4135,1.1131
19.415,1.11313
19.4165,1.11315
19.418,1.11318
19.4195,1.11321
19.421,1.11324
19.4225,1.11326
19.424,1.11329
19.4255,1.11332
19.427,1.11335
19.4285,1.11337
19.43,1.1134
19.4315,1.11343
19.433,1.11345
19.4345,1.11348
19.436,1.11351
19.4375,1.11353
19.439,1.11356
19.4405,1.11359
19.442,1.11361
19.4435,1.11364
19.445,1.11366
19.4465,1.11369
19.448,1.11371
19.4495,1.11374
19.451,1.11377
19.4525,1.11379
19.454,1.11382
19.4555,1.11384
19.457,1.11386
19.4585,1.11389
19.46,1.11391
19.4615,1.11394
19.463,1.11396
19.4645,1.11398
19.466,1.11401
19.4675,1.11403
19.469,1.11405
19.4705,1.11407
19.472,1.1141
19.4735,1.11412
19.475,1.11414
19.4765,1.11416
19.478,1.11419
19.4795,1.11421
19.481,1.11423
19.4825,1.11426
19.484,1.11428
19.4855,1.1143
19.487,1.11433
19.4885,1.11435
19.49,1.11438
19.4915,1.1144
19.493,1.11443
19.4945,1.11445
19.496,1.11448
19.4975,1.11451
19.499,1.11453
19.5005,1.11456
19.502,1.11459
19.5035,1.11462
19.505,1.11465
19.5065,1.11468
19.508,1.11471
19.5095,1.11474
19.511,1.11477
19.5125,1.1148
19.514,1.11484
19.5155,1.11487
19.517,1.1149
19.5185,1.11494
19.52,1.11497
19.5215,1.11501
19.523,1.11504
19.5245,1.11508
19.526,1.11512
19.5275,1.11515
19.529,1.11519
19.5305,1.11523
19.532,1.11526
19.5335,1.1153
19.535,1.11534
19.5365,1.11538
19.538,1.11542
19.5395,1.11546
19.541,1.1155
19.5425,1.11553
19.544,1.11557
19.5455,1.11561
19.547,1.11565
19.5485,1.11569
19.55,1.11572
19.5515,1.11576
19.553,1.1158
19.5545,1.11583
19.556,1.11587
19.5574,1.1159
19.5589,1.11594
19.5604,1.11597
19.5619,1.116
19.5634,1.11603
19.5649,1.11607
19.5664,1.1161
19.5679,1.11613
19.5694,1.11616
19.5709,1.11619
19.5724,1.11622
19.5739,1.11625
19.5754,1.11627
19.5769,1.1163
19.5784,1.11633
19.5799,1.11635
19.5814,1.11638
19.5829,1.1164
19.5844,1.11643
19.5859,1.11645
19.5874,1.11648
19.5889,1.1165
19.5904,1.11652
19.5919,1.11654
19.5934,1.11656
19.5949,1.11658
19.5964,1.11661
19.5979,1.11663
19.5994,1.11664
19.6009,1.11667
19.6024,1.11668
19.6039,1.11671
19.6054,1.11672
19.6069,1.11674
19.6084,1.11676
19.6099,1.11678
19.6114,1.1168
19.6129,1.11682
19.6144,1.11684
19.6159,1.11686
19.6174,1.11688
19.6189,1.1169
19.6204,1.11692
19.6219,1.11694
19.6234,1.11697
19.6249,1.11699
19.6264,1.11701
19.6279,1.11703
19.6294,1.11705
19.6309,1.11707
19.6324,1.11709
19.6339,1.11711
19.6354,1.11714
19.6369,1.11716
19.6384,1.11718
19.6399,1.1172
19.6414,1.11723
19.6429,1.11725
19.6444,1.11727
19.6459,1.11729
19.6474,1.11731
19.6489,1.11733
19.6504,1.11736
19.6519,1.11738
19.6534,1.1174
19.6549,1.11742
19.6564,1.11744
19.6579,1.11746
19.6594,1.11748
19.6609,1.11751
19.6624,1.11753
19.6639,1.11755
19.6654,1.11757
19.6669,1.11759
19.6684,1.11761
19.6699,1.11763
19.6714,1.11765
19.6729,1.11767
19.6744,1.11768
19.6759,1.11771
19.6774,1.11772
19.6789,1.11774
19.6804,1.11776
19.6819,1.11778
19.6834,1.1178
19.6849,1.11781
19.6864,1.11783
19.6879,1.11785
19.6894,1.11787
19.6909,1.11788
19.6924,1.1179
19.6939,1.11792
19.6954,1.11793
19.6969,1.11795
19.6984,1.11797
19.6999,1.11799
19.7014,1.118
19.7029,1.11802
19.7044,1.11804
19.7059,1.11806
19.7074,1.11807
19.7089,1.11809
19.7104,1.11811
19.7119,1.11813
19.7134,1.11815
19.7149,1.11816
19.7164,1.11818
19.7179,1.1182
19.7194,1.11822
19.7209,1.11824
19.7224,1.11826
19.7239,1.11828
19.7254,1.1183
19.7269,1.11832
19.7284,1.11834
19.7299,1.11836
19.7314,1.11838
19.7329,1.11839
19.7344,1.11841
19.7359,1.11843
19.7374,1.11845
19.7388,1.11847
19.7403,1.11849
19.7418,1.11851
19.7433,1.11853
19.7448,1.11854
19.7463,1.11856
19.7478,1.11858
19.7493,1.1186
19.7508,1.11861
19.7523,1.11863
19.7538,1.11865
19.7553,1.11866
19.7568,1.11868
19.7583,1.1187
19.7598,1.11871
19.7613,1.11873
19.7628,1.11874
19.7643,1.11876
19.7658,1.11877
19.7673,1.11879
19.7688,1.1188
19.7703,1.11882
19.7718,1.11883
19.7733,1.11885
19.7748,1.11886
19.7763,1.11888
19.7778,1.11889
19.7793,1.1189
19.7808,1.11892
19.7823,1.11893
19.7838,1.11895
19.7853,1.11896
19.7868,1.11897
19.7883,1.11898
19.7898,1.119
19.7913,1.11901
19.7928,1.11902
19.7943,1.11903
19.7958,1.11904
19.7973,1.11905
19.7988,1.11906
19.8003,1.11907
19.8018,1.11908
19.8033,1.11909
19.8048,1.1191
19.8063,1.11911
19.8078,1.11912
19.8093,1.11913
19.8108,1.11914
19.8123,1.11914
19.8138,1.11915
19.8153,1.11916
19.8168,1.11916
19.8183,1.11917
19.8198,1.11918
19.8213,1.11918
19.8228,1.11919
19.8243,1.11919
19.8258,1.1192
19.8273,1.1192
19.8288,1.11921
19.8303,1.11921
19.8318,1.11922
19.8333,1.11922
19.8348,1.11923
19.8363,1.11923
19.8378,1.11923
19.8393,1.11924
19.8408,1.11924
19.8423,1.11925
19.8438,1.11925
19.8453,1.11925
19.8468,1.11926
19.8483,1.11926
19.8498,1.11927
19.8513,1.11927
19.8528,1.11927
19.8543,1.11928
19.8558,1.11928
19.8573,1.11929
19.8588,1.11929
19.8603,1.1193
19.8618,1.11931
19.8633,1.11931
19.8648,1.11932
19.8663,1.11932
19.8678,1.11933
19.8693,1.11934
19.8708,1.11935
19.8723,1.11935
19.8738,1.11936
19.8753,1.11937
19.8768,1.11938
19.8783,1.11939
19.8798,1.11939
19.8813,1.1194
19.8828,1.11941
19.8843,1.11942
19.8858,1.11943
19.8873,1.11944
19.8888,1.11945
19.8903,1.11946
19.8918,1.11947
19.8933,1.11948
19.8948,1.11949
19.8963,1.11951
19.8978,1.11952
19.8993,1.11953
19.9008,1.11954
19.9023,1.11955
19.9038,1.11957
19.9053,1.11958
19.9068,1.1196
19.9083,1.11961
19.9098,1.11962
19.9113,1.11964
19.9128,1.11965
19.9143,1.11967
19.9158,1.11968
19.9173,1.1197
19.9188,1.11971
19.9202,1.11973
19.9217,1.11975
19.9232,1.11976
19.9247,1.11978
19.9262,1.1198
19.9277,1.11982
19.9292,1.11983
19.9307,1.11985
19.9322,1.11987
19.9337,1.11989
19.9352,1.1199
19.9367,1.11992
19.9382,1.11994
19.9397,1.11996
19.9412,1.11998
19.9427,1.11999
19.9442,1.12001
19.9457,1.12003
19.9472,1.12005
19.9487,1.12007
19.9502,1.12008
19.9517,1.1201
19.9532,1.12012
19.9547,1.12014
19.9562,1.12016
19.9577,1.12017
19.9592,1.12019
19.9607,1.12021
19.9622,1.12023
19.9637,1.12024
19.9652,1.12026
19.9667,1.12028
19.9682,1.12029
19.9697,1.12031
19.9712,1.12033
19.9727,1.12034
19.9742,1.12036
19.9757,1.12037
19.9772,1.12039
19.9787,1.1204
19.9802,1.12042
19.9817,1.12044
19.9832,1.12045
19.9847,1.12047
19.9862,1.12048
19.9877,1.1205
19.9892,1.12051
19.9907,1.12053
19.9922,1.12055
19.9937,1.12056
19.9952,1.12058
19.9967,1.1206
19.9982,1.12061
19.9997,1.12063
20.0012,1.12065
20.0027,1.12066
20.0042,1.12068
20.0057,1.1207
20.0072,1.12072
20.0087,1.12074
20.0102,1.12076
20.0117,1.12078
20.0132,1.1208
20.0147,1.12082
20.0162,1.12084
20.0177,1.12086
20.0192,1.12088
20.0207,1.1209
20.0222,1.12093
20.0237,1.12095
20.0252,1.12097
20.0267,1.12099
20.0282,1.12102
20.0297,1.12104
20.0312,1.12106
20.0327,1.12109
20.0342,1.12111
20.0357,1.12114
20.0372,1.12116
20.0387,1.12119
20.0402,1.12121
20.0417,1.12123
20.0432,1.12126
20.0447,1.12128
20.0462,1.12131
20.0477,1.12133
20.0492,1.12136
20.0507,1.12138
20.0522,1.12141
20.0537,1.12144
20.0552,1.12146
20.0567,1.12149
20.0582,1.12151
20.0597,1.12154
20.0612,1.12156
20.0627,1.12159
20.0642,1.12161
20.0657,1.12164
20.0672,1.12166
20.0687,1.12169
20.0702,1.12171
20.0717,1.12174
20.0732,1.12176
20.0747,1.12179
20.0762,1.12181
20.0777,1.12184
20.0792,1.12186
20.0807,1.12188
20.0822,1.12191
20.0837,1.12193
20.0852,1.12195
20.0867,1.12198
20.0882,1.122
20.0897,1.12202
20.0912,1.12205
20.0927,1.12207
20.0942,1.12209
20.0957,1.12211
20.0972,1.12213
20.0987,1.12216
20.1002,1.12218
20.1017,1.1222
20.1031,1.12222
20.1046,1.12224
20.1061,1.12226
20.1076,1.12227
20.1091,1.12229
20.1106,1.12231
20.1121,1.12233
20.1136,1.12235
20.1151,1.12237
20.1166,1.12238
20.1181,1.1224
20.1196,1.12241
20.1211,1.12243
20.1226,1.12244
20.1241,1.12246
20.1256,1.12247
20.1271,1.12249
20.1286,1.1225
20.1301,1.12251
20.1316,1.12253
20.1331,1.12254
20.1346,1.12255
20.1361,1.12256
20.1376,1.12257
20.1391,1.12258
20.1406,1.12259
20.1421,1.1226
20.1436,1.12261
20.1451,1.12262
20.1466,1.12263
20.1481,1.12264
20.1496,1.12265
20.1511,1.12265
20.1526,1.12266
20.1541,1.12267
20.1556,1.12267
20.1571,1.12268
20.1586,1.12269
20.1601,1.12269
20.1616,1.1227
20.1631,1.1227
20.1646,1.12271
20.1661,1.12271
20.1676,1.12272
20.1691,1.12272
20.1706,1.12272
20.1721,1.12273
20.1736,1.12273
20.1751,1.12273
20.1766,1.12273
20.1781,1.12274
20.1796,1.12274
20.1811,1.12274
20.1826,1.12274
20.1841,1.12274
20.1856,1.12274
20.1871,1.12275
20.1886,1.12274
20.1901,1.12275
20.1916,1.12274
20.1931,1.12274
20.1946,1.12274
20.1961,1.12274
20.1976,1.12274
20.1991,1.12274
20.2006,1.12274
20.2021,1.12274
20.2036,1.12273
20.2051,1.12273
20.2066,1.12273
20.2081,1.12273
20.2096,1.12272
20.2111,1.12272
20.2126,1.12272
20.2141,1.12271
20.2156,1.12271
20.2171,1.12271
20.2186,1.1227
20.2201,1.1227
20.2216,1.12269
20.2231,1.12269
20.2246,1.12268
20.2261,1.12268
20.2276,1.12267
20.2291,1.12267
20.2306,1.12266
20.2321,1.12266
20.2336,1.12265
20.2351,1.12265
20.2366,1.12264
20.2381,1.12264
20.2396,1.12263
20.2411,1.12263
20.2426,1.12262
20.2441,1.12262
20.2456,1.12261
20.2471,1.12261
20.2486,1.1226
20.2501,1.1226
20.2516,1.12259
20.2531,1.12259
20.2546,1.12258
20.2561,1.12257
20.2576,1.12257
20.2591,1.12257
20.2606,1.12256
20.2621,1.12255
20.2636,1.12255
20.2651,1.12254
20.2666,1.12254
20.2681,1.12254
20.2696,1.12253
20.2711,1.12253
20.2726,1.12252
20.2741,1.12252
20.2756,1.12252
20.2771,1.12251
20.2786,1.12251
20.2801,1.1225
20.2816,1.1225
20.2831,1.1225
20.2845,1.12249
20.286,1.12249
20.2875,1.12249
20.289,1.12248
20.2905,1.12248
20.292,1.12248
20.2935,1.12248
20.295,1.12248
20.2965,1.12247
20.298,1.12247
20.2995,1.12247
20.301,1.12247
20.3025,1.12247
20.304,1.12247
20.3055,1.12246
20.307,1.12246
20.3085,1.12246
20.31,1.12246
20.3115,1.12246
20.313,1.12246
20.3145,1.12246
20.316,1.12245
20.3175,1.12245
20.319,1.12245
20.3205,1.12245
20.322,1.12245
20.3235,1.12245
20.325,1.12245
20.3265,1.12244
20.328,1.12244
20.3295,1.12244
20.331,1.12244
20.3325,1.12243
20.334,1.12243
20.3355,1.12243
20.337,1.12243
20.3385,1.12242
20.34,1.12242
20.3415,1.12242
20.343,1.12241
20.3445,1.12241
20.346,1.1224
20.3475,1.1224
20.349,1.12239
20.3505,1.12238
20.352,1.12238
20.3535,1.12237
20.355,1.12236
20.3565,1.12235
20.358,1.12235
20.3595,1.12234
20.361,1.12233
20.3625,1.12232
20.364,1.12231
20.3655,1.1223
20.367,1.12229
20.3685,1.12227
20.37,1.12226
20.3715,1.12225
20.373,1.12224
20.3745,1.12222
20.376,1.12221
20.3775,1.12219
20.379,1.12218
20.3805,1.12216
20.382,1.12215
20.3835,1.12213
20.385,1.12211
20.3865,1.1221
20.388,1.12208
20.3895,1.12206
20.391,1.12204
20.3925,1.12202
20.394,1.12201
20.3955,1.12199
20.397,1.12197
20.3985,1.12195
20.4,1.12193
20.4015,1.12191
20.403,1.12189
20.4045,1.12187
20.406,1.12185
20.4075,1.12183
20.409,1.12181
20.4105,1.12178
20.412,1.12176
20.4135,1.12174
20.415,1.12172
20.4165,1.1217
20.418,1.12168
20.4195,1.12166
20.421,1.12163
20.4225,1.12161
20.424,1.12159
20.4255,1.12157
20.427,1.12155
20.4285,1.12153
20.43,1.1215
20.4315,1.12148
20.433,1.12146
20.4345,1.12144
20.436,1.12141
20.4375,1.12139
20.439,1.12137
20.4405,1.12135
20.442,1.12132
20.4435,1.1213
20.445,1.12128
20.4465,1.12125
20.448,1.12123
20.4495,1.12121
20.451,1.12118
20.4525,1.12116
20.454,1.12113
20.4555,1.12111
20.457,1.12109
20.4585,1.12106
20.46,1.12104
20.4615,1.12101
20.463,1.12099
20.4645,1.12096
20.466,1.12094
20.4674,1.12091
20.4689,1.12089
20.4704,1.12086
20.4719,1.12084
20.4734,1.12081
20.4749,1.12078
20.4764,1.12076
20.4779,1.12073
20.4794,1.12071
20.4809,1.12068
20.4824,1.12066
20.4839,1.12063
20.4854,1.1206
20.4869,1.12057
20.4884,1.12054
20.4899,1.12052
20.4914,1.12049
20.4929,1.12046
20.4944,1.12044
20.4959,1.12041
20.4974,1.12038
20.4989,1.12035
20.5004,1.12032
20.5019,1.12029
20.5034,1.12027
20.5049,1.12024
20.5064,1.12021
20.5079,1.12018
20.5094,1.12015
20.5109,1.12012
20.5124,1.12009
20.5139,1.12006
20.5154,1.12004
20.5169,1.12001
20.5184,1.11998
20.5199,1.11995
20.5214,1.11992
20.5229,1.11989
20.5244,1.11986
20.5259,1.11984
20.5274,1.11981
20.5289,1.11978
20.5304,1.11975
20.5319,1.11972
20.5334,1.11969
20.5349,1.11966
20.5364,1.11963
20.5379,1.11961
20.5394,1.11958
20.5409,1.11955
20.5424,1.11952
20.5439,1.11949
20.5454,1.11946
20.5469,1.11944
20.5484,1.11941
20.5499,1.11938
20.5514,1.11935
20.5529,1.11932
20.5544,1.11929
20.5559,1.11927
20.5574,1.11924
20.5589,1.11921
20.5604,1.11918
20.5619,1.11915
20.5634,1.11913
20.5649,1.1191
20.5664,1.11907
20.5679,1.11904
20.5694,1.11901
20.5709,1.11898
20.5724,1.11896
20.5739,1.11893
20.5754,1.1189
20.5769,1.11887
20.5784,1.11884
20.5799,1.11882
20.5814,1.11879
20.5829,1.11876
20.5844,1.11873
20.5859,1.1187
20.5874,1.11867
20.5889,1.11865
20.5904,1.11862
20.5919,1.11859
20.5934,1.11856
20.5949,1.11853
20.5964,1.1185
20.5979,1.11847
20.5994,1.11845
20.6009,1.11842
20.6024,1.11839
20.6039,1.11836
20.6054,1.11833
20.6069,1.1183
20.6084,1.11827
20.6099,1.11824
20.6114,1.11821
20.6129,1.11818
20.6144,1.11816
20.6159,1.11813
20.6174,1.1181
20.6189,1.11807
20.6204,1.11804
20.6219,1.11801
20.6234,1.11799
20.6249,1.11796
20.6264,1.11793
20.6279,1.1179
20.6294,1.11787
20.6309,1.11785
20.6324,1.11782
20.6339,1.11779
20.6354,1.11777
20.6369,1.11774
20.6384,1.11772
20.6399,1.11769
20.6414,1.11767
20.6429,1.11764
20.6444,1.11762
20.6459,1.11759
20.6474,1.11757
20.6488,1.11755
20.6503,1.11752
20.6518,1.1175
20.6533,1.11748
20.6548,1.11745
20.6563,1.11743
20.6578,1.11741
20.6593,1.11739
20.6608,1.11737
20.6623,1.11734
20.6638,1.11732
20.6653,1.1173
20.6668,1.11728
20.6683,1.11726
20.6698,1.11724
20.6713,1.11722
20.6728,1.1172
20.6743,1.11718
20.6758,1.11715
20.6773,1.11713
20.6788,1.11711
20.6803,1.11709
20.6818,1.11707
20.6833,1.11705
20.6848,1.11703
20.6863,1.11701
20.6878,1.11699
20.6893,1.11697
20.6908,1.11695
20.6923,1.11693
20.6938,1.11691
20.6953,1.11689
20.6968,1.11686
20.6983,1.11684
20.6998,1.11682
20.7013,1.1168
20.7028,1.11678
20.7043,1.11676
20.7058,1.11674
20.7073,1.11672
20.7088,1.11669
20.7103,1.11667
20.7118,1.11665
20.7133,1.11663
20.7148,1.11661
20.7163,1.11659
20.7178,1.11657
20.7193,1.11655
20.7208,1.11653
20.7223,1.11651
20.7238,1.11649
20.7253,1.11647
20.7268,1.11645
20.7283,1.11643
20.7298,1.11641
20.7313,1.11639
20.7328,1.11637
20.7343,1.11635
20.7358,1.11633
20.7373,1.11631
20.7388,1.1163
20.7403,1.11628
20.7418,1.11626
20.7433,1.11624
20.7448,1.11622
20.7463,1.1162
20.7478,1.11618
20.7493,1.11616
20.7508,1.11614
20.7523,1.11612
20.7538,1.1161
20.7553,1.11608
20.7568,1.11606
20.7583,1.11604
20.7598,1.11601
20.7613,1.11599
20.7628,1.11597
20.7643,1.11595
20.7658,1.11593
20.7673,1.11591
20.7688,1.11588
20.7703,1.11586
20.7718,1.11584
20.7733,1.11582
20.7748,1.11579
20.7763,1.11577
20.7778,1.11575
20.7793,1.11572
20.7808,1.1157
20.7823,1.11568
20.7838,1.11565
20.7853,1.11563
20.7868,1.11561
20.7883,1.11558
20.7898,1.11555
20.7913,1.11553
20.7928,1.1155
20.7943,1.11548
20.7958,1.11545
20.7973,1.11543
20.7988,1.1154
20.8003,1.11538
20.8018,1.11535
20.8033,1.11533
20.8048,1.1153
20.8063,1.11527
20.8078,1.11525
20.8093,1.11522
20.8108,1.11519
20.8123,1.11517
20.8138,1.11514
20.8153,1.11511
20.8168,1.11509
20.8183,1.11506
20.8198,1.11503
20.8213,1.11501
20.8228,1.11498
20.8243,1.11495
20.8258,1.11493
20.8273,1.1149
20.8288,1.11487
20.8302,1.11485
20.8317,1.11482
20.8332,1.11479
20.8347,1.11477
20.8362,1.11474
20.8377,1.11471
20.8392,1.11468
20.8407,1.11466
20.8422,1.11463
20.8437,1.1146
20.8452,1.11458
20.8467,1.11455
20.8482,1.11452
20.8497,1.1145
20.8512,1.11447
20.8527,1.11445
20.8542,1.11442
20.8557,1.1144
20.8572,1.11437
20.8587,1.11434
20.8602,1.11432
20.8617,1.1143
20.8632,1.11427
20.8647,1.11425
20.8662,1.11422
20.8677,1.1142
20.8692,1.11418
20.8707,1.11415
20.8722,1.11413
20.8737,1.11411
20.8752,1.11409
20.8767,1.11406
20.8782,1.11404
20.8797,1.11402
20.8812,1.114
20.8827,1.11398
20.8842,1.11396
20.8857,1.11394
20.8872,1.11392
20.8887,1.1139
20.8902,1.11388
20.8917,1.11386
20.8932,1.11384
20.8947,1.11382
20.8962,1.1138
20.8977,1.11379
20.8992,1.11377
20.9007,1.11375
20.9022,1.11373
20.9037,1.11372
20.9052,1.1137
20.9067,1.11369
20.9082,1.11367
20.9097,1.11365
20.9112,1.11364
20.9127,1.11362
20.9142,1.11361
20.9157,1.11359
20.9172,1.11358
20.9187,1.11356
20.9202,1.11355
20.9217,1.11353
20.9232,1.11352
20.9247,1.1135
20.9262,1.11349
20.9277,1.11348
20.9292,1.11346
20.9307,1.11345
20.9322,1.11344
20.9337,1.11343
20.9352,1.11341
20.9367,1.1134
20.9382,1.11339
20.9397,1.11338
20.9412,1.11337
20.9427,1.11336
20.9442,1.11335
20.9457,1.11335
20.9472,1.11334
20.9487,1.11333
20.9502,1.11332
20.9517,1.11332
20.9532,1.11331
20.9547,1.1133
20.9562,1.1133
20.9577,1.11329
20.9592,1.11329
20.9607,1.11329
20.9622,1.11328
20.9637,1.11328
20.9652,1.11328
20.9667,1.11328
20.9682,1.11328
20.9697,1.11328
20.9712,1.11328
20.9727,1.11328
20.9742,1.11328
20.9757,1.11329
20.9772,1.11329
20.9787,1.11329
20.9802,1.1133
20.9817,1.1133
20.9832,1.11331
20.9847,1.11332
20.9862,1.11332
20.9877,1.11333
20.9892,1.11334
20.9907,1.11335
20.9922,1.11335
20.9937,1.11336
20.9952,1.11337
20.9967,1.11338
20.9982,1.11339
20.9997,1.1134
21.0012,1.11341
21.0027,1.11341
21.0042,1.11342
21.0057,1.11343
21.0072,1.11344
21.0087,1.11345
21.0102,1.11345
21.0117,1.11346
21.0131,1.11347
21.0146,1.11348
21.0161,1.11348
21.0176,1.11349
21.0191,1.1135
21.0206,1.1135
21.0221,1.11351
21.0236,1.11351
21.0251,1.11352
21.0266,1.11352
21.0281,1.11353
21.0296,1.11353
21.0311,1.11354
21.0326,1.11354
21.0341,1.11354
21.0356,1.11355
21.0371,1.11355
21.0386,1.11355
21.0401,1.11355
21.0416,1.11355
21.0431,1.11356
21.0446,1.11356
21.0461,1.11356
21.0476,1.11356
21.0491,1.11356
21.0506,1.11356
21.0521,1.11355
21.0536,1.11355
21.0551,1.11355
21.0566,1.11355
21.0581,1.11355
21.0596,1.11354
21.0611,1.11354
21.0626,1.11353
21.0641,1.11353
21.0656,1.11353
21.0671,1.11352
21.0686,1.11352
21.0701,1.11351
21.0716,1.1135
21.0731,1.1135
21.0746,1.11349
21.0761,1.11348
21.0776,1.11348
21.0791,1.11347
21.0806,1.11346
21.0821,1.11345
21.0836,1.11345
21.0851,1.11344
21.0866,1.11343
21.0881,1.11342
21.0896,1.11341
21.0911,1.1134
21.0926,1.11339
21.0941,1.11338
21.0956,1.11337
21.0971,1.11336
21.0986,1.11335
21.1001,1.11334
21.1016,1.11332
21.1031,1.11331
21.1046,1.1133
21.1061,1.11329
21.1076,1.11328
21.1091,1.11327
21.1106,1.11325
21.1121,1.11324
21.1136,1.11323
21.1151,1.11322
21.1166,1.1132
21.1181,1.11319
21.1196,1.11318
21.1211,1.11317
21.1226,1.11315
21.1241,1.11314
21.1256,1.11312
21.1271,1.11311
21.1286,1.1131
21.1301,1.11308
21.1316,1.11307
21.1331,1.11305
21.1346,1.11303
21.1361,1.11302
21.1376,1.113
21.1391,1.11299
21.1406,1.11297
21.1421,1.11295
21.1436,1.11294
21.1451,1.11292
21.1466,1.1129
21.1481,1.11288
21.1496,1.11286
21.1511,1.11284
21.1526,1.11282
21.1541,1.1128
21.1556,1.11278
21.1571,1.11276
21.1586,1.11274
21.1601,1.11272
21.1616,1.1127
21.1631,1.11268
21.1646,1.11266
21.1661,1.11264
21.1676,1.11261
21.1691,1.11259
21.1706,1.11256
21.1721,1.11254
21.1736,1.11252
21.1751,1.11249
21.1766,1.11247
21.1781,1.11245
21.1796,1.11242
21.1811,1.1124
21.1826,1.11237
21.1841,1.11235
21.1856,1.11232
21.1871,1.1123
21.1886,1.11227
21.1901,1.11224
21.1916,1.11222
21.1931,1.11219
21.1945,1.11216
21.196,1.11214
21.1975,1.11211
21.199,1.11209
21.2005,1.11206
21.202,1.11203
21.2035,1.11201
21.205,1.11198
21.2065,1.11195
21.208,1.11193
21.2095,1.1119
21.211,1.11187
21.2125,1.11184
21.214,1.11181
21.2155,1.11179
21.217,1.11176
21.2185,1.11173
21.22,1.1117
21.2215,1.11167
21.223,1.11164
21.2245,1.11162
21.226,1.11159
21.2275,1.11156
21.229,1.11153
21.2305,1.1115
21.232,1.11147
21.2335,1.11144
21.235,1.11141
21.2365,1.11138
21.238,1.11135
21.2395,1.11132
21.241,1.11129
21.2425,1.11126
21.244,1.11122
21.2455,1.11119
21.247,1.11116
21.2485,1.11113
21.25,1.1111
21.2515,1.11106
21.253,1.11103
21.2545,1.11099
21.256,1.11096
21.2575,1.11093
21.259,1.11089
21.2605,1.11086
21.262,1.11082
21.2635,1.11079
21.265,1.11075
21.2665,1.11072
21.268,1.11068
21.2695,1.11065
21.271,1.11061
21.2725,1.11057
21.274,1.11054
21.2755,1.1105
21.277,1.11047
21.2785,1.11043
21.28,1.11039
21.2815,1.11036
21.283,1.11032
21.2845,1.11028
21.286,1.11025
21.2875,1.11021
21.289,1.11018
21.2905,1.11014
21.292,1.1101
21.2935,1.11007
21.295,1.11003
21.2965,1.10999
21.298,1.10996
21.2995,1.10992
21.301,1.10988
21.3025,1.10985
21.304,1.10981
21.3055,1.10978
21.307,1.10974
21.3085,1.10971
21.31,1.10967
21.3115,1.10964
21.313,1.1096
21.3145,1.10957
21.316,1.10953
21.3175,1.1095
21.319,1.10947
21.3205,1.10943
21.322,1.1094
21.3235,1.10936
21.325,1.10933
21.3265,1.1093
21.328,1.10926
21.3295,1.10923
21.331,1.1092
21.3325,1.10916
21.334,1.10913
21.3355,1.1091
21.337,1.10907
21.3385,1.10903
21.34,1.109
21.3415,1.10897
21.343,1.10894
21.3445,1.1089
21.346,1.10887
21.3475,1.10883
21.349,1.1088
21.3505,1.10877
21.352,1.10874
21.3535,1.1087
21.355,1.10867
21.3565,1.10863
21.358,1.1086
21.3595,1.10857
21.361,1.10853
21.3625,1.1085
21.364,1.10847
21.3655,1.10843
21.367,1.1084
21.3685,1.10836
21.37,1.10833
21.3715,1.1083
21.373,1.10826
21.3745,1.10823
21.3759,1.1082
21.3774,1.10816
21.3789,1.10813
21.3804,1.1081
21.3819,1.10806
21.3834,1.10803
21.3849,1.108
21.3864,1.10796
21.3879,1.10793
21.3894,1.1079
21.3909,1.10786
21.3924,1.10783
21.3939,1.1078
21.3954,1.10777
21.3969,1.10773
21.3984,1.1077
21.3999,1.10767
21.4014,1.10763
21.4029,1.1076
21.4044,1.10757
21.4059,1.10754
21.4074,1.1075
21.4089,1.10747
21.4104,1.10744
21.4119,1.10741
21.4134,1.10737
21.4149,1.10734
21.4164,1.10731
21.4179,1.10727
21.4194,1.10724
21.4209,1.10721
21.4224,1.10718
21.4239,1.10714
21.4254,1.10711
21.4269,1.10708
21.4284,1.10704
21.4299,1.10701
21.4314,1.10698
21.4329,1.10694
21.4344,1.10691
21.4359,1.10687
21.4374,1.10684
21.4389,1.10681
21.4404,1.10677
21.4419,1.10674
21.4434,1.1067
21.4449,1.10667
21.4464,1.10663
21.4479,1.1066
21.4494,1.10656
21.4509,1.10653
21.4524,1.10649
21.4539,1.10645
21.4554,1.10642
21.4569,1.10638
21.4584,1.10635
21.4599,1.10631
21.4614,1.10628
21.4629,1.10624
21.4644,1.1062
21.4659,1.10617
21.4674,1.10613
21.4689,1.1061
21.4704,1.10606
21.4719,1.10602
21.4734,1.10599
21.4749,1.10595
21.4764,1.10592
21.4779,1.10588
21.4794,1.10584
21.4809,1.10581
21.4824,1.10577
21.4839,1.10574
21.4854,1.1057
21.4869,1.10567
21.4884,1.10563
21.4899,1.1056
21.4914,1.10556
21.4929,1.10553
21.4944,1.10549
21.4959,1.10546
21.4974,1.10543
21.4989,1.10539
21.5004,1.10536
21.5019,1.10533
21.5034,1.10529
21.5049,1.10526
21.5064,1.10523
21.5079,1.1052
21.5094,1.10516
21.5109,1.10513
21.5124,1.1051
21.5139,1.10507
21.5154,1.10504
21.5169,1.10501
21.5184,1.10498
21.5199,1.10495
21.5214,1.10492
21.5229,1.10489
21.5244,1.10486
21.5259,1.10483
21.5274,1.1048
21.5289,1.10477
21.5304,1.10474
21.5319,1.10472
21.5334,1.10469
21.5349,1.10466
21.5364,1.10463
21.5379,1.10461
21.5394,1.10458
21.5409,1.10455
21.5424,1.10452
21.5439,1.1045
21.5454,1.10447
21.5469,1.10445
21.5484,1.10442
21.5499,1.10439
21.5514,1.10437
21.5529,1.10434
21.5544,1.10432
21.5559,1.10429
21.5574,1.10427
21.5588,1.10424
21.5603,1.10422
21.5618,1.1042
21.5633,1.10417
21.5648,1.10415
21.5663,1.10412
21.5678,1.1041
21.5693,1.10407
21.5708,1.10405
21.5723,1.10403
21.5738,1.104
21.5753,1.10398
21.5768,1.10396
21.5783,1.10393
21.5798,1.10391
21.5813,1.10389
21.5828,1.10387
21.5843,1.10384
21.5858,1.10382
21.5873,1.1038
21.5888,1.10377
21.5903,1.10375
21.5918,1.10373
21.5933,1.10371
21.5948,1.10369
21.5963,1.10366
21.5978,1.10364
21.5993,1.10362
21.6008,1.1036
21.6023,1.10358
21.6038,1.10355
21.6053,1.10353
21.6068,1.10351
21.6083,1.10349
21.6098,1.10347
21.6113,1.10344
21.6128,1.10342
21.6143,1.1034
21.6158,1.10338
21.6173,1.10335
21.6188,1.10333
21.6203,1.10331
21.6218,1.10329
21.6233,1.10326
21.6248,1.10324
21.6263,1.10322
21.6278,1.1032
21.6293,1.10317
21.6308,1.10315
21.6323,1.10313
21.6338,1.10311
21.6353,1.10308
21.6368,1.10306
21.6383,1.10304
21.6398,1.10301
21.6413,1.10299
21.6428,1.10297
21.6443,1.10295
21.6458,1.10292
21.6473,1.1029
21.6488,1.10288
21.6503,1.10286
21.6518,1.10283
21.6533,1.10281
21.6548,1.10279
21.6563,1.10277
21.6578,1.10274
21.6593,1.10272
21.6608,1.1027
21.6623,1.10267
21.6638,1.10265
21.6653,1.10263
21.6668,1.10261
21.6683,1.10258
21.6698,1.10256
21.6713,1.10254
21.6728,1.10251
21.6743,1.10249
21.6758,1.10247
21.6773,1.10245
21.6788,1.10242
21.6803,1.1024
21.6818,1.10238
21.6833,1.10236
21.6848,1.10234
21.6863,1.10232
21.6878,1.1023
21.6893,1.10227
21.6908,1.10225
21.6923,1.10223
21.6938,1.10221
21.6953,1.10219
21.6968,1.10217
21.6983,1.10215
21.6998,1.10213
21.7013,1.1021
21.7028,1.10208
21.7043,1.10206
21.7058,1.10204
21.7073,1.10202
21.7088,1.102
21.7103,1.10198
21.7118,1.10196
21.7133,1.10194
21.7148,1.10193
21.7163,1.10191
21.7178,1.10189
21.7193,1.10187
21.7208,1.10185
21.7223,1.10183
21.7238,1.10181
21.7253,1.1018
21.7268,1.10178
21.7283,1.10176
21.7298,1.10175
21.7313,1.10173
21.7328,1.10171
21.7343,1.1017
21.7358,1.10168
21.7373,1.10166
21.7388,1.10165
21.7402,1.10163
21.7417,1.10161
21.7432,1.1016
21.7447,1.10159
21.7462,1.10157
21.7477,1.10156
21.7492,1.10154
21.7507,1.10153
21.7522,1.10151
21.7537,1.1015
21.7552,1.10149
21.7567,1.10147
21.7582,1.10146
21.7597,1.10144
21.7612,1.10143
21.7627,1.10142
21.7642,1.1014
21.7657,1.10139
21.7672,1.10138
21.7687,1.10137
21.7702,1.10135
21.7717,1.10134
21.7732,1.10133
21.7747,1.10132
21.7762,1.10131
21.7777,1.1013
21.7792,1.10128
21.7807,1.10127
21.7822,1.10126
21.7837,1.10125
21.7852,1.10124
21.7867,1.10123
21.7882,1.10121
21.7897,1.1012
21.7912,1.10119
21.7927,1.10118
21.7942,1.10117
21.7957,1.10116
21.7972,1.10115
21.7987,1.10113
21.8002,1.10112
21.8017,1.10111
21.8032,1.1011
21.8047,1.10108
21.8062,1.10107
21.8077,1.10106
21.8092,1.10104
21.8107,1.10103
21.8122,1.10102
21.8137,1.101
21.8152,1.10099
21.8167,1.10097
21.8182,1.10096
21.8197,1.10094
21.8212,1.10093
21.8227,1.10091
21.8242,1.1009
21.8257,1.10088
21.8272,1.10086
21.8287,1.10085
21.8302,1.10083
21.8317,1.10082
21.8332,1.1008
21.8347,1.10079
21.8362,1.10077
21.8377,1.10075
21.8392,1.10074
21.8407,1.10072
21.8422,1.1007
21.8437,1.10068
21.8452,1.10067
21.8467,1.10065
21.8482,1.10063
21.8497,1.10062
21.8512,1.1006
21.8527,1.10058
21.8542,1.10056
21.8557,1.10055
21.8572,1.10053
21.8587,1.10051
21.8602,1.10049
21.8617,1.10048
21.8632,1.10046
21.8647,1.10045
21.8662,1.10043
21.8677,1.10041
21.8692,1.1004
21.8707,1.10038
21.8722,1.10036
21.8737,1.10035
21.8752,1.10033
21.8767,1.10032
21.8782,1.10031
21.8797,1.10029
21.8812,1.10028
21.8827,1.10026
21.8842,1.10025
21.8857,1.10024
21.8872,1.10022
21.8887,1.10021
21.8902,1.1002
21.8917,1.10019
21.8932,1.10018
21.8947,1.10017
21.8962,1.10016
21.8977,1.10014
21.8992,1.10013
21.9007,1.10013
21.9022,1.10012
21.9037,1.10011
21.9052,1.1001
21.9067,1.10009
21.9082,1.10008
21.9097,1.10008
21.9112,1.10007
21.9127,1.10006
21.9142,1.10006
21.9157,1.10005
21.9172,1.10004
21.9187,1.10004
21.9202,1.10003
21.9216,1.10003
21.9231,1.10003
21.9246,1.10002
21.9261,1.10002
21.9276,1.10001
21.9291,1.10001
21.9306,1.10001
21.9321,1.10001
21.9336,1.1
21.9351,1.1
21.9366,1.1
21.9381,1.1
21.9396,1.1
21.9411,1.09999
21.9426,1.09999
21.9441,1.09999
21.9456,1.09999
21.9471,1.09999
21.9486,1.09998
21.9501,1.09998
21.9516,1.09998
21.9531,1.09998
21.9546,1.09998
21.9561,1.09998
21.9576,1.09998
21.9591,1.09998
21.9606,1.09998
21.9621,1.09998
21.9636,1.09998
21.9651,1.09998
21.9666,1.09998
21.9681,1.09998
21.9696,1.09998
21.9711,1.09998
21.9726,1.09998
21.9741,1.09998
21.9756,1.09999
21.9771,1.09999
21.9786,1.09999
21.9801,1.09999
21.9816,1.09999
21.9831,1.09999
21.9846,1.1
21.9861,1.1
21.9876,1.1
21.9891,1.1
21.9906,1.1
21.9921,1.10001
21.9936,1.10001
21.9951,1.10001
21.9966,1.10001
21.9981,1.10001
21.9996,1.10002
22.0011,1.10002
22.0026,1.10002
22.0041,1.10002
22.0056,1.10002
22.0071,1.10003
22.0086,1.10003
22.0101,1.10003
22.0116,1.10004
22.0131,1.10004
22.0146,1.10004
22.0161,1.10004
22.0176,1.10005
22.0191,1.10005
22.0206,1.10005
22.0221,1.10005
22.0236,1.10005
22.0251,1.10006
22.0266,1.10006
22.0281,1.10006
22.0296,1.10007
22.0311,1.10007
22.0326,1.10007
22.0341,1.10007
22.0356,1.10008
22.0371,1.10008
22.0386,1.10008
22.0401,1.10008
22.0416,1.10008
22.0431,1.10009
22.0446,1.10009
22.0461,1.10009
22.0476,1.10009
22.0491,1.1001
22.0506,1.1001
22.0521,1.1001
22.0536,1.1001
22.0551,1.1001
22.0566,1.1001
22.0581,1.10011
22.0596,1.10011
22.0611,1.10011
22.0626,1.10011
22.0641,1.10011
22.0656,1.10012
22.0671,1.10012
22.0686,1.10012
22.0701,1.10012
22.0716,1.10013
22.0731,1.10013
22.0746,1.10013
22.0761,1.10014
22.0776,1.10014
22.0791,1.10014
22.0806,1.10014
22.0821,1.10015
22.0836,1.10015
22.0851,1.10015
22.0866,1.10016
22.0881,1.10016
22.0896,1.10017
22.0911,1.10017
22.0926,1.10017
22.0941,1.10018
22.0956,1.10018
22.0971,1.10019
22.0986,1.10019
22.1001,1.1002
22.1016,1.1002
22.1031,1.1002
22.1045,1.10021
22.106,1.10021
22.1075,1.10022
22.109,1.10023
22.1105,1.10023
22.112,1.10024
22.1135,1.10024
22.115,1.10025
22.1165,1.10025
22.118,1.10026
22.1195,1.10027
22.121,1.10027
22.1225,1.10028
22.124,1.10028
22.1255,1.10029
22.127,1.1003
22.1285,1.10031
22.13,1.10031
22.1315,1.10032
22.133,1.10033
22.1345,1.10034
22.136,1.10034
22.1375,1.10035
22.139,1.10036
22.1405,1.10037
22.142,1.10038
22.1435,1.10038
22.145,1.10039
22.1465,1.1004
22.148,1.10041
22.1495,1.10042
22.151,1.10043
22.1525,1.10044
22.154,1.10045
22.1555,1.10046
22.157,1.10047
22.1585,1.10048
22.16,1.10049
22.1615,1.10051
22.163,1.10052
22.1645,1.10053
22.166,1.10054
22.1675,1.10055
22.169,1.10056
22.1705,1.10058
22.172,1.10059
22.1735,1.1006
22.175,1.10061
22.1765,1.10063
22.178,1.10064
22.1795,1.10065
22.181,1.10067
22.1825,1.10068
22.184,1.10069
22.1855,1.10071
22.187,1.10072
22.1885,1.10074
22.19,1.10075
22.1915,1.10077
22.193,1.10078
22.1945,1.1008
22.196,1.10081
22.1975,1.10083
22.199,1.10084
22.2005,1.10086
22.202,1.10087
22.2035,1.10089
22.205,1.10091
22.2065,1.10092
22.208,1.10094
22.2095,1.10096
22.211,1.10098
22.2125,1.10099
22.214,1.10101
22.2155,1.10103
22.217,1.10105
22.2185,1.10106
22.22,1.10108
22.2215,1.1011
22.223,1.10112
22.2245,1.10114
22.226,1.10116
22.2275,1.10118
22.229,1.1012
22.2305,1.10121
22.232,1.10123
22.2335,1.10125
22.235,1.10127
22.2365,1.10129
22.238,1.10131
22.2395,1.10133
22.241,1.10135
22.2425,1.10137
22.244,1.10139
22.2455,1.10141
22.247,1.10143
22.2485,1.10145
22.25,1.10147
22.2515,1.10148
22.253,1.1015
22.2545,1.10152
22.256,1.10154
22.2575,1.10156
22.259,1.10158
22.2605,1.1016
22.262,1.10162
22.2635,1.10164
22.265,1.10165
22.2665,1.10167
22.268,1.10169
22.2695,1.10171
22.271,1.10173
22.2725,1.10175
22.274,1.10177
22.2755,1.10178
22.277,1.1018
22.2785,1.10182
22.28,1.10184
22.2815,1.10186
22.283,1.10187
22.2845,1.10189
22.2859,1.10191
22.2874,1.10193
22.2889,1.10194
22.2904,1.10196
22.2919,1.10198
22.2934,1.10199
22.2949,1.10201
22.2964,1.10203
22.2979,1.10204
22.2994,1.10206
22.3009,1.10208
22.3024,1.10209
22.3039,1.10211
22.3054,1.10212
22.3069,1.10214
22.3084,1.10215
22.3099,1.10216
22.3114,1.10218
22.3129,1.10219
22.3144,1.1022
22.3159,1.10222
22.3174,1.10223
22.3189,1.10224
22.3204,1.10225
22.3219,1.10227
22.3234,1.10228
22.3249,1.10229
22.3264,1.1023
22.3279,1.10231
22.3294,1.10232
22.3309,1.10233
22.3324,1.10234
22.3339,1.10234
22.3354,1.10235
22.3369,1.10236
22.3384,1.10237
22.3399,1.10237
22.3414,1.10238
22.3429,1.10239
22.3444,1.10239
22.3459,1.1024
22.3474,1.1024
22.3489,1.10241
22.3504,1.10241
22.3519,1.10241
22.3534,1.10242
22.3549,1.10242
22.3564,1.10242
22.3579,1.10242
22.3594,1.10243
22.3609,1.10243
22.3624,1.10243
22.3639,1.10243
22.3654,1.10243
22.3669,1.10243
22.3684,1.10243
22.3699,1.10244
22.3714,1.10244
22.3729,1.10244
22.3744,1.10244
22.3759,1.10244
22.3774,1.10244
22.3789,1.10244
22.3804,1.10244
22.3819,1.10244
22.3834,1.10244
22.3849,1.10243
22.3864,1.10244
22.3879,1.10244
22.3894,1.10244
22.3909,1.10244
22.3924,1.10244
22.3939,1.10244
22.3954,1.10244
22.3969,1.10244
22.3984,1.10244
22.3999,1.10244
22.4014,1.10244
22.4029,1.10244
22.4044,1.10244
22.4059,1.10244
22.4074,1.10244
22.4089,1.10244
22.4104,1.10244
22.4119,1.10245
22.4134,1.10245
22.4149,1.10245
22.4164,1.10245
22.4179,1.10245
22.4194,1.10245
22.4209,1.10245
22.4224,1.10246
22.4239,1.10246
22.4254,1.10246
22.4269,1.10246
22.4284,1.10246
22.4299,1.10246
22.4314,1.10246
22.4329,1.10246
22.4344,1.10246
22.4359,1.10247
22.4374,1.10247
22.4389,1.10246
22.4404,1.10247
22.4419,1.10247
22.4434,1.10247
22.4449,1.10247
22.4464,1.10247
22.4479,1.10247
22.4494,1.10246
22.4509,1.10246
22.4524,1.10246
22.4539,1.10246
22.4554,1.10246
22.4569,1.10246
22.4584,1.10246
22.4599,1.10245
22.4614,1.10245
22.4629,1.10245
22.4644,1.10245
22.4659,1.10244
22.4674,1.10244
22.4688,1.10244
22.4703,1.10243
22.4718,1.10243
22.4733,1.10242
22.4748,1.10242
22.4763,1.10241
22.4778,1.10241
22.4793,1.1024
22.4808,1.1024
22.4823,1.10239
22.4838,1.10238
22.4853,1.10238
22.4868,1.10237
22.4883,1.10236
22.4898,1.10235
22.4913,1.10234
22.4928,1.10234
22.4943,1.10233
22.4958,1.10232
22.4973,1.10231
22.4988,1.1023
22.5003,1.10229
22.5018,1.10228
22.5033,1.10227
22.5048,1.10226
22.5063,1.10225
22.5078,1.10223
22.5093,1.10222
22.5108,1.10221
22.5123,1.1022
22.5138,1.10219
22.5153,1.10217
22.5168,1.10216
22.5183,1.10215
22.5198,1.10214
22.5213,1.10212
22.5228,1.10211
22.5243,1.10209
22.5258,1.10208
22.5273,1.10207
22.5288,1.10205
22.5303,1.10204
22.5318,1.10202
22.5333,1.10201
22.5348,1.10199
22.5363,1.10198
22.5378,1.10196
22.5393,1.10195
22.5408,1.10193
22.5423,1.10191
22.5438,1.1019
22.5453,1.10188
22.5468,1.10187
22.5483,1.10185
22.5498,1.10183
22.5513,1.10182
22.5528,1.1018
22.5543,1.10179
22.5558,1.10177
22.5573,1.10175
22.5588,1.10174
22.5603,1.10172
22.5618,1.1017
22.5633,1.10169
22.5648,1.10167
22.5663,1.10165
22.5678,1.10163
22.5693,1.10162
22.5708,1.1016
22.5723,1.10158
22.5738,1.10157
22.5753,1.10155
22.5768,1.10153
22.5783,1.10152
22.5798,1.1015
22.5813,1.10148
22.5828,1.10146
22.5843,1.10145
22.5858,1.10143
22.5873,1.10141
22.5888,1.1014
22.5903,1.10138
22.5918,1.10136
22.5933,1.10134
22.5948,1.10133
22.5963,1.10131
22.5978,1.10129
22.5993,1.10128
22.6008,1.10126
22.6023,1.10124
22.6038,1.10122
22.6053,1.10121
22.6068,1.10119
22.6083,1.10117
22.6098,1.10116
22.6113,1.10114
22.6128,1.10112
22.6143,1.1011
22.6158,1.10109
22.6173,1.10107
22.6188,1.10105
22.6203,1.10104
22.6218,1.10102
22.6233,1.101
22.6248,1.10099
22.6263,1.10097
22.6278,1.10095
22.6293,1.10094
22.6308,1.10092
22.6323,1.1009
22.6338,1.10089
22.6353,1.10087
22.6368,1.10085
22.6383,1.10084
22.6398,1.10082
22.6413,1.1008
22.6428,1.10079
22.6443,1.10077
22.6458,1.10075
22.6473,1.10074
22.6488,1.10072
22.6502,1.10071
22.6517,1.10069
22.6532,1.10068
22.6547,1.10066
22.6562,1.10064
22.6577,1.10063
22.6592,1.10061
22.6607,1.1006
22.6622,1.10058
22.6637,1.10057
22.6652,1.10055
22.6667,1.10054
22.6682,1.10052
22.6697,1.10051
22.6712,1.10049
22.6727,1.10048
22.6742,1.10047
22.6757,1.10045
22.6772,1.10044
22.6787,1.10042
22.6802,1.10041
22.6817,1.10039
22.6832,1.10038
22.6847,1.10037
22.6862,1.10036
22.6877,1.10034
22.6892,1.10033
22.6907,1.10031
22.6922,1.1003
22.6937,1.10029
22.6952,1.10027
22.6967,1.10026
22.6982,1.10025
22.6997,1.10023
22.7012,1.10022
22.7027,1.10021
22.7042,1.1002
22.7057,1.10019
22.7072,1.10017
22.7087,1.10016
22.7102,1.10015
22.7117,1.10014
22.7132,1.10012
22.7147,1.10011
22.7162,1.1001
22.7177,1.10009
22.7192,1.10008
22.7207,1.10007
22.7222,1.10006
22.7237,1.10005
22.7252,1.10004
22.7267,1.10003
22.7282,1.10002
22.7297,1.10001
22.7312,1.1
22.7327,1.09999
22.7342,1.09998
22.7357,1.09997
22.7372,1.09996
22.7387,1.09995
22.7402,1.09994
22.7417,1.09993
22.7432,1.09993
22.7447,1.09992
22.7462,1.09991
22.7477,1.0999
22.7492,1.0999
22.7507,1.09989
22.7522,1.09988
22.7537,1.09988
22.7552,1.09987
22.7567,1.09986
22.7582,1.09986
22.7597,1.09985
22.7612,1.09984
22.7627,1.09984
22.7642,1.09983
22.7657,1.09983
22.7672,1.09982
22.7687,1.09982
22.7702,1.09981
22.7717,1.09981
22.7732,1.0998
22.7747,1.0998
22.7762,1.0998
22.7777,1.09979
22.7792,1.09979
22.7807,1.09979
22.7822,1.09978
22.7837,1.09978
22.7852,1.09978
22.7867,1.09977
22.7882,1.09977
22.7897,1.09977
22.7912,1.09977
22.7927,1.09976
22.7942,1.09976
22.7957,1.09976
22.7972,1.09976
22.7987,1.09976
22.8002,1.09976
22.8017,1.09975
22.8032,1.09975
22.8047,1.09975
22.8062,1.09975
22.8077,1.09975
22.8092,1.09975
22.8107,1.09975
22.8122,1.09975
22.8137,1.09975
22.8152,1.09975
22.8167,1.09975
22.8182,1.09975
22.8197,1.09975
22.8212,1.09975
22.8227,1.09976
22.8242,1.09976
22.8257,1.09976
22.8272,1.09976
22.8287,1.09976
22.8302,1.09976
22.8316,1.09977
22.8331,1.09977
22.8346,1.09977
22.8361,1.09977
22.8376,1.09978
22.8391,1.09978
22.8406,1.09978
22.8421,1.09978
22.8436,1.09979
22.8451,1.09979
22.8466,1.09979
22.8481,1.0998
22.8496,1.0998
22.8511,1.0998
22.8526,1.09981
22.8541,1.09981
22.8556,1.09981
22.8571,1.09982
22.8586,1.09982
22.8601,1.09983
22.8616,1.09983
22.8631,1.09983
22.8646,1.09984
22.8661,1.09984
22.8676,1.09985
22.8691,1.09985
22.8706,1.09985
22.8721,1.09986
22.8736,1.09986
22.8751,1.09987
22.8766,1.09987
22.8781,1.09988
22.8796,1.09988
22.8811,1.09989
22.8826,1.09989
22.8841,1.0999
22.8856,1.0999
22.8871,1.09991
22.8886,1.09991
22.8901,1.09992
22.8916,1.09992
22.8931,1.09992
22.8946,1.09993
22.8961,1.09993
22.8976,1.09994
22.8991,1.09995
22.9006,1.09995
22.9021,1.09996
22.9036,1.09996
22.9051,1.09997
22.9066,1.09997
22.9081,1.09998
22.9096,1.09998
22.9111,1.09999
22.9126,1.09999
22.9141,1.1
22.9156,1.10001
22.9171,1.10001
22.9186,1.10002
22.9201,1.10003
22.9216,1.10003
22.9231,1.10004
22.9246,1.10005
22.9261,1.10005
22.9276,1.10006
22.9291,1.10007
22.9306,1.10007
22.9321,1.10008
22.9336,1.10009
22.9351,1.1001
22.9366,1.10011
22.9381,1.10012
22.9396,1.10012
22.9411,1.10013
22.9426,1.10014
22.9441,1.10015
22.9456,1.10016
22.9471,1.10017
22.9486,1.10018
22.9501,1.10019
22.9516,1.1002
22.9531,1.10021
22.9546,1.10022
22.9561,1.10023
22.9576,1.10024
22.9591,1.10025
22.9606,1.10026
22.9621,1.10027
22.9636,1.10028
22.9651,1.10029
22.9666,1.1003
22.9681,1.10031
22.9696,1.10032
22.9711,1.10033
22.9726,1.10034
22.9741,1.10035
22.9756,1.10037
22.9771,1.10038
22.9786,1.10039
22.9801,1.1004
22.9816,1.10041
22.9831,1.10043
22.9846,1.10044
22.9861,1.10045
22.9876,1.10046
22.9891,1.10047
22.9906,1.10048
22.9921,1.1005
22.9936,1.10051
22.9951,1.10052
22.9966,1.10053
22.9981,1.10054
22.9996,1.10056
23.0011,1.10057
23.0026,1.10058
23.0041,1.10059
23.0056,1.1006
23.0071,1.10062
23.0086,1.10063
23.0101,1.10064
23.0116,1.10065
23.0131,1.10066
23.0145,1.10068
23.016,1.10069
23.0175,1.1007
23.019,1.10071
23.0205,1.10072
23.022,1.10073
23.0235,1.10075
23.025,1.10076
23.0265,1.10077
23.028,1.10078
23.0295,1.10079
23.031,1.1008
23.0325,1.10081
23.034,1.10083
23.0355,1.10084
23.037,1.10085
23.0385,1.10086
23.04,1.10087
23.0415,1.10088
23.043,1.10089
23.0445,1.1009
23.046,1.10091
23.0475,1.10092
23.049,1.10093
23.0505,1.10094
23.052,1.10095
23.0535,1.10096
23.055,1.10097
23.0565,1.10098
23.058,1.10099
23.0595,1.101
23.061,1.10101
23.0625,1.10102
23.064,1.10103
23.0655,1.10103
23.067,1.10104
23.0685,1.10105
23.07,1.10106
23.0715,1.10107
23.073,1.10108
23.0745,1.10109
23.076,1.10109
23.0775,1.1011
23.079,1.10111
23.0805,1.10112
23.082,1.10112
23.0835,1.10114
23.085,1.10114
23.0865,1.10115
23.088,1.10116
23.0895,1.10116
23.091,1.10117
23.0925,1.10118
23.094,1.10119
23.0955,1.10119
23.097,1.1012
23.0985,1.10121
23.1,1.10121
23.1015,1.10122
23.103,1.10123
23.1045,1.10123
23.106,1.10124
23.1075,1.10125
23.109,1.10125
23.1105,1.10126
23.112,1.10126
23.1135,1.10127
23.115,1.10128
23.1165,1.10128
23.118,1.10129
23.1195,1.10129
23.121,1.1013
23.1225,1.1013
23.124,1.10131
23.1255,1.10132
23.127,1.10132
23.1285,1.10133
23.13,1.10133
23.1315,1.10134
23.133,1.10134
23.1345,1.10135
23.136,1.10135
23.1375,1.10136
23.139,1.10136
23.1405,1.10137
23.142,1.10137
23.1435,1.10138
23.145,1.10138
23.1465,1.10139
23.148,1.10139
23.1495,1.1014
23.151,1.1014
23.1525,1.1014
23.154,1.10141
23.1555,1.10141
23.157,1.10141
23.1585,1.10142
23.16,1.10142
23.1615,1.10143
23.163,1.10143
23.1645,1.10143
23.166,1.10144
23.1675,1.10144
23.169,1.10144
23.1705,1.10145
23.172,1.10145
23.1735,1.10145
23.175,1.10145
23.1765,1.10146
23.178,1.10146
23.1795,1.10146
23.181,1.10146
23.1825,1.10146
23.184,1.10147
23.1855,1.10147
23.187,1.10147
23.1885,1.10147
23.19,1.10147
23.1915,1.10147
23.193,1.10147
23.1945,1.10147
23.1959,1.10148
23.1974,1.10148
23.1989,1.10148
23.2004,1.10148
23.2019,1.10148
23.2034,1.10148
23.2049,1.10148
23.2064,1.10148
23.2079,1.10148
23.2094,1.10148
23.2109,1.10148
23.2124,1.10148
23.2139,1.10148
23.2154,1.10148
23.2169,1.10148
23.2184,1.10147
23.2199,1.10147
23.2214,1.10147
23.2229,1.10147
23.2244,1.10147
23.2259,1.10147
23.2274,1.10147
23.2289,1.10147
23.2304,1.10147
23.2319,1.10147
23.2334,1.10146
23.2349,1.10146
23.2364,1.10146
23.2379,1.10146
23.2394,1.10146
23.2409,1.10146
23.2424,1.10146
23.2439,1.10146
23.2454,1.10146
23.2469,1.10145
23.2484,1.10145
23.2499,1.10145
23.2514,1.10145
23.2529,1.10145
23.2544,1.10145
23.2559,1.10145
23.2574,1.10145
23.2589,1.10145
23.2604,1.10145
23.2619,1.10145
23.2634,1.10145
23.2649,1.10144
23.2664,1.10144
23.2679,1.10144
23.2694,1.10144
23.2709,1.10144
23.2724,1.10144
23.2739,1.10144
23.2754,1.10144
23.2769,1.10144
23.2784,1.10144
23.2799,1.10144
23.2814,1.10144
23.2829,1.10144
23.2844,1.10144
23.2859,1.10144
23.2874,1.10144
23.2889,1.10144
23.2904,1.10144
23.2919,1.10144
23.2934,1.10144
23.2949,1.10145
23.2964,1.10145
23.2979,1.10145
23.2994,1.10145
23.3009,1.10145
23.3024,1.10145
23.3039,1.10145
23.3054,1.10145
23.3069,1.10145
23.3084,1.10145
23.3099,1.10146
23.3114,1.10146
23.3129,1.10146
23.3144,1.10146
23.3159,1.10146
23.3174,1.10146
23.3189,1.10146
23.3204,1.10146
23.3219,1.10147
23.3234,1.10147
23.3249,1.10147
23.3264,1.10147
23.3279,1.10147
23.3294,1.10147
23.3309,1.10148
23.3324,1.10148
23.3339,1.10148
23.3354,1.10148
23.3369,1.10148
23.3384,1.10148
23.3399,1.10148
23.3414,1.10148
23.3429,1.10149
23.3444,1.10149
23.3459,1.10149
23.3474,1.10149
23.3489,1.10149
23.3504,1.10149
23.3519,1.1015
23.3534,1.1015
23.3549,1.1015
23.3564,1.1015
23.3579,1.1015
23.3594,1.10151
23.3609,1.10151
23.3624,1.10151
23.3639,1.10151
23.3654,1.10151
23.3669,1.10151
23.3684,1.10151
23.3699,1.10152
23.3714,1.10152
23.3729,1.10152
23.3744,1.10152
23.3759,1.10152
23.3773,1.10152
23.3788,1.10153
23.3803,1.10153
23.3818,1.10153
23.3833,1.10153
23.3848,1.10153
23.3863,1.10153
23.3878,1.10153
23.3893,1.10153
23.3908,1.10154
23.3923,1.10154
23.3938,1.10154
23.3953,1.10154
23.3968,1.10154
23.3983,1.10154
23.3998,1.10154
23.4013,1.10154
23.4028,1.10154
23.4043,1.10154
23.4058,1.10154
23.4073,1.10154
23.4088,1.10154
23.4103,1.10154
23.4118,1.10154
23.4133,1.10154
23.4148,1.10154
23.4163,1.10154
23.4178,1.10154
23.4193,1.10154
23.4208,1.10154
23.4223,1.10154
23.4238,1.10154
23.4253,1.10154
23.4268,1.10154
23.4283,1.10154
23.4298,1.10153
23.4313,1.10153
23.4328,1.10153
23.4343,1.10153
23.4358,1.10153
23.4373,1.10153
23.4388,1.10153
23.4403,1.10153
23.4418,1.10152
23.4433,1.10152
23.4448,1.10152
23.4463,1.10152
23.4478,1.10151
23.4493,1.10151
23.4508,1.10151
23.4523,1.1015
23.4538,1.1015
23.4553,1.1015
23.4568,1.1015
23.4583,1.10149
23.4598,1.10149
23.4613,1.10149
23.4628,1.10148
23.4643,1.10148
23.4658,1.10148
23.4673,1.10147
23.4688,1.10147
23.4703,1.10147
23.4718,1.10146
23.4733,1.10146
23.4748,1.10146
23.4763,1.10145
23.4778,1.10145
23.4793,1.10145
23.4808,1.10144
23.4823,1.10144
23.4838,1.10143
23.4853,1.10143
23.4868,1.10142
23.4883,1.10142
23.4898,1.10142
23.4913,1.10141
23.4928,1.10141
23.4943,1.1014
23.4958,1.1014
23.4973,1.10139
23.4988,1.10139
23.5003,1.10139
23.5018,1.10138
23.5033,1.10138
23.5048,1.10137
23.5063,1.10137
23.5078,1.10136
23.5093,1.10136
23.5108,1.10135
23.5123,1.10135
23.5138,1.10134
23.5153,1.10134
23.5168,1.10133
23.5183,1.10132
23.5198,1.10132
23.5213,1.10131
23.5228,1.10131
23.5243,1.1013
23.5258,1.1013
23.5273,1.10129
23.5288,1.10128
23.5303,1.10128
23.5318,1.10127
23.5333,1.10126
23.5348,1.10126
23.5363,1.10125
23.5378,1.10125
23.5393,1.10124
23.5408,1.10123
23.5423,1.10123
23.5438,1.10122
23.5453,1.10121
23.5468,1.10121
23.5483,1.1012
23.5498,1.10119
23.5513,1.10118
23.5528,1.10118
23.5543,1.10117
23.5558,1.10116
23.5573,1.10116
23.5588,1.10115
23.5602,1.10114
23.5617,1.10114
23.5632,1.10113
23.5647,1.10112
23.5662,1.10112
23.5677,1.10111
23.5692,1.1011
23.5707,1.1011
23.5722,1.10109
23.5737,1.10108
23.5752,1.10107
23.5767,1.10107
23.5782,1.10106
23.5797,1.10105
23.5812,1.10105
23.5827,1.10104
23.5842,1.10103
23.5857,1.10103
23.5872,1.10102
23.5887,1.10101
23.5902,1.10101
23.5917,1.101
23.5932,1.10099
23.5947,1.10099
23.5962,1.10098
23.5977,1.10097
23.5992,1.10097
23.6007,1.10096
23.6022,1.10095
23.6037,1.10095
23.6052,1.10094
23.6067,1.10093
23.6082,1.10092
23.6097,1.10092
23.6112,1.10091
23.6127,1.1009
23.6142,1.1009
23.6157,1.10089
23.6172,1.10088
23.6187,1.10088
23.6202,1.10087
23.6217,1.10086
23.6232,1.10086
23.6247,1.10085
23.6262,1.10084
23.6277,1.10083
23.6292,1.10082
23.6307,1.10082
23.6322,1.10081
23.6337,1.1008
23.6352,1.10079
23.6367,1.10079
23.6382,1.10078
23.6397,1.10077
23.6412,1.10076
23.6427,1.10075
23.6442,1.10074
23.6457,1.10073
23.6472,1.10072
23.6487,1.10072
23.6502,1.10071
23.6517,1.1007
23.6532,1.10069
23.6547,1.10068
23.6562,1.10067
23.6577,1.10066
23.6592,1.10065
23.6607,1.10064
23.6622,1.10063
23.6637,1.10062
23.6652,1.10061
23.6667,1.1006
23.6682,1.10059
23.6697,1.10057
23.6712,1.10056
23.6727,1.10055
23.6742,1.10054
23.6757,1.10053
23.6772,1.10052
23.6787,1.10051
23.6802,1.1005
23.6817,1.10049
23.6832,1.10048
23.6847,1.10047
23.6862,1.10046
23.6877,1.10045
23.6892,1.10044
23.6907,1.10043
23.6922,1.10042
23.6937,1.1004
23.6952,1.10039
23.6967,1.10038
23.6982,1.10037
23.6997,1.10036
23.7012,1.10035
23.7027,1.10034
23.7042,1.10033
23.7057,1.10032
23.7072,1.10031
23.7087,1.1003
23.7102,1.10029
23.7117,1.10028
23.7132,1.10027
23.7147,1.10026
23.7162,1.10025
23.7177,1.10024
23.7192,1.10023
23.7207,1.10023
23.7222,1.10022
23.7237,1.10021
23.7252,1.1002
23.7267,1.10019
23.7282,1.10018
23.7297,1.10018
23.7312,1.10017
23.7327,1.10016
23.7342,1.10015
23.7357,1.10014
23.7372,1.10014
23.7387,1.10013
23.7402,1.10012
23.7416,1.10012
23.7431,1.10011
23.7446,1.1001
23.7461,1.1001
23.7476,1.10009
23.7491,1.10008
23.7506,1.10008
23.7521,1.10007
23.7536,1.10007
23.7551,1.10006
23.7566,1.10005
23.7581,1.10005
23.7596,1.10004
23.7611,1.10004
23.7626,1.10003
23.7641,1.10003
23.7656,1.10003
23.7671,1.10002
23.7686,1.10002
23.7701,1.10001
23.7716,1.10001
23.7731,1.10001
23.7746,1.1
23.7761,1.1
23.7776,1.1
23.7791,1.09999
23.7806,1.09999
23.7821,1.09999
23.7836,1.09999
23.7851,1.09998
23.7866,1.09998
23.7881,1.09998
23.7896,1.09998
23.7911,1.09998
23.7926,1.09998
23.7941,1.09997
23.7956,1.09997
23.7971,1.09997
23.7986,1.09997
23.8001,1.09997
23.8016,1.09997
23.8031,1.09997
23.8046,1.09997
23.8061,1.09997
23.8076,1.09997
23.8091,1.09998
23.8106,1.09998
23.8121,1.09998
23.8136,1.09998
23.8151,1.09998
23.8166,1.09998
23.8181,1.09999
23.8196,1.09999
23.8211,1.09999
23.8226,1.1
23.8241,1.1
23.8256,1.1
23.8271,1.10001
23.8286,1.10001
23.8301,1.10002
23.8316,1.10002
23.8331,1.10002
23.8346,1.10003
23.8361,1.10003
23.8376,1.10004
23.8391,1.10004
23.8406,1.10005
23.8421,1.10006
23.8436,1.10006
23.8451,1.10007
23.8466,1.10008
23.8481,1.10008
23.8496,1.10009
23.8511,1.10009
23.8526,1.1001
23.8541,1.10011
23.8556,1.10011
23.8571,1.10012
23.8586,1.10013
23.8601,1.10014
23.8616,1.10014
23.8631,1.10015
23.8646,1.10015
23.8661,1.10016
23.8676,1.10017
23.8691,1.10017
23.8706,1.10018
23.8721,1.10019
23.8736,1.10019
23.8751,1.1002
23.8766,1.1002
23.8781,1.10021
23.8796,1.10022
23.8811,1.10022
23.8826,1.10023
23.8841,1.10023
23.8856,1.10024
23.8871,1.10024
23.8886,1.10025
23.8901,1.10025
23.8916,1.10026
23.8931,1.10026
23.8946,1.10027
23.8961,1.10027
23.8976,1.10027
23.8991,1.10028
23.9006,1.10028
23.9021,1.10029
23.9036,1.10029
23.9051,1.10029
23.9066,1.1003
23.9081,1.1003
23.9096,1.1003
23.9111,1.10031
23.9126,1.10031
23.9141,1.10031
23.9156,1.10032
23.9171,1.10032
23.9186,1.10032
23.9201,1.10033
23.9216,1.10033
23.923,1.10033
23.9245,1.10034
23.926,1.10034
23.9275,1.10035
23.929,1.10035
23.9305,1.10035
23.932,1.10036
23.9335,1.10036
23.935,1.10036
23.9365,1.10036
23.938,1.10037
23.9395,1.10037
23.941,1.10037
23.9425,1.10038
23.944,1.10038
23.9455,1.10039
23.947,1.10039
23.9485,1.10039
23.95,1.1004
23.9515,1.1004
23.953,1.1004
23.9545,1.10041
23.956,1.10041
23.9575,1.10041
23.959,1.10042
23.9605,1.10042
23.962,1.10042
23.9635,1.10043
23.965,1.10043
23.9665,1.10044
23.968,1.10044
23.9695,1.10044
23.971,1.10044
23.9725,1.10045
23.974,1.10045
23.9755,1.10046
23.977,1.10046
23.9785,1.10047
23.98,1.10047
23.9815,1.10047
23.983,1.10048
23.9845,1.10048
23.986,1.10049
23.9875,1.10049
23.989,1.1005
23.9905,1.1005
23.992,1.10051
23.9935,1.10051
23.995,1.10052
23.9965,1.10052
23.998,1.10053
23.9995,1.10054
24.001,1.10055
24.0025,1.10056
24.004,1.10056
24.0055,1.10057
24.007,1.10058
24.0085,1.10059
24.01,1.1006
24.0115,1.10061
24.013,1.10062
24.0145,1.10064
24.016,1.10065
24.0175,1.10066
24.019,1.10067
24.0205,1.10069
24.022,1.1007
24.0235,1.10071
24.025,1.10073
24.0265,1.10074
24.028,1.10076
24.0295,1.10077
24.031,1.10079
24.0325,1.1008
24.034,1.10082
24.0355,1.10083
24.037,1.10085
24.0385,1.10087
24.04,1.10088
24.0415,1.1009
24.043,1.10092
24.0445,1.10094
24.046,1.10095
24.0475,1.10097
24.049,1.10099
24.0505,1.101
24.052,1.10102
24.0535,1.10103
24.055,1.10105
24.0565,1.10107
24.058,1.10108
24.0595,1.1011
24.061,1.10111
24.0625,1.10113
24.064,1.10114
24.0655,1.10115
24.067,1.10117
24.0685,1.10118
24.07,1.10119
24.0715,1.10121
24.073,1.10122
24.0745,1.10123
24.076,1.10124
24.0775,1.10125
24.079,1.10127
24.0805,1.10128
24.082,1.10129
24.0835,1.1013
24.085,1.10131
24.0865,1.10132
24.088,1.10133
24.0895,1.10134
24.091,1.10135
24.0925,1.10136
24.094,1.10137
24.0955,1.10138
24.097,1.10139
24.0985,1.1014
24.1,1.10141
24.1015,1.10142
24.103,1.10143
24.1045,1.10144
24.1059,1.10145
24.1074,1.10146
24.1089,1.10147
24.1104,1.10148
24.1119,1.10149
24.1134,1.1015
24.1149,1.10151
24.1164,1.10153
24.1179,1.10154
24.1194,1.10155
24.1209,1.10157
24.1224,1.10158
24.1239,1.10159
24.1254,1.10161
24.1269,1.10162
24.1284,1.10164
24.1299,1.10165
24.1314,1.10167
24.1329,1.10168
24.1344,1.1017
24.1359,1.10172
24.1374,1.10174
24.1389,1.10176
24.1404,1.10178
24.1419,1.1018
24.1434,1.10182
24.1449,1.10184
24.1464,1.10186
24.1479,1.10188
24.1494,1.1019
24.1509,1.10193
24.1524,1.10195
24.1539,1.10198
24.1554,1.102
24.1569,1.10203
24.1584,1.10205
24.1599,1.10208
24.1614,1.1021
24.1629,1.10213
24.1644,1.10216
24.1659,1.10218
24.1674,1.10221
24.1689,1.10224
24.1704,1.10227
24.1719,1.10229
24.1734,1.10232
24.1749,1.10235
24.1764,1.10238
24.1779,1.10241
24.1794,1.10243
24.1809,1.10246
24.1824,1.10249
24.1839,1.10251
24.1854,1.10254
24.1869,1.10257
24.1884,1.1026
24.1899,1.10262
24.1914,1.10265
24.1929,1.10268
24.1944,1.1027
24.1959,1.10273
24.1974,1.10275
24.1989,1.10278
24.2004,1.10281
24.2019,1.10283
24.2034,1.10285
24.2049,1.10288
24.2064,1.1029
24.2079,1.10293
24.2094,1.10295
24.2109,1.10297
24.2124,1.103
24.2139,1.10302
24.2154,1.10304
24.2169,1.10306
24.2184,1.10308
24.2199,1.1031
24.2214,1.10312
24.2229,1.10314
24.2244,1.10316
24.2259,1.10318
24.2274,1.1032
24.2289,1.10321
24.2304,1.10323
24.2319,1.10325
24.2334,1.10326
24.2349,1.10328
24.2364,1.10329
24.2379,1.10331
24.2394,1.10332
24.2409,1.10333
24.2424,1.10334
24.2439,1.10336
24.2454,1.10337
24.2469,1.10338
24.2484,1.10339
24.2499,1.1034
24.2514,1.1034
24.2529,1.10341
24.2544,1.10342
24.2559,1.10343
24.2574,1.10343
24.2589,1.10344
24.2604,1.10344
24.2619,1.10345
24.2634,1.10345
24.2649,1.10346
24.2664,1.10346
24.2679,1.10346
24.2694,1.10347
24.2709,1.10347
24.2724,1.10347
24.2739,1.10348
24.2754,1.10348
24.2769,1.10348
24.2784,1.10348
24.2799,1.10348
24.2814,1.10349
24.2829,1.10349
24.2844,1.10349
24.2859,1.10349
24.2873,1.10349
24.2888,1.10349
24.2903,1.10349
24.2918,1.1035
24.2933,1.1035
24.2948,1.1035
24.2963,1.1035
24.2978,1.1035
24.2993,1.10351
24.3008,1.10351
24.3023,1.10351
24.3038,1.10351
24.3053,1.10352
24.3068,1.10352
24.3083,1.10352
24.3098,1.10353
24.3113,1.10353
24.3128,1.10353
24.3143,1.10354
24.3158,1.10354
24.3173,1.10355
24.3188,1.10355
24.3203,1.10356
24.3218,1.10356
24.3233,1.10357
24.3248,1.10357
24.3263,1.10358
24.3278,1.10358
24.3293,1.10359
24.3308,1.10359
24.3323,1.1036
24.3338,1.10361
24.3353,1.10361
24.3368,1.10362
24.3383,1.10363
24.3398,1.10363
24.3413,1.10364
24.3428,1.10365
24.3443,1.10366
24.3458,1.10366
24.3473,1.10367
24.3488,1.10368
24.3503,1.10369
24.3518,1.10369
24.3533,1.1037
24.3548,1.10371
24.3563,1.10372
24.3578,1.10372
24.3593,1.10373
24.3608,1.10374
24.3623,1.10374
24.3638,1.10375
24.3653,1.10376
24.3668,1.10377
24.3683,1.10377
24.3698,1.10378
24.3713,1.10379
24.3728,1.10379
24.3743,1.1038
24.3758,1.1038
24.3773,1.10381
24.3788,1.10382
24.3803,1.10382
24.3818,1.10383
24.3833,1.10383
24.3848,1.10384
24.3863,1.10384
24.3878,1.10385
24.3893,1.10385
24.3908,1.10386
24.3923,1.10386
24.3938,1.10387
24.3953,1.10387
24.3968,1.10387
24.3983,1.10388
24.3998,1.10388
24.4013,1.10389
24.4028,1.10389
24.4043,1.10389
24.4058,1.10389
24.4073,1.10389
24.4088,1.1039
24.4103,1.1039
24.4118,1.1039
24.4133,1.1039
24.4148,1.1039
24.4163,1.1039
24.4178,1.1039
24.4193,1.1039
24.4208,1.1039
24.4223,1.1039
24.4238,1.1039
24.4253,1.1039
24.4268,1.1039
24.4283,1.1039
24.4298,1.10389
24.4313,1.10389
24.4328,1.10389
24.4343,1.10389
24.4358,1.10388
24.4373,1.10388
24.4388,1.10388
24.4403,1.10387
24.4418,1.10387
24.4433,1.10387
24.4448,1.10386
24.4463,1.10386
24.4478,1.10385
24.4493,1.10385
24.4508,1.10384
24.4523,1.10384
24.4538,1.10383
24.4553,1.10383
24.4568,1.10382
24.4583,1.10382
24.4598,1.10381
24.4613,1.10381
24.4628,1.1038
24.4643,1.1038
24.4658,1.10379
24.4673,1.10379
24.4688,1.10378
24.4702,1.10377
24.4717,1.10377
24.4732,1.10376
24.4747,1.10376
24.4762,1.10375
24.4777,1.10374
24.4792,1.10374
24.4807,1.10373
24.4822,1.10373
24.4837,1.10372
24.4852,1.10372
24.4867,1.10371
24.4882,1.1037
24.4897,1.1037
24.4912,1.10369
24.4927,1.10369
24.4942,1.10368
24.4957,1.10367
24.4972,1.10367
24.4987,1.10366
24.5002,1.10366
24.5017,1.10365
24.5032,1.10365
24.5047,1.10364
24.5062,1.10364
24.5077,1.10363
24.5092,1.10362
24.5107,1.10362
24.5122,1.10361
24.5137,1.10361
24.5152,1.1036
24.5167,1.1036
24.5182,1.10359
24.5197,1.10359
24.5212,1.10358
24.5227,1.10358
24.5242,1.10357
24.5257,1.10357
24.5272,1.10356
24.5287,1.10356
24.5302,1.10355
24.5317,1.10355
24.5332,1.10354
24.5347,1.10354
24.5362,1.10354
24.5377,1.10353
24.5392,1.10353
24.5407,1.10352
24.5422,1.10352
24.5437,1.10351
24.5452,1.10351
24.5467,1.10351
24.5482,1.1035
24.5497,1.1035
24.5512,1.10349
24.5527,1.10349
24.5542,1.10349
24.5557,1.10348
24.5572,1.10348
24.5587,1.10348
24.5602,1.10347
24.5617,1.10347
24.5632,1.10347
24.5647,1.10346
24.5662,1.10346
24.5677,1.10346
24.5692,1.10345
24.5707,1.10345
24.5722,1.10345
24.5737,1.10344
24.5752,1.10344
24.5767,1.10344
24.5782,1.10344
24.5797,1.10343
24.5812,1.10343
24.5827,1.10343
24.5842,1.10342
24.5857,1.10342
24.5872,1.10342
24.5887,1.10341
24.5902,1.10341
24.5917,1.10341
24.5932,1.1034
24.5947,1.1034
24.5962,1.1034
24.5977,1.10339
24.5992,1.10339
24.6007,1.10338
24.6022,1.10338
24.6037,1.10338
24.6052,1.10337
24.6067,1.10337
24.6082,1.10336
24.6097,1.10336
24.6112,1.10336
24.6127,1.10335
24.6142,1.10335
24.6157,1.10334
24.6172,1.10334
24.6187,1.10333
24.6202,1.10333
24.6217,1.10332
24.6232,1.10332
24.6247,1.10331
24.6262,1.10331
24.6277,1.1033
24.6292,1.1033
24.6307,1.10329
24.6322,1.10329
24.6337,1.10328
24.6352,1.10328
24.6367,1.10327
24.6382,1.10327
24.6397,1.10326
24.6412,1.10325
24.6427,1.10325
24.6442,1.10324
24.6457,1.10324
24.6472,1.10323
24.6487,1.10323
24.6502,1.10322
24.6516,1.10322
24.6531,1.10321
24.6546,1.1032
24.6561,1.1032
24.6576,1.10319
24.6591,1.10319
24.6606,1.10318
24.6621,1.10317
24.6636,1.10317
24.6651,1.10316
24.6666,1.10316
24.6681,1.10315
24.6696,1.10314
24.6711,1.10314
24.6726,1.10313
24.6741,1.10312
24.6756,1.10312
24.6771,1.10311
24.6786,1.10311
24.6801,1.1031
24.6816,1.10309
24.6831,1.10308
24.6846,1.10308
24.6861,1.10307
24.6876,1.10307
24.6891,1.10306
24.6906,1.10305
24.6921,1.10305
24.6936,1.10304
24.6951,1.10303
24.6966,1.10302
24.6981,1.10302
24.6996,1.10301
24.7011,1.10301
24.7026,1.103
24.7041,1.10299
24.7056,1.10299
24.7071,1.10298
24.7086,1.10297
24.7101,1.10297
24.7116,1.10296
24.7131,1.10296
24.7146,1.10295
24.7161,1.10295
24.7176,1.10295
24.7191,1.10294
24.7206,1.10294
24.7221,1.10294
24.7236,1.10294
24.7251,1.10294
24.7266,1.10294
24.7281,1.10294
24.7296,1.10294
24.7311,1.10294
24.7326,1.10295
24.7341,1.10295
24.7356,1.10296
24.7371,1.10296
24.7386,1.10297
24.7401,1.10298
24.7416,1.10299
24.7431,1.103
24.7446,1.10301
24.7461,1.10303
24.7476,1.10304
24.7491,1.10306
24.7506,1.10308
24.7521,1.1031
24.7536,1.10312
24.7551,1.10314
24.7566,1.10317
24.7581,1.10319
24.7596,1.10322
24.7611,1.10325
24.7626,1.10328
24.7641,1.10331
24.7656,1.10334
24.7671,1.10337
24.7686,1.10341
24.7701,1.10344
24.7716,1.10348
24.7731,1.10351
24.7746,1.10355
24.7761,1.10359
24.7776,1.10363
24.7791,1.10367
24.7806,1.1037
24.7821,1.10374
24.7836,1.10378
24.7851,1.10382
24.7866,1.10386
24.7881,1.10389
24.7896,1.10393
24.7911,1.10396
24.7926,1.104
24.7941,1.10403
24.7956,1.10406
24.7971,1.1041
24.7986,1.10413
24.8001,1.10416
24.8016,1.10418
24.8031,1.10421
24.8046,1.10423
24.8061,1.10426
24.8076,1.10428
24.8091,1.1043
24.8106,1.10432
24.8121,1.10434
24.8136,1.10435
24.8151,1.10437
24.8166,1.10438
24.8181,1.10439
24.8196,1.1044
24.8211,1.10441
24.8226,1.10442
24.8241,1.10442
24.8256,1.10442
24.8271,1.10443
24.8286,1.10443
24.8301,1.10443
24.8316,1.10443
24.833,1.10443
24.8345,1.10442
24.836,1.10442
24.8375,1.10441
24.839,1.1044
24.8405,1.1044
24.842,1.10439
24.8435,1.10438
24.845,1.10437
24.8465,1.10436
24.848,1.10435
24.8495,1.10435
24.851,1.10434
24.8525,1.10433
24.854,1.10432
24.8555,1.10431
24.857,1.1043
24.8585,1.10429
24.86,1.10428
24.8615,1.10427
24.863,1.10426
24.8645,1.10425
24.866,1.10424
24.8675,1.10423
24.869,1.10423
24.8705,1.10422
24.872,1.10421
24.8735,1.1042
24.875,1.1042
24.8765,1.10419
24.878,1.10418
24.8795,1.10418
24.881,1.10417
24.8825,1.10417
24.884,1.10416
24.8855,1.10416
24.887,1.10415
24.8885,1.10415
24.89,1.10415
24.8915,1.10414
24.893,1.10414
24.8945,1.10413
24.896,1.10413
24.8975,1.10413
24.899,1.10412
24.9005,1.10412
24.902,1.10411
24.9035,1.10411
24.905,1.1041
24.9065,1.1041
24.908,1.10409
24.9095,1.10409
24.911,1.10408
24.9125,1.10407
24.914,1.10407
24.9155,1.10406
24.917,1.10405
24.9185,1.10404
24.92,1.10403
24.9215,1.10402
24.923,1.10402
24.9245,1.10401
24.926,1.104
24.9275,1.10398
24.929,1.10397
24.9305,1.10396
24.932,1.10395
24.9335,1.10394
24.935,1.10392
24.9365,1.10391
24.938,1.1039
24.9395,1.10388
24.941,1.10387
24.9425,1.10385
24.944,1.10384
24.9455,1.10382
24.947,1.1038
24.9485,1.10379
24.95,1.10377
24.9515,1.10375
24.953,1.10374
24.9545,1.10372
24.956,1.1037
24.9575,1.10369
24.959,1.10367
24.9605,1.10365
24.962,1.10363
24.9635,1.10362
24.965,1.1036
24.9665,1.10358
24.968,1.10357
24.9695,1.10355
24.971,1.10353
24.9725,1.10351
24.974,1.1035
24.9755,1.10348
24.977,1.10347
24.9785,1.10345
24.98,1.10344
24.9815,1.10342
24.983,1.10341
24.9845,1.1034
24.986,1.10339
24.9875,1.10338
24.989,1.10337
24.9905,1.10336
24.992,1.10335
24.9935,1.10335
24.995,1.10334
24.9965,1.10334
24.998,1.10333
24.9995,1.10333
25.001,1.10333
25.0025,1.10333
25.004,1.10333
25.0055,1.10333
25.007,1.10333
25.0085,1.10333
25.01,1.10334
25.0115,1.10334
25.013,1.10335
25.0145,1.10336
25.0159,1.10336
25.0174,1.10337
25.0189,1.10338
25.0204,1.10339
25.0219,1.1034
25.0234,1.10341
25.0249,1.10342
25.0264,1.10343
25.0279,1.10345
25.0294,1.10346
25.0309,1.10347
25.0324,1.10348
25.0339,1.10349
25.0354,1.10351
25.0369,1.10352
25.0384,1.10353
25.0399,1.10354
25.0414,1.10354
25.0429,1.10355
25.0444,1.10356
25.0459,1.10357
25.0474,1.10358
25.0489,1.10358
25.0504,1.10359
25.0519,1.10359
25.0534,1.10359
25.0549,1.1036
25.0564,1.1036
25.0579,1.10359
25.0594,1.10359
25.0609,1.10359
25.0624,1.10358
25.0639,1.10358
25.0654,1.10357
25.0669,1.10356
25.0684,1.10355
25.0699,1.10354
25.0714,1.10353
25.0729,1.10352
25.0744,1.1035
25.0759,1.10349
25.0774,1.10347
25.0789,1.10345
25.0804,1.10343
25.0819,1.10342
25.0834,1.1034
25.0849,1.10338
25.0864,1.10335
25.0879,1.10333
25.0894,1.10331
25.0909,1.10329
25.0924,1.10327
25.0939,1.10324
25.0954,1.10322
25.0969,1.10319
25.0984,1.10317
25.0999,1.10315
25.1014,1.10312
25.1029,1.1031
25.1044,1.10308
25.1059,1.10305
25.1074,1.10303
25.1089,1.10301
25.1104,1.10299
25.1119,1.10297
25.1134,1.10295
25.1149,1.10293
25.1164,1.10291
25.1179,1.10288
25.1194,1.10287
25.1209,1.10285
25.1224,1.10283
25.1239,1.10282
25.1254,1.1028
25.1269,1.10278
25.1284,1.10277
25.1299,1.10276
25.1314,1.10274
25.1329,1.10273
25.1344,1.10272
25.1359,1.10271
25.1374,1.1027
25.1389,1.10269
25.1404,1.10268
25.1419,1.10267
25.1434,1.10267
25.1449,1.10266
25.1464,1.10265
25.1479,1.10264
25.1494,1.10264
25.1509,1.10263
25.1524,1.10262
25.1539,1.10261
25.1554,1.10261
25.1569,1.1026
25.1584,1.10259
25.1599,1.10258
25.1614,1.10258
25.1629,1.10257
25.1644,1.10256
25.1659,1.10255
25.1674,1.10254
25.1689,1.10253
25.1704,1.10252
25.1719,1.10251
25.1734,1.1025
25.1749,1.10249
25.1764,1.10248
25.1779,1.10246
25.1794,1.10245
25.1809,1.10243
25.1824,1.10242
25.1839,1.10241
25.1854,1.10239
25.1869,1.10237
25.1884,1.10236
25.1899,1.10234
25.1914,1.10232
25.1929,1.1023
25.1944,1.10228
25.1959,1.10226
25.1973,1.10225
25.1988,1.10223
25.2003,1.10221
25.2018,1.10219
25.2033,1.10217
25.2048,1.10215
25.2063,1.10213
25.2078,1.10211
25.2093,1.1021
25.2108,1.10208
25.2123,1.10206
25.2138,1.10205
25.2153,1.10203
25.2168,1.10201
25.2183,1.102
25.2198,1.10198
25.2213,1.10197
25.2228,1.10195
25.2243,1.10194
25.2258,1.10192
25.2273,1.10191
25.2288,1.1019
25.2303,1.10188
25.2318,1.10187
25.2333,1.10185
25.2348,1.10184
25.2363,1.10182
25.2378,1.10181
25.2393,1.10179
25.2408,1.10178
25.2423,1.10176
25.2438,1.10174
25.2453,1.10173
25.2468,1.10171
25.2483,1.10169
25.2498,1.10167
25.2513,1.10165
25.2528,1.10163
25.2543,1.1016
25.2558,1.10158
25.2573,1.10156
25.2588,1.10153
25.2603,1.1015
25.2618,1.10147
25.2633,1.10144
25.2648,1.10141
25.2663,1.10138
25.2678,1.10135
25.2693,1.10131
25.2708,1.10128
25.2723,1.10124
25.2738,1.1012
25.2753,1.10116
25.2768,1.10112
25.2783,1.10107
25.2798,1.10103
25.2813,1.10099
25.2828,1.10094
25.2843,1.1009
25.2858,1.10085
25.2873,1.1008
25.2888,1.10076
25.2903,1.10071
25.2918,1.10066
25.2933,1.10061
25.2948,1.10056
25.2963,1.10051
25.2978,1.10046
25.2993,1.10041
25.3008,1.10036
25.3023,1.10031
25.3038,1.10025
25.3053,1.1002
25.3068,1.10015
25.3083,1.1001
25.3098,1.10005
25.3113,1.1
25.3128,1.09995
25.3143,1.0999
25.3158,1.09985
25.3173,1.0998
25.3188,1.09975
25.3203,1.0997
25.3218,1.09965
25.3233,1.09961
25.3248,1.09956
25.3263,1.09951
25.3278,1.09946
25.3293,1.09942
25.3308,1.09937
25.3323,1.09933
25.3338,1.09928
25.3353,1.09923
25.3368,1.09919
25.3383,1.09915
25.3398,1.0991
25.3413,1.09906
25.3428,1.09902
25.3443,1.09898
25.3458,1.09894
25.3473,1.0989
25.3488,1.09886
25.3503,1.09882
25.3518,1.09878
25.3533,1.09874
25.3548,1.0987
25.3563,1.09866
25.3578,1.09863
25.3593,1.09859
25.3608,1.09856
25.3623,1.09852
25.3638,1.09849
25.3653,1.09845
25.3668,1.09842
25.3683,1.09839
25.3698,1.09836
25.3713,1.09833
25.3728,1.0983
25.3743,1.09827
25.3758,1.09824
25.3773,1.09821
25.3787,1.09819
25.3802,1.09816
25.3817,1.09814
25.3832,1.09811
25.3847,1.09809
25.3862,1.09807
25.3877,1.09805
25.3892,1.09803
25.3907,1.09801
25.3922,1.09799
25.3937,1.09797
25.3952,1.09795
25.3967,1.09793
25.3982,1.09792
25.3997,1.0979
25.4012,1.09789
25.4027,1.09788
25.4042,1.09787
25.4057,1.09786
25.4072,1.09785
25.4087,1.09784
25.4102,1.09783
25.4117,1.09782
25.4132,1.09781
25.4147,1.09781
25.4162,1.0978
25.4177,1.0978
25.4192,1.09779
25.4207,1.09779
25.4222,1.09778
25.4237,1.09778
25.4252,1.09778
25.4267,1.09777
25.4282,1.09777
25.4297,1.09776
25.4312,1.09776
25.4327,1.09776
25.4342,1.09775
25.4357,1.09775
25.4372,1.09774
25.4387,1.09774
25.4402,1.09773
25.4417,1.09773
25.4432,1.09772
25.4447,1.09772
25.4462,1.09771
25.4477,1.0977
25.4492,1.0977
25.4507,1.09769
25.4522,1.09768
25.4537,1.09768
25.4552,1.09767
25.4567,1.09766
25.4582,1.09765
25.4597,1.09765
25.4612,1.09764
25.4627,1.09763
25.4642,1.09762
25.4657,1.09761
25.4672,1.0976
25.4687,1.0976
25.4702,1.09759
25.4717,1.09758
25.4732,1.09757
25.4747,1.09756
25.4762,1.09755
25.4777,1.09754
25.4792,1.09753
25.4807,1.09752
25.4822,1.09752
25.4837,1.09751
25.4852,1.0975
25.4867,1.09749
25.4882,1.09748
25.4897,1.09747
25.4912,1.09746
25.4927,1.09745
25.4942,1.09744
25.4957,1.09743
25.4972,1.09742
25.4987,1.09741
25.5002,1.0974
25.5017,1.09738
25.5032,1.09737
25.5047,1.09736
25.5062,1.09735
25.5077,1.09734
25.5092,1.09733
25.5107,1.09732
25.5122,1.0973
25.5137,1.09729
25.5152,1.09728
25.5167,1.09727
25.5182,1.09725
25.5197,1.09724
25.5212,1.09723
25.5227,1.09721
25.5242,1.0972
25.5257,1.09719
25.5272,1.09718
25.5287,1.09717
25.5302,1.09716
25.5317,1.09715
25.5332,1.09714
25.5347,1.09713
25.5362,1.09712
25.5377,1.09711
25.5392,1.0971
25.5407,1.0971
25.5422,1.09709
25.5437,1.09709
25.5452,1.09708
25.5467,1.09708
25.5482,1.09708
25.5497,1.09707
25.5512,1.09707
25.5527,1.09707
25.5542,1.09707
25.5557,1.09707
25.5572,1.09706
25.5587,1.09706
25.5602,1.09706
25.5616,1.09705
25.5631,1.09705
25.5646,1.09704
25.5661,1.09703
25.5676,1.09703
25.5691,1.09702
25.5706,1.09701
25.5721,1.097
25.5736,1.09699
25.5751,1.09698
25.5766,1.09696
25.5781,1.09695
25.5796,1.09693
25.5811,1.09692
25.5826,1.0969
25.5841,1.09688
25.5856,1.09686
25.5871,1.09685
25.5886,1.09683
25.5901,1.09681
25.5916,1.09679
25.5931,1.09677
25.5946,1.09674
25.5961,1.09672
25.5976,1.0967
25.5991,1.09667
25.6006,1.09665
25.6021,1.09663
25.6036,1.0966
25.6051,1.09658
25.6066,1.09655
25.6081,1.09653
25.6096,1.0965
25.6111,1.09648
25.6126,1.09645
25.6141,1.09643
25.6156,1.0964
25.6171,1.09638
25.6186,1.09635
25.6201,1.09632
25.6216,1.0963
25.6231,1.09627
25.6246,1.09624
25.6261,1.09621
25.6276,1.09619
25.6291,1.09616
25.6306,1.09613
25.6321,1.0961
25.6336,1.09608
25.6351,1.09605
25.6366,1.09602
25.6381,1.09599
25.6396,1.09596
25.6411,1.09593
25.6426,1.0959
25.6441,1.09587
25.6456,1.09584
25.6471,1.09581
25.6486,1.09578
25.6501,1.09575
25.6516,1.09572
25.6531,1.09568
25.6546,1.09565
25.6561,1.09562
25.6576,1.09559
25.6591,1.09556
25.6606,1.09553
25.6621,1.09549
25.6636,1.09546
25.6651,1.09543
25.6666,1.0954
25.6681,1.09536
25.6696,1.09533
25.6711,1.0953
25.6726,1.09527
25.6741,1.09524
25.6756,1.0952
25.6771,1.09518
25.6786,1.09514
25.6801,1.09511
25.6816,1.09508
25.6831,1.09505
25.6846,1.09503
25.6861,1.095
25.6876,1.09497
25.6891,1.09494
25.6906,1.09491
25.6921,1.09489
25.6936,1.09486
25.6951,1.09484
25.6966,1.09481
25.6981,1.09479
25.6996,1.09476
25.7011,1.09474
25.7026,1.09472
25.7041,1.09469
25.7056,1.09467
25.7071,1.09465
25.7086,1.09463
25.7101,1.09461
25.7116,1.09459
25.7131,1.09457
25.7146,1.09455
25.7161,1.09454
25.7176,1.09452
25.7191,1.0945
25.7206,1.09449
25.7221,1.09447
25.7236,1.09445
25.7251,1.09444
25.7266,1.09443
25.7281,1.09441
25.7296,1.0944
25.7311,1.09439
25.7326,1.09438
25.7341,1.09436
25.7356,1.09435
25.7371,1.09434
25.7386,1.09433
25.7401,1.09432
25.7416,1.09431
25.743,1.0943
25.7445,1.0943
25.746,1.09429
25.7475,1.09428
25.749,1.09427
25.7505,1.09427
25.752,1.09426
25.7535,1.09425
25.755,1.09425
25.7565,1.09424
25.758,1.09424
25.7595,1.09423
25.761,1.09423
25.7625,1.09423
25.764,1.09422
25.7655,1.09422
25.767,1.09422
25.7685,1.09421
25.77,1.09421
25.7715,1.09421
25.773,1.09421
25.7745,1.09421
25.776,1.09421
25.7775,1.09421
25.779,1.09421
25.7805,1.09421
25.782,1.09421
25.7835,1.09421
25.785,1.09421
25.7865,1.09421
25.788,1.09421
25.7895,1.09422
25.791,1.09422
25.7925,1.09422
25.794,1.09423
25.7955,1.09423
25.797,1.09423
25.7985,1.09424
25.8,1.09424
25.8015,1.09425
25.803,1.09425
25.8045,1.09426
25.806,1.09426
25.8075,1.09427
25.809,1.09427
25.8105,1.09428
25.812,1.09429
25.8135,1.09429
25.815,1.0943
25.8165,1.09431
25.818,1.09432
25.8195,1.09432
25.821,1.09433
25.8225,1.09434
25.824,1.09435
25.8255,1.09436
25.827,1.09437
25.8285,1.09438
25.83,1.09439
25.8315,1.0944
25.833,1.09441
25.8345,1.09442
25.836,1.09443
25.8375,1.09444
25.839,1.09445
25.8405,1.09446
25.842,1.09447
25.8435,1.09448
25.845,1.09449
25.8465,1.0945
25.848,1.09451
25.8495,1.09452
25.851,1.09453
25.8525,1.09454
25.854,1.09456
25.8555,1.09457
25.857,1.09458
25.8585,1.09459
25.86,1.0946
25.8615,1.09461
25.863,1.09463
25.8645,1.09464
25.866,1.09465
25.8675,1.09466
25.869,1.09467
25.8705,1.09468
25.872,1.0947
25.8735,1.09471
25.875,1.09472
25.8765,1.09473
25.878,1.09475
25.8795,1.09476
25.881,1.09477
25.8825,1.09478
25.884,1.09479
25.8855,1.0948
25.887,1.09482
25.8885,1.09483
25.89,1.09484
25.8915,1.09485
25.893,1.09487
25.8945,1.09488
25.896,1.09489
25.8975,1.0949
25.899,1.09491
25.9005,1.09493
25.902,1.09494
25.9035,1.09495
25.905,1.09496
25.9065,1.09497
25.908,1.09499
25.9095,1.095
25.911,1.09501
25.9125,1.09502
25.914,1.09503
25.9155,1.09504
25.917,1.09506
25.9185,1.09507
25.92,1.09508
25.9215,1.09509
25.923,1.0951
25.9244,1.09511
25.9259,1.09512
25.9274,1.09513
25.9289,1.09514
25.9304,1.09516
25.9319,1.09517
25.9334,1.09518
25.9349,1.09519
25.9364,1.0952
25.9379,1.09521
25.9394,1.09522
25.9409,1.09523
25.9424,1.09524
25.9439,1.09525
25.9454,1.09526
25.9469,1.09527
25.9484,1.09528
25.9499,1.09529
25.9514,1.0953
25.9529,1.0953
25.9544,1.09531
25.9559,1.09532
25.9574,1.09533
25.9589,1.09534
25.9604,1.09535
25.9619,1.09536
25.9634,1.09537
25.9649,1.09537
25.9664,1.09538
25.9679,1.09539
25.9694,1.0954
25.9709,1.09541
25.9724,1.09542
25.9739,1.09542
25.9754,1.09543
25.9769,1.09544
25.9784,1.09545
25.9799,1.09546
25.9814,1.09546
25.9829,1.09547
25.9844,1.09548
25.9859,1.09549
25.9874,1.09549
25.9889,1.0955
25.9904,1.09551
25.9919,1.09552
25.9934,1.09552
25.9949,1.09553
25.9964,1.09554
25.9979,1.09555
25.9994,1.09555
26.0009,1.09556
26.0024,1.09557
26.0039,1.09557
26.0054,1.09558
26.0069,1.09559
26.0084,1.09559
26.0099,1.0956
26.0114,1.09561
26.0129,1.09562
26.0144,1.09562
26.0159,1.09563
26.0174,1.09564
26.0189,1.09564
26.0204,1.09565
26.0219,1.09566
26.0234,1.09567
26.0249,1.09567
26.0264,1.09568
26.0279,1.09569
26.0294,1.09569
26.0309,1.0957
26.0324,1.09571
26.0339,1.09571
26.0354,1.09572
26.0369,1.09573
26.0384,1.09573
26.0399,1.09574
26.0414,1.09575
26.0429,1.09576
26.0444,1.09576
26.0459,1.09577
26.0474,1.09578
26.0489,1.09579
26.0504,1.09579
26.0519,1.0958
26.0534,1.09581
26.0549,1.09581
26.0564,1.09582
26.0579,1.09583
26.0594,1.09584
26.0609,1.09584
26.0624,1.09585
26.0639,1.09586
26.0654,1.09587
26.0669,1.09587
26.0684,1.09588
26.0699,1.09589
26.0714,1.0959
26.0729,1.0959
26.0744,1.09591
26.0759,1.09592
26.0774,1.09593
26.0789,1.09593
26.0804,1.09594
26.0819,1.09595
26.0834,1.09596
26.0849,1.09596
26.0864,1.09597
26.0879,1.09598
26.0894,1.09598
26.0909,1.09599
26.0924,1.096
26.0939,1.09601
26.0954,1.09601
26.0969,1.09602
26.0984,1.09603
26.0999,1.09603
26.1014,1.09604
26.1029,1.09605
26.1044,1.09605
26.1059,1.09606
26.1073,1.09607
26.1088,1.09607
26.1103,1.09608
26.1118,1.09609
26.1133,1.09609
26.1148,1.0961
26.1163,1.0961
26.1178,1.09611
26.1193,1.09612
26.1208,1.09612
26.1223,1.09613
26.1238,1.09613
26.1253,1.09614
26.1268,1.09615
26.1283,1.09615
26.1298,1.09616
26.1313,1.09616
26.1328,1.09617
26.1343,1.09617
26.1358,1.09618
26.1373,1.09618
26.1388,1.09619
26.1403,1.09619
26.1418,1.0962
26.1433,1.0962
26.1448,1.09621
26.1463,1.09622
26.1478,1.09622
26.1493,1.09623
26.1508,1.09623
26.1523,1.09623
26.1538,1.09624
26.1553,1.09625
26.1568,1.09625
26.1583,1.09626
26.1598,1.09626
26.1613,1.09626
26.1628,1.09627
26.1643,1.09628
26.1658,1.09628
26.1673,1.09628
26.1688,1.09629
26.1703,1.09629
26.1718,1.0963
26.1733,1.0963
26.1748,1.09631
26.1763,1.09631
26.1778,1.09632
26.1793,1.09632
26.1808,1.09633
26.1823,1.09633
26.1838,1.09634
26.1853,1.09634
26.1868,1.09635
26.1883,1.09635
26.1898,1.09636
26.1913,1.09637
26.1928,1.09637
26.1943,1.09638
26.1958,1.09638
26.1973,1.09639
26.1988,1.09639
26.2003,1.0964
26.2018,1.0964
26.2033,1.09641
26.2048,1.09641
26.2063,1.09642
26.2078,1.09643
26.2093,1.09643
26.2108,1.09644
26.2123,1.09644
26.2138,1.09645
26.2153,1.09645
26.2168,1.09646
26.2183,1.09647
26.2198,1.09647
26.2213,1.09648
26.2228,1.09649
26.2243,1.09649
26.2258,1.0965
26.2273,1.0965
26.2288,1.09651
26.2303,1.09652
26.2318,1.09652
26.2333,1.09653
26.2348,1.09654
26.2363,1.09654
26.2378,1.09655
26.2393,1.09655
26.2408,1.09656
26.2423,1.09657
26.2438,1.09657
26.2453,1.09658
26.2468,1.09658
26.2483,1.09659
26.2498,1.09659
26.2513,1.0966
26.2528,1.09661
26.2543,1.09661
26.2558,1.09662
26.2573,1.09663
26.2588,1.09663
26.2603,1.09664
26.2618,1.09664
26.2633,1.09665
26.2648,1.09665
26.2663,1.09666
26.2678,1.09667
26.2693,1.09667
26.2708,1.09668
26.2723,1.09668
26.2738,1.09669
26.2753,1.09669
26.2768,1.0967
26.2783,1.09671
26.2798,1.09671
26.2813,1.09672
26.2828,1.09672
26.2843,1.09673
26.2858,1.09673
26.2873,1.09674
26.2887,1.09674
26.2902,1.09675
26.2917,1.09675
26.2932,1.09676
26.2947,1.09676
26.2962,1.09677
26.2977,1.09678
26.2992,1.09678
26.3007,1.09679
26.3022,1.09679
26.3037,1.0968
26.3052,1.0968
26.3067,1.0968
26.3082,1.09681
26.3097,1.09682
26.3112,1.09682
26.3127,1.09683
26.3142,1.09683
26.3157,1.09683
26.3172,1.09684
26.3187,1.09684
26.3202,1.09685
26.3217,1.09685
26.3232,1.09686
26.3247,1.09686
26.3262,1.09687
26.3277,1.09687
26.3292,1.09688
26.3307,1.09688
26.3322,1.09689
26.3337,1.09689
26.3352,1.0969
26.3367,1.0969
26.3382,1.09691
26.3397,1.09691
26.3412,1.09692
26.3427,1.09692
26.3442,1.09693
26.3457,1.09693
26.3472,1.09694
26.3487,1.09694
26.3502,1.09695
26.3517,1.09695
26.3532,1.09696
26.3547,1.09697
26.3562,1.09697
26.3577,1.09698
26.3592,1.09699
26.3607,1.09699
26.3622,1.097
26.3637,1.097
26.3652,1.09701
26.3667,1.09702
26.3682,1.09702
26.3697,1.09703
26.3712,1.09704
26.3727,1.09705
26.3742,1.09705
26.3757,1.09706
26.3772,1.09707
26.3787,1.09707
26.3802,1.09708
26.3817,1.09709
26.3832,1.0971
26.3847,1.09711
26.3862,1.09711
26.3877,1.09712
26.3892,1.09713
26.3907,1.09714
26.3922,1.09715
26.3937,1.09716
26.3952,1.09717
26.3967,1.09717
26.3982,1.09718
26.3997,1.09719
26.4012,1.0972
26.4027,1.09721
26.4042,1.09722
26.4057,1.09723
26.4072,1.09724
26.4087,1.09724
26.4102,1.09725
26.4117,1.09726
26.4132,1.09727
26.4147,1.09728
26.4162,1.09729
26.4177,1.0973
26.4192,1.09731
26.4207,1.09732
26.4222,1.09733
26.4237,1.09734
26.4252,1.09735
26.4267,1.09736
26.4282,1.09737
26.4297,1.09738
26.4312,1.09739
26.4327,1.0974
26.4342,1.09741
26.4357,1.09742
26.4372,1.09744
26.4387,1.09745
26.4402,1.09746
26.4417,1.09747
26.4432,1.09748
26.4447,1.09749
26.4462,1.0975
26.4477,1.09752
26.4492,1.09753
26.4507,1.09754
26.4522,1.09755
26.4537,1.09756
26.4552,1.09757
26.4567,1.09759
26.4582,1.0976
26.4597,1.09761
26.4612,1.09762
26.4627,1.09763
26.4642,1.09765
26.4657,1.09766
26.4672,1.09767
26.4687,1.09769
26.4701,1.0977
26.4716,1.09771
26.4731,1.09772
26.4746,1.09774
26.4761,1.09775
26.4776,1.09776
26.4791,1.09778
26.4806,1.09779
26.4821,1.0978
26.4836,1.09782
26.4851,1.09783
26.4866,1.09785
26.4881,1.09786
26.4896,1.09788
26.4911,1.09789
26.4926,1.0979
26.4941,1.09792
26.4956,1.09793
26.4971,1.09795
26.4986,1.09796
26.5001,1.09798
26.5016,1.098
26.5031,1.09801
26.5046,1.09803
26.5061,1.09804
26.5076,1.09806
26.5091,1.09807
26.5106,1.09809
26.5121,1.0981
26.5136,1.09812
26.5151,1.09814
26.5166,1.09815
26.5181,1.09817
26.5196,1.09818
26.5211,1.0982
26.5226,1.09822
26.5241,1.09824
26.5256,1.09825
26.5271,1.09827
26.5286,1.09829
26.5301,1.09831
26.5316,1.09832
26.5331,1.09834
26.5346,1.09836
26.5361,1.09838
26.5376,1.0984
26.5391,1.09842
26.5406,1.09844
26.5421,1.09845
26.5436,1.09847
26.5451,1.0985
26.5466,1.09852
26.5481,1.09854
26.5496,1.09856
26.5511,1.09858
26.5526,1.0986
26.5541,1.09862
26.5556,1.09864
26.5571,1.09867
26.5586,1.09869
26.5601,1.09871
26.5616,1.09874
26.5631,1.09876
26.5646,1.09878
26.5661,1.09881
26.5676,1.09883
26.5691,1.09886
26.5706,1.09889
26.5721,1.09891
26.5736,1.09894
26.5751,1.09897
26.5766,1.09899
26.5781,1.09902
26.5796,1.09905
26.5811,1.09908
26.5826,1.09911
26.5841,1.09914
26.5856,1.09917
26.5871,1.0992
26.5886,1.09923
26.5901,1.09926
26.5916,1.09929
26.5931,1.09932
26.5946,1.09936
26.5961,1.09939
26.5976,1.09942
26.5991,1.09945
26.6006,1.09949
26.6021,1.09952
26.6036,1.09956
26.6051,1.09959
26.6066,1.09962
26.6081,1.09966
26.6096,1.09969
26.6111,1.09973
26.6126,1.09976
26.6141,1.0998
26.6156,1.09983
26.6171,1.09986
26.6186,1.0999
26.6201,1.09993
26.6216,1.09997
26.6231,1.1
26.6246,1.10004
26.6261,1.10007
26.6276,1.1001
26.6291,1.10014
26.6306,1.10017
26.6321,1.1002
26.6336,1.10024
26.6351,1.10027
26.6366,1.1003
26.6381,1.10033
26.6396,1.10036
26.6411,1.10039
26.6426,1.10042
26.6441,1.10045
26.6456,1.10048
26.6471,1.10051
26.6486,1.10054
26.6501,1.10056
26.6516,1.10059
26.653,1.10062
26.6545,1.10064
26.656,1.10067
26.6575,1.1007
26.659,1.10072
26.6605,1.10075
26.662,1.10077
26.6635,1.1008
26.665,1.10082
26.6665,1.10085
26.668,1.10087
26.6695,1.1009
26.671,1.10092
26.6725,1.10094
26.674,1.10097
26.6755,1.10099
26.677,1.10101
26.6785,1.10104
26.68,1.10106
26.6815,1.10108
26.683,1.10111
26.6845,1.10113
26.686,1.10115
26.6875,1.10118
26.689,1.1012
26.6905,1.10122
26.692,1.10125
26.6935,1.10127
26.695,1.10129
26.6965,1.10131
26.698,1.10134
26.6995,1.10136
26.701,1.10139
26.7025,1.10141
26.704,1.10143
26.7055,1.10146
26.707,1.10148
26.7085,1.10151
26.71,1.10153
26.7115,1.10156
26.713,1.10158
26.7145,1.10161
26.716,1.10163
26.7175,1.10165
26.719,1.10168
26.7205,1.1017
26.722,1.10173
26.7235,1.10175
26.725,1.10178
26.7265,1.1018
26.728,1.10183
26.7295,1.10185
26.731,1.10188
26.7325,1.1019
26.734,1.10193
26.7355,1.10196
26.737,1.10198
26.7385,1.10201
26.74,1.10203
26.7415,1.10206
26.743,1.10209
26.7445,1.10211
26.746,1.10214
26.7475,1.10217
26.749,1.10219
26.7505,1.10222
26.752,1.10225
26.7535,1.10227
26.755,1.1023
26.7565,1.10233
26.758,1.10235
26.7595,1.10238
26.761,1.10241
26.7625,1.10244
26.764,1.10247
26.7655,1.1025
26.767,1.10252
26.7685,1.10255
26.77,1.10258
26.7715,1.10261
26.773,1.10264
26.7745,1.10267
26.776,1.1027
26.7775,1.10273
26.779,1.10275
26.7805,1.10278
26.782,1.10281
26.7835,1.10284
26.785,1.10287
26.7865,1.1029
26.788,1.10293
26.7895,1.10296
26.791,1.10299
26.7925,1.10302
26.794,1.10305
26.7955,1.10307
26.797,1.1031
26.7985,1.10313
26.8,1.10316
26.8015,1.10319
26.803,1.10322
26.8045,1.10325
26.806,1.10327
26.8075,1.1033
26.809,1.10333
26.8105,1.10336
26.812,1.10339
26.8135,1.10341
26.815,1.10344
26.8165,1.10347
26.818,1.1035
26.8195,1.10352
26.821,1.10355
26.8225,1.10358
26.824,1.1036
26.8255,1.10363
26.827,1.10365
26.8285,1.10368
26.83,1.10371
26.8315,1.10373
26.833,1.10376
26.8344,1.10378
26.8359,1.10381
26.8374,1.10383
26.8389,1.10385
26.8404,1.10388
26.8419,1.10391
26.8434,1.10393
26.8449,1.10395
26.8464,1.10398
26.8479,1.104
26.8494,1.10402
26.8509,1.10405
26.8524,1.10407
26.8539,1.10409
26.8554,1.10412
26.8569,1.10414
26.8584,1.10416
26.8599,1.10419
26.8614,1.10421
26.8629,1.10423
26.8644,1.10425
26.8659,1.10427
26.8674,1.1043
26.8689,1.10432
26.8704,1.10434
26.8719,1.10437
26.8734,1.10439
26.8749,1.10441
26.8764,1.10443
26.8779,1.10445
26.8794,1.10448
26.8809,1.1045
26.8824,1.10452
26.8839,1.10454
26.8854,1.10457
26.8869,1.10459
26.8884,1.10461
26.8899,1.10463
26.8914,1.10466
26.8929,1.10468
26.8944,1.1047
26.8959,1.10472
26.8974,1.10475
26.8989,1.10477
26.9004,1.10479
26.9019,1.10481
26.9034,1.10484
26.9049,1.10486
26.9064,1.10488
26.9079,1.1049
26.9094,1.10492
26.9109,1.10494
26.9124,1.10497
26.9139,1.10499
26.9154,1.10501
26.9169,1.10503
26.9184,1.10506
26.9199,1.10508
26.9214,1.1051
26.9229,1.10512
26.9244,1.10514
26.9259,1.10516
26.9274,1.10518
26.9289,1.1052
26.9304,1.10522
26.9319,1.10524
26.9334,1.10526
26.9349,1.10528
26.9364,1.1053
26.9379,1.10532
26.9394,1.10534
26.9409,1.10536
26.9424,1.10538
26.9439,1.1054
26.9454,1.10541
26.9469,1.10543
26.9484,1.10545
26.9499,1.10547
26.9514,1.10549
26.9529,1.10551
26.9544,1.10552
26.9559,1.10554
26.9574,1.10556
26.9589,1.10558
26.9604,1.1056
26.9619,1.10561
26.9634,1.10563
26.9649,1.10565
26.9664,1.10567
26.9679,1.10569
26.9694,1.10571
26.9709,1.10573
26.9724,1.10575
26.9739,1.10577
26.9754,1.10579
26.9769,1.10581
26.9784,1.10584
26.9799,1.10586
26.9814,1.10588
26.9829,1.10591
26.9844,1.10593
26.9859,1.10596
26.9874,1.10598
26.9889,1.10601
26.9904,1.10604
26.9919,1.10607
26.9934,1.1061
26.9949,1.10612
26.9964,1.10615
26.9979,1.10619
26.9994,1.10622
27.0009,1.10625
27.0024,1.10629
27.0039,1.10632
27.0054,1.10636
27.0069,1.10639
27.0084,1.10643
27.0099,1.10647
27.0114,1.10651
27.0129,1.10655
27.0144,1.10659
27.0159,1.10663
27.0173,1.10667
27.0188,1.10671
27.0203,1.10675
27.0218,1.10679
27.0233,1.10683
27.0248,1.10687
27.0263,1.10691
27.0278,1.10695
27.0293,1.10699
27.0308,1.10703
27.0323,1.10707
27.0338,1.10711
27.0353,1.10715
27.0368,1.10719
27.0383,1.10722
27.0398,1.10726
27.0413,1.10729
27.0428,1.10733
27.0443,1.10736
27.0458,1.1074
27.0473,1.10743
27.0488,1.10746
27.0503,1.10749
27.0518,1.10752
27.0533,1.10755
27.0548,1.10757
27.0563,1.1076
27.0578,1.10762
27.0593,1.10765
27.0608,1.10767
27.0623,1.10769
27.0638,1.10771
27.0653,1.10772
27.0668,1.10774
27.0683,1.10776
27.0698,1.10777
27.0713,1.10778
27.0728,1.10779
27.0743,1.1078
27.0758,1.10781
27.0773,1.10782
27.0788,1.10783
27.0803,1.10783
27.0818,1.10784
27.0833,1.10784
27.0848,1.10784
27.0863,1.10785
27.0878,1.10785
27.0893,1.10785
27.0908,1.10785
27.0923,1.10785
27.0938,1.10785
27.0953,1.10785
27.0968,1.10784
27.0983,1.10784
27.0998,1.10784
27.1013,1.10784
27.1028,1.10783
27.1043,1.10783
27.1058,1.10782
27.1073,1.10782
27.1088,1.10782
27.1103,1.10781
27.1118,1.10781
27.1133,1.1078
27.1148,1.1078
27.1163,1.10779
27.1178,1.10779
27.1193,1.10778
27.1208,1.10778
27.1223,1.10778
27.1238,1.10777
27.1253,1.10777
27.1268,1.10777
27.1283,1.10777
27.1298,1.10776
27.1313,1.10776
27.1328,1.10776
27.1343,1.10776
27.1358,1.10776
27.1373,1.10776
27.1388,1.10776
27.1403,1.10776
27.1418,1.10776
27.1433,1.10777
27.1448,1.10777
27.1463,1.10777
27.1478,1.10778
27.1493,1.10778
27.1508,1.10779
27.1523,1.10779
27.1538,1.1078
27.1553,1.10781
27.1568,1.10782
27.1583,1.10782
27.1598,1.10783
27.1613,1.10784
27.1628,1.10785
27.1643,1.10786
27.1658,1.10787
27.1673,1.10788
27.1688,1.10789
27.1703,1.10791
27.1718,1.10792
27.1733,1.10793
27.1748,1.10794
27.1763,1.10796
27.1778,1.10797
27.1793,1.10799
27.1808,1.108
27.1823,1.10801
27.1838,1.10803
27.1853,1.10805
27.1868,1.10806
27.1883,1.10808
27.1898,1.10809
27.1913,1.10811
27.1928,1.10813
27.1943,1.10814
27.1958,1.10816
27.1973,1.10818
27.1987,1.10819
27.2002,1.10821
27.2017,1.10823
27.2032,1.10825
27.2047,1.10827
27.2062,1.10828
27.2077,1.1083
27.2092,1.10832
27.2107,1.10834
27.2122,1.10835
27.2137,1.10837
27.2152,1.10839
27.2167,1.10841
27.2182,1.10842
27.2197,1.10844
27.2212,1.10846
27.2227,1.10847
27.2242,1.10849
27.2257,1.1085
27.2272,1.10852
27.2287,1.10854
27.2302,1.10855
27.2317,1.10857
27.2332,1.10858
27.2347,1.1086
27.2362,1.10861
27.2377,1.10863
27.2392,1.10864
27.2407,1.10865
27.2422,1.10867
27.2437,1.10868
27.2452,1.10869
27.2467,1.1087
27.2482,1.10871
27.2497,1.10872
27.2512,1.10874
27.2527,1.10875
27.2542,1.10876
27.2557,1.10877
27.2572,1.10878
27.2587,1.10878
27.2602,1.10879
27.2617,1.1088
27.2632,1.10881
27.2647,1.10882
27.2662,1.10883
27.2677,1.10884
27.2692,1.10884
27.2707,1.10885
27.2722,1.10886
27.2737,1.10887
27.2752,1.10888
27.2767,1.10889
27.2782,1.10889
27.2797,1.1089
27.2812,1.10891
27.2827,1.10892
27.2842,1.10893
27.2857,1.10894
27.2872,1.10895
27.2887,1.10896
27.2902,1.10897
27.2917,1.10898
27.2932,1.10899
27.2947,1.109
27.2962,1.10901
27.2977,1.10903
27.2992,1.10904
27.3007,1.10905
27.3022,1.10907
27.3037,1.10908
27.3052,1.1091
27.3067,1.10911
27.3082,1.10913
27.3097,1.10915
27.3112,1.10917
27.3127,1.10919
27.3142,1.10921
27.3157,1.10923
27.3172,1.10925
27.3187,1.10927
27.3202,1.1093
27.3217,1.10932
27.3232,1.10934
27.3247,1.10937
27.3262,1.1094
27.3277,1.10943
27.3292,1.10945
27.3307,1.10948
27.3322,1.10952
27.3337,1.10955
27.3352,1.10958
27.3367,1.10961
27.3382,1.10965
27.3397,1.10968
27.3412,1.10972
27.3427,1.10976
27.3442,1.10979
27.3457,1.10983
27.3472,1.10987
27.3487,1.10991
27.3502,1.10995
27.3517,1.10999
27.3532,1.11004
27.3547,1.11008
27.3562,1.11013
27.3577,1.11017
27.3592,1.11022
27.3607,1.11026
27.3622,1.11031
27.3637,1.11036
27.3652,1.1104
27.3667,1.11045
27.3682,1.1105
27.3697,1.11055
27.3712,1.1106
27.3727,1.11065
27.3742,1.1107
27.3757,1.11075
27.3772,1.1108
27.3787,1.11085
27.3801,1.1109
27.3816,1.11095
27.3831,1.111
27.3846,1.11106
27.3861,1.11111
27.3876,1.11116
27.3891,1.11121
27.3906,1.11126
27.3921,1.11131
27.3936,1.11136
27.3951,1.11141
27.3966,1.11146
27.3981,1.11151
27.3996,1.11156
27.4011,1.11161
27.4026,1.11166
27.4041,1.11171
27.4056,1.11176
27.4071,1.1118
27.4086,1.11185
27.4101,1.1119
27.4116,1.11195
27.4131,1.11199
27.4146,1.11204
27.4161,1.11208
27.4176,1.11213
27.4191,1.11218
27.4206,1.11222
27.4221,1.11226
27.4236,1.11231
27.4251,1.11235
27.4266,1.11239
27.4281,1.11243
27.4296,1.11247
27.4311,1.11252
27.4326,1.11256
27.4341,1.1126
27.4356,1.11264
27.4371,1.11268
27.4386,1.11272
27.4401,1.11276
27.4416,1.1128
27.4431,1.11284
27.4446,1.11288
27.4461,1.11292
27.4476,1.11295
27.4491,1.11299
27.4506,1.11303
27.4521,1.11307
27.4536,1.11311
27.4551,1.11314
27.4566,1.11318
27.4581,1.11322
27.4596,1.11325
27.4611,1.11329
27.4626,1.11333
27.4641,1.11337
27.4656,1.1134
27.4671,1.11344
27.4686,1.11348
27.4701,1.11352
27.4716,1.11355
27.4731,1.11359
27.4746,1.11363
27.4761,1.11367
27.4776,1.11371
27.4791,1.11375
27.4806,1.11379
27.4821,1.11383
27.4836,1.11387
27.4851,1.11391
27.4866,1.11395
27.4881,1.11399
27.4896,1.11403
27.4911,1.11408
27.4926,1.11412
27.4941,1.11416
27.4956,1.11421
27.4971,1.11425
27.4986,1.1143
27.5001,1.11434
27.5016,1.11439
27.5031,1.11444
27.5046,1.11449
27.5061,1.11454
27.5076,1.11458
27.5091,1.11464
27.5106,1.11469
27.5121,1.11474
27.5136,1.11479
27.5151,1.11484
27.5166,1.11489
27.5181,1.11494
27.5196,1.115
27.5211,1.11505
27.5226,1.1151
27.5241,1.11515
27.5256,1.11521
27.5271,1.11526
27.5286,1.11531
27.5301,1.11536
27.5316,1.11541
27.5331,1.11546
27.5346,1.11551
27.5361,1.11556
27.5376,1.11561
27.5391,1.11566
27.5406,1.11571
27.5421,1.11576
27.5436,1.11581
27.5451,1.11586
27.5466,1.1159
27.5481,1.11595
27.5496,1.116
27.5511,1.11604
27.5526,1.11609
27.5541,1.11613
27.5556,1.11617
27.5571,1.11622
27.5586,1.11626
27.5601,1.1163
27.5616,1.11635
27.563,1.11639
27.5645,1.11643
27.566,1.11647
27.5675,1.11651
27.569,1.11655
27.5705,1.11659
27.572,1.11663
27.5735,1.11667
27.575,1.11671
27.5765,1.11675
27.578,1.11679
27.5795,1.11683
27.581,1.11687
27.5825,1.11691
27.584,1.11695
27.5855,1.11699
27.587,1.11703
27.5885,1.11707
27.59,1.11711
27.5915,1.11715
27.593,1.11718
27.5945,1.11722
27.596,1.11726
27.5975,1.1173
27.599,1.11734
27.6005,1.11738
27.602,1.11742
27.6035,1.11745
27.605,1.11749
27.6065,1.11753
27.608,1.11757
27.6095,1.1176
27.611,1.11764
27.6125,1.11767
27.614,1.11771
27.6155,1.11774
27.617,1.11778
27.6185,1.11781
27.62,1.11784
27.6215,1.11787
27.623,1.11791
27.6245,1.11794
27.626,1.11796
27.6275,1.11799
27.629,1.11802
27.6305,1.11805
27.632,1.11807
27.6335,1.1181
27.635,1.11812
27.6365,1.11814
27.638,1.11816
27.6395,1.11819
27.641,1.1182
27.6425,1.11822
27.644,1.11824
27.6455,1.11826
27.647,1.11827
27.6485,1.11829
27.65,1.1183
27.6515,1.11831
27.653,1.11832
27.6545,1.11833
27.656,1.11834
27.6575,1.11835
27.659,1.11835
27.6605,1.11836
27.662,1.11836
27.6635,1.11836
27.665,1.11837
27.6665,1.11837
27.668,1.11837
27.6695,1.11837
27.671,1.11837
27.6725,1.11837
27.674,1.11836
27.6755,1.11836
27.677,1.11835
27.6785,1.11835
27.68,1.11834
27.6815,1.11833
27.683,1.11832
27.6845,1.11831
27.686,1.11831
27.6875,1.1183
27.689,1.11828
27.6905,1.11827
27.692,1.11826
27.6935,1.11825
27.695,1.11823
27.6965,1.11822
27.698,1.11821
27.6995,1.11819
27.701,1.11818
27.7025,1.11816
27.704,1.11815
27.7055,1.11813
27.707,1.11811
27.7085,1.1181
27.71,1.11808
27.7115,1.11807
27.713,1.11805
27.7145,1.11804
27.716,1.11802
27.7175,1.118
27.719,1.11798
27.7205,1.11797
27.722,1.11795
27.7235,1.11793
27.725,1.11792
27.7265,1.1179
27.728,1.11788
27.7295,1.11787
27.731,1.11785
27.7325,1.11784
27.734,1.11782
27.7355,1.11781
27.737,1.11779
27.7385,1.11778
27.74,1.11776
27.7415,1.11775
27.743,1.11774
27.7444,1.11772
27.7459,1.11771
27.7474,1.11769
27.7489,1.11768
27.7504,1.11767
27.7519,1.11766
27.7534,1.11764
27.7549,1.11763
27.7564,1.11762
27.7579,1.1176
27.7594,1.11759
27.7609,1.11758
27.7624,1.11757
27.7639,1.11755
27.7654,1.11754
27.7669,1.11753
27.7684,1.11752
27.7699,1.1175
27.7714,1.11749
27.7729,1.11748
27.7744,1.11746
27.7759,1.11745
27.7774,1.11744
27.7789,1.11742
27.7804,1.11741
27.7819,1.1174
27.7834,1.11738
27.7849,1.11737
27.7864,1.11735
27.7879,1.11734
27.7894,1.11732
27.7909,1.11731
27.7924,1.11729
27.7939,1.11728
27.7954,1.11726
27.7969,1.11724
27.7984,1.11723
27.7999,1.11721
27.8014,1.1172
27.8029,1.11718
27.8044,1.11716
27.8059,1.11715
27.8074,1.11713
27.8089,1.11711
27.8104,1.1171
27.8119,1.11708
27.8134,1.11706
27.8149,1.11704
27.8164,1.11703
27.8179,1.11701
27.8194,1.11699
27.8209,1.11697
27.8224,1.11696
27.8239,1.11694
27.8254,1.11692
27.8269,1.1169
27.8284,1.11688
27.8299,1.11686
27.8314,1.11685
27.8329,1.11683
27.8344,1.11681
27.8359,1.11679
27.8374,1.11677
27.8389,1.11675
27.8404,1.11673
27.8419,1.11671
27.8434,1.1167
27.8449,1.11668
27.8464,1.11666
27.8479,1.11664
27.8494,1.11662
27.8509,1.1166
27.8524,1.11658
27.8539,1.11656
27.8554,1.11654
27.8569,1.11652
27.8584,1.1165
27.8599,1.11648
27.8614,1.11646
27.8629,1.11644
27.8644,1.11642
27.8659,1.1164
27.8674,1.11637
27.8689,1.11635
27.8704,1.11633
27.8719,1.11631
27.8734,1.11629
27.8749,1.11626
27.8764,1.11624
27.8779,1.11621
27.8794,1.11619
27.8809,1.11617
27.8824,1.11614
27.8839,1.11612
27.8854,1.11609
27.8869,1.11607
27.8884,1.11604
27.8899,1.11601
27.8914,1.11599
27.8929,1.11596
27.8944,1.11593
27.8959,1.11591
27.8974,1.11588
27.8989,1.11585
27.9004,1.11582
27.9019,1.11579
27.9034,1.11576
27.9049,1.11573
27.9064,1.1157
27.9079,1.11567
27.9094,1.11564
27.9109,1.11561
27.9124,1.11557
27.9139,1.11554
27.9154,1.11551
27.9169,1.11548
27.9184,1.11544
27.9199,1.11541
27.9214,1.11537
27.9229,1.11534
27.9244,1.1153
27.9258,1.11527
27.9273,1.11523
27.9288,1.11519
27.9303,1.11516
27.9318,1.11512
27.9333,1.11509
27.9348,1.11505
27.9363,1.11501
27.9378,1.11497
27.9393,1.11493
27.9408,1.1149
27.9423,1.11486
27.9438,1.11482
27.9453,1.11478
27.9468,1.11474
27.9483,1.1147
27.9498,1.11466
27.9513,1.11462
27.9528,1.11458
27.9543,1.11454
27.9558,1.1145
27.9573,1.11446
27.9588,1.11442
27.9603,1.11438
27.9618,1.11434
27.9633,1.1143
27.9648,1.11425
27.9663,1.11421
27.9678,1.11417
27.9693,1.11413
27.9708,1.11409
27.9723,1.11405
27.9738,1.114
27.9753,1.11396
27.9768,1.11392
27.9783,1.11388
27.9798,1.11383
27.9813,1.11379
27.9828,1.11375
27.9843,1.1137
27.9858,1.11366
27.9873,1.11362
27.9888,1.11357
27.9903,1.11353
27.9918,1.11348
27.9933,1.11344
27.9948,1.11339
27.9963,1.11335
27.9978,1.11331
27.9993,1.11326
28.0008,1.11322
28.0023,1.11317
28.0038,1.11312
28.0053,1.11308
28.0068,1.11303
28.0083,1.11299
28.0098,1.11294
28.0113,1.1129
28.0128,1.11285
28.0143,1.1128
28.0158,1.11276
28.0173,1.11271
28.0188,1.11266
28.0203,1.11262
28.0218,1.11257
28.0233,1.11253
28.0248,1.11248
28.0263,1.11243
28.0278,1.11239
28.0293,1.11234
28.0308,1.11229
28.0323,1.11225
28.0338,1.1122
28.0353,1.11216
28.0368,1.11211
28.0383,1.11206
28.0398,1.11202
28.0413,1.11197
28.0428,1.11193
28.0443,1.11188
28.0458,1.11184
28.0473,1.11179
28.0488,1.11175
28.0503,1.1117
28.0518,1.11165
28.0533,1.11161
28.0548,1.11157
28.0563,1.11152
28.0578,1.11148
28.0593,1.11144
28.0608,1.11139
28.0623,1.11135
28.0638,1.1113
28.0653,1.11126
28.0668,1.11122
28.0683,1.11118
28.0698,1.11113
28.0713,1.11109
28.0728,1.11105
28.0743,1.111
28.0758,1.11096
28.0773,1.11092
28.0788,1.11088
28.0803,1.11084
28.0818,1.1108
28.0833,1.11076
28.0848,1.11071
28.0863,1.11067
28.0878,1.11063
28.0893,1.11059
28.0908,1.11055
28.0923,1.11051
28.0938,1.11047
28.0953,1.11043
28.0968,1.11039
28.0983,1.11035
28.0998,1.11031
28.1013,1.11027
28.1028,1.11023
28.1043,1.11019
28.1058,1.11015
28.1073,1.11011
28.1087,1.11007
28.1102,1.11003
28.1117,1.10999
28.1132,1.10995
28.1147,1.10991
28.1162,1.10987
28.1177,1.10983
28.1192,1.10979
28.1207,1.10975
28.1222,1.10971
28.1237,1.10967
28.1252,1.10963
28.1267,1.10959
28.1282,1.10955
28.1297,1.10951
28.1312,1.10947
28.1327,1.10943
28.1342,1.10939
28.1357,1.10936
28.1372,1.10932
28.1387,1.10928
28.1402,1.10924
28.1417,1.1092
28.1432,1.10917
28.1447,1.10913
28.1462,1.10909
28.1477,1.10906
28.1492,1.10902
28.1507,1.10898
28.1522,1.10895
28.1537,1.10891
28.1552,1.10888
28.1567,1.10884
28.1582,1.10881
28.1597,1.10878
28.1612,1.10874
28.1627,1.10871
28.1642,1.10868
28.1657,1.10865
28.1672,1.10862
28.1687,1.10858
28.1702,1.10855
28.1717,1.10852
28.1732,1.10849
28.1747,1.10847
28.1762,1.10844
28.1777,1.10841
28.1792,1.10838
28.1807,1.10835
28.1822,1.10832
28.1837,1.10829
28.1852,1.10827
28.1867,1.10824
28.1882,1.10822
28.1897,1.10819
28.1912,1.10816
28.1927,1.10814
28.1942,1.10811
28.1957,1.10809
28.1972,1.10806
28.1987,1.10804
28.2002,1.10802
28.2017,1.10799
28.2032,1.10797
28.2047,1.10795
28.2062,1.10792
28.2077,1.1079
28.2092,1.10788
28.2107,1.10786
28.2122,1.10784
28.2137,1.10781
28.2152,1.10779
28.2167,1.10777
28.2182,1.10775
28.2197,1.10773
28.2212,1.10771
28.2227,1.10769
28.2242,1.10767
28.2257,1.10765
28.2272,1.10763
28.2287,1.10761
28.2302,1.10759
28.2317,1.10757
28.2332,1.10756
28.2347,1.10754
28.2362,1.10752
28.2377,1.1075
28.2392,1.10748
28.2407,1.10746
28.2422,1.10745
28.2437,1.10743
28.2452,1.10741
28.2467,1.10739
28.2482,1.10738
28.2497,1.10736
28.2512,1.10734
28.2527,1.10733
28.2542,1.10731
28.2557,1.10729
28.2572,1.10727
28.2587,1.10726
28.2602,1.10724
28.2617,1.10722
28.2632,1.1072
28.2647,1.10719
28.2662,1.10717
28.2677,1.10715
28.2692,1.10714
28.2707,1.10712
28.2722,1.1071
28.2737,1.10708
28.2752,1.10707
28.2767,1.10705
28.2782,1.10703
28.2797,1.10701
28.2812,1.107
28.2827,1.10698
28.2842,1.10696
28.2857,1.10694
28.2872,1.10693
28.2887,1.10691
28.2901,1.10689
28.2916,1.10687
28.2931,1.10686
28.2946,1.10684
28.2961,1.10682
28.2976,1.1068
28.2991,1.10678
28.3006,1.10677
28.3021,1.10675
28.3036,1.10673
28.3051,1.10671
28.3066,1.10669
28.3081,1.10667
28.3096,1.10666
28.3111,1.10664
28.3126,1.10662
28.3141,1.1066
28.3156,1.10658
28.3171,1.10657
28.3186,1.10655
28.3201,1.10653
28.3216,1.10651
28.3231,1.10649
28.3246,1.10648
28.3261,1.10646
28.3276,1.10644
28.3291,1.10642
28.3306,1.10641
28.3321,1.10639
28.3336,1.10637
28.3351,1.10636
28.3366,1.10634
28.3381,1.10632
28.3396,1.10631
28.3411,1.10629
28.3426,1.10627
28.3441,1.10626
28.3456,1.10624
28.3471,1.10623
28.3486,1.10621
28.3501,1.10619
28.3516,1.10618
28.3531,1.10617
28.3546,1.10615
28.3561,1.10613
28.3576,1.10612
28.3591,1.10611
28.3606,1.10609
28.3621,1.10608
28.3636,1.10606
28.3651,1.10605
28.3666,1.10603
28.3681,1.10602
28.3696,1.106
28.3711,1.10599
28.3726,1.10598
28.3741,1.10596
28.3756,1.10595
28.3771,1.10593
28.3786,1.10592
28.3801,1.10591
28.3816,1.10589
28.3831,1.10588
28.3846,1.10587
28.3861,1.10585
28.3876,1.10584
28.3891,1.10583
28.3906,1.10581
28.3921,1.1058
28.3936,1.10579
28.3951,1.10578
28.3966,1.10576
28.3981,1.10575
28.3996,1.10574
28.4011,1.10573
28.4026,1.10571
28.4041,1.1057
28.4056,1.10569
28.4071,1.10568
28.4086,1.10567
28.4101,1.10566
28.4116,1.10565
28.4131,1.10563
28.4146,1.10562
28.4161,1.10561
28.4176,1.1056
28.4191,1.10559
28.4206,1.10558
28.4221,1.10557
28.4236,1.10556
28.4251,1.10555
28.4266,1.10554
28.4281,1.10553
28.4296,1.10552
28.4311,1.10551
28.4326,1.1055
28.4341,1.1055
28.4356,1.10549
28.4371,1.10548
28.4386,1.10547
28.4401,1.10546
28.4416,1.10545
28.4431,1.10544
28.4446,1.10543
28.4461,1.10542
28.4476,1.10542
28.4491,1.10541
28.4506,1.1054
28.4521,1.10539
28.4536,1.10538
28.4551,1.10537
28.4566,1.10537
28.4581,1.10536
28.4596,1.10535
28.4611,1.10534
28.4626,1.10533
28.4641,1.10533
28.4656,1.10532
28.4671,1.10531
28.4686,1.1053
28.4701,1.10529
28.4715,1.10529
28.473,1.10528
28.4745,1.10527
28.476,1.10526
28.4775,1.10526
28.479,1.10525
28.4805,1.10524
28.482,1.10523
28.4835,1.10523
28.485,1.10522
28.4865,1.10521
28.488,1.10521
28.4895,1.1052
28.491,1.10519
28.4925,1.10519
28.494,1.10518
28.4955,1.10517
28.497,1.10517
28.4985,1.10516
28.5,1.10515
28.5015,1.10515
28.503,1.10514
28.5045,1.10513
28.506,1.10513
28.5075,1.10512
28.509,1.10511
28.5105,1.10511
28.512,1.1051
28.5135,1.1051
28.515,1.10509
28.5165,1.10508
28.518,1.10508
28.5195,1.10507
28.521,1.10506
28.5225,1.10506
28.524,1.10505
28.5255,1.10505
28.527,1.10504
28.5285,1.10504
28.53,1.10503
28.5315,1.10503
28.533,1.10502
28.5345,1.10502
28.536,1.10501
28.5375,1.105
28.539,1.105
28.5405,1.105
28.542,1.10499
28.5435,1.10499
28.545,1.10498
28.5465,1.10498
28.548,1.10497
28.5495,1.10497
28.551,1.10496
28.5525,1.10496
28.554,1.10495
28.5555,1.10495
28.557,1.10495
28.5585,1.10494
28.56,1.10494
28.5615,1.10493
28.563,1.10493
28.5645,1.10493
28.566,1.10492
28.5675,1.10492
28.569,1.10492
28.5705,1.10491
28.572,1.10491
28.5735,1.10491
28.575,1.1049
28.5765,1.1049
28.578,1.1049
28.5795,1.10489
28.581,1.10489
28.5825,1.10489
28.584,1.10488
28.5855,1.10488
28.587,1.10488
28.5885,1.10487
28.59,1.10487
28.5915,1.10487
28.593,1.10487
28.5945,1.10487
28.596,1.10486
28.5975,1.10486
28.599,1.10486
28.6005,1.10485
28.602,1.10485
28.6035,1.10485
28.605,1.10485
28.6065,1.10484
28.608,1.10484
28.6095,1.10484
28.611,1.10484
28.6125,1.10484
28.614,1.10483
28.6155,1.10483
28.617,1.10483
28.6185,1.10483
28.62,1.10482
28.6215,1.10482
28.623,1.10482
28.6245,1.10482
28.626,1.10482
28.6275,1.10481
28.629,1.10481
28.6305,1.10481
28.632,1.10481
28.6335,1.10481
28.635,1.10481
28.6365,1.1048
28.638,1.1048
28.6395,1.1048
28.641,1.1048
28.6425,1.1048
28.644,1.1048
28.6455,1.1048
28.647,1.10479
28.6485,1.10479
28.65,1.10479
28.6515,1.10479
28.653,1.10479
28.6544,1.10479
28.6559,1.10479
28.6574,1.10479
28.6589,1.10479
28.6604,1.10479
28.6619,1.10479
28.6634,1.10479
28.6649,1.10479
28.6664,1.10479
28.6679,1.10479
28.6694,1.10479
28.6709,1.10479
28.6724,1.10479
28.6739,1.10479
28.6754,1.10479
28.6769,1.10479
28.6784,1.10479
28.6799,1.10479
28.6814,1.10479
28.6829,1.10479
28.6844,1.10479
28.6859,1.10479
28.6874,1.1048
28.6889,1.1048
28.6904,1.1048
28.6919,1.1048
28.6934,1.1048
28.6949,1.10481
28.6964,1.10481
28.6979,1.10481
28.6994,1.10481
28.7009,1.10482
28.7024,1.10482
28.7039,1.10482
28.7054,1.10483
28.7069,1.10483
28.7084,1.10483
28.7099,1.10483
28.7114,1.10484
28.7129,1.10484
28.7144,1.10485
28.7159,1.10485
28.7174,1.10486
28.7189,1.10486
28.7204,1.10486
28.7219,1.10487
28.7234,1.10488
28.7249,1.10488
28.7264,1.10489
28.7279,1.10489
28.7294,1.10489
28.7309,1.1049
28.7324,1.10491
28.7339,1.10491
28.7354,1.10492
28.7369,1.10492
28.7384,1.10493
28.7399,1.10494
28.7414,1.10494
28.7429,1.10495
28.7444,1.10496
28.7459,1.10496
28.7474,1.10497
28.7489,1.10497
28.7504,1.10498
28.7519,1.10499
28.7534,1.10499
28.7549,1.105
28.7564,1.10501
28.7579,1.10501
28.7594,1.10502
28.7609,1.10503
28.7624,1.10504
28.7639,1.10504
28.7654,1.10505
28.7669,1.10506
28.7684,1.10507
28.7699,1.10507
28.7714,1.10508
28.7729,1.10509
28.7744,1.1051
28.7759,1.1051
28.7774,1.10511
28.7789,1.10512
28.7804,1.10513
28.7819,1.10514
28.7834,1.10515
28.7849,1.10516
28.7864,1.10517
28.7879,1.10517
28.7894,1.10518
28.7909,1.10519
28.7924,1.1052
28.7939,1.10521
28.7954,1.10522
28.7969,1.10523
28.7984,1.10524
28.7999,1.10525
28.8014,1.10526
28.8029,1.10527
28.8044,1.10528
28.8059,1.10529
28.8074,1.10531
28.8089,1.10532
28.8104,1.10533
28.8119,1.10534
28.8134,1.10535
28.8149,1.10536
28.8164,1.10538
28.8179,1.10539
28.8194,1.1054
28.8209,1.10541
28.8224,1.10542
28.8239,1.10544
28.8254,1.10545
28.8269,1.10546
28.8284,1.10548
28.8299,1.10549
28.8314,1.1055
28.8329,1.10552
28.8344,1.10553
28.8358,1.10554
28.8373,1.10556
28.8388,1.10557
28.8403,1.10558
28.8418,1.1056
28.8433,1.10561
28.8448,1.10562
28.8463,1.10564
28.8478,1.10565
28.8493,1.10567
28.8508,1.10568
28.8523,1.1057
28.8538,1.10571
28.8553,1.10572
28.8568,1.10574
28.8583,1.10575
28.8598,1.10577
28.8613,1.10578
28.8628,1.1058
28.8643,1.10581
28.8658,1.10582
28.8673,1.10584
28.8688,1.10585
28.8703,1.10587
28.8718,1.10588
28.8733,1.10589
28.8748,1.10591
28.8763,1.10592
28.8778,1.10594
28.8793,1.10595
28.8808,1.10597
28.8823,1.10598
28.8838,1.106
28.8853,1.10601
28.8868,1.10603
28.8883,1.10604
28.8898,1.10605
28.8913,1.10607
28.8928,1.10608
28.8943,1.10609
28.8958,1.10611
28.8973,1.10612
28.8988,1.10614
28.9003,1.10615
28.9018,1.10617
28.9033,1.10618
28.9048,1.1062
28.9063,1.10621
28.9078,1.10622
28.9093,1.10624
28.9108,1.10625
28.9123,1.10627
28.9138,1.10628
28.9153,1.1063
28.9168,1.10631
28.9183,1.10632
28.9198,1.10634
28.9213,1.10635
28.9228,1.10637
28.9243,1.10638
28.9258,1.1064
28.9273,1.10641
28.9288,1.10642
28.9303,1.10644
28.9318,1.10646
28.9333,1.10647
28.9348,1.10648
28.9363,1.1065
28.9378,1.10652
28.9393,1.10653
28.9408,1.10654
28.9423,1.10656
28.9438,1.10657
28.9453,1.10659
28.9468,1.1066
28.9483,1.10662
28.9498,1.10664
28.9513,1.10665
28.9528,1.10667
28.9543,1.10668
28.9558,1.10669
28.9573,1.10671
28.9588,1.10673
28.9603,1.10674
28.9618,1.10675
28.9633,1.10677
28.9648,1.10679
28.9663,1.1068
28.9678,1.10681
28.9693,1.10683
28.9708,1.10684
28.9723,1.10686
28.9738,1.10687
28.9753,1.10689
28.9768,1.1069
28.9783,1.10692
28.9798,1.10693
28.9813,1.10695
28.9828,1.10696
28.9843,1.10697
28.9858,1.10698
28.9873,1.107
28.9888,1.10701
28.9903,1.10703
28.9918,1.10704
28.9933,1.10705
28.9948,1.10706
28.9963,1.10708
28.9978,1.10709
28.9993,1.1071
29.0008,1.10711
29.0023,1.10713
29.0038,1.10714
29.0053,1.10715
29.0068,1.10716
29.0083,1.10717
29.0098,1.10718
29.0113,1.1072
29.0128,1.1072
29.0143,1.10722
29.0158,1.10723
29.0173,1.10724
29.0187,1.10725
29.0202,1.10725
29.0217,1.10727
29.0232,1.10727
29.0247,1.10728
29.0262,1.10729
29.0277,1.1073
29.0292,1.10731
29.0307,1.10732
29.0322,1.10733
29.0337,1.10734
29.0352,1.10734
29.0367,1.10735
29.0382,1.10736
29.0397,1.10737
29.0412,1.10737
29.0427,1.10738
29.0442,1.10739
29.0457,1.1074
29.0472,1.1074
29.0487,1.10741
29.0502,1.10741
29.0517,1.10742
29.0532,1.10743
29.0547,1.10743
29.0562,1.10744
29.0577,1.10744
29.0592,1.10745
29.0607,1.10745
29.0622,1.10746
29.0637,1.10746
29.0652,1.10747
29.0667,1.10747
29.0682,1.10748
29.0697,1.10748
29.0712,1.10749
29.0727,1.10749
29.0742,1.10749
29.0757,1.1075
29.0772,1.1075
29.0787,1.10751
29.0802,1.10751
29.0817,1.10751
29.0832,1.10752
29.0847,1.10752
29.0862,1.10752
29.0877,1.10753
29.0892,1.10753
29.0907,1.10753
29.0922,1.10754
29.0937,1.10754
29.0952,1.10754
29.0967,1.10755
29.0982,1.10755
29.0997,1.10755
29.1012,1.10756
29.1027,1.10756
29.1042,1.10756
29.1057,1.10756
29.1072,1.10756
29.1087,1.10757
29.1102,1.10757
29.1117,1.10757
29.1132,1.10757
29.1147,1.10758
29.1162,1.10758
29.1177,1.10758
29.1192,1.10758
29.1207,1.10758
29.1222,1.10758
29.1237,1.10759
29.1252,1.10759
29.1267,1.10759
29.1282,1.10759
29.1297,1.10759
29.1312,1.1076
29.1327,1.1076
29.1342,1.1076
29.1357,1.1076
29.1372,1.1076
29.1387,1.1076
29.1402,1.10761
29.1417,1.10761
29.1432,1.10761
29.1447,1.10761
29.1462,1.10761
29.1477,1.10761
29.1492,1.10762
29.1507,1.10762
29.1522,1.10762
29.1537,1.10762
29.1552,1.10762
29.1567,1.10763
29.1582,1.10763
29.1597,1.10763
29.1612,1.10763
29.1627,1.10763
29.1642,1.10763
29.1657,1.10764
29.1672,1.10764
29.1687,1.10764
29.1702,1.10764
29.1717,1.10765
29.1732,1.10765
29.1747,1.10765
29.1762,1.10765
29.1777,1.10765
29.1792,1.10765
29.1807,1.10766
29.1822,1.10766
29.1837,1.10766
29.1852,1.10766
29.1867,1.10766
29.1882,1.10766
29.1897,1.10766
29.1912,1.10767
29.1927,1.10767
29.1942,1.10767
29.1957,1.10767
29.1972,1.10767
29.1987,1.10767
29.2001,1.10767
29.2016,1.10767
29.2031,1.10768
29.2046,1.10767
29.2061,1.10768
29.2076,1.10768
29.2091,1.10768
29.2106,1.10768
29.2121,1.10768
29.2136,1.10768
29.2151,1.10768
29.2166,1.10768
29.2181,1.10768
29.2196,1.10768
29.2211,1.10768
29.2226,1.10768
29.2241,1.10768
29.2256,1.10768
29.2271,1.10768
29.2286,1.10768
29.2301,1.10768
29.2316,1.10768
29.2331,1.10768
29.2346,1.10768
29.2361,1.10768
29.2376,1.10768
29.2391,1.10767
29.2406,1.10767
29.2421,1.10767
29.2436,1.10767
29.2451,1.10767
29.2466,1.10767
29.2481,1.10767
29.2496,1.10767
29.2511,1.10767
29.2526,1.10766
29.2541,1.10766
29.2556,1.10766
29.2571,1.10766
29.2586,1.10766
29.2601,1.10766
29.2616,1.10765
29.2631,1.10765
29.2646,1.10765
29.2661,1.10765
29.2676,1.10765
29.2691,1.10764
29.2706,1.10764
29.2721,1.10764
29.2736,1.10764
29.2751,1.10764
29.2766,1.10763
29.2781,1.10763
29.2796,1.10763
29.2811,1.10763
29.2826,1.10762
29.2841,1.10762
29.2856,1.10762
29.2871,1.10762
29.2886,1.10762
29.2901,1.10761
29.2916,1.10761
29.2931,1.10761
29.2946,1.1076
29.2961,1.1076
29.2976,1.1076
29.2991,1.1076
29.3006,1.10759
29.3021,1.10759
29.3036,1.10759
29.3051,1.10759
29.3066,1.10758
29.3081,1.10758
29.3096,1.10758
29.3111,1.10758
29.3126,1.10757
29.3141,1.10757
29.3156,1.10757
29.3171,1.10757
29.3186,1.10757
29.3201,1.10756
29.3216,1.10756
29.3231,1.10756
29.3246,1.10756
29.3261,1.10755
29.3276,1.10755
29.3291,1.10755
29.3306,1.10755
29.3321,1.10755
29.3336,1.10754
29.3351,1.10754
29.3366,1.10754
29.3381,1.10754
29.3396,1.10753
29.3411,1.10753
29.3426,1.10753
29.3441,1.10753
29.3456,1.10753
29.3471,1.10752
29.3486,1.10752
29.3501,1.10752
29.3516,1.10752
29.3531,1.10751
29.3546,1.10751
29.3561,1.10751
29.3576,1.10751
29.3591,1.1075
29.3606,1.1075
29.3621,1.1075
29.3636,1.1075
29.3651,1.10749
29.3666,1.10749
29.3681,1.10749
29.3696,1.10749
29.3711,1.10748
29.3726,1.10748
29.3741,1.10748
29.3756,1.10747
29.3771,1.10747
29.3786,1.10747
29.3801,1.10746
29.3815,1.10746
29.383,1.10746
29.3845,1.10745
29.386,1.10745
29.3875,1.10745
29.389,1.10744
29.3905,1.10744
29.392,1.10744
29.3935,1.10743
29.395,1.10743
29.3965,1.10742
29.398,1.10742
29.3995,1.10741
29.401,1.10741
29.4025,1.10741
29.404,1.1074
29.4055,1.1074
29.407,1.10739
29.4085,1.10739
29.41,1.10738
29.4115,1.10738
29.413,1.10737
29.4145,1.10737
29.416,1.10736
29.4175,1.10736
29.419,1.10735
29.4205,1.10735
29.422,1.10734
29.4235,1.10734
29.425,1.10733
29.4265,1.10732
29.428,1.10732
29.4295,1.10731
29.431,1.10731
29.4325,1.1073
29.434,1.1073
29.4355,1.10729
29.437,1.10729
29.4385,1.10728
29.44,1.10728
29.4415,1.10727
29.443,1.10726
29.4445,1.10726
29.446,1.10725
29.4475,1.10725
29.449,1.10724
29.4505,1.10724
29.452,1.10723
29.4535,1.10723
29.455,1.10722
29.4565,1.10721
29.458,1.10721
29.4595,1.1072
29.461,1.1072
29.4625,1.10719
29.464,1.10718
29.4655,1.10718
29.467,1.10717
29.4685,1.10717
29.47,1.10716
29.4715,1.10716
29.473,1.10715
29.4745,1.10714
29.476,1.10714
29.4775,1.10713
29.479,1.10713
29.4805,1.10712
29.482,1.10711
29.4835,1.10711
29.485,1.1071
29.4865,1.1071
29.488,1.10709
29.4895,1.10709
29.491,1.10708
29.4925,1.10708
29.494,1.10707
29.4955,1.10706
29.497,1.10706
29.4985,1.10705
29.5,1.10705
29.5015,1.10704
29.503,1.10704
29.5045,1.10703
29.506,1.10703
29.5075,1.10702
29.509,1.10702
29.5105,1.10701
29.512,1.10701
29.5135,1.107
29.515,1.107
29.5165,1.10699
29.518,1.10699
29.5195,1.10698
29.521,1.10698
29.5225,1.10698
29.524,1.10697
29.5255,1.10697
29.527,1.10696
29.5285,1.10696
29.53,1.10695
29.5315,1.10695
29.533,1.10695
29.5345,1.10694
29.536,1.10694
29.5375,1.10693
29.539,1.10693
29.5405,1.10693
29.542,1.10692
29.5435,1.10692
29.545,1.10692
29.5465,1.10691
29.548,1.10691
29.5495,1.10691
29.551,1.10691
29.5525,1.1069
29.554,1.1069
29.5555,1.1069
29.557,1.1069
29.5585,1.1069
29.56,1.10689
29.5615,1.10689
29.563,1.10689
29.5644,1.10689
29.5659,1.10689
29.5674,1.10689
29.5689,1.10689
29.5704,1.10689
29.5719,1.10688
29.5734,1.10688
29.5749,1.10688
29.5764,1.10688
29.5779,1.10688
29.5794,1.10688
29.5809,1.10688
29.5824,1.10688
29.5839,1.10688
29.5854,1.10689
29.5869,1.10689
29.5884,1.10689
29.5899,1.10689
29.5914,1.10689
29.5929,1.10689
29.5944,1.10689
29.5959,1.10689
29.5974,1.1069
29.5989,1.1069
29.6004,1.1069
29.6019,1.1069
29.6034,1.1069
29.6049,1.10691
29.6064,1.10691
29.6079,1.10691
29.6094,1.10691
29.6109,1.10692
29.6124,1.10692
29.6139,1.10692
29.6154,1.10693
29.6169,1.10693
29.6184,1.10693
29.6199,1.10693
29.6214,1.10694
29.6229,1.10694
29.6244,1.10694
29.6259,1.10695
29.6274,1.10695
29.6289,1.10696
29.6304,1.10696
29.6319,1.10697
29.6334,1.10697
29.6349,1.10697
29.6364,1.10698
29.6379,1.10698
29.6394,1.10699
29.6409,1.10699
29.6424,1.107
29.6439,1.107
29.6454,1.10701
29.6469,1.10701
29.6484,1.10702
29.6499,1.10702
29.6514,1.10703
29.6529,1.10703
29.6544,1.10704
29.6559,1.10704
29.6574,1.10705
29.6589,1.10705
29.6604,1.10705
29.6619,1.10706
29.6634,1.10707
29.6649,1.10707
29.6664,1.10708
29.6679,1.10708
29.6694,1.10708
29.6709,1.10709
29.6724,1.10709
29.6739,1.1071
29.6754,1.1071
29.6769,1.10711
29.6784,1.10711
29.6799,1.10711
29.6814,1.10712
29.6829,1.10712
29.6844,1.10713
29.6859,1.10713
29.6874,1.10713
29.6889,1.10714
29.6904,1.10714
29.6919,1.10714
29.6934,1.10715
29.6949,1.10715
29.6964,1.10715
29.6979,1.10716
29.6994,1.10716
29.7009,1.10716
29.7024,1.10717
29.7039,1.10717
29.7054,1.10717
29.7069,1.10717
29.7084,1.10718
29.7099,1.10718
29.7114,1.10718
29.7129,1.10719
29.7144,1.10719
29.7159,1.10719
29.7174,1.10719
29.7189,1.1072
29.7204,1.1072
29.7219,1.1072
29.7234,1.1072
29.7249,1.10721
29.7264,1.10721
29.7279,1.10721
29.7294,1.10722
29.7309,1.10722
29.7324,1.10722
29.7339,1.10723
29.7354,1.10723
29.7369,1.10723
29.7384,1.10724
29.7399,1.10724
29.7414,1.10724
29.7429,1.10725
29.7444,1.10725
29.7458,1.10726
29.7473,1.10726
29.7488,1.10727
29.7503,1.10727
29.7518,1.10728
29.7533,1.10728
29.7548,1.10729
29.7563,1.10729
29.7578,1.1073
29.7593,1.1073
29.7608,1.10731
29.7623,1.10731
29.7638,1.10732
29.7653,1.10733
29.7668,1.10733
29.7683,1.10734
29.7698,1.10735
29.7713,1.10736
29.7728,1.10736
29.7743,1.10737
29.7758,1.10738
29.7773,1.10739
29.7788,1.1074
29.7803,1.1074
29.7818,1.10741
29.7833,1.10742
29.7848,1.10743
29.7863,1.10744
29.7878,1.10745
29.7893,1.10746
29.7908,1.10747
29.7923,1.10749
29.7938,1.1075
29.7953,1.10751
29.7968,1.10752
29.7983,1.10753
29.7998,1.10754
29.8013,1.10756
29.8028,1.10757
29.8043,1.10758
29.8058,1.10759
29.8073,1.10761
29.8088,1.10762
29.8103,1.10764
29.8118,1.10765
29.8133,1.10766
29.8148,1.10768
29.8163,1.1077
29.8178,1.10771
29.8193,1.10773
29.8208,1.10774
29.8223,1.10776
29.8238,1.10777
29.8253,1.10779
29.8268,1.1078
29.8283,1.10782
29.8298,1.10784
29.8313,1.10786
29.8328,1.10787
29.8343,1.10789
29.8358,1.10791
29.8373,1.10793
29.8388,1.10795
29.8403,1.10796
29.8418,1.10798
29.8433,1.108
29.8448,1.10802
29.8463,1.10804
29.8478,1.10806
29.8493,1.10807
29.8508,1.10809
29.8523,1.10811
29.8538,1.10813
29.8553,1.10815
29.8568,1.10817
29.8583,1.10819
29.8598,1.10821
29.8613,1.10823
29.8628,1.10825
29.8643,1.10827
29.8658,1.10829
29.8673,1.10831
29.8688,1.10833
29.8703,1.10834
29.8718,1.10836
29.8733,1.10838
29.8748,1.1084
29.8763,1.10842
29.8778,1.10844
29.8793,1.10846
29.8808,1.10848
29.8823,1.1085
29.8838,1.10852
29.8853,1.10854
29.8868,1.10856
29.8883,1.10858
29.8898,1.1086
29.8913,1.10862
29.8928,1.10864
29.8943,1.10866
29.8958,1.10867
29.8973,1.10869
29.8988,1.10871
29.9003,1.10873
29.9018,1.10875
29.9033,1.10877
29.9048,1.10878
29.9063,1.1088
29.9078,1.10882
29.9093,1.10884
29.9108,1.10886
29.9123,1.10888
29.9138,1.10889
29.9153,1.10891
29.9168,1.10893
29.9183,1.10895
29.9198,1.10896
29.9213,1.10898
29.9228,1.109
29.9243,1.10902
29.9258,1.10903
29.9272,1.10905
29.9287,1.10907
29.9302,1.10909
29.9317,1.1091
29.9332,1.10912
29.9347,1.10913
29.9362,1.10915
29.9377,1.10917
29.9392,1.10918
29.9407,1.1092
29.9422,1.10922
29.9437,1.10923
29.9452,1.10925
29.9467,1.10926
29.9482,1.10928
29.9497,1.10929
29.9512,1.10931
29.9527,1.10932
29.9542,1.10934
29.9557,1.10935
29.9572,1.10937
29.9587,1.10938
29.9602,1.1094
29.9617,1.10941
29.9632,1.10943
29.9647,1.10944
29.9662,1.10946
29.9677,1.10947
29.9692,1.10949
29.9707,1.1095
29.9722,1.10951
29.9737,1.10953
29.9752,1.10954
29.9767,1.10956
29.9782,1.10957
29.9797,1.10959
29.9812,1.1096
29.9827,1.10961
29.9842,1.10963
29.9857,1.10964
29.9872,1.10965
29.9887,1.10967
29.9902,1.10968
29.9917,1.10969
29.9932,1.10971
29.9947,1.10972
29.9962,1.10973
29.9977,1.10975
29.9992,1.10976
30.0007,1.10977
30.0022,1.10979
30.0037,1.1098
30.0052,1.10982
30.0067,1.10983
30.0082,1.10984
30.0097,1.10985
30.0112,1.10987
30.0127,1.10988
30.0142,1.1099
30.0157,1.10991
30.0172,1.10992
30.0187,1.10994
30.0202,1.10995
30.0217,1.10996
30.0232,1.10998
30.0247,1.10999
30.0262,1.11001
30.0277,1.11002
30.0292,1.11003
30.0307,1.11005
30.0322,1.11006
30.0337,1.11008
30.0352,1.11009
30.0367,1.1101
30.0382,1.11012
30.0397,1.11013
30.0412,1.11015
30.0427,1.11016
30.0442,1.11018
30.0457,1.11019
30.0472,1.1102
30.0487,1.11022
30.0502,1.11023
30.0517,1.11025
30.0532,1.11026
30.0547,1.11028
30.0562,1.11029
30.0577,1.1103
30.0592,1.11032
30.0607,1.11033
30.0622,1.11035
30.0637,1.11036
30.0652,1.11038
30.0667,1.11039
30.0682,1.1104
30.0697,1.11042
30.0712,1.11043
30.0727,1.11044
30.0742,1.11046
30.0757,1.11047
30.0772,1.11048
30.0787,1.1105
30.0802,1.11051
30.0817,1.11052
30.0832,1.11054
30.0847,1.11055
30.0862,1.11056
30.0877,1.11058
30.0892,1.11059
30.0907,1.1106
30.0922,1.11061
30.0937,1.11062
30.0952,1.11064
30.0967,1.11065
30.0982,1.11066
30.0997,1.11067
30.1012,1.11068
30.1027,1.11069
30.1042,1.1107
30.1057,1.11072
30.1072,1.11073
30.1087,1.11074
30.1101,1.11075
30.1116,1.11076
30.1131,1.11077
30.1146,1.11078
30.1161,1.11079
30.1176,1.11081
30.1191,1.11082
30.1206,1.11083
30.1221,1.11084
30.1236,1.11085
30.1251,1.11086
30.1266,1.11087
30.1281,1.11088
30.1296,1.11089
30.1311,1.1109
30.1326,1.11091
30.1341,1.11092
30.1356,1.11094
30.1371,1.11095
30.1386,1.11096
30.1401,1.11097
30.1416,1.11098
30.1431,1.11099
30.1446,1.111
30.1461,1.11102
30.1476,1.11103
30.1491,1.11104
30.1506,1.11105
30.1521,1.11106
30.1536,1.11108
30.1551,1.11109
30.1566,1.1111
30.1581,1.11111
30.1596,1.11113
30.1611,1.11114
30.1626,1.11115
30.1641,1.11116
30.1656,1.11118
30.1671,1.11119
30.1686,1.1112
30.1701,1.11121
30.1716,1.11123
30.1731,1.11124
30.1746,1.11126
30.1761,1.11127
30.1776,1.11128
30.1791,1.11129
30.1806,1.11131
30.1821,1.11132
30.1836,1.11133
30.1851,1.11135
30.1866,1.11136
30.1881,1.11138
30.1896,1.11139
30.1911,1.1114
30.1926,1.11142
30.1941,1.11143
30.1956,1.11144
30.1971,1.11146
30.1986,1.11147
30.2001,1.11149
30.2016,1.1115
30.2031,1.11151
30.2046,1.11153
30.2061,1.11154
30.2076,1.11155
30.2091,1.11157
30.2106,1.11158
30.2121,1.1116
30.2136,1.11161
30.2151,1.11163
30.2166,1.11164
30.2181,1.11165
30.2196,1.11167
30.2211,1.11168
30.2226,1.1117
30.2241,1.11171
30.2256,1.11173
30.2271,1.11174
30.2286,1.11176
30.2301,1.11177
30.2316,1.11179
30.2331,1.1118
30.2346,1.11182
30.2361,1.11183
30.2376,1.11185
30.2391,1.11186
30.2406,1.11188
30.2421,1.11189
30.2436,1.11191
30.2451,1.11192
30.2466,1.11194
30.2481,1.11195
30.2496,1.11197
30.2511,1.11199
30.2526,1.112
30.2541,1.11202
30.2556,1.11203
30.2571,1.11205
30.2586,1.11207
30.2601,1.11208
30.2616,1.1121
30.2631,1.11212
30.2646,1.11213
30.2661,1.11215
30.2676,1.11217
30.2691,1.11218
30.2706,1.1122
30.2721,1.11222
30.2736,1.11224
30.2751,1.11225
30.2766,1.11227
30.2781,1.11229
30.2796,1.11231
30.2811,1.11233
30.2826,1.11234
30.2841,1.11236
30.2856,1.11238
30.2871,1.1124
30.2886,1.11241
30.2901,1.11243
30.2915,1.11245
30.293,1.11247
30.2945,1.11249
30.296,1.11251
30.2975,1.11253
30.299,1.11255
30.3005,1.11257
30.302,1.11258
30.3035,1.1126
30.305,1.11262
30.3065,1.11264
30.308,1.11266
30.3095,1.11268
30.311,1.1127
30.3125,1.11272
30.314,1.11274
30.3155,1.11276
30.317,1.11278
30.3185,1.1128
30.32,1.11282
30.3215,1.11284
30.323,1.11286
30.3245,1.11288
30.326,1.1129
30.3275,1.11292
30.329,1.11294
30.3305,1.11296
30.332,1.11298
30.3335,1.113
30.335,1.11302
30.3365,1.11304
30.338,1.11306
30.3395,1.11308
30.341,1.1131
30.3425,1.11312
30.344,1.11314
30.3455,1.11316
30.347,1.11318
30.3485,1.1132
30.35,1.11322
30.3515,1.11324
30.353,1.11326
30.3545,1.11328
30.356,1.1133
30.3575,1.11332
30.359,1.11334
30.3605,1.11336
30.362,1.11338
30.3635,1.1134
30.365,1.11341
30.3665,1.11343
30.368,1.11345
30.3695,1.11347
30.371,1.11349
30.3725,1.11351
30.374,1.11353
30.3755,1.11355
30.377,1.11357
30.3785,1.11358
30.38,1.1136
30.3815,1.11362
30.383,1.11364
30.3845,1.11366
30.386,1.11367
30.3875,1.11369
30.389,1.11371
30.3905,1.11373
30.392,1.11374
30.3935,1.11376
30.395,1.11378
30.3965,1.11379
30.398,1.11381
30.3995,1.11383
30.401,1.11384
30.4025,1.11386
30.404,1.11387
30.4055,1.11389
30.407,1.11391
30.4085,1.11392
30.41,1.11394
30.4115,1.11395
30.413,1.11397
30.4145,1.11398
30.416,1.11399
30.4175,1.11401
30.419,1.11402
30.4205,1.11404
30.422,1.11405
30.4235,1.11406
30.425,1.11408
30.4265,1.11409
30.428,1.1141
30.4295,1.11412
30.431,1.11413
30.4325,1.11414
30.434,1.11416
30.4355,1.11417
30.437,1.11418
30.4385,1.11419
30.44,1.11421
30.4415,1.11422
30.443,1.11423
30.4445,1.11424
30.446,1.11425
30.4475,1.11426
30.449,1.11428
30.4505,1.11429
30.452,1.1143
30.4535,1.11431
30.455,1.11432
30.4565,1.11433
30.458,1.11434
30.4595,1.11435
30.461,1.11436
30.4625,1.11437
30.464,1.11438
30.4655,1.11439
30.467,1.1144
30.4685,1.11441
30.47,1.11442
30.4715,1.11443
30.4729,1.11444
30.4744,1.11445
30.4759,1.11446
30.4774,1.11447
30.4789,1.11448
30.4804,1.11449
30.4819,1.1145
30.4834,1.11451
30.4849,1.11452
30.4864,1.11453
30.4879,1.11454
30.4894,1.11454
30.4909,1.11455
30.4924,1.11456
30.4939,1.11457
30.4954,1.11458
30.4969,1.11459
30.4984,1.11459
30.4999,1.1146
30.5014,1.11461
30.5029,1.11462
30.5044,1.11463
30.5059,1.11463
30.5074,1.11464
30.5089,1.11465
30.5104,1.11466
30.5119,1.11466
30.5134,1.11467
30.5149,1.11468
30.5164,1.11469
30.5179,1.11469
30.5194,1.1147
30.5209,1.11471
30.5224,1.11472
30.5239,1.11472
30.5254,1.11473
30.5269,1.11474
30.5284,1.11474
30.5299,1.11475
30.5314,1.11476
30.5329,1.11476
30.5344,1.11477
30.5359,1.11478
30.5374,1.11478
30.5389,1.11479
30.5404,1.1148
30.5419,1.1148
30.5434,1.11481
30.5449,1.11482
30.5464,1.11482
30.5479,1.11483
30.5494,1.11483
30.5509,1.11484
30.5524,1.11485
30.5539,1.11485
30.5554,1.11486
30.5569,1.11486
30.5584,1.11487
30.5599,1.11487
30.5614,1.11488
30.5629,1.11489
30.5644,1.11489
30.5659,1.1149
30.5674,1.1149
30.5689,1.11491
30.5704,1.11491
30.5719,1.11492
30.5734,1.11492
30.5749,1.11493
30.5764,1.11493
30.5779,1.11494
30.5794,1.11494
30.5809,1.11494
30.5824,1.11495
30.5839,1.11495
30.5854,1.11496
30.5869,1.11496
30.5884,1.11497
30.5899,1.11497
30.5914,1.11498
30.5929,1.11498
30.5944,1.11498
30.5959,1.11499
30.5974,1.11499
30.5989,1.115
30.6004,1.115
30.6019,1.11501
30.6034,1.11501
30.6049,1.11502
30.6064,1.11502
30.6079,1.11502
30.6094,1.11503
30.6109,1.11503
30.6124,1.11504
30.6139,1.11504
30.6154,1.11505
30.6169,1.11505
30.6184,1.11505
30.6199,1.11506
30.6214,1.11506
30.6229,1.11507
30.6244,1.11507
30.6259,1.11508
30.6274,1.11508
30.6289,1.11509
30.6304,1.11509
30.6319,1.1151
30.6334,1.1151
30.6349,1.11511
30.6364,1.11511
30.6379,1.11512
30.6394,1.11513
30.6409,1.11513
30.6424,1.11514
30.6439,1.11514
30.6454,1.11515
30.6469,1.11516
30.6484,1.11516
30.6499,1.11517
30.6514,1.11517
30.6529,1.11518
30.6544,1.11519
30.6558,1.11519
30.6573,1.1152
30.6588,1.11521
30.6603,1.11522
30.6618,1.11522
30.6633,1.11523
30.6648,1.11524
30.6663,1.11525
30.6678,1.11526
30.6693,1.11526
30.6708,1.11527
30.6723,1.11528
30.6738,1.11529
30.6753,1.1153
30.6768,1.11531
30.6783,1.11531
30.6798,1.11532
30.6813,1.11533
30.6828,1.11534
30.6843,1.11535
30.6858,1.11536
30.6873,1.11537
30.6888,1.11538
30.6903,1.11539
30.6918,1.11539
30.6933,1.1154
30.6948,1.11541
30.6963,1.11542
30.6978,1.11543
30.6993,1.11544
30.7008,1.11545
30.7023,1.11546
30.7038,1.11547
30.7053,1.11548
30.7068,1.11549
30.7083,1.1155
30.7098,1.11551
30.7113,1.11552
30.7128,1.11553
30.7143,1.11554
30.7158,1.11555
30.7173,1.11555
30.7188,1.11556
30.7203,1.11557
30.7218,1.11558
30.7233,1.11559
30.7248,1.1156
30.7263,1.11561
30.7278,1.11562
30.7293,1.11562
30.7308,1.11563
30.7323,1.11564
30.7338,1.11565
30.7353,1.11566
30.7368,1.11567
30.7383,1.11567
30.7398,1.11568
30.7413,1.11569
30.7428,1.11569
30.7443,1.1157
30.7458,1.11571
30.7473,1.11572
30.7488,1.11572
30.7503,1.11573
30.7518,1.11574
30.7533,1.11574
30.7548,1.11575
30.7563,1.11575
30.7578,1.11576
30.7593,1.11577
30.7608,1.11577
30.7623,1.11578
30.7638,1.11578
30.7653,1.11579
30.7668,1.11579
30.7683,1.1158
30.7698,1.1158
30.7713,1.11581
30.7728,1.11581
30.7743,1.11582
30.7758,1.11582
30.7773,1.11583
30.7788,1.11583
30.7803,1.11584
30.7818,1.11584
30.7833,1.11584
30.7848,1.11585
30.7863,1.11585
30.7878,1.11585
30.7893,1.11586
30.7908,1.11586
30.7923,1.11587
30.7938,1.11587
30.7953,1.11587
30.7968,1.11588
30.7983,1.11588
30.7998,1.11588
30.8013,1.11589
30.8028,1.11589
30.8043,1.11589
30.8058,1.1159
30.8073,1.1159
30.8088,1.1159
30.8103,1.11591
30.8118,1.11591
30.8133,1.11591
30.8148,1.11591
30.8163,1.11592
30.8178,1.11592
30.8193,1.11592
30.8208,1.11592
30.8223,1.11593
30.8238,1.11593
30.8253,1.11593
30.8268,1.11593
30.8283,1.11594
30.8298,1.11594
30.8313,1.11594
30.8328,1.11594
30.8343,1.11594
30.8358,1.11595
30.8372,1.11595
30.8387,1.11595
30.8402,1.11595
30.8417,1.11595
30.8432,1.11596
30.8447,1.11596
30.8462,1.11596
30.8477,1.11596
30.8492,1.11596
30.8507,1.11596
30.8522,1.11596
30.8537,1.11596
30.8552,1.11596
30.8567,1.11596
30.8582,1.11596
30.8597,1.11596
30.8612,1.11596
30.8627,1.11596
30.8642,1.11596
30.8657,1.11596
30.8672,1.11596
30.8687,1.11596
30.8702,1.11596
30.8717,1.11596
30.8732,1.11596
30.8747,1.11596
30.8762,1.11596
30.8777,1.11596
30.8792,1.11596
30.8807,1.11596
30.8822,1.11596
30.8837,1.11595
30.8852,1.11595
30.8867,1.11595
30.8882,1.11595
30.8897,1.11595
30.8912,1.11595
30.8927,1.11595
30.8942,1.11594
30.8957,1.11594
30.8972,1.11594
30.8987,1.11594
30.9002,1.11593
30.9017,1.11593
30.9032,1.11593
30.9047,1.11593
30.9062,1.11593
30.9077,1.11592
30.9092,1.11592
30.9107,1.11592
30.9122,1.11592
30.9137,1.11591
30.9152,1.11591
30.9167,1.11591
30.9182,1.11591
30.9197,1.1159
30.9212,1.1159
30.9227,1.1159
30.9242,1.1159
30.9257,1.11589
30.9272,1.11589
30.9287,1.11589
30.9302,1.11589
30.9317,1.11588
30.9332,1.11588
30.9347,1.11588
30.9362,1.11588
30.9377,1.11587
30.9392,1.11587
30.9407,1.11587
30.9422,1.11586
30.9437,1.11586
30.9452,1.11586
30.9467,1.11586
30.9482,1.11585
30.9497,1.11585
30.9512,1.11585
30.9527,1.11585
30.9542,1.11584
30.9557,1.11584
30.9572,1.11584
30.9587,1.11584
30.9602,1.11583
30.9617,1.11583
30.9632,1.11583
30.9647,1.11583
30.9662,1.11582
30.9677,1.11582
30.9692,1.11582
30.9707,1.11582
30.9722,1.11582
30.9737,1.11581
30.9752,1.11581
30.9767,1.11581
30.9782,1.11581
30.9797,1.11581
30.9812,1.1158
30.9827,1.1158
30.9842,1.1158
30.9857,1.1158
30.9872,1.11579
30.9887,1.11579
30.9902,1.11579
30.9917,1.11579
30.9932,1.11579
30.9947,1.11579
30.9962,1.11579
30.9977,1.11578
30.9992,1.11578
31.0007,1.11578
31.0022,1.11578
31.0037,1.11578
31.0052,1.11577
31.0067,1.11577
31.0082,1.11577
31.0097,1.11577
31.0112,1.11577
31.0127,1.11577
31.0142,1.11577
31.0157,1.11577
31.0172,1.11576
31.0187,1.11576
31.0201,1.11576
31.0216,1.11576
31.0231,1.11576
31.0246,1.11576
31.0261,1.11576
31.0276,1.11576
31.0291,1.11576
31.0306,1.11576
31.0321,1.11576
31.0336,1.11576
31.0351,1.11576
31.0366,1.11575
31.0381,1.11575
31.0396,1.11575
31.0411,1.11575
31.0426,1.11575
31.0441,1.11575
31.0456,1.11575
31.0471,1.11575
31.0486,1.11575
31.0501,1.11575
31.0516,1.11575
31.0531,1.11575
31.0546,1.11575
31.0561,1.11575
31.0576,1.11575
31.0591,1.11575
31.0606,1.11575
31.0621,1.11575
31.0636,1.11575
31.0651,1.11575
31.0666,1.11575
31.0681,1.11575
31.0696,1.11575
31.0711,1.11575
31.0726,1.11575
31.0741,1.11575
31.0756,1.11575
31.0771,1.11575
31.0786,1.11575
31.0801,1.11575
31.0816,1.11575
31.0831,1.11575
31.0846,1.11575
31.0861,1.11575
31.0876,1.11575
31.0891,1.11575
31.0906,1.11575
31.0921,1.11575
31.0936,1.11575
31.0951,1.11575
31.0966,1.11575
31.0981,1.11575
31.0996,1.11575
31.1011,1.11575
31.1026,1.11575
31.1041,1.11575
31.1056,1.11575
31.1071,1.11575
31.1086,1.11575
31.1101,1.11575
31.1116,1.11575
31.1131,1.11575
31.1146,1.11576
31.1161,1.11576
31.1176,1.11576
31.1191,1.11576
31.1206,1.11576
31.1221,1.11576
31.1236,1.11576
31.1251,1.11576
31.1266,1.11576
31.1281,1.11576
31.1296,1.11576
31.1311,1.11576
31.1326,1.11576
31.1341,1.11576
31.1356,1.11576
31.1371,1.11576
31.1386,1.11576
31.1401,1.11576
31.1416,1.11576
31.1431,1.11576
31.1446,1.11576
31.1461,1.11576
31.1476,1.11576
31.1491,1.11576
31.1506,1.11575
31.1521,1.11576
31.1536,1.11575
31.1551,1.11575
31.1566,1.11575
31.1581,1.11575
31.1596,1.11575
31.1611,1.11575
31.1626,1.11575
31.1641,1.11575
31.1656,1.11575
31.1671,1.11575
31.1686,1.11575
31.1701,1.11575
31.1716,1.11574
31.1731,1.11574
31.1746,1.11574
31.1761,1.11574
31.1776,1.11574
31.1791,1.11574
31.1806,1.11574
31.1821,1.11574
31.1836,1.11573
31.1851,1.11573
31.1866,1.11573
31.1881,1.11573
31.1896,1.11573
31.1911,1.11573
31.1926,1.11573
31.1941,1.11572
31.1956,1.11572
31.1971,1.11572
31.1986,1.11572
31.2001,1.11572
31.2015,1.11572
31.203,1.11571
31.2045,1.11571
31.206,1.11571
31.2075,1.11571
31.209,1.11571
31.2105,1.1157
31.212,1.1157
31.2135,1.1157
31.215,1.1157
31.2165,1.1157
31.218,1.11569
31.2195,1.11569
31.221,1.11569
31.2225,1.11569
31.224,1.11569
31.2255,1.11568
31.227,1.11568
31.2285,1.11568
31.23,1.11568
31.2315,1.11568
31.233,1.11567
31.2345,1.11567
31.236,1.11567
31.2375,1.11567
31.239,1.11567
31.2405,1.11566
31.242,1.11566
31.2435,1.11566
31.245,1.11566
31.2465,1.11566
31.248,1.11565
31.2495,1.11565
31.251,1.11565
31.2525,1.11565
31.254,1.11565
31.2555,1.11564
31.257,1.11564
31.2585,1.11564
31.26,1.11564
31.2615,1.11564
31.263,1.11564
31.2645,1.11563
31.266,1.11563
31.2675,1.11563
31.269,1.11563
31.2705,1.11563
31.272,1.11563
31.2735,1.11562
31.275,1.11562
31.2765,1.11562
31.278,1.11562
31.2795,1.11562
31.281,1.11562
31.2825,1.11562
31.284,1.11561
31.2855,1.11561
31.287,1.11561
31.2885,1.11561
31.29,1.11561
31.2915,1.11561
31.293,1.11561
31.2945,1.1156
31.296,1.1156
31.2975,1.1156
31.299,1.1156
31.3005,1.1156
31.302,1.1156
31.3035,1.1156
31.305,1.1156
31.3065,1.1156
31.308,1.11559
31.3095,1.1156
31.311,1.11559
31.3125,1.11559
31.314,1.11559
31.3155,1.11559
31.317,1.11559
31.3185,1.11559
31.32,1.11559
31.3215,1.11559
31.323,1.11559
31.3245,1.11559
31.326,1.11559
31.3275,1.11559
31.329,1.11559
31.3305,1.11558
31.332,1.11559
31.3335,1.11559
31.335,1.11558
31.3365,1.11558
31.338,1.11558
31.3395,1.11558
31.341,1.11558
31.3425,1.11558
31.344,1.11558
31.3455,1.11558
31.347,1.11558
31.3485,1.11558
31.35,1.11558
31.3515,1.11558
31.353,1.11558
31.3545,1.11558
31.356,1.11559
31.3575,1.11558
31.359,1.11559
31.3605,1.11559
31.362,1.11559
31.3635,1.11559
31.365,1.11559
31.3665,1.11559
31.368,1.11559
31.3695,1.11559
31.371,1.11559
31.3725,1.11559
31.374,1.11559
31.3755,1.11559
31.377,1.11559
31.3785,1.11559
31.38,1.11559
31.3815,1.1156
31.3829,1.1156
31.3844,1.1156
31.3859,1.1156
31.3874,1.1156
31.3889,1.1156
31.3904,1.1156
31.3919,1.1156
31.3934,1.1156
31.3949,1.11561
31.3964,1.11561
31.3979,1.11561
31.3994,1.11561
31.4009,1.11561
31.4024,1.11561
31.4039,1.11561
31.4054,1.11562
31.4069,1.11562
31.4084,1.11562
31.4099,1.11562
31.4114,1.11562
31.4129,1.11562
31.4144,1.11562
31.4159,1.11563
31.4174,1.11563
31.4189,1.11563
31.4204,1.11563
31.4219,1.11563
31.4234,1.11563
31.4249,1.11564
31.4264,1.11564
31.4279,1.11564
31.4294,1.11564
31.4309,1.11564
31.4324,1.11565
31.4339,1.11565
31.4354,1.11565
31.4369,1.11565
31.4384,1.11565
31.4399,1.11565
31.4414,1.11566
31.4429,1.11566
31.4444,1.11566
31.4459,1.11566
31.4474,1.11566
31.4489,1.11566
31.4504,1.11567
31.4519,1.11567
31.4534,1.11567
31.4549,1.11567
31.4564,1.11567
31.4579,1.11567
31.4594,1.11567
31.4609,1.11568
31.4624,1.11568
31.4639,1.11568
31.4654,1.11568
31.4669,1.11568
31.4684,1.11568
31.4699,1.11568
31.4714,1.11569
31.4729,1.11569
31.4744,1.11569
31.4759,1.11569
31.4774,1.11569
31.4789,1.11569
31.4804,1.11569
31.4819,1.11569
31.4834,1.11569
31.4849,1.1157
31.4864,1.1157
31.4879,1.1157
31.4894,1.1157
31.4909,1.1157
31.4924,1.1157
31.4939,1.1157
31.4954,1.1157
31.4969,1.1157
31.4984,1.1157
31.4999,1.11571
31.5014,1.11571
31.5029,1.11571
31.5044,1.11571
31.5059,1.11571
31.5074,1.11571
31.5089,1.11571
31.5104,1.11571
31.5119,1.11571
31.5134,1.11572
31.5149,1.11572
31.5164,1.11572
31.5179,1.11572
31.5194,1.11572
31.5209,1.11572
31.5224,1.11572
31.5239,1.11572
31.5254,1.11572
31.5269,1.11572
31.5284,1.11573
31.5299,1.11573
31.5314,1.11573
31.5329,1.11573
31.5344,1.11573
31.5359,1.11573
31.5374,1.11573
31.5389,1.11573
31.5404,1.11573
31.5419,1.11574
31.5434,1.11574
31.5449,1.11574
31.5464,1.11574
31.5479,1.11574
31.5494,1.11574
31.5509,1.11574
31.5524,1.11574
31.5539,1.11574
31.5554,1.11575
31.5569,1.11575
31.5584,1.11575
31.5599,1.11575
31.5614,1.11575
31.5629,1.11575
31.5644,1.11575
31.5658,1.11575
31.5673,1.11575
31.5688,1.11575
31.5703,1.11576
31.5718,1.11576
31.5733,1.11576
31.5748,1.11576
31.5763,1.11576
31.5778,1.11576
31.5793,1.11576
31.5808,1.11576
31.5823,1.11577
31.5838,1.11577
31.5853,1.11577
31.5868,1.11577
31.5883,1.11577
31.5898,1.11577
31.5913,1.11577
31.5928,1.11577
31.5943,1.11577
31.5958,1.11577
31.5973,1.11578
31.5988,1.11578
31.6003,1.11578
31.6018,1.11578
31.6033,1.11578
31.6048,1.11578
31.6063,1.11578
31.6078,1.11578
31.6093,1.11578
31.6108,1.11579
31.6123,1.11579
31.6138,1.11579
31.6153,1.11579
31.6168,1.11579
31.6183,1.11579
31.6198,1.11579
31.6213,1.11579
31.6228,1.11579
31.6243,1.11579
31.6258,1.1158
31.6273,1.1158
31.6288,1.1158
31.6303,1.1158
31.6318,1.1158
31.6333,1.1158
31.6348,1.1158
31.6363,1.1158
31.6378,1.1158
31.6393,1.1158
31.6408,1.11581
31.6423,1.11581
31.6438,1.11581
31.6453,1.11581
31.6468,1.11581
31.6483,1.11581
31.6498,1.11581
31.6513,1.11581
31.6528,1.11581
31.6543,1.11581
31.6558,1.11581
31.6573,1.11582
31.6588,1.11582
31.6603,1.11582
31.6618,1.11582
31.6633,1.11582
31.6648,1.11582
31.6663,1.11582
31.6678,1.11582
31.6693,1.11582
31.6708,1.11582
31.6723,1.11582
31.6738,1.11583
31.6753,1.11583
31.6768,1.11583
31.6783,1.11583
31.6798,1.11583
31.6813,1.11583
31.6828,1.11583
31.6843,1.11583
31.6858,1.11583
31.6873,1.11583
31.6888,1.11584
31.6903,1.11584
31.6918,1.11584
31.6933,1.11584
31.6948,1.11584
31.6963,1.11584
31.6978,1.11584
31.6993,1.11584
31.7008,1.11584
31.7023,1.11585
31.7038,1.11585
31.7053,1.11585
31.7068,1.11585
31.7083,1.11585
31.7098,1.11585
31.7113,1.11585
31.7128,1.11585
31.7143,1.11585
31.7158,1.11586
31.7173,1.11586
31.7188,1.11586
31.7203,1.11586
31.7218,1.11586
31.7233,1.11586
31.7248,1.11586
31.7263,1.11586
31.7278,1.11586
31.7293,1.11587
31.7308,1.11587
31.7323,1.11587
31.7338,1.11587
31.7353,1.11587
31.7368,1.11588
31.7383,1.11588
31.7398,1.11588
31.7413,1.11588
31.7428,1.11588
31.7443,1.11588
31.7458,1.11588
31.7472,1.11589
31.7487,1.11589
31.7502,1.11589
31.7517,1.11589
31.7532,1.1159
31.7547,1.1159
31.7562,1.1159
31.7577,1.1159
31.7592,1.1159
31.7607,1.11591
31.7622,1.11591
31.7637,1.11591
31.7652,1.11591
31.7667,1.11591
31.7682,1.11592
31.7697,1.11592
31.7712,1.11592
31.7727,1.11593
31.7742,1.11593
31.7757,1.11593
31.7772,1.11593
31.7787,1.11594
31.7802,1.11594
31.7817,1.11594
31.7832,1.11594
31.7847,1.11595
31.7862,1.11595
31.7877,1.11595
31.7892,1.11596
31.7907,1.11596
31.7922,1.11597
31.7937,1.11597
31.7952,1.11597
31.7967,1.11597
31.7982,1.11598
31.7997,1.11598
31.8012,1.11599
31.8027,1.11599
31.8042,1.11599
31.8057,1.116
31.8072,1.116
31.8087,1.116
31.8102,1.11601
31.8117,1.11601
31.8132,1.11602
31.8147,1.11602
31.8162,1.11603
31.8177,1.11603
31.8192,1.11603
31.8207,1.11604
31.8222,1.11604
31.8237,1.11605
31.8252,1.11605
31.8267,1.11606
31.8282,1.11606
31.8297,1.11607
31.8312,1.11607
31.8327,1.11608
31.8342,1.11608
31.8357,1.11608
31.8372,1.11609
31.8387,1.11609
31.8402,1.1161
31.8417,1.1161
31.8432,1.11611
31.8447,1.11611
31.8462,1.11612
31.8477,1.11612
31.8492,1.11613
31.8507,1.11613
31.8522,1.11614
31.8537,1.11614
31.8552,1.11615
31.8567,1.11615
31.8582,1.11616
31.8597,1.11616
31.8612,1.11617
31.8627,1.11617
31.8642,1.11618
31.8657,1.11618
31.8672,1.11619
31.8687,1.11619
31.8702,1.1162
31.8717,1.1162
31.8732,1.11621
31.8747,1.11621
31.8762,1.11622
31.8777,1.11622
31.8792,1.11623
31.8807,1.11623
31.8822,1.11624
31.8837,1.11624
31.8852,1.11624
31.8867,1.11625
31.8882,1.11625
31.8897,1.11626
31.8912,1.11626
31.8927,1.11627
31.8942,1.11627
31.8957,1.11628
31.8972,1.11628
31.8987,1.11629
31.9002,1.11629
31.9017,1.11629
31.9032,1.1163
31.9047,1.1163
31.9062,1.11631
31.9077,1.11631
31.9092,1.11632
31.9107,1.11632
31.9122,1.11633
31.9137,1.11633
31.9152,1.11633
31.9167,1.11634
31.9182,1.11634
31.9197,1.11635
31.9212,1.11635
31.9227,1.11636
31.9242,1.11636
31.9257,1.11636
31.9272,1.11637
31.9286,1.11637
31.9301,1.11638
31.9316,1.11638
31.9331,1.11639
31.9346,1.11639
31.9361,1.11639
31.9376,1.1164
31.9391,1.1164
31.9406,1.11641
31.9421,1.11641
31.9436,1.11641
31.9451,1.11642
31.9466,1.11642
31.9481,1.11642
31.9496,1.11643
31.9511,1.11644
31.9526,1.11644
31.9541,1.11644
31.9556,1.11645
31.9571,1.11645
31.9586,1.11645
31.9601,1.11646
31.9616,1.11646
31.9631,1.11647
31.9646,1.11647
31.9661,1.11647
31.9676,1.11648
31.9691,1.11648
31.9706,1.11649
31.9721,1.11649
31.9736,1.11649
31.9751,1.11649
31.9766,1.1165
31.9781,1.1165
31.9796,1.11651
31.9811,1.11651
31.9826,1.11651
31.9841,1.11652
31.9856,1.11652
31.9871,1.11652
31.9886,1.11653
31.9901,1.11653
31.9916,1.11653
31.9931,1.11653
31.9946,1.11654
31.9961,1.11654
31.9976,1.11655
31.9991,1.11655
32.0006,1.11655
32.0021,1.11655
32.0036,1.11656
32.0051,1.11656
32.0066,1.11656
32.0081,1.11656
32.0096,1.11657
32.0111,1.11657
32.0126,1.11657
32.0141,1.11657
32.0156,1.11658
32.0171,1.11658
32.0186,1.11658
32.0201,1.11658
32.0216,1.11658
32.0231,1.11659
32.0246,1.11659
32.0261,1.11659
32.0276,1.11659
32.0291,1.1166
32.0306,1.1166
32.0321,1.1166
32.0336,1.1166
32.0351,1.1166
32.0366,1.11661
32.0381,1.11661
32.0396,1.11661
32.0411,1.11661
32.0426,1.11661
32.0441,1.11662
32.0456,1.11662
32.0471,1.11662
32.0486,1.11662
32.0501,1.11662
32.0516,1.11662
32.0531,1.11663
32.0546,1.11663
32.0561,1.11663
32.0576,1.11663
32.0591,1.11663
32.0606,1.11663
32.0621,1.11663
32.0636,1.11664
32.0651,1.11664
32.0666,1.11664
32.0681,1.11664
32.0696,1.11664
32.0711,1.11665
32.0726,1.11665
32.0741,1.11665
32.0756,1.11665
32.0771,1.11665
32.0786,1.11665
32.0801,1.11666
32.0816,1.11666
32.0831,1.11666
32.0846,1.11666
32.0861,1.11666
32.0876,1.11667
32.0891,1.11667
32.0906,1.11667
32.0921,1.11667
32.0936,1.11667
32.0951,1.11667
32.0966,1.11668
32.0981,1.11668
32.0996,1.11668
32.1011,1.11668
32.1026,1.11668
32.1041,1.11668
32.1056,1.11669
32.1071,1.11669
32.1086,1.11669
32.1101,1.11669
32.1115,1.11669
32.113,1.1167
32.1145,1.1167
32.116,1.1167
32.1175,1.1167
32.119,1.1167
32.1205,1.1167
32.122,1.1167
32.1235,1.11671
32.125,1.11671
32.1265,1.11671
32.128,1.11671
32.1295,1.11671
32.131,1.11671
32.1325,1.11671
32.134,1.11672
32.1355,1.11672
32.137,1.11672
32.1385,1.11672
32.14,1.11672
32.1415,1.11672
32.143,1.11672
32.1445,1.11673
32.146,1.11673
32.1475,1.11673
32.149,1.11673
32.1505,1.11673
32.152,1.11673
32.1535,1.11673
32.155,1.11673
32.1565,1.11673
32.158,1.11673
32.1595,1.11673
32.161,1.11674
32.1625,1.11674
32.164,1.11674
32.1655,1.11674
32.167,1.11674
32.1685,1.11674
32.17,1.11674
32.1715,1.11674
32.173,1.11674
32.1745,1.11674
32.176,1.11674
32.1775,1.11674
32.179,1.11674
32.1805,1.11674
32.182,1.11674
32.1835,1.11674
32.185,1.11674
32.1865,1.11674
32.188,1.11674
32.1895,1.11674
32.191,1.11674
32.1925,1.11674
32.194,1.11674
32.1955,1.11674
32.197,1.11674
32.1985,1.11674
32.2,1.11674
32.2015,1.11674
32.203,1.11674
32.2045,1.11674
32.206,1.11674
32.2075,1.11674
32.209,1.11674
32.2105,1.11674
32.212,1.11674
32.2135,1.11674
32.215,1.11674
32.2165,1.11674
32.218,1.11674
32.2195,1.11674
32.221,1.11674
32.2225,1.11674
32.224,1.11674
32.2255,1.11674
32.227,1.11674
32.2285,1.11674
32.23,1.11674
32.2315,1.11674
32.233,1.11673
32.2345,1.11673
32.236,1.11673
32.2375,1.11673
32.239,1.11673
32.2405,1.11673
32.242,1.11673
32.2435,1.11673
32.245,1.11673
32.2465,1.11673
32.248,1.11673
32.2495,1.11673
32.251,1.11673
32.2525,1.11673
32.254,1.11672
32.2555,1.11672
32.257,1.11672
32.2585,1.11672
32.26,1.11672
32.2615,1.11672
32.263,1.11672
32.2645,1.11672
32.266,1.11672
32.2675,1.11672
32.269,1.11672
32.2705,1.11672
32.272,1.11671
32.2735,1.11671
32.275,1.11671
32.2765,1.11671
32.278,1.11671
32.2795,1.11671
32.281,1.11671
32.2825,1.11671
32.284,1.11671
32.2855,1.11671
32.287,1.1167
32.2885,1.1167
32.29,1.1167
32.2915,1.1167
32.2929,1.1167
32.2944,1.1167
32.2959,1.1167
32.2974,1.1167
32.2989,1.1167
32.3004,1.11669
32.3019,1.11669
32.3034,1.11669
32.3049,1.11669
32.3064,1.11669
32.3079,1.11669
32.3094,1.11669
32.3109,1.11669
32.3124,1.11669
32.3139,1.11668
32.3154,1.11668
32.3169,1.11668
32.3184,1.11668
32.3199,1.11668
32.3214,1.11668
32.3229,1.11668
32.3244,1.11667
32.3259,1.11667
32.3274,1.11667
32.3289,1.11667
32.3304,1.11667
32.3319,1.11667
32.3334,1.11666
32.3349,1.11666
32.3364,1.11666
32.3379,1.11666
32.3394,1.11666
32.3409,1.11665
32.3424,1.11665
32.3439,1.11665
32.3454,1.11665
32.3469,1.11665
32.3484,1.11664
32.3499,1.11664
32.3514,1.11664
32.3529,1.11664
32.3544,1.11663
32.3559,1.11663
32.3574,1.11663
32.3589,1.11663
32.3604,1.11662
32.3619,1.11662
32.3634,1.11662
32.3649,1.11662
32.3664,1.11661
32.3679,1.11661
32.3694,1.11661
32.3709,1.1166
32.3724,1.1166
32.3739,1.1166
32.3754,1.11659
32.3769,1.11659
32.3784,1.11659
32.3799,1.11658
32.3814,1.11658
32.3829,1.11658
32.3844,1.11657
32.3859,1.11657
32.3874,1.11656
32.3889,1.11656
32.3904,1.11656
32.3919,1.11655
32.3934,1.11655
32.3949,1.11654
32.3964,1.11654
32.3979,1.11653
32.3994,1.11653
32.4009,1.11653
32.4024,1.11652
32.4039,1.11652
32.4054,1.11651
32.4069,1.11651
32.4084,1.11651
32.4099,1.1165
32.4114,1.11649
32.4129,1.11649
32.4144,1.11648
32.4159,1.11648
32.4174,1.11648
32.4189,1.11647
32.4204,1.11647
32.4219,1.11646
32.4234,1.11646
32.4249,1.11645
32.4264,1.11645
32.4279,1.11644
32.4294,1.11644
32.4309,1.11643
32.4324,1.11642
32.4339,1.11642
32.4354,1.11642
32.4369,1.11641
32.4384,1.1164
32.4399,1.1164
32.4414,1.11639
32.4429,1.11639
32.4444,1.11638
32.4459,1.11638
32.4474,1.11637
32.4489,1.11637
32.4504,1.11636
32.4519,1.11636
32.4534,1.11635
32.4549,1.11635
32.4564,1.11634
32.4579,1.11634
32.4594,1.11633
32.4609,1.11633
32.4624,1.11632
32.4639,1.11632
32.4654,1.11631
32.4669,1.1163
32.4684,1.1163
32.4699,1.11629
32.4714,1.11629
32.4729,1.11628
32.4743,1.11628
32.4758,1.11627
32.4773,1.11627
32.4788,1.11626
32.4803,1.11626
32.4818,1.11625
32.4833,1.11625
32.4848,1.11624
32.4863,1.11623
32.4878,1.11623
32.4893,1.11623
32.4908,1.11622
32.4923,1.11621
32.4938,1.11621
32.4953,1.1162
32.4968,1.1162
32.4983,1.11619
32.4998,1.11619
32.5013,1.11618
32.5028,1.11618
32.5043,1.11617
32.5058,1.11617
32.5073,1.11616
32.5088,1.11616
32.5103,1.11615
32.5118,1.11615
32.5133,1.11614
32.5148,1.11614
32.5163,1.11613
32.5178,1.11613
32.5193,1.11612
32.5208,1.11612
32.5223,1.11611
32.5238,1.11611
32.5253,1.1161
32.5268,1.1161
32.5283,1.11609
32.5298,1.11609
32.5313,1.11608
32.5328,1.11608
32.5343,1.11607
32.5358,1.11607
32.5373,1.11606
32.5388,1.11606
32.5403,1.11606
32.5418,1.11605
32.5433,1.11605
32.5448,1.11604
32.5463,1.11604
32.5478,1.11603
32.5493,1.11603
32.5508,1.11603
32.5523,1.11602
32.5538,1.11602
32.5553,1.11601
32.5568,1.11601
32.5583,1.11601
32.5598,1.116
32.5613,1.116
32.5628,1.11599
32.5643,1.11599
32.5658,1.11599
32.5673,1.11598
32.5688,1.11598
32.5703,1.11598
32.5718,1.11597
32.5733,1.11597
32.5748,1.11596
32.5763,1.11596
32.5778,1.11596
32.5793,1.11596
32.5808,1.11595
32.5823,1.11595
32.5838,1.11595
32.5853,1.11594
32.5868,1.11594
32.5883,1.11594
32.5898,1.11593
32.5913,1.11593
32.5928,1.11593
32.5943,1.11592
32.5958,1.11592
32.5973,1.11592
32.5988,1.11592
32.6003,1.11591
32.6018,1.11591
32.6033,1.11591
32.6048,1.11591
32.6063,1.1159
32.6078,1.1159
32.6093,1.1159
32.6108,1.1159
32.6123,1.11589
32.6138,1.11589
32.6153,1.11589
32.6168,1.11588
32.6183,1.11588
32.6198,1.11588
32.6213,1.11588
32.6228,1.11587
32.6243,1.11587
32.6258,1.11587
32.6273,1.11587
32.6288,1.11587
32.6303,1.11586
32.6318,1.11586
32.6333,1.11586
32.6348,1.11586
32.6363,1.11586
32.6378,1.11585
32.6393,1.11585
32.6408,1.11585
32.6423,1.11585
32.6438,1.11585
32.6453,1.11584
32.6468,1.11584
32.6483,1.11584
32.6498,1.11584
32.6513,1.11584
32.6528,1.11583
32.6543,1.11583
32.6558,1.11583
32.6572,1.11583
32.6587,1.11583
32.6602,1.11582
32.6617,1.11582
32.6632,1.11582
32.6647,1.11582
32.6662,1.11582
32.6677,1.11582
32.6692,1.11581
32.6707,1.11581
32.6722,1.11581
32.6737,1.11581
32.6752,1.11581
32.6767,1.11581
32.6782,1.1158
32.6797,1.1158
32.6812,1.1158
32.6827,1.1158
32.6842,1.1158
32.6857,1.1158
32.6872,1.11579
32.6887,1.11579
32.6902,1.11579
32.6917,1.11579
32.6932,1.11579
32.6947,1.11578
32.6962,1.11578
32.6977,1.11578
32.6992,1.11578
32.7007,1.11578
32.7022,1.11577
32.7037,1.11577
32.7052,1.11577
32.7067,1.11577
32.7082,1.11577
32.7097,1.11577
32.7112,1.11576
32.7127,1.11576
32.7142,1.11576
32.7157,1.11576
32.7172,1.11575
32.7187,1.11575
32.7202,1.11575
32.7217,1.11575
32.7232,1.11575
32.7247,1.11574
32.7262,1.11574
32.7277,1.11574
32.7292,1.11574
32.7307,1.11574
32.7322,1.11573
32.7337,1.11573
32.7352,1.11573
32.7367,1.11573
32.7382,1.11572
32.7397,1.11572
32.7412,1.11572
32.7427,1.11572
32.7442,1.11571
32.7457,1.11571
32.7472,1.11571
32.7487,1.11571
32.7502,1.1157
32.7517,1.1157
32.7532,1.1157
32.7547,1.1157
32.7562,1.11569
32.7577,1.11569
32.7592,1.11569
32.7607,1.11569
32.7622,1.11568
32.7637,1.11568
32.7652,1.11568
32.7667,1.11567
32.7682,1.11567
32.7697,1.11567
32.7712,1.11567
32.7727,1.11566
32.7742,1.11566
32.7757,1.11566
32.7772,1.11565
32.7787,1.11565
32.7802,1.11565
32.7817,1.11564
32.7832,1.11564
32.7847,1.11564
32.7862,1.11564
32.7877,1.11563
32.7892,1.11563
32.7907,1.11563
32.7922,1.11562
32.7937,1.11562
32.7952,1.11561
32.7967,1.11561
32.7982,1.11561
32.7997,1.1156
32.8012,1.1156
32.8027,1.1156
32.8042,1.11559
32.8057,1.11559
32.8072,1.11559
32.8087,1.11559
32.8102,1.11558
32.8117,1.11558
32.8132,1.11557
32.8147,1.11557
32.8162,1.11557
32.8177,1.11556
32.8192,1.11556
32.8207,1.11556
32.8222,1.11555
32.8237,1.11555
32.8252,1.11555
32.8267,1.11554
32.8282,1.11554
32.8297,1.11553
32.8312,1.11553
32.8327,1.11553
32.8342,1.11552
32.8357,1.11552
32.8372,1.11551
32.8386,1.11551
32.8401,1.11551
32.8416,1.1155
32.8431,1.1155
32.8446,1.1155
32.8461,1.11549
32.8476,1.11549
32.8491,1.11548
32.8506,1.11548
32.8521,1.11548
32.8536,1.11547
32.8551,1.11547
32.8566,1.11547
32.8581,1.11546
32.8596,1.11546
32.8611,1.11546
32.8626,1.11545
32.8641,1.11545
32.8656,1.11545
32.8671,1.11544
32.8686,1.11544
32.8701,1.11543
32.8716,1.11543
32.8731,1.11543
32.8746,1.11542
32.8761,1.11542
32.8776,1.11542
32.8791,1.11542
32.8806,1.11541
32.8821,1.11541
32.8836,1.11541
32.8851,1.1154
32.8866,1.1154
32.8881,1.1154
32.8896,1.11539
32.8911,1.11539
32.8926,1.11539
32.8941,1.11538
32.8956,1.11538
32.8971,1.11538
32.8986,1.11538
32.9001,1.11537
32.9016,1.11537
32.9031,1.11537
32.9046,1.11537
32.9061,1.11536
32.9076,1.11536
32.9091,1.11536
32.9106,1.11536
32.9121,1.11535
32.9136,1.11535
32.9151,1.11535
32.9166,1.11535
32.9181,1.11534
32.9196,1.11534
32.9211,1.11534
32.9226,1.11534
32.9241,1.11534
32.9256,1.11533
32.9271,1.11533
32.9286,1.11533
32.9301,1.11533
32.9316,1.11533
32.9331,1.11532
32.9346,1.11532
32.9361,1.11532
32.9376,1.11532
32.9391,1.11532
32.9406,1.11532
32.9421,1.11532
32.9436,1.11531
32.9451,1.11531
32.9466,1.11531
32.9481,1.11531
32.9496,1.11531
32.9511,1.11531
32.9526,1.1153
32.9541,1.1153
32.9556,1.1153
32.9571,1.1153
32.9586,1.1153
32.9601,1.1153
32.9616,1.1153
32.9631,1.11529
32.9646,1.11529
32.9661,1.11529
32.9676,1.11529
32.9691,1.11529
32.9706,1.11529
32.9721,1.11529
32.9736,1.11529
32.9751,1.11529
32.9766,1.11528
32.9781,1.11528
32.9796,1.11528
32.9811,1.11528
32.9826,1.11528
32.9841,1.11528
32.9856,1.11528
32.9871,1.11528
32.9886,1.11528
32.9901,1.11528
32.9916,1.11528
32.9931,1.11528
32.9946,1.11528
32.9961,1.11527
32.9976,1.11527
32.9991,1.11527
33.0006,1.11527
33.0021,1.11527
33.0036,1.11527
33.0051,1.11527
33.0066,1.11527
33.0081,1.11527
33.0096,1.11527
33.0111,1.11527
33.0126,1.11527
33.0141,1.11527
33.0156,1.11527
33.0171,1.11527
33.0186,1.11527
33.0201,1.11527
33.0215,1.11527
33.023,1.11527
33.0245,1.11527
33.026,1.11527
33.0275,1.11527
33.029,1.11527
33.0305,1.11526
33.032,1.11527
33.0335,1.11527
33.035,1.11527
33.0365,1.11527
33.038,1.11527
33.0395,1.11527
33.041,1.11527
33.0425,1.11527
33.044,1.11527
33.0455,1.11527
33.047,1.11527
33.0485,1.11526
33.05,1.11527
33.0515,1.11527
33.053,1.11527
33.0545,1.11527
33.056,1.11527
33.0575,1.11527
33.059,1.11527
33.0605,1.11527
33.062,1.11527
33.0635,1.11527
33.065,1.11527
33.0665,1.11527
33.068,1.11527
33.0695,1.11527
33.071,1.11527
33.0725,1.11527
33.074,1.11527
33.0755,1.11527
33.077,1.11527
33.0785,1.11528
33.08,1.11528
33.0815,1.11528
33.083,1.11528
33.0845,1.11528
33.086,1.11528
33.0875,1.11528
33.089,1.11528
33.0905,1.11529
33.092,1.11528
33.0935,1.11529
33.095,1.11529
33.0965,1.11529
33.098,1.11529
33.0995,1.11529
33.101,1.1153
33.1025,1.1153
33.104,1.1153
33.1055,1.1153
33.107,1.1153
33.1085,1.1153
33.11,1.11531
33.1115,1.11531
33.113,1.11531
33.1145,1.11531
33.116,1.11531
33.1175,1.11531
33.119,1.11532
33.1205,1.11532
33.122,1.11532
33.1235,1.11532
33.125,1.11533
33.1265,1.11533
33.128,1.11533
33.1295,1.11534
33.131,1.11534
33.1325,1.11534
33.134,1.11534
33.1355,1.11535
33.137,1.11535
33.1385,1.11535
33.14,1.11535
33.1415,1.11536
33.143,1.11536
33.1445,1.11537
33.146,1.11537
33.1475,1.11537
33.149,1.11537
33.1505,1.11538
33.152,1.11538
33.1535,1.11538
33.155,1.11539
33.1565,1.11539
33.158,1.11539
33.1595,1.1154
33.161,1.1154
33.1625,1.1154
33.164,1.11541
33.1655,1.11541
33.167,1.11542
33.1685,1.11542
33.17,1.11542
33.1715,1.11543
33.173,1.11543
33.1745,1.11544
33.176,1.11544
33.1775,1.11545
33.179,1.11545
33.1805,1.11545
33.182,1.11546
33.1835,1.11546
33.185,1.11547
33.1865,1.11547
33.188,1.11548
33.1895,1.11548
33.191,1.11548
33.1925,1.11549
33.194,1.11549
33.1955,1.1155
33.197,1.11551
33.1985,1.11551
33.2,1.11551
33.2015,1.11552
33.2029,1.11553
33.2044,1.11553
33.2059,1.11554
33.2074,1.11554
33.2089,1.11555
33.2104,1.11555
33.2119,1.11556
33.2134,1.11556
33.2149,1.11557
33.2164,1.11557
33.2179,1.11558
33.2194,1.11558
33.2209,1.11559
33.2224,1.11559
33.2239,1.1156
33.2254,1.11561
33.2269,1.11561
33.2284,1.11562
33.2299,1.11562
33.2314,1.11563
33.2329,1.11563
33.2344,1.11564
33.2359,1.11565
33.2374,1.11565
33.2389,1.11566
33.2404,1.11566
33.2419,1.11567
33.2434,1.11568
33.2449,1.11568
33.2464,1.11569
33.2479,1.11569
33.2494,1.1157
33.2509,1.11571
33.2524,1.11571
33.2539,1.11572
33.2554,1.11572
33.2569,1.11573
33.2584,1.11574
33.2599,1.11574
33.2614,1.11575
33.2629,1.11575
33.2644,1.11576
33.2659,1.11577
33.2674,1.11577
33.2689,1.11578
33.2704,1.11579
33.2719,1.11579
33.2734,1.1158
33.2749,1.11581
33.2764,1.11581
33.2779,1.11582
33.2794,1.11582
33.2809,1.11583
33.2824,1.11584
33.2839,1.11584
33.2854,1.11585
33.2869,1.11586
33.2884,1.11586
33.2899,1.11587
33.2914,1.11588
33.2929,1.11588
33.2944,1.11589
33.2959,1.1159
33.2974,1.1159
33.2989,1.11591
33.3004,1.11592
33.3019,1.11592
33.3034,1.11593
33.3049,1.11594
33.3064,1.11594
33.3079,1.11595
33.3094,1.11596
33.3109,1.11596
33.3124,1.11597
33.3139,1.11598
33.3154,1.11598
33.3169,1.11599
33.3184,1.116
33.3199,1.116
33.3214,1.11601
33.3229,1.11602
33.3244,1.11602
33.3259,1.11603
33.3274,1.11604
33.3289,1.11604
33.3304,1.11605
33.3319,1.11606
33.3334,1.11607
33.3349,1.11607
33.3364,1.11608
33.3379,1.11609
33.3394,1.11609
33.3409,1.1161
33.3424,1.11611
33.3439,1.11611
33.3454,1.11612
33.3469,1.11613
33.3484,1.11614
33.3499,1.11614
33.3514,1.11615
33.3529,1.11616
33.3544,1.11616
33.3559,1.11617
33.3574,1.11618
33.3589,1.11618
33.3604,1.11619
33.3619,1.1162
33.3634,1.1162
33.3649,1.11621
33.3664,1.11622
33.3679,1.11622
33.3694,1.11623
33.3709,1.11624
33.3724,1.11624
33.3739,1.11625
33.3754,1.11626
33.3769,1.11626
33.3784,1.11627
33.3799,1.11628
33.3814,1.11628
33.3829,1.11629
33.3843,1.1163
33.3858,1.11631
33.3873,1.11631
33.3888,1.11632
33.3903,1.11632
33.3918,1.11633
33.3933,1.11634
33.3948,1.11634
33.3963,1.11635
33.3978,1.11636
33.3993,1.11636
33.4008,1.11637
33.4023,1.11638
33.4038,1.11638
33.4053,1.11639
33.4068,1.1164
33.4083,1.1164
33.4098,1.11641
33.4113,1.11641
33.4128,1.11642
33.4143,1.11643
33.4158,1.11643
33.4173,1.11644
33.4188,1.11644
33.4203,1.11645
33.4218,1.11646
33.4233,1.11646
33.4248,1.11647
33.4263,1.11647
33.4278,1.11648
33.4293,1.11648
33.4308,1.11649
33.4323,1.1165
33.4338,1.1165
33.4353,1.11651
33.4368,1.11651
33.4383,1.11652
33.4398,1.11652
33.4413,1.11653
33.4428,1.11654
33.4443,1.11654
33.4458,1.11655
33.4473,1.11655
33.4488,1.11656
33.4503,1.11656
33.4518,1.11657
33.4533,1.11657
33.4548,1.11658
33.4563,1.11658
33.4578,1.11659
33.4593,1.11659
33.4608,1.1166
33.4623,1.1166
33.4638,1.11661
33.4653,1.11661
33.4668,1.11661
33.4683,1.11662
33.4698,1.11662
33.4713,1.11663
33.4728,1.11663
33.4743,1.11664
33.4758,1.11664
33.4773,1.11664
33.4788,1.11665
33.4803,1.11665
33.4818,1.11666
33.4833,1.11666
33.4848,1.11667
33.4863,1.11667
33.4878,1.11667
33.4893,1.11668
33.4908,1.11668
33.4923,1.11668
33.4938,1.11669
33.4953,1.11669
33.4968,1.1167
33.4983,1.1167
33.4998,1.1167
33.5013,1.11671
33.5028,1.11671
33.5043,1.11671
33.5058,1.11671
33.5073,1.11672
33.5088,1.11672
33.5103,1.11672
33.5118,1.11673
33.5133,1.11673
33.5148,1.11673
33.5163,1.11674
33.5178,1.11674
33.5193,1.11674
33.5208,1.11674
33.5223,1.11675
33.5238,1.11675
33.5253,1.11675
33.5268,1.11675
33.5283,1.11675
33.5298,1.11676
33.5313,1.11676
33.5328,1.11676
33.5343,1.11676
33.5358,1.11677
33.5373,1.11677
33.5388,1.11677
33.5403,1.11677
33.5418,1.11677
33.5433,1.11678
33.5448,1.11678
33.5463,1.11678
33.5478,1.11678
33.5493,1.11678
33.5508,1.11678
33.5523,1.11679
33.5538,1.11679
33.5553,1.11679
33.5568,1.11679
33.5583,1.11679
33.5598,1.11679
33.5613,1.11679
33.5628,1.11679
33.5643,1.11679
33.5658,1.1168
33.5672,1.1168
33.5687,1.1168
33.5702,1.1168
33.5717,1.1168
33.5732,1.1168
33.5747,1.1168
33.5762,1.1168
33.5777,1.1168
33.5792,1.1168
33.5807,1.1168
33.5822,1.11681
33.5837,1.11681
33.5852,1.11681
33.5867,1.11681
33.5882,1.11681
33.5897,1.11681
33.5912,1.11681
33.5927,1.11681
33.5942,1.11681
33.5957,1.11681
33.5972,1.11681
33.5987,1.11681
33.6002,1.11681
33.6017,1.11681
33.6032,1.11681
33.6047,1.11681
33.6062,1.11681
33.6077,1.11681
33.6092,1.11681
33.6107,1.11681
33.6122,1.11681
33.6137,1.11681
33.6152,1.11681
33.6167,1.11681
33.6182,1.11681
33.6197,1.11681
33.6212,1.11681
33.6227,1.11681
33.6242,1.11681
33.6257,1.11681
33.6272,1.11681
33.6287,1.11681
33.6302,1.11681
33.6317,1.11681
33.6332,1.11681
33.6347,1.11681
33.6362,1.11681
33.6377,1.11681
33.6392,1.11681
33.6407,1.11681
33.6422,1.11681
33.6437,1.1168
33.6452,1.1168
33.6467,1.1168
33.6482,1.1168
33.6497,1.1168
33.6512,1.1168
33.6527,1.1168
33.6542,1.1168
33.6557,1.1168
33.6572,1.1168
33.6587,1.1168
33.6602,1.1168
33.6617,1.1168
33.6632,1.1168
33.6647,1.1168
33.6662,1.1168
33.6677,1.1168
33.6692,1.1168
33.6707,1.1168
33.6722,1.1168
33.6737,1.11679
33.6752,1.11679
33.6767,1.11679
33.6782,1.11679
33.6797,1.11679
33.6812,1.11679
33.6827,1.11679
33.6842,1.11679
33.6857,1.11679
33.6872,1.11679
33.6887,1.11679
33.6902,1.11679
33.6917,1.11679
33.6932,1.11679
33.6947,1.11678
33.6962,1.11678
33.6977,1.11678
33.6992,1.11678
33.7007,1.11678
33.7022,1.11678
33.7037,1.11678
33.7052,1.11678
33.7067,1.11678
33.7082,1.11678
33.7097,1.11678
33.7112,1.11678
33.7127,1.11678
33.7142,1.11678
33.7157,1.11678
33.7172,1.11678
33.7187,1.11678
33.7202,1.11678
33.7217,1.11678
33.7232,1.11678
33.7247,1.11678
33.7262,1.11678
33.7277,1.11678
33.7292,1.11678
33.7307,1.11678
33.7322,1.11678
33.7337,1.11678
33.7352,1.11678
33.7367,1.11678
33.7382,1.11678
33.7397,1.11678
33.7412,1.11678
33.7427,1.11678
33.7442,1.11678
33.7457,1.11678
33.7472,1.11678
33.7486,1.11678
33.7501,1.11678
33.7516,1.11678
33.7531,1.11678
33.7546,1.11679
33.7561,1.11679
33.7576,1.11679
33.7591,1.11679
33.7606,1.11679
33.7621,1.11679
33.7636,1.11679
33.7651,1.11679
33.7666,1.11679
33.7681,1.1168
33.7696,1.1168
33.7711,1.1168
33.7726,1.1168
33.7741,1.1168
33.7756,1.1168
33.7771,1.1168
33.7786,1.1168
33.7801,1.11681
33.7816,1.11681
33.7831,1.11681
33.7846,1.11681
33.7861,1.11681
33.7876,1.11681
33.7891,1.11682
33.7906,1.11682
33.7921,1.11682
33.7936,1.11682
33.7951,1.11682
33.7966,1.11683
33.7981,1.11683
33.7996,1.11683
33.8011,1.11683
33.8026,1.11684
33.8041,1.11684
33.8056,1.11684
33.8071,1.11684
33.8086,1.11684
33.8101,1.11685
33.8116,1.11685
33.8131,1.11685
33.8146,1.11685
33.8161,1.11686
33.8176,1.11686
33.8191,1.11686
33.8206,1.11686
33.8221,1.11687
33.8236,1.11687
33.8251,1.11687
33.8266,1.11688
33.8281,1.11688
33.8296,1.11688
33.8311,1.11689
33.8326,1.11689
33.8341,1.11689
33.8356,1.11689
33.8371,1.1169
33.8386,1.1169
33.8401,1.11691
33.8416,1.11691
33.8431,1.11691
33.8446,1.11692
33.8461,1.11692
33.8476,1.11692
33.8491,1.11693
33.8506,1.11693
33.8521,1.11694
33.8536,1.11694
33.8551,1.11694
33.8566,1.11695
33.8581,1.11695
33.8596,1.11696
33.8611,1.11696
33.8626,1.11696
33.8641,1.11697
33.8656,1.11697
33.8671,1.11698
33.8686,1.11698
33.8701,1.11699
33.8716,1.11699
33.8731,1.117
33.8746,1.117
33.8761,1.11701
33.8776,1.11701
33.8791,1.11702
33.8806,1.11702
33.8821,1.11703
33.8836,1.11703
33.8851,1.11704
33.8866,1.11704
33.8881,1.11705
33.8896,1.11706
33.8911,1.11706
33.8926,1.11707
33.8941,1.11707
33.8956,1.11708
33.8971,1.11708
33.8986,1.11709
33.9001,1.1171
33.9016,1.1171
33.9031,1.11711
33.9046,1.11711
33.9061,1.11712
33.9076,1.11712
33.9091,1.11713
33.9106,1.11714
33.9121,1.11714
33.9136,1.11715
33.9151,1.11716
33.9166,1.11716
33.9181,1.11717
33.9196,1.11718
33.9211,1.11718
33.9226,1.11719
33.9241,1.1172
33.9256,1.1172
33.9271,1.11721
33.9286,1.11722
33.93,1.11722
33.9315,1.11723
33.933,1.11724
33.9345,1.11724
33.936,1.11725
33.9375,1.11726
33.939,1.11727
33.9405,1.11727
33.942,1.11728
33.9435,1.11728
33.945,1.11729
33.9465,1.1173
33.948,1.11731
33.9495,1.11731
33.951,1.11732
33.9525,1.11733
33.954,1.11733
33.9555,1.11734
33.957,1.11735
33.9585,1.11735
33.96,1.11736
33.9615,1.11737
33.963,1.11737
33.9645,1.11738
33.966,1.11739
33.9675,1.11739
33.969,1.1174
33.9705,1.11741
33.972,1.11741
33.9735,1.11742
33.975,1.11743
33.9765,1.11743
33.978,1.11744
33.9795,1.11745
33.981,1.11746
33.9825,1.11746
33.984,1.11747
33.9855,1.11747
33.987,1.11748
33.9885,1.11749
33.99,1.11749
33.9915,1.1175
33.993,1.1175
33.9945,1.11751
33.996,1.11752
33.9975,1.11752
33.999,1.11753
34.0005,1.11754
34.002,1.11754
34.0035,1.11755
34.005,1.11755
34.0065,1.11756
34.008,1.11756
34.0095,1.11757
34.011,1.11758
34.0125,1.11758
34.014,1.11759
34.0155,1.11759
34.017,1.1176
34.0185,1.1176
34.02,1.11761
34.0215,1.11761
34.023,1.11762
34.0245,1.11762
34.026,1.11762
34.0275,1.11763
34.029,1.11764
34.0305,1.11764
34.032,1.11764
34.0335,1.11765
34.035,1.11765
34.0365,1.11766
34.038,1.11766
34.0395,1.11766
34.041,1.11767
34.0425,1.11767
34.044,1.11767
34.0455,1.11768
34.047,1.11768
34.0485,1.11768
34.05,1.11769
34.0515,1.11769
34.053,1.11769
34.0545,1.1177
34.056,1.1177
34.0575,1.1177
34.059,1.1177
34.0605,1.1177
34.062,1.11771
34.0635,1.11771
34.065,1.11771
34.0665,1.11771
34.068,1.11771
34.0695,1.11772
34.071,1.11772
34.0725,1.11772
34.074,1.11772
34.0755,1.11772
34.077,1.11772
34.0785,1.11772
34.08,1.11773
34.0815,1.11773
34.083,1.11773
34.0845,1.11773
34.086,1.11773
34.0875,1.11773
34.089,1.11773
34.0905,1.11773
34.092,1.11773
34.0935,1.11773
34.095,1.11773
34.0965,1.11773
34.098,1.11774
34.0995,1.11773
34.101,1.11773
34.1025,1.11773
34.104,1.11773
34.1055,1.11774
34.107,1.11773
34.1085,1.11774
34.11,1.11774
34.1115,1.11774
34.1129,1.11774
34.1144,1.11774
34.1159,1.11773
34.1174,1.11774
34.1189,1.11773
34.1204,1.11773
34.1219,1.11773
34.1234,1.11773
34.1249,1.11773
34.1264,1.11773
34.1279,1.11773
34.1294,1.11773
34.1309,1.11773
34.1324,1.11773
34.1339,1.11773
34.1354,1.11773
34.1369,1.11773
34.1384,1.11773
34.1399,1.11773
34.1414,1.11773
34.1429,1.11773
34.1444,1.11772
34.1459,1.11772
34.1474,1.11772
34.1489,1.11772
34.1504,1.11772
34.1519,1.11772
34.1534,1.11772
34.1549,1.11772
34.1564,1.11772
34.1579,1.11772
34.1594,1.11771
34.1609,1.11771
34.1624,1.11771
34.1639,1.11771
34.1654,1.11771
34.1669,1.11771
34.1684,1.11771
34.1699,1.11771
34.1714,1.1177
34.1729,1.1177
34.1744,1.1177
34.1759,1.1177
34.1774,1.1177
34.1789,1.11769
34.1804,1.11769
34.1819,1.11769
34.1834,1.11769
34.1849,1.11769
34.1864,1.11769
34.1879,1.11768
34.1894,1.11768
34.1909,1.11768
34.1924,1.11768
34.1939,1.11767
34.1954,1.11767
34.1969,1.11767
34.1984,1.11767
34.1999,1.11767
34.2014,1.11766
34.2029,1.11766
34.2044,1.11766
34.2059,1.11765
34.2074,1.11765
34.2089,1.11765
34.2104,1.11765
34.2119,1.11764
34.2134,1.11764
34.2149,1.11764
34.2164,1.11764
34.2179,1.11763
34.2194,1.11763
34.2209,1.11763
34.2224,1.11762
34.2239,1.11762
34.2254,1.11762
34.2269,1.11762
34.2284,1.11761
34.2299,1.11761
34.2314,1.11761
34.2329,1.1176
34.2344,1.1176
34.2359,1.1176
34.2374,1.11759
34.2389,1.11759
34.2404,1.11759
34.2419,1.11759
34.2434,1.11758
34.2449,1.11758
34.2464,1.11757
34.2479,1.11757
34.2494,1.11757
34.2509,1.11756
34.2524,1.11756
34.2539,1.11756
34.2554,1.11755
34.2569,1.11755
34.2584,1.11755
34.2599,1.11754
34.2614,1.11754
34.2629,1.11754
34.2644,1.11753
34.2659,1.11753
34.2674,1.11753
34.2689,1.11752
34.2704,1.11752
34.2719,1.11751
34.2734,1.11751
34.2749,1.11751
34.2764,1.1175
34.2779,1.1175
34.2794,1.11749
34.2809,1.11749
34.2824,1.11749
34.2839,1.11748
34.2854,1.11748
34.2869,1.11748
34.2884,1.11747
34.2899,1.11747
34.2914,1.11747
34.2929,1.11746
34.2943,1.11746
34.2958,1.11745
34.2973,1.11745
34.2988,1.11745
34.3003,1.11744
34.3018,1.11744
34.3033,1.11743
34.3048,1.11743
34.3063,1.11742
34.3078,1.11742
34.3093,1.11742
34.3108,1.11741
34.3123,1.11741
34.3138,1.1174
34.3153,1.1174
34.3168,1.1174
34.3183,1.11739
34.3198,1.11739
34.3213,1.11738
34.3228,1.11738
34.3243,1.11737
34.3258,1.11737
34.3273,1.11737
34.3288,1.11736
34.3303,1.11736
34.3318,1.11735
34.3333,1.11735
34.3348,1.11735
34.3363,1.11734
34.3378,1.11734
34.3393,1.11733
34.3408,1.11733
34.3423,1.11733
34.3438,1.11732
34.3453,1.11732
34.3468,1.11731
34.3483,1.11731
34.3498,1.11731
34.3513,1.1173
34.3528,1.1173
34.3543,1.1173
34.3558,1.11729
34.3573,1.11729
34.3588,1.11728
34.3603,1.11728
34.3618,1.11728
34.3633,1.11727
34.3648,1.11727
34.3663,1.11727
34.3678,1.11726
34.3693,1.11726
34.3708,1.11726
34.3723,1.11725
34.3738,1.11725
34.3753,1.11724
34.3768,1.11724
34.3783,1.11724
34.3798,1.11724
34.3813,1.11723
34.3828,1.11723
34.3843,1.11723
34.3858,1.11722
34.3873,1.11722
34.3888,1.11722
34.3903,1.11722
34.3918,1.11721
34.3933,1.11721
34.3948,1.11721
34.3963,1.1172
34.3978,1.1172
34.3993,1.1172
34.4008,1.1172
34.4023,1.11719
34.4038,1.11719
34.4053,1.11719
34.4068,1.11719
34.4083,1.11719
34.4098,1.11718
34.4113,1.11718
34.4128,1.11718
34.4143,1.11718
34.4158,1.11717
34.4173,1.11717
34.4188,1.11717
34.4203,1.11717
34.4218,1.11717
34.4233,1.11717
34.4248,1.11716
34.4263,1.11716
34.4278,1.11716
34.4293,1.11716
34.4308,1.11716
34.4323,1.11716
34.4338,1.11716
34.4353,1.11715
34.4368,1.11715
34.4383,1.11715
34.4398,1.11715
34.4413,1.11715
34.4428,1.11715
34.4443,1.11715
34.4458,1.11715
34.4473,1.11714
34.4488,1.11714
34.4503,1.11714
34.4518,1.11714
34.4533,1.11714
34.4548,1.11714
34.4563,1.11714
34.4578,1.11714
34.4593,1.11714
34.4608,1.11714
34.4623,1.11714
34.4638,1.11714
34.4653,1.11714
34.4668,1.11714
34.4683,1.11714
34.4698,1.11714
34.4713,1.11713
34.4728,1.11714
34.4743,1.11714
34.4757,1.11713
34.4772,1.11714
34.4787,1.11713
34.4802,1.11713
34.4817,1.11713
34.4832,1.11713
34.4847,1.11713
34.4862,1.11713
34.4877,1.11713
34.4892,1.11713
34.4907,1.11713
34.4922,1.11713
34.4937,1.11713
34.4952,1.11713
34.4967,1.11713
34.4982,1.11713
34.4997,1.11713
34.5012,1.11713
34.5027,1.11713
34.5042,1.11713
34.5057,1.11714
34.5072,1.11714
34.5087,1.11714
34.5102,1.11714
34.5117,1.11714
34.5132,1.11714
34.5147,1.11714
34.5162,1.11714
34.5177,1.11714
34.5192,1.11714
34.5207,1.11714
34.5222,1.11714
34.5237,1.11714
34.5252,1.11714
34.5267,1.11714
34.5282,1.11714
34.5297,1.11714
34.5312,1.11714
34.5327,1.11714
34.5342,1.11714
34.5357,1.11714
34.5372,1.11714
34.5387,1.11714
34.5402,1.11714
34.5417,1.11714
34.5432,1.11714
34.5447,1.11715
34.5462,1.11715
34.5477,1.11715
34.5492,1.11715
34.5507,1.11715
34.5522,1.11715
34.5537,1.11715
34.5552,1.11715
34.5567,1.11715
34.5582,1.11715
34.5597,1.11715
34.5612,1.11715
34.5627,1.11715
34.5642,1.11715
34.5657,1.11715
34.5672,1.11715
34.5687,1.11715
34.5702,1.11715
34.5717,1.11715
34.5732,1.11715
34.5747,1.11715
34.5762,1.11715
34.5777,1.11716
34.5792,1.11716
34.5807,1.11716
34.5822,1.11716
34.5837,1.11716
34.5852,1.11716
34.5867,1.11716
34.5882,1.11716
34.5897,1.11716
34.5912,1.11716
34.5927,1.11716
34.5942,1.11716
34.5957,1.11716
34.5972,1.11716
34.5987,1.11716
34.6002,1.11716
34.6017,1.11716
34.6032,1.11716
34.6047,1.11716
34.6062,1.11716
34.6077,1.11716
34.6092,1.11716
34.6107,1.11716
34.6122,1.11716
34.6137,1.11716
34.6152,1.11717
34.6167,1.11717
34.6182,1.11717
34.6197,1.11717
34.6212,1.11717
34.6227,1.11717
34.6242,1.11717
34.6257,1.11717
34.6272,1.11717
34.6287,1.11717
34.6302,1.11717
34.6317,1.11717
34.6332,1.11717
34.6347,1.11717
34.6362,1.11717
34.6377,1.11717
34.6392,1.11717
34.6407,1.11717
34.6422,1.11717
34.6437,1.11717
34.6452,1.11717
34.6467,1.11717
34.6482,1.11717
34.6497,1.11717
34.6512,1.11717
34.6527,1.11717
34.6542,1.11717
34.6557,1.11717
34.6572,1.11717
34.6586,1.11717
34.6601,1.11716
34.6616,1.11717
34.6631,1.11717
34.6646,1.11717
34.6661,1.11717
34.6676,1.11717
34.6691,1.11716
34.6706,1.11716
34.6721,1.11716
34.6736,1.11716
34.6751,1.11716
34.6766,1.11716
34.6781,1.11716
34.6796,1.11716
34.6811,1.11716
34.6826,1.11716
34.6841,1.11716
34.6856,1.11716
34.6871,1.11716
34.6886,1.11716
34.6901,1.11716
34.6916,1.11715
34.6931,1.11715
34.6946,1.11715
34.6961,1.11715
34.6976,1.11715
34.6991,1.11715
34.7006,1.11715
34.7021,1.11715
34.7036,1.11715
34.7051,1.11714
34.7066,1.11714
34.7081,1.11714
34.7096,1.11714
34.7111,1.11714
34.7126,1.11714
34.7141,1.11713
34.7156,1.11713
34.7171,1.11713
34.7186,1.11713
34.7201,1.11713
34.7216,1.11713
34.7231,1.11712
34.7246,1.11712
34.7261,1.11712
34.7276,1.11712
34.7291,1.11712
34.7306,1.11712
34.7321,1.11711
34.7336,1.11711
34.7351,1.11711
34.7366,1.11711
34.7381,1.1171
34.7396,1.1171
34.7411,1.1171
34.7426,1.11709
34.7441,1.11709
34.7456,1.11709
34.7471,1.11709
34.7486,1.11709
34.7501,1.11708
34.7516,1.11708
34.7531,1.11708
34.7546,1.11707
34.7561,1.11707
34.7576,1.11707
34.7591,1.11706
34.7606,1.11706
34.7621,1.11706
34.7636,1.11705
34.7651,1.11705
34.7666,1.11705
34.7681,1.11705
34.7696,1.11704
34.7711,1.11704
34.7726,1.11704
34.7741,1.11703
34.7756,1.11703
34.7771,1.11703
34.7786,1.11702
34.7801,1.11702
34.7816,1.11701
34.7831,1.11701
34.7846,1.11701
34.7861,1.117
34.7876,1.117
34.7891,1.117
34.7906,1.11699
34.7921,1.11699
34.7936,1.11698
34.7951,1.11698
34.7966,1.11698
34.7981,1.11697
34.7996,1.11697
34.8011,1.11696
34.8026,1.11696
34.8041,1.11695
34.8056,1.11695
34.8071,1.11695
34.8086,1.11694
34.8101,1.11694
34.8116,1.11693
34.8131,1.11693
34.8146,1.11693
34.8161,1.11692
34.8176,1.11692
34.8191,1.11691
34.8206,1.11691
34.8221,1.1169
34.8236,1.1169
34.8251,1.1169
34.8266,1.11689
34.8281,1.11689
34.8296,1.11688
34.8311,1.11688
34.8326,1.11687
34.8341,1.11687
34.8356,1.11686
34.8371,1.11686
34.8386,1.11685
34.84,1.11685
34.8415,1.11684
34.843,1.11684
34.8445,1.11684
34.846,1.11683
34.8475,1.11683
34.849,1.11682
34.8505,1.11682
34.852,1.11681
34.8535,1.11681
34.855,1.1168
34.8565,1.1168
34.858,1.11679
34.8595,1.11679
34.861,1.11678
34.8625,1.11678
34.864,1.11677
34.8655,1.11677
34.867,1.11676
34.8685,1.11676
34.87,1.11675
34.8715,1.11675
34.873,1.11674
34.8745,1.11674
34.876,1.11673
34.8775,1.11673
34.879,1.11672
34.8805,1.11672
34.882,1.11671
34.8835,1.11671
34.885,1.1167
34.8865,1.1167
34.888,1.11669
34.8895,1.11669
34.891,1.11668
34.8925,1.11667
34.894,1.11667
34.8955,1.11666
34.897,1.11666
34.8985,1.11665
34.9,1.11665
34.9015,1.11664
34.903,1.11664
34.9045,1.11663
34.906,1.11663
34.9075,1.11662
34.909,1.11662
34.9105,1.11661
34.912,1.11661
34.9135,1.1166
34.915,1.11659
34.9165,1.11659
34.918,1.11658
34.9195,1.11658
34.921,1.11657
34.9225,1.11657
34.924,1.11656
34.9255,1.11656
34.927,1.11655
34.9285,1.11654
34.93,1.11654
34.9315,1.11653
34.933,1.11653
34.9345,1.11652
34.936,1.11652
34.9375,1.11651
34.939,1.11651
34.9405,1.1165
34.942,1.11649
34.9435,1.11649
34.945,1.11648
34.9465,1.11648
34.948,1.11647
34.9495,1.11647
34.951,1.11646
34.9525,1.11646
34.954,1.11645
34.9555,1.11645
34.957,1.11644
34.9585,1.11644
34.96,1.11643
34.9615,1.11642
34.963,1.11642
34.9645,1.11641
34.966,1.11641
34.9675,1.1164
34.969,1.1164
34.9705,1.11639
34.972,1.11639
34.9735,1.11638
34.975,1.11638
34.9765,1.11637
34.978,1.11637
34.9795,1.11636
34.981,1.11635
34.9825,1.11635
34.984,1.11635
34.9855,1.11634
34.987,1.11633
34.9885,1.11633
34.99,1.11632
34.9915,1.11632
34.993,1.11631
34.9945,1.11631
34.996,1.1163
34.9975,1.1163
34.999,1.11629
35.0005,1.11629
35.002,1.11628
35.0035,1.11628
35.005,1.11627
35.0065,1.11627
35.008,1.11626
35.0095,1.11626
35.011,1.11625
35.0125,1.11625
35.014,1.11624
35.0155,1.11624
35.017,1.11623
35.0185,1.11623
35.02,1.11622
35.0215,1.11622
35.0229,1.11621
35.0244,1.11621
35.0259,1.11621
35.0274,1.1162
35.0289,1.11619
35.0304,1.11619
35.0319,1.11619
35.0334,1.11618
35.0349,1.11617
35.0364,1.11617
35.0379,1.11617
35.0394,1.11616
35.0409,1.11616
35.0424,1.11615
35.0439,1.11615
35.0454,1.11614
35.0469,1.11614
35.0484,1.11613
35.0499,1.11613
35.0514,1.11612
35.0529,1.11612
35.0544,1.11612
35.0559,1.11611
35.0574,1.11611
35.0589,1.1161
35.0604,1.1161
35.0619,1.11609
35.0634,1.11609
35.0649,1.11608
35.0664,1.11608
35.0679,1.11608
35.0694,1.11607
35.0709,1.11607
35.0724,1.11606
35.0739,1.11606
35.0754,1.11605
35.0769,1.11605
35.0784,1.11605
35.0799,1.11604
35.0814,1.11604
35.0829,1.11603
35.0844,1.11603
35.0859,1.11602
35.0874,1.11602
35.0889,1.11602
35.0904,1.11601
35.0919,1.11601
35.0934,1.116
35.0949,1.116
35.0964,1.116
35.0979,1.11599
35.0994,1.11599
35.1009,1.11598
35.1024,1.11598
35.1039,1.11598
35.1054,1.11597
35.1069,1.11597
35.1084,1.11597
35.1099,1.11596
35.1114,1.11596
35.1129,1.11595
35.1144,1.11595
35.1159,1.11595
35.1174,1.11594
35.1189,1.11594
35.1204,1.11594
35.1219,1.11593
35.1234,1.11593
35.1249,1.11592
35.1264,1.11592
35.1279,1.11592
35.1294,1.11591
35.1309,1.11591
35.1324,1.11591
35.1339,1.11591
35.1354,1.1159
35.1369,1.1159
35.1384,1.11589
35.1399,1.11589
35.1414,1.11589
35.1429,1.11589
35.1444,1.11588
35.1459,1.11588
35.1474,1.11588
35.1489,1.11587
35.1504,1.11587
35.1519,1.11587
35.1534,1.11586
35.1549,1.11586
35.1564,1.11586
35.1579,1.11585
35.1594,1.11585
35.1609,1.11585
35.1624,1.11585
35.1639,1.11584
35.1654,1.11584
35.1669,1.11584
35.1684,1.11583
35.1699,1.11583
35.1714,1.11583
35.1729,1.11583
35.1744,1.11583
35.1759,1.11582
35.1774,1.11582
35.1789,1.11582
35.1804,1.11582
35.1819,1.11581
35.1834,1.11581
35.1849,1.11581
35.1864,1.11581
35.1879,1.11581
35.1894,1.1158
35.1909,1.1158
35.1924,1.1158
35.1939,1.1158
35.1954,1.1158
35.1969,1.11579
35.1984,1.11579
35.1999,1.11579
35.2014,1.11579
35.2029,1.11579
35.2043,1.11578
35.2058,1.11578
35.2073,1.11578
35.2088,1.11578
35.2103,1.11578
35.2118,1.11578
35.2133,1.11577
35.2148,1.11577
35.2163,1.11577
35.2178,1.11577
35.2193,1.11577
35.2208,1.11577
35.2223,1.11576
35.2238,1.11576
35.2253,1.11576
35.2268,1.11576
35.2283,1.11576
35.2298,1.11576
35.2313,1.11576
35.2328,1.11576
35.2343,1.11575
35.2358,1.11575
35.2373,1.11575
35.2388,1.11575
35.2403,1.11575
35.2418,1.11575
35.2433,1.11575
35.2448,1.11575
35.2463,1.11575
35.2478,1.11575
35.2493,1.11575
35.2508,1.11574
35.2523,1.11574
35.2538,1.11574
35.2553,1.11574
35.2568,1.11574
35.2583,1.11574
35.2598,1.11574
35.2613,1.11574
35.2628,1.11574
35.2643,1.11574
35.2658,1.11574
35.2673,1.11574
35.2688,1.11574
35.2703,1.11574
35.2718,1.11574
35.2733,1.11574
35.2748,1.11573
35.2763,1.11573
35.2778,1.11573
35.2793,1.11573
35.2808,1.11573
35.2823,1.11573
35.2838,1.11573
35.2853,1.11573
35.2868,1.11573
35.2883,1.11573
35.2898,1.11573
35.2913,1.11573
35.2928,1.11573
35.2943,1.11573
35.2958,1.11573
35.2973,1.11573
35.2988,1.11573
35.3003,1.11573
35.3018,1.11573
35.3033,1.11573
35.3048,1.11573
35.3063,1.11573
35.3078,1.11573
35.3093,1.11573
35.3108,1.11573
35.3123,1.11573
35.3138,1.11573
35.3153,1.11573
35.3168,1.11573
35.3183,1.11573
35.3198,1.11573
35.3213,1.11573
35.3228,1.11573
35.3243,1.11573
35.3258,1.11573
35.3273,1.11573
35.3288,1.11573
35.3303,1.11573
35.3318,1.11573
35.3333,1.11573
35.3348,1.11573
35.3363,1.11573
35.3378,1.11573
35.3393,1.11573
35.3408,1.11573
35.3423,1.11573
35.3438,1.11573
35.3453,1.11573
35.3468,1.11573
35.3483,1.11573
35.3498,1.11573
35.3513,1.11573
35.3528,1.11573
35.3543,1.11573
35.3558,1.11573
35.3573,1.11573
35.3588,1.11573
35.3603,1.11573
35.3618,1.11573
35.3633,1.11573
35.3648,1.11573
35.3663,1.11573
35.3678,1.11573
35.3693,1.11573
35.3708,1.11573
35.3723,1.11573
35.3738,1.11573
35.3753,1.11573
35.3768,1.11573
35.3783,1.11573
35.3798,1.11573
35.3813,1.11573
35.3828,1.11573
35.3843,1.11573
35.3857,1.11573
35.3872,1.11573
35.3887,1.11573
35.3902,1.11573
35.3917,1.11573
35.3932,1.11573
35.3947,1.11573
35.3962,1.11573
35.3977,1.11573
35.3992,1.11573
35.4007,1.11573
35.4022,1.11573
35.4037,1.11573
35.4052,1.11573
35.4067,1.11573
35.4082,1.11573
35.4097,1.11573
35.4112,1.11573
35.4127,1.11573
35.4142,1.11573
35.4157,1.11573
35.4172,1.11573
35.4187,1.11573
35.4202,1.11573
35.4217,1.11573
35.4232,1.11573
35.4247,1.11573
35.4262,1.11573
35.4277,1.11573
35.4292,1.11573
35.4307,1.11573
35.4322,1.11573
35.4337,1.11573
35.4352,1.11573
35.4367,1.11573
35.4382,1.11573
35.4397,1.11573
35.4412,1.11573
35.4427,1.11573
35.4442,1.11573
35.4457,1.11573
35.4472,1.11573
35.4487,1.11573
35.4502,1.11572
35.4517,1.11572
35.4532,1.11572
35.4547,1.11572
35.4562,1.11572
35.4577,1.11572
35.4592,1.11572
35.4607,1.11572
35.4622,1.11572
35.4637,1.11572
35.4652,1.11572
35.4667,1.11572
35.4682,1.11572
35.4697,1.11572
35.4712,1.11572
35.4727,1.11572
35.4742,1.11572
35.4757,1.11572
35.4772,1.11572
35.4787,1.11572
35.4802,1.11572
35.4817,1.11572
35.4832,1.11572
35.4847,1.11572
35.4862,1.11572
35.4877,1.11571
35.4892,1.11571
35.4907,1.11571
35.4922,1.11571
35.4937,1.11571
35.4952,1.11571
35.4967,1.11571
35.4982,1.11571
35.4997,1.11571
35.5012,1.11571
35.5027,1.11571
35.5042,1.11571
35.5057,1.11571
35.5072,1.11571
35.5087,1.11571
35.5102,1.1157
35.5117,1.1157
35.5132,1.1157
35.5147,1.1157
35.5162,1.1157
35.5177,1.1157
35.5192,1.1157
35.5207,1.1157
35.5222,1.1157
35.5237,1.1157
35.5252,1.1157
35.5267,1.1157
35.5282,1.1157
35.5297,1.1157
35.5312,1.1157
35.5327,1.11569
35.5342,1.11569
35.5357,1.11569
35.5372,1.11569
35.5387,1.11569
35.5402,1.11569
35.5417,1.11569
35.5432,1.11569
35.5447,1.11569
35.5462,1.11569
35.5477,1.11569
35.5492,1.11569
35.5507,1.11569
35.5522,1.11569
35.5537,1.11569
35.5552,1.11569
35.5567,1.11569
35.5582,1.11569
35.5597,1.11569
35.5612,1.11569
35.5627,1.11568
35.5642,1.11568
35.5657,1.11568
35.5672,1.11568
35.5686,1.11568
35.5701,1.11568
35.5716,1.11568
35.5731,1.11568
35.5746,1.11568
35.5761,1.11568
35.5776,1.11568
35.5791,1.11568
35.5806,1.11568
35.5821,1.11568
35.5836,1.11568
35.5851,1.11569
35.5866,1.11568
35.5881,1.11568
35.5896,1.11569
35.5911,1.11569
35.5926,1.11569
35.5941,1.11569
35.5956,1.11569
35.5971,1.11569
35.5986,1.11569
35.6001,1.11569
35.6016,1.11569
35.6031,1.11569
35.6046,1.11569
35.6061,1.11569
35.6076,1.11569
35.6091,1.11569
35.6106,1.11569
35.6121,1.11569
35.6136,1.1157
35.6151,1.1157
35.6166,1.1157
35.6181,1.1157
35.6196,1.1157
35.6211,1.1157
35.6226,1.11571
35.6241,1.11571
35.6256,1.11571
35.6271,1.11571
35.6286,1.11571
35.6301,1.11571
35.6316,1.11571
35.6331,1.11572
35.6346,1.11572
35.6361,1.11572
35.6376,1.11572
35.6391,1.11572
35.6406,1.11573
35.6421,1.11573
35.6436,1.11573
35.6451,1.11573
35.6466,1.11574
35.6481,1.11574
35.6496,1.11574
35.6511,1.11574
35.6526,1.11575
35.6541,1.11575
35.6556,1.11575
35.6571,1.11575
35.6586,1.11576
35.6601,1.11576
35.6616,1.11576
35.6631,1.11577
35.6646,1.11577
35.6661,1.11577
35.6676,1.11577
35.6691,1.11578
35.6706,1.11578
35.6721,1.11579
35.6736,1.11579
35.6751,1.11579
35.6766,1.1158
35.6781,1.1158
35.6796,1.1158
35.6811,1.11581
35.6826,1.11581
35.6841,1.11581
35.6856,1.11582
35.6871,1.11582
35.6886,1.11582
35.6901,1.11583
35.6916,1.11583
35.6931,1.11584
35.6946,1.11584
35.6961,1.11584
35.6976,1.11585
35.6991,1.11585
35.7006,1.11586
35.7021,1.11586
35.7036,1.11587
35.7051,1.11587
35.7066,1.11588
35.7081,1.11588
35.7096,1.11588
35.7111,1.11589
35.7126,1.11589
35.7141,1.1159
35.7156,1.1159
35.7171,1.11591
35.7186,1.11591
35.7201,1.11592
35.7216,1.11592
35.7231,1.11593
35.7246,1.11593
35.7261,1.11593
35.7276,1.11594
35.7291,1.11595
35.7306,1.11595
35.7321,1.11595
35.7336,1.11596
35.7351,1.11596
35.7366,1.11597
35.7381,1.11597
35.7396,1.11598
35.7411,1.11598
35.7426,1.11599
35.7441,1.11599
35.7456,1.116
35.7471,1.116
35.7486,1.11601
35.75,1.11601
35.7515,1.11602
35.753,1.11602
35.7545,1.11603
35.756,1.11603
35.7575,1.11604
35.759,1.11604
35.7605,1.11605
35.762,1.11605
35.7635,1.11606
35.765,1.11606
35.7665,1.11607
35.768,1.11607
35.7695,1.11608
35.771,1.11608
35.7725,1.11609
35.774,1.11609
35.7755,1.1161
35.777,1.1161
35.7785,1.11611
35.78,1.11611
35.7815,1.11612
35.783,1.11612
35.7845,1.11613
35.786,1.11613
35.7875,1.11614
35.789,1.11614
35.7905,1.11615
35.792,1.11615
35.7935,1.11616
35.795,1.11616
35.7965,1.11617
35.798,1.11617
35.7995,1.11618
35.801,1.11618
35.8025,1.11619
35.804,1.11619
35.8055,1.1162
35.807,1.1162
35.8085,1.11621
35.81,1.11621
35.8115,1.11622
35.813,1.11622
35.8145,1.11623
35.816,1.11624
35.8175,1.11624
35.819,1.11625
35.8205,1.11625
35.822,1.11626
35.8235,1.11626
35.825,1.11627
35.8265,1.11627
35.828,1.11628
35.8295,1.11629
35.831,1.11629
35.8325,1.1163
35.834,1.1163
35.8355,1.11631
35.837,1.11631
35.8385,1.11632
35.84,1.11632
35.8415,1.11633
35.843,1.11633
35.8445,1.11634
35.846,1.11635
35.8475,1.11635
35.849,1.11636
35.8505,1.11636
35.852,1.11637
35.8535,1.11637
35.855,1.11638
35.8565,1.11639
35.858,1.11639
35.8595,1.1164
35.861,1.1164
35.8625,1.11641
35.864,1.11642
35.8655,1.11642
35.867,1.11643
35.8685,1.11644
35.87,1.11644
35.8715,1.11645
35.873,1.11645
35.8745,1.11646
35.876,1.11647
35.8775,1.11647
35.879,1.11648
35.8805,1.11649
35.882,1.11649
35.8835,1.1165
35.885,1.1165
35.8865,1.11651
35.888,1.11652
35.8895,1.11652
35.891,1.11653
35.8925,1.11654
35.894,1.11654
35.8955,1.11655
35.897,1.11656
35.8985,1.11656
35.9,1.11657
35.9015,1.11658
35.903,1.11659
35.9045,1.11659
35.906,1.1166
35.9075,1.1166
35.909,1.11661
35.9105,1.11662
35.912,1.11663
35.9135,1.11663
35.915,1.11664
35.9165,1.11665
35.918,1.11665
35.9195,1.11666
35.921,1.11667
35.9225,1.11667
35.924,1.11668
35.9255,1.11669
35.927,1.1167
35.9285,1.1167
35.93,1.11671
35.9314,1.11672
35.9329,1.11672
35.9344,1.11673
35.9359,1.11674
35.9374,1.11675
35.9389,1.11675
35.9404,1.11676
35.9419,1.11677
35.9434,1.11678
35.9449,1.11678
35.9464,1.11679
35.9479,1.1168
35.9494,1.1168
35.9509,1.11681
35.9524,1.11682
35.9539,1.11683
35.9554,1.11683
35.9569,1.11684
35.9584,1.11685
35.9599,1.11686
35.9614,1.11686
35.9629,1.11687
35.9644,1.11688
35.9659,1.11689
35.9674,1.11689
35.9689,1.1169
35.9704,1.11691
35.9719,1.11692
35.9734,1.11692
35.9749,1.11693
35.9764,1.11694
35.9779,1.11695
35.9794,1.11695
35.9809,1.11696
35.9824,1.11697
35.9839,1.11698
35.9854,1.11699
35.9869,1.11699
35.9884,1.117
35.9899,1.11701
35.9914,1.11702
35.9929,1.11702
35.9944,1.11703
35.9959,1.11704
35.9974,1.11705
35.9989,1.11705
36.0004,1.11706
36.0019,1.11707
36.0034,1.11708
36.0049,1.11709
36.0064,1.11709
36.0079,1.1171
36.0094,1.11711
36.0109,1.11712
36.0124,1.11712
36.0139,1.11713
36.0154,1.11714
36.0169,1.11715
36.0184,1.11716
36.0199,1.11717
36.0214,1.11717
36.0229,1.11718
36.0244,1.11719
36.0259,1.1172
36.0274,1.11721
36.0289,1.11721
36.0304,1.11722
36.0319,1.11723
36.0334,1.11724
36.0349,1.11725
36.0364,1.11725
36.0379,1.11726
36.0394,1.11727
36.0409,1.11728
36.0424,1.11728
36.0439,1.11729
36.0454,1.1173
36.0469,1.11731
36.0484,1.11732
36.0499,1.11733
36.0514,1.11733
36.0529,1.11734
36.0544,1.11735
36.0559,1.11736
36.0574,1.11737
36.0589,1.11738
36.0604,1.11738
36.0619,1.11739
36.0634,1.1174
36.0649,1.11741
36.0664,1.11742
36.0679,1.11743
36.0694,1.11743
36.0709,1.11744
36.0724,1.11745
36.0739,1.11746
36.0754,1.11747
36.0769,1.11748
36.0784,1.11749
36.0799,1.11749
36.0814,1.1175
36.0829,1.11751
36.0844,1.11752
36.0859,1.11753
36.0874,1.11753
36.0889,1.11754
36.0904,1.11755
36.0919,1.11756
36.0934,1.11757
36.0949,1.11758
36.0964,1.11758
36.0979,1.11759
36.0994,1.1176
36.1009,1.11761
36.1024,1.11762
36.1039,1.11763
36.1054,1.11764
36.1069,1.11764
36.1084,1.11765
36.1099,1.11766
36.1114,1.11767
36.1129,1.11768
36.1143,1.11769
36.1158,1.11769
36.1173,1.1177
36.1188,1.11771
36.1203,1.11772
36.1218,1.11773
36.1233,1.11774
36.1248,1.11774
36.1263,1.11775
36.1278,1.11776
36.1293,1.11777
36.1308,1.11778
36.1323,1.11779
36.1338,1.11779
36.1353,1.1178
36.1368,1.11781
36.1383,1.11782
36.1398,1.11783
36.1413,1.11784
36.1428,1.11785
36.1443,1.11785
36.1458,1.11786
36.1473,1.11787
36.1488,1.11788
36.1503,1.11789
36.1518,1.1179
36.1533,1.1179
36.1548,1.11791
36.1563,1.11792
36.1578,1.11793
36.1593,1.11794
36.1608,1.11795
36.1623,1.11796
36.1638,1.11796
36.1653,1.11797
36.1668,1.11798
36.1683,1.11799
36.1698,1.118
36.1713,1.118
36.1728,1.11801
36.1743,1.11802
36.1758,1.11803
36.1773,1.11804
36.1788,1.11804
36.1803,1.11805
36.1818,1.11806
36.1833,1.11807
36.1848,1.11808
36.1863,1.11809
36.1878,1.11809
36.1893,1.1181
36.1908,1.11811
36.1923,1.11812
36.1938,1.11813
36.1953,1.11813
36.1968,1.11814
36.1983,1.11815
36.1998,1.11816
36.2013,1.11817
36.2028,1.11818
36.2043,1.11818
36.2058,1.11819
36.2073,1.1182
36.2088,1.11821
36.2103,1.11822
36.2118,1.11822
36.2133,1.11823
36.2148,1.11824
36.2163,1.11825
36.2178,1.11826
36.2193,1.11826
36.2208,1.11827
36.2223,1.11828
36.2238,1.11829
36.2253,1.1183
36.2268,1.1183
36.2283,1.11831
36.2298,1.11832
36.2313,1.11833
36.2328,1.11833
36.2343,1.11834
36.2358,1.11835
36.2373,1.11836
36.2388,1.11837
36.2403,1.11837
36.2418,1.11838
36.2433,1.11839
36.2448,1.1184
36.2463,1.11841
36.2478,1.11841
36.2493,1.11842
36.2508,1.11843
36.2523,1.11844
36.2538,1.11844
36.2553,1.11845
36.2568,1.11846
36.2583,1.11847
36.2598,1.11848
36.2613,1.11848
36.2628,1.11849
36.2643,1.1185
36.2658,1.11851
36.2673,1.11851
36.2688,1.11852
36.2703,1.11853
36.2718,1.11854
36.2733,1.11854
36.2748,1.11855
36.2763,1.11856
36.2778,1.11857
36.2793,1.11858
36.2808,1.11858
36.2823,1.11859
36.2838,1.1186
36.2853,1.11861
36.2868,1.11861
36.2883,1.11862
36.2898,1.11863
36.2913,1.11863
36.2928,1.11864
36.2943,1.11865
36.2957,1.11866
36.2972,1.11867
36.2987,1.11867
36.3002,1.11868
36.3017,1.11869
36.3032,1.1187
36.3047,1.1187
36.3062,1.11871
36.3077,1.11872
36.3092,1.11872
36.3107,1.11873
36.3122,1.11874
36.3137,1.11874
36.3152,1.11875
36.3167,1.11876
36.3182,1.11877
36.3197,1.11877
36.3212,1.11878
36.3227,1.11879
36.3242,1.11879
36.3257,1.1188
36.3272,1.11881
36.3287,1.11881
36.3302,1.11882
36.3317,1.11883
36.3332,1.11883
36.3347,1.11884
36.3362,1.11885
36.3377,1.11886
36.3392,1.11886
36.3407,1.11887
36.3422,1.11888
36.3437,1.11888
36.3452,1.11889
36.3467,1.11889
36.3482,1.1189
36.3497,1.11891
36.3512,1.11891
36.3527,1.11892
36.3542,1.11892
36.3557,1.11893
36.3572,1.11894
36.3587,1.11894
36.3602,1.11895
36.3617,1.11895
36.3632,1.11896
36.3647,1.11897
36.3662,1.11897
36.3677,1.11898
36.3692,1.11899
36.3707,1.11899
36.3722,1.119
36.3737,1.119
36.3752,1.11901
36.3767,1.11901
36.3782,1.11902
36.3797,1.11902
36.3812,1.11903
36.3827,1.11904
36.3842,1.11904
36.3857,1.11905
36.3872,1.11905
36.3887,1.11906
36.3902,1.11906
36.3917,1.11907
36.3932,1.11907
36.3947,1.11908
36.3962,1.11908
36.3977,1.11909
36.3992,1.11909
36.4007,1.1191
36.4022,1.1191
36.4037,1.11911
36.4052,1.11912
36.4067,1.11912
36.4082,1.11912
36.4097,1.11913
36.4112,1.11913
36.4127,1.11914
36.4142,1.11914
36.4157,1.11915
36.4172,1.11915
36.4187,1.11916
36.4202,1.11916
36.4217,1.11917
36.4232,1.11917
36.4247,1.11918
36.4262,1.11918
36.4277,1.11919
36.4292,1.11919
36.4307,1.11919
36.4322,1.1192
36.4337,1.1192
36.4352,1.11921
36.4367,1.11921
36.4382,1.11922
36.4397,1.11922
36.4412,1.11922
36.4427,1.11923
36.4442,1.11923
36.4457,1.11924
36.4472,1.11924
36.4487,1.11925
36.4502,1.11925
36.4517,1.11925
36.4532,1.11926
36.4547,1.11926
36.4562,1.11927
36.4577,1.11927
36.4592,1.11927
36.4607,1.11928
36.4622,1.11928
36.4637,1.11929
36.4652,1.11929
36.4667,1.11929
36.4682,1.1193
36.4697,1.1193
36.4712,1.1193
36.4727,1.11931
36.4742,1.11931
36.4757,1.11932
36.4771,1.11932
36.4786,1.11932
36.4801,1.11933
36.4816,1.11933
36.4831,1.11933
36.4846,1.11934
36.4861,1.11934
36.4876,1.11934
36.4891,1.11935
36.4906,1.11935
36.4921,1.11935
36.4936,1.11936
36.4951,1.11936
36.4966,1.11936
36.4981,1.11937
36.4996,1.11937
36.5011,1.11937
36.5026,1.11938
36.5041,1.11938
36.5056,1.11938
36.5071,1.11938
36.5086,1.11939
36.5101,1.11939
36.5116,1.11939
36.5131,1.11939
36.5146,1.1194
36.5161,1.1194
36.5176,1.1194
36.5191,1.1194
36.5206,1.11941
36.5221,1.11941
36.5236,1.11941
36.5251,1.11941
36.5266,1.11942
36.5281,1.11942
36.5296,1.11942
36.5311,1.11942
36.5326,1.11942
36.5341,1.11942
36.5356,1.11943
36.5371,1.11943
36.5386,1.11943
36.5401,1.11943
36.5416,1.11943
36.5431,1.11943
36.5446,1.11944
36.5461,1.11944
36.5476,1.11944
36.5491,1.11944
36.5506,1.11944
36.5521,1.11944
36.5536,1.11944
36.5551,1.11944
36.5566,1.11944
36.5581,1.11944
36.5596,1.11944
36.5611,1.11945
36.5626,1.11945
36.5641,1.11945
36.5656,1.11945
36.5671,1.11945
36.5686,1.11945
36.5701,1.11945
36.5716,1.11945
36.5731,1.11945
36.5746,1.11945
36.5761,1.11945
36.5776,1.11945
36.5791,1.11945
36.5806,1.11945
36.5821,1.11945
36.5836,1.11945
36.5851,1.11945
36.5866,1.11945
36.5881,1.11945
36.5896,1.11945
36.5911,1.11944
36.5926,1.11944
36.5941,1.11944
36.5956,1.11944
36.5971,1.11944
36.5986,1.11944
36.6001,1.11944
36.6016,1.11944
36.6031,1.11943
36.6046,1.11943
36.6061,1.11943
36.6076,1.11943
36.6091,1.11943
36.6106,1.11943
36.6121,1.11943
36.6136,1.11942
36.6151,1.11942
36.6166,1.11942
36.6181,1.11942
36.6196,1.11942
36.6211,1.11941
36.6226,1.11941
36.6241,1.11941
36.6256,1.11941
36.6271,1.11941
36.6286,1.1194
36.6301,1.1194
36.6316,1.1194
36.6331,1.1194
36.6346,1.11939
36.6361,1.11939
36.6376,1.11939
36.6391,1.11939
36.6406,1.11938
36.6421,1.11938
36.6436,1.11938
36.6451,1.11937
36.6466,1.11937
36.6481,1.11937
36.6496,1.11936
36.6511,1.11936
36.6526,1.11936
36.6541,1.11935
36.6556,1.11935
36.6571,1.11935
36.6586,1.11934
36.66,1.11934
36.6615,1.11934
36.663,1.11933
36.6645,1.11933
36.666,1.11933
36.6675,1.11932
36.669,1.11932
36.6705,1.11932
36.672,1.11931
36.6735,1.11931
36.675,1.1193
36.6765,1.1193
36.678,1.11929
36.6795,1.11929
36.681,1.11929
36.6825,1.11928
36.684,1.11928
36.6855,1.11927
36.687,1.11927
36.6885,1.11927
36.69,1.11926
36.6915,1.11926
36.693,1.11925
36.6945,1.11925
36.696,1.11924
36.6975,1.11924
36.699,1.11923
36.7005,1.11923
36.702,1.11922
36.7035,1.11922
36.705,1.11922
36.7065,1.11921
36.708,1.11921
36.7095,1.1192
36.711,1.1192
36.7125,1.11919
36.714,1.11919
36.7155,1.11918
36.717,1.11918
36.7185,1.11917
36.72,1.11917
36.7215,1.11916
36.723,1.11916
36.7245,1.11915
36.726,1.11915
36.7275,1.11914
36.729,1.11914
36.7305,1.11913
36.732,1.11913
36.7335,1.11912
36.735,1.11912
36.7365,1.11911
36.738,1.11911
36.7395,1.1191
36.741,1.1191
36.7425,1.11909
36.744,1.11908
36.7455,1.11908
36.747,1.11907
36.7485,1.11907
36.75,1.11906
36.7515,1.11906
36.753,1.11905
36.7545,1.11905
36.756,1.11904
36.7575,1.11904
36.759,1.11903
36.7605,1.11903
36.762,1.11902
36.7635,1.11901
36.765,1.11901
36.7665,1.119
36.768,1.119
36.7695,1.11899
36.771,1.11899
36.7725,1.11898
36.774,1.11898
36.7755,1.11897
36.777,1.11896
36.7785,1.11896
36.78,1.11895
36.7815,1.11895
36.783,1.11894
36.7845,1.11894
36.786,1.11893
36.7875,1.11892
36.789,1.11892
36.7905,1.11891
36.792,1.11891
36.7935,1.1189
36.795,1.1189
36.7965,1.11889
36.798,1.11888
36.7995,1.11888
36.801,1.11887
36.8025,1.11887
36.804,1.11886
36.8055,1.11886
36.807,1.11885
36.8085,1.11884
36.81,1.11884
36.8115,1.11883
36.813,1.11883
36.8145,1.11882
36.816,1.11882
36.8175,1.11881
36.819,1.1188
36.8205,1.1188
36.822,1.11879
36.8235,1.11879
36.825,1.11878
36.8265,1.11878
36.828,1.11877
36.8295,1.11876
36.831,1.11876
36.8325,1.11875
36.834,1.11875
36.8355,1.11874
36.837,1.11873
36.8385,1.11873
36.84,1.11872
36.8414,1.11872
36.8429,1.11871
36.8444,1.11871
36.8459,1.1187
36.8474,1.11869
36.8489,1.11869
36.8504,1.11868
36.8519,1.11867
36.8534,1.11867
36.8549,1.11866
36.8564,1.11866
36.8579,1.11865
36.8594,1.11865
36.8609,1.11864
36.8624,1.11863
36.8639,1.11863
36.8654,1.11862
36.8669,1.11862
36.8684,1.11861
36.8699,1.11861
36.8714,1.1186
36.8729,1.11859
36.8744,1.11859
36.8759,1.11858
36.8774,1.11858
36.8789,1.11857
36.8804,1.11856
36.8819,1.11856
36.8834,1.11855
36.8849,1.11854
36.8864,1.11854
36.8879,1.11853
36.8894,1.11853
36.8909,1.11852
36.8924,1.11851
36.8939,1.11851
36.8954,1.1185
36.8969,1.1185
36.8984,1.11849
36.8999,1.11848
36.9014,1.11848
36.9029,1.11847
36.9044,1.11846
36.9059,1.11846
36.9074,1.11845
36.9089,1.11844
36.9104,1.11844
36.9119,1.11843
36.9134,1.11843
36.9149,1.11842
36.9164,1.11841
36.9179,1.11841
36.9194,1.1184
36.9209,1.11839
36.9224,1.11839
36.9239,1.11838
36.9254,1.11837
36.9269,1.11836
36.9284,1.11836
36.9299,1.11835
36.9314,1.11834
36.9329,1.11834
36.9344,1.11833
36.9359,1.11833
36.9374,1.11832
36.9389,1.11831
36.9404,1.1183
36.9419,1.1183
36.9434,1.11829
36.9449,1.11828
36.9464,1.11828
36.9479,1.11827
36.9494,1.11826
36.9509,1.11825
36.9524,1.11825
36.9539,1.11824
36.9554,1.11823
36.9569,1.11823
36.9584,1.11822
36.9599,1.11821
36.9614,1.1182
36.9629,1.1182
36.9644,1.11819
36.9659,1.11818
36.9674,1.11818
36.9689,1.11817
36.9704,1.11816
36.9719,1.11815
36.9734,1.11814
36.9749,1.11814
36.9764,1.11813
36.9779,1.11812
36.9794,1.11811
36.9809,1.11811
36.9824,1.1181
36.9839,1.11809
36.9854,1.11809
36.9869,1.11808
36.9884,1.11807
36.9899,1.11806
36.9914,1.11805
36.9929,1.11805
36.9944,1.11804
36.9959,1.11803
36.9974,1.11802
36.9989,1.11802
37.0004,1.11801
37.0019,1.118
37.0034,1.11799
37.0049,1.11799
37.0064,1.11798
37.0079,1.11797
37.0094,1.11796
37.0109,1.11795
37.0124,1.11795
37.0139,1.11794
37.0154,1.11793
37.0169,1.11792
37.0184,1.11791
37.0199,1.11791
37.0214,1.1179
37.0229,1.11789
37.0243,1.11788
37.0258,1.11787
37.0273,1.11787
37.0288,1.11786
37.0303,1.11785
37.0318,1.11784
37.0333,1.11784
37.0348,1.11783
37.0363,1.11782
37.0378,1.11781
37.0393,1.1178
37.0408,1.1178
37.0423,1.11779
37.0438,1.11778
37.0453,1.11777
37.0468,1.11777
37.0483,1.11776
37.0498,1.11775
37.0513,1.11774
37.0528,1.11773
37.0543,1.11773
37.0558,1.11772
37.0573,1.11771
37.0588,1.1177
37.0603,1.1177
37.0618,1.11769
37.0633,1.11768
37.0648,1.11768
37.0663,1.11767
37.0678,1.11766
37.0693,1.11765
37.0708,1.11765
37.0723,1.11764
37.0738,1.11763
37.0753,1.11762
37.0768,1.11762
37.0783,1.11761
37.0798,1.1176
37.0813,1.1176
37.0828,1.11759
37.0843,1.11758
37.0858,1.11757
37.0873,1.11757
37.0888,1.11756
37.0903,1.11755
37.0918,1.11755
37.0933,1.11754
37.0948,1.11753
37.0963,1.11753
37.0978,1.11752
37.0993,1.11751
37.1008,1.11751
37.1023,1.1175
37.1038,1.1175
37.1053,1.11749
37.1068,1.11748
37.1083,1.11748
37.1098,1.11747
37.1113,1.11746
37.1128,1.11746
37.1143,1.11745
37.1158,1.11745
37.1173,1.11744
37.1188,1.11743
37.1203,1.11743
37.1218,1.11742
37.1233,1.11742
37.1248,1.11741
37.1263,1.11741
37.1278,1.1174
37.1293,1.1174
37.1308,1.11739
37.1323,1.11738
37.1338,1.11738
37.1353,1.11737
37.1368,1.11737
37.1383,1.11736
37.1398,1.11736
37.1413,1.11735
37.1428,1.11735
37.1443,1.11734
37.1458,1.11734
37.1473,1.11733
37.1488,1.11733
37.1503,1.11732
37.1518,1.11732
37.1533,1.11731
37.1548,1.11731
37.1563,1.1173
37.1578,1.1173
37.1593,1.11729
37.1608,1.11729
37.1623,1.11729
37.1638,1.11728
37.1653,1.11728
37.1668,1.11727
37.1683,1.11727
37.1698,1.11726
37.1713,1.11726
37.1728,1.11725
37.1743,1.11725
37.1758,1.11725
37.1773,1.11724
37.1788,1.11724
37.1803,1.11724
37.1818,1.11723
37.1833,1.11723
37.1848,1.11723
37.1863,1.11722
37.1878,1.11722
37.1893,1.11721
37.1908,1.11721
37.1923,1.11721
37.1938,1.1172
37.1953,1.1172
37.1968,1.1172
37.1983,1.11719
37.1998,1.11719
37.2013,1.11719
37.2028,1.11718
37.2043,1.11718
37.2057,1.11718
37.2072,1.11717
37.2087,1.11717
37.2102,1.11717
37.2117,1.11717
37.2132,1.11716
37.2147,1.11716
37.2162,1.11716
37.2177,1.11716
37.2192,1.11715
37.2207,1.11715
37.2222,1.11715
37.2237,1.11715
37.2252,1.11714
37.2267,1.11714
37.2282,1.11714
37.2297,1.11714
37.2312,1.11713
37.2327,1.11713
37.2342,1.11713
37.2357,1.11713
37.2372,1.11713
37.2387,1.11712
37.2402,1.11712
37.2417,1.11712
37.2432,1.11712
37.2447,1.11711
37.2462,1.11711
37.2477,1.11711
37.2492,1.11711
37.2507,1.11711
37.2522,1.11711
37.2537,1.1171
37.2552,1.1171
37.2567,1.1171
37.2582,1.1171
37.2597,1.1171
37.2612,1.1171
37.2627,1.1171
37.2642,1.11709
37.2657,1.11709
37.2672,1.11709
37.2687,1.11709
37.2702,1.11709
37.2717,1.11709
37.2732,1.11709
37.2747,1.11709
37.2762,1.11708
37.2777,1.11708
37.2792,1.11708
37.2807,1.11708
37.2822,1.11708
37.2837,1.11708
37.2852,1.11708
37.2867,1.11707
37.2882,1.11707
37.2897,1.11707
37.2912,1.11707
37.2927,1.11707
37.2942,1.11707
37.2957,1.11707
37.2972,1.11707
37.2987,1.11707
37.3002,1.11707
37.3017,1.11706
37.3032,1.11706
37.3047,1.11706
37.3062,1.11706
37.3077,1.11706
37.3092,1.11706
37.3107,1.11706
37.3122,1.11706
37.3137,1.11706
37.3152,1.11705
37.3167,1.11705
37.3182,1.11705
37.3197,1.11705
37.3212,1.11705
37.3227,1.11705
37.3242,1.11705
37.3257,1.11705
37.3272,1.11705
37.3287,1.11704
37.3302,1.11704
37.3317,1.11704
37.3332,1.11704
37.3347,1.11704
37.3362,1.11704
37.3377,1.11704
37.3392,1.11704
37.3407,1.11704
37.3422,1.11704
37.3437,1.11704
37.3452,1.11703
37.3467,1.11703
37.3482,1.11703
37.3497,1.11703
37.3512,1.11703
37.3527,1.11703
37.3542,1.11703
37.3557,1.11703
37.3572,1.11703
37.3587,1.11703
37.3602,1.11703
37.3617,1.11703
37.3632,1.11703
37.3647,1.11703
37.3662,1.11702
37.3677,1.11702
37.3692,1.11702
37.3707,1.11702
37.3722,1.11702
37.3737,1.11702
37.3752,1.11702
37.3767,1.11702
37.3782,1.11702
37.3797,1.11702
37.3812,1.11702
37.3827,1.11702
37.3842,1.11702
37.3857,1.11702
37.3871,1.11702
37.3886,1.11702
37.3901,1.11702
37.3916,1.11702
37.3931,1.11702
37.3946,1.11702
37.3961,1.11702
37.3976,1.11702
37.3991,1.11702
37.4006,1.11702
37.4021,1.11702
37.4036,1.11702
37.4051,1.11702
37.4066,1.11702
37.4081,1.11702
37.4096,1.11702
37.4111,1.11702
37.4126,1.11702
37.4141,1.11702
37.4156,1.11702
37.4171,1.11702
37.4186,1.11703
37.4201,1.11703
37.4216,1.11703
37.4231,1.11703
37.4246,1.11703
37.4261,1.11703
37.4276,1.11703
37.4291,1.11703
37.4306,1.11703
37.4321,1.11703
37.4336,1.11703
37.4351,1.11704
37.4366,1.11704
37.4381,1.11704
37.4396,1.11704
37.4411,1.11704
37.4426,1.11704
37.4441,1.11704
37.4456,1.11705
37.4471,1.11705
37.4486,1.11705
37.4501,1.11705
37.4516,1.11705
37.4531,1.11706
37.4546,1.11706
37.4561,1.11706
37.4576,1.11706
37.4591,1.11706
37.4606,1.11707
37.4621,1.11707
37.4636,1.11707
37.4651,1.11707
37.4666,1.11708
37.4681,1.11708
37.4696,1.11708
37.4711,1.11708
37.4726,1.11709
37.4741,1.11709
37.4756,1.11709
37.4771,1.11709
37.4786,1.1171
37.4801,1.1171
37.4816,1.1171
37.4831,1.11711
37.4846,1.11711
37.4861,1.11711
37.4876,1.11712
37.4891,1.11712
37.4906,1.11712
37.4921,1.11713
37.4936,1.11713
37.4951,1.11713
37.4966,1.11714
37.4981,1.11714
37.4996,1.11714
37.5011,1.11715
37.5026,1.11715
37.5041,1.11715
37.5056,1.11716
37.5071,1.11716
37.5086,1.11716
37.5101,1.11717
37.5116,1.11717
37.5131,1.11717
37.5146,1.11718
37.5161,1.11718
37.5176,1.11719
37.5191,1.11719
37.5206,1.11719
37.5221,1.1172
37.5236,1.1172
37.5251,1.11721
37.5266,1.11721
37.5281,1.11721
37.5296,1.11722
37.5311,1.11722
37.5326,1.11722
37.5341,1.11723
37.5356,1.11723
37.5371,1.11724
37.5386,1.11724
37.5401,1.11725
37.5416,1.11725
37.5431,1.11725
37.5446,1.11726
37.5461,1.11726
37.5476,1.11727
37.5491,1.11727
37.5506,1.11727
37.5521,1.11728
37.5536,1.11728
37.5551,1.11729
37.5566,1.11729
37.5581,1.11729
37.5596,1.1173
37.5611,1.1173
37.5626,1.11731
37.5641,1.11731
37.5656,1.11732
37.5671,1.11732
37.5686,1.11732
37.57,1.11733
37.5715,1.11733
37.573,1.11734
37.5745,1.11734
37.576,1.11734
37.5775,1.11735
37.579,1.11735
37.5805,1.11736
37.582,1.11736
37.5835,1.11736
37.585,1.11737
37.5865,1.11737
37.588,1.11738
37.5895,1.11738
37.591,1.11739
37.5925,1.11739
37.594,1.11739
37.5955,1.1174
37.597,1.1174
37.5985,1.11741
37.6,1.11741
37.6015,1.11741
37.603,1.11742
37.6045,1.11742
37.606,1.11743
37.6075,1.11743
37.609,1.11744
37.6105,1.11744
37.612,1.11744
37.6135,1.11745
37.615,1.11745
37.6165,1.11746
37.618,1.11746
37.6195,1.11746
37.621,1.11747
37.6225,1.11747
37.624,1.11748
37.6255,1.11748
37.627,1.11748
37.6285,1.11749
37.63,1.11749
37.6315,1.1175
37.633,1.1175
37.6345,1.1175
37.636,1.11751
37.6375,1.11751
37.639,1.11752
37.6405,1.11752
37.642,1.11753
37.6435,1.11753
37.645,1.11753
37.6465,1.11754
37.648,1.11754
37.6495,1.11755
37.651,1.11755
37.6525,1.11755
37.654,1.11756
37.6555,1.11756
37.657,1.11757
37.6585,1.11757
37.66,1.11757
37.6615,1.11758
37.663,1.11758
37.6645,1.11759
37.666,1.11759
37.6675,1.11759
37.669,1.1176
37.6705,1.1176
37.672,1.11761
37.6735,1.11761
37.675,1.11761
37.6765,1.11762
37.678,1.11762
37.6795,1.11763
37.681,1.11763
37.6825,1.11763
37.684,1.11764
37.6855,1.11764
37.687,1.11765
37.6885,1.11765
37.69,1.11765
37.6915,1.11766
37.693,1.11766
37.6945,1.11767
37.696,1.11767
37.6975,1.11767
37.699,1.11768
37.7005,1.11768
37.702,1.11768
37.7035,1.11769
37.705,1.11769
37.7065,1.1177
37.708,1.1177
37.7095,1.1177
37.711,1.11771
37.7125,1.11771
37.714,1.11771
37.7155,1.11772
37.717,1.11772
37.7185,1.11773
37.72,1.11773
37.7215,1.11773
37.723,1.11774
37.7245,1.11774
37.726,1.11775
37.7275,1.11775
37.729,1.11775
37.7305,1.11776
37.732,1.11776
37.7335,1.11777
37.735,1.11777
37.7365,1.11777
37.738,1.11778
37.7395,1.11778
37.741,1.11778
37.7425,1.11779
37.744,1.11779
37.7455,1.1178
37.747,1.1178
37.7485,1.1178
37.75,1.11781
37.7514,1.11781
37.7529,1.11782
37.7544,1.11782
37.7559,1.11782
37.7574,1.11783
37.7589,1.11783
37.7604,1.11784
37.7619,1.11784
37.7634,1.11784
37.7649,1.11785
37.7664,1.11785
37.7679,1.11785
37.7694,1.11786
37.7709,1.11786
37.7724,1.11787
37.7739,1.11787
37.7754,1.11787
37.7769,1.11788
37.7784,1.11788
37.7799,1.11789
37.7814,1.11789
37.7829,1.11789
37.7844,1.1179
37.7859,1.1179
37.7874,1.11791
37.7889,1.11791
37.7904,1.11791
37.7919,1.11792
37.7934,1.11792
37.7949,1.11792
37.7964,1.11793
37.7979,1.11793
37.7994,1.11794
37.8009,1.11794
37.8024,1.11794
37.8039,1.11795
37.8054,1.11795
37.8069,1.11796
37.8084,1.11796
37.8099,1.11796
37.8114,1.11797
37.8129,1.11797
37.8144,1.11797
37.8159,1.11798
37.8174,1.11798
37.8189,1.11799
37.8204,1.11799
37.8219,1.11799
37.8234,1.118
37.8249,1.118
37.8264,1.11801
37.8279,1.11801
37.8294,1.11801
37.8309,1.11802
37.8324,1.11802
37.8339,1.11802
37.8354,1.11803
37.8369,1.11803
37.8384,1.11804
37.8399,1.11804
37.8414,1.11804
37.8429,1.11805
37.8444,1.11805
37.8459,1.11805
37.8474,1.11806
37.8489,1.11806
37.8504,1.11806
37.8519,1.11807
37.8534,1.11807
37.8549,1.11808
37.8564,1.11808
37.8579,1.11808
37.8594,1.11809
37.8609,1.11809
37.8624,1.11809
37.8639,1.1181
37.8654,1.1181
37.8669,1.1181
37.8684,1.11811
37.8699,1.11811
37.8714,1.11811
37.8729,1.11812
37.8744,1.11812
37.8759,1.11812
37.8774,1.11813
37.8789,1.11813
37.8804,1.11813
37.8819,1.11814
37.8834,1.11814
37.8849,1.11814
37.8864,1.11815
37.8879,1.11815
37.8894,1.11815
37.8909,1.11816
37.8924,1.11816
37.8939,1.11816
37.8954,1.11816
37.8969,1.11817
37.8984,1.11817
37.8999,1.11817
37.9014,1.11818
37.9029,1.11818
37.9044,1.11818
37.9059,1.11818
37.9074,1.11819
37.9089,1.11819
37.9104,1.11819
37.9119,1.11819
37.9134,1.1182
37.9149,1.1182
37.9164,1.1182
37.9179,1.11821
37.9194,1.11821
37.9209,1.11821
37.9224,1.11822
37.9239,1.11822
37.9254,1.11822
37.9269,1.11822
37.9284,1.11823
37.9299,1.11823
37.9314,1.11823
37.9328,1.11823
37.9343,1.11824
37.9358,1.11824
37.9373,1.11824
37.9388,1.11824
37.9403,1.11825
37.9418,1.11825
37.9433,1.11825
37.9448,1.11825
37.9463,1.11826
37.9478,1.11826
37.9493,1.11826
37.9508,1.11826
37.9523,1.11827
37.9538,1.11827
37.9553,1.11827
37.9568,1.11827
37.9583,1.11828
37.9598,1.11828
37.9613,1.11828
37.9628,1.11828
37.9643,1.11829
37.9658,1.11829
37.9673,1.11829
37.9688,1.11829
37.9703,1.1183
37.9718,1.1183
37.9733,1.1183
37.9748,1.1183
37.9763,1.11831
37.9778,1.11831
37.9793,1.11831
37.9808,1.11831
37.9823,1.11831
37.9838,1.11832
37.9853,1.11832
37.9868,1.11832
37.9883,1.11832
37.9898,1.11832
37.9913,1.11833
37.9928,1.11833
37.9943,1.11833
37.9958,1.11833
37.9973,1.11834
37.9988,1.11834
38.0003,1.11834
38.0018,1.11834
38.0033,1.11834
38.0048,1.11835
38.0063,1.11835
38.0078,1.11835
38.0093,1.11835
38.0108,1.11835
38.0123,1.11836
38.0138,1.11836
38.0153,1.11836
38.0168,1.11836
38.0183,1.11836
38.0198,1.11837
38.0213,1.11837
38.0228,1.11837
38.0243,1.11837
38.0258,1.11837
38.0273,1.11838
38.0288,1.11838
38.0303,1.11838
38.0318,1.11838
38.0333,1.11838
38.0348,1.11839
38.0363,1.11839
38.0378,1.11839
38.0393,1.11839
38.0408,1.11839
38.0423,1.1184
38.0438,1.1184
38.0453,1.1184
38.0468,1.1184
38.0483,1.1184
38.0498,1.11841
38.0513,1.11841
38.0528,1.11841
38.0543,1.11841
38.0558,1.11841
38.0573,1.11842
38.0588,1.11842
38.0603,1.11842
38.0618,1.11842
38.0633,1.11842
38.0648,1.11842
38.0663,1.11843
38.0678,1.11843
38.0693,1.11843
38.0708,1.11843
38.0723,1.11843
38.0738,1.11843
38.0753,1.11844
38.0768,1.11844
38.0783,1.11844
38.0798,1.11844
38.0813,1.11844
38.0828,1.11844
38.0843,1.11845
38.0858,1.11845
38.0873,1.11845
38.0888,1.11845
38.0903,1.11845
38.0918,1.11845
38.0933,1.11846
38.0948,1.11846
38.0963,1.11846
38.0978,1.11846
38.0993,1.11846
38.1008,1.11846
38.1023,1.11847
38.1038,1.11847
38.1053,1.11847
38.1068,1.11847
38.1083,1.11847
38.1098,1.11847
38.1113,1.11847
38.1128,1.11848
38.1143,1.11848
38.1157,1.11848
38.1172,1.11848
38.1187,1.11848
38.1202,1.11848
38.1217,1.11848
38.1232,1.11848
38.1247,1.11849
38.1262,1.11849
38.1277,1.11849
38.1292,1.11849
38.1307,1.11849
38.1322,1.11849
38.1337,1.1185
38.1352,1.1185
38.1367,1.1185
38.1382,1.1185
38.1397,1.1185
38.1412,1.1185
38.1427,1.1185
38.1442,1.11851
38.1457,1.11851
38.1472,1.11851
38.1487,1.11851
38.1502,1.11851
38.1517,1.11851
38.1532,1.11851
38.1547,1.11852
38.1562,1.11852
38.1577,1.11852
38.1592,1.11852
38.1607,1.11852
38.1622,1.11852
38.1637,1.11852
38.1652,1.11852
38.1667,1.11853
38.1682,1.11853
38.1697,1.11853
38.1712,1.11853
38.1727,1.11853
38.1742,1.11853
38.1757,1.11853
38.1772,1.11853
38.1787,1.11854
38.1802,1.11854
38.1817,1.11854
38.1832,1.11854
38.1847,1.11854
38.1862,1.11854
38.1877,1.11854
38.1892,1.11854
38.1907,1.11855
38.1922,1.11855
38.1937,1.11855
38.1952,1.11855
38.1967,1.11855
38.1982,1.11855
38.1997,1.11855
38.2012,1.11856
38.2027,1.11856
38.2042,1.11856
38.2057,1.11856
38.2072,1.11856
38.2087,1.11856
38.2102,1.11856
38.2117,1.11856
38.2132,1.11857
38.2147,1.11857
38.2162,1.11857
38.2177,1.11857
38.2192,1.11857
38.2207,1.11857
38.2222,1.11857
38.2237,1.11858
38.2252,1.11858
38.2267,1.11858
38.2282,1.11858
38.2297,1.11858
38.2312,1.11858
38.2327,1.11859
38.2342,1.11859
38.2357,1.11859
38.2372,1.11859
38.2387,1.11859
38.2402,1.11859
38.2417,1.11859
38.2432,1.1186
38.2447,1.1186
38.2462,1.1186
38.2477,1.1186
38.2492,1.1186
38.2507,1.1186
38.2522,1.1186
38.2537,1.11861
38.2552,1.11861
38.2567,1.11861
38.2582,1.11861
38.2597,1.11861
38.2612,1.11861
38.2627,1.11862
38.2642,1.11862
38.2657,1.11862
38.2672,1.11862
38.2687,1.11862
38.2702,1.11863
38.2717,1.11863
38.2732,1.11863
38.2747,1.11863
38.2762,1.11863
38.2777,1.11864
38.2792,1.11864
38.2807,1.11864
38.2822,1.11864
38.2837,1.11864
38.2852,1.11865
38.2867,1.11865
38.2882,1.11865
38.2897,1.11865
38.2912,1.11865
38.2927,1.11866
38.2942,1.11866
38.2957,1.11866
38.2971,1.11866
38.2986,1.11866
38.3001,1.11867
38.3016,1.11867
38.3031,1.11867
38.3046,1.11867
38.3061,1.11867
38.3076,1.11868
38.3091,1.11868
38.3106,1.11868
38.3121,1.11868
38.3136,1.11869
38.3151,1.11869
38.3166,1.11869
38.3181,1.11869
38.3196,1.1187
38.3211,1.1187
38.3226,1.1187
38.3241,1.1187
38.3256,1.11871
38.3271,1.11871
38.3286,1.11871
38.3301,1.11871
38.3316,1.11872
38.3331,1.11872
38.3346,1.11872
38.3361,1.11872
38.3376,1.11873
38.3391,1.11873
38.3406,1.11873
38.3421,1.11873
38.3436,1.11874
38.3451,1.11874
38.3466,1.11874
38.3481,1.11875
38.3496,1.11875
38.3511,1.11875
38.3526,1.11875
38.3541,1.11876
38.3556,1.11876
38.3571,1.11876
38.3586,1.11876
38.3601,1.11877
38.3616,1.11877
38.3631,1.11877
38.3646,1.11878
38.3661,1.11878
38.3676,1.11878
38.3691,1.11879
38.3706,1.11879
38.3721,1.11879
38.3736,1.11879
38.3751,1.1188
38.3766,1.1188
38.3781,1.1188
38.3796,1.11881
38.3811,1.11881
38.3826,1.11881
38.3841,1.11882
38.3856,1.11882
38.3871,1.11882
38.3886,1.11882
38.3901,1.11883
38.3916,1.11883
38.3931,1.11883
38.3946,1.11884
38.3961,1.11884
38.3976,1.11884
38.3991,1.11885
38.4006,1.11885
38.4021,1.11885
38.4036,1.11886
38.4051,1.11886
38.4066,1.11886
38.4081,1.11887
38.4096,1.11887
38.4111,1.11887
38.4126,1.11888
38.4141,1.11888
38.4156,1.11888
38.4171,1.11889
38.4186,1.11889
38.4201,1.11889
38.4216,1.1189
38.4231,1.1189
38.4246,1.1189
38.4261,1.11891
38.4276,1.11891
38.4291,1.11891
38.4306,1.11892
38.4321,1.11892
38.4336,1.11892
38.4351,1.11892
38.4366,1.11893
38.4381,1.11893
38.4396,1.11893
38.4411,1.11894
38.4426,1.11894
38.4441,1.11894
38.4456,1.11895
38.4471,1.11895
38.4486,1.11895
38.4501,1.11896
38.4516,1.11896
38.4531,1.11896
38.4546,1.11897
38.4561,1.11897
38.4576,1.11897
38.4591,1.11898
38.4606,1.11898
38.4621,1.11898
38.4636,1.11898
38.4651,1.11899
38.4666,1.11899
38.4681,1.11899
38.4696,1.119
38.4711,1.119
38.4726,1.119
38.4741,1.11901
38.4756,1.11901
38.4771,1.11901
38.4785,1.11901
38.48,1.11902
38.4815,1.11902
38.483,1.11902
38.4845,1.11903
38.486,1.11903
38.4875,1.11903
38.489,1.11904
38.4905,1.11904
38.492,1.11904
38.4935,1.11904
38.495,1.11905
38.4965,1.11905
38.498,1.11905
38.4995,1.11905
38.501,1.11906
38.5025,1.11906
38.504,1.11906
38.5055,1.11907
38.507,1.11907
38.5085,1.11907
38.51,1.11907
38.5115,1.11908
38.513,1.11908
38.5145,1.11908
38.516,1.11908
38.5175,1.11909
38.519,1.11909
38.5205,1.11909
38.522,1.11909
38.5235,1.1191
38.525,1.1191
38.5265,1.1191
38.528,1.1191
38.5295,1.11911
38.531,1.11911
38.5325,1.11911
38.534,1.11911
38.5355,1.11912
38.537,1.11912
38.5385,1.11912
38.54,1.11912
38.5415,1.11913
38.543,1.11913
38.5445,1.11913
38.546,1.11913
38.5475,1.11914
38.549,1.11914
38.5505,1.11914
38.552,1.11914
38.5535,1.11914
38.555,1.11915
38.5565,1.11915
38.558,1.11915
38.5595,1.11915
38.561,1.11915
38.5625,1.11916
38.564,1.11916
38.5655,1.11916
38.567,1.11916
38.5685,1.11916
38.57,1.11917
38.5715,1.11917
38.573,1.11917
38.5745,1.11917
38.576,1.11917
38.5775,1.11918
38.579,1.11918
38.5805,1.11918
38.582,1.11918
38.5835,1.11918
38.585,1.11918
38.5865,1.11919
38.588,1.11919
38.5895,1.11919
38.591,1.11919
38.5925,1.11919
38.594,1.11919
38.5955,1.1192
38.597,1.1192
38.5985,1.1192
38.6,1.1192
38.6015,1.1192
38.603,1.1192
38.6045,1.1192
38.606,1.1192
38.6075,1.1192
38.609,1.11921
38.6105,1.11921
38.612,1.11921
38.6135,1.11921
38.615,1.11921
38.6165,1.11921
38.618,1.11921
38.6195,1.11921
38.621,1.11921
38.6225,1.11921
38.624,1.11921
38.6255,1.11921
38.627,1.11922
38.6285,1.11922
38.63,1.11922
38.6315,1.11922
38.633,1.11922
38.6345,1.11922
38.636,1.11922
38.6375,1.11922
38.639,1.11922
38.6405,1.11922
38.642,1.11922
38.6435,1.11922
38.645,1.11922
38.6465,1.11922
38.648,1.11922
38.6495,1.11922
38.651,1.11922
38.6525,1.11922
38.654,1.11922
38.6555,1.11922
38.657,1.11923
38.6585,1.11922
38.66,1.11922
38.6614,1.11922
38.6629,1.11923
38.6644,1.11923
38.6659,1.11923
38.6674,1.11923
38.6689,1.11923
38.6704,1.11923
38.6719,1.11923
38.6734,1.11923
38.6749,1.11923
38.6764,1.11923
38.6779,1.11923
38.6794,1.11923
38.6809,1.11923
38.6824,1.11923
38.6839,1.11923
38.6854,1.11923
38.6869,1.11923
38.6884,1.11923
38.6899,1.11923
38.6914,1.11923
38.6929,1.11923
38.6944,1.11923
38.6959,1.11923
38.6974,1.11923
38.6989,1.11923
38.7004,1.11923
38.7019,1.11923
38.7034,1.11923
38.7049,1.11923
38.7064,1.11923
38.7079,1.11923
38.7094,1.11923
38.7109,1.11923
38.7124,1.11923
38.7139,1.11923
38.7154,1.11923
38.7169,1.11923
38.7184,1.11923
38.7199,1.11923
38.7214,1.11923
38.7229,1.11923
38.7244,1.11923
38.7259,1.11923
38.7274,1.11923
38.7289,1.11923
38.7304,1.11923
38.7319,1.11923
38.7334,1.11923
38.7349,1.11923
38.7364,1.11923
38.7379,1.11923
38.7394,1.11923
38.7409,1.11923
38.7424,1.11923
38.7439,1.11923
38.7454,1.11923
38.7469,1.11923
38.7484,1.11923
38.7499,1.11923
38.7514,1.11923
38.7529,1.11923
38.7544,1.11923
38.7559,1.11923
38.7574,1.11922
38.7589,1.11923
38.7604,1.11923
38.7619,1.11923
38.7634,1.11923
38.7649,1.11922
38.7664,1.11922
38.7679,1.11922
38.7694,1.11922
38.7709,1.11923
38.7724,1.11922
38.7739,1.11922
38.7754,1.11922
38.7769,1.11922
38.7784,1.11922
38.7799,1.11922
38.7814,1.11922
38.7829,1.11922
38.7844,1.11922
38.7859,1.11923
38.7874,1.11922
38.7889,1.11922
38.7904,1.11922
38.7919,1.11922
38.7934,1.11922
38.7949,1.11922
38.7964,1.11922
38.7979,1.11922
38.7994,1.11922
38.8009,1.11922
38.8024,1.11922
38.8039,1.11923
38.8054,1.11923
38.8069,1.11922
38.8084,1.11922
38.8099,1.11923
38.8114,1.11923
38.8129,1.11922
38.8144,1.11922
38.8159,1.11922
38.8174,1.11922
38.8189,1.11922
38.8204,1.11923
38.8219,1.11923
38.8234,1.11923
38.8249,1.11923
38.8264,1.11923
38.8279,1.11923
38.8294,1.11923
38.8309,1.11923
38.8324,1.11923
38.8339,1.11923
38.8354,1.11923
38.8369,1.11923
38.8384,1.11923
38.8399,1.11923
38.8414,1.11923
38.8428,1.11923
38.8443,1.11923
38.8458,1.11923
38.8473,1.11923
38.8488,1.11923
38.8503,1.11923
38.8518,1.11923
38.8533,1.11923
38.8548,1.11924
38.8563,1.11924
38.8578,1.11924
38.8593,1.11924
38.8608,1.11924
38.8623,1.11924
38.8638,1.11924
38.8653,1.11924
38.8668,1.11924
38.8683,1.11924
38.8698,1.11925
38.8713,1.11925
38.8728,1.11925
38.8743,1.11925
38.8758,1.11925
38.8773,1.11925
38.8788,1.11925
38.8803,1.11925
38.8818,1.11926
38.8833,1.11926
38.8848,1.11926
38.8863,1.11926
38.8878,1.11926
38.8893,1.11926
38.8908,1.11926
38.8923,1.11926
38.8938,1.11927
38.8953,1.11927
38.8968,1.11927
38.8983,1.11927
38.8998,1.11927
38.9013,1.11927
38.9028,1.11928
38.9043,1.11928
38.9058,1.11928
38.9073,1.11928
38.9088,1.11928
38.9103,1.11929
38.9118,1.11929
38.9133,1.11929
38.9148,1.11929
38.9163,1.11929
38.9178,1.1193
38.9193,1.1193
38.9208,1.1193
38.9223,1.1193
38.9238,1.11931
38.9253,1.11931
38.9268,1.11931
38.9283,1.11931
38.9298,1.11932
38.9313,1.11932
38.9328,1.11932
38.9343,1.11932
38.9358,1.11932
38.9373,1.11933
38.9388,1.11933
38.9403,1.11933
38.9418,1.11934
38.9433,1.11934
38.9448,1.11934
38.9463,1.11934
38.9478,1.11935
38.9493,1.11935
38.9508,1.11935
38.9523,1.11936
38.9538,1.11936
38.9553,1.11936
38.9568,1.11937
38.9583,1.11937
38.9598,1.11937
38.9613,1.11938
38.9628,1.11938
38.9643,1.11938
38.9658,1.11938
38.9673,1.11939
38.9688,1.11939
38.9703,1.1194
38.9718,1.1194
38.9733,1.1194
38.9748,1.11941
38.9763,1.11941
38.9778,1.11941
38.9793,1.11942
38.9808,1.11942
38.9823,1.11942
38.9838,1.11943
38.9853,1.11943
38.9868,1.11943
38.9883,1.11944
38.9898,1.11944
38.9913,1.11945
38.9928,1.11945
38.9943,1.11945
38.9958,1.11946
38.9973,1.11946
38.9988,1.11946
39.0003,1.11947
39.0018,1.11947
39.0033,1.11948
39.0048,1.11948
39.0063,1.11948
39.0078,1.11949
39.0093,1.11949
39.0108,1.1195
39.0123,1.1195
39.0138,1.11951
39.0153,1.11951
39.0168,1.11951
39.0183,1.11952
39.0198,1.11952
39.0213,1.11953
39.0228,1.11953
39.0243,1.11953
39.0257,1.11954
39.0272,1.11954
39.0287,1.11955
39.0302,1.11955
39.0317,1.11956
39.0332,1.11956
39.0347,1.11956
39.0362,1.11957
39.0377,1.11957
39.0392,1.11958
39.0407,1.11958
39.0422,1.11959
39.0437,1.11959
39.0452,1.1196
39.0467,1.1196
39.0482,1.11961
39.0497,1.11961
39.0512,1.11961
39.0527,1.11962
39.0542,1.11962
39.0557,1.11963
39.0572,1.11963
39.0587,1.11964
39.0602,1.11964
39.0617,1.11965
39.0632,1.11965
39.0647,1.11966
39.0662,1.11966
39.0677,1.11967
39.0692,1.11967
39.0707,1.11968
39.0722,1.11968
39.0737,1.11968
39.0752,1.11969
39.0767,1.1197
39.0782,1.1197
39.0797,1.1197
39.0812,1.11971
39.0827,1.11971
39.0842,1.11972
39.0857,1.11972
39.0872,1.11973
39.0887,1.11974
39.0902,1.11974
39.0917,1.11974
39.0932,1.11975
39.0947,1.11975
39.0962,1.11976
39.0977,1.11976
39.0992,1.11977
39.1007,1.11978
39.1022,1.11978
39.1037,1.11978
39.1052,1.11979
39.1067,1.11979
39.1082,1.1198
39.1097,1.11981
39.1112,1.11981
39.1127,1.11982
39.1142,1.11982
39.1157,1.11983
39.1172,1.11983
39.1187,1.11984
39.1202,1.11984
39.1217,1.11985
39.1232,1.11985
39.1247,1.11986
39.1262,1.11986
39.1277,1.11987
39.1292,1.11988
39.1307,1.11988
39.1322,1.11989
39.1337,1.11989
39.1352,1.1199
39.1367,1.1199
39.1382,1.11991
39.1397,1.11991
39.1412,1.11992
39.1427,1.11992
39.1442,1.11993
39.1457,1.11993
39.1472,1.11994
39.1487,1.11994
39.1502,1.11995
39.1517,1.11996
39.1532,1.11996
39.1547,1.11997
39.1562,1.11997
39.1577,1.11998
39.1592,1.11998
39.1607,1.11999
39.1622,1.11999
39.1637,1.12
39.1652,1.12001
39.1667,1.12001
39.1682,1.12002
39.1697,1.12002
39.1712,1.12003
39.1727,1.12003
39.1742,1.12004
39.1757,1.12004
39.1772,1.12005
39.1787,1.12005
39.1802,1.12006
39.1817,1.12006
39.1832,1.12007
39.1847,1.12008
39.1862,1.12008
39.1877,1.12009
39.1892,1.12009
39.1907,1.1201
39.1922,1.1201
39.1937,1.12011
39.1952,1.12011
39.1967,1.12012
39.1982,1.12013
39.1997,1.12013
39.2012,1.12014
39.2027,1.12014
39.2042,1.12015
39.2057,1.12015
39.2071,1.12016
39.2086,1.12016
39.2101,1.12017
39.2116,1.12017
39.2131,1.12018
39.2146,1.12018
39.2161,1.12019
39.2176,1.12019
39.2191,1.1202
39.2206,1.12021
39.2221,1.12021
39.2236,1.12021
39.2251,1.12022
39.2266,1.12022
39.2281,1.12023
39.2296,1.12024
39.2311,1.12024
39.2326,1.12025
39.2341,1.12025
39.2356,1.12026
39.2371,1.12026
39.2386,1.12026
39.2401,1.12027
39.2416,1.12028
39.2431,1.12028
39.2446,1.12028
39.2461,1.12029
39.2476,1.12029
39.2491,1.1203
39.2506,1.1203
39.2521,1.12031
39.2536,1.12031
39.2551,1.12032
39.2566,1.12032
39.2581,1.12033
39.2596,1.12033
39.2611,1.12034
39.2626,1.12034
39.2641,1.12035
39.2656,1.12035
39.2671,1.12035
39.2686,1.12036
39.2701,1.12036
39.2716,1.12037
39.2731,1.12037
39.2746,1.12038
39.2761,1.12038
39.2776,1.12038
39.2791,1.12039
39.2806,1.12039
39.2821,1.1204
39.2836,1.1204
39.2851,1.1204
39.2866,1.12041
39.2881,1.12041
39.2896,1.12042
39.2911,1.12042
39.2926,1.12042
39.2941,1.12043
39.2956,1.12043
39.2971,1.12044
39.2986,1.12044
39.3001,1.12044
39.3016,1.12045
39.3031,1.12045
39.3046,1.12045
39.3061,1.12046
39.3076,1.12046
39.3091,1.12047
39.3106,1.12047
39.3121,1.12047
39.3136,1.12048
39.3151,1.12048
39.3166,1.12048
39.3181,1.12049
39.3196,1.12049
39.3211,1.12049
39.3226,1.1205
39.3241,1.1205
39.3256,1.1205
39.3271,1.12051
39.3286,1.12051
39.3301,1.12051
39.3316,1.12051
39.3331,1.12052
39.3346,1.12052
39.3361,1.12052
39.3376,1.12053
39.3391,1.12053
39.3406,1.12053
39.3421,1.12054
39.3436,1.12054
39.3451,1.12054
39.3466,1.12054
39.3481,1.12055
39.3496,1.12055
39.3511,1.12055
39.3526,1.12055
39.3541,1.12056
39.3556,1.12056
39.3571,1.12056
39.3586,1.12057
39.3601,1.12057
39.3616,1.12057
39.3631,1.12057
39.3646,1.12057
39.3661,1.12058
39.3676,1.12058
39.3691,1.12058
39.3706,1.12058
39.3721,1.12059
39.3736,1.12059
39.3751,1.12059
39.3766,1.12059
39.3781,1.12059
39.3796,1.12059
39.3811,1.1206
39.3826,1.1206
39.3841,1.1206
39.3856,1.1206
39.3871,1.1206
39.3885,1.1206
39.39,1.1206
39.3915,1.12061
39.393,1.12061
39.3945,1.12061
39.396,1.12061
39.3975,1.12061
39.399,1.12061
39.4005,1.12061
39.402,1.12061
39.4035,1.12061
39.405,1.12061
39.4065,1.12061
39.408,1.12061
39.4095,1.12062
39.411,1.12062
39.4125,1.12062
39.414,1.12062
39.4155,1.12062
39.417,1.12062
39.4185,1.12062
39.42,1.12062
39.4215,1.12062
39.423,1.12062
39.4245,1.12062
39.426,1.12062
39.4275,1.12061
39.429,1.12061
39.4305,1.12061
39.432,1.12061
39.4335,1.12061
39.435,1.12061
39.4365,1.12061
39.438,1.12061
39.4395,1.12061
39.441,1.12061
39.4425,1.12061
39.444,1.12061
39.4455,1.12061
39.447,1.12061
39.4485,1.1206
39.45,1.1206
39.4515,1.1206
39.453,1.1206
39.4545,1.1206
39.456,1.1206
39.4575,1.1206
39.459,1.12059
39.4605,1.12059
39.462,1.12059
39.4635,1.12059
39.465,1.12059
39.4665,1.12059
39.468,1.12058
39.4695,1.12058
39.471,1.12058
39.4725,1.12058
39.474,1.12058
39.4755,1.12057
39.477,1.12057
39.4785,1.12057
39.48,1.12057
39.4815,1.12057
39.483,1.12056
39.4845,1.12056
39.486,1.12056
39.4875,1.12056
39.489,1.12055
39.4905,1.12055
39.492,1.12055
39.4935,1.12055
39.495,1.12054
39.4965,1.12054
39.498,1.12054
39.4995,1.12053
39.501,1.12053
39.5025,1.12053
39.504,1.12053
39.5055,1.12052
39.507,1.12052
39.5085,1.12052
39.51,1.12051
39.5115,1.12051
39.513,1.12051
39.5145,1.1205
39.516,1.1205
39.5175,1.1205
39.519,1.1205
39.5205,1.12049
39.522,1.12049
39.5235,1.12049
39.525,1.12048
39.5265,1.12048
39.528,1.12048
39.5295,1.12047
39.531,1.12047
39.5325,1.12046
39.534,1.12046
39.5355,1.12046
39.537,1.12045
39.5385,1.12045
39.54,1.12045
39.5415,1.12044
39.543,1.12044
39.5445,1.12044
39.546,1.12043
39.5475,1.12043
39.549,1.12042
39.5505,1.12042
39.552,1.12042
39.5535,1.12041
39.555,1.12041
39.5565,1.1204
39.558,1.1204
39.5595,1.1204
39.561,1.12039
39.5625,1.12039
39.564,1.12038
39.5655,1.12038
39.567,1.12038
39.5685,1.12037
39.57,1.12037
39.5714,1.12036
39.5729,1.12036
39.5744,1.12036
39.5759,1.12035
39.5774,1.12035
39.5789,1.12034
39.5804,1.12034
39.5819,1.12033
39.5834,1.12033
39.5849,1.12032
39.5864,1.12032
39.5879,1.12032
39.5894,1.12031
39.5909,1.12031
39.5924,1.1203
39.5939,1.1203
39.5954,1.12029
39.5969,1.12029
39.5984,1.12028
39.5999,1.12028
39.6014,1.12027
39.6029,1.12027
39.6044,1.12026
39.6059,1.12026
39.6074,1.12025
39.6089,1.12025
39.6104,1.12024
39.6119,1.12024
39.6134,1.12023
39.6149,1.12023
39.6164,1.12022
39.6179,1.12022
39.6194,1.12021
39.6209,1.12021
39.6224,1.1202
39.6239,1.1202
39.6254,1.12019
39.6269,1.12019
39.6284,1.12018
39.6299,1.12018
39.6314,1.12017
39.6329,1.12016
39.6344,1.12016
39.6359,1.12016
39.6374,1.12015
39.6389,1.12014
39.6404,1.12014
39.6419,1.12013
39.6434,1.12013
39.6449,1.12012
39.6464,1.12012
39.6479,1.12011
39.6494,1.1201
39.6509,1.1201
39.6524,1.12009
39.6539,1.12009
39.6554,1.12008
39.6569,1.12008
39.6584,1.12007
39.6599,1.12007
39.6614,1.12006
39.6629,1.12005
39.6644,1.12005
39.6659,1.12004
39.6674,1.12004
39.6689,1.12003
39.6704,1.12002
39.6719,1.12002
39.6734,1.12001
39.6749,1.12001
39.6764,1.12
39.6779,1.11999
39.6794,1.11999
39.6809,1.11998
39.6824,1.11998
39.6839,1.11997
39.6854,1.11996
39.6869,1.11996
39.6884,1.11995
39.6899,1.11994
39.6914,1.11994
39.6929,1.11993
39.6944,1.11993
39.6959,1.11992
39.6974,1.11991
39.6989,1.11991
39.7004,1.1199
39.7019,1.1199
39.7034,1.11989
39.7049,1.11988
39.7064,1.11988
39.7079,1.11987
39.7094,1.11987
39.7109,1.11986
39.7124,1.11985
39.7139,1.11985
39.7154,1.11984
39.7169,1.11983
39.7184,1.11983
39.7199,1.11982
39.7214,1.11982
39.7229,1.11981
39.7244,1.1198
39.7259,1.1198
39.7274,1.11979
39.7289,1.11978
39.7304,1.11978
39.7319,1.11977
39.7334,1.11976
39.7349,1.11976
39.7364,1.11975
39.7379,1.11975
39.7394,1.11974
39.7409,1.11973
39.7424,1.11972
39.7439,1.11972
39.7454,1.11971
39.7469,1.11971
39.7484,1.1197
39.7499,1.11969
39.7514,1.11969
39.7528,1.11968
39.7543,1.11968
39.7558,1.11967
39.7573,1.11966
39.7588,1.11965
39.7603,1.11965
39.7618,1.11964
39.7633,1.11963
39.7648,1.11963
39.7663,1.11962
39.7678,1.11962
39.7693,1.11961
39.7708,1.1196
39.7723,1.1196
39.7738,1.11959
39.7753,1.11958
39.7768,1.11958
39.7783,1.11957
39.7798,1.11956
39.7813,1.11956
39.7828,1.11955
39.7843,1.11955
39.7858,1.11954
39.7873,1.11953
39.7888,1.11953
39.7903,1.11952
39.7918,1.11951
39.7933,1.11951
39.7948,1.1195
39.7963,1.11949
39.7978,1.11949
39.7993,1.11948
39.8008,1.11948
39.8023,1.11947
39.8038,1.11946
39.8053,1.11946
39.8068,1.11945
39.8083,1.11944
39.8098,1.11944
39.8113,1.11943
39.8128,1.11942
39.8143,1.11942
39.8158,1.11941
39.8173,1.11941
39.8188,1.1194
39.8203,1.11939
39.8218,1.11939
39.8233,1.11938
39.8248,1.11938
39.8263,1.11937
39.8278,1.11936
39.8293,1.11936
39.8308,1.11935
39.8323,1.11934
39.8338,1.11934
39.8353,1.11933
39.8368,1.11933
39.8383,1.11932
39.8398,1.11931
39.8413,1.11931
39.8428,1.1193
39.8443,1.1193
39.8458,1.11929
39.8473,1.11929
39.8488,1.11928
39.8503,1.11927
39.8518,1.11927
39.8533,1.11926
39.8548,1.11925
39.8563,1.11925
39.8578,1.11924
39.8593,1.11924
39.8608,1.11923
39.8623,1.11923
39.8638,1.11922
39.8653,1.11921
39.8668,1.11921
39.8683,1.1192
39.8698,1.1192
39.8713,1.11919
39.8728,1.11919
39.8743,1.11918
39.8758,1.11917
39.8773,1.11917
39.8788,1.11916
39.8803,1.11916
39.8818,1.11915
39.8833,1.11915
39.8848,1.11914
39.8863,1.11913
39.8878,1.11913
39.8893,1.11912
39.8908,1.11912
39.8923,1.11911
39.8938,1.11911
39.8953,1.1191
39.8968,1.1191
39.8983,1.11909
39.8998,1.11909
39.9013,1.11908
39.9028,1.11907
39.9043,1.11907
39.9058,1.11906
39.9073,1.11906
39.9088,1.11905
39.9103,1.11905
39.9118,1.11904
39.9133,1.11904
39.9148,1.11903
39.9163,1.11903
39.9178,1.11902
39.9193,1.11902
39.9208,1.11901
39.9223,1.11901
39.9238,1.119
39.9253,1.119
39.9268,1.11899
39.9283,1.11899
39.9298,1.11898
39.9313,1.11898
39.9328,1.11897
39.9342,1.11897
39.9357,1.11896
39.9372,1.11896
39.9387,1.11895
39.9402,1.11895
39.9417,1.11894
39.9432,1.11894
39.9447,1.11893
39.9462,1.11893
39.9477,1.11892
39.9492,1.11892
39.9507,1.11892
39.9522,1.11891
39.9537,1.11891
39.9552,1.1189
39.9567,1.1189
39.9582,1.11889
39.9597,1.11889
39.9612,1.11889
39.9627,1.11888
39.9642,1.11888
39.9657,1.11887
39.9672,1.11887
39.9687,1.11886
39.9702,1.11886
39.9717,1.11885
39.9732,1.11885
39.9747,1.11885
39.9762,1.11884
39.9777,1.11884
39.9792,1.11883
39.9807,1.11883
39.9822,1.11883
39.9837,1.11882
39.9852,1.11882
39.9867,1.11882
39.9882,1.11881
39.9897,1.11881
39.9912,1.1188
39.9927,1.1188
39.9942,1.1188
39.9957,1.11879
39.9972,1.11879
39.9987,1.11879
40.0002,1.11878
40.0017,1.11878
40.0032,1.11878
40.0047,1.11877
40.0062,1.11877
40.0077,1.11877
40.0092,1.11876
40.0107,1.11876
40.0122,1.11876
40.0137,1.11875
40.0152,1.11875
40.0167,1.11875
40.0182,1.11874
40.0197,1.11874
40.0212,1.11874
40.0227,1.11873
40.0242,1.11873
40.0257,1.11873
40.0272,1.11873
40.0287,1.11872
40.0302,1.11872
40.0317,1.11872
40.0332,1.11871
40.0347,1.11871
40.0362,1.11871
40.0377,1.1187
40.0392,1.1187
40.0407,1.1187
40.0422,1.1187
40.0437,1.11869
40.0452,1.11869
40.0467,1.11869
40.0482,1.11869
40.0497,1.11868
40.0512,1.11868
40.0527,1.11868
40.0542,1.11868
40.0557,1.11867
40.0572,1.11867
40.0587,1.11867
40.0602,1.11867
40.0617,1.11866
40.0632,1.11866
40.0647,1.11866
40.0662,1.11865
40.0677,1.11865
40.0692,1.11865
40.0707,1.11865
40.0722,1.11865
40.0737,1.11864
40.0752,1.11864
40.0767,1.11864
40.0782,1.11864
40.0797,1.11864
40.0812,1.11863
40.0827,1.11863
40.0842,1.11863
40.0857,1.11863
40.0872,1.11863
40.0887,1.11863
40.0902,1.11862
40.0917,1.11862
40.0932,1.11862
40.0947,1.11862
40.0962,1.11861
40.0977,1.11861
40.0992,1.11861
40.1007,1.11861
40.1022,1.11861
40.1037,1.11861
40.1052,1.1186
40.1067,1.1186
40.1082,1.1186
40.1097,1.1186
40.1112,1.1186
40.1127,1.1186
40.1142,1.11859
40.1157,1.11859
40.1171,1.11859
40.1186,1.11859
40.1201,1.11859
40.1216,1.11859
40.1231,1.11859
40.1246,1.11858
40.1261,1.11858
40.1276,1.11858
40.1291,1.11858
40.1306,1.11858
40.1321,1.11858
40.1336,1.11857
40.1351,1.11857
40.1366,1.11857
40.1381,1.11857
40.1396,1.11857
40.1411,1.11857
40.1426,1.11857
40.1441,1.11857
40.1456,1.11857
40.1471,1.11856
40.1486,1.11856
40.1501,1.11856
40.1516,1.11856
40.1531,1.11856
40.1546,1.11856
40.1561,1.11856
40.1576,1.11856
40.1591,1.11856
40.1606,1.11856
40.1621,1.11856
40.1636,1.11855
40.1651,1.11855
40.1666,1.11855
40.1681,1.11855
40.1696,1.11855
40.1711,1.11855
40.1726,1.11855
40.1741,1.11855
40.1756,1.11855
40.1771,1.11855
40.1786,1.11855
40.1801,1.11855
40.1816,1.11855
40.1831,1.11854
40.1846,1.11855
40.1861,1.11854
40.1876,1.11854
40.1891,1.11854
40.1906,1.11854
40.1921,1.11854
40.1936,1.11854
40.1951,1.11854
40.1966,1.11854
40.1981,1.11854
40.1996,1.11854
40.2011,1.11854
40.2026,1.11854
40.2041,1.11854
40.2056,1.11854
40.2071,1.11854
40.2086,1.11854
40.2101,1.11854
40.2116,1.11854
40.2131,1.11854
40.2146,1.11854
40.2161,1.11854
40.2176,1.11854
40.2191,1.11854
40.2206,1.11853
40.2221,1.11853
40.2236,1.11853
40.2251,1.11853
40.2266,1.11854
40.2281,1.11853
40.2296,1.11853
40.2311,1.11853
40.2326,1.11853
40.2341,1.11853
40.2356,1.11853
40.2371,1.11853
40.2386,1.11853
40.2401,1.11853
40.2416,1.11853
40.2431,1.11853
40.2446,1.11853
40.2461,1.11853
40.2476,1.11854
40.2491,1.11853
40.2506,1.11853
40.2521,1.11853
40.2536,1.11853
40.2551,1.11853
40.2566,1.11853
40.2581,1.11853
40.2596,1.11853
40.2611,1.11853
40.2626,1.11853
40.2641,1.11853
40.2656,1.11854
40.2671,1.11853
40.2686,1.11853
40.2701,1.11853
40.2716,1.11853
40.2731,1.11854
40.2746,1.11854
40.2761,1.11854
40.2776,1.11854
40.2791,1.11854
40.2806,1.11854
40.2821,1.11854
40.2836,1.11854
40.2851,1.11854
40.2866,1.11854
40.2881,1.11854
40.2896,1.11854
40.2911,1.11854
40.2926,1.11854
40.2941,1.11854
40.2956,1.11854
40.2971,1.11854
40.2985,1.11854
40.3,1.11854
40.3015,1.11854
40.303,1.11854
40.3045,1.11854
40.306,1.11855
40.3075,1.11855
40.309,1.11855
40.3105,1.11855
40.312,1.11855
40.3135,1.11855
40.315,1.11855
40.3165,1.11855
40.318,1.11855
40.3195,1.11855
40.321,1.11855
40.3225,1.11855
40.324,1.11855
40.3255,1.11855
40.327,1.11856
40.3285,1.11856
40.33,1.11856
40.3315,1.11856
40.333,1.11856
40.3345,1.11856
40.336,1.11856
40.3375,1.11856
40.339,1.11856
40.3405,1.11857
40.342,1.11857
40.3435,1.11857
40.345,1.11857
40.3465,1.11857
40.348,1.11857
40.3495,1.11857
40.351,1.11858
40.3525,1.11858
40.354,1.11858
40.3555,1.11858
40.357,1.11858
40.3585,1.11858
40.36,1.11858
40.3615,1.11859
40.363,1.11859
40.3645,1.11859
40.366,1.11859
40.3675,1.11859
40.369,1.1186
40.3705,1.1186
40.372,1.1186
40.3735,1.1186
40.375,1.1186
40.3765,1.11861
40.378,1.11861
40.3795,1.11861
40.381,1.11861
40.3825,1.11861
40.384,1.11862
40.3855,1.11862
40.387,1.11862
40.3885,1.11862
40.39,1.11862
40.3915,1.11863
40.393,1.11863
40.3945,1.11863
40.396,1.11864
40.3975,1.11864
40.399,1.11864
40.4005,1.11864
40.402,1.11865
40.4035,1.11865
40.405,1.11865
40.4065,1.11865
40.408,1.11866
40.4095,1.11866
40.411,1.11866
40.4125,1.11867
40.414,1.11867
40.4155,1.11867
40.417,1.11867
40.4185,1.11868
40.42,1.11868
40.4215,1.11868
40.423,1.11868
40.4245,1.11869
40.426,1.11869
40.4275,1.11869
40.429,1.1187
40.4305,1.1187
40.432,1.1187
40.4335,1.11871
40.435,1.11871
40.4365,1.11871
40.438,1.11872
40.4395,1.11872
40.441,1.11872
40.4425,1.11873
40.444,1.11873
40.4455,1.11873
40.447,1.11874
40.4485,1.11874
40.45,1.11874
40.4515,1.11875
40.453,1.11875
40.4545,1.11876
40.456,1.11876
40.4575,1.11876
40.459,1.11877
40.4605,1.11877
40.462,1.11878
40.4635,1.11878
40.465,1.11878
40.4665,1.11879
40.468,1.11879
40.4695,1.11879
40.471,1.1188
40.4725,1.1188
40.474,1.11881
40.4755,1.11881
40.477,1.11881
40.4785,1.11882
40.4799,1.11882
40.4814,1.11882
40.4829,1.11883
40.4844,1.11883
40.4859,1.11884
40.4874,1.11884
40.4889,1.11885
40.4904,1.11885
40.4919,1.11885
40.4934,1.11886
40.4949,1.11886
40.4964,1.11887
40.4979,1.11887
40.4994,1.11887
40.5009,1.11888
40.5024,1.11888
40.5039,1.11889
40.5054,1.11889
40.5069,1.1189
40.5084,1.1189
40.5099,1.1189
40.5114,1.11891
40.5129,1.11891
40.5144,1.11891
40.5159,1.11892
40.5174,1.11892
40.5189,1.11893
40.5204,1.11893
40.5219,1.11894
40.5234,1.11894
40.5249,1.11895
40.5264,1.11895
40.5279,1.11895
40.5294,1.11896
40.5309,1.11896
40.5324,1.11897
40.5339,1.11897
40.5354,1.11898
40.5369,1.11898
40.5384,1.11898
40.5399,1.11899
40.5414,1.11899
40.5429,1.119
40.5444,1.119
40.5459,1.119
40.5474,1.11901
40.5489,1.11901
40.5504,1.11902
40.5519,1.11902
40.5534,1.11903
40.5549,1.11903
40.5564,1.11903
40.5579,1.11904
40.5594,1.11904
40.5609,1.11905
40.5624,1.11905
40.5639,1.11906
40.5654,1.11906
40.5669,1.11907
40.5684,1.11907
40.5699,1.11907
40.5714,1.11908
40.5729,1.11908
40.5744,1.11909
40.5759,1.11909
40.5774,1.1191
40.5789,1.1191
40.5804,1.1191
40.5819,1.11911
40.5834,1.11911
40.5849,1.11912
40.5864,1.11912
40.5879,1.11913
40.5894,1.11913
40.5909,1.11913
40.5924,1.11914
40.5939,1.11914
40.5954,1.11915
40.5969,1.11915
40.5984,1.11916
40.5999,1.11916
40.6014,1.11917
40.6029,1.11917
40.6044,1.11918
40.6059,1.11918
40.6074,1.11918
40.6089,1.11919
40.6104,1.11919
40.6119,1.1192
40.6134,1.1192
40.6149,1.11921
40.6164,1.11921
40.6179,1.11922
40.6194,1.11922
40.6209,1.11923
40.6224,1.11923
40.6239,1.11923
40.6254,1.11924
40.6269,1.11924
40.6284,1.11925
40.6299,1.11925
40.6314,1.11926
40.6329,1.11926
40.6344,1.11927
40.6359,1.11927
40.6374,1.11928
40.6389,1.11928
40.6404,1.11929
40.6419,1.11929
40.6434,1.11929
40.6449,1.1193
40.6464,1.11931
40.6479,1.11931
40.6494,1.11931
40.6509,1.11932
40.6524,1.11932
40.6539,1.11933
40.6554,1.11933
40.6569,1.11934
40.6584,1.11934
40.6599,1.11935
40.6614,1.11935
40.6628,1.11936
40.6643,1.11936
40.6658,1.11937
40.6673,1.11937
40.6688,1.11938
40.6703,1.11938
40.6718,1.11939
40.6733,1.11939
40.6748,1.1194
40.6763,1.1194
40.6778,1.11941
40.6793,1.11941
40.6808,1.11942
40.6823,1.11942
40.6838,1.11943
40.6853,1.11943
40.6868,1.11944
40.6883,1.11944
40.6898,1.11945
40.6913,1.11945
40.6928,1.11946
40.6943,1.11946
40.6958,1.11947
40.6973,1.11948
40.6988,1.11948
40.7003,1.11949
40.7018,1.11949
40.7033,1.1195
40.7048,1.1195
40.7063,1.11951
40.7078,1.11951
40.7093,1.11952
40.7108,1.11952
40.7123,1.11953
40.7138,1.11953
40.7153,1.11954
40.7168,1.11954
40.7183,1.11955
40.7198,1.11955
40.7213,1.11956
40.7228,1.11957
40.7243,1.11957
40.7258,1.11958
40.7273,1.11958
40.7288,1.11959
40.7303,1.11959
40.7318,1.1196
40.7333,1.1196
40.7348,1.11961
40.7363,1.11962
40.7378,1.11962
40.7393,1.11963
40.7408,1.11963
40.7423,1.11964
40.7438,1.11964
40.7453,1.11965
40.7468,1.11966
40.7483,1.11966
40.7498,1.11967
40.7513,1.11967
40.7528,1.11968
40.7543,1.11969
40.7558,1.11969
40.7573,1.1197
40.7588,1.1197
40.7603,1.11971
40.7618,1.11971
40.7633,1.11972
40.7648,1.11972
40.7663,1.11973
40.7678,1.11974
40.7693,1.11974
40.7708,1.11975
40.7723,1.11975
40.7738,1.11976
40.7753,1.11977
40.7768,1.11977
40.7783,1.11978
40.7798,1.11978
40.7813,1.11979
40.7828,1.11979
40.7843,1.1198
40.7858,1.11981
40.7873,1.11981
40.7888,1.11982
40.7903,1.11982
40.7918,1.11983
40.7933,1.11983
40.7948,1.11984
40.7963,1.11984
40.7978,1.11985
40.7993,1.11986
40.8008,1.11986
40.8023,1.11987
40.8038,1.11987
40.8053,1.11988
40.8068,1.11988
40.8083,1.11989
40.8098,1.1199
40.8113,1.1199
40.8128,1.11991
40.8143,1.11991
40.8158,1.11992
40.8173,1.11992
40.8188,1.11993
40.8203,1.11994
40.8218,1.11994
40.8233,1.11994
40.8248,1.11995
40.8263,1.11996
40.8278,1.11996
40.8293,1.11997
40.8308,1.11997
40.8323,1.11998
40.8338,1.11998
40.8353,1.11999
40.8368,1.11999
40.8383,1.12
40.8398,1.12
40.8413,1.12001
40.8428,1.12001
40.8442,1.12002
40.8457,1.12002
40.8472,1.12003
40.8487,1.12003
40.8502,1.12004
40.8517,1.12004
40.8532,1.12005
40.8547,1.12005
40.8562,1.12006
40.8577,1.12006
40.8592,1.12007
40.8607,1.12007
40.8622,1.12008
40.8637,1.12008
40.8652,1.12009
40.8667,1.12009
40.8682,1.1201
40.8697,1.1201
40.8712,1.1201
40.8727,1.12011
40.8742,1.12011
40.8757,1.12012
40.8772,1.12012
40.8787,1.12013
40.8802,1.12013
40.8817,1.12013
40.8832,1.12014
40.8847,1.12014
40.8862,1.12015
40.8877,1.12015
40.8892,1.12016
40.8907,1.12016
40.8922,1.12017
40.8937,1.12017
40.8952,1.12017
40.8967,1.12018
40.8982,1.12018
40.8997,1.12019
40.9012,1.12019
40.9027,1.12019
40.9042,1.1202
40.9057,1.1202
40.9072,1.12021
40.9087,1.12021
40.9102,1.12021
40.9117,1.12022
40.9132,1.12022
40.9147,1.12023
40.9162,1.12023
40.9177,1.12023
40.9192,1.12024
40.9207,1.12024
40.9222,1.12024
40.9237,1.12025
40.9252,1.12025
40.9267,1.12025
40.9282,1.12026
40.9297,1.12026
40.9312,1.12027
40.9327,1.12027
40.9342,1.12027
40.9357,1.12028
40.9372,1.12028
40.9387,1.12028
40.9402,1.12029
40.9417,1.12029
40.9432,1.12029
40.9447,1.12029
40.9462,1.1203
40.9477,1.1203
40.9492,1.1203
40.9507,1.12031
40.9522,1.12031
40.9537,1.12031
40.9552,1.12032
40.9567,1.12032
40.9582,1.12032
40.9597,1.12032
40.9612,1.12033
40.9627,1.12033
40.9642,1.12033
40.9657,1.12034
40.9672,1.12034
40.9687,1.12034
40.9702,1.12034
40.9717,1.12035
40.9732,1.12035
40.9747,1.12035
40.9762,1.12035
40.9777,1.12036
40.9792,1.12036
40.9807,1.12036
40.9822,1.12036
40.9837,1.12036
40.9852,1.12037
40.9867,1.12037
40.9882,1.12037
40.9897,1.12037
40.9912,1.12037
40.9927,1.12038
40.9942,1.12038
40.9957,1.12038
40.9972,1.12038
40.9987,1.12038
41.0002,1.12038
41.0017,1.12039
41.0032,1.12039
41.0047,1.12039
41.0062,1.12039
41.0077,1.12039
41.0092,1.12039
41.0107,1.12039
41.0122,1.12039
41.0137,1.12039
41.0152,1.12039
41.0167,1.1204
41.0182,1.1204
41.0197,1.1204
41.0212,1.1204
41.0227,1.1204
41.0242,1.1204
41.0257,1.1204
41.0271,1.1204
41.0286,1.1204
41.0301,1.1204
41.0316,1.1204
41.0331,1.1204
41.0346,1.1204
41.0361,1.1204
41.0376,1.1204
41.0391,1.1204
41.0406,1.1204
41.0421,1.1204
41.0436,1.1204
41.0451,1.1204
41.0466,1.1204
41.0481,1.1204
41.0496,1.1204
41.0511,1.1204
41.0526,1.1204
41.0541,1.1204
41.0556,1.1204
41.0571,1.1204
41.0586,1.1204
41.0601,1.1204
41.0616,1.1204
41.0631,1.1204
41.0646,1.1204
41.0661,1.1204
41.0676,1.12039
41.0691,1.12039
41.0706,1.12039
41.0721,1.12039
41.0736,1.12039
41.0751,1.12039
41.0766,1.12039
41.0781,1.12039
41.0796,1.12039
41.0811,1.12039
41.0826,1.12038
41.0841,1.12038
41.0856,1.12038
41.0871,1.12038
41.0886,1.12038
41.0901,1.12038
41.0916,1.12037
41.0931,1.12037
41.0946,1.12037
41.0961,1.12037
41.0976,1.12037
41.0991,1.12036
41.1006,1.12036
41.1021,1.12036
41.1036,1.12036
41.1051,1.12036
41.1066,1.12036
41.1081,1.12035
41.1096,1.12035
41.1111,1.12035
41.1126,1.12035
41.1141,1.12034
41.1156,1.12034
41.1171,1.12034
41.1186,1.12034
41.1201,1.12034
41.1216,1.12033
41.1231,1.12033
41.1246,1.12033
41.1261,1.12033
41.1276,1.12033
41.1291,1.12032
41.1306,1.12032
41.1321,1.12032
41.1336,1.12031
41.1351,1.12031
41.1366,1.12031
41.1381,1.12031
41.1396,1.1203
41.1411,1.1203
41.1426,1.1203
41.1441,1.1203
41.1456,1.1203
41.1471,1.12029
41.1486,1.12029
41.1501,1.12029
41.1516,1.12028
41.1531,1.12028
41.1546,1.12028
41.1561,1.12028
41.1576,1.12027
41.1591,1.12027
41.1606,1.12027
41.1621,1.12026
41.1636,1.12026
41.1651,1.12026
41.1666,1.12025
41.1681,1.12025
41.1696,1.12025
41.1711,1.12025
41.1726,1.12024
41.1741,1.12024
41.1756,1.12024
41.1771,1.12023
41.1786,1.12023
41.1801,1.12023
41.1816,1.12022
41.1831,1.12022
41.1846,1.12022
41.1861,1.12021
41.1876,1.12021
41.1891,1.12021
41.1906,1.1202
41.1921,1.1202
41.1936,1.1202
41.1951,1.1202
41.1966,1.12019
41.1981,1.12019
41.1996,1.12019
41.2011,1.12018
41.2026,1.12018
41.2041,1.12018
41.2056,1.12017
41.2071,1.12017
41.2085,1.12017
41.21,1.12016
41.2115,1.12016
41.213,1.12016
41.2145,1.12015
41.216,1.12015
41.2175,1.12015
41.219,1.12014
41.2205,1.12014
41.222,1.12014
41.2235,1.12013
41.225,1.12013
41.2265,1.12013
41.228,1.12012
41.2295,1.12012
41.231,1.12012
41.2325,1.12011
41.234,1.12011
41.2355,1.12011
41.237,1.1201
41.2385,1.1201
41.24,1.1201
41.2415,1.12009
41.243,1.12009
41.2445,1.12009
41.246,1.12008
41.2475,1.12008
41.249,1.12008
41.2505,1.12007
41.252,1.12007
41.2535,1.12007
41.255,1.12006
41.2565,1.12006
41.258,1.12006
41.2595,1.12005
41.261,1.12005
41.2625,1.12005
41.264,1.12004
41.2655,1.12004
41.267,1.12004
41.2685,1.12003
41.27,1.12003
41.2715,1.12003
41.273,1.12002
41.2745,1.12002
41.276,1.12002
41.2775,1.12001
41.279,1.12001
41.2805,1.12
41.282,1.12
41.2835,1.12
41.285,1.12
41.2865,1.11999
41.288,1.11999
41.2895,1.11999
41.291,1.11998
41.2925,1.11998
41.294,1.11997
41.2955,1.11997
41.297,1.11997
41.2985,1.11996
41.3,1.11996
41.3015,1.11996
41.303,1.11995
41.3045,1.11995
41.306,1.11995
41.3075,1.11994
41.309,1.11994
41.3105,1.11994
41.312,1.11993
41.3135,1.11993
41.315,1.11993
41.3165,1.11992
41.318,1.11992
41.3195,1.11992
41.321,1.11991
41.3225,1.11991
41.324,1.1199
41.3255,1.1199
41.327,1.1199
41.3285,1.11989
41.33,1.11989
41.3315,1.11989
41.333,1.11988
41.3345,1.11988
41.336,1.11988
41.3375,1.11987
41.339,1.11987
41.3405,1.11987
41.342,1.11986
41.3435,1.11986
41.345,1.11985
41.3465,1.11985
41.348,1.11985
41.3495,1.11984
41.351,1.11984
41.3525,1.11984
41.354,1.11983
41.3555,1.11983
41.357,1.11983
41.3585,1.11982
41.36,1.11982
41.3615,1.11981
41.363,1.11981
41.3645,1.11981
41.366,1.1198
41.3675,1.1198
41.369,1.11979
41.3705,1.11979
41.372,1.11979
41.3735,1.11978
41.375,1.11978
41.3765,1.11978
41.378,1.11977
41.3795,1.11977
41.381,1.11976
41.3825,1.11976
41.384,1.11976
41.3855,1.11975
41.387,1.11975
41.3885,1.11975
41.3899,1.11974
41.3914,1.11974
41.3929,1.11973
41.3944,1.11973
41.3959,1.11973
41.3974,1.11972
41.3989,1.11972
41.4004,1.11971
41.4019,1.11971
41.4034,1.11971
41.4049,1.1197
41.4064,1.1197
41.4079,1.11969
41.4094,1.11969
41.4109,1.11969
41.4124,1.11968
41.4139,1.11968
41.4154,1.11968
41.4169,1.11967
41.4184,1.11967
41.4199,1.11966
41.4214,1.11966
41.4229,1.11966
41.4244,1.11965
41.4259,1.11965
41.4274,1.11964
41.4289,1.11964
41.4304,1.11964
41.4319,1.11963
41.4334,1.11963
41.4349,1.11963
41.4364,1.11962
41.4379,1.11962
41.4394,1.11962
41.4409,1.11961
41.4424,1.11961
41.4439,1.1196
41.4454,1.1196
41.4469,1.1196
41.4484,1.11959
41.4499,1.11959
41.4514,1.11959
41.4529,1.11958
41.4544,1.11958
41.4559,1.11958
41.4574,1.11957
41.4589,1.11957
41.4604,1.11957
41.4619,1.11956
41.4634,1.11956
41.4649,1.11956
41.4664,1.11955
41.4679,1.11955
41.4694,1.11955
41.4709,1.11954
41.4724,1.11954
41.4739,1.11954
41.4754,1.11953
41.4769,1.11953
41.4784,1.11953
41.4799,1.11953
41.4814,1.11952
41.4829,1.11952
41.4844,1.11952
41.4859,1.11951
41.4874,1.11951
41.4889,1.11951
41.4904,1.1195
41.4919,1.1195
41.4934,1.1195
41.4949,1.1195
41.4964,1.11949
41.4979,1.11949
41.4994,1.11949
41.5009,1.11949
41.5024,1.11948
41.5039,1.11948
41.5054,1.11948
41.5069,1.11948
41.5084,1.11947
41.5099,1.11947
41.5114,1.11947
41.5129,1.11947
41.5144,1.11946
41.5159,1.11946
41.5174,1.11946
41.5189,1.11946
41.5204,1.11946
41.5219,1.11945
41.5234,1.11945
41.5249,1.11945
41.5264,1.11945
41.5279,1.11945
41.5294,1.11944
41.5309,1.11944
41.5324,1.11944
41.5339,1.11944
41.5354,1.11944
41.5369,1.11944
41.5384,1.11944
41.5399,1.11943
41.5414,1.11943
41.5429,1.11943
41.5444,1.11943
41.5459,1.11943
41.5474,1.11943
41.5489,1.11942
41.5504,1.11942
41.5519,1.11942
41.5534,1.11942
41.5549,1.11942
41.5564,1.11942
41.5579,1.11942
41.5594,1.11942
41.5609,1.11941
41.5624,1.11941
41.5639,1.11941
41.5654,1.11941
41.5669,1.11941
41.5684,1.11941
41.5699,1.11941
41.5714,1.11941
41.5728,1.11941
41.5743,1.11941
41.5758,1.1194
41.5773,1.1194
41.5788,1.1194
41.5803,1.1194
41.5818,1.1194
41.5833,1.1194
41.5848,1.1194
41.5863,1.1194
41.5878,1.1194
41.5893,1.1194
41.5908,1.1194
41.5923,1.1194
41.5938,1.1194
41.5953,1.1194
41.5968,1.1194
41.5983,1.1194
41.5998,1.11939
41.6013,1.11939
41.6028,1.11939
41.6043,1.11939
41.6058,1.11939
41.6073,1.11939
41.6088,1.11939
41.6103,1.11939
41.6118,1.11939
41.6133,1.11939
41.6148,1.11939
41.6163,1.11939
41.6178,1.11939
41.6193,1.11939
41.6208,1.11939
41.6223,1.11939
41.6238,1.11939
41.6253,1.11939
41.6268,1.11939
41.6283,1.11939
41.6298,1.11939
41.6313,1.11939
41.6328,1.11939
41.6343,1.11939
41.6358,1.11939
41.6373,1.11939
41.6388,1.11939
41.6403,1.11939
41.6418,1.11939
41.6433,1.11939
41.6448,1.11939
41.6463,1.11939
41.6478,1.11939
41.6493,1.11939
41.6508,1.11939
41.6523,1.11939
41.6538,1.11939
41.6553,1.11939
41.6568,1.11939
41.6583,1.11939
41.6598,1.11939
41.6613,1.11939
41.6628,1.11939
41.6643,1.11939
41.6658,1.11939
41.6673,1.11939
41.6688,1.11939
41.6703,1.11939
41.6718,1.11939
41.6733,1.11939
41.6748,1.11939
41.6763,1.11939
41.6778,1.11939
41.6793,1.11939
41.6808,1.11939
41.6823,1.11939
41.6838,1.1194
41.6853,1.11939
41.6868,1.11939
41.6883,1.11939
41.6898,1.11939
41.6913,1.11939
41.6928,1.1194
41.6943,1.1194
41.6958,1.1194
41.6973,1.1194
41.6988,1.1194
41.7003,1.1194
41.7018,1.1194
41.7033,1.1194
41.7048,1.1194
41.7063,1.1194
41.7078,1.1194
41.7093,1.1194
41.7108,1.1194
41.7123,1.1194
41.7138,1.1194
41.7153,1.1194
41.7168,1.1194
41.7183,1.1194
41.7198,1.1194
41.7213,1.1194
41.7228,1.1194
41.7243,1.1194
41.7258,1.1194
41.7273,1.1194
41.7288,1.11941
41.7303,1.11941
41.7318,1.11941
41.7333,1.11941
41.7348,1.11941
41.7363,1.11941
41.7378,1.11941
41.7393,1.11941
41.7408,1.11941
41.7423,1.11941
41.7438,1.11941
41.7453,1.11941
41.7468,1.11941
41.7483,1.11941
41.7498,1.11941
41.7513,1.11941
41.7528,1.11942
41.7542,1.11942
41.7557,1.11942
41.7572,1.11942
41.7587,1.11942
41.7602,1.11942
41.7617,1.11942
41.7632,1.11942
41.7647,1.11942
41.7662,1.11942
41.7677,1.11943
41.7692,1.11943
41.7707,1.11943
41.7722,1.11943
41.7737,1.11943
41.7752,1.11943
41.7767,1.11943
41.7782,1.11943
41.7797,1.11943
41.7812,1.11943
41.7827,1.11944
41.7842,1.11944
41.7857,1.11944
41.7872,1.11944
41.7887,1.11944
41.7902,1.11944
41.7917,1.11944
41.7932,1.11944
41.7947,1.11944
41.7962,1.11945
41.7977,1.11945
41.7992,1.11945
41.8007,1.11945
41.8022,1.11945
41.8037,1.11945
41.8052,1.11945
41.8067,1.11945
41.8082,1.11946
41.8097,1.11946
41.8112,1.11946
41.8127,1.11946
41.8142,1.11946
41.8157,1.11946
41.8172,1.11946
41.8187,1.11947
41.8202,1.11947
41.8217,1.11947
41.8232,1.11947
41.8247,1.11947
41.8262,1.11948
41.8277,1.11948
41.8292,1.11948
41.8307,1.11948
41.8322,1.11948
41.8337,1.11948
41.8352,1.11949
41.8367,1.11949
41.8382,1.11949
41.8397,1.11949
41.8412,1.11949
41.8427,1.11949
41.8442,1.1195
41.8457,1.1195
41.8472,1.1195
41.8487,1.1195
41.8502,1.11951
41.8517,1.11951
41.8532,1.11951
41.8547,1.11951
41.8562,1.11951
41.8577,1.11952
41.8592,1.11952
41.8607,1.11952
41.8622,1.11952
41.8637,1.11952
41.8652,1.11953
41.8667,1.11953
41.8682,1.11953
41.8697,1.11953
41.8712,1.11954
41.8727,1.11954
41.8742,1.11954
41.8757,1.11954
41.8772,1.11954
41.8787,1.11955
41.8802,1.11955
41.8817,1.11955
41.8832,1.11955
41.8847,1.11956
41.8862,1.11956
41.8877,1.11956
41.8892,1.11956
41.8907,1.11956
41.8922,1.11957
41.8937,1.11957
41.8952,1.11957
41.8967,1.11957
41.8982,1.11958
41.8997,1.11958
41.9012,1.11958
41.9027,1.11958
41.9042,1.11959
41.9057,1.11959
41.9072,1.11959
41.9087,1.11959
41.9102,1.1196
41.9117,1.1196
41.9132,1.1196
41.9147,1.1196
41.9162,1.11961
41.9177,1.11961
41.9192,1.11961
41.9207,1.11961
41.9222,1.11962
41.9237,1.11962
41.9252,1.11962
41.9267,1.11963
41.9282,1.11963
41.9297,1.11963
41.9312,1.11963
41.9327,1.11964
41.9342,1.11964
41.9356,1.11964
41.9371,1.11964
41.9386,1.11965
41.9401,1.11965
41.9416,1.11965
41.9431,1.11965
41.9446,1.11966
41.9461,1.11966
41.9476,1.11966
41.9491,1.11967
41.9506,1.11967
41.9521,1.11967
41.9536,1.11967
41.9551,1.11968
41.9566,1.11968
41.9581,1.11968
41.9596,1.11969
41.9611,1.11969
41.9626,1.11969
41.9641,1.11969
41.9656,1.1197
41.9671,1.1197
41.9686,1.1197
41.9701,1.11971
41.9716,1.11971
41.9731,1.11971
41.9746,1.11971
41.9761,1.11972
41.9776,1.11972
41.9791,1.11972
41.9806,1.11972
41.9821,1.11973
41.9836,1.11973
41.9851,1.11973
41.9866,1.11974
41.9881,1.11974
41.9896,1.11974
41.9911,1.11974
41.9926,1.11975
41.9941,1.11975
41.9956,1.11975
41.9971,1.11976
41.9986,1.11976
42.0001,1.11976
42.0016,1.11976
42.0031,1.11977
42.0046,1.11977
42.0061,1.11977
42.0076,1.11977
42.0091,1.11978
42.0106,1.11978
42.0121,1.11978
42.0136,1.11979
42.0151,1.11979
42.0166,1.11979
42.0181,1.11979
42.0196,1.1198
42.0211,1.1198
42.0226,1.1198
42.0241,1.1198
42.0256,1.11981
42.0271,1.11981
42.0286,1.11981
42.0301,1.11982
42.0316,1.11982
42.0331,1.11982
42.0346,1.11982
42.0361,1.11983
42.0376,1.11983
42.0391,1.11983
42.0406,1.11983
42.0421,1.11984
42.0436,1.11984
42.0451,1.11984
42.0466,1.11984
42.0481,1.11985
42.0496,1.11985
42.0511,1.11985
42.0526,1.11986
42.0541,1.11986
42.0556,1.11986
42.0571,1.11986
42.0586,1.11987
42.0601,1.11987
42.0616,1.11987
42.0631,1.11987
42.0646,1.11988
42.0661,1.11988
42.0676,1.11988
42.0691,1.11988
42.0706,1.11988
42.0721,1.11989
42.0736,1.11989
42.0751,1.11989
42.0766,1.11989
42.0781,1.11989
42.0796,1.1199
42.0811,1.1199
42.0826,1.1199
42.0841,1.1199
42.0856,1.11991
42.0871,1.11991
42.0886,1.11991
42.0901,1.11991
42.0916,1.11991
42.0931,1.11992
42.0946,1.11992
42.0961,1.11992
42.0976,1.11992
42.0991,1.11992
42.1006,1.11992
42.1021,1.11993
42.1036,1.11993
42.1051,1.11993
42.1066,1.11993
42.1081,1.11993
42.1096,1.11993
42.1111,1.11994
42.1126,1.11994
42.1141,1.11994
42.1156,1.11994
42.1171,1.11994
42.1185,1.11994
42.12,1.11995
42.1215,1.11995
42.123,1.11995
42.1245,1.11995
42.126,1.11995
42.1275,1.11995
42.129,1.11995
42.1305,1.11995
42.132,1.11995
42.1335,1.11996
42.135,1.11996
42.1365,1.11996
42.138,1.11996
42.1395,1.11996
42.141,1.11996
42.1425,1.11996
42.144,1.11996
42.1455,1.11996
42.147,1.11996
42.1485,1.11996
42.15,1.11997
42.1515,1.11996
42.153,1.11997
42.1545,1.11997
42.156,1.11997
42.1575,1.11997
42.159,1.11997
42.1605,1.11997
42.162,1.11997
42.1635,1.11997
42.165,1.11997
42.1665,1.11997
42.168,1.11997
42.1695,1.11997
42.171,1.11997
42.1725,1.11997
42.174,1.11997
42.1755,1.11997
42.177,1.11997
42.1785,1.11997
42.18,1.11997
42.1815,1.11997
42.183,1.11997
42.1845,1.11997
42.186,1.11997
42.1875,1.11997
42.189,1.11997
42.1905,1.11997
42.192,1.11997
42.1935,1.11997
42.195,1.11997
42.1965,1.11997
42.198,1.11997
42.1995,1.11997
42.201,1.11997
42.2025,1.11997
42.204,1.11997
42.2055,1.11997
42.207,1.11997
42.2085,1.11997
42.21,1.11997
42.2115,1.11997
42.213,1.11997
42.2145,1.11997
42.216,1.11997
42.2175,1.11997
42.219,1.11997
42.2205,1.11997
42.222,1.11997
42.2235,1.11996
42.225,1.11996
42.2265,1.11996
42.228,1.11996
42.2295,1.11996
42.231,1.11996
42.2325,1.11996
42.234,1.11996
42.2355,1.11996
42.237,1.11996
42.2385,1.11996
42.24,1.11996
42.2415,1.11996
42.243,1.11995
42.2445,1.11995
42.246,1.11995
42.2475,1.11995
42.249,1.11995
42.2505,1.11995
42.252,1.11995
42.2535,1.11995
42.255,1.11995
42.2565,1.11994
42.258,1.11994
42.2595,1.11994
42.261,1.11994
42.2625,1.11994
42.264,1.11994
42.2655,1.11994
42.267,1.11994
42.2685,1.11994
42.27,1.11994
42.2715,1.11993
42.273,1.11993
42.2745,1.11993
42.276,1.11993
42.2775,1.11993
42.279,1.11993
42.2805,1.11993
42.282,1.11992
42.2835,1.11992
42.285,1.11992
42.2865,1.11992
42.288,1.11992
42.2895,1.11992
42.291,1.11992
42.2925,1.11991
42.294,1.11991
42.2955,1.11991
42.297,1.11991
42.2985,1.11991
42.2999,1.11991
42.3014,1.11991
42.3029,1.1199
42.3044,1.1199
42.3059,1.1199
42.3074,1.1199
42.3089,1.1199
42.3104,1.11989
42.3119,1.11989
42.3134,1.11989
42.3149,1.11989
42.3164,1.11989
42.3179,1.11989
42.3194,1.11988
42.3209,1.11988
42.3224,1.11988
42.3239,1.11988
42.3254,1.11988
42.3269,1.11987
42.3284,1.11987
42.3299,1.11987
42.3314,1.11987
42.3329,1.11987
42.3344,1.11986
42.3359,1.11986
42.3374,1.11986
42.3389,1.11986
42.3404,1.11986
42.3419,1.11985
42.3434,1.11985
42.3449,1.11985
42.3464,1.11985
42.3479,1.11985
42.3494,1.11984
42.3509,1.11984
42.3524,1.11984
42.3539,1.11984
42.3554,1.11984
42.3569,1.11983
42.3584,1.11983
42.3599,1.11983
42.3614,1.11982
42.3629,1.11982
42.3644,1.11982
42.3659,1.11982
42.3674,1.11982
42.3689,1.11981
42.3704,1.11981
42.3719,1.11981
42.3734,1.11981
42.3749,1.1198
42.3764,1.1198
42.3779,1.1198
42.3794,1.1198
42.3809,1.11979
42.3824,1.11979
42.3839,1.11979
42.3854,1.11979
42.3869,1.11978
42.3884,1.11978
42.3899,1.11978
42.3914,1.11977
42.3929,1.11977
42.3944,1.11977
42.3959,1.11977
42.3974,1.11976
42.3989,1.11976
42.4004,1.11976
42.4019,1.11976
42.4034,1.11975
42.4049,1.11975
42.4064,1.11975
42.4079,1.11975
42.4094,1.11974
42.4109,1.11974
42.4124,1.11974
42.4139,1.11973
42.4154,1.11973
42.4169,1.11973
42.4184,1.11973
42.4199,1.11972
42.4214,1.11972
42.4229,1.11972
42.4244,1.11971
42.4259,1.11971
42.4274,1.11971
42.4289,1.1197
42.4304,1.1197
42.4319,1.1197
42.4334,1.1197
42.4349,1.11969
42.4364,1.11969
42.4379,1.11969
42.4394,1.11968
42.4409,1.11968
42.4424,1.11968
42.4439,1.11967
42.4454,1.11967
42.4469,1.11967
42.4484,1.11966
42.4499,1.11966
42.4514,1.11966
42.4529,1.11965
42.4544,1.11965
42.4559,1.11965
42.4574,1.11964
42.4589,1.11964
42.4604,1.11964
42.4619,1.11963
42.4634,1.11963
42.4649,1.11963
42.4664,1.11962
42.4679,1.11962
42.4694,1.11962
42.4709,1.11961
42.4724,1.11961
42.4739,1.11961
42.4754,1.1196
42.4769,1.1196
42.4784,1.1196
42.4799,1.11959
42.4813,1.11959
42.4828,1.11959
42.4843,1.11958
42.4858,1.11958
42.4873,1.11957
42.4888,1.11957
42.4903,1.11957
42.4918,1.11956
42.4933,1.11956
42.4948,1.11956
42.4963,1.11955
42.4978,1.11955
42.4993,1.11954
42.5008,1.11954
42.5023,1.11954
42.5038,1.11953
42.5053,1.11953
42.5068,1.11953
42.5083,1.11952
42.5098,1.11952
42.5113,1.11951
42.5128,1.11951
42.5143,1.11951
42.5158,1.1195
42.5173,1.1195
42.5188,1.11949
42.5203,1.11949
42.5218,1.11948
42.5233,1.11948
42.5248,1.11948
42.5263,1.11947
42.5278,1.11947
42.5293,1.11946
42.5308,1.11946
42.5323,1.11945
42.5338,1.11945
42.5353,1.11945
42.5368,1.11944
42.5383,1.11944
42.5398,1.11943
42.5413,1.11943
42.5428,1.11942
42.5443,1.11942
42.5458,1.11942
42.5473,1.11941
42.5488,1.11941
42.5503,1.1194
42.5518,1.1194
42.5533,1.11939
42.5548,1.11939
42.5563,1.11938
42.5578,1.11938
42.5593,1.11937
42.5608,1.11937
42.5623,1.11936
42.5638,1.11936
42.5653,1.11936
42.5668,1.11935
42.5683,1.11935
42.5698,1.11934
42.5713,1.11934
42.5728,1.11933
42.5743,1.11933
42.5758,1.11932
42.5773,1.11932
42.5788,1.11931
42.5803,1.11931
42.5818,1.1193
42.5833,1.1193
42.5848,1.11929
42.5863,1.11929
42.5878,1.11928
42.5893,1.11928
42.5908,1.11927
42.5923,1.11927
42.5938,1.11926
42.5953,1.11926
42.5968,1.11925
42.5983,1.11925
42.5998,1.11924
42.6013,1.11924
42.6028,1.11923
42.6043,1.11922
42.6058,1.11922
42.6073,1.11922
42.6088,1.11921
42.6103,1.11921
42.6118,1.1192
42.6133,1.11919
42.6148,1.11919
42.6163,1.11918
42.6178,1.11918
42.6193,1.11917
42.6208,1.11917
42.6223,1.11916
42.6238,1.11916
42.6253,1.11915
42.6268,1.11915
42.6283,1.11914
42.6298,1.11914
42.6313,1.11913
42.6328,1.11913
42.6343,1.11912
42.6358,1.11912
42.6373,1.11911
42.6388,1.1191
42.6403,1.1191
42.6418,1.11909
42.6433,1.11909
42.6448,1.11908
42.6463,1.11908
42.6478,1.11907
42.6493,1.11907
42.6508,1.11906
42.6523,1.11906
42.6538,1.11905
42.6553,1.11905
42.6568,1.11904
42.6583,1.11903
42.6598,1.11903
42.6613,1.11902
42.6628,1.11902
42.6642,1.11901
42.6657,1.11901
42.6672,1.119
42.6687,1.119
42.6702,1.11899
42.6717,1.11899
42.6732,1.11898
42.6747,1.11897
42.6762,1.11897
42.6777,1.11896
42.6792,1.11896
42.6807,1.11895
42.6822,1.11895
42.6837,1.11894
42.6852,1.11893
42.6867,1.11893
42.6882,1.11892
42.6897,1.11892
42.6912,1.11891
42.6927,1.11891
42.6942,1.1189
42.6957,1.1189
42.6972,1.11889
42.6987,1.11889
42.7002,1.11888
42.7017,1.11887
42.7032,1.11887
42.7047,1.11886
42.7062,1.11886
42.7077,1.11885
42.7092,1.11885
42.7107,1.11884
42.7122,1.11883
42.7137,1.11883
42.7152,1.11883
42.7167,1.11882
42.7182,1.11881
42.7197,1.11881
42.7212,1.1188
42.7227,1.1188
42.7242,1.11879
42.7257,1.11879
42.7272,1.11878
42.7287,1.11878
42.7302,1.11877
42.7317,1.11876
42.7332,1.11876
42.7347,1.11875
42.7362,1.11875
42.7377,1.11874
42.7392,1.11874
42.7407,1.11873
42.7422,1.11873
42.7437,1.11872
42.7452,1.11872
42.7467,1.11871
42.7482,1.11871
42.7497,1.1187
42.7512,1.1187
42.7527,1.11869
42.7542,1.11869
42.7557,1.11868
42.7572,1.11867
42.7587,1.11867
42.7602,1.11866
42.7617,1.11866
42.7632,1.11865
42.7647,1.11865
42.7662,1.11864
42.7677,1.11864
42.7692,1.11863
42.7707,1.11863
42.7722,1.11862
42.7737,1.11862
42.7752,1.11861
42.7767,1.11861
42.7782,1.1186
42.7797,1.1186
42.7812,1.11859
42.7827,1.11859
42.7842,1.11858
42.7857,1.11858
42.7872,1.11857
42.7887,1.11857
42.7902,1.11856
42.7917,1.11856
42.7932,1.11855
42.7947,1.11855
42.7962,1.11854
42.7977,1.11854
42.7992,1.11854
42.8007,1.11853
42.8022,1.11852
42.8037,1.11852
42.8052,1.11851
42.8067,1.11851
42.8082,1.11851
42.8097,1.1185
42.8112,1.1185
42.8127,1.11849
42.8142,1.11849
42.8157,1.11848
42.8172,1.11848
42.8187,1.11847
42.8202,1.11847
42.8217,1.11846
42.8232,1.11846
42.8247,1.11845
42.8262,1.11845
42.8277,1.11844
42.8292,1.11844
42.8307,1.11843
42.8322,1.11843
42.8337,1.11842
42.8352,1.11842
42.8367,1.11842
42.8382,1.11841
42.8397,1.11841
42.8412,1.1184
42.8427,1.1184
42.8442,1.11839
42.8456,1.11839
42.8471,1.11838
42.8486,1.11838
42.8501,1.11838
42.8516,1.11837
42.8531,1.11837
42.8546,1.11836
42.8561,1.11836
42.8576,1.11835
42.8591,1.11835
42.8606,1.11834
42.8621,1.11834
42.8636,1.11834
42.8651,1.11833
42.8666,1.11833
42.8681,1.11832
42.8696,1.11832
42.8711,1.11831
42.8726,1.11831
42.8741,1.1183
42.8756,1.1183
42.8771,1.1183
42.8786,1.11829
42.8801,1.11829
42.8816,1.11828
42.8831,1.11828
42.8846,1.11828
42.8861,1.11827
42.8876,1.11827
42.8891,1.11826
42.8906,1.11826
42.8921,1.11825
42.8936,1.11825
42.8951,1.11824
42.8966,1.11824
42.8981,1.11824
42.8996,1.11823
42.9011,1.11823
42.9026,1.11823
42.9041,1.11822
42.9056,1.11822
42.9071,1.11821
42.9086,1.11821
42.9101,1.11821
42.9116,1.1182
42.9131,1.1182
42.9146,1.11819
42.9161,1.11819
42.9176,1.11819
42.9191,1.11818
42.9206,1.11818
42.9221,1.11817
42.9236,1.11817
42.9251,1.11817
42.9266,1.11816
42.9281,1.11816
42.9296,1.11816
42.9311,1.11815
42.9326,1.11815
42.9341,1.11814
42.9356,1.11814
42.9371,1.11814
42.9386,1.11813
42.9401,1.11813
42.9416,1.11813
42.9431,1.11812
42.9446,1.11812
42.9461,1.11811
42.9476,1.11811
42.9491,1.11811
42.9506,1.11811
42.9521,1.1181
42.9536,1.1181
42.9551,1.1181
42.9566,1.11809
42.9581,1.11809
42.9596,1.11808
42.9611,1.11808
42.9626,1.11808
42.9641,1.11807
42.9656,1.11807
42.9671,1.11807
42.9686,1.11807
42.9701,1.11806
42.9716,1.11806
42.9731,1.11806
42.9746,1.11805
42.9761,1.11805
42.9776,1.11805
42.9791,1.11804
42.9806,1.11804
42.9821,1.11804
42.9836,1.11803
42.9851,1.11803
42.9866,1.11803
42.9881,1.11803
42.9896,1.11802
42.9911,1.11802
42.9926,1.11802
42.9941,1.11801
42.9956,1.11801
42.9971,1.11801
42.9986,1.11801
43.0001,1.118
43.0016,1.118
43.0031,1.118
43.0046,1.118
43.0061,1.11799
43.0076,1.11799
43.0091,1.11799
43.0106,1.11799
43.0121,1.11798
43.0136,1.11798
43.0151,1.11798
43.0166,1.11798
43.0181,1.11798
43.0196,1.11797
43.0211,1.11797
43.0226,1.11797
43.0241,1.11797
43.0256,1.11796
43.0271,1.11796
43.0285,1.11796
43.03,1.11796
43.0315,1.11796
43.033,1.11795
43.0345,1.11795
43.036,1.11795
43.0375,1.11795
43.039,1.11795
43.0405,1.11795
43.042,1.11794
43.0435,1.11794
43.045,1.11794
43.0465,1.11794
43.048,1.11794
43.0495,1.11793
43.051,1.11793
43.0525,1.11793
43.054,1.11793
43.0555,1.11793
43.057,1.11793
43.0585,1.11793
43.06,1.11792
43.0615,1.11792
43.063,1.11792
43.0645,1.11792
43.066,1.11792
43.0675,1.11792
43.069,1.11791
43.0705,1.11791
43.072,1.11791
43.0735,1.11791
43.075,1.11791
43.0765,1.11791
43.078,1.11791
43.0795,1.11791
43.081,1.11791
43.0825,1.11791
43.084,1.11791
43.0855,1.11791
43.087,1.1179
43.0885,1.1179
43.09,1.1179
43.0915,1.1179
43.093,1.1179
43.0945,1.1179
43.096,1.1179
43.0975,1.1179
43.099,1.1179
43.1005,1.1179
43.102,1.1179
43.1035,1.1179
43.105,1.1179
43.1065,1.1179
43.108,1.1179
43.1095,1.1179
43.111,1.1179
43.1125,1.1179
43.114,1.1179
43.1155,1.1179
43.117,1.11789
43.1185,1.1179
43.12,1.1179
43.1215,1.1179
43.123,1.1179
43.1245,1.1179
43.126,1.1179
43.1275,1.1179
43.129,1.1179
43.1305,1.1179
43.132,1.1179
43.1335,1.1179
43.135,1.1179
43.1365,1.1179
43.138,1.1179
43.1395,1.1179
43.141,1.1179
43.1425,1.1179
43.144,1.1179
43.1455,1.1179
43.147,1.1179
43.1485,1.1179
43.15,1.1179
43.1515,1.1179
43.153,1.1179
43.1545,1.1179
43.156,1.1179
43.1575,1.11791
43.159,1.11791
43.1605,1.11791
43.162,1.11791
43.1635,1.11791
43.165,1.11791
43.1665,1.11791
43.168,1.11791
43.1695,1.11791
43.171,1.11791
43.1725,1.11792
43.174,1.11792
43.1755,1.11792
43.177,1.11792
43.1785,1.11792
43.18,1.11792
43.1815,1.11792
43.183,1.11792
43.1845,1.11793
43.186,1.11793
43.1875,1.11793
43.189,1.11793
43.1905,1.11793
43.192,1.11793
43.1935,1.11794
43.195,1.11794
43.1965,1.11794
43.198,1.11794
43.1995,1.11794
43.201,1.11795
43.2025,1.11795
43.204,1.11795
43.2055,1.11795
43.207,1.11795
43.2085,1.11795
43.2099,1.11796
43.2114,1.11796
43.2129,1.11796
43.2144,1.11796
43.2159,1.11797
43.2174,1.11797
43.2189,1.11797
43.2204,1.11797
43.2219,1.11797
43.2234,1.11798
43.2249,1.11798
43.2264,1.11798
43.2279,1.11798
43.2294,1.11798
43.2309,1.11799
43.2324,1.11799
43.2339,1.118
43.2354,1.118
43.2369,1.118
43.2384,1.118
43.2399,1.118
43.2414,1.11801
43.2429,1.11801
43.2444,1.11801
43.2459,1.11802
43.2474,1.11802
43.2489,1.11802
43.2504,1.11802
43.2519,1.11803
43.2534,1.11803
43.2549,1.11803
43.2564,1.11804
43.2579,1.11804
43.2594,1.11804
43.2609,1.11805
43.2624,1.11805
43.2639,1.11805
43.2654,1.11805
43.2669,1.11806
43.2684,1.11806
43.2699,1.11806
43.2714,1.11807
43.2729,1.11807
43.2744,1.11807
43.2759,1.11808
43.2774,1.11808
43.2789,1.11808
43.2804,1.11809
43.2819,1.11809
43.2834,1.11809
43.2849,1.1181
43.2864,1.1181
43.2879,1.11811
43.2894,1.11811
43.2909,1.11811
43.2924,1.11812
43.2939,1.11812
43.2954,1.11812
43.2969,1.11813
43.2984,1.11813
43.2999,1.11813
43.3014,1.11814
43.3029,1.11814
43.3044,1.11815
43.3059,1.11815
43.3074,1.11815
43.3089,1.11816
43.3104,1.11816
43.3119,1.11817
43.3134,1.11817
43.3149,1.11818
43.3164,1.11818
43.3179,1.11818
43.3194,1.11819
43.3209,1.11819
43.3224,1.1182
43.3239,1.1182
43.3254,1.1182
43.3269,1.11821
43.3284,1.11821
43.3299,1.11822
43.3314,1.11822
43.3329,1.11823
43.3344,1.11823
43.3359,1.11823
43.3374,1.11824
43.3389,1.11824
43.3404,1.11825
43.3419,1.11825
43.3434,1.11826
43.3449,1.11826
43.3464,1.11826
43.3479,1.11827
43.3494,1.11828
43.3509,1.11828
43.3524,1.11828
43.3539,1.11829
43.3554,1.11829
43.3569,1.1183
43.3584,1.1183
43.3599,1.11831
43.3614,1.11831
43.3629,1.11832
43.3644,1.11832
43.3659,1.11833
43.3674,1.11833
43.3689,1.11834
43.3704,1.11834
43.3719,1.11835
43.3734,1.11835
43.3749,1.11836
43.3764,1.11836
43.3779,1.11837
43.3794,1.11837
43.3809,1.11838
43.3824,1.11838
43.3839,1.11839
43.3854,1.11839
43.3869,1.1184
43.3884,1.1184
43.3899,1.11841
43.3913,1.11841
43.3928,1.11842
43.3943,1.11842
43.3958,1.11843
43.3973,1.11843
43.3988,1.11844
43.4003,1.11845
43.4018,1.11845
43.4033,1.11846
43.4048,1.11846
43.4063,1.11847
43.4078,1.11847
43.4093,1.11848
43.4108,1.11848
43.4123,1.11849
43.4138,1.11849
43.4153,1.1185
43.4168,1.1185
43.4183,1.11851
43.4198,1.11852
43.4213,1.11852
43.4228,1.11853
43.4243,1.11853
43.4258,1.11854
43.4273,1.11854
43.4288,1.11855
43.4303,1.11855
43.4318,1.11856
43.4333,1.11856
43.4348,1.11857
43.4363,1.11858
43.4378,1.11858
43.4393,1.11859
43.4408,1.11859
43.4423,1.1186
43.4438,1.1186
43.4453,1.11861
43.4468,1.11862
43.4483,1.11862
43.4498,1.11863
43.4513,1.11863
43.4528,1.11864
43.4543,1.11864
43.4558,1.11865
43.4573,1.11866
43.4588,1.11866
43.4603,1.11867
43.4618,1.11867
43.4633,1.11868
43.4648,1.11868
43.4663,1.11869
43.4678,1.11869
43.4693,1.1187
43.4708,1.11871
43.4723,1.11871
43.4738,1.11872
43.4753,1.11872
43.4768,1.11873
43.4783,1.11873
43.4798,1.11874
43.4813,1.11875
43.4828,1.11875
43.4843,1.11876
43.4858,1.11876
43.4873,1.11877
43.4888,1.11877
43.4903,1.11878
43.4918,1.11879
43.4933,1.11879
43.4948,1.1188
43.4963,1.1188
43.4978,1.11881
43.4993,1.11881
43.5008,1.11882
43.5023,1.11883
43.5038,1.11883
43.5053,1.11884
43.5068,1.11884
43.5083,1.11885
43.5098,1.11885
43.5113,1.11886
43.5128,1.11887
43.5143,1.11887
43.5158,1.11888
43.5173,1.11888
43.5188,1.11889
43.5203,1.11889
43.5218,1.1189
43.5233,1.1189
43.5248,1.11891
43.5263,1.11892
43.5278,1.11892
43.5293,1.11893
43.5308,1.11893
43.5323,1.11894
43.5338,1.11894
43.5353,1.11895
43.5368,1.11895
43.5383,1.11896
43.5398,1.11896
43.5413,1.11897
43.5428,1.11897
43.5443,1.11898
43.5458,1.11899
43.5473,1.11899
43.5488,1.119
43.5503,1.119
43.5518,1.11901
43.5533,1.11901
43.5548,1.11902
43.5563,1.11902
43.5578,1.11903
43.5593,1.11903
43.5608,1.11904
43.5623,1.11904
43.5638,1.11905
43.5653,1.11905
43.5668,1.11906
43.5683,1.11906
43.5698,1.11907
43.5713,1.11907
43.5728,1.11908
43.5742,1.11908
43.5757,1.11909
43.5772,1.11909
43.5787,1.1191
43.5802,1.1191
43.5817,1.11911
43.5832,1.11911
43.5847,1.11912
43.5862,1.11912
43.5877,1.11913
43.5892,1.11913
43.5907,1.11914
43.5922,1.11914
43.5937,1.11914
43.5952,1.11915
43.5967,1.11915
43.5982,1.11916
43.5997,1.11916
43.6012,1.11917
43.6027,1.11917
43.6042,1.11918
43.6057,1.11918
43.6072,1.11919
43.6087,1.11919
43.6102,1.11919
43.6117,1.1192
43.6132,1.1192
43.6147,1.1192
43.6162,1.11921
43.6177,1.11921
43.6192,1.11922
43.6207,1.11922
43.6222,1.11923
43.6237,1.11923
43.6252,1.11923
43.6267,1.11924
43.6282,1.11924
43.6297,1.11924
43.6312,1.11925
43.6327,1.11925
43.6342,1.11926
43.6357,1.11926
43.6372,1.11926
43.6387,1.11927
43.6402,1.11927
43.6417,1.11928
43.6432,1.11928
43.6447,1.11928
43.6462,1.11929
43.6477,1.11929
43.6492,1.11929
43.6507,1.1193
43.6522,1.1193
43.6537,1.1193
43.6552,1.11931
43.6567,1.11931
43.6582,1.11931
43.6597,1.11932
43.6612,1.11932
43.6627,1.11932
43.6642,1.11932
43.6657,1.11933
43.6672,1.11933
43.6687,1.11933
43.6702,1.11934
43.6717,1.11934
43.6732,1.11934
43.6747,1.11935
43.6762,1.11935
43.6777,1.11935
43.6792,1.11935
43.6807,1.11936
43.6822,1.11936
43.6837,1.11936
43.6852,1.11936
43.6867,1.11937
43.6882,1.11937
43.6897,1.11937
43.6912,1.11937
43.6927,1.11938
43.6942,1.11938
43.6957,1.11938
43.6972,1.11938
43.6987,1.11938
43.7002,1.11939
43.7017,1.11939
43.7032,1.11939
43.7047,1.11939
43.7062,1.1194
43.7077,1.1194
43.7092,1.1194
43.7107,1.1194
43.7122,1.1194
43.7137,1.1194
43.7152,1.11941
43.7167,1.11941
43.7182,1.11941
43.7197,1.11941
43.7212,1.11941
43.7227,1.11941
43.7242,1.11942
43.7257,1.11942
43.7272,1.11942
43.7287,1.11942
43.7302,1.11942
43.7317,1.11942
43.7332,1.11942
43.7347,1.11943
43.7362,1.11943
43.7377,1.11943
43.7392,1.11943
43.7407,1.11943
43.7422,1.11943
43.7437,1.11943
43.7452,1.11943
43.7467,1.11944
43.7482,1.11944
43.7497,1.11944
43.7512,1.11944
43.7527,1.11944
43.7542,1.11944
43.7556,1.11944
43.7571,1.11944
43.7586,1.11944
43.7601,1.11944
43.7616,1.11944
43.7631,1.11944
43.7646,1.11945
43.7661,1.11945
43.7676,1.11945
43.7691,1.11945
43.7706,1.11945
43.7721,1.11945
43.7736,1.11945
43.7751,1.11945
43.7766,1.11945
43.7781,1.11945
43.7796,1.11945
43.7811,1.11945
43.7826,1.11945
43.7841,1.11945
43.7856,1.11945
43.7871,1.11945
43.7886,1.11945
43.7901,1.11945
43.7916,1.11945
43.7931,1.11945
43.7946,1.11945
43.7961,1.11945
43.7976,1.11945
43.7991,1.11945
43.8006,1.11945
43.8021,1.11945
43.8036,1.11945
43.8051,1.11945
43.8066,1.11945
43.8081,1.11945
43.8096,1.11945
43.8111,1.11945
43.8126,1.11945
43.8141,1.11945
43.8156,1.11945
43.8171,1.11945
43.8186,1.11945
43.8201,1.11945
43.8216,1.11945
43.8231,1.11945
43.8246,1.11945
43.8261,1.11945
43.8276,1.11945
43.8291,1.11945
43.8306,1.11945
43.8321,1.11944
43.8336,1.11944
43.8351,1.11944
43.8366,1.11944
43.8381,1.11944
43.8396,1.11944
43.8411,1.11944
43.8426,1.11944
43.8441,1.11944
43.8456,1.11943
43.8471,1.11943
43.8486,1.11943
43.8501,1.11943
43.8516,1.11943
43.8531,1.11943
43.8546,1.11943
43.8561,1.11943
43.8576,1.11942
43.8591,1.11942
43.8606,1.11942
43.8621,1.11942
43.8636,1.11942
43.8651,1.11942
43.8666,1.11942
43.8681,1.11941
43.8696,1.11941
43.8711,1.11941
43.8726,1.11941
43.8741,1.11941
43.8756,1.11941
43.8771,1.1194
43.8786,1.1194
43.8801,1.1194
43.8816,1.1194
43.8831,1.11939
43.8846,1.11939
43.8861,1.11939
43.8876,1.11939
43.8891,1.11939
43.8906,1.11939
43.8921,1.11938
43.8936,1.11938
43.8951,1.11938
43.8966,1.11938
43.8981,1.11938
43.8996,1.11937
43.9011,1.11937
43.9026,1.11937
43.9041,1.11937
43.9056,1.11936
43.9071,1.11936
43.9086,1.11936
43.9101,1.11936
43.9116,1.11935
43.9131,1.11935
43.9146,1.11935
43.9161,1.11935
43.9176,1.11934
43.9191,1.11934
43.9206,1.11934
43.9221,1.11934
43.9236,1.11934
43.9251,1.11933
43.9266,1.11933
43.9281,1.11933
43.9296,1.11932
43.9311,1.11932
43.9326,1.11932
43.9341,1.11932
43.9356,1.11931
43.937,1.11931
43.9385,1.11931
43.94,1.11931
43.9415,1.1193
43.943,1.1193
43.9445,1.1193
43.946,1.1193
43.9475,1.11929
43.949,1.11929
43.9505,1.11929
43.952,1.11928
43.9535,1.11928
43.955,1.11928
43.9565,1.11927
43.958,1.11927
43.9595,1.11927
43.961,1.11927
43.9625,1.11926
43.964,1.11926
43.9655,1.11926
43.967,1.11926
43.9685,1.11925
43.97,1.11925
43.9715,1.11925
43.973,1.11925
43.9745,1.11924
43.976,1.11924
43.9775,1.11924
43.979,1.11923
43.9805,1.11923
43.982,1.11923
43.9835,1.11922
43.985,1.11922
43.9865,1.11922
43.988,1.11922
43.9895,1.11921
43.991,1.11921
43.9925,1.11921
43.994,1.11921
43.9955,1.1192
43.997,1.1192
43.9985,1.1192
44,1.11919
44.0015,1.11919
44.003,1.11919
44.0045,1.11919
44.006,1.11918
44.0075,1.11918
44.009,1.11918
44.0105,1.11918
44.012,1.11917
44.0135,1.11917
44.015,1.11917
44.0165,1.11916
44.018,1.11916
44.0195,1.11916
44.021,1.11916
44.0225,1.11915
44.024,1.11915
44.0255,1.11915
44.027,1.11915
44.0285,1.11914
44.03,1.11914
44.0315,1.11914
44.033,1.11914
44.0345,1.11913
44.036,1.11913
44.0375,1.11913
44.039,1.11913
44.0405,1.11912
44.042,1.11912
44.0435,1.11912
44.045,1.11912
44.0465,1.11911
44.048,1.11911
44.0495,1.11911
44.051,1.11911
44.0525,1.1191
44.054,1.1191
44.0555,1.1191
44.057,1.1191
44.0585,1.1191
44.06,1.11909
44.0615,1.11909
44.063,1.11909
44.0645,1.11909
44.066,1.11908
44.0675,1.11908
44.069,1.11908
44.0705,1.11908
44.072,1.11907
44.0735,1.11907
44.075,1.11907
44.0765,1.11907
44.078,1.11907
44.0795,1.11906
44.081,1.11906
44.0825,1.11906
44.084,1.11905
44.0855,1.11905
44.087,1.11905
44.0885,1.11905
44.09,1.11905
44.0915,1.11904
44.093,1.11904
44.0945,1.11904
44.096,1.11904
44.0975,1.11903
44.099,1.11903
44.1005,1.11903
44.102,1.11903
44.1035,1.11903
44.105,1.11902
44.1065,1.11902
44.108,1.11902
44.1095,1.11902
44.111,1.11901
44.1125,1.11901
44.114,1.11901
44.1155,1.11901
44.117,1.11901
44.1185,1.119
44.1199,1.119
44.1214,1.119
44.1229,1.119
44.1244,1.119
44.1259,1.11899
44.1274,1.11899
44.1289,1.11899
44.1304,1.11899
44.1319,1.11898
44.1334,1.11898
44.1349,1.11898
44.1364,1.11898
44.1379,1.11898
44.1394,1.11897
44.1409,1.11897
44.1424,1.11897
44.1439,1.11897
44.1454,1.11897
44.1469,1.11896
44.1484,1.11896
44.1499,1.11896
44.1514,1.11896
44.1529,1.11896
44.1544,1.11895
44.1559,1.11895
44.1574,1.11895
44.1589,1.11895
44.1604,1.11894
44.1619,1.11894
44.1634,1.11894
44.1649,1.11894
44.1664,1.11894
44.1679,1.11894
44.1694,1.11893
44.1709,1.11893
44.1724,1.11893
44.1739,1.11893
44.1754,1.11892
44.1769,1.11892
44.1784,1.11892
44.1799,1.11892
44.1814,1.11892
44.1829,1.11891
44.1844,1.11891
44.1859,1.11891
44.1874,1.11891
44.1889,1.11891
44.1904,1.1189
44.1919,1.1189
44.1934,1.1189
44.1949,1.1189
44.1964,1.11889
44.1979,1.11889
44.1994,1.11889
44.2009,1.11889
44.2024,1.11889
44.2039,1.11889
44.2054,1.11888
44.2069,1.11888
44.2084,1.11888
44.2099,1.11888
44.2114,1.11888
44.2129,1.11887
44.2144,1.11887
44.2159,1.11887
44.2174,1.11887
44.2189,1.11887
44.2204,1.11886
44.2219,1.11886
44.2234,1.11886
44.2249,1.11886
44.2264,1.11886
44.2279,1.11886
44.2294,1.11885
44.2309,1.11885
44.2324,1.11885
44.2339,1.11885
44.2354,1.11885
44.2369,1.11885
44.2384,1.11884
44.2399,1.11884
44.2414,1.11884
44.2429,1.11884
44.2444,1.11884
44.2459,1.11883
44.2474,1.11883
44.2489,1.11883
44.2504,1.11883
44.2519,1.11883
44.2534,1.11883
44.2549,1.11883
44.2564,1.11882
44.2579,1.11882
44.2594,1.11882
44.2609,1.11882
44.2624,1.11882
44.2639,1.11882
44.2654,1.11882
44.2669,1.11881
44.2684,1.11881
44.2699,1.11881
44.2714,1.11881
44.2729,1.11881
44.2744,1.11881
44.2759,1.11881
44.2774,1.1188
44.2789,1.1188
44.2804,1.1188
44.2819,1.1188
44.2834,1.1188
44.2849,1.1188
44.2864,1.1188
44.2879,1.11879
44.2894,1.11879
44.2909,1.11879
44.2924,1.11879
44.2939,1.11879
44.2954,1.11879
44.2969,1.11879
44.2984,1.11878
44.2999,1.11878
44.3013,1.11878
44.3028,1.11878
44.3043,1.11878
44.3058,1.11878
44.3073,1.11878
44.3088,1.11877
44.3103,1.11877
44.3118,1.11877
44.3133,1.11877
44.3148,1.11877
44.3163,1.11877
44.3178,1.11877
44.3193,1.11876
44.3208,1.11876
44.3223,1.11876
44.3238,1.11876
44.3253,1.11876
44.3268,1.11876
44.3283,1.11875
44.3298,1.11875
44.3313,1.11875
44.3328,1.11875
44.3343,1.11875
44.3358,1.11875
44.3373,1.11875
44.3388,1.11874
44.3403,1.11874
44.3418,1.11874
44.3433,1.11874
44.3448,1.11874
44.3463,1.11874
44.3478,1.11873
44.3493,1.11873
44.3508,1.11873
44.3523,1.11873
44.3538,1.11873
44.3553,1.11873
44.3568,1.11872
44.3583,1.11872
44.3598,1.11872
44.3613,1.11872
44.3628,1.11872
44.3643,1.11872
44.3658,1.11871
44.3673,1.11871
44.3688,1.11871
44.3703,1.11871
44.3718,1.11871
44.3733,1.1187
44.3748,1.1187
44.3763,1.1187
44.3778,1.1187
44.3793,1.1187
44.3808,1.1187
44.3823,1.11869
44.3838,1.11869
44.3853,1.11869
44.3868,1.11869
44.3883,1.11868
44.3898,1.11868
44.3913,1.11868
44.3928,1.11868
44.3943,1.11868
44.3958,1.11868
44.3973,1.11868
44.3988,1.11867
44.4003,1.11867
44.4018,1.11867
44.4033,1.11867
44.4048,1.11866
44.4063,1.11866
44.4078,1.11866
44.4093,1.11866
44.4108,1.11866
44.4123,1.11865
44.4138,1.11865
44.4153,1.11865
44.4168,1.11865
44.4183,1.11865
44.4198,1.11865
44.4213,1.11864
44.4228,1.11864
44.4243,1.11864
44.4258,1.11864
44.4273,1.11863
44.4288,1.11863
44.4303,1.11863
44.4318,1.11863
44.4333,1.11863
44.4348,1.11862
44.4363,1.11862
44.4378,1.11862
44.4393,1.11862
44.4408,1.11861
44.4423,1.11861
44.4438,1.11861
44.4453,1.11861
44.4468,1.1186
44.4483,1.1186
44.4498,1.1186
44.4513,1.1186
44.4528,1.1186
44.4543,1.11859
44.4558,1.11859
44.4573,1.11859
44.4588,1.11859
44.4603,1.11858
44.4618,1.11858
44.4633,1.11858
44.4648,1.11858
44.4663,1.11858
44.4678,1.11857
44.4693,1.11857
44.4708,1.11857
44.4723,1.11857
44.4738,1.11856
44.4753,1.11856
44.4768,1.11856
44.4783,1.11856
44.4798,1.11855
44.4813,1.11855
44.4827,1.11855
44.4842,1.11855
44.4857,1.11854
44.4872,1.11854
44.4887,1.11854
44.4902,1.11854
44.4917,1.11853
44.4932,1.11853
44.4947,1.11853
44.4962,1.11853
44.4977,1.11853
44.4992,1.11852
44.5007,1.11852
44.5022,1.11852
44.5037,1.11852
44.5052,1.11851
44.5067,1.11851
44.5082,1.11851
44.5097,1.11851
44.5112,1.1185
44.5127,1.1185
44.5142,1.1185
44.5157,1.1185
44.5172,1.11849
44.5187,1.11849
44.5202,1.11849
44.5217,1.11849
44.5232,1.11848
44.5247,1.11848
44.5262,1.11848
44.5277,1.11848
44.5292,1.11848
44.5307,1.11847
44.5322,1.11847
44.5337,1.11847
44.5352,1.11847
44.5367,1.11846
44.5382,1.11846
44.5397,1.11846
44.5412,1.11846
44.5427,1.11846
44.5442,1.11845
44.5457,1.11845
44.5472,1.11845
44.5487,1.11845
44.5502,1.11844
44.5517,1.11844
44.5532,1.11844
44.5547,1.11844
44.5562,1.11844
44.5577,1.11843
44.5592,1.11843
44.5607,1.11843
44.5622,1.11843
44.5637,1.11842
44.5652,1.11842
44.5667,1.11842
44.5682,1.11842
44.5697,1.11841
44.5712,1.11841
44.5727,1.11841
44.5742,1.11841
44.5757,1.11841
44.5772,1.11841
44.5787,1.1184
44.5802,1.1184
44.5817,1.1184
44.5832,1.1184
44.5847,1.11839
44.5862,1.11839
44.5877,1.11839
44.5892,1.11839
44.5907,1.11839
44.5922,1.11839
44.5937,1.11838
44.5952,1.11838
44.5967,1.11838
44.5982,1.11838
44.5997,1.11838
44.6012,1.11838
44.6027,1.11837
44.6042,1.11837
44.6057,1.11837
44.6072,1.11837
44.6087,1.11837
44.6102,1.11837
44.6117,1.11837
44.6132,1.11836
44.6147,1.11836
44.6162,1.11836
44.6177,1.11836
44.6192,1.11836
44.6207,1.11836
44.6222,1.11836
44.6237,1.11835
44.6252,1.11835
44.6267,1.11835
44.6282,1.11835
44.6297,1.11835
44.6312,1.11835
44.6327,1.11835
44.6342,1.11834
44.6357,1.11834
44.6372,1.11834
44.6387,1.11834
44.6402,1.11834
44.6417,1.11834
44.6432,1.11834
44.6447,1.11834
44.6462,1.11834
44.6477,1.11834
44.6492,1.11833
44.6507,1.11833
44.6522,1.11833
44.6537,1.11833
44.6552,1.11833
44.6567,1.11833
44.6582,1.11833
44.6597,1.11833
44.6612,1.11833
44.6627,1.11833
44.6642,1.11833
44.6656,1.11832
44.6671,1.11832
44.6686,1.11832
44.6701,1.11832
44.6716,1.11832
44.6731,1.11832
44.6746,1.11832
44.6761,1.11832
44.6776,1.11832
44.6791,1.11832
44.6806,1.11832
44.6821,1.11832
44.6836,1.11832
44.6851,1.11832
44.6866,1.11832
44.6881,1.11832
44.6896,1.11832
44.6911,1.11832
44.6926,1.11832
44.6941,1.11831
44.6956,1.11831
44.6971,1.11831
44.6986,1.11831
44.7001,1.11831
44.7016,1.11831
44.7031,1.11831
44.7046,1.11831
44.7061,1.11831
44.7076,1.11831
44.7091,1.11831
44.7106,1.11831
44.7121,1.11831
44.7136,1.11831
44.7151,1.11831
44.7166,1.11831
44.7181,1.11831
44.7196,1.11831
44.7211,1.11831
44.7226,1.11831
44.7241,1.11831
44.7256,1.11831
44.7271,1.11831
44.7286,1.11831
44.7301,1.11831
44.7316,1.11831
44.7331,1.11831
44.7346,1.11831
44.7361,1.11831
44.7376,1.11831
44.7391,1.11831
44.7406,1.11832
44.7421,1.11832
44.7436,1.11832
44.7451,1.11831
44.7466,1.11832
44.7481,1.11832
44.7496,1.11832
44.7511,1.11832
44.7526,1.11832
44.7541,1.11832
44.7556,1.11832
44.7571,1.11832
44.7586,1.11832
44.7601,1.11832
44.7616,1.11832
44.7631,1.11832
44.7646,1.11832
44.7661,1.11832
44.7676,1.11832
44.7691,1.11832
44.7706,1.11832
44.7721,1.11832
44.7736,1.11832
44.7751,1.11832
44.7766,1.11832
44.7781,1.11832
44.7796,1.11832
44.7811,1.11833
44.7826,1.11833
44.7841,1.11833
44.7856,1.11833
44.7871,1.11833
44.7886,1.11833
44.7901,1.11833
44.7916,1.11833
44.7931,1.11833
44.7946,1.11833
44.7961,1.11833
44.7976,1.11833
44.7991,1.11833
44.8006,1.11833
44.8021,1.11833
44.8036,1.11833
44.8051,1.11833
44.8066,1.11833
44.8081,1.11833
44.8096,1.11833
44.8111,1.11833
44.8126,1.11833
44.8141,1.11833
44.8156,1.11833
44.8171,1.11833
44.8186,1.11833
44.8201,1.11834
44.8216,1.11834
44.8231,1.11834
44.8246,1.11834
44.8261,1.11834
44.8276,1.11834
44.8291,1.11834
44.8306,1.11834
44.8321,1.11834
44.8336,1.11834
44.8351,1.11834
44.8366,1.11834
44.8381,1.11834
44.8396,1.11834
44.8411,1.11834
44.8426,1.11834
44.8441,1.11834
44.8456,1.11834
44.847,1.11834
44.8485,1.11834
44.85,1.11834
44.8515,1.11834
44.853,1.11834
44.8545,1.11834
44.856,1.11834
44.8575,1.11834
44.859,1.11835
44.8605,1.11835
44.862,1.11834
44.8635,1.11835
44.865,1.11835
44.8665,1.11835
44.868,1.11835
44.8695,1.11835
44.871,1.11835
44.8725,1.11835
44.874,1.11835
44.8755,1.11835
44.877,1.11835
44.8785,1.11835
44.88,1.11835
44.8815,1.11835
44.883,1.11835
44.8845,1.11835
44.886,1.11835
44.8875,1.11835
44.889,1.11835
44.8905,1.11835
44.892,1.11835
44.8935,1.11835
44.895,1.11835
44.8965,1.11835
44.898,1.11835
44.8995,1.11835
44.901,1.11836
44.9025,1.11836
44.904,1.11836
44.9055,1.11836
44.907,1.11836
44.9085,1.11836
44.91,1.11836
44.9115,1.11836
44.913,1.11836
44.9145,1.11836
44.916,1.11836
44.9175,1.11836
44.919,1.11836
44.9205,1.11836
44.922,1.11836
44.9235,1.11836
44.925,1.11836
44.9265,1.11836
44.928,1.11836
44.9295,1.11836
44.931,1.11836
44.9325,1.11837
44.934,1.11836
44.9355,1.11837
44.937,1.11837
44.9385,1.11837
44.94,1.11837
44.9415,1.11837
44.943,1.11837
44.9445,1.11837
44.946,1.11837
44.9475,1.11837
44.949,1.11837
44.9505,1.11837
44.952,1.11837
44.9535,1.11837
44.955,1.11837
44.9565,1.11837
44.958,1.11837
44.9595,1.11837
44.961,1.11837
44.9625,1.11838
44.964,1.11837
44.9655,1.11838
44.967,1.11838
44.9685,1.11838
44.97,1.11838
44.9715,1.11838
44.973,1.11838
44.9745,1.11838
44.976,1.11838
44.9775,1.11838
44.979,1.11838
44.9805,1.11838
44.982,1.11838
44.9835,1.11838
44.985,1.11838
44.9865,1.11838
44.988,1.11838
44.9895,1.11839
44.991,1.11839
44.9925,1.11839
44.994,1.11839
44.9955,1.11839
44.997,1.11839
44.9985,1.11839
45,1.11839
45.0015,1.11839
45.003,1.11839
45.0045,1.11839
45.006,1.11839
45.0075,1.11839
45.009,1.11839
45.0105,1.11839
45.012,1.1184
45.0135,1.1184
45.015,1.1184
45.0165,1.1184
45.018,1.1184
45.0195,1.1184
45.021,1.1184
45.0225,1.1184
45.024,1.1184
45.0255,1.1184
45.027,1.1184
45.0285,1.1184
45.0299,1.1184
45.0314,1.1184
45.0329,1.1184
45.0344,1.1184
45.0359,1.11841
45.0374,1.11841
45.0389,1.11841
45.0404,1.11841
45.0419,1.11841
45.0434,1.11841
45.0449,1.11841
45.0464,1.11841
45.0479,1.11841
45.0494,1.11841
45.0509,1.11841
45.0524,1.11841
45.0539,1.11841
45.0554,1.11841
45.0569,1.11841
45.0584,1.11842
45.0599,1.11842
45.0614,1.11842
45.0629,1.11842
45.0644,1.11842
45.0659,1.11842
45.0674,1.11842
45.0689,1.11842
45.0704,1.11842
45.0719,1.11842
45.0734,1.11842
45.0749,1.11842
45.0764,1.11842
45.0779,1.11842
45.0794,1.11842
45.0809,1.11842
45.0824,1.11842
45.0839,1.11842
45.0854,1.11842
45.0869,1.11842
45.0884,1.11842
45.0899,1.11843
45.0914,1.11842
45.0929,1.11843
45.0944,1.11843
45.0959,1.11843
45.0974,1.11843
45.0989,1.11843
45.1004,1.11843
45.1019,1.11843
45.1034,1.11843
45.1049,1.11843
45.1064,1.11843
45.1079,1.11843
45.1094,1.11843
45.1109,1.11843
45.1124,1.11843
45.1139,1.11843
45.1154,1.11843
45.1169,1.11843
45.1184,1.11843
45.1199,1.11843
45.1214,1.11843
45.1229,1.11843
45.1244,1.11843
45.1259,1.11843
45.1274,1.11843
45.1289,1.11843
45.1304,1.11843
45.1319,1.11844
45.1334,1.11844
45.1349,1.11844
45.1364,1.11844
45.1379,1.11844
45.1394,1.11844
45.1409,1.11844
45.1424,1.11844
45.1439,1.11844
45.1454,1.11844
45.1469,1.11844
45.1484,1.11844
45.1499,1.11844
45.1514,1.11844
45.1529,1.11844
45.1544,1.11844
45.1559,1.11844
45.1574,1.11844
45.1589,1.11844
45.1604,1.11844
45.1619,1.11844
45.1634,1.11844
45.1649,1.11844
45.1664,1.11844
45.1679,1.11844
45.1694,1.11844
45.1709,1.11844
45.1724,1.11844
45.1739,1.11844
45.1754,1.11844
45.1769,1.11844
45.1784,1.11844
45.1799,1.11844
45.1814,1.11844
45.1829,1.11844
45.1844,1.11844
45.1859,1.11844
45.1874,1.11844
45.1889,1.11844
45.1904,1.11844
45.1919,1.11844
45.1934,1.11844
45.1949,1.11844
45.1964,1.11844
45.1979,1.11844
45.1994,1.11844
45.2009,1.11844
45.2024,1.11844
45.2039,1.11844
45.2054,1.11844
45.2069,1.11844
45.2084,1.11844
45.2099,1.11844
45.2113,1.11844
45.2128,1.11844
45.2143,1.11844
45.2158,1.11844
45.2173,1.11844
45.2188,1.11844
45.2203,1.11844
45.2218,1.11844
45.2233,1.11844
45.2248,1.11845
45.2263,1.11845
45.2278,1.11845
45.2293,1.11844
45.2308,1.11844
45.2323,1.11844
45.2338,1.11845
45.2353,1.11845
45.2368,1.11845
45.2383,1.11845
45.2398,1.11845
45.2413,1.11845
45.2428,1.11844
45.2443,1.11844
45.2458,1.11845
45.2473,1.11844
45.2488,1.11845
45.2503,1.11844
45.2518,1.11845
45.2533,1.11844
45.2548,1.11845
45.2563,1.11845
45.2578,1.11845
45.2593,1.11844
45.2608,1.11844
45.2623,1.11844
45.2638,1.11845
45.2653,1.11845
45.2668,1.11844
45.2683,1.11845
45.2698,1.11845
45.2713,1.11845
45.2728,1.11845
45.2743,1.11845
45.2758,1.11845
45.2773,1.11845
45.2788,1.11845
45.2803,1.11845
45.2818,1.11845
45.2833,1.11845
45.2848,1.11845
45.2863,1.11845
45.2878,1.11845
45.2893,1.11845
45.2908,1.11845
45.2923,1.11845
45.2938,1.11845
45.2953,1.11845
45.2968,1.11845
45.2983,1.11845
45.2998,1.11845
45.3013,1.11845
45.3028,1.11845
45.3043,1.11845
45.3058,1.11845
45.3073,1.11845
45.3088,1.11845
45.3103,1.11845
45.3118,1.11845
45.3133,1.11845
45.3148,1.11845
45.3163,1.11845
45.3178,1.11845
45.3193,1.11845
45.3208,1.11845
45.3223,1.11845
45.3238,1.11845
45.3253,1.11845
45.3268,1.11845
45.3283,1.11845
45.3298,1.11846
45.3313,1.11846
45.3328,1.11846
45.3343,1.11846
45.3358,1.11846
45.3373,1.11846
45.3388,1.11846
45.3403,1.11846
45.3418,1.11846
45.3433,1.11846
45.3448,1.11846
45.3463,1.11846
45.3478,1.11846
45.3493,1.11846
45.3508,1.11846
45.3523,1.11846
45.3538,1.11846
45.3553,1.11846
45.3568,1.11847
45.3583,1.11847
45.3598,1.11847
45.3613,1.11847
45.3628,1.11847
45.3643,1.11847
45.3658,1.11847
45.3673,1.11847
45.3688,1.11847
45.3703,1.11847
45.3718,1.11847
45.3733,1.11847
45.3748,1.11848
45.3763,1.11848
45.3778,1.11848
45.3793,1.11848
45.3808,1.11848
45.3823,1.11848
45.3838,1.11848
45.3853,1.11848
45.3868,1.11848
45.3883,1.11848
45.3898,1.11848
45.3913,1.11849
45.3927,1.11849
45.3942,1.11849
45.3957,1.11849
45.3972,1.11849
45.3987,1.11849
45.4002,1.11849
45.4017,1.11849
45.4032,1.1185
45.4047,1.1185
45.4062,1.1185
45.4077,1.1185
45.4092,1.1185
45.4107,1.1185
45.4122,1.1185
45.4137,1.11851
45.4152,1.11851
45.4167,1.11851
45.4182,1.11851
45.4197,1.11851
45.4212,1.11851
45.4227,1.11851
45.4242,1.11852
45.4257,1.11852
45.4272,1.11852
45.4287,1.11852
45.4302,1.11852
45.4317,1.11852
45.4332,1.11853
45.4347,1.11853
45.4362,1.11853
45.4377,1.11853
45.4392,1.11853
45.4407,1.11853
45.4422,1.11854
45.4437,1.11854
45.4452,1.11854
45.4467,1.11854
45.4482,1.11854
45.4497,1.11855
45.4512,1.11855
45.4527,1.11855
45.4542,1.11855
45.4557,1.11855
45.4572,1.11855
45.4587,1.11856
45.4602,1.11856
45.4617,1.11856
45.4632,1.11856
45.4647,1.11857
45.4662,1.11857
45.4677,1.11857
45.4692,1.11857
45.4707,1.11857
45.4722,1.11858
45.4737,1.11858
45.4752,1.11858
45.4767,1.11859
45.4782,1.11859
45.4797,1.11859
45.4812,1.11859
45.4827,1.11859
45.4842,1.1186
45.4857,1.1186
45.4872,1.1186
45.4887,1.11861
45.4902,1.11861
45.4917,1.11861
45.4932,1.11861
45.4947,1.11862
45.4962,1.11862
45.4977,1.11862
45.4992,1.11863
45.5007,1.11863
45.5022,1.11863
45.5037,1.11863
45.5052,1.11864
45.5067,1.11864
45.5082,1.11864
45.5097,1.11865
45.5112,1.11865
45.5127,1.11865
45.5142,1.11866
45.5157,1.11866
45.5172,1.11866
45.5187,1.11867
45.5202,1.11867
45.5217,1.11867
45.5232,1.11868
45.5247,1.11868
45.5262,1.11868
45.5277,1.11869
45.5292,1.11869
45.5307,1.11869
45.5322,1.1187
45.5337,1.1187
45.5352,1.1187
45.5367,1.11871
45.5382,1.11871
45.5397,1.11871
45.5412,1.11872
45.5427,1.11872
45.5442,1.11873
45.5457,1.11873
45.5472,1.11873
45.5487,1.11874
45.5502,1.11874
45.5517,1.11874
45.5532,1.11875
45.5547,1.11875
45.5562,1.11876
45.5577,1.11876
45.5592,1.11876
45.5607,1.11877
45.5622,1.11877
45.5637,1.11878
45.5652,1.11878
45.5667,1.11878
45.5682,1.11879
45.5697,1.11879
45.5712,1.1188
45.5727,1.1188
45.5742,1.11881
45.5756,1.11881
45.5771,1.11881
45.5786,1.11882
45.5801,1.11882
45.5816,1.11883
45.5831,1.11883
45.5846,1.11883
45.5861,1.11884
45.5876,1.11885
45.5891,1.11885
45.5906,1.11885
45.5921,1.11886
45.5936,1.11886
45.5951,1.11887
45.5966,1.11887
45.5981,1.11888
45.5996,1.11888
45.6011,1.11889
45.6026,1.11889
45.6041,1.1189
45.6056,1.1189
45.6071,1.11891
45.6086,1.11891
45.6101,1.11892
45.6116,1.11892
45.6131,1.11892
45.6146,1.11893
45.6161,1.11894
45.6176,1.11894
45.6191,1.11894
45.6206,1.11895
45.6221,1.11896
45.6236,1.11896
45.6251,1.11897
45.6266,1.11897
45.6281,1.11898
45.6296,1.11898
45.6311,1.11899
45.6326,1.11899
45.6341,1.119
45.6356,1.119
45.6371,1.11901
45.6386,1.11901
45.6401,1.11902
45.6416,1.11902
45.6431,1.11903
45.6446,1.11904
45.6461,1.11904
45.6476,1.11905
45.6491,1.11905
45.6506,1.11906
45.6521,1.11907
45.6536,1.11907
45.6551,1.11908
45.6566,1.11908
45.6581,1.11909
45.6596,1.1191
45.6611,1.1191
45.6626,1.11911
45.6641,1.11911
45.6656,1.11912
45.6671,1.11912
45.6686,1.11913
45.6701,1.11914
45.6716,1.11914
45.6731,1.11915
45.6746,1.11915
45.6761,1.11916
45.6776,1.11917
45.6791,1.11917
45.6806,1.11918
45.6821,1.11919
45.6836,1.11919
45.6851,1.1192
45.6866,1.11921
45.6881,1.11921
45.6896,1.11922
45.6911,1.11923
45.6926,1.11923
45.6941,1.11924
45.6956,1.11925
45.6971,1.11925
45.6986,1.11926
45.7001,1.11927
45.7016,1.11927
45.7031,1.11928
45.7046,1.11929
45.7061,1.11929
45.7076,1.1193
45.7091,1.11931
45.7106,1.11931
45.7121,1.11932
45.7136,1.11933
45.7151,1.11933
45.7166,1.11934
45.7181,1.11935
45.7196,1.11935
45.7211,1.11936
45.7226,1.11937
45.7241,1.11938
45.7256,1.11938
45.7271,1.11939
45.7286,1.1194
45.7301,1.1194
45.7316,1.11941
45.7331,1.11942
45.7346,1.11943
45.7361,1.11943
45.7376,1.11944
45.7391,1.11945
45.7406,1.11945
45.7421,1.11946
45.7436,1.11947
45.7451,1.11948
45.7466,1.11948
45.7481,1.11949
45.7496,1.1195
45.7511,1.1195
45.7526,1.11951
45.7541,1.11952
45.7556,1.11953
45.757,1.11953
45.7585,1.11954
45.76,1.11955
45.7615,1.11956
45.763,1.11956
45.7645,1.11957
45.766,1.11958
45.7675,1.11959
45.769,1.11959
45.7705,1.1196
45.772,1.11961
45.7735,1.11962
45.775,1.11962
45.7765,1.11963
45.778,1.11964
45.7795,1.11964
45.781,1.11965
45.7825,1.11966
45.784,1.11967
45.7855,1.11967
45.787,1.11968
45.7885,1.11969
45.79,1.1197
45.7915,1.1197
45.793,1.11971
45.7945,1.11972
45.796,1.11973
45.7975,1.11973
45.799,1.11974
45.8005,1.11975
45.802,1.11975
45.8035,1.11976
45.805,1.11977
45.8065,1.11978
45.808,1.11978
45.8095,1.11979
45.811,1.1198
45.8125,1.1198
45.814,1.11981
45.8155,1.11982
45.817,1.11983
45.8185,1.11983
45.82,1.11984
45.8215,1.11985
45.823,1.11985
45.8245,1.11986
45.826,1.11987
45.8275,1.11988
45.829,1.11988
45.8305,1.11989
45.832,1.1199
45.8335,1.1199
45.835,1.11991
45.8365,1.11992
45.838,1.11992
45.8395,1.11993
45.841,1.11994
45.8425,1.11995
45.844,1.11995
45.8455,1.11996
45.847,1.11997
45.8485,1.11997
45.85,1.11998
45.8515,1.11999
45.853,1.11999
45.8545,1.12
45.856,1.12001
45.8575,1.12001
45.859,1.12002
45.8605,1.12003
45.862,1.12003
45.8635,1.12004
45.865,1.12005
45.8665,1.12005
45.868,1.12006
45.8695,1.12007
45.871,1.12007
45.8725,1.12008
45.874,1.12009
45.8755,1.1201
45.877,1.1201
45.8785,1.12011
45.88,1.12012
45.8815,1.12012
45.883,1.12013
45.8845,1.12013
45.886,1.12014
45.8875,1.12015
45.889,1.12015
45.8905,1.12016
45.892,1.12017
45.8935,1.12017
45.895,1.12018
45.8965,1.12018
45.898,1.12019
45.8995,1.1202
45.901,1.1202
45.9025,1.12021
45.904,1.12021
45.9055,1.12022
45.907,1.12023
45.9085,1.12023
45.91,1.12024
45.9115,1.12024
45.913,1.12025
45.9145,1.12026
45.916,1.12026
45.9175,1.12027
45.919,1.12028
45.9205,1.12028
45.922,1.12029
45.9235,1.12029
45.925,1.1203
45.9265,1.1203
45.928,1.12031
45.9295,1.12031
45.931,1.12032
45.9325,1.12033
45.934,1.12033
45.9355,1.12034
45.937,1.12034
45.9384,1.12035
45.9399,1.12035
45.9414,1.12036
45.9429,1.12036
45.9444,1.12037
45.9459,1.12038
45.9474,1.12038
45.9489,1.12039
45.9504,1.12039
45.9519,1.1204
45.9534,1.1204
45.9549,1.12041
45.9564,1.12041
45.9579,1.12042
45.9594,1.12042
45.9609,1.12043
45.9624,1.12043
45.9639,1.12043
45.9654,1.12044
45.9669,1.12045
45.9684,1.12045
45.9699,1.12045
45.9714,1.12046
45.9729,1.12046
45.9744,1.12047
45.9759,1.12047
45.9774,1.12048
45.9789,1.12048
45.9804,1.12048
45.9819,1.12049
45.9834,1.12049
45.9849,1.1205
45.9864,1.1205
45.9879,1.12051
45.9894,1.12051
45.9909,1.12051
45.9924,1.12052
45.9939,1.12052
45.9954,1.12052
45.9969,1.12053
45.9984,1.12053
45.9999,1.12053
46.0014,1.12054
46.0029,1.12054
46.0044,1.12055
46.0059,1.12055
46.0074,1.12055
46.0089,1.12055
46.0104,1.12056
46.0119,1.12056
46.0134,1.12056
46.0149,1.12057
46.0164,1.12057
46.0179,1.12057
46.0194,1.12058
46.0209,1.12058
46.0224,1.12058
46.0239,1.12058
46.0254,1.12059
46.0269,1.12059
46.0284,1.12059
46.0299,1.12059
46.0314,1.1206
46.0329,1.1206
46.0344,1.1206
46.0359,1.1206
46.0374,1.12061
46.0389,1.12061
46.0404,1.12061
46.0419,1.12061
46.0434,1.12061
46.0449,1.12061
46.0464,1.12062
46.0479,1.12062
46.0494,1.12062
46.0509,1.12062
46.0524,1.12062
46.0539,1.12063
46.0554,1.12063
46.0569,1.12063
46.0584,1.12063
46.0599,1.12063
46.0614,1.12063
46.0629,1.12063
46.0644,1.12063
46.0659,1.12064
46.0674,1.12064
46.0689,1.12064
46.0704,1.12064
46.0719,1.12064
46.0734,1.12064
46.0749,1.12064
46.0764,1.12064
46.0779,1.12064
46.0794,1.12065
46.0809,1.12065
46.0824,1.12065
46.0839,1.12065
46.0854,1.12065
46.0869,1.12065
46.0884,1.12065
46.0899,1.12065
46.0914,1.12065
46.0929,1.12065
46.0944,1.12065
46.0959,1.12065
46.0974,1.12065
46.0989,1.12065
46.1004,1.12065
46.1019,1.12065
46.1034,1.12065
46.1049,1.12065
46.1064,1.12065
46.1079,1.12065
46.1094,1.12065
46.1109,1.12065
46.1124,1.12065
46.1139,1.12065
46.1154,1.12065
46.1169,1.12065
46.1184,1.12065
46.1199,1.12065
46.1213,1.12065
46.1228,1.12065
46.1243,1.12065
46.1258,1.12065
46.1273,1.12065
46.1288,1.12065
46.1303,1.12065
46.1318,1.12065
46.1333,1.12065
46.1348,1.12065
46.1363,1.12065
46.1378,1.12065
46.1393,1.12065
46.1408,1.12065
46.1423,1.12064
46.1438,1.12064
46.1453,1.12064
46.1468,1.12064
46.1483,1.12064
46.1498,1.12064
46.1513,1.12064
46.1528,1.12064
46.1543,1.12064
46.1558,1.12064
46.1573,1.12064
46.1588,1.12063
46.1603,1.12063
46.1618,1.12063
46.1633,1.12063
46.1648,1.12063
46.1663,1.12063
46.1678,1.12063
46.1693,1.12062
46.1708,1.12062
46.1723,1.12062
46.1738,1.12062
46.1753,1.12062
46.1768,1.12062
46.1783,1.12061
46.1798,1.12061
46.1813,1.12061
46.1828,1.12061
46.1843,1.12061
46.1858,1.12061
46.1873,1.1206
46.1888,1.1206
46.1903,1.1206
46.1918,1.1206
46.1933,1.1206
46.1948,1.1206
46.1963,1.12059
46.1978,1.12059
46.1993,1.12059
46.2008,1.12059
46.2023,1.12058
46.2038,1.12058
46.2053,1.12058
46.2068,1.12058
46.2083,1.12058
46.2098,1.12057
46.2113,1.12057
46.2128,1.12057
46.2143,1.12057
46.2158,1.12056
46.2173,1.12056
46.2188,1.12056
46.2203,1.12056
46.2218,1.12055
46.2233,1.12055
46.2248,1.12055
46.2263,1.12055
46.2278,1.12054
46.2293,1.12054
46.2308,1.12054
46.2323,1.12054
46.2338,1.12054
46.2353,1.12053
46.2368,1.12053
46.2383,1.12052
46.2398,1.12052
46.2413,1.12052
46.2428,1.12052
46.2443,1.12051
46.2458,1.12051
46.2473,1.12051
46.2488,1.1205
46.2503,1.1205
46.2518,1.1205
46.2533,1.12049
46.2548,1.12049
46.2563,1.12049
46.2578,1.12049
46.2593,1.12048
46.2608,1.12048
46.2623,1.12047
46.2638,1.12047
46.2653,1.12047
46.2668,1.12047
46.2683,1.12046
46.2698,1.12046
46.2713,1.12046
46.2728,1.12045
46.2743,1.12045
46.2758,1.12045
46.2773,1.12044
46.2788,1.12044
46.2803,1.12044
46.2818,1.12043
46.2833,1.12043
46.2848,1.12042
46.2863,1.12042
46.2878,1.12042
46.2893,1.12041
46.2908,1.12041
46.2923,1.12041
46.2938,1.1204
46.2953,1.1204
46.2968,1.12039
46.2983,1.12039
46.2998,1.12039
46.3013,1.12038
46.3027,1.12038
46.3042,1.12038
46.3057,1.12037
46.3072,1.12037
46.3087,1.12036
46.3102,1.12036
46.3117,1.12036
46.3132,1.12035
46.3147,1.12035
46.3162,1.12034
46.3177,1.12034
46.3192,1.12033
46.3207,1.12033
46.3222,1.12032
46.3237,1.12032
46.3252,1.12032
46.3267,1.12031
46.3282,1.12031
46.3297,1.1203
46.3312,1.1203
46.3327,1.1203
46.3342,1.12029
46.3357,1.12028
46.3372,1.12028
46.3387,1.12028
46.3402,1.12027
46.3417,1.12027
46.3432,1.12026
46.3447,1.12026
46.3462,1.12025
46.3477,1.12025
46.3492,1.12025
46.3507,1.12024
46.3522,1.12024
46.3537,1.12023
46.3552,1.12023
46.3567,1.12022
46.3582,1.12022
46.3597,1.12021
46.3612,1.12021
46.3627,1.1202
46.3642,1.1202
46.3657,1.12019
46.3672,1.12019
46.3687,1.12018
46.3702,1.12018
46.3717,1.12017
46.3732,1.12017
46.3747,1.12016
46.3762,1.12016
46.3777,1.12015
46.3792,1.12014
46.3807,1.12014
46.3822,1.12014
46.3837,1.12013
46.3852,1.12012
46.3867,1.12012
46.3882,1.12011
46.3897,1.12011
46.3912,1.1201
46.3927,1.1201
46.3942,1.12009
46.3957,1.12009
46.3972,1.12008
46.3987,1.12008
46.4002,1.12007
46.4017,1.12006
46.4032,1.12006
46.4047,1.12005
46.4062,1.12005
46.4077,1.12004
46.4092,1.12004
46.4107,1.12003
46.4122,1.12003
46.4137,1.12002
46.4152,1.12001
46.4167,1.12001
46.4182,1.12
46.4197,1.12
46.4212,1.11999
46.4227,1.11998
46.4242,1.11998
46.4257,1.11997
46.4272,1.11997
46.4287,1.11996
46.4302,1.11996
46.4317,1.11995
46.4332,1.11994
46.4347,1.11994
46.4362,1.11993
46.4377,1.11992
46.4392,1.11992
46.4407,1.11991
46.4422,1.11991
46.4437,1.1199
46.4452,1.1199
46.4467,1.11989
46.4482,1.11988
46.4497,1.11988
46.4512,1.11987
46.4527,1.11986
46.4542,1.11986
46.4557,1.11985
46.4572,1.11985
46.4587,1.11984
46.4602,1.11983
46.4617,1.11983
46.4632,1.11982
46.4647,1.11981
46.4662,1.11981
46.4677,1.1198
46.4692,1.1198
46.4707,1.11979
46.4722,1.11978
46.4737,1.11978
46.4752,1.11977
46.4767,1.11976
46.4782,1.11976
46.4797,1.11975
46.4812,1.11974
46.4827,1.11974
46.4841,1.11973
46.4856,1.11973
46.4871,1.11972
46.4886,1.11971
46.4901,1.11971
46.4916,1.1197
46.4931,1.11969
46.4946,1.11969
46.4961,1.11968
46.4976,1.11967
46.4991,1.11967
46.5006,1.11966
46.5021,1.11965
46.5036,1.11965
46.5051,1.11964
46.5066,1.11964
46.5081,1.11963
46.5096,1.11962
46.5111,1.11962
46.5126,1.11961
46.5141,1.1196
46.5156,1.11959
46.5171,1.11959
46.5186,1.11958
46.5201,1.11958
46.5216,1.11957
46.5231,1.11956
46.5246,1.11956
46.5261,1.11955
46.5276,1.11954
46.5291,1.11954
46.5306,1.11953
46.5321,1.11952
46.5336,1.11952
46.5351,1.11951
46.5366,1.1195
46.5381,1.1195
46.5396,1.11949
46.5411,1.11948
46.5426,1.11948
46.5441,1.11947
46.5456,1.11947
46.5471,1.11946
46.5486,1.11945
46.5501,1.11944
46.5516,1.11944
46.5531,1.11943
46.5546,1.11943
46.5561,1.11942
46.5576,1.11941
46.5591,1.11941
46.5606,1.1194
46.5621,1.11939
46.5636,1.11939
46.5651,1.11938
46.5666,1.11937
46.5681,1.11937
46.5696,1.11936
46.5711,1.11935
46.5726,1.11935
46.5741,1.11934
46.5756,1.11933
46.5771,1.11933
46.5786,1.11932
46.5801,1.11931
46.5816,1.11931
46.5831,1.1193
46.5846,1.1193
46.5861,1.11929
46.5876,1.11928
46.5891,1.11928
46.5906,1.11927
46.5921,1.11926
46.5936,1.11926
46.5951,1.11925
46.5966,1.11924
46.5981,1.11924
46.5996,1.11923
46.6011,1.11922
46.6026,1.11922
46.6041,1.11921
46.6056,1.11921
46.6071,1.1192
46.6086,1.11919
46.6101,1.11919
46.6116,1.11918
46.6131,1.11917
46.6146,1.11917
46.6161,1.11916
46.6176,1.11915
46.6191,1.11915
46.6206,1.11914
46.6221,1.11914
46.6236,1.11913
46.6251,1.11912
46.6266,1.11912
46.6281,1.11911
46.6296,1.1191
46.6311,1.1191
46.6326,1.11909
46.6341,1.11909
46.6356,1.11908
46.6371,1.11907
46.6386,1.11907
46.6401,1.11906
46.6416,1.11906
46.6431,1.11905
46.6446,1.11904
46.6461,1.11904
46.6476,1.11903
46.6491,1.11902
46.6506,1.11902
46.6521,1.11901
46.6536,1.11901
46.6551,1.119
46.6566,1.11899
46.6581,1.11899
46.6596,1.11898
46.6611,1.11898
46.6626,1.11897
46.6641,1.11896
46.6656,1.11896
46.667,1.11895
46.6685,1.11895
46.67,1.11894
46.6715,1.11893
46.673,1.11893
46.6745,1.11892
46.676,1.11892
46.6775,1.11891
46.679,1.1189
46.6805,1.1189
46.682,1.11889
46.6835,1.11889
46.685,1.11888
46.6865,1.11887
46.688,1.11887
46.6895,1.11886
46.691,1.11886
46.6925,1.11885
46.694,1.11885
46.6955,1.11884
46.697,1.11883
46.6985,1.11883
46.7,1.11882
46.7015,1.11882
46.703,1.11881
46.7045,1.11881
46.706,1.1188
46.7075,1.11879
46.709,1.11879
46.7105,1.11878
46.712,1.11878
46.7135,1.11877
46.715,1.11877
46.7165,1.11876
46.718,1.11876
46.7195,1.11875
46.721,1.11874
46.7225,1.11874
46.724,1.11873
46.7255,1.11873
46.727,1.11872
46.7285,1.11872
46.73,1.11871
46.7315,1.11871
46.733,1.1187
46.7345,1.1187
46.736,1.11869
46.7375,1.11868
46.739,1.11868
46.7405,1.11867
46.742,1.11867
46.7435,1.11866
46.745,1.11866
46.7465,1.11865
46.748,1.11865
46.7495,1.11864
46.751,1.11864
46.7525,1.11863
46.754,1.11863
46.7555,1.11862
46.757,1.11862
46.7585,1.11861
46.76,1.11861
46.7615,1.1186
46.763,1.1186
46.7645,1.11859
46.766,1.11859
46.7675,1.11858
46.769,1.11858
46.7705,1.11857
46.772,1.11857
46.7735,1.11856
46.775,1.11856
46.7765,1.11855
46.778,1.11855
46.7795,1.11855
46.781,1.11854
46.7825,1.11854
46.784,1.11853
46.7855,1.11853
46.787,1.11852
46.7885,1.11852
46.79,1.11851
46.7915,1.11851
46.793,1.1185
46.7945,1.1185
46.796,1.1185
46.7975,1.11849
46.799,1.11849
46.8005,1.11848
46.802,1.11848
46.8035,1.11847
46.805,1.11847
46.8065,1.11846
46.808,1.11846
46.8095,1.11846
46.811,1.11845
46.8125,1.11845
46.814,1.11844
46.8155,1.11844
46.817,1.11844
46.8185,1.11843
46.82,1.11843
46.8215,1.11843
46.823,1.11842
46.8245,1.11842
46.826,1.11841
46.8275,1.11841
46.829,1.11841
46.8305,1.1184
46.832,1.1184
46.8335,1.11839
46.835,1.11839
46.8365,1.11839
46.838,1.11838
46.8395,1.11838
46.841,1.11838
46.8425,1.11837
46.844,1.11837
46.8455,1.11836
46.847,1.11836
46.8484,1.11836
46.8499,1.11835
46.8514,1.11835
46.8529,1.11835
46.8544,1.11834
46.8559,1.11834
46.8574,1.11834
46.8589,1.11833
46.8604,1.11833
46.8619,1.11833
46.8634,1.11832
46.8649,1.11832
46.8664,1.11832
46.8679,1.11831
46.8694,1.11831
46.8709,1.11831
46.8724,1.1183
46.8739,1.1183
46.8754,1.1183
46.8769,1.11829
46.8784,1.11829
46.8799,1.11829
46.8814,1.11829
46.8829,1.11828
46.8844,1.11828
46.8859,1.11827
46.8874,1.11827
46.8889,1.11827
46.8904,1.11827
46.8919,1.11827
46.8934,1.11826
46.8949,1.11826
46.8964,1.11826
46.8979,1.11825
46.8994,1.11825
46.9009,1.11825
46.9024,1.11824
46.9039,1.11824
46.9054,1.11824
46.9069,1.11824
46.9084,1.11823
46.9099,1.11823
46.9114,1.11823
46.9129,1.11823
46.9144,1.11822
46.9159,1.11822
46.9174,1.11822
46.9189,1.11822
46.9204,1.11822
46.9219,1.11821
46.9234,1.11821
46.9249,1.11821
46.9264,1.11821
46.9279,1.1182
46.9294,1.1182
46.9309,1.1182
46.9324,1.1182
46.9339,1.1182
46.9354,1.11819
46.9369,1.11819
46.9384,1.11819
46.9399,1.11819
46.9414,1.11818
46.9429,1.11818
46.9444,1.11818
46.9459,1.11818
46.9474,1.11818
46.9489,1.11818
46.9504,1.11818
46.9519,1.11817
46.9534,1.11817
46.9549,1.11817
46.9564,1.11817
46.9579,1.11817
46.9594,1.11816
46.9609,1.11816
46.9624,1.11816
46.9639,1.11816
46.9654,1.11816
46.9669,1.11816
46.9684,1.11815
46.9699,1.11815
46.9714,1.11815
46.9729,1.11815
46.9744,1.11815
46.9759,1.11815
46.9774,1.11815
46.9789,1.11815
46.9804,1.11815
46.9819,1.11814
46.9834,1.11814
46.9849,1.11814
46.9864,1.11814
46.9879,1.11814
46.9894,1.11814
46.9909,1.11814
46.9924,1.11814
46.9939,1.11814
46.9954,1.11814
46.9969,1.11813
46.9984,1.11813
46.9999,1.11813
47.0014,1.11813
47.0029,1.11813
47.0044,1.11813
47.0059,1.11813
47.0074,1.11813
47.0089,1.11813
47.0104,1.11813
47.0119,1.11813
47.0134,1.11813
47.0149,1.11813
47.0164,1.11813
47.0179,1.11813
47.0194,1.11813
47.0209,1.11813
47.0224,1.11813
47.0239,1.11813
47.0254,1.11813
47.0269,1.11813
47.0284,1.11813
47.0299,1.11813
47.0313,1.11813
47.0328,1.11813
47.0343,1.11813
47.0358,1.11813
47.0373,1.11813
47.0388,1.11813
47.0403,1.11813
47.0418,1.11813
47.0433,1.11813
47.0448,1.11813
47.0463,1.11813
47.0478,1.11813
47.0493,1.11813
47.0508,1.11813
47.0523,1.11814
47.0538,1.11814
47.0553,1.11814
47.0568,1.11814
47.0583,1.11814
47.0598,1.11814
47.0613,1.11814
47.0628,1.11814
47.0643,1.11814
47.0658,1.11814
47.0673,1.11815
47.0688,1.11815
47.0703,1.11815
47.0718,1.11815
47.0733,1.11815
47.0748,1.11815
47.0763,1.11815
47.0778,1.11815
47.0793,1.11816
47.0808,1.11816
47.0823,1.11816
47.0838,1.11816
47.0853,1.11816
47.0868,1.11817
47.0883,1.11817
47.0898,1.11817
47.0913,1.11817
47.0928,1.11817
47.0943,1.11818
47.0958,1.11818
47.0973,1.11818
47.0988,1.11818
47.1003,1.11818
47.1018,1.11819
47.1033,1.11819
47.1048,1.11819
47.1063,1.11819
47.1078,1.11819
47.1093,1.1182
47.1108,1.1182
47.1123,1.1182
47.1138,1.1182
47.1153,1.11821
47.1168,1.11821
47.1183,1.11821
47.1198,1.11821
47.1213,1.11822
47.1228,1.11822
47.1243,1.11822
47.1258,1.11823
47.1273,1.11823
47.1288,1.11823
47.1303,1.11823
47.1318,1.11824
47.1333,1.11824
47.1348,1.11824
47.1363,1.11825
47.1378,1.11825
47.1393,1.11825
47.1408,1.11826
47.1423,1.11826
47.1438,1.11826
47.1453,1.11827
47.1468,1.11827
47.1483,1.11827
47.1498,1.11828
47.1513,1.11828
47.1528,1.11829
47.1543,1.11829
47.1558,1.11829
47.1573,1.1183
47.1588,1.1183
47.1603,1.1183
47.1618,1.11831
47.1633,1.11831
47.1648,1.11832
47.1663,1.11832
47.1678,1.11832
47.1693,1.11833
47.1708,1.11833
47.1723,1.11833
47.1738,1.11834
47.1753,1.11834
47.1768,1.11835
47.1783,1.11835
47.1798,1.11836
47.1813,1.11836
47.1828,1.11836
47.1843,1.11837
47.1858,1.11837
47.1873,1.11838
47.1888,1.11838
47.1903,1.11839
47.1918,1.11839
47.1933,1.1184
47.1948,1.1184
47.1963,1.11841
47.1978,1.11841
47.1993,1.11842
47.2008,1.11842
47.2023,1.11842
47.2038,1.11843
47.2053,1.11843
47.2068,1.11844
47.2083,1.11844
47.2098,1.11845
47.2113,1.11845
47.2127,1.11846
47.2142,1.11846
47.2157,1.11847
47.2172,1.11847
47.2187,1.11848
47.2202,1.11848
47.2217,1.11849
47.2232,1.11849
47.2247,1.1185
47.2262,1.1185
47.2277,1.11851
47.2292,1.11852
47.2307,1.11852
47.2322,1.11853
47.2337,1.11853
47.2352,1.11854
47.2367,1.11854
47.2382,1.11855
47.2397,1.11855
47.2412,1.11856
47.2427,1.11857
47.2442,1.11857
47.2457,1.11858
47.2472,1.11858
47.2487,1.11859
47.2502,1.11859
47.2517,1.1186
47.2532,1.1186
47.2547,1.11861
47.2562,1.11861
47.2577,1.11862
47.2592,1.11863
47.2607,1.11863
47.2622,1.11864
47.2637,1.11865
47.2652,1.11865
47.2667,1.11866
47.2682,1.11866
47.2697,1.11867
47.2712,1.11868
47.2727,1.11868
47.2742,1.11869
47.2757,1.11869
47.2772,1.1187
47.2787,1.11871
47.2802,1.11871
47.2817,1.11872
47.2832,1.11872
47.2847,1.11873
47.2862,1.11874
47.2877,1.11874
47.2892,1.11875
47.2907,1.11876
47.2922,1.11876
47.2937,1.11877
47.2952,1.11878
47.2967,1.11878
47.2982,1.11879
47.2997,1.11879
47.3012,1.1188
47.3027,1.11881
47.3042,1.11881
47.3057,1.11882
47.3072,1.11883
47.3087,1.11883
47.3102,1.11884
47.3117,1.11885
47.3132,1.11885
47.3147,1.11886
47.3162,1.11887
47.3177,1.11887
47.3192,1.11888
47.3207,1.11889
47.3222,1.11889
47.3237,1.1189
47.3252,1.11891
47.3267,1.11891
47.3282,1.11892
47.3297,1.11893
47.3312,1.11893
47.3327,1.11894
47.3342,1.11895
47.3357,1.11895
47.3372,1.11896
47.3387,1.11897
47.3402,1.11898
47.3417,1.11898
47.3432,1.11899
47.3447,1.119
47.3462,1.119
47.3477,1.11901
47.3492,1.11902
47.3507,1.11902
47.3522,1.11903
47.3537,1.11904
47.3552,1.11905
47.3567,1.11905
47.3582,1.11906
47.3597,1.11907
47.3612,1.11907
47.3627,1.11908
47.3642,1.11909
47.3657,1.1191
47.3672,1.1191
47.3687,1.11911
47.3702,1.11912
47.3717,1.11912
47.3732,1.11913
47.3747,1.11914
47.3762,1.11914
47.3777,1.11915
47.3792,1.11916
47.3807,1.11917
47.3822,1.11917
47.3837,1.11918
47.3852,1.11919
47.3867,1.1192
47.3882,1.1192
47.3897,1.11921
47.3912,1.11922
47.3927,1.11922
47.3941,1.11923
47.3956,1.11924
47.3971,1.11925
47.3986,1.11925
47.4001,1.11926
47.4016,1.11927
47.4031,1.11927
47.4046,1.11928
47.4061,1.11929
47.4076,1.1193
47.4091,1.1193
47.4106,1.11931
47.4121,1.11932
47.4136,1.11932
47.4151,1.11933
47.4166,1.11934
47.4181,1.11935
47.4196,1.11936
47.4211,1.11936
47.4226,1.11937
47.4241,1.11938
47.4256,1.11938
47.4271,1.11939
47.4286,1.1194
47.4301,1.1194
47.4316,1.11941
47.4331,1.11942
47.4346,1.11943
47.4361,1.11943
47.4376,1.11944
47.4391,1.11945
47.4406,1.11945
47.4421,1.11946
47.4436,1.11947
47.4451,1.11948
47.4466,1.11948
47.4481,1.11949
47.4496,1.1195
47.4511,1.1195
47.4526,1.11951
47.4541,1.11952
47.4556,1.11952
47.4571,1.11953
47.4586,1.11954
47.4601,1.11954
47.4616,1.11955
47.4631,1.11956
47.4646,1.11957
47.4661,1.11957
47.4676,1.11958
47.4691,1.11959
47.4706,1.11959
47.4721,1.1196
47.4736,1.11961
47.4751,1.11961
47.4766,1.11962
47.4781,1.11963
47.4796,1.11963
47.4811,1.11964
47.4826,1.11964
47.4841,1.11965
47.4856,1.11966
47.4871,1.11966
47.4886,1.11967
47.4901,1.11968
47.4916,1.11968
47.4931,1.11969
47.4946,1.1197
47.4961,1.1197
47.4976,1.11971
47.4991,1.11971
47.5006,1.11972
47.5021,1.11973
47.5036,1.11973
47.5051,1.11974
47.5066,1.11974
47.5081,1.11975
47.5096,1.11976
47.5111,1.11976
47.5126,1.11977
47.5141,1.11977
47.5156,1.11978
47.5171,1.11979
47.5186,1.11979
47.5201,1.1198
47.5216,1.1198
47.5231,1.11981
47.5246,1.11981
47.5261,1.11982
47.5276,1.11983
47.5291,1.11983
47.5306,1.11984
47.5321,1.11984
47.5336,1.11984
47.5351,1.11985
47.5366,1.11986
47.5381,1.11986
47.5396,1.11987
47.5411,1.11987
47.5426,1.11988
47.5441,1.11988
47.5456,1.11989
47.5471,1.11989
47.5486,1.1199
47.5501,1.1199
47.5516,1.11991
47.5531,1.11991
47.5546,1.11992
47.5561,1.11992
47.5576,1.11993
47.5591,1.11993
47.5606,1.11993
47.5621,1.11994
47.5636,1.11994
47.5651,1.11995
47.5666,1.11995
47.5681,1.11996
47.5696,1.11996
47.5711,1.11996
47.5726,1.11997
47.5741,1.11997
47.5756,1.11998
47.577,1.11998
47.5785,1.11999
47.58,1.11999
47.5815,1.11999
47.583,1.12
47.5845,1.12
47.586,1.12001
47.5875,1.12001
47.589,1.12001
47.5905,1.12002
47.592,1.12002
47.5935,1.12002
47.595,1.12003
47.5965,1.12003
47.598,1.12004
47.5995,1.12004
47.601,1.12004
47.6025,1.12005
47.604,1.12005
47.6055,1.12005
47.607,1.12006
47.6085,1.12006
47.61,1.12006
47.6115,1.12006
47.613,1.12007
47.6145,1.12007
47.616,1.12007
47.6175,1.12008
47.619,1.12008
47.6205,1.12008
47.622,1.12009
47.6235,1.12009
47.625,1.12009
47.6265,1.12009
47.628,1.1201
47.6295,1.1201
47.631,1.1201
47.6325,1.1201
47.634,1.12011
47.6355,1.12011
47.637,1.12011
47.6385,1.12011
47.64,1.12012
47.6415,1.12012
47.643,1.12012
47.6445,1.12012
47.646,1.12012
47.6475,1.12013
47.649,1.12013
47.6505,1.12013
47.652,1.12013
47.6535,1.12013
47.655,1.12014
47.6565,1.12014
47.658,1.12014
47.6595,1.12014
47.661,1.12014
47.6625,1.12014
47.664,1.12015
47.6655,1.12015
47.667,1.12015
47.6685,1.12015
47.67,1.12015
47.6715,1.12016
47.673,1.12016
47.6745,1.12016
47.676,1.12016
47.6775,1.12016
47.679,1.12016
47.6805,1.12016
47.682,1.12016
47.6835,1.12017
47.685,1.12017
47.6865,1.12017
47.688,1.12017
47.6895,1.12017
47.691,1.12017
47.6925,1.12017
47.694,1.12017
47.6955,1.12017
47.697,1.12018
47.6985,1.12018
47.7,1.12018
47.7015,1.12018
47.703,1.12018
47.7045,1.12018
47.706,1.12018
47.7075,1.12018
47.709,1.12018
47.7105,1.12018
47.712,1.12018
47.7135,1.12018
47.715,1.12019
47.7165,1.12019
47.718,1.12019
47.7195,1.12019
47.721,1.12019
47.7225,1.12019
47.724,1.12019
47.7255,1.12019
47.727,1.12019
47.7285,1.12019
47.73,1.12019
47.7315,1.12019
47.733,1.12019
47.7345,1.12019
47.736,1.12019
47.7375,1.12019
47.739,1.12019
47.7405,1.12019
47.742,1.12019
47.7435,1.12019
47.745,1.12019
47.7465,1.12019
47.748,1.12019
47.7495,1.12019
47.751,1.12019
47.7525,1.12019
47.754,1.12019
47.7555,1.12019
47.757,1.12019
47.7584,1.12019
47.7599,1.12019
47.7614,1.12019
47.7629,1.12019
47.7644,1.12019
47.7659,1.12019
47.7674,1.12019
47.7689,1.12019
47.7704,1.12018
47.7719,1.12018
47.7734,1.12018
47.7749,1.12018
47.7764,1.12018
47.7779,1.12018
47.7794,1.12018
47.7809,1.12018
47.7824,1.12018
47.7839,1.12018
47.7854,1.12018
47.7869,1.12018
47.7884,1.12018
47.7899,1.12018
47.7914,1.12017
47.7929,1.12017
47.7944,1.12017
47.7959,1.12017
47.7974,1.12017
47.7989,1.12017
47.8004,1.12017
47.8019,1.12017
47.8034,1.12017
47.8049,1.12017
47.8064,1.12016
47.8079,1.12016
47.8094,1.12016
47.8109,1.12016
47.8124,1.12016
47.8139,1.12016
47.8154,1.12016
47.8169,1.12016
47.8184,1.12016
47.8199,1.12015
47.8214,1.12015
47.8229,1.12015
47.8244,1.12015
47.8259,1.12015
47.8274,1.12015
47.8289,1.12015
47.8304,1.12014
47.8319,1.12014
47.8334,1.12014
47.8349,1.12014
47.8364,1.12014
47.8379,1.12014
47.8394,1.12013
47.8409,1.12013
47.8424,1.12013
47.8439,1.12013
47.8454,1.12013
47.8469,1.12012
47.8484,1.12012
47.8499,1.12012
47.8514,1.12012
47.8529,1.12012
47.8544,1.12011
47.8559,1.12011
47.8574,1.12011
47.8589,1.12011
47.8604,1.12011
47.8619,1.12011
47.8634,1.1201
47.8649,1.1201
47.8664,1.1201
47.8679,1.1201
47.8694,1.1201
47.8709,1.12009
47.8724,1.12009
47.8739,1.12009
47.8754,1.12008
47.8769,1.12008
47.8784,1.12008
47.8799,1.12008
47.8814,1.12008
47.8829,1.12007
47.8844,1.12007
47.8859,1.12007
47.8874,1.12006
47.8889,1.12006
47.8904,1.12006
47.8919,1.12006
47.8934,1.12006
47.8949,1.12005
47.8964,1.12005
47.8979,1.12005
47.8994,1.12004
47.9009,1.12004
47.9024,1.12004
47.9039,1.12004
47.9054,1.12003
47.9069,1.12003
47.9084,1.12003
47.9099,1.12002
47.9114,1.12002
47.9129,1.12002
47.9144,1.12002
47.9159,1.12001
47.9174,1.12001
47.9189,1.12001
47.9204,1.12
47.9219,1.12
47.9234,1.12
47.9249,1.11999
47.9264,1.11999
47.9279,1.11999
47.9294,1.11999
47.9309,1.11998
47.9324,1.11998
47.9339,1.11997
47.9354,1.11997
47.9369,1.11997
47.9384,1.11996
47.9398,1.11996
47.9413,1.11996
47.9428,1.11995
47.9443,1.11995
47.9458,1.11995
47.9473,1.11994
47.9488,1.11994
47.9503,1.11994
47.9518,1.11993
47.9533,1.11993
47.9548,1.11992
47.9563,1.11992
47.9578,1.11992
47.9593,1.11991
47.9608,1.11991
47.9623,1.11991
47.9638,1.1199
47.9653,1.1199
47.9668,1.1199
47.9683,1.11989
47.9698,1.11989
47.9713,1.11988
47.9728,1.11988
47.9743,1.11988
47.9758,1.11987
47.9773,1.11987
47.9788,1.11986
47.9803,1.11986
47.9818,1.11986
47.9833,1.11985
47.9848,1.11985
47.9863,1.11985
47.9878,1.11984
47.9893,1.11984
47.9908,1.11983
47.9923,1.11983
47.9938,1.11983
47.9953,1.11982
47.9968,1.11982
47.9983,1.11981
47.9998,1.11981
48.0013,1.1198
48.0028,1.1198
48.0043,1.1198
48.0058,1.11979
48.0073,1.11979
48.0088,1.11978
48.0103,1.11978
48.0118,1.11978
48.0133,1.11977
48.0148,1.11977
48.0163,1.11976
48.0178,1.11976
48.0193,1.11975
48.0208,1.11975
48.0223,1.11974
48.0238,1.11974
48.0253,1.11974
48.0268,1.11973
48.0283,1.11973
48.0298,1.11972
48.0313,1.11972
