time,average_density
0.0015,1.08406
0.003,1.08406
0.0045,1.08406
0.006,1.08406
0.0075,1.08406
0.009,1.08406
0.0105,1.08407
0.012,1.08407
0.0135,1.08407
0.015,1.08407
0.0165,1.08407
0.018,1.08407
0.0195,1.08407
0.021,1.08407
0.0225,1.08407
0.024,1.08407
0.0255,1.08407
0.027,1.08407
0.0285,1.08407
0.03,1.08407
0.0315,1.08407
0.033,1.08407
0.0345,1.08407
0.036,1.08408
0.0375,1.08408
0.039,1.08408
0.0405,1.08408
0.042,1.08408
0.0435,1.08408
0.045,1.08408
0.0465,1.08408
0.048,1.08409
0.0495,1.08409
0.051,1.08409
0.0525,1.08409
0.054,1.0841
0.0555,1.0841
0.057,1.0841
0.0585,1.0841
0.06,1.0841
0.0615,1.08411
0.063,1.08411
0.0645,1.08411
0.066,1.08412
0.0675,1.08412
0.069,1.08412
0.0705,1.08413
0.072,1.08413
0.0735,1.08413
0.075,1.08413
0.0765,1.08414
0.078,1.08414
0.0795,1.08415
0.081,1.08415
0.0825,1.08416
0.084,1.08416
0.0855,1.08416
0.087,1.08417
0.0885,1.08417
0.09,1.08418
0.0915,1.08419
0.093,1.0842
0.0945,1.0842
0.0960001,1.08421
0.0975001,1.08421
0.0990001,1.08422
0.1005,1.08422
0.102,1.08423
0.1035,1.08424
0.105,1.08424
0.1065,1.08425
0.108,1.08426
0.1095,1.08427
0.111,1.08428
0.1125,1.08429
0.114,1.08429
0.1155,1.0843
0.117,1.08431
0.1185,1.08432
0.12,1.08433
0.1215,1.08434
0.123,1.08435
0.1245,1.08436
0.126,1.08437
0.1275,1.08438
0.129,1.08439
0.1305,1.0844
0.132,1.08441
0.1335,1.08442
0.135,1.08443
0.1365,1.08445
0.138,1.08446
0.1395,1.08447
0.141,1.08448
0.1425,1.08449
0.144,1.08451
0.1455,1.08452
0.147,1.08454
0.1485,1.08455
0.15,1.08456
0.1515,1.08458
0.153,1.08459
0.1545,1.08461
0.156,1.08462
0.1575,1.08464
0.159,1.08465
0.1605,1.08467
0.162,1.08469
0.1635,1.0847
0.165,1.08472
0.1665,1.08473
0.168,1.08475
0.1695,1.08477
0.171,1.08478
0.1725,1.0848
0.174,1.08482
0.1755,1.08484
0.177,1.08485
0.1785,1.08487
0.18,1.08489
0.1815,1.08491
0.183,1.08493
0.1845,1.08494
0.186,1.08496
0.1875,1.08499
0.189,1.08501
0.1905,1.08503
0.192,1.08505
0.1935,1.08507
0.195,1.08509
0.1965,1.08511
0.198,1.08513
0.1995,1.08515
0.201,1.08517
0.2025,1.08519
0.204,1.08522
0.2055,1.08524
0.207,1.08526
0.2085,1.08528
0.21,1.08531
0.2115,1.08533
0.213,1.08535
0.2145,1.08538
0.216,1.0854
0.2175,1.08543
0.219,1.08545
0.2205,1.08547
0.222,1.0855
0.2235,1.08552
0.225,1.08555
0.2265,1.08557
0.228,1.0856
0.2295,1.08562
0.231,1.08565
0.2325,1.08568
0.234,1.0857
0.2355,1.08573
0.237,1.08576
0.2385,1.08578
0.24,1.08581
0.2415,1.08584
0.243,1.08586
0.2445,1.08589
0.246,1.08592
0.2475,1.08595
0.249,1.08598
0.2505,1.086
0.252,1.08603
0.2535,1.08606
0.255,1.08609
0.2565,1.08612
0.258,1.08615
0.2595,1.08618
0.261,1.08621
0.2625,1.08623
0.264,1.08626
0.2655,1.08629
0.267,1.08632
0.2685,1.08635
0.27,1.08638
0.2715,1.08642
0.273,1.08645
0.2745,1.08648
0.276,1.08651
0.2775,1.08654
0.279,1.08657
0.2805,1.0866
0.282,1.08664
0.2835,1.08667
0.285,1.0867
0.2865,1.08673
0.288,1.08677
0.2895,1.0868
0.291,1.08683
0.2925,1.08686
0.294,1.08689
0.2955,1.08693
0.297,1.08696
0.2985,1.087
0.3,1.08703
0.3015,1.08706
0.303,1.0871
0.3045,1.08713
0.306,1.08717
0.3075,1.0872
0.309,1.08724
0.3105,1.08727
0.312,1.0873
0.3135,1.08734
0.315,1.08737
0.3165,1.08741
0.318,1.08744
0.3195,1.08748
0.321,1.08752
0.3225,1.08755
0.324,1.08759
0.3255,1.08763
0.327,1.08766
0.3285,1.0877
0.33,1.08774
0.3315,1.08777
0.333,1.08781
0.3345,1.08785
0.336,1.08788
0.3375,1.08792
0.339,1.08796
0.3405,1.088
0.342,1.08803
0.3435,1.08807
0.345,1.08811
0.3465,1.08815
0.348,1.08819
0.3495,1.08823
0.351,1.08827
0.3525,1.08831
0.354,1.08834
0.3555,1.08838
0.357,1.08842
0.358501,1.08846
0.360001,1.0885
0.361501,1.08854
0.363001,1.08858
0.364501,1.08862
0.366001,1.08866
0.367501,1.0887
0.369001,1.08874
0.370501,1.08878
0.372001,1.08883
0.373501,1.08887
0.375001,1.08891
0.376501,1.08895
0.378001,1.08899
0.379501,1.08903
0.381001,1.08907
0.382501,1.08911
0.384001,1.08916
0.385501,1.0892
0.387001,1.08924
0.388501,1.08928
0.390001,1.08932
0.391501,1.08937
0.393001,1.08941
0.394501,1.08945
0.396001,1.0895
0.397501,1.08954
0.399001,1.08958
0.400501,1.08962
0.402001,1.08967
0.403501,1.08971
0.405001,1.08975
0.406501,1.0898
0.408001,1.08984
0.409501,1.08989
0.411001,1.08993
0.412501,1.08998
0.414001,1.09002
0.415501,1.09006
0.417001,1.09011
0.418501,1.09015
0.420001,1.0902
0.421501,1.09024
0.423001,1.09029
0.424501,1.09033
0.426001,1.09038
0.427501,1.09042
0.429001,1.09047
0.430501,1.09052
0.432001,1.09056
0.433501,1.09061
0.435001,1.09065
0.436501,1.0907
0.438001,1.09075
0.439501,1.09079
0.441001,1.09084
0.442501,1.09089
0.444001,1.09093
0.445501,1.09098
0.447001,1.09102
0.448501,1.09107
0.450001,1.09112
0.451501,1.09117
0.453001,1.09121
0.454501,1.09126
0.456001,1.09131
0.457501,1.09136
0.459001,1.0914
0.460501,1.09145
0.462001,1.0915
0.463501,1.09155
0.465001,1.0916
0.466501,1.09164
0.468001,1.09169
0.469501,1.09174
0.471001,1.09179
0.472501,1.09184
0.474001,1.09189
0.475501,1.09193
0.477001,1.09198
0.478501,1.09203
0.480001,1.09208
0.481501,1.09213
0.483001,1.09218
0.484501,1.09223
0.486001,1.09228
0.487501,1.09233
0.489001,1.09238
0.490501,1.09243
0.492001,1.09248
0.493501,1.09253
0.495001,1.09258
0.496501,1.09263
0.498001,1.09268
0.499501,1.09273
0.501001,1.09278
0.502501,1.09283
0.504001,1.09288
0.505502,1.09293
0.507002,1.09298
0.508502,1.09303
0.510002,1.09308
0.511502,1.09314
0.513002,1.09319
0.514502,1.09324
0.516002,1.09329
0.517502,1.09334
0.519002,1.09339
0.520502,1.09344
0.522002,1.0935
0.523502,1.09355
0.525002,1.0936
0.526502,1.09365
0.528002,1.0937
0.529502,1.09376
0.531002,1.09381
0.532502,1.09386
0.534002,1.09391
0.535502,1.09397
0.537002,1.09402
0.538502,1.09407
0.540002,1.09413
0.541502,1.09418
0.543002,1.09423
0.544502,1.09428
0.546002,1.09434
0.547502,1.09439
0.549002,1.09444
0.550502,1.0945
0.552002,1.09455
0.553502,1.09461
0.555002,1.09466
0.556502,1.09471
0.558002,1.09477
0.559502,1.09482
0.561002,1.09487
0.562502,1.09493
0.564002,1.09498
0.565502,1.09504
0.567002,1.09509
0.568502,1.09515
0.570002,1.0952
0.571502,1.09526
0.573002,1.09531
0.574502,1.09537
0.576002,1.09542
0.577502,1.09548
0.579002,1.09553
0.580502,1.09559
0.582002,1.09564
0.583502,1.0957
0.585002,1.09575
0.586502,1.09581
0.588002,1.09587
0.589502,1.09592
0.591002,1.09598
0.592502,1.09603
0.594002,1.09609
0.595502,1.09615
0.597002,1.0962
0.598502,1.09626
0.600002,1.09631
0.601502,1.09637
0.603002,1.09643
0.604502,1.09648
0.606002,1.09654
0.607502,1.0966
0.609002,1.09665
0.610502,1.09671
0.612002,1.09677
0.613502,1.09682
0.615002,1.09688
0.616502,1.09694
0.618002,1.097
0.619502,1.09705
0.621002,1.09711
0.622502,1.09717
0.624002,1.09723
0.625502,1.09728
0.627002,1.09734
0.628502,1.0974
0.630002,1.09746
0.631502,1.09751
0.633002,1.09757
0.634502,1.09763
0.636002,1.09769
0.637502,1.09775
0.639002,1.0978
0.640502,1.09786
0.642002,1.09792
0.643502,1.09798
0.645002,1.09803
0.646502,1.09809
0.648003,1.09815
0.649503,1.09821
0.651003,1.09827
0.652503,1.09833
0.654003,1.09838
0.655503,1.09844
0.657003,1.0985
0.658503,1.09856
0.660003,1.09862
0.661503,1.09868
0.663003,1.09874
0.664503,1.0988
0.666003,1.09886
0.667503,1.09892
0.669003,1.09897
0.670503,1.09903
0.672003,1.09909
0.673503,1.09915
0.675003,1.09921
0.676503,1.09927
0.678003,1.09933
0.679503,1.09939
0.681003,1.09945
0.682503,1.09951
0.684003,1.09957
0.685503,1.09963
0.687003,1.09969
0.688503,1.09975
0.690003,1.09981
0.691503,1.09987
0.693003,1.09993
0.694503,1.09999
0.696003,1.10005
0.697503,1.10011
0.699003,1.10017
0.700503,1.10023
0.702003,1.10029
0.703503,1.10036
0.705003,1.10042
0.706503,1.10048
0.708003,1.10054
0.709503,1.1006
0.711003,1.10066
0.712503,1.10072
0.714003,1.10078
0.715503,1.10085
0.717003,1.10091
0.718503,1.10097
0.720003,1.10103
0.721503,1.10109
0.723003,1.10116
0.724503,1.10122
0.726003,1.10128
0.727503,1.10134
0.729003,1.10141
0.730503,1.10147
0.732003,1.10153
0.733503,1.10159
0.735003,1.10166
0.736503,1.10172
0.738003,1.10178
0.739503,1.10184
0.741003,1.10191
0.742503,1.10197
0.744003,1.10203
0.745503,1.1021
0.747003,1.10216
0.748503,1.10222
0.750003,1.10229
0.751503,1.10235
0.753003,1.10241
0.754503,1.10248
0.756003,1.10254
0.757503,1.10261
0.759003,1.10267
0.760503,1.10273
0.762003,1.1028
0.763503,1.10286
0.765003,1.10293
0.766503,1.10299
0.768003,1.10305
0.769503,1.10312
0.771003,1.10318
0.772503,1.10325
0.774003,1.10331
0.775503,1.10338
0.777003,1.10344
0.778503,1.10351
0.780003,1.10357
0.781503,1.10364
0.783003,1.1037
0.784503,1.10377
0.786003,1.10383
0.787503,1.1039
0.789003,1.10396
0.790504,1.10403
0.792004,1.10409
0.793504,1.10416
0.795004,1.10423
0.796504,1.10429
0.798004,1.10436
0.799504,1.10442
0.801004,1.10449
0.802504,1.10455
0.804004,1.10462
0.805504,1.10469
0.807004,1.10475
0.808504,1.10482
0.810004,1.10488
0.811504,1.10495
0.813004,1.10502
0.814504,1.10508
0.816004,1.10515
0.817504,1.10522
0.819004,1.10528
0.820504,1.10535
0.822004,1.10542
0.823504,1.10548
0.825004,1.10555
0.826504,1.10562
0.828004,1.10568
0.829504,1.10575
0.831004,1.10582
0.832504,1.10589
0.834004,1.10595
0.835504,1.10602
0.837004,1.10609
0.838504,1.10616
0.840004,1.10622
0.841504,1.10629
0.843004,1.10636
0.844504,1.10643
0.846004,1.10649
0.847504,1.10656
0.849004,1.10663
0.850504,1.1067
0.852004,1.10676
0.853504,1.10683
0.855004,1.1069
0.856504,1.10697
0.858004,1.10704
0.859504,1.10711
0.861004,1.10717
0.862504,1.10724
0.864004,1.10731
0.865504,1.10738
0.867004,1.10745
0.868504,1.10751
0.870004,1.10758
0.871504,1.10765
0.873004,1.10772
0.874504,1.10779
0.876004,1.10786
0.877504,1.10792
0.879004,1.108
0.880504,1.10806
0.882004,1.10813
0.883504,1.1082
0.885004,1.10827
0.886504,1.10834
0.888004,1.1084
0.889504,1.10847
0.891004,1.10854
0.892504,1.10861
0.894004,1.10868
0.895504,1.10875
0.897004,1.10882
0.898504,1.10888
0.900004,1.10895
0.901504,1.10902
0.903004,1.10909
0.904504,1.10916
0.906004,1.10923
0.907504,1.1093
0.909004,1.10936
0.910504,1.10943
0.912004,1.1095
0.913504,1.10957
0.915004,1.10964
0.916504,1.1097
0.918004,1.10977
0.919504,1.10984
0.921004,1.10991
0.922504,1.10998
0.924004,1.11004
0.925504,1.11011
0.927004,1.11018
0.928504,1.11024
0.930004,1.11031
0.931504,1.11038
0.933004,1.11045
0.934505,1.11051
0.936005,1.11058
0.937505,1.11065
0.939005,1.11071
0.940505,1.11078
0.942005,1.11085
0.943505,1.11091
0.945005,1.11098
0.946505,1.11104
0.948005,1.11111
0.949505,1.11118
0.951005,1.11124
0.952505,1.11131
0.954005,1.11138
0.955505,1.11144
0.957005,1.1115
0.958505,1.11157
0.960005,1.11163
0.961505,1.1117
0.963005,1.11176
0.964505,1.11183
0.966005,1.11189
0.967505,1.11196
0.969005,1.11202
0.970505,1.11208
0.972005,1.11214
0.973505,1.11221
0.975005,1.11227
0.976505,1.11233
0.978005,1.11239
0.979505,1.11246
0.981005,1.11252
0.982505,1.11258
0.984005,1.11264
0.985505,1.1127
0.987005,1.11276
0.988505,1.11282
0.990005,1.11288
0.991505,1.11294
0.993005,1.113
0.994505,1.11306
0.996005,1.11312
0.997505,1.11318
0.999005,1.11324
1.0005,1.1133
1.002,1.11336
1.0035,1.11341
1.00501,1.11347
1.00651,1.11353
1.00801,1.11359
1.00951,1.11364
1.01101,1.1137
1.01251,1.11375
1.01401,1.11381
1.01551,1.11386
1.01701,1.11392
1.01851,1.11397
1.02001,1.11403
1.02151,1.11408
1.02301,1.11414
1.02451,1.11419
1.02601,1.11424
1.02751,1.1143
1.02901,1.11435
1.03051,1.1144
1.03201,1.11445
1.03351,1.1145
1.03501,1.11455
1.03651,1.1146
1.03801,1.11465
1.03951,1.1147
1.04101,1.11475
1.04251,1.1148
1.04401,1.11485
1.04551,1.11489
1.04701,1.11494
1.04851,1.11499
1.05001,1.11504
1.05151,1.11508
1.05301,1.11513
1.05451,1.11517
1.05601,1.11522
1.05751,1.11526
1.05901,1.11531
1.06051,1.11535
1.06201,1.11539
1.06351,1.11544
1.06501,1.11548
1.06651,1.11552
1.06801,1.11556
1.06951,1.11561
1.07101,1.11565
1.07251,1.11569
1.07401,1.11573
1.07551,1.11577
1.07701,1.11581
1.07851,1.11585
1.08001,1.11588
1.08151,1.11592
1.08301,1.11596
1.08451,1.116
1.08601,1.11604
1.08751,1.11607
1.08901,1.11611
1.09051,1.11615
1.09201,1.11618
1.09351,1.11622
1.09501,1.11625
1.09651,1.11629
1.09801,1.11632
1.09951,1.11636
1.10101,1.11639
1.10251,1.11643
1.10401,1.11646
1.10551,1.11649
1.10701,1.11653
1.10851,1.11656
1.11001,1.11659
1.11151,1.11663
1.11301,1.11666
1.11451,1.11669
1.11601,1.11672
1.11751,1.11675
1.11901,1.11678
1.12051,1.11682
1.12201,1.11685
1.12351,1.11688
1.12501,1.11691
1.12651,1.11694
1.12801,1.11697
1.12951,1.117
1.13101,1.11703
1.13251,1.11706
1.13401,1.11709
1.13551,1.11712
1.13701,1.11715
1.13851,1.11718
1.14001,1.11721
1.14151,1.11723
1.14301,1.11726
1.14451,1.11729
1.14601,1.11732
1.14751,1.11735
1.14901,1.11738
1.15051,1.11741
1.15201,1.11744
1.15351,1.11746
1.15501,1.11749
1.15651,1.11752
1.15801,1.11755
1.15951,1.11758
1.16101,1.11761
1.16251,1.11764
1.16401,1.11766
1.16551,1.11769
1.16701,1.11772
1.16851,1.11775
1.17001,1.11778
1.17151,1.11781
1.17301,1.11784
1.17451,1.11786
1.17601,1.11789
1.17751,1.11792
1.17901,1.11795
1.18051,1.11798
1.18201,1.118
1.18351,1.11803
1.18501,1.11806
1.18651,1.11809
1.18801,1.11812
1.18951,1.11815
1.19101,1.11818
1.19251,1.1182
1.19401,1.11823
1.19551,1.11826
1.19701,1.11829
1.19851,1.11832
1.20001,1.11835
1.20151,1.11838
1.20301,1.11841
1.20451,1.11843
1.20601,1.11846
1.20751,1.11849
1.20901,1.11852
1.21051,1.11855
1.21201,1.11858
1.21351,1.11861
1.21501,1.11864
1.21651,1.11867
1.21801,1.1187
1.21951,1.11873
1.22101,1.11876
1.22251,1.11879
1.22401,1.11881
1.22551,1.11884
1.22701,1.11887
1.22851,1.1189
1.23001,1.11893
1.23151,1.11896
1.23301,1.11899
1.23451,1.11902
1.23601,1.11905
1.23751,1.11908
1.23901,1.11911
1.24051,1.11914
1.24201,1.11917
1.24351,1.1192
1.24501,1.11923
1.24651,1.11926
1.24801,1.11929
1.24951,1.11932
1.25101,1.11935
1.25251,1.11938
1.25401,1.11941
1.25551,1.11944
1.25701,1.11947
1.25851,1.1195
1.26001,1.11953
1.26151,1.11956
1.26301,1.11959
1.26451,1.11962
1.26601,1.11965
1.26751,1.11968
1.26901,1.11972
1.27051,1.11975
1.27201,1.11978
1.27351,1.11981
1.27501,1.11984
1.27651,1.11987
1.27801,1.1199
1.27951,1.11993
1.28101,1.11996
1.28251,1.11999
1.28401,1.12002
1.28551,1.12005
1.28701,1.12009
1.28851,1.12012
1.29001,1.12015
1.29151,1.12018
1.29301,1.12021
1.29451,1.12024
1.29601,1.12027
1.29751,1.12031
1.29901,1.12034
1.30051,1.12037
1.30201,1.1204
1.30351,1.12043
1.30501,1.12046
1.30651,1.12049
1.30801,1.12053
1.30951,1.12056
1.31101,1.12059
1.31251,1.12062
1.31401,1.12065
1.31551,1.12068
1.31701,1.12072
1.31851,1.12075
1.32001,1.12078
1.32151,1.12081
1.32301,1.12085
1.32451,1.12088
1.32601,1.12091
1.32751,1.12094
1.32901,1.12097
1.33051,1.12101
1.33201,1.12104
1.33351,1.12107
1.33501,1.1211
1.33651,1.12114
1.33801,1.12117
1.33951,1.1212
1.34101,1.12124
1.34251,1.12127
1.34401,1.1213
1.34551,1.12133
1.34701,1.12137
1.34851,1.1214
1.35001,1.12143
1.35151,1.12146
1.35301,1.1215
1.35451,1.12153
1.35601,1.12157
1.35751,1.1216
1.35901,1.12163
1.36051,1.12166
1.36201,1.1217
1.36351,1.12173
1.36501,1.12176
1.36651,1.1218
1.36801,1.12183
1.36951,1.12186
1.37101,1.1219
1.37251,1.12193
1.37401,1.12196
1.37551,1.122
1.37701,1.12203
1.37851,1.12207
1.38001,1.1221
1.38151,1.12214
1.38301,1.12217
1.38451,1.1222
1.38601,1.12224
1.38751,1.12227
1.38901,1.1223
1.39051,1.12234
1.39201,1.12237
1.39351,1.12241
1.39501,1.12244
1.39651,1.12247
1.39801,1.12251
1.39951,1.12254
1.40101,1.12258
1.40251,1.12261
1.40401,1.12265
1.40551,1.12268
1.40701,1.12271
1.40851,1.12275
1.41001,1.12278
1.41151,1.12282
1.41301,1.12285
1.41451,1.12289
1.41601,1.12292
1.41751,1.12296
1.41901,1.12299
1.42051,1.12302
1.42201,1.12306
1.42351,1.12309
1.42501,1.12313
1.42651,1.12316
1.42801,1.1232
1.42951,1.12323
1.43101,1.12326
1.43251,1.1233
1.43401,1.12333
1.43551,1.12337
1.43701,1.1234
1.43851,1.12343
1.44001,1.12347
1.44151,1.1235
1.44301,1.12354
1.44451,1.12357
1.44601,1.1236
1.44751,1.12364
1.44901,1.12367
1.45051,1.12371
1.45201,1.12374
1.45351,1.12377
1.45501,1.12381
1.45651,1.12384
1.45801,1.12388
1.45951,1.12391
1.46101,1.12394
1.46251,1.12397
1.46401,1.12401
1.46551,1.12404
1.46701,1.12408
1.46851,1.12411
1.47001,1.12414
1.47151,1.12417
1.47301,1.12421
1.47451,1.12424
1.47601,1.12427
1.47751,1.12431
1.47901,1.12434
1.48051,1.12437
1.48201,1.1244
1.48351,1.12444
1.48501,1.12447
1.48651,1.1245
1.48801,1.12453
1.48951,1.12456
1.49101,1.1246
1.49251,1.12463
1.49401,1.12466
1.49551,1.12469
1.49701,1.12472
1.49851,1.12475
1.50001,1.12478
1.50151,1.12482
1.50301,1.12485
1.50451,1.12488
1.50601,1.12491
1.50751,1.12494
1.50901,1.12497
1.51051,1.125
1.51201,1.12503
1.51351,1.12506
1.51501,1.12509
1.51651,1.12512
1.51801,1.12515
1.51951,1.12517
1.52101,1.1252
1.52251,1.12523
1.52401,1.12526
1.52551,1.12529
1.52701,1.12532
1.52851,1.12535
1.53001,1.12537
1.53151,1.1254
1.53301,1.12543
1.53451,1.12546
1.53601,1.12548
1.53751,1.12551
1.53901,1.12554
1.54051,1.12556
1.54201,1.12559
1.54351,1.12561
1.54501,1.12564
1.54651,1.12567
1.54801,1.12569
1.54951,1.12572
1.55101,1.12574
1.55251,1.12577
1.55401,1.12579
1.55551,1.12581
1.55701,1.12584
1.55851,1.12586
1.56001,1.12588
1.56151,1.12591
1.56301,1.12593
1.56451,1.12595
1.56601,1.12598
1.56751,1.126
1.56901,1.12602
1.57051,1.12604
1.57201,1.12606
1.57351,1.12608
1.57501,1.1261
1.57651,1.12612
1.57801,1.12614
1.57951,1.12616
1.58101,1.12618
1.58251,1.1262
1.58401,1.12622
1.58551,1.12623
1.58701,1.12625
1.58851,1.12627
1.59001,1.12629
1.59151,1.1263
1.59301,1.12632
1.59451,1.12634
1.59601,1.12635
1.59751,1.12637
1.59901,1.12638
1.60051,1.12639
1.60201,1.12641
1.60351,1.12642
1.60501,1.12643
1.60651,1.12645
1.60801,1.12646
1.60951,1.12647
1.61101,1.12649
1.61251,1.1265
1.61401,1.12651
1.61551,1.12652
1.61701,1.12653
1.61851,1.12654
1.62001,1.12654
1.62151,1.12655
1.62301,1.12656
1.62451,1.12657
1.62601,1.12657
1.62751,1.12658
1.62901,1.12659
1.63051,1.1266
1.63201,1.1266
1.63351,1.12661
1.63501,1.12661
1.63651,1.12661
1.63801,1.12662
1.63951,1.12662
1.64101,1.12662
1.64251,1.12662
1.64401,1.12663
1.64551,1.12663
1.64701,1.12663
1.64851,1.12663
1.65001,1.12663
1.65151,1.12663
1.65301,1.12663
1.65451,1.12662
1.65601,1.12662
1.65751,1.12662
1.65901,1.12661
1.66051,1.12661
1.66201,1.12661
1.66351,1.1266
1.66501,1.1266
1.66651,1.12659
1.66801,1.12658
1.66951,1.12658
1.67101,1.12657
1.67251,1.12656
1.67401,1.12656
1.67551,1.12655
1.67701,1.12654
1.67851,1.12653
1.68001,1.12652
1.68151,1.12651
1.68301,1.1265
1.68451,1.12649
1.68601,1.12648
1.68751,1.12647
1.68901,1.12645
1.69051,1.12644
1.69201,1.12643
1.69351,1.12642
1.69501,1.1264
1.69651,1.12639
1.69801,1.12638
1.69951,1.12636
1.70101,1.12635
1.70251,1.12633
1.70401,1.12632
1.70551,1.1263
1.70701,1.12628
1.70851,1.12627
1.71001,1.12625
1.71151,1.12623
1.71301,1.12622
1.71451,1.1262
1.71601,1.12618
1.71751,1.12616
1.71901,1.12614
1.72051,1.12612
1.72201,1.12611
1.72351,1.12609
1.72501,1.12607
1.72651,1.12605
1.72801,1.12603
1.72951,1.12601
1.73101,1.12599
1.73251,1.12596
1.73401,1.12594
1.73551,1.12592
1.73701,1.1259
1.73851,1.12588
1.74001,1.12586
1.74151,1.12584
1.74301,1.12581
1.74451,1.12579
1.74601,1.12577
1.74751,1.12575
1.74901,1.12572
1.75051,1.1257
1.75201,1.12567
1.75351,1.12565
1.75501,1.12563
1.75651,1.1256
1.75801,1.12558
1.75951,1.12555
1.76101,1.12553
1.76251,1.1255
1.76401,1.12548
1.76551,1.12545
1.76701,1.12543
1.76851,1.1254
1.77001,1.12538
1.77151,1.12535
1.77301,1.12532
1.77451,1.1253
1.77601,1.12527
1.77751,1.12524
1.77901,1.12522
1.78051,1.12519
1.78201,1.12516
1.78351,1.12513
1.78501,1.1251
1.78651,1.12508
1.78801,1.12505
1.78951,1.12502
1.79101,1.12499
1.79251,1.12496
1.79401,1.12493
1.79551,1.1249
1.79701,1.12487
1.79851,1.12485
1.80001,1.12482
1.80151,1.12478
1.80301,1.12476
1.80451,1.12473
1.80601,1.1247
1.80751,1.12466
1.80901,1.12463
1.81051,1.1246
1.81201,1.12457
1.81351,1.12454
1.81501,1.12451
1.81651,1.12448
1.81801,1.12444
1.81951,1.12441
1.82101,1.12438
1.82251,1.12435
1.82401,1.12432
1.82551,1.12428
1.82701,1.12425
1.82851,1.12422
1.83001,1.12419
1.83151,1.12415
1.83301,1.12412
1.83451,1.12409
1.83601,1.12405
1.83751,1.12402
1.83901,1.12398
1.84051,1.12395
1.84201,1.12392
1.84351,1.12388
1.84501,1.12385
1.84651,1.12381
1.84801,1.12378
1.84951,1.12374
1.85101,1.12371
1.85251,1.12367
1.85401,1.12364
1.85551,1.1236
1.85701,1.12356
1.85851,1.12353
1.86001,1.12349
1.86151,1.12345
1.86301,1.12342
1.86451,1.12338
1.86601,1.12335
1.86751,1.12331
1.86901,1.12327
1.87051,1.12323
1.87201,1.1232
1.87351,1.12316
1.87501,1.12312
1.87651,1.12308
1.87801,1.12304
1.87951,1.12301
1.88101,1.12297
1.88251,1.12293
1.88401,1.12289
1.88551,1.12285
1.88701,1.12281
1.88851,1.12277
1.89001,1.12273
1.89151,1.12269
1.89301,1.12265
1.89451,1.12261
1.89601,1.12257
1.89751,1.12253
1.89901,1.12249
1.90051,1.12245
1.90201,1.12241
1.90351,1.12237
1.90501,1.12233
1.90651,1.12229
1.90801,1.12225
1.90951,1.12221
1.91101,1.12216
1.91251,1.12212
1.91401,1.12208
1.91551,1.12204
1.91701,1.122
1.91851,1.12196
1.92001,1.12191
1.92151,1.12187
1.92301,1.12183
1.92451,1.12179
1.92601,1.12175
1.92751,1.1217
1.92901,1.12166
1.93051,1.12162
1.93201,1.12157
1.93351,1.12153
1.93501,1.12149
1.93651,1.12144
1.93801,1.1214
1.93951,1.12136
1.94101,1.12131
1.94251,1.12127
1.94401,1.12123
1.94551,1.12118
1.94701,1.12114
1.94851,1.1211
1.95001,1.12105
1.95151,1.12101
1.95301,1.12097
1.95451,1.12093
1.95601,1.12088
1.95751,1.12084
1.95901,1.12079
1.96051,1.12075
1.96201,1.12071
1.96351,1.12066
1.96501,1.12062
1.96651,1.12058
1.96801,1.12053
1.96951,1.12049
1.97101,1.12045
1.97251,1.1204
1.97401,1.12036
1.97551,1.12032
1.97701,1.12027
1.97851,1.12023
1.98001,1.12019
1.98151,1.12014
1.98301,1.1201
1.98451,1.12006
1.98601,1.12001
1.98751,1.11997
1.98901,1.11993
1.99051,1.11988
1.99201,1.11984
1.99351,1.1198
1.99501,1.11975
1.99651,1.11971
1.99801,1.11967
1.99951,1.11962
2.00101,1.11958
2.00251,1.11954
2.00401,1.11949
2.00551,1.11945
2.00701,1.11941
2.00851,1.11936
2.01001,1.11932
2.01151,1.11928
2.01301,1.11924
2.01451,1.11919
2.01601,1.11915
2.01751,1.11911
2.01901,1.11906
2.02051,1.11902
2.02201,1.11898
2.02351,1.11893
2.02501,1.11889
2.02651,1.11885
2.02801,1.1188
2.02951,1.11876
2.03101,1.11872
2.03251,1.11867
2.03401,1.11863
2.03551,1.11859
2.03701,1.11854
2.03851,1.1185
2.04001,1.11846
2.04151,1.11841
2.04301,1.11837
2.04451,1.11833
2.04601,1.11828
2.04751,1.11824
2.04901,1.11819
2.05051,1.11815
2.05201,1.11811
2.05351,1.11806
2.05501,1.11802
2.05651,1.11798
2.05801,1.11793
2.05951,1.11789
2.06101,1.11785
2.06251,1.1178
2.06401,1.11776
2.06551,1.11772
2.06701,1.11767
2.06851,1.11763
2.07001,1.11759
2.07151,1.11754
2.07301,1.1175
2.07451,1.11746
2.07601,1.11741
2.07751,1.11737
2.07901,1.11733
2.08051,1.11728
2.08201,1.11724
2.08351,1.11719
2.08501,1.11715
2.08651,1.11711
2.08801,1.11707
2.08951,1.11702
2.09101,1.11698
2.09251,1.11693
2.09401,1.11689
2.0955,1.11685
2.097,1.11681
2.0985,1.11676
2.1,1.11672
2.1015,1.11668
2.103,1.11664
2.1045,1.11659
2.106,1.11655
2.1075,1.11651
2.109,1.11647
2.1105,1.11642
2.112,1.11638
2.1135,1.11634
2.115,1.1163
2.1165,1.11626
2.118,1.11621
2.1195,1.11617
2.121,1.11613
2.1225,1.11609
2.124,1.11605
2.1255,1.11601
2.127,1.11596
2.1285,1.11592
2.13,1.11588
2.1315,1.11584
2.133,1.1158
2.1345,1.11576
2.136,1.11572
2.1375,1.11568
2.139,1.11564
2.1405,1.11559
2.142,1.11555
2.1435,1.11551
2.145,1.11547
2.1465,1.11543
2.148,1.11539
2.1495,1.11535
2.151,1.11531
2.1525,1.11527
2.154,1.11523
2.1555,1.11519
2.157,1.11515
2.1585,1.11511
2.16,1.11507
2.1615,1.11503
2.163,1.115
2.1645,1.11496
2.166,1.11492
2.1675,1.11488
2.169,1.11484
2.1705,1.1148
2.172,1.11476
2.1735,1.11472
2.175,1.11468
2.1765,1.11465
2.178,1.11461
2.1795,1.11457
2.181,1.11453
2.1825,1.11449
2.184,1.11445
2.1855,1.11442
2.187,1.11438
2.1885,1.11434
2.19,1.1143
2.1915,1.11427
2.193,1.11423
2.1945,1.11419
2.196,1.11415
2.1975,1.11412
2.199,1.11408
2.2005,1.11404
2.202,1.11401
2.2035,1.11397
2.205,1.11393
2.2065,1.1139
2.208,1.11386
2.2095,1.11382
2.211,1.11379
2.2125,1.11375
2.214,1.11371
2.2155,1.11368
2.217,1.11364
2.2185,1.1136
2.22,1.11357
2.2215,1.11353
2.223,1.1135
2.2245,1.11346
2.226,1.11343
2.2275,1.11339
2.229,1.11336
2.2305,1.11332
2.232,1.11329
2.23349,1.11325
2.23499,1.11322
2.23649,1.11318
2.23799,1.11315
2.23949,1.11311
2.24099,1.11308
2.24249,1.11305
2.24399,1.11301
2.24549,1.11298
2.24699,1.11295
2.24849,1.11291
2.24999,1.11288
2.25149,1.11285
2.25299,1.11281
2.25449,1.11278
2.25599,1.11275
2.25749,1.11271
2.25899,1.11268
2.26049,1.11265
2.26199,1.11262
2.26349,1.11259
2.26499,1.11256
2.26649,1.11252
2.26799,1.11249
2.26949,1.11246
2.27099,1.11243
2.27249,1.1124
2.27399,1.11237
2.27549,1.11234
2.27699,1.11231
2.27849,1.11228
2.27999,1.11225
2.28149,1.11222
2.28299,1.11219
2.28449,1.11216
2.28599,1.11213
2.28749,1.1121
2.28899,1.11207
2.29049,1.11204
2.29199,1.11201
2.29349,1.11198
2.29499,1.11195
2.29649,1.11193
2.29799,1.1119
2.29949,1.11187
2.30099,1.11184
2.30249,1.11182
2.30399,1.11179
2.30549,1.11176
2.30699,1.11173
2.30849,1.11171
2.30999,1.11168
2.31149,1.11165
2.31299,1.11163
2.31449,1.1116
2.31599,1.11157
2.31749,1.11155
2.31899,1.11152
2.32049,1.1115
2.32199,1.11147
2.32349,1.11145
2.32499,1.11142
2.32649,1.1114
2.32799,1.11137
2.32949,1.11135
2.33099,1.11132
2.33249,1.1113
2.33399,1.11127
2.33549,1.11125
2.33699,1.11123
2.33849,1.1112
2.33999,1.11118
2.34149,1.11115
2.34299,1.11113
2.34449,1.11111
2.34599,1.11108
2.34749,1.11106
2.34899,1.11104
2.35049,1.11101
2.35199,1.11099
2.35349,1.11097
2.35499,1.11095
2.35649,1.11092
2.35799,1.1109
2.35949,1.11088
2.36099,1.11086
2.36249,1.11084
2.36399,1.11082
2.36549,1.11079
2.36699,1.11077
2.36849,1.11075
2.36999,1.11073
2.37148,1.11071
2.37298,1.11069
2.37448,1.11067
2.37598,1.11065
2.37748,1.11063
2.37898,1.11061
2.38048,1.11059
2.38198,1.11057
2.38348,1.11055
2.38498,1.11053
2.38648,1.11051
2.38798,1.11049
2.38948,1.11047
2.39098,1.11045
2.39248,1.11043
2.39398,1.11041
2.39548,1.11039
2.39698,1.11037
2.39848,1.11035
2.39998,1.11033
2.40148,1.11032
2.40298,1.1103
2.40448,1.11028
2.40598,1.11026
2.40748,1.11024
2.40898,1.11022
2.41048,1.1102
2.41198,1.11019
2.41348,1.11017
2.41498,1.11015
2.41648,1.11013
2.41798,1.11012
2.41948,1.1101
2.42098,1.11008
2.42248,1.11006
2.42398,1.11005
2.42548,1.11003
2.42698,1.11001
2.42848,1.10999
2.42998,1.10998
2.43148,1.10996
2.43298,1.10994
2.43448,1.10993
2.43598,1.10991
2.43748,1.10989
2.43898,1.10988
2.44048,1.10986
2.44198,1.10984
2.44348,1.10983
2.44498,1.10981
2.44648,1.10979
2.44798,1.10978
2.44948,1.10976
2.45098,1.10975
2.45248,1.10973
2.45398,1.10972
2.45548,1.1097
2.45698,1.10968
2.45848,1.10967
2.45998,1.10965
2.46148,1.10964
2.46298,1.10962
2.46448,1.10961
2.46598,1.10959
2.46748,1.10958
2.46898,1.10956
2.47048,1.10955
2.47198,1.10953
2.47348,1.10952
2.47498,1.1095
2.47648,1.10949
2.47798,1.10947
2.47948,1.10946
2.48098,1.10944
2.48248,1.10943
2.48398,1.10941
2.48548,1.1094
2.48698,1.10939
2.48848,1.10937
2.48998,1.10936
2.49148,1.10935
2.49298,1.10933
2.49448,1.10932
2.49598,1.1093
2.49748,1.10929
2.49898,1.10928
2.50048,1.10926
2.50198,1.10925
2.50348,1.10924
2.50498,1.10923
2.50648,1.10921
2.50798,1.1092
2.50947,1.10919
2.51097,1.10918
2.51247,1.10916
2.51397,1.10915
2.51547,1.10914
2.51697,1.10912
2.51847,1.10911
2.51997,1.1091
2.52147,1.10909
2.52297,1.10907
2.52447,1.10906
2.52597,1.10905
2.52747,1.10904
2.52897,1.10903
2.53047,1.10902
2.53197,1.109
2.53347,1.10899
2.53497,1.10898
2.53647,1.10897
2.53797,1.10896
2.53947,1.10895
2.54097,1.10894
2.54247,1.10892
2.54397,1.10891
2.54547,1.1089
2.54697,1.10889
2.54847,1.10888
2.54997,1.10887
2.55147,1.10886
2.55297,1.10885
2.55447,1.10884
2.55597,1.10883
2.55747,1.10882
2.55897,1.10881
2.56047,1.1088
2.56197,1.10879
2.56347,1.10878
2.56497,1.10877
2.56647,1.10876
2.56797,1.10875
2.56947,1.10874
2.57097,1.10873
2.57247,1.10872
2.57397,1.10871
2.57547,1.1087
2.57697,1.10869
2.57847,1.10868
2.57997,1.10867
2.58147,1.10866
2.58297,1.10865
2.58447,1.10864
2.58597,1.10863
2.58747,1.10862
2.58897,1.10861
2.59047,1.10861
2.59197,1.10859
2.59347,1.10859
2.59497,1.10858
2.59647,1.10857
2.59797,1.10856
2.59947,1.10855
2.60097,1.10854
2.60247,1.10854
2.60397,1.10853
2.60547,1.10852
2.60697,1.10851
2.60847,1.1085
2.60997,1.1085
2.61147,1.10849
2.61297,1.10848
2.61447,1.10847
2.61597,1.10847
2.61747,1.10846
2.61897,1.10845
2.62047,1.10845
2.62197,1.10844
2.62347,1.10843
2.62497,1.10843
2.62647,1.10842
2.62797,1.10842
2.62947,1.10841
2.63097,1.1084
2.63247,1.1084
2.63397,1.10839
2.63547,1.10838
2.63697,1.10838
2.63847,1.10837
2.63997,1.10837
2.64147,1.10836
2.64297,1.10836
2.64447,1.10835
2.64597,1.10835
2.64746,1.10834
2.64896,1.10834
2.65046,1.10833
2.65196,1.10833
2.65346,1.10832
2.65496,1.10832
2.65646,1.10831
2.65796,1.10831
2.65946,1.10831
2.66096,1.1083
2.66246,1.1083
2.66396,1.10829
2.66546,1.10829
2.66696,1.10829
2.66846,1.10828
2.66996,1.10828
2.67146,1.10828
2.67296,1.10827
2.67446,1.10827
2.67596,1.10827
2.67746,1.10826
2.67896,1.10826
2.68046,1.10826
2.68196,1.10826
2.68346,1.10825
2.68496,1.10825
2.68646,1.10825
2.68796,1.10825
2.68946,1.10824
2.69096,1.10824
2.69246,1.10824
2.69396,1.10823
2.69546,1.10823
2.69696,1.10823
2.69846,1.10823
2.69996,1.10823
2.70146,1.10823
2.70296,1.10822
2.70446,1.10822
2.70596,1.10822
2.70746,1.10822
2.70896,1.10822
2.71046,1.10822
2.71196,1.10822
2.71346,1.10821
2.71496,1.10821
2.71646,1.10821
2.71796,1.10821
2.71946,1.10821
2.72096,1.10821
2.72246,1.10821
2.72396,1.10821
2.72546,1.10821
2.72696,1.1082
2.72846,1.1082
2.72996,1.1082
2.73146,1.1082
2.73296,1.1082
2.73446,1.1082
2.73596,1.1082
2.73746,1.1082
2.73896,1.1082
2.74046,1.1082
2.74196,1.1082
2.74346,1.1082
2.74496,1.1082
2.74646,1.1082
2.74796,1.1082
2.74946,1.1082
2.75096,1.1082
2.75246,1.1082
2.75396,1.1082
2.75546,1.1082
2.75696,1.1082
2.75846,1.1082
2.75996,1.1082
2.76146,1.1082
2.76296,1.10821
2.76446,1.1082
2.76596,1.10821
2.76746,1.10821
2.76896,1.10821
2.77046,1.10821
2.77196,1.10821
2.77346,1.10821
2.77496,1.10821
2.77646,1.10821
2.77796,1.10821
2.77946,1.10822
2.78096,1.10822
2.78246,1.10822
2.78396,1.10822
2.78545,1.10822
2.78695,1.10822
2.78845,1.10822
2.78995,1.10822
2.79145,1.10823
2.79295,1.10823
2.79445,1.10823
2.79595,1.10823
2.79745,1.10823
2.79895,1.10824
2.80045,1.10824
2.80195,1.10824
2.80345,1.10824
2.80495,1.10824
2.80645,1.10825
2.80795,1.10825
2.80945,1.10825
2.81095,1.10825
2.81245,1.10826
2.81395,1.10826
2.81545,1.10826
2.81695,1.10826
2.81845,1.10826
2.81995,1.10827
2.82145,1.10827
2.82295,1.10827
2.82445,1.10828
2.82595,1.10828
2.82745,1.10828
2.82895,1.10828
2.83045,1.10829
2.83195,1.10829
2.83345,1.10829
2.83495,1.1083
2.83645,1.1083
2.83795,1.1083
2.83945,1.10831
2.84095,1.10831
2.84245,1.10831
2.84395,1.10832
2.84545,1.10832
2.84695,1.10832
2.84845,1.10833
2.84995,1.10833
2.85145,1.10833
2.85295,1.10834
2.85445,1.10834
2.85595,1.10835
2.85745,1.10835
2.85895,1.10836
2.86045,1.10836
2.86195,1.10836
2.86345,1.10837
2.86495,1.10837
2.86645,1.10838
2.86795,1.10838
2.86945,1.10839
2.87095,1.1084
2.87245,1.1084
2.87395,1.10841
2.87545,1.10841
2.87695,1.10842
2.87845,1.10842
2.87995,1.10843
2.88145,1.10844
2.88295,1.10844
2.88445,1.10845
2.88595,1.10846
2.88745,1.10846
2.88895,1.10847
2.89045,1.10848
2.89195,1.10848
2.89345,1.10849
2.89495,1.1085
2.89645,1.10851
2.89795,1.10852
2.89945,1.10852
2.90095,1.10853
2.90245,1.10854
2.90395,1.10855
2.90545,1.10856
2.90695,1.10857
2.90845,1.10858
2.90995,1.10859
2.91145,1.1086
2.91295,1.10861
2.91445,1.10862
2.91595,1.10863
2.91745,1.10863
2.91895,1.10865
2.92045,1.10866
2.92195,1.10867
2.92344,1.10868
2.92494,1.10869
2.92644,1.1087
2.92794,1.10871
2.92944,1.10872
2.93094,1.10873
2.93244,1.10874
2.93394,1.10876
2.93544,1.10877
2.93694,1.10878
2.93844,1.10879
2.93994,1.1088
2.94144,1.10882
2.94294,1.10883
2.94444,1.10884
2.94594,1.10886
2.94744,1.10887
2.94894,1.10888
2.95044,1.10889
2.95194,1.10891
2.95344,1.10892
2.95494,1.10893
2.95644,1.10895
2.95794,1.10896
2.95944,1.10897
2.96094,1.10898
2.96244,1.109
2.96394,1.10901
2.96544,1.10903
2.96694,1.10904
2.96844,1.10905
2.96994,1.10907
2.97144,1.10908
2.97294,1.1091
2.97444,1.10911
2.97594,1.10913
2.97744,1.10914
2.97894,1.10915
2.98044,1.10917
2.98194,1.10918
2.98344,1.1092
2.98494,1.10921
2.98644,1.10922
2.98794,1.10924
2.98944,1.10926
2.99094,1.10927
2.99244,1.10928
2.99394,1.1093
2.99544,1.10931
2.99694,1.10933
2.99844,1.10934
2.99994,1.10936
3.00144,1.10937
3.00294,1.10939
3.00444,1.1094
3.00594,1.10942
3.00744,1.10944
3.00894,1.10945
3.01044,1.10947
3.01194,1.10948
3.01344,1.1095
3.01494,1.10951
3.01644,1.10953
3.01794,1.10954
3.01944,1.10956
3.02094,1.10957
3.02244,1.10959
3.02394,1.10961
3.02544,1.10962
3.02694,1.10964
3.02844,1.10965
3.02994,1.10967
3.03144,1.10968
3.03294,1.1097
3.03444,1.10972
3.03594,1.10973
3.03744,1.10975
3.03894,1.10976
3.04044,1.10978
3.04194,1.1098
3.04344,1.10981
3.04494,1.10983
3.04644,1.10985
3.04794,1.10986
3.04944,1.10988
3.05094,1.1099
3.05244,1.10991
3.05394,1.10993
3.05544,1.10994
3.05694,1.10996
3.05844,1.10998
3.05994,1.10999
3.06143,1.11001
3.06293,1.11003
3.06443,1.11004
3.06593,1.11006
3.06743,1.11008
3.06893,1.11009
3.07043,1.11011
3.07193,1.11013
3.07343,1.11015
3.07493,1.11016
3.07643,1.11018
3.07793,1.1102
3.07943,1.11021
3.08093,1.11023
3.08243,1.11025
3.08393,1.11027
3.08543,1.11028
3.08693,1.1103
3.08843,1.11032
3.08993,1.11034
3.09143,1.11035
3.09293,1.11037
3.09443,1.11039
3.09593,1.11041
3.09743,1.11042
3.09893,1.11044
3.10043,1.11046
3.10193,1.11048
3.10343,1.1105
3.10493,1.11051
3.10643,1.11053
3.10793,1.11055
3.10943,1.11057
3.11093,1.11059
3.11243,1.11061
3.11393,1.11062
3.11543,1.11064
3.11693,1.11066
3.11843,1.11068
3.11993,1.1107
3.12143,1.11072
3.12293,1.11074
3.12443,1.11075
3.12593,1.11077
3.12743,1.11079
3.12893,1.11081
3.13043,1.11083
3.13193,1.11085
3.13343,1.11087
3.13493,1.11089
3.13643,1.1109
3.13793,1.11092
3.13943,1.11094
3.14093,1.11096
3.14243,1.11098
3.14393,1.111
3.14543,1.11102
3.14693,1.11104
3.14843,1.11106
3.14993,1.11108
3.15143,1.1111
3.15293,1.11112
3.15443,1.11114
3.15593,1.11116
3.15743,1.11118
3.15893,1.1112
3.16043,1.11122
3.16193,1.11123
3.16343,1.11125
3.16493,1.11128
3.16643,1.1113
3.16793,1.11132
3.16943,1.11133
3.17093,1.11136
3.17243,1.11138
3.17393,1.1114
3.17543,1.11142
3.17693,1.11144
3.17843,1.11146
3.17993,1.11148
3.18143,1.1115
3.18293,1.11152
3.18443,1.11154
3.18593,1.11156
3.18743,1.11158
3.18893,1.1116
3.19043,1.11162
3.19193,1.11164
3.19343,1.11166
3.19493,1.11168
3.19643,1.1117
3.19793,1.11172
3.19942,1.11174
3.20092,1.11176
3.20242,1.11178
3.20392,1.1118
3.20542,1.11182
3.20692,1.11184
3.20842,1.11187
3.20992,1.11188
3.21142,1.11191
3.21292,1.11193
3.21442,1.11195
3.21592,1.11197
3.21742,1.11199
3.21892,1.11201
3.22042,1.11203
3.22192,1.11205
3.22342,1.11207
3.22492,1.11209
3.22642,1.11211
3.22792,1.11213
3.22942,1.11215
3.23092,1.11217
3.23242,1.11219
3.23392,1.11221
3.23542,1.11223
3.23692,1.11225
3.23842,1.11227
3.23992,1.11229
3.24142,1.11231
3.24292,1.11233
3.24442,1.11235
3.24592,1.11237
3.24742,1.11239
3.24892,1.11241
3.25042,1.11242
3.25192,1.11244
3.25342,1.11246
3.25492,1.11248
3.25642,1.1125
3.25792,1.11252
3.25942,1.11254
3.26092,1.11256
3.26242,1.11258
3.26392,1.1126
3.26542,1.11262
3.26692,1.11264
3.26842,1.11265
3.26992,1.11267
3.27142,1.11269
3.27292,1.11271
3.27442,1.11273
3.27592,1.11275
3.27742,1.11277
3.27892,1.11279
3.28042,1.11281
3.28192,1.11282
3.28342,1.11284
3.28492,1.11286
3.28642,1.11288
3.28792,1.1129
3.28942,1.11291
3.29092,1.11293
3.29242,1.11295
3.29392,1.11297
3.29542,1.11299
3.29692,1.113
3.29842,1.11302
3.29992,1.11304
3.30142,1.11306
3.30292,1.11307
3.30442,1.11309
3.30592,1.11311
3.30742,1.11313
3.30892,1.11314
3.31042,1.11316
3.31192,1.11318
3.31342,1.11319
3.31492,1.11321
3.31642,1.11323
3.31792,1.11325
3.31942,1.11326
3.32092,1.11328
3.32242,1.1133
3.32392,1.11331
3.32542,1.11333
3.32692,1.11335
3.32842,1.11336
3.32992,1.11338
3.33142,1.11339
3.33292,1.11341
3.33442,1.11343
3.33592,1.11344
3.33741,1.11346
3.33891,1.11347
3.34041,1.11349
3.34191,1.11351
3.34341,1.11352
3.34491,1.11354
3.34641,1.11355
3.34791,1.11357
3.34941,1.11358
3.35091,1.1136
3.35241,1.11361
3.35391,1.11363
3.35541,1.11365
3.35691,1.11366
3.35841,1.11368
3.35991,1.11369
3.36141,1.11371
3.36291,1.11372
3.36441,1.11374
3.36591,1.11375
3.36741,1.11377
3.36891,1.11378
3.37041,1.1138
3.37191,1.11381
3.37341,1.11383
3.37491,1.11384
3.37641,1.11386
3.37791,1.11387
3.37941,1.11389
3.38091,1.1139
3.38241,1.11392
3.38391,1.11393
3.38541,1.11395
3.38691,1.11396
3.38841,1.11398
3.38991,1.11399
3.39141,1.11401
3.39291,1.11402
3.39441,1.11404
3.39591,1.11405
3.39741,1.11406
3.39891,1.11408
3.40041,1.1141
3.40191,1.11411
3.40341,1.11412
3.40491,1.11414
3.40641,1.11415
3.40791,1.11417
3.40941,1.11418
3.41091,1.1142
3.41241,1.11421
3.41391,1.11423
3.41541,1.11424
3.41691,1.11426
3.41841,1.11427
3.41991,1.11429
3.42141,1.1143
3.42291,1.11432
3.42441,1.11433
3.42591,1.11435
3.42741,1.11436
3.42891,1.11438
3.43041,1.11439
3.43191,1.11441
3.43341,1.11442
3.43491,1.11444
3.43641,1.11445
3.43791,1.11447
3.43941,1.11448
3.44091,1.1145
3.44241,1.11451
3.44391,1.11453
3.44541,1.11454
3.44691,1.11456
3.44841,1.11457
3.44991,1.11459
3.45141,1.1146
3.45291,1.11462
3.45441,1.11463
3.45591,1.11465
3.45741,1.11466
3.45891,1.11468
3.46041,1.11469
3.46191,1.11471
3.46341,1.11472
3.46491,1.11474
3.46641,1.11475
3.46791,1.11477
3.46941,1.11478
3.47091,1.1148
3.47241,1.11481
3.47391,1.11483
3.4754,1.11484
3.4769,1.11486
3.4784,1.11487
3.4799,1.11489
3.4814,1.1149
3.4829,1.11492
3.4844,1.11493
3.4859,1.11494
3.4874,1.11496
3.4889,1.11498
3.4904,1.11499
3.4919,1.115
3.4934,1.11502
3.4949,1.11503
3.4964,1.11505
3.4979,1.11506
3.4994,1.11508
3.5009,1.11509
3.5024,1.1151
3.5039,1.11512
3.5054,1.11513
3.5069,1.11514
3.5084,1.11516
3.5099,1.11517
3.5114,1.11519
3.5129,1.1152
3.5144,1.11521
3.5159,1.11523
3.5174,1.11524
3.5189,1.11525
3.5204,1.11526
3.5219,1.11528
3.5234,1.11529
3.5249,1.1153
3.5264,1.11531
3.5279,1.11533
3.5294,1.11534
3.5309,1.11535
3.5324,1.11536
3.5339,1.11537
3.5354,1.11538
3.5369,1.1154
3.5384,1.11541
3.5399,1.11542
3.5414,1.11543
3.5429,1.11544
3.5444,1.11545
3.5459,1.11546
3.5474,1.11547
3.5489,1.11548
3.5504,1.11549
3.5519,1.1155
3.5534,1.1155
3.5549,1.11551
3.5564,1.11552
3.5579,1.11553
3.5594,1.11554
3.5609,1.11555
3.5624,1.11555
3.5639,1.11556
3.5654,1.11557
3.5669,1.11558
3.5684,1.11558
3.5699,1.11559
3.5714,1.11559
3.5729,1.1156
3.5744,1.1156
3.5759,1.11561
3.5774,1.11561
3.5789,1.11562
3.5804,1.11562
3.5819,1.11563
3.5834,1.11563
3.5849,1.11563
3.5864,1.11564
3.5879,1.11564
3.5894,1.11564
3.5909,1.11565
3.5924,1.11565
3.5939,1.11565
3.5954,1.11565
3.5969,1.11565
3.5984,1.11565
3.5999,1.11565
3.6014,1.11565
3.6029,1.11565
3.6044,1.11565
3.6059,1.11565
3.6074,1.11565
3.6089,1.11565
3.6104,1.11565
3.6119,1.11565
3.61339,1.11564
3.61489,1.11564
3.61639,1.11564
3.61789,1.11563
3.61939,1.11563
3.62089,1.11563
3.62239,1.11562
3.62389,1.11562
3.62539,1.11562
3.62689,1.11561
3.62839,1.11561
3.62989,1.1156
3.63139,1.1156
3.63289,1.11559
3.63439,1.11559
3.63589,1.11558
3.63739,1.11557
3.63889,1.11557
3.64039,1.11556
3.64189,1.11555
3.64339,1.11555
3.64489,1.11554
3.64639,1.11553
3.64789,1.11553
3.64939,1.11552
3.65089,1.11551
3.65239,1.1155
3.65389,1.11549
3.65539,1.11549
3.65689,1.11548
3.65839,1.11547
3.65989,1.11546
3.66139,1.11545
3.66289,1.11544
3.66439,1.11543
3.66589,1.11542
3.66739,1.11541
3.66889,1.1154
3.67039,1.11539
3.67189,1.11538
3.67339,1.11537
3.67489,1.11536
3.67639,1.11535
3.67789,1.11534
3.67939,1.11533
3.68089,1.11532
3.68239,1.11531
3.68389,1.1153
3.68539,1.11529
3.68689,1.11528
3.68839,1.11526
3.68989,1.11525
3.69139,1.11524
3.69289,1.11523
3.69439,1.11522
3.69589,1.11521
3.69739,1.11519
3.69889,1.11518
3.70039,1.11517
3.70189,1.11516
3.70339,1.11514
3.70489,1.11513
3.70639,1.11512
3.70789,1.11511
3.70939,1.11509
3.71089,1.11508
3.71239,1.11507
3.71389,1.11506
3.71539,1.11504
3.71689,1.11503
3.71839,1.11502
3.71989,1.11501
3.72139,1.11499
3.72289,1.11498
3.72439,1.11497
3.72589,1.11495
3.72739,1.11494
3.72889,1.11493
3.73039,1.11492
3.73189,1.1149
3.73339,1.11489
3.73489,1.11487
3.73639,1.11486
3.73789,1.11485
3.73939,1.11483
3.74089,1.11482
3.74239,1.11481
3.74389,1.11479
3.74539,1.11478
3.74689,1.11476
3.74839,1.11475
3.74989,1.11474
3.75138,1.11472
3.75288,1.11471
3.75438,1.11469
3.75588,1.11468
3.75738,1.11467
3.75888,1.11465
3.76038,1.11464
3.76188,1.11462
3.76338,1.11461
3.76488,1.11459
3.76638,1.11458
3.76788,1.11456
3.76938,1.11455
3.77088,1.11453
3.77238,1.11452
3.77388,1.1145
3.77538,1.11448
3.77688,1.11447
3.77838,1.11445
3.77988,1.11444
3.78138,1.11442
3.78288,1.1144
3.78438,1.11439
3.78588,1.11437
3.78738,1.11435
3.78888,1.11434
3.79038,1.11432
3.79188,1.1143
3.79338,1.11429
3.79488,1.11427
3.79638,1.11425
3.79788,1.11423
3.79938,1.11422
3.80088,1.1142
3.80238,1.11418
3.80388,1.11416
3.80538,1.11415
3.80688,1.11413
3.80838,1.11411
3.80988,1.11409
3.81138,1.11407
3.81288,1.11405
3.81438,1.11403
3.81588,1.11401
3.81738,1.11399
3.81888,1.11397
3.82038,1.11396
3.82188,1.11394
3.82338,1.11392
3.82488,1.11389
3.82638,1.11388
3.82788,1.11386
3.82938,1.11383
3.83088,1.11381
3.83238,1.11379
3.83388,1.11377
3.83538,1.11375
3.83688,1.11373
3.83838,1.11371
3.83988,1.11368
3.84138,1.11366
3.84288,1.11364
3.84438,1.11362
3.84588,1.1136
3.84738,1.11357
3.84888,1.11355
3.85038,1.11353
3.85188,1.1135
3.85338,1.11348
3.85488,1.11346
3.85638,1.11343
3.85788,1.11341
3.85938,1.11339
3.86088,1.11336
3.86238,1.11334
3.86388,1.11331
3.86538,1.11329
3.86688,1.11326
3.86838,1.11324
3.86988,1.11321
3.87138,1.11318
3.87288,1.11316
3.87438,1.11313
3.87588,1.11311
3.87738,1.11308
3.87888,1.11305
3.88038,1.11303
3.88188,1.113
3.88338,1.11297
3.88488,1.11294
3.88638,1.11292
3.88788,1.11289
3.88937,1.11286
3.89087,1.11283
3.89237,1.1128
3.89387,1.11278
3.89537,1.11275
3.89687,1.11272
3.89837,1.11269
3.89987,1.11266
3.90137,1.11263
3.90287,1.1126
3.90437,1.11257
3.90587,1.11254
3.90737,1.11251
3.90887,1.11248
3.91037,1.11245
3.91187,1.11242
3.91337,1.11238
3.91487,1.11235
3.91637,1.11232
3.91787,1.11229
3.91937,1.11226
3.92087,1.11223
3.92237,1.11219
3.92387,1.11216
3.92537,1.11213
3.92687,1.11209
3.92837,1.11206
3.92987,1.11203
3.93137,1.11199
3.93287,1.11196
3.93437,1.11193
3.93587,1.11189
3.93737,1.11186
3.93887,1.11182
3.94037,1.11179
3.94187,1.11175
3.94337,1.11172
3.94487,1.11168
3.94637,1.11165
3.94787,1.11161
3.94937,1.11158
3.95087,1.11154
3.95237,1.1115
3.95387,1.11147
3.95537,1.11143
3.95687,1.1114
3.95837,1.11136
3.95987,1.11132
3.96137,1.11128
3.96287,1.11125
3.96437,1.11121
3.96587,1.11117
3.96737,1.11113
3.96887,1.11109
3.97037,1.11106
3.97187,1.11102
3.97337,1.11098
3.97487,1.11094
3.97637,1.1109
3.97787,1.11086
3.97937,1.11082
3.98087,1.11078
3.98237,1.11075
3.98387,1.11071
3.98537,1.11067
3.98687,1.11063
3.98837,1.11059
3.98987,1.11055
3.99137,1.11051
3.99287,1.11047
3.99437,1.11043
3.99587,1.11039
3.99737,1.11035
3.99887,1.11031
4.00037,1.11026
4.00187,1.11022
4.00337,1.11018
4.00487,1.11014
4.00637,1.1101
4.00787,1.11006
4.00937,1.11002
4.01087,1.10997
4.01237,1.10993
4.01387,1.10989
4.01537,1.10985
4.01687,1.10981
4.01837,1.10977
4.01987,1.10972
4.02137,1.10968
4.02287,1.10964
4.02437,1.10959
4.02587,1.10955
4.02737,1.10951
4.02887,1.10947
4.03037,1.10942
4.03187,1.10938
4.03337,1.10934
4.03487,1.1093
4.03637,1.10925
4.03787,1.10921
4.03937,1.10916
4.04087,1.10912
4.04237,1.10908
4.04387,1.10904
4.04537,1.10899
4.04687,1.10895
4.04837,1.10891
4.04987,1.10886
4.05137,1.10882
4.05287,1.10878
4.05437,1.10873
4.05587,1.10869
4.05737,1.10864
4.05887,1.1086
4.06037,1.10855
4.06187,1.10851
4.06337,1.10847
4.06487,1.10842
4.06637,1.10838
4.06787,1.10833
4.06937,1.10829
4.07087,1.10825
4.07237,1.1082
4.07387,1.10816
4.07537,1.10811
4.07687,1.10807
4.07837,1.10802
4.07987,1.10798
4.08137,1.10793
4.08287,1.10789
4.08437,1.10784
4.08587,1.1078
4.08737,1.10775
4.08887,1.10771
4.09037,1.10766
4.09188,1.10762
4.09338,1.10757
4.09488,1.10753
4.09638,1.10748
4.09788,1.10744
4.09938,1.10739
4.10088,1.10735
4.10238,1.1073
4.10388,1.10726
4.10538,1.10721
4.10688,1.10716
4.10838,1.10712
4.10988,1.10707
4.11138,1.10702
4.11288,1.10698
4.11438,1.10693
4.11588,1.10688
4.11738,1.10684
4.11888,1.10679
4.12038,1.10674
4.12188,1.1067
4.12338,1.10665
4.12488,1.1066
4.12638,1.10656
4.12788,1.10651
4.12938,1.10646
4.13088,1.10641
4.13238,1.10636
4.13388,1.10632
4.13538,1.10627
4.13688,1.10622
4.13838,1.10617
4.13988,1.10612
4.14138,1.10607
4.14288,1.10602
4.14438,1.10598
4.14588,1.10593
4.14738,1.10588
4.14888,1.10583
4.15038,1.10578
4.15188,1.10573
4.15338,1.10568
4.15488,1.10563
4.15638,1.10558
4.15788,1.10553
4.15938,1.10548
4.16088,1.10543
4.16238,1.10538
4.16388,1.10533
4.16538,1.10528
4.16688,1.10523
4.16838,1.10517
4.16988,1.10512
4.17138,1.10507
4.17288,1.10502
4.17438,1.10497
4.17588,1.10491
4.17738,1.10486
4.17888,1.10481
4.18038,1.10476
4.18188,1.1047
4.18338,1.10465
4.18488,1.1046
4.18638,1.10454
4.18788,1.10449
4.18938,1.10444
4.19088,1.10438
4.19238,1.10433
4.19388,1.10428
4.19538,1.10422
4.19688,1.10417
4.19838,1.10411
4.19988,1.10406
4.20138,1.104
4.20288,1.10395
4.20438,1.10389
4.20588,1.10384
4.20739,1.10378
4.20889,1.10373
4.21039,1.10367
4.21189,1.10362
4.21339,1.10356
4.21489,1.1035
4.21639,1.10345
4.21789,1.10339
4.21939,1.10333
4.22089,1.10328
4.22239,1.10322
4.22389,1.10317
4.22539,1.10311
4.22689,1.10305
4.22839,1.10299
4.22989,1.10294
4.23139,1.10288
4.23289,1.10282
4.23439,1.10276
4.23589,1.10271
4.23739,1.10265
4.23889,1.10259
4.24039,1.10253
4.24189,1.10248
4.24339,1.10242
4.24489,1.10236
4.24639,1.1023
4.24789,1.10224
4.24939,1.10218
4.25089,1.10212
4.25239,1.10207
4.25389,1.10201
4.25539,1.10195
4.25689,1.10189
4.25839,1.10183
4.25989,1.10177
4.26139,1.10171
4.26289,1.10165
4.26439,1.10159
4.26589,1.10153
4.26739,1.10147
4.26889,1.10141
4.27039,1.10135
4.27189,1.1013
4.27339,1.10124
4.27489,1.10118
4.27639,1.10111
4.27789,1.10105
4.27939,1.101
4.28089,1.10093
4.28239,1.10087
4.28389,1.10081
4.28539,1.10075
4.28689,1.10069
4.28839,1.10063
4.28989,1.10057
4.29139,1.10051
4.29289,1.10045
4.29439,1.10039
4.29589,1.10033
4.29739,1.10027
4.29889,1.10021
4.30039,1.10014
4.30189,1.10008
4.30339,1.10002
4.30489,1.09996
4.30639,1.0999
4.30789,1.09984
4.30939,1.09977
4.31089,1.09971
4.31239,1.09965
4.31389,1.09959
4.31539,1.09953
4.31689,1.09946
4.31839,1.0994
4.31989,1.09934
4.32139,1.09928
4.3229,1.09921
4.3244,1.09915
4.3259,1.09909
4.3274,1.09903
4.3289,1.09896
4.3304,1.0989
4.3319,1.09884
4.3334,1.09877
4.3349,1.09871
4.3364,1.09865
4.3379,1.09858
4.3394,1.09852
4.3409,1.09845
4.3424,1.09839
4.3439,1.09833
4.3454,1.09826
4.3469,1.0982
4.3484,1.09813
4.3499,1.09807
4.3514,1.098
4.3529,1.09794
4.3544,1.09787
4.3559,1.09781
4.3574,1.09774
4.3589,1.09768
4.3604,1.09761
4.3619,1.09755
4.3634,1.09748
4.3649,1.09742
4.3664,1.09735
4.3679,1.09728
4.3694,1.09722
4.3709,1.09715
4.3724,1.09709
4.3739,1.09702
4.3754,1.09695
4.3769,1.09689
4.3784,1.09682
4.3799,1.09675
4.3814,1.09669
4.3829,1.09662
4.3844,1.09655
4.3859,1.09649
4.3874,1.09642
4.3889,1.09635
4.3904,1.09629
4.3919,1.09622
4.3934,1.09615
4.3949,1.09608
4.3964,1.09602
4.3979,1.09595
4.3994,1.09588
4.4009,1.09581
4.4024,1.09574
4.4039,1.09568
4.4054,1.09561
4.4069,1.09554
4.4084,1.09547
4.4099,1.0954
4.4114,1.09534
4.4129,1.09527
4.4144,1.0952
4.4159,1.09513
4.4174,1.09506
4.4189,1.095
4.4204,1.09493
4.4219,1.09486
4.4234,1.09479
4.4249,1.09472
4.4264,1.09465
4.4279,1.09458
4.4294,1.09451
4.4309,1.09445
4.4324,1.09438
4.4339,1.09431
4.4354,1.09424
4.4369,1.09417
4.43841,1.0941
4.43991,1.09403
4.44141,1.09397
4.44291,1.0939
4.44441,1.09383
4.44591,1.09376
4.44741,1.09369
4.44891,1.09362
4.45041,1.09355
4.45191,1.09348
4.45341,1.09341
4.45491,1.09335
4.45641,1.09328
4.45791,1.09321
4.45941,1.09314
4.46091,1.09307
4.46241,1.093
4.46391,1.09293
4.46541,1.09286
4.46691,1.0928
4.46841,1.09273
4.46991,1.09266
4.47141,1.09259
4.47291,1.09252
4.47441,1.09245
4.47591,1.09239
4.47741,1.09232
4.47891,1.09225
4.48041,1.09218
4.48191,1.09211
4.48341,1.09205
4.48491,1.09198
4.48641,1.09191
4.48791,1.09184
4.48941,1.09177
4.49091,1.0917
4.49241,1.09164
4.49391,1.09157
4.49541,1.0915
4.49691,1.09143
4.49841,1.09137
4.49991,1.0913
4.50141,1.09123
4.50291,1.09116
4.50441,1.0911
4.50591,1.09103
4.50741,1.09096
4.50891,1.09089
4.51041,1.09083
4.51191,1.09076
4.51341,1.09069
4.51491,1.09062
4.51641,1.09056
4.51791,1.09049
4.51941,1.09042
4.52091,1.09036
4.52241,1.09029
4.52391,1.09022
4.52541,1.09016
4.52691,1.09009
4.52841,1.09002
4.52991,1.08996
4.53141,1.08989
4.53291,1.08982
4.53441,1.08976
4.53591,1.08969
4.53741,1.08962
4.53891,1.08956
4.54041,1.08949
4.54191,1.08942
4.54341,1.08936
4.54491,1.08929
4.54641,1.08923
4.54791,1.08916
4.54941,1.08909
4.55091,1.08903
4.55241,1.08896
4.55392,1.0889
4.55542,1.08883
4.55692,1.08876
4.55842,1.0887
4.55992,1.08863
4.56142,1.08857
4.56292,1.0885
4.56442,1.08844
4.56592,1.08837
4.56742,1.08831
4.56892,1.08824
4.57042,1.08818
4.57192,1.08811
4.57342,1.08805
4.57492,1.08798
4.57642,1.08792
4.57792,1.08785
4.57942,1.08779
4.58092,1.08772
4.58242,1.08766
4.58392,1.08759
4.58542,1.08753
4.58692,1.08747
4.58842,1.0874
4.58992,1.08734
4.59142,1.08727
4.59292,1.08721
4.59442,1.08714
4.59592,1.08708
4.59742,1.08702
4.59892,1.08695
4.60042,1.08689
4.60192,1.08683
4.60342,1.08676
4.60492,1.0867
4.60642,1.08663
4.60792,1.08657
4.60942,1.08651
4.61092,1.08645
4.61242,1.08638
4.61392,1.08632
4.61542,1.08626
4.61692,1.08619
4.61842,1.08613
4.61992,1.08607
4.62142,1.08601
4.62292,1.08594
4.62442,1.08588
4.62592,1.08582
4.62742,1.08576
4.62892,1.08569
4.63042,1.08563
4.63192,1.08557
4.63342,1.08551
4.63492,1.08545
4.63642,1.08538
4.63792,1.08532
4.63942,1.08526
4.64092,1.0852
4.64242,1.08514
4.64392,1.08508
4.64542,1.08501
4.64692,1.08495
4.64842,1.08489
4.64992,1.08483
4.65142,1.08477
4.65292,1.08471
4.65442,1.08465
4.65592,1.08459
4.65742,1.08452
4.65892,1.08446
4.66042,1.0844
4.66192,1.08434
4.66342,1.08428
4.66492,1.08422
4.66642,1.08416
4.66792,1.0841
4.66943,1.08404
4.67093,1.08398
4.67243,1.08392
4.67393,1.08386
4.67543,1.0838
4.67693,1.08374
4.67843,1.08368
4.67993,1.08362
4.68143,1.08356
4.68293,1.0835
4.68443,1.08344
4.68593,1.08338
4.68743,1.08332
4.68893,1.08326
4.69043,1.0832
4.69193,1.08314
4.69343,1.08308
4.69493,1.08303
4.69643,1.08297
4.69793,1.08291
4.69943,1.08285
4.70093,1.08279
4.70243,1.08273
4.70393,1.08268
4.70543,1.08262
4.70693,1.08256
4.70843,1.0825
4.70993,1.08244
4.71143,1.08239
4.71293,1.08233
4.71443,1.08227
4.71593,1.08221
4.71743,1.08216
4.71893,1.0821
4.72043,1.08204
4.72193,1.08199
4.72343,1.08193
4.72493,1.08187
4.72643,1.08182
4.72793,1.08176
4.72943,1.08171
4.73093,1.08165
4.73243,1.08159
4.73393,1.08154
4.73543,1.08148
4.73693,1.08143
4.73843,1.08137
4.73993,1.08132
4.74143,1.08126
4.74293,1.08121
4.74443,1.08115
4.74593,1.0811
4.74743,1.08105
4.74893,1.08099
4.75043,1.08094
4.75193,1.08089
4.75343,1.08083
4.75493,1.08078
4.75643,1.08073
4.75793,1.08067
4.75943,1.08062
4.76093,1.08057
4.76243,1.08052
4.76393,1.08047
4.76543,1.08041
4.76693,1.08036
4.76843,1.08031
4.76993,1.08026
4.77143,1.08021
4.77293,1.08016
4.77443,1.08011
4.77593,1.08006
4.77743,1.08001
4.77893,1.07995
4.78043,1.07991
4.78193,1.07985
4.78343,1.07981
4.78493,1.07976
4.78644,1.07971
4.78794,1.07966
4.78944,1.07961
4.79094,1.07956
4.79244,1.07951
4.79394,1.07946
4.79544,1.07941
4.79694,1.07936
4.79844,1.07932
4.79994,1.07927
4.80144,1.07922
4.80294,1.07917
4.80444,1.07913
4.80594,1.07908
4.80744,1.07903
4.80894,1.07898
4.81044,1.07894
4.81194,1.07889
4.81344,1.07884
4.81494,1.0788
4.81644,1.07875
4.81794,1.0787
4.81944,1.07866
4.82094,1.07861
4.82244,1.07857
4.82394,1.07852
4.82544,1.07848
4.82694,1.07843
4.82844,1.07838
4.82994,1.07834
4.83144,1.07829
4.83294,1.07825
4.83444,1.0782
4.83594,1.07816
4.83744,1.07812
4.83894,1.07807
4.84044,1.07803
4.84194,1.07798
4.84344,1.07794
4.84494,1.07789
4.84644,1.07785
4.84794,1.07781
4.84944,1.07776
4.85094,1.07772
4.85244,1.07768
4.85394,1.07763
4.85544,1.07759
4.85694,1.07755
4.85844,1.0775
4.85994,1.07746
4.86144,1.07742
4.86294,1.07737
4.86444,1.07733
4.86594,1.07729
4.86744,1.07725
4.86894,1.0772
4.87044,1.07716
4.87194,1.07712
4.87344,1.07708
4.87494,1.07703
4.87644,1.07699
4.87794,1.07695
4.87944,1.07691
4.88094,1.07687
4.88244,1.07682
4.88394,1.07678
4.88544,1.07674
4.88694,1.0767
4.88844,1.07666
4.88994,1.07662
4.89144,1.07658
4.89294,1.07653
4.89444,1.07649
4.89594,1.07645
4.89744,1.07641
4.89894,1.07637
4.90044,1.07633
4.90195,1.07629
4.90345,1.07625
4.90495,1.0762
4.90645,1.07616
4.90795,1.07612
4.90945,1.07608
4.91095,1.07604
4.91245,1.076
4.91395,1.07596
4.91545,1.07592
4.91695,1.07588
4.91845,1.07583
4.91995,1.07579
4.92145,1.07575
4.92295,1.07571
4.92445,1.07567
4.92595,1.07563
4.92745,1.07559
4.92895,1.07555
4.93045,1.07551
4.93195,1.07547
4.93345,1.07543
4.93495,1.07539
4.93645,1.07534
4.93795,1.0753
4.93945,1.07526
4.94095,1.07522
4.94245,1.07518
4.94395,1.07514
4.94545,1.0751
4.94695,1.07506
4.94845,1.07502
4.94995,1.07498
4.95145,1.07494
4.95295,1.0749
4.95445,1.07486
4.95595,1.07482
4.95745,1.07478
4.95895,1.07474
4.96045,1.0747
4.96195,1.07466
4.96345,1.07461
4.96495,1.07457
4.96645,1.07453
4.96795,1.07449
4.96945,1.07445
4.97095,1.07441
4.97245,1.07437
4.97395,1.07433
4.97545,1.07429
4.97695,1.07425
4.97845,1.07421
4.97995,1.07417
4.98145,1.07413
4.98295,1.07409
4.98445,1.07405
4.98595,1.07401
4.98745,1.07397
4.98895,1.07393
4.99045,1.07389
4.99195,1.07385
4.99345,1.07381
4.99495,1.07377
4.99645,1.07373
4.99795,1.0737
4.99945,1.07366
5.00095,1.07362
5.00245,1.07358
5.00395,1.07354
5.00545,1.0735
5.00695,1.07346
5.00845,1.07342
5.00995,1.07338
5.01145,1.07335
5.01295,1.07331
5.01445,1.07327
5.01595,1.07323
5.01746,1.07319
5.01896,1.07315
5.02046,1.07312
5.02196,1.07308
5.02346,1.07304
5.02496,1.073
5.02646,1.07297
5.02796,1.07293
5.02946,1.07289
5.03096,1.07286
5.03246,1.07282
5.03396,1.07278
5.03546,1.07275
5.03696,1.07271
5.03846,1.07267
5.03996,1.07264
5.04146,1.0726
5.04296,1.07257
5.04446,1.07253
5.04596,1.07249
5.04746,1.07246
5.04896,1.07242
5.05046,1.07239
5.05196,1.07235
5.05346,1.07232
5.05496,1.07229
5.05646,1.07225
5.05796,1.07222
5.05946,1.07218
5.06096,1.07215
5.06246,1.07212
5.06396,1.07208
5.06546,1.07205
5.06696,1.07202
5.06846,1.07199
5.06996,1.07195
5.07146,1.07192
5.07296,1.07189
5.07446,1.07186
5.07596,1.07183
5.07746,1.07179
5.07896,1.07176
5.08046,1.07173
5.08196,1.0717
5.08346,1.07167
5.08496,1.07164
5.08646,1.07161
5.08796,1.07158
5.08946,1.07155
5.09096,1.07152
5.09246,1.07149
5.09396,1.07146
5.09546,1.07143
5.09696,1.0714
5.09846,1.07138
5.09996,1.07135
5.10146,1.07132
5.10296,1.07129
5.10446,1.07127
5.10596,1.07124
5.10746,1.07121
5.10896,1.07118
5.11046,1.07116
5.11196,1.07113
5.11346,1.0711
5.11496,1.07108
5.11646,1.07105
5.11796,1.07103
5.11946,1.071
5.12096,1.07098
5.12246,1.07095
5.12396,1.07093
5.12546,1.0709
5.12696,1.07088
5.12846,1.07085
5.12996,1.07083
5.13146,1.07081
5.13297,1.07078
5.13447,1.07076
5.13597,1.07074
5.13747,1.07071
5.13897,1.07069
5.14047,1.07067
5.14197,1.07065
5.14347,1.07062
5.14497,1.0706
5.14647,1.07058
5.14797,1.07056
5.14947,1.07054
5.15097,1.07052
5.15247,1.0705
5.15397,1.07047
5.15547,1.07045
5.15697,1.07043
5.15847,1.07041
5.15997,1.0704
5.16147,1.07037
5.16297,1.07036
5.16447,1.07034
5.16597,1.07032
5.16747,1.0703
5.16897,1.07028
5.17047,1.07026
5.17197,1.07024
5.17347,1.07023
5.17497,1.07021
5.17647,1.07019
5.17797,1.07017
5.17947,1.07016
5.18097,1.07014
5.18247,1.07012
5.18397,1.07011
5.18547,1.07009
5.18697,1.07007
5.18847,1.07006
5.18997,1.07004
5.19147,1.07003
5.19297,1.07001
5.19447,1.06999
5.19597,1.06998
5.19747,1.06996
5.19897,1.06995
5.20047,1.06994
5.20197,1.06992
5.20347,1.06991
5.20497,1.06989
5.20647,1.06988
5.20797,1.06987
5.20947,1.06985
5.21097,1.06984
5.21247,1.06982
5.21397,1.06981
5.21547,1.0698
5.21697,1.06979
5.21847,1.06977
5.21997,1.06976
5.22147,1.06975
5.22297,1.06974
5.22447,1.06972
5.22597,1.06971
5.22747,1.0697
5.22897,1.06969
5.23047,1.06968
5.23197,1.06967
5.23347,1.06966
5.23497,1.06964
5.23647,1.06963
5.23797,1.06962
5.23947,1.06961
5.24097,1.0696
5.24247,1.06959
5.24397,1.06958
5.24547,1.06957
5.24697,1.06956
5.24848,1.06955
5.24998,1.06954
5.25148,1.06953
5.25298,1.06952
5.25448,1.06952
5.25598,1.06951
5.25748,1.0695
5.25898,1.06949
5.26048,1.06948
5.26198,1.06947
5.26348,1.06946
5.26498,1.06946
5.26648,1.06945
5.26798,1.06944
5.26948,1.06943
5.27098,1.06942
5.27248,1.06942
5.27398,1.06941
5.27548,1.0694
5.27698,1.06939
5.27848,1.06939
5.27998,1.06938
5.28148,1.06937
5.28298,1.06937
5.28448,1.06936
5.28598,1.06935
5.28748,1.06935
5.28898,1.06934
5.29048,1.06934
5.29198,1.06933
5.29348,1.06932
5.29498,1.06932
5.29648,1.06931
5.29798,1.06931
5.29948,1.0693
5.30098,1.0693
5.30248,1.06929
5.30398,1.06929
5.30548,1.06928
5.30698,1.06928
5.30848,1.06927
5.30998,1.06927
5.31148,1.06926
5.31298,1.06926
5.31448,1.06925
5.31598,1.06925
5.31748,1.06925
5.31898,1.06924
5.32048,1.06924
5.32198,1.06924
5.32348,1.06923
5.32498,1.06923
5.32648,1.06923
5.32798,1.06922
5.32948,1.06922
5.33098,1.06921
5.33248,1.06921
5.33398,1.06921
5.33548,1.06921
5.33698,1.0692
5.33848,1.0692
5.33998,1.0692
5.34148,1.0692
5.34298,1.06919
5.34448,1.06919
5.34598,1.06919
5.34748,1.06919
5.34898,1.06919
5.35048,1.06919
5.35198,1.06918
5.35348,1.06918
5.35498,1.06918
5.35648,1.06918
5.35798,1.06918
5.35948,1.06918
5.36098,1.06918
5.36248,1.06917
5.36399,1.06918
5.36549,1.06917
5.36699,1.06917
5.36849,1.06917
5.36999,1.06917
5.37149,1.06917
5.37299,1.06917
5.37449,1.06917
5.37599,1.06917
5.37749,1.06917
5.37899,1.06917
5.38049,1.06917
5.38199,1.06917
5.38349,1.06917
5.38499,1.06917
5.38649,1.06918
5.38799,1.06918
5.38949,1.06918
5.39099,1.06918
5.39249,1.06918
5.39399,1.06918
5.39549,1.06918
5.39699,1.06918
5.39849,1.06918
5.39999,1.06919
5.40149,1.06919
5.40299,1.06919
5.40449,1.06919
5.40599,1.06919
5.40749,1.0692
5.40899,1.0692
5.41049,1.0692
5.41199,1.0692
5.41349,1.06921
5.41499,1.06921
5.41649,1.06921
5.41799,1.06921
5.41949,1.06922
5.42099,1.06922
5.42249,1.06922
5.42399,1.06923
5.42549,1.06923
5.42699,1.06923
5.42849,1.06923
5.42999,1.06924
5.43149,1.06924
5.43299,1.06925
5.43449,1.06925
5.43599,1.06925
5.43749,1.06926
5.43899,1.06926
5.44049,1.06927
5.44199,1.06927
5.44349,1.06927
5.44499,1.06928
5.44649,1.06928
5.44799,1.06929
5.44949,1.06929
5.45099,1.06929
5.45249,1.0693
5.45399,1.0693
5.45549,1.06931
5.45699,1.06931
5.45849,1.06932
5.45999,1.06932
5.46149,1.06933
5.46299,1.06933
5.46449,1.06934
5.46599,1.06934
5.46749,1.06935
5.46899,1.06935
5.47049,1.06936
5.47199,1.06936
5.47349,1.06937
5.47499,1.06937
5.47649,1.06938
5.47799,1.06938
5.4795,1.06939
5.481,1.06939
5.4825,1.0694
5.484,1.0694
5.4855,1.06941
5.487,1.06941
5.4885,1.06942
5.49,1.06942
5.4915,1.06943
5.493,1.06943
5.4945,1.06944
5.496,1.06944
5.4975,1.06945
5.499,1.06945
5.5005,1.06946
5.502,1.06946
5.5035,1.06947
5.505,1.06947
5.5065,1.06948
5.508,1.06948
5.5095,1.06949
5.511,1.06949
5.5125,1.0695
5.514,1.0695
5.5155,1.06951
5.517,1.06951
5.5185,1.06952
5.52,1.06952
5.5215,1.06953
5.523,1.06953
5.5245,1.06954
5.526,1.06954
5.5275,1.06955
5.529,1.06955
5.5305,1.06956
5.532,1.06956
5.5335,1.06956
5.535,1.06957
5.5365,1.06957
5.538,1.06958
5.5395,1.06958
5.541,1.06958
5.5425,1.06959
5.544,1.06959
5.5455,1.06959
5.547,1.0696
5.5485,1.0696
5.55,1.06961
5.5515,1.06961
5.553,1.06961
5.5545,1.06962
5.556,1.06962
5.5575,1.06962
5.559,1.06962
5.5605,1.06963
5.562,1.06963
5.5635,1.06963
5.565,1.06964
5.5665,1.06964
5.568,1.06964
5.5695,1.06964
5.571,1.06964
5.5725,1.06964
5.574,1.06965
5.5755,1.06965
5.577,1.06965
5.5785,1.06965
5.58,1.06965
5.5815,1.06965
5.583,1.06966
5.5845,1.06966
5.586,1.06966
5.5875,1.06966
5.589,1.06966
5.5905,1.06966
5.592,1.06966
5.5935,1.06966
5.59501,1.06966
5.59651,1.06966
5.59801,1.06966
5.59951,1.06966
5.60101,1.06966
5.60251,1.06966
5.60401,1.06966
5.60551,1.06965
5.60701,1.06966
5.60851,1.06965
5.61001,1.06965
5.61151,1.06965
5.61301,1.06965
5.61451,1.06965
5.61601,1.06964
5.61751,1.06964
5.61901,1.06964
5.62051,1.06964
5.62201,1.06964
5.62351,1.06963
5.62501,1.06963
5.62651,1.06963
5.62801,1.06963
5.62951,1.06962
5.63101,1.06962
5.63251,1.06962
5.63401,1.06961
5.63551,1.06961
5.63701,1.06961
5.63851,1.0696
5.64001,1.0696
5.64151,1.06959
5.64301,1.06959
5.64451,1.06958
5.64601,1.06958
5.64751,1.06958
5.64901,1.06957
5.65051,1.06956
5.65201,1.06956
5.65351,1.06955
5.65501,1.06955
5.65651,1.06954
5.65801,1.06954
5.65951,1.06953
5.66101,1.06953
5.66251,1.06952
5.66401,1.06951
5.66551,1.06951
5.66701,1.0695
5.66851,1.06949
5.67001,1.06949
5.67151,1.06948
5.67301,1.06947
5.67451,1.06947
5.67601,1.06946
5.67751,1.06945
5.67901,1.06944
5.68051,1.06944
5.68201,1.06943
5.68351,1.06942
5.68501,1.06941
5.68651,1.06941
5.68801,1.0694
5.68951,1.06939
5.69101,1.06938
5.69251,1.06937
5.69401,1.06936
5.69551,1.06935
5.69701,1.06934
5.69851,1.06934
5.70001,1.06933
5.70151,1.06932
5.70301,1.06931
5.70451,1.0693
5.70601,1.06929
5.70751,1.06928
5.70901,1.06927
5.71052,1.06926
5.71202,1.06925
5.71352,1.06924
5.71502,1.06923
5.71652,1.06922
5.71802,1.06921
5.71952,1.0692
5.72102,1.06919
5.72252,1.06918
5.72402,1.06917
5.72552,1.06916
5.72702,1.06915
5.72852,1.06914
5.73002,1.06912
5.73152,1.06911
5.73302,1.0691
5.73452,1.06909
5.73602,1.06908
5.73752,1.06907
5.73902,1.06906
5.74052,1.06904
5.74202,1.06903
5.74352,1.06902
5.74502,1.06901
5.74652,1.06899
5.74802,1.06898
5.74952,1.06897
5.75102,1.06896
5.75252,1.06894
5.75402,1.06893
5.75552,1.06892
5.75702,1.06891
5.75852,1.0689
5.76002,1.06888
5.76152,1.06887
5.76302,1.06885
5.76452,1.06884
5.76602,1.06883
5.76752,1.06881
5.76902,1.0688
5.77052,1.06879
5.77202,1.06877
5.77352,1.06876
5.77502,1.06874
5.77652,1.06873
5.77802,1.06872
5.77952,1.0687
5.78102,1.06869
5.78252,1.06867
5.78402,1.06866
5.78552,1.06864
5.78702,1.06863
5.78852,1.06861
5.79002,1.0686
5.79152,1.06858
5.79302,1.06857
5.79452,1.06855
5.79602,1.06854
5.79752,1.06852
5.79902,1.0685
5.80052,1.06849
5.80202,1.06847
5.80352,1.06846
5.80502,1.06844
5.80652,1.06842
5.80802,1.06841
5.80952,1.06839
5.81102,1.06837
5.81252,1.06836
5.81402,1.06834
5.81552,1.06832
5.81702,1.06831
5.81852,1.06829
5.82002,1.06827
5.82152,1.06825
5.82302,1.06824
5.82452,1.06822
5.82603,1.0682
5.82753,1.06818
5.82903,1.06817
5.83053,1.06815
5.83203,1.06813
5.83353,1.06811
5.83503,1.06809
5.83653,1.06808
5.83803,1.06806
5.83953,1.06804
5.84103,1.06802
5.84253,1.068
5.84403,1.06798
5.84553,1.06796
5.84703,1.06794
5.84853,1.06792
5.85003,1.06791
5.85153,1.06789
5.85303,1.06787
5.85453,1.06785
5.85603,1.06783
5.85753,1.06781
5.85903,1.06779
5.86053,1.06777
5.86203,1.06775
5.86353,1.06773
5.86503,1.06771
5.86653,1.06768
5.86803,1.06766
5.86953,1.06764
5.87103,1.06762
5.87253,1.0676
5.87403,1.06758
5.87553,1.06756
5.87703,1.06754
5.87853,1.06752
5.88003,1.0675
5.88153,1.06748
5.88303,1.06746
5.88453,1.06743
5.88603,1.06741
5.88753,1.06739
5.88903,1.06737
5.89053,1.06735
5.89203,1.06732
5.89353,1.0673
5.89503,1.06728
5.89653,1.06726
5.89803,1.06723
5.89953,1.06721
5.90103,1.06719
5.90253,1.06716
5.90403,1.06714
5.90553,1.06712
5.90703,1.0671
5.90853,1.06707
5.91003,1.06705
5.91153,1.06702
5.91303,1.067
5.91453,1.06697
5.91603,1.06695
5.91753,1.06693
5.91903,1.0669
5.92053,1.06688
5.92203,1.06685
5.92353,1.06683
5.92503,1.0668
5.92653,1.06677
5.92803,1.06675
5.92953,1.06673
5.93103,1.0667
5.93253,1.06667
5.93403,1.06665
5.93553,1.06662
5.93703,1.06659
5.93853,1.06657
5.94003,1.06654
5.94153,1.06651
5.94304,1.06648
5.94454,1.06646
5.94604,1.06643
5.94754,1.0664
5.94904,1.06637
5.95054,1.06634
5.95204,1.06632
5.95354,1.06628
5.95504,1.06626
5.95654,1.06623
5.95804,1.0662
5.95954,1.06617
5.96104,1.06614
5.96254,1.06611
5.96404,1.06608
5.96554,1.06605
5.96704,1.06602
5.96854,1.06598
5.97004,1.06595
5.97154,1.06592
5.97304,1.06589
5.97454,1.06586
5.97604,1.06582
5.97754,1.06579
5.97904,1.06576
5.98054,1.06573
5.98204,1.06569
5.98354,1.06566
5.98504,1.06562
5.98654,1.06559
5.98804,1.06556
5.98954,1.06552
5.99104,1.06549
5.99254,1.06545
5.99404,1.06542
5.99554,1.06538
5.99704,1.06534
5.99854,1.06531
6.00004,1.06527
6.00154,1.06523
6.00304,1.0652
6.00454,1.06516
6.00604,1.06512
6.00754,1.06509
6.00904,1.06505
6.01054,1.06501
6.01204,1.06497
6.01354,1.06493
6.01504,1.06489
6.01654,1.06485
6.01804,1.06481
6.01954,1.06477
6.02104,1.06473
6.02254,1.06469
6.02404,1.06465
6.02554,1.06461
6.02704,1.06457
6.02854,1.06453
6.03004,1.06448
6.03154,1.06444
6.03304,1.0644
6.03454,1.06435
6.03604,1.06431
6.03754,1.06427
6.03904,1.06423
6.04054,1.06418
6.04204,1.06414
6.04354,1.06409
6.04504,1.06405
6.04654,1.064
6.04804,1.06396
6.04954,1.06391
6.05104,1.06387
6.05254,1.06382
6.05404,1.06377
6.05554,1.06373
6.05704,1.06368
6.05855,1.06363
6.06005,1.06359
6.06155,1.06354
6.06305,1.06349
6.06455,1.06344
6.06605,1.0634
6.06755,1.06335
6.06905,1.0633
6.07055,1.06325
6.07205,1.0632
6.07355,1.06315
6.07505,1.0631
6.07655,1.06305
6.07805,1.063
6.07955,1.06295
6.08105,1.0629
6.08255,1.06285
6.08405,1.0628
6.08555,1.06275
6.08705,1.0627
6.08855,1.06265
6.09005,1.0626
6.09155,1.06255
6.09305,1.06249
6.09455,1.06244
6.09605,1.06239
6.09755,1.06234
6.09905,1.06229
6.10055,1.06223
6.10205,1.06218
6.10355,1.06213
6.10505,1.06207
6.10655,1.06202
6.10805,1.06197
6.10955,1.06191
6.11105,1.06186
6.11255,1.06181
6.11405,1.06175
6.11555,1.0617
6.11705,1.06164
6.11855,1.06159
6.12005,1.06153
6.12155,1.06148
6.12305,1.06142
6.12455,1.06137
6.12605,1.06131
6.12755,1.06126
6.12905,1.0612
6.13055,1.06115
6.13205,1.06109
6.13355,1.06104
6.13505,1.06098
6.13655,1.06092
6.13805,1.06087
6.13955,1.06081
6.14105,1.06075
6.14255,1.0607
6.14405,1.06064
6.14555,1.06058
6.14705,1.06053
6.14855,1.06047
6.15005,1.06041
6.15155,1.06035
6.15305,1.0603
6.15455,1.06024
6.15605,1.06018
6.15755,1.06012
6.15905,1.06006
6.16055,1.06001
6.16205,1.05995
6.16355,1.05989
6.16505,1.05983
6.16655,1.05977
6.16805,1.05971
6.16955,1.05965
6.17105,1.05959
6.17255,1.05954
6.17406,1.05948
6.17556,1.05942
6.17706,1.05936
6.17856,1.0593
6.18006,1.05924
6.18156,1.05918
6.18306,1.05912
6.18456,1.05906
6.18606,1.059
6.18756,1.05894
6.18906,1.05888
6.19056,1.05882
6.19206,1.05875
6.19356,1.05869
6.19506,1.05863
6.19656,1.05857
6.19806,1.05851
6.19956,1.05845
6.20106,1.05839
6.20256,1.05833
6.20406,1.05827
6.20556,1.0582
6.20706,1.05814
6.20856,1.05808
6.21006,1.05802
6.21156,1.05795
6.21306,1.05789
6.21456,1.05783
6.21606,1.05777
6.21756,1.0577
6.21906,1.05764
6.22056,1.05758
6.22206,1.05752
6.22356,1.05745
6.22506,1.05739
6.22656,1.05733
6.22806,1.05727
6.22956,1.0572
6.23106,1.05714
6.23256,1.05708
6.23406,1.05701
6.23556,1.05695
6.23706,1.05688
6.23856,1.05682
6.24006,1.05676
6.24156,1.05669
6.24306,1.05663
6.24456,1.05657
6.24606,1.0565
6.24756,1.05644
6.24906,1.05637
6.25056,1.05631
6.25206,1.05625
6.25356,1.05618
6.25506,1.05612
6.25656,1.05605
6.25806,1.05599
6.25956,1.05592
6.26106,1.05586
6.26256,1.05579
6.26406,1.05573
6.26556,1.05566
6.26706,1.0556
6.26856,1.05553
6.27006,1.05547
6.27156,1.05541
6.27306,1.05534
6.27456,1.05528
6.27606,1.05521
6.27756,1.05514
6.27906,1.05508
6.28056,1.05501
6.28206,1.05495
6.28356,1.05488
6.28506,1.05482
6.28656,1.05475
6.28806,1.05469
6.28957,1.05462
6.29107,1.05456
6.29257,1.05449
6.29407,1.05443
6.29557,1.05436
6.29707,1.05429
6.29857,1.05423
6.30007,1.05416
6.30157,1.0541
6.30307,1.05403
6.30457,1.05397
6.30607,1.0539
6.30757,1.05383
6.30907,1.05377
6.31057,1.0537
6.31207,1.05364
6.31357,1.05357
6.31507,1.0535
6.31657,1.05344
6.31807,1.05337
6.31957,1.05331
6.32107,1.05324
6.32257,1.05317
6.32407,1.05311
6.32557,1.05304
6.32707,1.05297
6.32857,1.05291
6.33007,1.05284
6.33157,1.05278
6.33307,1.05271
6.33457,1.05264
6.33607,1.05258
6.33757,1.05251
6.33907,1.05244
6.34057,1.05238
6.34207,1.05231
6.34357,1.05224
6.34507,1.05218
6.34657,1.05211
6.34807,1.05204
6.34957,1.05197
6.35107,1.05191
6.35257,1.05184
6.35407,1.05177
6.35557,1.05171
6.35707,1.05164
6.35857,1.05157
6.36007,1.0515
6.36157,1.05144
6.36307,1.05137
6.36457,1.0513
6.36607,1.05124
6.36757,1.05117
6.36907,1.0511
6.37057,1.05103
6.37207,1.05096
6.37357,1.0509
6.37507,1.05083
6.37657,1.05076
6.37807,1.05069
6.37957,1.05062
6.38107,1.05056
6.38257,1.05049
6.38407,1.05042
6.38557,1.05035
6.38707,1.05028
6.38857,1.05021
6.39007,1.05015
6.39157,1.05008
6.39307,1.05001
6.39457,1.04994
6.39607,1.04987
6.39757,1.0498
6.39907,1.04973
6.40057,1.04966
6.40207,1.04959
6.40357,1.04953
6.40508,1.04946
6.40658,1.04939
6.40808,1.04932
6.40958,1.04925
6.41108,1.04918
6.41258,1.04911
6.41408,1.04904
6.41558,1.04897
6.41708,1.0489
6.41858,1.04883
6.42008,1.04876
6.42158,1.04869
6.42308,1.04862
6.42458,1.04855
6.42608,1.04847
6.42758,1.0484
6.42908,1.04833
6.43058,1.04826
6.43208,1.04819
6.43358,1.04812
6.43508,1.04805
6.43658,1.04798
6.43808,1.04791
6.43958,1.04784
6.44108,1.04777
6.44258,1.04769
6.44408,1.04762
6.44558,1.04755
6.44708,1.04748
6.44858,1.04741
6.45008,1.04734
6.45158,1.04727
6.45308,1.04719
6.45458,1.04712
6.45608,1.04705
6.45758,1.04698
6.45908,1.0469
6.46058,1.04683
6.46208,1.04676
6.46358,1.04669
6.46508,1.04662
6.46658,1.04654
6.46808,1.04647
6.46958,1.0464
6.47108,1.04632
6.47258,1.04625
6.47408,1.04618
6.47558,1.04611
6.47708,1.04603
6.47858,1.04596
6.48008,1.04589
6.48158,1.04582
6.48308,1.04574
6.48458,1.04567
6.48608,1.0456
6.48758,1.04552
6.48908,1.04545
6.49058,1.04538
6.49208,1.0453
6.49358,1.04523
6.49508,1.04516
6.49658,1.04509
6.49808,1.04501
6.49958,1.04494
6.50108,1.04487
6.50258,1.0448
6.50408,1.04473
6.50558,1.04466
6.50708,1.04458
6.50858,1.04451
6.51008,1.04444
6.51158,1.04437
6.51308,1.0443
6.51458,1.04424
6.51608,1.04417
6.51758,1.0441
6.51908,1.04403
6.52059,1.04396
6.52209,1.0439
6.52359,1.04383
6.52509,1.04377
6.52659,1.0437
6.52809,1.04364
6.52959,1.04358
6.53109,1.04351
6.53259,1.04345
6.53409,1.04339
6.53559,1.04333
6.53709,1.04327
6.53859,1.04322
6.54009,1.04316
6.54159,1.0431
6.54309,1.04305
6.54459,1.04299
6.54609,1.04294
6.54759,1.04289
6.54909,1.04284
6.55059,1.04279
6.55209,1.04274
6.55359,1.04269
6.55509,1.04264
6.55659,1.04259
6.55809,1.04255
6.55959,1.0425
6.56109,1.04246
6.56259,1.04242
6.56409,1.04237
6.56559,1.04233
6.56709,1.04229
6.56859,1.04224
6.57009,1.0422
6.57159,1.04216
6.57309,1.04212
6.57459,1.04208
6.57609,1.04203
6.57759,1.04199
6.57909,1.04195
6.58059,1.04191
6.58209,1.04187
6.58359,1.04183
6.58509,1.04179
6.58659,1.04174
6.58809,1.0417
6.58959,1.04166
6.59109,1.04162
6.59259,1.04158
6.59409,1.04153
6.59559,1.04149
6.59709,1.04145
6.59859,1.04141
6.60009,1.04137
6.60159,1.04133
6.60309,1.04129
6.60459,1.04125
6.60609,1.04121
6.60759,1.04117
6.60909,1.04113
6.61059,1.0411
6.61209,1.04106
6.61359,1.04102
6.61509,1.04099
6.61659,1.04095
6.61809,1.04092
6.61959,1.04088
6.62109,1.04085
6.62259,1.04082
6.62409,1.04079
6.62559,1.04076
6.62709,1.04073
6.62859,1.0407
6.63009,1.04068
6.63159,1.04065
6.63309,1.04063
6.63459,1.04061
6.6361,1.04059
6.6376,1.04057
6.6391,1.04055
6.6406,1.04053
6.6421,1.04052
6.6436,1.04051
6.6451,1.04049
6.6466,1.04048
6.6481,1.04047
6.6496,1.04046
6.6511,1.04045
6.6526,1.04045
6.6541,1.04044
6.6556,1.04044
6.6571,1.04043
6.6586,1.04043
6.6601,1.04043
6.6616,1.04042
6.6631,1.04043
6.6646,1.04042
6.6661,1.04043
6.6676,1.04043
6.6691,1.04043
6.6706,1.04043
6.6721,1.04043
6.6736,1.04044
6.6751,1.04044
6.6766,1.04044
6.6781,1.04044
6.6796,1.04045
6.6811,1.04045
6.6826,1.04045
6.6841,1.04045
6.6856,1.04046
6.6871,1.04046
6.6886,1.04046
6.6901,1.04046
6.6916,1.04046
6.6931,1.04046
6.6946,1.04046
6.6961,1.04045
6.6976,1.04045
6.6991,1.04045
6.7006,1.04044
6.7021,1.04043
6.7036,1.04043
6.7051,1.04042
6.7066,1.04041
6.7081,1.0404
6.7096,1.04039
6.7111,1.04037
6.7126,1.04036
6.7141,1.04034
6.7156,1.04033
6.7171,1.04031
6.7186,1.04029
6.7201,1.04027
6.7216,1.04024
6.7231,1.04022
6.7246,1.0402
6.7261,1.04017
6.7276,1.04015
6.7291,1.04012
6.7306,1.0401
6.7321,1.04007
6.7336,1.04004
6.7351,1.04001
6.7366,1.03998
6.7381,1.03996
6.7396,1.03993
6.7411,1.0399
6.7426,1.03987
6.7441,1.03984
6.7456,1.03981
6.7471,1.03979
6.7486,1.03976
6.7501,1.03973
6.75161,1.03971
6.75311,1.03968
6.75461,1.03966
6.75611,1.03964
6.75761,1.03962
6.75911,1.0396
6.76061,1.03958
6.76211,1.03956
6.76361,1.03954
6.76511,1.03952
6.76661,1.03951
6.76811,1.03949
6.76961,1.03948
6.77111,1.03946
6.77261,1.03945
6.77411,1.03944
6.77561,1.03943
6.77711,1.03942
6.77861,1.03942
6.78011,1.03941
6.78161,1.03941
6.78311,1.0394
6.78461,1.0394
6.78611,1.0394
6.78761,1.0394
6.78911,1.0394
6.79061,1.03941
6.79211,1.03941
6.79361,1.03942
6.79511,1.03943
6.79661,1.03944
6.79811,1.03945
6.79961,1.03946
6.80111,1.03947
6.80261,1.03949
6.80411,1.0395
6.80561,1.03952
6.80711,1.03953
6.80861,1.03955
6.81011,1.03957
6.81161,1.03958
6.81311,1.0396
6.81461,1.03962
6.81611,1.03964
6.81761,1.03965
6.81911,1.03967
6.82061,1.03969
6.82211,1.0397
6.82361,1.03972
6.82511,1.03974
6.82661,1.03975
6.82811,1.03977
6.82961,1.03978
6.83111,1.03979
6.83261,1.0398
6.83411,1.03981
6.83561,1.03982
6.83711,1.03982
6.83861,1.03983
6.84011,1.03983
6.84161,1.03983
6.84311,1.03984
6.84461,1.03983
6.84611,1.03983
6.84761,1.03982
6.84911,1.03982
6.85061,1.03981
6.85211,1.0398
6.85361,1.03979
6.85511,1.03977
6.85661,1.03976
6.85811,1.03974
6.85961,1.03972
6.86111,1.0397
6.86261,1.03968
6.86411,1.03966
6.86561,1.03963
6.86712,1.03961
6.86862,1.03958
6.87012,1.03955
6.87162,1.03953
6.87312,1.0395
6.87462,1.03947
6.87612,1.03944
6.87762,1.03941
6.87912,1.03938
6.88062,1.03935
6.88212,1.03932
6.88362,1.03928
6.88512,1.03925
6.88662,1.03922
6.88812,1.03919
6.88962,1.03915
6.89112,1.03912
6.89262,1.03909
6.89412,1.03906
6.89562,1.03902
6.89712,1.03899
6.89862,1.03896
6.90012,1.03893
6.90162,1.03889
6.90312,1.03886
6.90462,1.03883
6.90612,1.03879
6.90762,1.03876
6.90912,1.03873
6.91062,1.0387
6.91212,1.03866
6.91362,1.03863
6.91512,1.0386
6.91662,1.03857
6.91812,1.03853
6.91962,1.0385
6.92112,1.03847
6.92262,1.03844
6.92412,1.03841
6.92562,1.03838
6.92712,1.03834
6.92862,1.03831
6.93012,1.03828
6.93162,1.03825
6.93312,1.03822
6.93462,1.03819
6.93612,1.03816
6.93762,1.03813
6.93912,1.03809
6.94062,1.03807
6.94212,1.03803
6.94362,1.038
6.94512,1.03797
6.94662,1.03794
6.94812,1.03791
6.94962,1.03788
6.95112,1.03785
6.95262,1.03782
6.95412,1.03779
6.95562,1.03776
6.95712,1.03773
6.95862,1.0377
6.96012,1.03767
6.96162,1.03764
6.96312,1.03761
6.96462,1.03758
6.96612,1.03755
6.96762,1.03752
6.96912,1.03749
6.97062,1.03746
6.97212,1.03744
6.97362,1.03741
6.97512,1.03738
6.97662,1.03736
6.97812,1.03733
6.97962,1.03731
6.98112,1.03729
6.98263,1.03726
6.98413,1.03724
6.98563,1.03722
6.98713,1.0372
6.98863,1.03718
6.99013,1.03717
6.99163,1.03715
6.99313,1.03714
6.99463,1.03713
6.99613,1.03711
6.99763,1.0371
6.99913,1.03709
7.00063,1.03709
7.00213,1.03708
7.00363,1.03708
7.00513,1.03707
7.00663,1.03707
7.00813,1.03707
7.00963,1.03707
7.01113,1.03707
7.01263,1.03708
7.01413,1.03708
7.01563,1.03709
7.01713,1.03709
7.01863,1.03711
7.02013,1.03711
7.02163,1.03712
7.02313,1.03714
7.02463,1.03715
7.02613,1.03716
7.02763,1.03718
7.02913,1.03719
7.03063,1.03721
7.03213,1.03723
7.03363,1.03725
7.03513,1.03726
7.03663,1.03728
7.03813,1.03731
7.03963,1.03733
7.04113,1.03735
7.04263,1.03737
7.04413,1.03739
7.04563,1.03742
7.04713,1.03744
7.04863,1.03746
7.05013,1.03749
7.05163,1.03751
7.05313,1.03754
7.05463,1.03756
7.05613,1.03759
7.05763,1.03761
7.05913,1.03764
7.06063,1.03767
7.06213,1.03769
7.06363,1.03772
7.06513,1.03775
7.06663,1.03777
7.06813,1.0378
7.06963,1.03783
7.07113,1.03786
7.07263,1.03789
7.07413,1.03792
7.07563,1.03795
7.07713,1.03798
7.07863,1.03801
7.08013,1.03804
7.08163,1.03807
7.08313,1.0381
7.08463,1.03813
7.08613,1.03816
7.08763,1.03819
7.08913,1.03823
7.09063,1.03826
7.09213,1.0383
7.09363,1.03833
7.09513,1.03837
7.09663,1.0384
7.09813,1.03844
7.09964,1.03847
7.10114,1.03851
7.10264,1.03855
7.10414,1.03859
7.10564,1.03863
7.10714,1.03867
7.10864,1.03871
7.11014,1.03875
7.11164,1.03879
7.11314,1.03884
7.11464,1.03888
7.11614,1.03892
7.11764,1.03897
7.11914,1.03902
7.12064,1.03906
7.12214,1.03911
7.12364,1.03916
7.12514,1.03921
7.12664,1.03925
7.12814,1.0393
7.12964,1.03935
7.13114,1.0394
7.13264,1.03946
7.13414,1.03951
7.13564,1.03956
7.13714,1.03961
7.13864,1.03966
7.14014,1.03972
7.14164,1.03977
7.14314,1.03983
7.14464,1.03988
7.14614,1.03994
7.14764,1.03999
7.14914,1.04005
7.15064,1.0401
7.15214,1.04016
7.15364,1.04022
7.15514,1.04027
7.15664,1.04033
7.15814,1.04038
7.15964,1.04044
7.16114,1.0405
7.16264,1.04055
7.16414,1.0406
7.16564,1.04066
7.16714,1.04071
7.16864,1.04077
7.17014,1.04081
7.17164,1.04087
7.17314,1.04092
7.17464,1.04096
7.17614,1.04101
7.17764,1.04105
7.17914,1.0411
7.18064,1.04114
7.18214,1.04118
7.18364,1.04122
7.18514,1.04126
7.18664,1.0413
7.18814,1.04133
7.18964,1.04137
7.19114,1.0414
7.19264,1.04143
7.19414,1.04146
7.19564,1.04148
7.19714,1.04151
7.19864,1.04153
7.20014,1.04155
7.20164,1.04157
7.20314,1.04159
7.20464,1.0416
7.20614,1.04162
7.20764,1.04163
7.20914,1.04164
7.21064,1.04165
7.21214,1.04165
7.21364,1.04166
7.21515,1.04167
7.21665,1.04167
7.21815,1.04167
7.21965,1.04167
7.22115,1.04168
7.22265,1.04168
7.22415,1.04168
7.22565,1.04168
7.22715,1.04168
7.22865,1.04168
7.23015,1.04168
7.23165,1.04169
7.23315,1.04169
7.23465,1.04169
7.23615,1.04169
7.23765,1.0417
7.23915,1.0417
7.24065,1.04171
7.24215,1.04172
7.24365,1.04172
7.24515,1.04173
7.24665,1.04174
7.24815,1.04175
7.24965,1.04176
7.25115,1.04177
7.25265,1.04179
7.25415,1.0418
7.25565,1.04182
7.25715,1.04184
7.25865,1.04185
7.26015,1.04187
7.26165,1.04189
7.26315,1.04191
7.26465,1.04194
7.26615,1.04196
7.26765,1.04199
7.26915,1.04201
7.27065,1.04204
7.27215,1.04207
7.27365,1.0421
7.27515,1.04213
7.27665,1.04216
7.27815,1.04219
7.27965,1.04222
7.28115,1.04225
7.28265,1.04229
7.28415,1.04232
7.28565,1.04236
7.28715,1.0424
7.28865,1.04243
7.29015,1.04247
7.29165,1.04251
7.29315,1.04255
7.29465,1.04259
7.29615,1.04263
7.29765,1.04267
7.29915,1.04271
7.30065,1.04275
7.30215,1.04279
7.30365,1.04283
7.30515,1.04288
7.30665,1.04292
7.30815,1.04296
7.30965,1.04301
7.31115,1.04305
7.31265,1.0431
7.31415,1.04315
7.31565,1.0432
7.31715,1.04324
7.31865,1.04329
7.32015,1.04334
7.32165,1.04339
7.32315,1.04345
7.32465,1.0435
7.32615,1.04355
7.32765,1.04361
7.32915,1.04366
7.33066,1.04372
7.33216,1.04377
7.33366,1.04383
7.33516,1.04389
7.33666,1.04395
7.33816,1.04401
7.33966,1.04406
7.34116,1.04412
7.34266,1.04419
7.34416,1.04424
7.34566,1.0443
7.34716,1.04436
7.34866,1.04442
7.35016,1.04448
7.35166,1.04454
7.35316,1.0446
7.35466,1.04465
7.35616,1.04471
7.35766,1.04476
7.35916,1.04481
7.36066,1.04487
7.36216,1.04492
7.36366,1.04497
7.36516,1.04502
7.36666,1.04507
7.36816,1.04512
7.36966,1.04517
7.37116,1.04521
7.37266,1.04526
7.37416,1.04531
7.37566,1.04535
7.37716,1.0454
7.37866,1.04544
7.38016,1.04549
7.38166,1.04553
7.38316,1.04558
7.38466,1.04562
7.38616,1.04567
7.38766,1.04572
7.38916,1.04576
7.39066,1.04581
7.39216,1.04586
7.39366,1.04591
7.39516,1.04596
7.39666,1.04601
7.39816,1.04607
7.39966,1.04612
7.40116,1.04618
7.40266,1.04623
7.40416,1.04629
7.40566,1.04635
7.40716,1.04642
7.40866,1.04648
7.41016,1.04654
7.41166,1.04661
7.41316,1.04668
7.41466,1.04675
7.41616,1.04682
7.41766,1.04689
7.41916,1.04696
7.42066,1.04703
7.42216,1.0471
7.42366,1.04718
7.42516,1.04725
7.42666,1.04733
7.42816,1.0474
7.42966,1.04748
7.43116,1.04755
7.43266,1.04763
7.43416,1.04771
7.43566,1.04778
7.43716,1.04786
7.43866,1.04793
7.44016,1.04801
7.44166,1.04809
7.44316,1.04816
7.44466,1.04824
7.44617,1.04832
7.44767,1.04839
7.44917,1.04847
7.45067,1.04854
7.45217,1.04861
7.45367,1.04869
7.45517,1.04876
7.45667,1.04884
7.45817,1.04891
7.45967,1.04898
7.46117,1.04906
7.46267,1.04913
7.46417,1.04921
7.46567,1.04928
7.46717,1.04935
7.46867,1.04943
7.47017,1.0495
7.47167,1.04958
7.47317,1.04965
7.47467,1.04972
7.47617,1.0498
7.47767,1.04987
7.47917,1.04995
7.48067,1.05002
7.48217,1.0501
7.48367,1.05017
7.48517,1.05025
7.48667,1.05033
7.48817,1.05041
7.48967,1.05049
7.49117,1.05057
7.49267,1.05065
7.49417,1.05073
7.49567,1.05081
7.49717,1.0509
7.49867,1.05098
7.50017,1.05107
7.50167,1.05115
7.50317,1.05124
7.50467,1.05133
7.50617,1.05142
7.50767,1.0515
7.50917,1.05159
7.51067,1.05168
7.51217,1.05177
7.51367,1.05186
7.51517,1.05195
7.51667,1.05204
7.51817,1.05213
7.51967,1.05222
7.52117,1.05231
7.52267,1.0524
7.52417,1.05249
7.52567,1.05257
7.52717,1.05266
7.52867,1.05275
7.53017,1.05283
7.53167,1.05291
7.53317,1.05299
7.53467,1.05307
7.53617,1.05315
7.53767,1.05322
7.53917,1.0533
7.54067,1.05337
7.54217,1.05344
7.54367,1.0535
7.54517,1.05357
7.54667,1.05363
7.54817,1.05369
7.54967,1.05374
7.55117,1.0538
7.55267,1.05385
7.55417,1.05389
7.55567,1.05394
7.55717,1.05398
7.55867,1.05402
7.56017,1.05405
7.56168,1.05409
7.56318,1.05412
7.56468,1.05415
7.56618,1.05417
7.56768,1.0542
7.56918,1.05421
7.57068,1.05423
7.57218,1.05425
7.57368,1.05426
7.57518,1.05427
7.57668,1.05428
7.57818,1.05429
7.57968,1.05429
7.58118,1.0543
7.58268,1.05431
7.58418,1.05431
7.58568,1.05431
7.58718,1.05431
7.58868,1.05432
7.59018,1.05432
7.59168,1.05432
7.59318,1.05432
7.59468,1.05433
7.59618,1.05433
7.59768,1.05434
7.59918,1.05434
7.60068,1.05434
7.60218,1.05435
7.60368,1.05436
7.60518,1.05436
7.60668,1.05437
7.60818,1.05438
7.60968,1.05438
7.61118,1.05439
7.61268,1.0544
7.61418,1.05441
7.61568,1.05442
7.61718,1.05443
7.61868,1.05444
7.62018,1.05444
7.62168,1.05445
7.62318,1.05446
7.62468,1.05447
7.62618,1.05447
7.62768,1.05448
7.62918,1.05448
7.63068,1.05449
7.63218,1.05449
7.63368,1.05449
7.63518,1.05449
7.63668,1.05449
7.63818,1.05449
7.63968,1.05448
7.64118,1.05448
7.64268,1.05447
7.64418,1.05446
7.64568,1.05445
7.64718,1.05444
7.64868,1.05443
7.65018,1.05442
7.65168,1.0544
7.65318,1.05439
7.65468,1.05437
7.65618,1.05435
7.65768,1.05433
7.65918,1.05431
7.66068,1.05429
7.66218,1.05426
7.66368,1.05424
7.66518,1.05421
7.66668,1.05418
7.66818,1.05416
7.66968,1.05412
7.67118,1.05409
7.67268,1.05406
7.67418,1.05403
7.67568,1.054
7.67719,1.05397
7.67869,1.05393
7.68019,1.0539
7.68169,1.05387
7.68319,1.05384
7.68469,1.0538
7.68619,1.05377
7.68769,1.05374
7.68919,1.05371
7.69069,1.05368
7.69219,1.05365
7.69369,1.05362
7.69519,1.05359
7.69669,1.05356
7.69819,1.05354
7.69969,1.05351
7.70119,1.05348
7.70269,1.05346
7.70419,1.05344
7.70569,1.05342
7.70719,1.0534
7.70869,1.05338
7.71019,1.05336
7.71169,1.05334
7.71319,1.05332
7.71469,1.05331
7.71619,1.05329
7.71769,1.05328
7.71919,1.05326
7.72069,1.05325
7.72219,1.05324
7.72369,1.05323
7.72519,1.05322
7.72669,1.0532
7.72819,1.05319
7.72969,1.05318
7.73119,1.05317
7.73269,1.05316
7.73419,1.05316
7.73569,1.05315
7.73719,1.05314
7.73869,1.05313
7.74019,1.05312
7.74169,1.05311
7.74319,1.0531
7.74469,1.0531
7.74619,1.05309
7.74769,1.05308
7.74919,1.05307
7.75069,1.05307
7.75219,1.05306
7.75369,1.05305
7.75519,1.05304
7.75669,1.05304
7.75819,1.05303
7.75969,1.05302
7.76119,1.05301
7.76269,1.053
7.76419,1.053
7.76569,1.05299
7.76719,1.05298
7.76869,1.05298
7.77019,1.05297
7.77169,1.05297
7.77319,1.05296
7.77469,1.05296
7.77619,1.05296
7.77769,1.05295
7.77919,1.05295
7.78069,1.05295
7.78219,1.05295
7.78369,1.05295
7.78519,1.05296
7.78669,1.05296
7.78819,1.05297
7.78969,1.05297
7.79119,1.05298
7.7927,1.05299
7.7942,1.053
7.7957,1.05301
7.7972,1.05302
7.7987,1.05303
7.8002,1.05304
7.8017,1.05306
7.8032,1.05307
7.8047,1.05309
7.8062,1.05311
7.8077,1.05312
7.8092,1.05314
7.8107,1.05315
7.8122,1.05317
7.8137,1.05318
7.8152,1.0532
7.8167,1.05321
7.8182,1.05322
7.8197,1.05323
7.8212,1.05324
7.8227,1.05325
7.8242,1.05326
7.8257,1.05326
7.8272,1.05327
7.8287,1.05327
7.8302,1.05327
7.8317,1.05327
7.8332,1.05327
7.8347,1.05327
7.8362,1.05327
7.8377,1.05326
7.8392,1.05326
7.8407,1.05325
7.8422,1.05324
7.8437,1.05324
7.8452,1.05323
7.8467,1.05322
7.8482,1.05321
7.8497,1.0532
7.8512,1.05318
7.8527,1.05317
7.8542,1.05316
7.8557,1.05314
7.8572,1.05313
7.8587,1.05311
7.8602,1.0531
7.8617,1.05308
7.8632,1.05306
7.8647,1.05304
7.8662,1.05302
7.8677,1.05301
7.8692,1.05299
7.8707,1.05297
7.8722,1.05295
7.8737,1.05293
7.8752,1.05291
7.8767,1.05289
7.8782,1.05287
7.8797,1.05285
7.8812,1.05283
7.8827,1.05281
7.8842,1.05279
7.8857,1.05277
7.8872,1.05275
7.8887,1.05273
7.8902,1.05271
7.8917,1.05269
7.8932,1.05267
7.8947,1.05265
7.8962,1.05263
7.8977,1.05261
7.8992,1.05259
7.9007,1.05257
7.9022,1.05255
7.9037,1.05253
7.9052,1.05252
7.9067,1.0525
7.90821,1.05249
7.90971,1.05248
7.91121,1.05246
7.91271,1.05245
7.91421,1.05244
7.91571,1.05243
7.91721,1.05242
7.91871,1.05241
7.92021,1.0524
7.92171,1.05239
7.92321,1.05239
7.92471,1.05238
7.92621,1.05238
7.92771,1.05237
7.92921,1.05237
7.93071,1.05237
7.93221,1.05236
7.93371,1.05236
7.93521,1.05236
7.93671,1.05236
7.93821,1.05236
7.93971,1.05235
7.94121,1.05235
7.94271,1.05235
7.94421,1.05235
7.94571,1.05235
7.94721,1.05235
7.94871,1.05235
7.95021,1.05235
7.95171,1.05234
7.95321,1.05234
7.95471,1.05234
7.95621,1.05233
7.95771,1.05233
7.95921,1.05233
7.96071,1.05232
7.96221,1.05231
7.96371,1.0523
7.96521,1.0523
7.96671,1.05229
7.96821,1.05228
7.96971,1.05227
7.97121,1.05226
7.97271,1.05225
7.97421,1.05224
7.97571,1.05223
7.97721,1.05222
7.97871,1.05221
7.98021,1.0522
7.98171,1.05218
7.98321,1.05217
7.98471,1.05216
7.98621,1.05215
7.98771,1.05214
7.98921,1.05213
7.99071,1.05212
7.99221,1.05211
7.99371,1.0521
7.99521,1.0521
7.99671,1.05209
7.99821,1.05208
7.99971,1.05207
8.00121,1.05207
8.00271,1.05206
8.00421,1.05206
8.00571,1.05205
8.00721,1.05205
8.00871,1.05205
8.01021,1.05205
8.01171,1.05205
8.01321,1.05204
8.01471,1.05204
8.01621,1.05204
8.01771,1.05205
8.01921,1.05205
8.02071,1.05205
8.02221,1.05205
8.02372,1.05206
8.02522,1.05206
8.02672,1.05207
8.02822,1.05207
8.02972,1.05208
8.03122,1.05208
8.03272,1.05209
8.03422,1.05209
8.03572,1.0521
8.03722,1.0521
8.03872,1.05211
8.04022,1.05211
8.04172,1.05211
8.04322,1.05212
8.04472,1.05212
8.04622,1.05212
8.04772,1.05212
8.04922,1.05213
8.05072,1.05213
8.05222,1.05213
8.05372,1.05212
8.05522,1.05212
8.05672,1.05212
8.05822,1.05212
8.05972,1.05211
8.06122,1.05211
8.06272,1.0521
8.06422,1.05209
8.06572,1.05209
8.06722,1.05208
8.06872,1.05207
8.07022,1.05206
8.07172,1.05204
8.07322,1.05203
8.07472,1.05202
8.07622,1.052
8.07772,1.05199
8.07922,1.05197
8.08072,1.05195
8.08222,1.05193
8.08372,1.05191
8.08522,1.05189
8.08672,1.05186
8.08822,1.05184
8.08972,1.05182
8.09122,1.05179
8.09272,1.05176
8.09422,1.05173
8.09572,1.05171
8.09722,1.05167
8.09872,1.05164
8.10022,1.05161
8.10172,1.05157
8.10322,1.05154
8.10472,1.0515
8.10622,1.05146
8.10772,1.05142
8.10922,1.05138
8.11072,1.05134
8.11222,1.05129
8.11372,1.05125
8.11522,1.0512
8.11672,1.05115
8.11822,1.0511
8.11972,1.05105
8.12122,1.051
8.12272,1.05094
8.12422,1.05089
8.12572,1.05083
8.12722,1.05077
8.12872,1.05071
8.13022,1.05065
8.13172,1.05058
8.13322,1.05051
8.13472,1.05045
8.13622,1.05038
8.13772,1.05031
8.13923,1.05023
8.14073,1.05016
8.14223,1.05008
8.14373,1.05
8.14523,1.04992
8.14673,1.04984
8.14823,1.04975
8.14973,1.04967
8.15123,1.04958
8.15273,1.04949
8.15423,1.0494
8.15573,1.0493
8.15723,1.04921
8.15873,1.04911
8.16023,1.04901
8.16173,1.04892
8.16323,1.04882
8.16473,1.04871
8.16623,1.04861
8.16773,1.04851
8.16923,1.0484
8.17073,1.0483
8.17223,1.04819
8.17373,1.04808
8.17523,1.04797
8.17673,1.04786
8.17823,1.04776
8.17973,1.04765
8.18123,1.04753
8.18273,1.04742
8.18423,1.04731
8.18573,1.0472
8.18723,1.04709
8.18873,1.04698
8.19023,1.04687
8.19173,1.04676
8.19323,1.04664
8.19473,1.04653
8.19623,1.04642
8.19773,1.04631
8.19923,1.0462
8.20073,1.04609
8.20223,1.04598
8.20373,1.04587
8.20523,1.04576
8.20673,1.04566
8.20823,1.04555
8.20973,1.04544
8.21123,1.04534
8.21273,1.04523
8.21423,1.04513
8.21573,1.04503
8.21723,1.04492
8.21873,1.04482
8.22023,1.04472
8.22173,1.04463
8.22323,1.04453
8.22473,1.04444
8.22623,1.04435
8.22773,1.04425
8.22923,1.04416
8.23073,1.04408
8.23223,1.04399
8.23373,1.04391
8.23523,1.04382
8.23673,1.04374
8.23823,1.04367
8.23973,1.04359
8.24123,1.04351
8.24273,1.04344
8.24423,1.04337
8.24573,1.0433
8.24723,1.04324
8.24873,1.04317
8.25023,1.04311
8.25173,1.04305
8.25323,1.043
8.25473,1.04294
8.25624,1.04289
8.25774,1.04284
8.25924,1.04279
8.26074,1.04275
8.26224,1.0427
8.26374,1.04266
8.26524,1.04262
8.26674,1.04258
8.26824,1.04254
8.26974,1.04251
8.27124,1.04247
8.27274,1.04243
8.27424,1.0424
8.27574,1.04236
8.27724,1.04233
8.27874,1.0423
8.28024,1.04227
8.28174,1.04224
8.28324,1.0422
8.28474,1.04217
8.28624,1.04214
8.28774,1.04211
8.28924,1.04208
8.29074,1.04205
8.29224,1.04202
8.29374,1.04199
8.29524,1.04196
8.29674,1.04193
8.29824,1.04189
8.29974,1.04186
8.30124,1.04183
8.30274,1.0418
8.30424,1.04177
8.30574,1.04173
8.30724,1.0417
8.30874,1.04166
8.31024,1.04163
8.31174,1.04159
8.31324,1.04156
8.31474,1.04152
8.31624,1.04148
8.31774,1.04145
8.31924,1.04141
8.32074,1.04137
8.32224,1.04133
8.32374,1.04129
8.32524,1.04125
8.32674,1.0412
8.32824,1.04116
8.32974,1.04112
8.33124,1.04107
8.33274,1.04102
8.33424,1.04097
8.33574,1.04092
8.33724,1.04087
8.33874,1.04081
8.34024,1.04076
8.34174,1.0407
8.34324,1.04065
8.34474,1.04059
8.34624,1.04053
8.34774,1.04047
8.34924,1.0404
8.35074,1.04034
8.35224,1.04028
8.35374,1.04021
8.35524,1.04015
8.35674,1.04008
8.35824,1.04001
8.35974,1.03995
8.36124,1.03988
8.36274,1.03981
8.36424,1.03974
8.36574,1.03967
8.36724,1.0396
8.36874,1.03952
8.37024,1.03945
8.37175,1.03938
8.37325,1.0393
8.37475,1.03923
8.37625,1.03915
8.37775,1.03907
8.37925,1.039
8.38075,1.03892
8.38225,1.03884
8.38375,1.03876
8.38525,1.03868
8.38675,1.0386
8.38825,1.03852
8.38975,1.03843
8.39125,1.03835
8.39275,1.03827
8.39425,1.03818
8.39575,1.03809
8.39725,1.038
8.39875,1.03791
8.40025,1.03782
8.40175,1.03773
8.40325,1.03764
8.40475,1.03755
8.40625,1.03745
8.40775,1.03736
8.40925,1.03726
8.41075,1.03717
8.41225,1.03707
8.41375,1.03698
8.41525,1.03688
8.41675,1.03678
8.41825,1.03669
8.41975,1.03659
8.42125,1.03649
8.42275,1.0364
8.42425,1.0363
8.42575,1.0362
8.42725,1.03611
8.42875,1.03601
8.43025,1.03592
8.43175,1.03583
8.43325,1.03574
8.43475,1.03564
8.43625,1.03555
8.43775,1.03546
8.43925,1.03537
8.44075,1.03528
8.44225,1.03519
8.44375,1.0351
8.44525,1.03501
8.44675,1.03492
8.44825,1.03484
8.44975,1.03475
8.45125,1.03467
8.45275,1.03458
8.45425,1.0345
8.45575,1.03442
8.45725,1.03434
8.45875,1.03426
8.46025,1.03418
8.46175,1.0341
8.46325,1.03402
8.46475,1.03394
8.46625,1.03387
8.46775,1.03379
8.46925,1.03372
8.47075,1.03364
8.47225,1.03357
8.47375,1.0335
8.47525,1.03342
8.47675,1.03335
8.47825,1.03328
8.47975,1.03321
8.48125,1.03314
8.48275,1.03307
8.48425,1.033
8.48575,1.03293
8.48726,1.03286
8.48876,1.03279
8.49026,1.03272
8.49176,1.03266
8.49326,1.03259
8.49476,1.03253
8.49626,1.03246
8.49776,1.03239
8.49926,1.03233
8.50076,1.03227
8.50226,1.0322
8.50376,1.03214
8.50526,1.03208
8.50676,1.03201
8.50826,1.03195
8.50976,1.03189
8.51126,1.03183
8.51276,1.03178
8.51426,1.03172
8.51576,1.03166
8.51726,1.03161
8.51876,1.03155
8.52026,1.0315
8.52176,1.03144
8.52326,1.03139
8.52476,1.03134
8.52626,1.03129
8.52776,1.03124
8.52926,1.0312
8.53076,1.03115
8.53226,1.0311
8.53376,1.03106
8.53526,1.03102
8.53676,1.03097
8.53826,1.03093
8.53976,1.03089
8.54126,1.03086
8.54276,1.03082
8.54426,1.03078
8.54576,1.03075
8.54726,1.03071
8.54876,1.03068
8.55026,1.03065
8.55176,1.03061
8.55326,1.03058
8.55476,1.03056
8.55626,1.03053
8.55776,1.0305
8.55926,1.03047
8.56076,1.03045
8.56226,1.03042
8.56376,1.0304
8.56526,1.03038
8.56676,1.03035
8.56826,1.03033
8.56976,1.03031
8.57126,1.03029
8.57276,1.03027
8.57426,1.03025
8.57576,1.03023
8.57726,1.03021
8.57876,1.03019
8.58026,1.03017
8.58176,1.03015
8.58326,1.03013
8.58476,1.03011
8.58626,1.03009
8.58776,1.03007
8.58926,1.03005
8.59076,1.03003
8.59226,1.03001
8.59376,1.02999
8.59526,1.02997
8.59676,1.02995
8.59826,1.02993
8.59976,1.02991
8.60126,1.0299
8.60277,1.02988
8.60427,1.02986
8.60577,1.02984
8.60727,1.02982
8.60877,1.0298
8.61027,1.02978
8.61177,1.02976
8.61327,1.02975
8.61477,1.02973
8.61627,1.02971
8.61777,1.0297
8.61927,1.02968
8.62077,1.02966
8.62227,1.02965
8.62377,1.02963
8.62527,1.02962
8.62677,1.0296
8.62827,1.02959
8.62977,1.02957
8.63127,1.02956
8.63277,1.02955
8.63427,1.02953
8.63577,1.02952
8.63727,1.02951
8.63877,1.02949
8.64027,1.02948
8.64177,1.02947
8.64327,1.02945
8.64477,1.02944
8.64627,1.02942
8.64777,1.02941
8.64927,1.02939
8.65077,1.02938
8.65227,1.02936
8.65377,1.02934
8.65527,1.02932
8.65677,1.0293
8.65827,1.02927
8.65977,1.02925
8.66127,1.02923
8.66277,1.0292
8.66427,1.02917
8.66577,1.02914
8.66727,1.02911
8.66877,1.02908
8.67027,1.02904
8.67177,1.029
8.67327,1.02897
8.67477,1.02893
8.67627,1.02888
8.67777,1.02884
8.67927,1.02879
8.68077,1.02875
8.68227,1.0287
8.68377,1.02865
8.68527,1.02859
8.68677,1.02854
8.68827,1.02848
8.68977,1.02843
8.69127,1.02837
8.69277,1.02831
8.69427,1.02825
8.69577,1.02818
8.69727,1.02812
8.69877,1.02806
8.70027,1.02799
8.70177,1.02793
8.70327,1.02786
8.70477,1.02779
8.70627,1.02773
8.70777,1.02766
8.70927,1.02759
8.71077,1.02752
8.71227,1.02745
8.71377,1.02739
8.71527,1.02732
8.71677,1.02725
8.71828,1.02718
8.71978,1.02712
8.72128,1.02705
8.72278,1.02698
8.72428,1.02692
8.72578,1.02685
8.72728,1.02679
8.72878,1.02672
8.73028,1.02666
8.73178,1.02659
8.73328,1.02653
8.73478,1.02647
8.73628,1.0264
8.73778,1.02634
8.73928,1.02628
8.74078,1.02622
8.74228,1.02616
8.74378,1.0261
8.74528,1.02604
8.74678,1.02598
8.74828,1.02592
8.74978,1.02587
8.75128,1.02581
8.75278,1.02575
8.75428,1.0257
8.75578,1.02564
8.75728,1.02558
8.75878,1.02553
8.76028,1.02548
8.76178,1.02542
8.76328,1.02537
8.76478,1.02531
8.76628,1.02526
8.76778,1.02521
8.76928,1.02515
8.77078,1.0251
8.77228,1.02505
8.77378,1.025
8.77528,1.02495
8.77678,1.02489
8.77828,1.02484
8.77978,1.02479
8.78128,1.02474
8.78278,1.02469
8.78428,1.02464
8.78578,1.02459
8.78728,1.02453
8.78878,1.02449
8.79028,1.02443
8.79178,1.02438
8.79328,1.02434
8.79478,1.02429
8.79628,1.02424
8.79778,1.02419
8.79928,1.02415
8.80078,1.0241
8.80228,1.02405
8.80378,1.02401
8.80528,1.02397
8.80678,1.02392
8.80828,1.02388
8.80978,1.02384
8.81128,1.02381
8.81278,1.02377
8.81428,1.02373
8.81578,1.0237
8.81728,1.02367
8.81878,1.02363
8.82028,1.02361
8.82178,1.02357
8.82328,1.02355
8.82478,1.02352
8.82628,1.0235
8.82778,1.02348
8.82928,1.02346
8.83078,1.02344
8.83228,1.02342
8.83379,1.02341
8.83529,1.0234
8.83679,1.02338
8.83829,1.02338
8.83979,1.02337
8.84129,1.02336
8.84279,1.02336
8.84429,1.02335
8.84579,1.02335
8.84729,1.02335
8.84879,1.02335
8.85029,1.02336
8.85179,1.02336
8.85329,1.02336
8.85479,1.02337
8.85629,1.02338
8.85779,1.02339
8.85929,1.02339
8.86079,1.0234
8.86229,1.02341
8.86379,1.02342
8.86529,1.02343
8.86679,1.02344
8.86829,1.02345
8.86979,1.02346
8.87129,1.02347
8.87279,1.02348
8.87429,1.02349
8.87579,1.0235
8.87729,1.02351
8.87879,1.02352
8.88029,1.02353
8.88179,1.02354
8.88329,1.02354
8.88479,1.02355
8.88629,1.02356
8.88779,1.02356
8.88929,1.02357
8.89079,1.02357
8.89229,1.02357
8.89379,1.02357
8.89529,1.02357
8.89679,1.02357
8.89829,1.02357
8.89979,1.02356
8.90129,1.02356
8.90279,1.02355
8.90429,1.02354
8.90579,1.02353
8.90729,1.02352
8.90879,1.02351
8.91029,1.0235
8.91179,1.02349
8.91329,1.02347
8.91479,1.02346
8.91629,1.02344
8.91779,1.02342
8.91929,1.02341
8.92079,1.02339
8.92229,1.02337
8.92379,1.02335
8.92529,1.02333
8.92679,1.02331
8.92829,1.02329
8.92979,1.02327
8.93129,1.02325
8.93279,1.02323
8.93429,1.02321
8.93579,1.02319
8.93729,1.02317
8.93879,1.02314
8.94029,1.02313
8.94179,1.02311
8.94329,1.02309
8.94479,1.02307
8.94629,1.02305
8.94779,1.02304
8.9493,1.02302
8.9508,1.023
8.9523,1.02299
8.9538,1.02298
8.9553,1.02296
8.9568,1.02295
8.9583,1.02294
8.9598,1.02293
8.9613,1.02292
8.9628,1.02291
8.9643,1.02291
8.9658,1.0229
8.9673,1.0229
8.9688,1.02289
8.9703,1.02289
8.9718,1.02289
8.9733,1.02289
8.9748,1.02289
8.9763,1.02289
8.9778,1.02289
8.9793,1.0229
8.9808,1.0229
8.9823,1.0229
8.9838,1.02291
8.9853,1.02292
8.9868,1.02293
8.9883,1.02293
8.9898,1.02294
8.9913,1.02296
8.9928,1.02297
8.9943,1.02298
8.9958,1.02299
8.9973,1.02301
8.9988,1.02302
9.0003,1.02304
9.0018,1.02306
9.0033,1.02307
9.0048,1.0231
9.0063,1.02312
9.0078,1.02314
9.0093,1.02316
9.0108,1.02318
9.0123,1.02321
9.0138,1.02323
9.0153,1.02326
9.0168,1.02329
9.0183,1.02332
9.0198,1.02335
9.0213,1.02338
9.0228,1.02341
9.0243,1.02344
9.0258,1.02348
9.0273,1.02351
9.0288,1.02355
9.0303,1.02358
9.0318,1.02362
9.0333,1.02366
9.0348,1.0237
9.0363,1.02374
9.0378,1.02378
9.0393,1.02383
9.0408,1.02387
9.0423,1.02391
9.0438,1.02396
9.0453,1.02401
9.0468,1.02406
9.0483,1.0241
9.0498,1.02415
9.0513,1.0242
9.0528,1.02426
9.0543,1.02431
9.0558,1.02436
9.0573,1.02441
9.0588,1.02447
9.0603,1.02452
9.0618,1.02458
9.0633,1.02463
9.06481,1.02469
9.06631,1.02475
9.06781,1.0248
9.06931,1.02486
9.07081,1.02491
9.07231,1.02497
9.07381,1.02502
9.07531,1.02508
9.07681,1.02513
9.07831,1.02519
9.07981,1.02524
9.08131,1.02529
9.08281,1.02534
9.08431,1.02539
9.08581,1.02544
9.08731,1.02549
9.08881,1.02553
9.09031,1.02558
9.09181,1.02562
9.09331,1.02566
9.09481,1.02571
9.09631,1.02575
9.09781,1.02578
9.09931,1.02582
9.10081,1.02586
9.10231,1.02589
9.10381,1.02593
9.10531,1.02596
9.10681,1.02599
9.10831,1.02602
9.10981,1.02605
9.11131,1.02608
9.11281,1.02611
9.11431,1.02614
9.11581,1.02617
9.11731,1.0262
9.11881,1.02622
9.12031,1.02625
9.12181,1.02628
9.12331,1.0263
9.12481,1.02633
9.12631,1.02636
9.12781,1.02639
9.12931,1.02641
9.13081,1.02644
9.13231,1.02647
9.13381,1.0265
9.13531,1.02653
9.13681,1.02655
9.13831,1.02658
9.13981,1.02661
9.14131,1.02665
9.14281,1.02668
9.14431,1.02671
9.14581,1.02674
9.14731,1.02678
9.14881,1.02681
9.15031,1.02685
9.15181,1.02688
9.15331,1.02692
9.15481,1.02695
9.15631,1.02698
9.15781,1.02702
9.15931,1.02706
9.16081,1.02709
9.16231,1.02713
9.16381,1.02716
9.16531,1.02719
9.16681,1.02723
9.16831,1.02726
9.16981,1.0273
9.17131,1.02733
9.17281,1.02736
9.17431,1.02739
9.17581,1.02742
9.17731,1.02745
9.17881,1.02748
9.18032,1.0275
9.18182,1.02753
9.18332,1.02755
9.18482,1.02758
9.18632,1.0276
9.18782,1.02762
9.18932,1.02764
9.19082,1.02766
9.19232,1.02768
9.19382,1.0277
9.19532,1.02771
9.19682,1.02773
9.19832,1.02774
9.19982,1.02776
9.20132,1.02777
9.20282,1.02778
9.20432,1.02779
9.20582,1.0278
9.20732,1.02781
9.20882,1.02782
9.21032,1.02783
9.21182,1.02784
9.21332,1.02785
9.21482,1.02786
9.21632,1.02787
9.21782,1.02788
9.21932,1.02789
9.22082,1.02791
9.22232,1.02792
9.22382,1.02793
9.22532,1.02794
9.22682,1.02796
9.22832,1.02797
9.22982,1.02799
9.23132,1.028
9.23282,1.02802
9.23432,1.02804
9.23582,1.02805
9.23732,1.02807
9.23882,1.02809
9.24032,1.02811
9.24182,1.02814
9.24332,1.02816
9.24482,1.02819
9.24632,1.02821
9.24782,1.02823
9.24932,1.02826
9.25082,1.02829
9.25232,1.02832
9.25382,1.02835
9.25532,1.02839
9.25682,1.02842
9.25832,1.02846
9.25982,1.0285
9.26132,1.02854
9.26282,1.02858
9.26432,1.02862
9.26582,1.02866
9.26732,1.02871
9.26882,1.02876
9.27032,1.02881
9.27182,1.02885
9.27332,1.02891
9.27482,1.02896
9.27632,1.02901
9.27782,1.02907
9.27932,1.02912
9.28082,1.02918
9.28232,1.02924
9.28382,1.0293
9.28532,1.02936
9.28682,1.02942
9.28832,1.02948
9.28982,1.02955
9.29132,1.02961
9.29282,1.02967
9.29432,1.02974
9.29583,1.0298
9.29733,1.02987
9.29883,1.02994
9.30033,1.03001
9.30183,1.03007
9.30333,1.03014
9.30483,1.03021
9.30633,1.03029
9.30783,1.03036
9.30933,1.03043
9.31083,1.03051
9.31233,1.03058
9.31383,1.03066
9.31533,1.03074
9.31683,1.03082
9.31833,1.03089
9.31983,1.03098
9.32133,1.03106
9.32283,1.03115
9.32433,1.03123
9.32583,1.03132
9.32733,1.03141
9.32883,1.03151
9.33033,1.0316
9.33183,1.0317
9.33333,1.0318
9.33483,1.0319
9.33633,1.03201
9.33783,1.03211
9.33933,1.03222
9.34083,1.03233
9.34233,1.03244
9.34383,1.03255
9.34533,1.03266
9.34683,1.03278
9.34833,1.03289
9.34983,1.03301
9.35133,1.03312
9.35283,1.03324
9.35433,1.03335
9.35583,1.03347
9.35733,1.03358
9.35883,1.0337
9.36033,1.03381
9.36183,1.03393
9.36333,1.03404
9.36483,1.03415
9.36633,1.03426
9.36783,1.03437
9.36933,1.03448
9.37083,1.03459
9.37233,1.03469
9.37383,1.0348
9.37533,1.0349
9.37683,1.03501
9.37833,1.03511
9.37983,1.03522
9.38133,1.03532
9.38283,1.03542
9.38433,1.03553
9.38583,1.03564
9.38733,1.03574
9.38883,1.03585
9.39033,1.03595
9.39183,1.03606
9.39333,1.03616
9.39483,1.03627
9.39633,1.03638
9.39783,1.03648
9.39933,1.03659
9.40083,1.03669
9.40233,1.0368
9.40383,1.0369
9.40533,1.037
9.40683,1.0371
9.40833,1.0372
9.40983,1.03729
9.41133,1.03738
9.41284,1.03747
9.41434,1.03756
9.41584,1.03764
9.41734,1.03772
9.41884,1.0378
9.42034,1.03787
9.42184,1.03794
9.42334,1.038
9.42484,1.03807
9.42634,1.03813
9.42784,1.03818
9.42934,1.03823
9.43084,1.03828
9.43234,1.03833
9.43384,1.03838
9.43534,1.03842
9.43684,1.03846
9.43834,1.0385
9.43984,1.03854
9.44134,1.03857
9.44284,1.03861
9.44434,1.03865
9.44584,1.03868
9.44734,1.03872
9.44884,1.03876
9.45034,1.03879
9.45184,1.03883
9.45334,1.03887
9.45484,1.03892
9.45634,1.03896
9.45784,1.03901
9.45934,1.03906
9.46084,1.03911
9.46234,1.03917
9.46384,1.03923
9.46534,1.03929
9.46684,1.03936
9.46834,1.03943
9.46984,1.0395
9.47134,1.03958
9.47284,1.03966
9.47434,1.03974
9.47584,1.03983
9.47734,1.03992
9.47884,1.04001
9.48034,1.04011
9.48184,1.04021
9.48334,1.04031
9.48484,1.04041
9.48634,1.04051
9.48784,1.04061
9.48934,1.04071
9.49084,1.04082
9.49234,1.04092
9.49384,1.04101
9.49534,1.04111
9.49684,1.0412
9.49834,1.04129
9.49984,1.04138
9.50134,1.04146
9.50284,1.04154
9.50434,1.04161
9.50584,1.04168
9.50734,1.04174
9.50884,1.0418
9.51034,1.04186
9.51184,1.04191
9.51334,1.04196
9.51484,1.042
9.51634,1.04203
9.51784,1.04207
9.51934,1.04209
9.52084,1.04212
9.52234,1.04214
9.52384,1.04215
9.52534,1.04216
9.52684,1.04217
9.52835,1.04217
9.52985,1.04217
9.53135,1.04217
9.53285,1.04216
9.53435,1.04215
9.53585,1.04214
9.53735,1.04212
9.53885,1.0421
9.54035,1.04207
9.54185,1.04204
9.54335,1.04201
9.54485,1.04197
9.54635,1.04194
9.54785,1.0419
9.54935,1.04185
9.55085,1.04181
9.55235,1.04176
9.55385,1.04171
9.55535,1.04166
9.55685,1.04161
9.55835,1.04155
9.55985,1.0415
9.56135,1.04144
9.56285,1.04139
9.56435,1.04133
9.56585,1.04127
9.56735,1.04122
9.56885,1.04116
9.57035,1.0411
9.57185,1.04104
9.57335,1.04098
9.57485,1.04093
9.57635,1.04087
9.57785,1.04081
9.57935,1.04075
9.58085,1.04069
9.58235,1.04063
9.58385,1.04057
9.58535,1.04051
9.58685,1.04045
9.58835,1.04038
9.58985,1.04031
9.59135,1.04024
9.59285,1.04017
9.59435,1.04009
9.59585,1.04001
9.59735,1.03992
9.59885,1.03983
9.60035,1.03973
9.60185,1.03963
9.60335,1.03953
9.60485,1.03943
9.60635,1.03931
9.60785,1.0392
9.60935,1.03908
9.61085,1.03896
9.61235,1.03883
9.61385,1.0387
9.61535,1.03857
9.61685,1.03843
9.61835,1.03829
9.61985,1.03814
9.62135,1.038
9.62285,1.03785
9.62435,1.03769
9.62585,1.03754
9.62735,1.03738
9.62885,1.03723
9.63035,1.03706
9.63185,1.0369
9.63335,1.03674
9.63485,1.03657
9.63635,1.0364
9.63785,1.03623
9.63935,1.03606
9.64085,1.03589
9.64235,1.03571
9.64386,1.03554
9.64536,1.03536
9.64686,1.03519
9.64836,1.03501
9.64986,1.03483
9.65136,1.03465
9.65286,1.03448
9.65436,1.0343
9.65586,1.03412
9.65736,1.03395
9.65886,1.03377
9.66036,1.0336
9.66186,1.03343
9.66336,1.03326
9.66486,1.03309
9.66636,1.03292
9.66786,1.03276
9.66936,1.0326
9.67086,1.03245
9.67236,1.03229
9.67386,1.03214
9.67536,1.03199
9.67686,1.03184
9.67836,1.0317
9.67986,1.03156
9.68136,1.03142
9.68286,1.03129
9.68436,1.03116
9.68586,1.03103
9.68736,1.0309
9.68886,1.03078
9.69036,1.03066
9.69186,1.03054
9.69336,1.03043
9.69486,1.03032
9.69636,1.03021
9.69786,1.0301
9.69936,1.03
9.70086,1.0299
9.70236,1.0298
9.70386,1.0297
9.70536,1.02961
9.70686,1.02952
9.70836,1.02943
9.70986,1.02935
9.71136,1.02926
9.71286,1.02918
9.71436,1.0291
9.71586,1.02902
9.71736,1.02895
9.71886,1.02887
9.72036,1.0288
9.72186,1.02873
9.72336,1.02866
9.72486,1.02859
9.72636,1.02852
9.72786,1.02845
9.72936,1.02839
9.73086,1.02833
9.73236,1.02826
9.73386,1.0282
9.73536,1.02814
9.73686,1.02808
9.73836,1.02802
9.73986,1.02796
9.74136,1.0279
9.74286,1.02784
9.74436,1.02779
9.74586,1.02773
9.74736,1.02768
9.74886,1.02763
9.75036,1.02758
9.75186,1.02753
9.75336,1.02748
9.75486,1.02743
9.75636,1.02739
9.75786,1.02734
9.75937,1.0273
9.76087,1.02725
9.76237,1.02721
9.76387,1.02716
9.76537,1.02711
9.76687,1.02707
9.76837,1.02702
9.76987,1.02696
9.77137,1.02691
9.77287,1.02685
9.77437,1.02679
9.77587,1.02673
9.77737,1.02666
9.77887,1.02659
9.78037,1.02652
9.78187,1.02644
9.78337,1.02636
9.78487,1.02627
9.78637,1.02618
9.78787,1.02609
9.78937,1.02599
9.79087,1.02589
9.79237,1.02579
9.79387,1.02568
9.79537,1.02557
9.79687,1.02546
9.79837,1.02535
9.79987,1.02523
9.80137,1.02511
9.80287,1.02499
9.80437,1.02487
9.80587,1.02475
9.80737,1.02462
9.80887,1.0245
9.81037,1.02437
9.81187,1.02425
9.81337,1.02412
9.81487,1.024
9.81637,1.02387
9.81787,1.02375
9.81937,1.02363
9.82087,1.02351
9.82237,1.02339
9.82387,1.02328
9.82537,1.02317
9.82687,1.02306
9.82837,1.02295
9.82987,1.02285
9.83137,1.02275
9.83287,1.02265
9.83437,1.02255
9.83587,1.02246
9.83737,1.02236
9.83887,1.02227
9.84037,1.02218
9.84187,1.02208
9.84337,1.02199
9.84487,1.0219
9.84637,1.02181
9.84787,1.02171
9.84937,1.02162
9.85087,1.02152
9.85237,1.02142
9.85387,1.02131
9.85537,1.0212
9.85687,1.02109
9.85837,1.02098
9.85987,1.02086
9.86137,1.02074
9.86287,1.02061
9.86437,1.02048
9.86587,1.02034
9.86737,1.02021
9.86887,1.02006
9.87037,1.01991
9.87187,1.01976
9.87337,1.01961
9.87488,1.01945
9.87638,1.01929
9.87788,1.01912
9.87938,1.01896
9.88088,1.01879
9.88238,1.01861
9.88388,1.01844
9.88538,1.01826
9.88688,1.01809
9.88838,1.0179
9.88988,1.01772
9.89138,1.01754
9.89288,1.01736
9.89438,1.01718
9.89588,1.017
9.89738,1.01681
9.89888,1.01663
9.90038,1.01645
9.90188,1.01627
9.90338,1.0161
9.90488,1.01592
9.90638,1.01575
9.90788,1.01558
9.90938,1.01541
9.91088,1.01524
9.91238,1.01508
9.91388,1.01492
9.91538,1.01475
9.91688,1.0146
9.91838,1.01444
9.91988,1.01428
9.92138,1.01413
9.92288,1.01398
9.92438,1.01383
9.92588,1.01368
9.92738,1.01353
9.92888,1.01338
9.93038,1.01323
9.93188,1.01308
9.93338,1.01294
9.93488,1.01279
9.93638,1.01264
9.93788,1.0125
9.93938,1.01236
9.94088,1.01222
9.94238,1.01207
9.94388,1.01194
9.94538,1.0118
9.94688,1.01166
9.94838,1.01153
9.94988,1.0114
9.95138,1.01128
9.95288,1.01115
9.95438,1.01103
9.95588,1.01092
9.95738,1.01081
9.95888,1.0107
9.96038,1.0106
9.96188,1.01051
9.96338,1.01042
9.96488,1.01033
9.96638,1.01025
9.96788,1.01018
9.96938,1.01011
9.97088,1.01005
9.97238,1.00999
9.97388,1.00994
9.97538,1.00989
9.97688,1.00985
9.97838,1.00981
9.97988,1.00978
9.98138,1.00975
9.98288,1.00972
9.98438,1.0097
9.98588,1.00968
9.98738,1.00966
9.98888,1.00964
9.99039,1.00962
9.99189,1.00961
9.99339,1.00959
9.99489,1.00958
9.99639,1.00957
9.99789,1.00955
9.99939,1.00954
10.0009,1.00952
10.0024,1.0095
10.0039,1.00949
10.0054,1.00947
10.0069,1.00945
10.0084,1.00943
10.0099,1.0094
10.0114,1.00938
10.0129,1.00935
10.0144,1.00933
10.0159,1.0093
10.0174,1.00927
10.0189,1.00924
10.0204,1.0092
10.0219,1.00917
10.0234,1.00913
10.0249,1.0091
10.0264,1.00906
10.0279,1.00901
10.0294,1.00897
10.0309,1.00892
10.0324,1.00888
10.0339,1.00883
10.0354,1.00878
10.0369,1.00873
10.0384,1.00868
10.0399,1.00863
10.0414,1.00858
10.0429,1.00853
10.0444,1.00848
10.0459,1.00843
10.0474,1.00838
10.0489,1.00833
10.0504,1.00828
10.0519,1.00824
10.0534,1.00819
10.0549,1.00815
10.0564,1.0081
10.0579,1.00806
10.0594,1.00802
10.0609,1.00798
10.0624,1.00795
10.0639,1.00791
10.0654,1.00787
10.0669,1.00784
10.0684,1.0078
10.0699,1.00777
10.0714,1.00774
10.0729,1.0077
10.0744,1.00767
10.0759,1.00764
10.0774,1.0076
10.0789,1.00757
10.0804,1.00753
10.0819,1.0075
10.0834,1.00746
10.0849,1.00743
10.0864,1.00739
10.0879,1.00735
10.0894,1.00731
10.0909,1.00727
10.0924,1.00723
10.0939,1.00719
10.0954,1.00714
10.0969,1.0071
10.0984,1.00705
10.0999,1.007
10.1014,1.00695
10.1029,1.0069
10.1044,1.00685
10.1059,1.0068
10.1074,1.00674
10.1089,1.00669
10.1104,1.00664
10.1119,1.00658
10.1134,1.00653
10.1149,1.00649
10.1164,1.00644
10.1179,1.00639
10.1194,1.00635
10.1209,1.00631
10.1224,1.00627
10.1239,1.00623
10.1254,1.0062
10.1269,1.00617
10.1284,1.00615
10.1299,1.00612
10.1314,1.00611
10.1329,1.00609
10.1344,1.00608
10.1359,1.00606
10.1374,1.00606
10.1389,1.00605
10.1404,1.00605
10.1419,1.00605
10.1434,1.00605
10.1449,1.00605
10.1464,1.00605
10.1479,1.00605
10.1494,1.00606
10.1509,1.00606
10.1524,1.00607
10.1539,1.00608
10.1554,1.00609
10.1569,1.0061
10.1584,1.00611
10.1599,1.00613
10.1614,1.00614
10.1629,1.00616
10.1644,1.00617
10.1659,1.00619
10.1674,1.00621
10.1689,1.00623
10.1704,1.00625
10.1719,1.00627
10.1734,1.00629
10.1749,1.00632
10.1764,1.00635
10.1779,1.00637
10.1794,1.0064
10.1809,1.00643
10.1824,1.00646
10.1839,1.00649
10.1854,1.00652
10.1869,1.00655
10.1884,1.00657
10.1899,1.0066
10.1914,1.00663
10.1929,1.00665
10.1944,1.00668
10.1959,1.0067
10.1974,1.00673
10.1989,1.00675
10.2004,1.00677
10.2019,1.00678
10.2034,1.0068
10.2049,1.00682
10.2064,1.00683
10.2079,1.00685
10.2094,1.00686
10.2109,1.00687
10.2124,1.00688
10.2139,1.0069
10.2154,1.00691
10.2169,1.00692
10.2184,1.00693
10.2199,1.00694
10.2214,1.00695
10.2229,1.00696
10.2244,1.00697
10.2259,1.00698
10.2274,1.00699
10.2289,1.007
10.2304,1.00701
10.2319,1.00702
10.2334,1.00703
10.2349,1.00704
10.2364,1.00704
10.2379,1.00705
10.2394,1.00705
10.2409,1.00706
10.2424,1.00706
10.2439,1.00706
10.2454,1.00707
10.2469,1.00706
10.2484,1.00707
10.2499,1.00707
10.2514,1.00706
10.2529,1.00706
10.2544,1.00706
10.2559,1.00705
10.2574,1.00705
10.2589,1.00704
10.2604,1.00703
10.2619,1.00702
10.2634,1.00701
10.2649,1.00699
10.2664,1.00698
10.2679,1.00696
10.2694,1.00694
10.2709,1.00692
10.2724,1.0069
10.2739,1.00687
10.2754,1.00684
10.2769,1.00681
10.2784,1.00678
10.2799,1.00674
10.2814,1.0067
10.2829,1.00665
10.2844,1.0066
10.2859,1.00655
10.2874,1.0065
10.2889,1.00644
10.2904,1.00638
10.2919,1.00632
10.2934,1.00625
10.2949,1.00618
10.2964,1.0061
10.2979,1.00602
10.2994,1.00594
10.3009,1.00585
10.3024,1.00577
10.3039,1.00567
10.3054,1.00558
10.3069,1.00548
10.3084,1.00538
10.3099,1.00528
10.3114,1.00517
10.3129,1.00507
10.3144,1.00496
10.3159,1.00485
10.3174,1.00474
10.3189,1.00463
10.3204,1.00452
10.3219,1.00441
10.3234,1.00429
10.3249,1.00418
10.3264,1.00407
10.3279,1.00396
10.3294,1.00386
10.3309,1.00375
10.3324,1.00365
10.3339,1.00355
10.3354,1.00345
10.3369,1.00336
10.3384,1.00327
10.3399,1.00318
10.3414,1.0031
10.3429,1.00303
10.3444,1.00295
10.3459,1.00288
10.3474,1.00282
10.3489,1.00275
10.3504,1.0027
10.3519,1.00264
10.3534,1.00259
10.3549,1.00254
10.3564,1.0025
10.3579,1.00246
10.3594,1.00243
10.3609,1.0024
10.3624,1.00237
10.3639,1.00234
10.3654,1.00232
10.3669,1.0023
10.3684,1.00228
10.3699,1.00226
10.3714,1.00224
10.3729,1.00223
10.3744,1.00222
10.3759,1.00221
10.3774,1.0022
10.3789,1.0022
10.3804,1.00219
10.3819,1.00219
10.3834,1.00218
10.3849,1.00218
10.3864,1.00217
10.3879,1.00217
10.3894,1.00216
10.3909,1.00215
10.3924,1.00215
10.3939,1.00214
10.3954,1.00213
10.3969,1.00212
10.3984,1.00211
10.3999,1.0021
10.4014,1.00209
10.4029,1.00208
10.4044,1.00206
10.4059,1.00205
10.4074,1.00203
10.4089,1.00201
10.4104,1.00199
10.4119,1.00197
10.4134,1.00195
10.4149,1.00193
10.4164,1.00191
10.4179,1.00188
10.4194,1.00186
10.4209,1.00184
10.4224,1.00182
10.4239,1.0018
10.4254,1.00178
10.4269,1.00176
10.4284,1.00174
10.4299,1.00172
10.4314,1.00171
10.4329,1.00169
10.4344,1.00168
10.4359,1.00168
10.4374,1.00167
10.4389,1.00167
10.4404,1.00166
10.4419,1.00166
10.4434,1.00167
10.4449,1.00167
10.4464,1.00168
10.4479,1.00169
10.4494,1.0017
10.4509,1.00172
10.4524,1.00174
10.4539,1.00176
10.4554,1.00178
10.4569,1.00181
10.4584,1.00184
10.4599,1.00187
10.4614,1.0019
10.4629,1.00194
10.4644,1.00198
10.4659,1.00202
10.4674,1.00206
10.4689,1.0021
10.4704,1.00215
10.4719,1.00219
10.4734,1.00224
10.4749,1.00229
10.4764,1.00234
10.4779,1.00239
10.4794,1.00244
10.4809,1.0025
10.4824,1.00255
10.4839,1.0026
10.4854,1.00265
10.4869,1.0027
10.4884,1.00275
10.4899,1.0028
10.4914,1.00285
10.4929,1.0029
10.4944,1.00295
10.4959,1.003
10.4974,1.00304
10.4989,1.00309
10.5004,1.00313
10.5019,1.00317
10.5034,1.00322
10.5049,1.00326
10.5064,1.0033
10.5079,1.00334
10.5094,1.00337
10.5109,1.00341
10.5124,1.00345
10.5139,1.00349
10.5154,1.00353
10.5169,1.00356
10.5184,1.0036
10.5199,1.00364
10.5214,1.00368
10.5229,1.00372
10.5244,1.00376
10.5259,1.0038
10.5274,1.00384
10.5289,1.00389
10.5304,1.00393
10.5319,1.00398
10.5334,1.00403
10.5349,1.00407
10.5364,1.00412
10.5379,1.00417
10.5394,1.00422
10.5409,1.00428
10.5424,1.00433
10.5439,1.00438
10.5454,1.00444
10.5469,1.00449
10.5484,1.00455
10.5499,1.0046
10.5514,1.00466
10.5529,1.00471
10.5544,1.00476
10.5559,1.00482
10.5574,1.00487
10.5589,1.00492
10.5604,1.00497
10.5619,1.00502
10.5634,1.00506
10.5649,1.00511
10.5664,1.00515
10.5679,1.00519
10.5694,1.00523
10.5709,1.00527
10.5724,1.0053
10.5739,1.00534
10.5754,1.00536
10.5769,1.00539
10.5784,1.00542
10.5799,1.00544
10.5814,1.00546
10.5829,1.00548
10.5844,1.00549
10.5859,1.00551
10.5874,1.00552
10.5889,1.00553
10.5904,1.00554
10.5919,1.00555
10.5934,1.00555
10.5949,1.00555
10.5964,1.00556
10.5979,1.00556
10.5994,1.00556
10.6009,1.00556
10.6024,1.00556
10.6039,1.00556
10.6054,1.00556
10.6069,1.00556
10.6084,1.00555
10.6099,1.00555
10.6114,1.00555
10.6129,1.00555
10.6144,1.00555
10.6159,1.00555
10.6174,1.00555
10.6189,1.00556
10.6204,1.00556
10.6219,1.00557
10.6234,1.00557
10.6249,1.00558
10.6264,1.00559
10.6279,1.0056
10.6294,1.00561
10.6309,1.00562
10.6324,1.00564
10.6339,1.00566
10.6354,1.00567
10.6369,1.00569
10.6384,1.00571
10.6399,1.00574
10.6414,1.00576
10.6429,1.00578
10.6444,1.00581
10.6459,1.00583
10.6474,1.00586
10.6489,1.00588
10.6504,1.00591
10.6519,1.00594
10.6534,1.00596
10.6549,1.00599
10.6564,1.00601
10.6579,1.00603
10.6594,1.00605
10.6609,1.00607
10.6624,1.00609
10.6639,1.00611
10.6654,1.00613
10.6669,1.00614
10.6684,1.00616
10.6699,1.00617
10.6714,1.00618
10.6729,1.00619
10.6744,1.0062
10.6759,1.00621
10.6774,1.00622
10.6789,1.00622
10.6804,1.00623
10.6819,1.00624
10.6834,1.00624
10.6849,1.00625
10.6864,1.00626
10.6879,1.00627
10.6894,1.00627
10.6909,1.00628
10.6924,1.00629
10.6939,1.0063
10.6954,1.00631
10.6969,1.00633
10.6984,1.00634
10.6999,1.00636
10.7014,1.00637
10.7029,1.00639
10.7044,1.00641
10.7059,1.00643
10.7074,1.00646
10.7089,1.00648
10.7104,1.00651
10.7119,1.00653
10.7134,1.00656
10.7149,1.00659
10.7164,1.00662
10.7179,1.00664
10.7194,1.00667
10.7209,1.0067
10.7224,1.00673
10.7239,1.00676
10.7254,1.00679
10.7269,1.00682
10.7284,1.00685
10.7299,1.00688
10.7314,1.00691
10.7329,1.00693
10.7344,1.00695
10.7359,1.00698
10.7374,1.007
10.7389,1.00701
10.7404,1.00703
10.742,1.00705
10.7435,1.00706
10.745,1.00707
10.7465,1.00708
10.748,1.00709
10.7495,1.00709
10.751,1.0071
10.7525,1.0071
10.754,1.0071
10.7555,1.0071
10.757,1.00709
10.7585,1.00708
10.76,1.00708
10.7615,1.00707
10.763,1.00705
10.7645,1.00704
10.766,1.00702
10.7675,1.00701
10.769,1.00699
10.7705,1.00697
10.772,1.00694
10.7735,1.00692
10.775,1.00689
10.7765,1.00687
10.778,1.00684
10.7795,1.00681
10.781,1.00678
10.7825,1.00675
10.784,1.00673
10.7855,1.0067
10.787,1.00667
10.7885,1.00664
10.79,1.00661
10.7915,1.00658
10.793,1.00655
10.7945,1.00652
10.796,1.00649
10.7975,1.00647
10.799,1.00644
10.8005,1.00642
10.802,1.00639
10.8035,1.00637
10.805,1.00634
10.8065,1.00632
10.808,1.0063
10.8095,1.00628
10.811,1.00626
10.8125,1.00624
10.814,1.00621
10.8155,1.00619
10.817,1.00617
10.8185,1.00615
10.82,1.00612
10.8215,1.0061
10.823,1.00607
10.8245,1.00604
10.826,1.00602
10.8275,1.00598
10.829,1.00595
10.8305,1.00592
10.832,1.00588
10.8335,1.00585
10.835,1.00581
10.8365,1.00577
10.838,1.00573
10.8395,1.00569
10.841,1.00565
10.8425,1.00561
10.844,1.00556
10.8455,1.00552
10.847,1.00548
10.8485,1.00543
10.85,1.00539
10.8515,1.00534
10.853,1.0053
10.8545,1.00526
10.856,1.00521
10.8575,1.00517
10.859,1.00513
10.8605,1.00509
10.862,1.00505
10.8635,1.00501
10.865,1.00498
10.8665,1.00495
10.868,1.00491
10.8695,1.00488
10.871,1.00485
10.8725,1.00482
10.874,1.00479
10.8755,1.00476
10.877,1.00473
10.8785,1.0047
10.88,1.00468
10.8815,1.00465
10.883,1.00462
10.8845,1.00459
10.886,1.00456
10.8875,1.00453
10.889,1.0045
10.8905,1.00446
10.892,1.00443
10.8935,1.00439
10.895,1.00436
10.8965,1.00432
10.898,1.00428
10.8995,1.00424
10.901,1.00419
10.9025,1.00415
10.904,1.0041
10.9055,1.00405
10.907,1.004
10.9085,1.00395
10.91,1.00389
10.9115,1.00383
10.913,1.00377
10.9145,1.00371
10.916,1.00365
10.9175,1.00358
10.919,1.00352
10.9205,1.00345
10.922,1.00338
10.9235,1.00331
10.925,1.00323
10.9265,1.00316
10.928,1.00308
10.9295,1.00301
10.931,1.00293
10.9325,1.00285
10.934,1.00277
10.9355,1.00269
10.937,1.00262
10.9385,1.00254
10.94,1.00246
10.9415,1.00238
10.943,1.0023
10.9445,1.00222
10.946,1.00214
10.9475,1.00207
10.949,1.00199
10.9505,1.00191
10.952,1.00184
10.9535,1.00176
10.955,1.00168
10.9565,1.00161
10.958,1.00154
10.9595,1.00146
10.961,1.00139
10.9625,1.00131
10.964,1.00124
10.9655,1.00117
10.967,1.0011
10.9685,1.00102
10.97,1.00095
10.9715,1.00088
10.973,1.0008
10.9745,1.00073
10.976,1.00066
10.9775,1.00059
10.979,1.00052
10.9805,1.00045
10.982,1.00038
10.9835,1.00031
10.985,1.00024
10.9865,1.00017
10.988,1.00011
10.9895,1.00004
10.991,0.999979
10.9925,0.999917
10.994,0.999856
10.9955,0.999799
10.997,0.999744
10.9985,0.99969
11,0.999639
11.0015,0.999588
11.003,0.999542
11.0045,0.999497
11.006,0.999454
11.0075,0.999413
11.009,0.999375
11.0105,0.99934
11.012,0.999306
11.0135,0.999276
11.015,0.999247
11.0165,0.999222
11.018,0.999197
11.0195,0.999173
11.021,0.999152
11.0225,0.999133
11.024,0.999115
11.0255,0.999099
11.027,0.999083
11.0285,0.99907
11.03,0.999057
11.0315,0.999045
11.033,0.999034
11.0345,0.999023
11.036,0.999014
11.0375,0.999004
11.039,0.998995
11.0405,0.998986
11.042,0.998976
11.0435,0.998967
11.045,0.998957
11.0465,0.998948
11.048,0.998937
11.0495,0.998925
11.051,0.998913
11.0525,0.9989
11.054,0.998887
11.0555,0.998871
11.057,0.998856
11.0585,0.99884
11.06,0.998821
11.0615,0.998801
11.063,0.998782
11.0645,0.99876
11.066,0.998738
11.0675,0.998714
11.069,0.99869
11.0705,0.998665
11.072,0.998637
11.0735,0.998608
11.075,0.99858
11.0765,0.99855
11.078,0.998519
11.0795,0.998486
11.081,0.998452
11.0825,0.998418
11.084,0.998383
11.0855,0.998348
11.087,0.998311
11.0885,0.998273
11.09,0.998235
11.0915,0.998195
11.093,0.998156
11.0945,0.998116
11.096,0.998075
11.0975,0.998034
11.099,0.997993
11.1005,0.99795
11.102,0.997909
11.1035,0.997868
11.105,0.997827
11.1065,0.997785
11.108,0.997745
11.1095,0.997702
11.111,0.997663
11.1125,0.997623
11.114,0.997584
11.1155,0.997546
11.117,0.997508
11.1185,0.99747
11.12,0.997435
11.1215,0.9974
11.123,0.997365
11.1245,0.997333
11.126,0.997301
11.1275,0.99727
11.129,0.997241
11.1305,0.997212
11.132,0.997184
11.1335,0.997159
11.135,0.997136
11.1365,0.997111
11.138,0.997088
11.1395,0.997065
11.141,0.997045
11.1425,0.997025
11.144,0.997004
11.1455,0.996987
11.147,0.996968
11.1485,0.996952
11.15,0.996936
11.1515,0.996919
11.153,0.996905
11.1545,0.99689
11.156,0.996875
11.1575,0.996862
11.159,0.996849
11.1605,0.996835
11.162,0.996824
11.1635,0.99681
11.165,0.9968
11.1665,0.996789
11.168,0.996778
11.1695,0.996769
11.171,0.996756
11.1725,0.996747
11.174,0.996737
11.1755,0.996726
11.177,0.996716
11.1785,0.996706
11.18,0.996695
11.1815,0.996686
11.183,0.996675
11.1845,0.996663
11.186,0.996653
11.1875,0.996643
11.189,0.99663
11.1905,0.996618
11.192,0.996606
11.1935,0.996594
11.195,0.996581
11.1965,0.996568
11.198,0.996554
11.1995,0.99654
11.201,0.996525
11.2025,0.996511
11.204,0.996494
11.2055,0.996479
11.207,0.996462
11.2085,0.996445
11.21,0.996426
11.2115,0.996407
11.213,0.996388
11.2145,0.996368
11.216,0.996348
11.2175,0.996326
11.219,0.996305
11.2205,0.996282
11.222,0.996258
11.2235,0.996234
11.225,0.996208
11.2265,0.996182
11.228,0.996156
11.2295,0.996128
11.231,0.9961
11.2325,0.996071
11.234,0.996041
11.2355,0.996011
11.237,0.995979
11.2385,0.995947
11.24,0.995916
11.2415,0.995884
11.243,0.995851
11.2445,0.995819
11.246,0.995786
11.2475,0.995753
11.249,0.995719
11.2505,0.995686
11.252,0.995651
11.2535,0.995618
11.255,0.995583
11.2565,0.995551
11.258,0.995516
11.2595,0.995483
11.261,0.99545
11.2625,0.995417
11.264,0.995384
11.2655,0.995351
11.267,0.99532
11.2685,0.995289
11.27,0.995259
11.2715,0.995228
11.273,0.9952
11.2745,0.995172
11.276,0.995145
11.2775,0.99512
11.279,0.995094
11.2805,0.99507
11.282,0.995048
11.2835,0.995026
11.285,0.995004
11.2865,0.994985
11.288,0.994966
11.2895,0.994946
11.291,0.994928
11.2925,0.994909
11.294,0.994892
11.2955,0.994874
11.297,0.994856
11.2985,0.99484
11.3,0.994821
11.3015,0.994804
11.303,0.994785
11.3045,0.994767
11.306,0.994748
11.3075,0.994728
11.309,0.994707
11.3105,0.994686
11.312,0.994664
11.3135,0.994641
11.315,0.994617
11.3165,0.994592
11.318,0.994567
11.3195,0.994539
11.321,0.994512
11.3225,0.994481
11.324,0.994451
11.3255,0.994419
11.327,0.994387
11.3285,0.99435
11.33,0.994315
11.3315,0.994278
11.333,0.994238
11.3345,0.994197
11.336,0.994156
11.3375,0.994112
11.339,0.994067
11.3405,0.994021
11.342,0.993973
11.3435,0.993923
11.345,0.993873
11.3465,0.993822
11.348,0.993768
11.3495,0.993713
11.351,0.993657
11.3525,0.993599
11.354,0.993542
11.3555,0.993482
11.357,0.993424
11.3585,0.993364
11.36,0.993303
11.3615,0.993241
11.363,0.993178
11.3645,0.993117
11.366,0.993055
11.3675,0.992993
11.369,0.992929
11.3705,0.992869
11.372,0.992808
11.3735,0.992746
11.375,0.992687
11.3765,0.992627
11.378,0.99257
11.3795,0.992514
11.381,0.992458
11.3825,0.992405
11.384,0.992353
11.3855,0.992303
11.387,0.992256
11.3885,0.992209
11.39,0.992167
11.3915,0.992126
11.393,0.992088
11.3945,0.992054
11.396,0.992021
11.3975,0.991993
11.399,0.991968
11.4005,0.991945
11.402,0.991926
11.4035,0.991909
11.405,0.991896
11.4065,0.991885
11.408,0.991879
11.4095,0.991874
11.411,0.991872
11.4125,0.991875
11.414,0.991878
11.4155,0.991883
11.417,0.991894
11.4185,0.991904
11.42,0.99192
11.4215,0.991935
11.423,0.991953
11.4245,0.991973
11.426,0.991994
11.4275,0.992018
11.429,0.992043
11.4305,0.99207
11.432,0.992097
11.4335,0.992126
11.435,0.992158
11.4365,0.992189
11.438,0.992223
11.4395,0.992256
11.441,0.99229
11.4425,0.992326
11.444,0.992363
11.4455,0.992398
11.447,0.992436
11.4485,0.992474
11.45,0.992513
11.4515,0.992552
11.453,0.992592
11.4545,0.992632
11.456,0.992671
11.4575,0.992711
11.459,0.992752
11.4605,0.992793
11.462,0.992835
11.4635,0.992877
11.465,0.992919
11.4665,0.992961
11.468,0.993005
11.4695,0.993049
11.471,0.993092
11.4725,0.993137
11.474,0.993183
11.4755,0.993229
11.477,0.993276
11.4785,0.993323
11.48,0.99337
11.4815,0.993419
11.483,0.993469
11.4845,0.993519
11.486,0.993569
11.4875,0.993619
11.489,0.993671
11.4905,0.993723
11.492,0.993773
11.4935,0.993825
11.495,0.993877
11.4965,0.993931
11.498,0.993983
11.4995,0.994035
11.501,0.994088
11.5025,0.994139
11.504,0.994191
11.5055,0.994241
11.507,0.994292
11.5085,0.994343
11.51,0.994392
11.5115,0.99444
11.513,0.994488
11.5145,0.994534
11.516,0.994581
11.5175,0.994626
11.519,0.99467
11.5205,0.994712
11.522,0.994754
11.5235,0.994794
11.525,0.994833
11.5265,0.994871
11.528,0.994906
11.5295,0.99494
11.531,0.994974
11.5325,0.995004
11.534,0.995033
11.5355,0.99506
11.537,0.995086
11.5385,0.995109
11.54,0.995131
11.5415,0.995149
11.543,0.995167
11.5445,0.995181
11.546,0.995193
11.5475,0.995204
11.549,0.995211
11.5505,0.995218
11.552,0.99522
11.5535,0.995222
11.555,0.99522
11.5565,0.995216
11.558,0.99521
11.5595,0.995203
11.561,0.995193
11.5625,0.99518
11.564,0.995165
11.5655,0.99515
11.567,0.995131
11.5685,0.99511
11.57,0.995089
11.5715,0.995065
11.573,0.99504
11.5745,0.995013
11.576,0.994984
11.5775,0.994954
11.579,0.994923
11.5805,0.99489
11.582,0.994856
11.5835,0.994821
11.585,0.994786
11.5865,0.994749
11.588,0.994712
11.5895,0.994673
11.591,0.994634
11.5925,0.994595
11.594,0.994556
11.5955,0.994515
11.597,0.994476
11.5985,0.994434
11.6,0.994393
11.6015,0.994352
11.603,0.99431
11.6045,0.994269
11.606,0.994229
11.6075,0.994188
11.609,0.994146
11.6105,0.994104
11.612,0.994066
11.6135,0.994024
11.615,0.993985
11.6165,0.993944
11.618,0.993904
11.6195,0.993865
11.621,0.993825
11.6225,0.993786
11.624,0.993747
11.6255,0.993708
11.627,0.99367
11.6285,0.993632
11.63,0.993594
11.6315,0.993559
11.633,0.993521
11.6345,0.993484
11.636,0.993448
11.6375,0.993413
11.639,0.993376
11.6405,0.993343
11.642,0.993307
11.6435,0.993272
11.645,0.99324
11.6465,0.993205
11.648,0.993172
11.6495,0.993139
11.651,0.993106
11.6525,0.993072
11.654,0.993039
11.6555,0.993009
11.657,0.992975
11.6585,0.992943
11.66,0.992911
11.6615,0.992881
11.663,0.992848
11.6645,0.992817
11.666,0.992785
11.6675,0.992757
11.669,0.992727
11.6705,0.992696
11.672,0.992667
11.6735,0.992637
11.675,0.99261
11.6765,0.99258
11.678,0.992554
11.6795,0.992526
11.681,0.9925
11.6825,0.992474
11.684,0.992449
11.6855,0.992425
11.687,0.992401
11.6885,0.992379
11.69,0.992358
11.6915,0.992337
11.693,0.992316
11.6945,0.9923
11.696,0.992281
11.6975,0.992266
11.699,0.992253
11.7005,0.99224
11.702,0.992228
11.7035,0.992218
11.705,0.992208
11.7065,0.992202
11.708,0.992197
11.7095,0.992193
11.711,0.992189
11.7125,0.992187
11.714,0.992188
11.7155,0.992189
11.717,0.992193
11.7185,0.992196
11.72,0.992201
11.7215,0.992208
11.723,0.992215
11.7245,0.992226
11.726,0.992236
11.7275,0.992249
11.729,0.992261
11.7305,0.992275
11.732,0.992289
11.7335,0.992304
11.735,0.992319
11.7365,0.992336
11.738,0.992351
11.7395,0.992369
11.741,0.992385
11.7425,0.992402
11.744,0.992419
11.7455,0.992437
11.747,0.992455
11.7485,0.992473
11.75,0.99249
11.7515,0.992508
11.753,0.992524
11.7545,0.992541
11.756,0.992559
11.7575,0.992577
11.759,0.992594
11.7605,0.992613
11.762,0.99263
11.7635,0.992649
11.765,0.992668
11.7665,0.992687
11.768,0.992707
11.7695,0.992729
11.771,0.99275
11.7725,0.992773
11.774,0.992798
11.7755,0.992824
11.777,0.992852
11.7785,0.99288
11.78,0.99291
11.7815,0.99294
11.783,0.992974
11.7845,0.993009
11.786,0.993046
11.7875,0.993085
11.789,0.993124
11.7905,0.993167
11.792,0.99321
11.7935,0.993255
11.795,0.993301
11.7965,0.993347
11.798,0.993394
11.7995,0.993443
11.801,0.993494
11.8025,0.993544
11.804,0.993593
11.8055,0.993645
11.807,0.993698
11.8085,0.993752
11.81,0.993805
11.8115,0.993856
11.813,0.993909
11.8145,0.993963
11.816,0.994015
11.8175,0.994068
11.819,0.99412
11.8205,0.994172
11.822,0.994223
11.8235,0.994273
11.825,0.994323
11.8265,0.994372
11.828,0.994419
11.8295,0.994467
11.831,0.994512
11.8325,0.994559
11.834,0.994602
11.8355,0.994646
11.837,0.994688
11.8385,0.994731
11.84,0.994772
11.8415,0.994812
11.843,0.994853
11.8445,0.994893
11.846,0.994932
11.8475,0.99497
11.849,0.995008
11.8505,0.995046
11.852,0.995083
11.8535,0.99512
11.855,0.995156
11.8565,0.995191
11.858,0.995227
11.8595,0.995262
11.861,0.995298
11.8625,0.995333
11.864,0.995367
11.8655,0.995402
11.867,0.995437
11.8685,0.995471
11.87,0.995507
11.8715,0.995543
11.873,0.995576
11.8745,0.995612
11.876,0.995649
11.8775,0.995683
11.879,0.995721
11.8805,0.995754
11.882,0.995792
11.8835,0.995828
11.885,0.995866
11.8865,0.995901
11.888,0.995937
11.8895,0.995974
11.891,0.99601
11.8925,0.996045
11.894,0.99608
11.8955,0.996116
11.897,0.99615
11.8986,0.996187
11.9001,0.996221
11.9016,0.996255
11.9031,0.99629
11.9046,0.996324
11.9061,0.996359
11.9076,0.996395
11.9091,0.996427
11.9106,0.996461
11.9121,0.996495
11.9136,0.996527
11.9151,0.996559
11.9166,0.996591
11.9181,0.996622
11.9196,0.99665
11.9211,0.99668
11.9226,0.996707
11.9241,0.996732
11.9256,0.996757
11.9271,0.996781
11.9286,0.996802
11.9301,0.996823
11.9316,0.996842
11.9331,0.996861
11.9346,0.996879
11.9361,0.996892
11.9376,0.996906
11.9391,0.996919
11.9406,0.99693
11.9421,0.996941
11.9436,0.996949
11.9451,0.996956
11.9466,0.996963
11.9481,0.99697
11.9496,0.996975
11.9511,0.99698
11.9526,0.996983
11.9541,0.996985
11.9556,0.996988
11.9571,0.99699
11.9586,0.996992
11.9601,0.996992
11.9616,0.996994
11.9631,0.996995
11.9646,0.996995
11.9661,0.996995
11.9676,0.996996
11.9691,0.996996
11.9706,0.996996
11.9721,0.996996
11.9736,0.996996
11.9751,0.996996
11.9766,0.996995
11.9781,0.996996
11.9796,0.996995
11.9811,0.996995
11.9826,0.996993
11.9841,0.996993
11.9856,0.996991
11.9871,0.99699
11.9886,0.996988
11.9901,0.996988
11.9916,0.996985
11.9931,0.996982
11.9946,0.996979
11.9961,0.996975
11.9976,0.996971
11.9991,0.996968
12.0006,0.996963
12.0021,0.996957
12.0036,0.996951
12.0051,0.996944
12.0066,0.996937
12.0081,0.99693
12.0096,0.996921
12.0111,0.996912
12.0126,0.996902
12.0141,0.996891
12.0156,0.996881
12.0171,0.99687
12.0186,0.996858
12.0201,0.996845
12.0216,0.996833
12.0231,0.996819
12.0246,0.996806
12.0261,0.996792
12.0276,0.996777
12.0291,0.996762
12.0306,0.996746
12.0321,0.996731
12.0336,0.996714
12.0351,0.996699
12.0366,0.996681
12.0381,0.996664
12.0396,0.996646
12.0411,0.996628
12.0426,0.996609
12.0441,0.99659
12.0456,0.996572
12.0471,0.996553
12.0486,0.996534
12.0501,0.996514
12.0516,0.996495
12.0531,0.996476
12.0546,0.996457
12.0561,0.996437
12.0576,0.99642
12.0591,0.996402
12.0606,0.996384
12.0621,0.996367
12.0636,0.99635
12.0651,0.996336
12.0666,0.99632
12.0681,0.996306
12.0696,0.996293
12.0711,0.996282
12.0726,0.996271
12.0741,0.996262
12.0756,0.996254
12.0771,0.996246
12.0786,0.99624
12.0801,0.996236
12.0816,0.996232
12.0831,0.99623
12.0846,0.996229
12.0861,0.99623
12.0876,0.996233
12.0891,0.996236
12.0906,0.996241
12.0921,0.996247
12.0936,0.996256
12.0951,0.996265
12.0966,0.996275
12.0981,0.996287
12.0996,0.996299
12.1011,0.996314
12.1026,0.99633
12.1041,0.996345
12.1056,0.996363
12.1071,0.996381
12.1086,0.9964
12.1101,0.99642
12.1116,0.996441
12.1131,0.996461
12.1146,0.996482
12.1161,0.996504
12.1176,0.996526
12.1191,0.996548
12.1206,0.996572
12.1221,0.996594
12.1236,0.996616
12.1251,0.996637
12.1266,0.996661
12.1281,0.996681
12.1296,0.996703
12.1311,0.996724
12.1326,0.996745
12.1341,0.996763
12.1356,0.996784
12.1371,0.996804
12.1386,0.996822
12.1401,0.996841
12.1416,0.99686
12.1431,0.996877
12.1446,0.996894
12.1461,0.996911
12.1476,0.996927
12.1491,0.996943
12.1506,0.996958
12.1521,0.996974
12.1536,0.996989
12.1551,0.997002
12.1566,0.997017
12.1581,0.99703
12.1596,0.997044
12.1611,0.997057
12.1626,0.99707
12.1641,0.997081
12.1656,0.997093
12.1671,0.997105
12.1686,0.997116
12.1701,0.997126
12.1716,0.997137
12.1731,0.997147
12.1746,0.997157
12.1761,0.997167
12.1776,0.997178
12.1791,0.997187
12.1806,0.997197
12.1821,0.997205
12.1836,0.997216
12.1851,0.997225
12.1866,0.997233
12.1881,0.997241
12.1896,0.99725
12.1911,0.997258
12.1926,0.997266
12.1941,0.997272
12.1956,0.99728
12.1971,0.997288
12.1986,0.997291
12.2001,0.997298
12.2016,0.997303
12.2031,0.997306
12.2046,0.997312
12.2061,0.997315
12.2076,0.997316
12.2091,0.997318
12.2106,0.997319
12.2121,0.99732
12.2136,0.99732
12.2151,0.997318
12.2166,0.997318
12.2181,0.997315
12.2196,0.997312
12.2211,0.997307
12.2226,0.997302
12.2241,0.997295
12.2256,0.99729
12.2271,0.997283
12.2286,0.997274
12.2301,0.997265
12.2316,0.997256
12.2331,0.997246
12.2346,0.997234
12.2361,0.997223
12.2376,0.99721
12.2391,0.997196
12.2406,0.997184
12.2421,0.99717
12.2436,0.997153
12.2451,0.997139
12.2466,0.997124
12.2481,0.997107
12.2496,0.997091
12.2511,0.997074
12.2526,0.997057
12.2541,0.997039
12.2556,0.997021
12.2571,0.997004
12.2586,0.996985
12.2601,0.996968
12.2616,0.996949
12.2631,0.996931
12.2646,0.996914
12.2661,0.996895
12.2676,0.996878
12.2691,0.996861
12.2706,0.996843
12.2721,0.996826
12.2736,0.996812
12.2751,0.996796
12.2766,0.996781
12.2781,0.996766
12.2796,0.996751
12.2811,0.996738
12.2826,0.996725
12.2841,0.996713
12.2856,0.9967
12.2871,0.996689
12.2886,0.996676
12.2901,0.996666
12.2916,0.996657
12.2931,0.996646
12.2946,0.996636
12.2961,0.996625
12.2976,0.996616
12.2991,0.996608
12.3006,0.996598
12.3021,0.996587
12.3036,0.996578
12.3051,0.996568
12.3066,0.99656
12.3081,0.996549
12.3096,0.996539
12.3111,0.99653
12.3126,0.996519
12.3141,0.996508
12.3156,0.996497
12.3171,0.996486
12.3186,0.996473
12.3201,0.99646
12.3216,0.996445
12.3231,0.996432
12.3246,0.996417
12.3261,0.996401
12.3276,0.996384
12.3291,0.996368
12.3306,0.996349
12.3321,0.99633
12.3336,0.996311
12.3351,0.996289
12.3366,0.996267
12.3381,0.996246
12.3396,0.996223
12.3411,0.9962
12.3426,0.996175
12.3441,0.996151
12.3456,0.996125
12.3471,0.996099
12.3486,0.996072
12.3501,0.996043
12.3516,0.996016
12.3531,0.995986
12.3546,0.995957
12.3561,0.995927
12.3576,0.995896
12.3591,0.995865
12.3606,0.995833
12.3621,0.995802
12.3636,0.995771
12.3651,0.995739
12.3666,0.995707
12.3681,0.995675
12.3696,0.995642
12.3711,0.99561
12.3726,0.99558
12.3741,0.99555
12.3756,0.995519
12.3771,0.995491
12.3786,0.995461
12.3801,0.995436
12.3816,0.995408
12.3831,0.995382
12.3846,0.995357
12.3861,0.995332
12.3876,0.995308
12.3891,0.995286
12.3906,0.995262
12.3921,0.995239
12.3936,0.995217
12.3951,0.995195
12.3966,0.995174
12.3981,0.995152
12.3996,0.995132
12.4011,0.995113
12.4026,0.995092
12.4041,0.995073
12.4056,0.995054
12.4071,0.995035
12.4086,0.995016
12.4101,0.994999
12.4116,0.994982
12.4131,0.994964
12.4146,0.994948
12.4161,0.994932
12.4176,0.994917
12.4191,0.994901
12.4206,0.994886
12.4221,0.994872
12.4236,0.994859
12.4251,0.994845
12.4266,0.994834
12.4281,0.994821
12.4296,0.994811
12.4311,0.994799
12.4326,0.994788
12.4341,0.994778
12.4356,0.994769
12.4371,0.994762
12.4386,0.994752
12.4401,0.994746
12.4416,0.994739
12.4431,0.99473
12.4446,0.994726
12.4461,0.994721
12.4476,0.994717
12.4491,0.994712
12.4506,0.994708
12.4521,0.994705
12.4536,0.994702
12.4551,0.994701
12.4566,0.994699
12.4581,0.994698
12.4596,0.994698
12.4611,0.994698
12.4626,0.994699
12.4641,0.9947
12.4656,0.994702
12.4671,0.994704
12.4686,0.994707
12.4701,0.994711
12.4716,0.994713
12.4731,0.994718
12.4746,0.994722
12.4761,0.994728
12.4776,0.994732
12.4791,0.994738
12.4806,0.994744
12.4821,0.994752
12.4836,0.994757
12.4851,0.994764
12.4866,0.994773
12.4881,0.994782
12.4896,0.994789
12.4911,0.994797
12.4926,0.994806
12.4941,0.994814
12.4956,0.994824
12.4971,0.994832
12.4986,0.994841
12.5001,0.994847
12.5016,0.994855
12.5031,0.99486
12.5046,0.994864
12.5061,0.99487
12.5076,0.994873
12.5091,0.994875
12.5106,0.994877
12.5121,0.994876
12.5136,0.994874
12.5151,0.994871
12.5166,0.994866
12.5181,0.994859
12.5196,0.994851
12.5211,0.994841
12.5226,0.994829
12.5241,0.994816
12.5256,0.994801
12.5271,0.994784
12.5286,0.994765
12.5301,0.994742
12.5316,0.994721
12.5331,0.994697
12.5346,0.99467
12.5361,0.994642
12.5376,0.994612
12.5391,0.994579
12.5406,0.994546
12.5421,0.994511
12.5436,0.994475
12.5451,0.994437
12.5466,0.994397
12.5481,0.994356
12.5496,0.994313
12.5511,0.994269
12.5526,0.994224
12.5541,0.994179
12.5556,0.994132
12.5571,0.994084
12.5586,0.994034
12.5601,0.993986
12.5616,0.993935
12.5631,0.993884
12.5646,0.993833
12.5661,0.99378
12.5676,0.993727
12.5691,0.993675
12.5706,0.993621
12.5721,0.993566
12.5736,0.993513
12.5751,0.993459
12.5766,0.993404
12.5781,0.993349
12.5796,0.993294
12.5811,0.99324
12.5826,0.993184
12.5841,0.99313
12.5856,0.993075
12.5871,0.993021
12.5886,0.992966
12.5901,0.992912
12.5916,0.99286
12.5931,0.992807
12.5946,0.992754
12.5961,0.992703
12.5976,0.992651
12.5991,0.992599
12.6006,0.992548
12.6021,0.992498
12.6036,0.992447
12.6051,0.992398
12.6066,0.992349
12.6081,0.992301
12.6096,0.992254
12.6111,0.992207
12.6126,0.992159
12.6141,0.992115
12.6156,0.992069
12.6171,0.992025
12.6186,0.991981
12.6201,0.991939
12.6216,0.991897
12.6231,0.991858
12.6246,0.991819
12.6261,0.99178
12.6276,0.991744
12.6291,0.991709
12.6306,0.991675
12.6321,0.991642
12.6336,0.991612
12.6351,0.991583
12.6366,0.991553
12.6381,0.991528
12.6396,0.991502
12.6411,0.99148
12.6426,0.991457
12.6441,0.991438
12.6456,0.991421
12.6471,0.991403
12.6486,0.991389
12.6501,0.991375
12.6516,0.991363
12.6531,0.991354
12.6546,0.991345
12.6561,0.991338
12.6576,0.991334
12.6591,0.99133
12.6606,0.991328
12.6621,0.991325
12.6636,0.991326
12.6651,0.991326
12.6666,0.991329
12.6681,0.991331
12.6696,0.991335
12.6711,0.991339
12.6726,0.991344
12.6741,0.991351
12.6756,0.991358
12.6771,0.991364
12.6786,0.991372
12.6801,0.99138
12.6816,0.991391
12.6831,0.9914
12.6846,0.99141
12.6861,0.99142
12.6876,0.991431
12.6891,0.991443
12.6906,0.991454
12.6921,0.991466
12.6936,0.991478
12.6951,0.99149
12.6966,0.991503
12.6981,0.991516
12.6996,0.991529
12.7011,0.991542
12.7026,0.991555
12.7041,0.991568
12.7056,0.99158
12.7071,0.991594
12.7086,0.991606
12.7101,0.991617
12.7116,0.991629
12.7131,0.991641
12.7146,0.99165
12.7161,0.99166
12.7176,0.99167
12.7191,0.991678
12.7206,0.991685
12.7221,0.991692
12.7236,0.991699
12.7251,0.991705
12.7266,0.991709
12.7281,0.991714
12.7296,0.991718
12.7311,0.991719
12.7326,0.991721
12.7341,0.991722
12.7356,0.991723
12.7371,0.991721
12.7386,0.99172
12.7401,0.991718
12.7416,0.991714
12.7431,0.99171
12.7446,0.991706
12.7461,0.991702
12.7476,0.991696
12.7491,0.991691
12.7506,0.991683
12.7521,0.991677
12.7536,0.99167
12.7551,0.991663
12.7566,0.991656
12.7581,0.991649
12.7596,0.99164
12.7611,0.991632
12.7626,0.991625
12.7641,0.991618
12.7656,0.991609
12.7671,0.991603
12.7686,0.991596
12.7701,0.991588
12.7716,0.991583
12.7731,0.991577
12.7746,0.991571
12.7761,0.991566
12.7776,0.991561
12.7791,0.991557
12.7806,0.991551
12.7821,0.991547
12.7836,0.991544
12.7851,0.991541
12.7866,0.991538
12.7881,0.991536
12.7896,0.991533
12.7911,0.991532
12.7926,0.99153
12.7941,0.99153
12.7956,0.991529
12.7971,0.991529
12.7986,0.991527
12.8001,0.991529
12.8016,0.991528
12.8031,0.991529
12.8046,0.991529
12.8061,0.991531
12.8076,0.991532
12.8091,0.991534
12.8106,0.991535
12.8121,0.991538
12.8136,0.99154
12.8151,0.991543
12.8166,0.991544
12.8181,0.991547
12.8196,0.991549
12.8211,0.991552
12.8226,0.991555
12.8241,0.991557
12.8256,0.991559
12.8271,0.991562
12.8286,0.991564
12.8301,0.991568
12.8316,0.991568
12.8331,0.99157
12.8346,0.991571
12.8361,0.991571
12.8376,0.991573
12.8391,0.991575
12.8406,0.991575
12.8421,0.991575
12.8436,0.991576
12.8451,0.991575
12.8466,0.991575
12.8481,0.991574
12.8496,0.991575
12.8511,0.991574
12.8526,0.991573
12.8541,0.991573
12.8556,0.991572
12.8571,0.991571
12.8586,0.991571
12.8601,0.991569
12.8616,0.991568
12.8631,0.991568
12.8646,0.991566
12.8661,0.991565
12.8676,0.991564
12.8691,0.991562
12.8706,0.991561
12.8721,0.991561
12.8736,0.991561
12.8751,0.991559
12.8766,0.99156
12.8781,0.991561
12.8796,0.991561
12.8811,0.991562
12.8826,0.991564
12.8841,0.991566
12.8856,0.991568
12.8871,0.991572
12.8886,0.991575
12.8901,0.991579
12.8916,0.991585
12.8931,0.991591
12.8946,0.991599
12.8961,0.991607
12.8976,0.991615
12.8991,0.991625
12.9006,0.991636
12.9021,0.991648
12.9036,0.991662
12.9051,0.991675
12.9066,0.991691
12.9081,0.991708
12.9096,0.991726
12.9111,0.991746
12.9126,0.991766
12.9141,0.991791
12.9156,0.991814
12.9171,0.991841
12.9186,0.991867
12.9201,0.991897
12.9216,0.991927
12.9231,0.991959
12.9246,0.991992
12.9261,0.992027
12.9276,0.992062
12.9291,0.992098
12.9306,0.992136
12.9321,0.992174
12.9336,0.992213
12.9351,0.992254
12.9366,0.992296
12.9381,0.992337
12.9396,0.99238
12.9411,0.992424
12.9426,0.992468
12.9441,0.992514
12.9456,0.99256
12.9471,0.992607
12.9486,0.992655
12.9501,0.992702
12.9516,0.992751
12.9531,0.992799
12.9546,0.99285
12.9561,0.9929
12.9576,0.992951
12.9591,0.993003
12.9606,0.993056
12.9621,0.993107
12.9636,0.993159
12.9651,0.993212
12.9666,0.993266
12.9681,0.993318
12.9696,0.993371
12.9711,0.993424
12.9726,0.993476
12.9741,0.99353
12.9756,0.993582
12.9771,0.993633
12.9786,0.993684
12.9801,0.993735
12.9816,0.993785
12.9831,0.993837
12.9846,0.993885
12.9861,0.993935
12.9876,0.993983
12.9891,0.99403
12.9906,0.994078
12.9921,0.994125
12.9936,0.994171
12.9951,0.994217
12.9966,0.994263
12.9981,0.994308
12.9996,0.994352
13.0011,0.994398
13.0026,0.994442
13.0041,0.994487
13.0056,0.994531
13.0071,0.994576
13.0086,0.994621
13.0101,0.994667
13.0116,0.994714
13.0131,0.99476
13.0146,0.994809
13.0161,0.994857
13.0176,0.994907
13.0191,0.99496
13.0206,0.995013
13.0221,0.995068
13.0236,0.995125
13.0251,0.995184
13.0266,0.995246
13.0281,0.99531
13.0296,0.995377
13.0311,0.995446
13.0326,0.995517
13.0341,0.995591
13.0356,0.995667
13.0371,0.995743
13.0386,0.995824
13.0401,0.995907
13.0416,0.995992
13.0431,0.996079
13.0446,0.996167
13.0461,0.996259
13.0476,0.996352
13.0491,0.996446
13.0506,0.996544
13.0521,0.99664
13.0536,0.996741
13.0552,0.996841
13.0567,0.996943
13.0582,0.997046
13.0597,0.99715
13.0612,0.997254
13.0627,0.99736
13.0642,0.997468
13.0657,0.997573
13.0672,0.997682
13.0687,0.99779
13.0702,0.997896
13.0717,0.998004
13.0732,0.998112
13.0747,0.998218
13.0762,0.998324
13.0777,0.998427
13.0792,0.998531
13.0807,0.998631
13.0822,0.998732
13.0837,0.99883
13.0852,0.998925
13.0867,0.999018
13.0882,0.99911
13.0897,0.9992
13.0912,0.999287
13.0927,0.999371
13.0942,0.999453
13.0957,0.999533
13.0972,0.999611
13.0987,0.999685
13.1002,0.999756
13.1017,0.999825
13.1032,0.999891
13.1047,0.999954
13.1062,1.00001
13.1077,1.00007
13.1092,1.00012
13.1107,1.00017
13.1122,1.00022
13.1137,1.00026
13.1152,1.0003
13.1167,1.00033
13.1182,1.00036
13.1197,1.00039
13.1212,1.00041
13.1227,1.00043
13.1242,1.00045
13.1257,1.00046
13.1272,1.00047
13.1287,1.00047
13.1302,1.00047
13.1317,1.00046
13.1332,1.00046
13.1347,1.00045
13.1362,1.00044
13.1377,1.00042
13.1392,1.0004
13.1407,1.00038
13.1422,1.00036
13.1437,1.00033
13.1452,1.0003
13.1467,1.00027
13.1482,1.00024
13.1497,1.00021
13.1512,1.00017
13.1527,1.00013
13.1542,1.0001
13.1557,1.00006
13.1572,1.00002
13.1587,0.999982
13.1602,0.999943
13.1617,0.999902
13.1632,0.999864
13.1647,0.999825
13.1662,0.999786
13.1677,0.999748
13.1692,0.999712
13.1707,0.999675
13.1722,0.99964
13.1737,0.999606
13.1752,0.999573
13.1767,0.999542
13.1782,0.999509
13.1797,0.999481
13.1812,0.999453
13.1827,0.999428
13.1842,0.999404
13.1857,0.999381
13.1872,0.999359
13.1887,0.999342
13.1902,0.999326
13.1917,0.99931
13.1932,0.999298
13.1947,0.999287
13.1962,0.99928
13.1977,0.999273
13.1992,0.999269
13.2007,0.999266
13.2022,0.999265
13.2037,0.99927
13.2052,0.999273
13.2067,0.999281
13.2082,0.999289
13.2097,0.9993
13.2112,0.999314
13.2127,0.99933
13.2142,0.999348
13.2157,0.999368
13.2172,0.999391
13.2187,0.999416
13.2202,0.999442
13.2217,0.999471
13.2232,0.999501
13.2247,0.999534
13.2262,0.999568
13.2277,0.999604
13.2292,0.999641
13.2307,0.99968
13.2322,0.99972
13.2337,0.999763
13.2352,0.999805
13.2367,0.99985
13.2382,0.999895
13.2397,0.999943
13.2412,0.99999
13.2427,1.00004
13.2442,1.00009
13.2457,1.00014
13.2472,1.00019
13.2487,1.00025
13.2502,1.0003
13.2517,1.00036
13.2532,1.00042
13.2547,1.00047
13.2562,1.00054
13.2577,1.0006
13.2592,1.00066
13.2607,1.00072
13.2622,1.00078
13.2637,1.00085
13.2652,1.00092
13.2667,1.00098
13.2682,1.00105
13.2697,1.00112
13.2712,1.0012
13.2727,1.00127
13.2742,1.00135
13.2757,1.00142
13.2772,1.0015
13.2787,1.00159
13.2802,1.00167
13.2817,1.00175
13.2832,1.00184
13.2847,1.00193
13.2862,1.00202
13.2877,1.00211
13.2892,1.0022
13.2907,1.00229
13.2922,1.00238
13.2937,1.00248
13.2952,1.00257
13.2967,1.00266
13.2982,1.00276
13.2997,1.00285
13.3012,1.00295
13.3027,1.00304
13.3042,1.00314
13.3057,1.00323
13.3072,1.00332
13.3087,1.00341
13.3102,1.00351
13.3117,1.00359
13.3132,1.00369
13.3147,1.00377
13.3162,1.00386
13.3177,1.00395
13.3192,1.00403
13.3207,1.00411
13.3222,1.00419
13.3237,1.00427
13.3252,1.00435
13.3267,1.00443
13.3282,1.0045
13.3297,1.00457
13.3312,1.00464
13.3327,1.00471
13.3342,1.00478
13.3357,1.00484
13.3372,1.0049
13.3387,1.00496
13.3402,1.00502
13.3417,1.00507
13.3432,1.00513
13.3447,1.00518
13.3462,1.00522
13.3477,1.00527
13.3492,1.00532
13.3507,1.00536
13.3522,1.0054
13.3537,1.00544
13.3552,1.00547
13.3567,1.00551
13.3582,1.00554
13.3597,1.00557
13.3612,1.0056
13.3627,1.00562
13.3642,1.00565
13.3657,1.00567
13.3672,1.00569
13.3687,1.00571
13.3702,1.00572
13.3717,1.00574
13.3732,1.00575
13.3747,1.00576
13.3762,1.00577
13.3777,1.00578
13.3792,1.00579
13.3807,1.00579
13.3822,1.0058
13.3837,1.0058
13.3852,1.0058
13.3867,1.0058
13.3882,1.0058
13.3897,1.0058
13.3912,1.00579
13.3927,1.00579
13.3942,1.00578
13.3957,1.00578
13.3972,1.00577
13.3987,1.00577
13.4002,1.00576
13.4017,1.00575
13.4032,1.00575
13.4047,1.00574
13.4062,1.00573
13.4077,1.00573
13.4092,1.00572
13.4107,1.00572
13.4122,1.00572
13.4137,1.00572
13.4152,1.00571
13.4167,1.00571
13.4182,1.00572
13.4197,1.00572
13.4212,1.00572
13.4227,1.00573
13.4242,1.00573
13.4257,1.00574
13.4272,1.00575
13.4287,1.00576
13.4302,1.00577
13.4317,1.00579
13.4332,1.0058
13.4347,1.00582
13.4362,1.00584
13.4377,1.00586
13.4392,1.00588
13.4407,1.0059
13.4422,1.00592
13.4437,1.00595
13.4452,1.00598
13.4467,1.00601
13.4482,1.00604
13.4497,1.00607
13.4512,1.0061
13.4527,1.00613
13.4542,1.00617
13.4557,1.0062
13.4572,1.00624
13.4587,1.00628
13.4602,1.00631
13.4617,1.00635
13.4632,1.00639
13.4647,1.00643
13.4662,1.00647
13.4677,1.00651
13.4692,1.00655
13.4707,1.00659
13.4722,1.00664
13.4737,1.00668
13.4752,1.00672
13.4767,1.00677
13.4782,1.00681
13.4797,1.00686
13.4812,1.0069
13.4827,1.00695
13.4842,1.007
13.4857,1.00704
13.4872,1.00709
13.4887,1.00714
13.4902,1.00719
13.4917,1.00723
13.4932,1.00728
13.4947,1.00733
13.4962,1.00737
13.4977,1.00742
13.4992,1.00747
13.5007,1.00751
13.5022,1.00756
13.5037,1.0076
13.5052,1.00765
13.5067,1.00769
13.5082,1.00774
13.5097,1.00778
13.5112,1.00782
13.5127,1.00787
13.5142,1.00791
13.5157,1.00795
13.5172,1.00799
13.5187,1.00804
13.5202,1.00808
13.5217,1.00812
13.5232,1.00816
13.5247,1.0082
13.5262,1.00824
13.5277,1.00828
13.5292,1.00832
13.5307,1.00836
13.5322,1.0084
13.5337,1.00844
13.5352,1.00848
13.5367,1.00852
13.5382,1.00856
13.5397,1.00861
13.5412,1.00865
13.5427,1.00869
13.5442,1.00873
13.5457,1.00877
13.5472,1.00881
13.5487,1.00885
13.5502,1.0089
13.5517,1.00894
13.5532,1.00898
13.5547,1.00903
13.5562,1.00907
13.5577,1.00912
13.5592,1.00917
13.5607,1.00921
13.5622,1.00926
13.5637,1.00931
13.5652,1.00936
13.5667,1.00942
13.5682,1.00947
13.5697,1.00953
13.5712,1.00958
13.5727,1.00964
13.5742,1.0097
13.5757,1.00976
13.5772,1.00982
13.5787,1.00989
13.5802,1.00995
13.5817,1.01002
13.5832,1.01009
13.5847,1.01015
13.5862,1.01022
13.5877,1.01029
13.5892,1.01036
13.5907,1.01043
13.5922,1.0105
13.5937,1.01057
13.5952,1.01065
13.5967,1.01071
13.5982,1.01078
13.5997,1.01085
13.6012,1.01092
13.6027,1.01099
13.6042,1.01105
13.6057,1.01112
13.6072,1.01118
13.6087,1.01124
13.6102,1.0113
13.6117,1.01136
13.6132,1.01142
13.6147,1.01147
13.6162,1.01152
13.6177,1.01157
13.6192,1.01161
13.6207,1.01166
13.6222,1.0117
13.6237,1.01173
13.6252,1.01177
13.6267,1.0118
13.6282,1.01183
13.6297,1.01185
13.6312,1.01187
13.6327,1.01189
13.6342,1.01191
13.6357,1.01192
13.6372,1.01193
13.6387,1.01194
13.6402,1.01194
13.6417,1.01195
13.6432,1.01194
13.6447,1.01194
13.6462,1.01194
13.6477,1.01193
13.6492,1.01193
13.6507,1.01192
13.6522,1.0119
13.6537,1.01189
13.6552,1.01188
13.6567,1.01187
13.6582,1.01185
13.6597,1.01183
13.6612,1.01182
13.6627,1.0118
13.6642,1.01179
13.6657,1.01177
13.6672,1.01175
13.6687,1.01173
13.6702,1.01171
13.6717,1.0117
13.6732,1.01168
13.6747,1.01166
13.6762,1.01164
13.6777,1.01163
13.6792,1.01161
13.6807,1.0116
13.6822,1.01158
13.6837,1.01157
13.6852,1.01156
13.6867,1.01155
13.6882,1.01154
13.6897,1.01153
13.6912,1.01152
13.6927,1.01152
13.6942,1.01151
13.6957,1.01151
13.6972,1.01151
13.6987,1.01151
13.7002,1.01151
13.7017,1.01151
13.7032,1.01152
13.7047,1.01152
13.7062,1.01153
13.7077,1.01154
13.7092,1.01155
13.7107,1.01157
13.7122,1.01158
13.7137,1.01159
13.7152,1.01161
13.7167,1.01163
13.7182,1.01165
13.7197,1.01167
13.7212,1.01169
13.7227,1.01171
13.7242,1.01174
13.7257,1.01176
13.7272,1.01179
13.7287,1.01181
13.7302,1.01184
13.7317,1.01187
13.7332,1.0119
13.7347,1.01193
13.7362,1.01195
13.7377,1.01198
13.7392,1.01201
13.7407,1.01203
13.7422,1.01206
13.7437,1.01208
13.7452,1.01211
13.7467,1.01213
13.7482,1.01216
13.7497,1.01218
13.7512,1.0122
13.7527,1.01222
13.7542,1.01224
13.7557,1.01226
13.7572,1.01227
13.7587,1.01229
13.7602,1.01231
13.7617,1.01232
13.7632,1.01234
13.7647,1.01235
13.7662,1.01237
13.7677,1.01238
13.7692,1.01239
13.7707,1.0124
13.7722,1.01241
13.7737,1.01243
13.7752,1.01244
13.7767,1.01245
13.7782,1.01246
13.7797,1.01247
13.7812,1.01248
13.7827,1.01249
13.7842,1.0125
13.7857,1.01251
13.7872,1.01252
13.7887,1.01254
13.7902,1.01255
13.7917,1.01256
13.7932,1.01258
13.7947,1.01259
13.7962,1.01261
13.7977,1.01263
13.7992,1.01265
13.8007,1.01266
13.8022,1.01268
13.8037,1.01271
13.8052,1.01273
13.8067,1.01275
13.8082,1.01278
13.8097,1.0128
13.8112,1.01283
13.8127,1.01286
13.8142,1.01289
13.8157,1.01292
13.8172,1.01296
13.8187,1.01299
13.8202,1.01302
13.8217,1.01306
13.8232,1.0131
13.8247,1.01313
13.8262,1.01317
13.8277,1.01321
13.8292,1.01324
13.8307,1.01328
13.8322,1.01332
13.8337,1.01336
13.8352,1.0134
13.8367,1.01343
13.8382,1.01347
13.8397,1.0135
13.8412,1.01354
13.8427,1.01357
13.8442,1.0136
13.8457,1.01363
13.8472,1.01366
13.8487,1.01369
13.8502,1.01372
13.8517,1.01374
13.8532,1.01377
13.8547,1.01379
13.8562,1.01381
13.8577,1.01383
13.8592,1.01384
13.8607,1.01386
13.8622,1.01387
13.8637,1.01388
13.8652,1.01389
13.8667,1.0139
13.8682,1.0139
13.8697,1.01391
13.8712,1.01391
13.8727,1.01391
13.8742,1.01391
13.8757,1.0139
13.8772,1.0139
13.8787,1.01389
13.8802,1.01389
13.8817,1.01388
13.8832,1.01387
13.8847,1.01386
13.8862,1.01385
13.8877,1.01383
13.8892,1.01382
13.8907,1.01381
13.8922,1.01379
13.8937,1.01378
13.8952,1.01376
13.8967,1.01375
13.8982,1.01373
13.8997,1.01371
13.9012,1.0137
13.9027,1.01368
13.9042,1.01366
13.9057,1.01365
13.9072,1.01363
13.9087,1.01361
13.9102,1.0136
13.9117,1.01358
13.9132,1.01357
13.9147,1.01355
13.9162,1.01354
13.9177,1.01352
13.9192,1.01351
13.9207,1.01349
13.9222,1.01348
13.9237,1.01347
13.9252,1.01345
13.9267,1.01344
13.9282,1.01343
13.9297,1.01342
13.9312,1.01341
13.9327,1.0134
13.9342,1.01339
13.9357,1.01338
13.9372,1.01337
13.9387,1.01336
13.9402,1.01335
13.9417,1.01334
13.9432,1.01333
13.9447,1.01332
13.9462,1.01332
13.9477,1.01331
13.9492,1.0133
13.9507,1.01329
13.9522,1.01328
13.9537,1.01327
13.9552,1.01327
13.9567,1.01326
13.9582,1.01324
13.9597,1.01324
13.9612,1.01323
13.9627,1.01321
13.9642,1.0132
13.9657,1.01319
13.9672,1.01318
13.9687,1.01317
13.9702,1.01316
13.9717,1.01315
13.9732,1.01313
13.9747,1.01312
13.9762,1.01311
13.9777,1.0131
13.9792,1.01309
13.9807,1.01307
13.9822,1.01306
13.9837,1.01305
13.9852,1.01303
13.9867,1.01302
13.9882,1.01301
13.9897,1.01299
13.9912,1.01298
13.9927,1.01296
13.9942,1.01295
13.9957,1.01294
13.9972,1.01292
13.9987,1.01291
14.0002,1.0129
14.0017,1.01289
14.0032,1.01287
14.0047,1.01286
14.0062,1.01285
14.0077,1.01284
14.0092,1.01283
14.0107,1.01282
14.0122,1.01281
14.0137,1.0128
14.0152,1.01279
14.0167,1.01278
14.0182,1.01277
14.0197,1.01276
14.0212,1.01275
14.0227,1.01274
14.0242,1.01273
14.0257,1.01273
14.0272,1.01272
14.0287,1.01271
14.0302,1.01271
14.0317,1.0127
14.0332,1.0127
14.0347,1.01269
14.0362,1.01269
14.0377,1.01268
14.0392,1.01268
14.0407,1.01268
14.0422,1.01267
14.0437,1.01267
14.0452,1.01266
14.0467,1.01266
14.0482,1.01266
14.0497,1.01265
14.0512,1.01265
14.0527,1.01264
14.0542,1.01264
14.0557,1.01263
14.0572,1.01262
14.0587,1.01262
14.0602,1.01261
14.0617,1.01261
14.0632,1.01261
14.0647,1.0126
14.0662,1.0126
14.0677,1.0126
14.0692,1.01259
14.0707,1.01259
14.0722,1.01259
14.0737,1.01259
14.0752,1.01259
14.0767,1.01259
14.0782,1.01259
14.0797,1.0126
14.0812,1.0126
14.0827,1.01261
14.0842,1.01261
14.0857,1.01262
14.0872,1.01263
14.0887,1.01264
14.0902,1.01265
14.0917,1.01266
14.0932,1.01267
14.0947,1.01269
14.0962,1.0127
14.0977,1.01272
14.0992,1.01274
14.1007,1.01276
14.1022,1.01279
14.1037,1.01281
14.1052,1.01284
14.1067,1.01286
14.1082,1.0129
14.1097,1.01293
14.1112,1.01296
14.1127,1.013
14.1142,1.01303
14.1157,1.01307
14.1172,1.01311
14.1187,1.01316
14.1202,1.0132
14.1217,1.01325
14.1232,1.0133
14.1247,1.01335
14.1262,1.0134
14.1277,1.01345
14.1292,1.0135
14.1307,1.01355
14.1322,1.0136
14.1337,1.01365
14.1352,1.0137
14.1367,1.01375
14.1382,1.0138
14.1397,1.01385
14.1412,1.0139
14.1427,1.01395
14.1442,1.014
14.1457,1.01404
14.1472,1.01409
14.1487,1.01413
14.1502,1.01417
14.1517,1.01421
14.1532,1.01425
14.1547,1.01428
14.1562,1.01432
14.1577,1.01435
14.1592,1.01438
14.1607,1.01441
14.1622,1.01443
14.1637,1.01446
14.1652,1.01448
14.1667,1.0145
14.1682,1.01452
14.1697,1.01453
14.1712,1.01455
14.1727,1.01456
14.1742,1.01457
14.1757,1.01458
14.1772,1.01459
14.1787,1.01459
14.1802,1.0146
14.1817,1.0146
14.1832,1.0146
14.1847,1.0146
14.1862,1.0146
14.1877,1.01459
14.1892,1.01459
14.1907,1.01458
14.1922,1.01458
14.1937,1.01457
14.1952,1.01456
14.1967,1.01455
14.1982,1.01455
14.1997,1.01454
14.2012,1.01453
14.2027,1.01452
14.2042,1.01452
14.2057,1.01451
14.2072,1.01451
14.2087,1.0145
14.2102,1.0145
14.2118,1.0145
14.2133,1.0145
14.2148,1.0145
14.2163,1.01451
14.2178,1.01451
14.2193,1.01452
14.2208,1.01453
14.2223,1.01454
14.2238,1.01455
14.2253,1.01457
14.2268,1.01458
14.2283,1.0146
14.2298,1.01463
14.2313,1.01465
14.2328,1.01468
14.2343,1.01471
14.2358,1.01474
14.2373,1.01477
14.2388,1.01481
14.2403,1.01485
14.2418,1.01489
14.2433,1.01493
14.2448,1.01498
14.2463,1.01503
14.2478,1.01508
14.2493,1.01514
14.2508,1.01519
14.2523,1.01525
14.2538,1.01531
14.2553,1.01537
14.2568,1.01543
14.2583,1.0155
14.2598,1.01556
14.2613,1.01563
14.2628,1.01569
14.2643,1.01576
14.2658,1.01583
14.2673,1.01589
14.2688,1.01596
14.2703,1.01602
14.2718,1.01609
14.2733,1.01615
14.2748,1.01622
14.2763,1.01628
14.2778,1.01634
14.2793,1.0164
14.2808,1.01646
14.2823,1.01652
14.2838,1.01657
14.2853,1.01663
14.2868,1.01668
14.2883,1.01673
14.2898,1.01679
14.2913,1.01684
14.2928,1.01688
14.2943,1.01693
14.2958,1.01697
14.2973,1.01702
14.2988,1.01706
14.3003,1.0171
14.3018,1.01714
14.3033,1.01717
14.3048,1.01721
14.3063,1.01724
14.3078,1.01728
14.3093,1.01731
14.3108,1.01734
14.3123,1.01737
14.3138,1.01739
14.3153,1.01742
14.3168,1.01744
14.3183,1.01747
14.3198,1.01749
14.3213,1.01751
14.3228,1.01753
14.3243,1.01755
14.3258,1.01757
14.3273,1.01758
14.3288,1.0176
14.3303,1.01762
14.3318,1.01763
14.3333,1.01765
14.3348,1.01766
14.3363,1.01767
14.3378,1.01769
14.3393,1.0177
14.3408,1.01772
14.3423,1.01773
14.3438,1.01774
14.3453,1.01776
14.3468,1.01777
14.3483,1.01779
14.3498,1.0178
14.3513,1.01782
14.3528,1.01784
14.3543,1.01786
14.3558,1.01787
14.3573,1.01789
14.3588,1.01791
14.3603,1.01793
14.3618,1.01795
14.3633,1.01797
14.3648,1.01799
14.3663,1.01801
14.3678,1.01803
14.3693,1.01805
14.3708,1.01807
14.3723,1.01809
14.3738,1.01811
14.3753,1.01813
14.3768,1.01815
14.3783,1.01817
14.3798,1.01818
14.3813,1.0182
14.3828,1.01822
14.3843,1.01824
14.3858,1.01825
14.3873,1.01826
14.3888,1.01828
14.3903,1.01829
14.3918,1.0183
14.3933,1.01832
14.3948,1.01832
14.3963,1.01833
14.3978,1.01834
14.3993,1.01835
14.4008,1.01835
14.4023,1.01836
14.4038,1.01836
14.4053,1.01836
14.4068,1.01836
14.4083,1.01836
14.4098,1.01836
14.4113,1.01836
14.4128,1.01835
14.4143,1.01835
14.4158,1.01835
14.4173,1.01834
14.4188,1.01833
14.4203,1.01833
14.4218,1.01832
14.4233,1.01831
14.4248,1.0183
14.4263,1.01829
14.4278,1.01829
14.4293,1.01828
14.4308,1.01827
14.4323,1.01826
14.4338,1.01825
14.4353,1.01824
14.4368,1.01823
14.4383,1.01822
14.4398,1.01821
14.4413,1.01821
14.4428,1.0182
14.4443,1.0182
14.4458,1.01819
14.4473,1.01819
14.4488,1.01818
14.4503,1.01818
14.4518,1.01818
14.4533,1.01818
14.4548,1.01818
14.4563,1.01818
14.4578,1.01818
14.4593,1.01818
14.4608,1.01818
14.4623,1.01819
14.4638,1.0182
14.4653,1.0182
14.4668,1.01821
14.4683,1.01822
14.4698,1.01823
14.4713,1.01824
14.4728,1.01825
14.4743,1.01827
14.4758,1.01828
14.4773,1.0183
14.4788,1.01831
14.4803,1.01833
14.4818,1.01834
14.4833,1.01836
14.4848,1.01837
14.4863,1.01839
14.4878,1.0184
14.4893,1.01842
14.4908,1.01844
14.4923,1.01845
14.4938,1.01847
14.4953,1.01848
14.4968,1.0185
14.4983,1.01851
14.4998,1.01852
14.5013,1.01854
14.5028,1.01855
14.5043,1.01856
14.5058,1.01857
14.5073,1.01857
14.5088,1.01858
14.5103,1.01859
14.5118,1.01859
14.5133,1.0186
14.5148,1.0186
14.5163,1.0186
14.5178,1.0186
14.5193,1.0186
14.5208,1.0186
14.5223,1.01859
14.5238,1.01859
14.5253,1.01858
14.5268,1.01857
14.5283,1.01856
14.5298,1.01855
14.5313,1.01854
14.5328,1.01852
14.5343,1.01851
14.5358,1.01849
14.5373,1.01847
14.5388,1.01845
14.5403,1.01843
14.5418,1.01841
14.5433,1.01839
14.5448,1.01837
14.5463,1.01834
14.5478,1.01831
14.5493,1.01829
14.5508,1.01826
14.5523,1.01823
14.5538,1.01821
14.5553,1.01818
14.5568,1.01815
14.5583,1.01812
14.5598,1.01808
14.5613,1.01805
14.5628,1.01802
14.5643,1.01799
14.5658,1.01796
14.5673,1.01792
14.5688,1.01789
14.5703,1.01785
14.5718,1.01782
14.5733,1.01778
14.5748,1.01774
14.5763,1.01771
14.5778,1.01767
14.5793,1.01763
14.5808,1.01759
14.5823,1.01755
14.5838,1.01751
14.5853,1.01746
14.5868,1.01742
14.5883,1.01738
14.5898,1.01734
14.5913,1.01729
14.5928,1.01725
14.5943,1.0172
14.5958,1.01716
14.5973,1.01711
14.5988,1.01707
14.6003,1.01702
14.6018,1.01697
14.6033,1.01693
14.6048,1.01688
14.6063,1.01684
14.6078,1.01679
14.6093,1.01674
14.6108,1.0167
14.6123,1.01666
14.6138,1.01661
14.6153,1.01657
14.6168,1.01652
14.6183,1.01648
14.6198,1.01644
14.6213,1.0164
14.6228,1.01636
14.6243,1.01632
14.6258,1.01628
14.6273,1.01624
14.6288,1.01621
14.6303,1.01617
14.6318,1.01614
14.6333,1.0161
14.6348,1.01608
14.6363,1.01604
14.6378,1.01602
14.6393,1.01599
14.6408,1.01597
14.6423,1.01594
14.6438,1.01592
14.6453,1.0159
14.6468,1.01588
14.6483,1.01586
14.6498,1.01585
14.6513,1.01584
14.6528,1.01582
14.6543,1.01581
14.6558,1.0158
14.6573,1.01579
14.6588,1.01579
14.6603,1.01578
14.6618,1.01578
14.6633,1.01577
14.6648,1.01577
14.6663,1.01577
14.6678,1.01577
14.6693,1.01577
14.6708,1.01577
14.6723,1.01577
14.6738,1.01577
14.6753,1.01578
14.6768,1.01578
14.6783,1.01578
14.6798,1.01579
14.6813,1.01579
14.6828,1.01579
14.6843,1.0158
14.6858,1.0158
14.6873,1.01581
14.6888,1.01581
14.6903,1.01581
14.6918,1.01582
14.6933,1.01582
14.6948,1.01583
14.6963,1.01583
14.6978,1.01583
14.6993,1.01583
14.7008,1.01583
14.7023,1.01583
14.7038,1.01584
14.7053,1.01584
14.7068,1.01584
14.7083,1.01583
14.7098,1.01583
14.7113,1.01583
14.7128,1.01583
14.7143,1.01582
14.7158,1.01582
14.7173,1.01581
14.7188,1.01581
14.7203,1.0158
14.7218,1.01579
14.7233,1.01578
14.7248,1.01577
14.7263,1.01576
14.7278,1.01575
14.7293,1.01573
14.7308,1.01572
14.7323,1.0157
14.7338,1.01568
14.7353,1.01566
14.7368,1.01564
14.7383,1.01562
14.7398,1.0156
14.7413,1.01557
14.7428,1.01555
14.7443,1.01552
14.7458,1.0155
14.7473,1.01547
14.7488,1.01544
14.7503,1.01541
14.7518,1.01537
14.7533,1.01534
14.7548,1.01531
14.7563,1.01527
14.7578,1.01524
14.7593,1.0152
14.7608,1.01517
14.7623,1.01513
14.7638,1.01509
14.7653,1.01506
14.7668,1.01502
14.7683,1.01498
14.7698,1.01494
14.7713,1.0149
14.7728,1.01486
14.7743,1.01483
14.7758,1.01479
14.7773,1.01475
14.7788,1.01471
14.7803,1.01467
14.7818,1.01464
14.7833,1.0146
14.7848,1.01456
14.7863,1.01453
14.7878,1.01449
14.7893,1.01445
14.7908,1.01442
14.7923,1.01438
14.7938,1.01435
14.7953,1.01432
14.7968,1.01428
14.7983,1.01425
14.7998,1.01422
14.8013,1.01419
14.8028,1.01416
14.8043,1.01413
14.8058,1.0141
14.8073,1.01407
14.8088,1.01404
14.8103,1.01401
14.8118,1.01398
14.8133,1.01396
14.8148,1.01393
14.8163,1.0139
14.8178,1.01388
14.8193,1.01385
14.8208,1.01383
14.8223,1.0138
14.8238,1.01378
14.8253,1.01375
14.8268,1.01373
14.8283,1.0137
14.8298,1.01368
14.8313,1.01366
14.8328,1.01363
14.8343,1.01361
14.8358,1.01359
14.8373,1.01356
14.8388,1.01354
14.8403,1.01352
14.8418,1.0135
14.8433,1.01348
14.8448,1.01345
14.8463,1.01343
14.8478,1.01341
14.8493,1.01339
14.8508,1.01337
14.8523,1.01334
14.8538,1.01332
14.8553,1.0133
14.8568,1.01328
14.8583,1.01326
14.8598,1.01324
14.8613,1.01322
14.8628,1.0132
14.8643,1.01318
14.8658,1.01316
14.8673,1.01314
14.8688,1.01312
14.8703,1.0131
14.8718,1.01309
14.8733,1.01307
14.8748,1.01305
14.8763,1.01304
14.8778,1.01302
14.8793,1.01301
14.8808,1.01299
14.8823,1.01298
14.8838,1.01297
14.8853,1.01296
14.8868,1.01295
14.8883,1.01294
14.8898,1.01294
14.8913,1.01293
14.8928,1.01292
14.8943,1.01292
14.8958,1.01292
14.8973,1.01292
14.8988,1.01292
14.9003,1.01292
14.9018,1.01292
14.9033,1.01292
14.9048,1.01293
14.9063,1.01293
14.9078,1.01294
14.9093,1.01295
14.9108,1.01296
14.9123,1.01297
14.9138,1.01298
14.9153,1.01299
14.9168,1.01301
14.9183,1.01302
14.9198,1.01304
14.9213,1.01306
14.9228,1.01307
14.9243,1.01309
14.9258,1.01311
14.9273,1.01313
14.9288,1.01315
14.9303,1.01317
14.9318,1.01319
14.9333,1.0132
14.9348,1.01322
14.9363,1.01324
14.9378,1.01326
14.9393,1.01328
14.9408,1.0133
14.9423,1.01331
14.9438,1.01333
14.9453,1.01334
14.9468,1.01336
14.9483,1.01337
14.9498,1.01338
14.9513,1.0134
14.9528,1.01341
14.9543,1.01342
14.9558,1.01343
14.9573,1.01344
14.9588,1.01344
14.9603,1.01345
14.9618,1.01346
14.9633,1.01347
14.9648,1.01347
14.9663,1.01348
14.9678,1.01348
14.9693,1.01349
14.9708,1.0135
14.9723,1.0135
14.9738,1.01351
14.9753,1.01351
14.9768,1.01351
14.9783,1.01352
14.9798,1.01352
14.9813,1.01353
14.9828,1.01353
14.9843,1.01353
14.9858,1.01354
14.9873,1.01354
14.9888,1.01355
14.9903,1.01355
14.9918,1.01356
14.9933,1.01356
14.9948,1.01356
14.9963,1.01357
14.9978,1.01357
14.9993,1.01358
15.0008,1.01358
15.0023,1.01359
15.0038,1.01359
15.0053,1.01359
15.0068,1.0136
15.0083,1.0136
15.0098,1.01361
15.0113,1.01361
15.0128,1.01361
15.0143,1.01362
15.0158,1.01362
15.0173,1.01363
15.0188,1.01363
15.0203,1.01363
15.0218,1.01364
15.0233,1.01364
15.0248,1.01365
15.0263,1.01366
15.0278,1.01366
15.0293,1.01366
15.0308,1.01367
15.0323,1.01368
15.0338,1.01368
15.0353,1.01369
15.0368,1.01369
15.0383,1.0137
15.0398,1.01371
15.0413,1.01371
15.0428,1.01372
15.0443,1.01373
15.0458,1.01374
15.0473,1.01374
15.0488,1.01375
15.0503,1.01376
15.0518,1.01377
15.0533,1.01378
15.0548,1.01379
15.0563,1.0138
15.0578,1.01381
15.0593,1.01381
15.0608,1.01382
15.0623,1.01384
15.0638,1.01384
15.0653,1.01386
15.0668,1.01387
15.0683,1.01388
15.0698,1.01389
15.0713,1.0139
15.0728,1.01391
15.0743,1.01392
15.0758,1.01393
15.0773,1.01395
15.0788,1.01396
15.0803,1.01397
15.0818,1.01398
15.0833,1.01399
15.0848,1.01401
15.0863,1.01402
15.0878,1.01403
15.0893,1.01404
15.0908,1.01405
15.0923,1.01406
15.0938,1.01407
15.0953,1.01408
15.0968,1.01409
15.0983,1.0141
15.0998,1.01411
15.1013,1.01412
15.1028,1.01412
15.1043,1.01413
15.1058,1.01414
15.1073,1.01414
15.1088,1.01414
15.1103,1.01414
15.1118,1.01415
15.1133,1.01415
15.1148,1.01414
15.1163,1.01414
15.1178,1.01414
15.1193,1.01414
15.1208,1.01413
15.1223,1.01413
15.1238,1.01412
15.1253,1.01411
15.1268,1.01411
15.1283,1.0141
15.1298,1.01409
15.1313,1.01408
15.1328,1.01407
15.1343,1.01406
15.1358,1.01405
15.1373,1.01404
15.1388,1.01403
15.1403,1.01402
15.1418,1.014
15.1433,1.01399
15.1448,1.01398
15.1463,1.01397
15.1478,1.01395
15.1493,1.01394
15.1508,1.01393
15.1523,1.01392
15.1538,1.0139
15.1553,1.01389
15.1568,1.01388
15.1583,1.01386
15.1598,1.01385
15.1613,1.01384
15.1628,1.01383
15.1643,1.01382
15.1658,1.01381
15.1673,1.0138
15.1688,1.01379
15.1703,1.01378
15.1718,1.01377
15.1733,1.01377
15.1748,1.01376
15.1763,1.01376
15.1778,1.01376
15.1793,1.01375
15.1808,1.01375
15.1823,1.01375
15.1838,1.01375
15.1853,1.01375
15.1868,1.01376
15.1883,1.01376
15.1898,1.01377
15.1913,1.01378
15.1928,1.01378
15.1943,1.01379
15.1958,1.01381
15.1973,1.01382
15.1988,1.01383
15.2003,1.01385
15.2018,1.01387
15.2033,1.01388
15.2048,1.01391
15.2063,1.01393
15.2078,1.01395
15.2093,1.01398
15.2108,1.014
15.2123,1.01403
15.2138,1.01406
15.2153,1.01409
15.2168,1.01413
15.2183,1.01416
15.2198,1.0142
15.2213,1.01424
15.2228,1.01428
15.2243,1.01432
15.2258,1.01436
15.2273,1.01441
15.2288,1.01446
15.2303,1.01451
15.2318,1.01455
15.2333,1.01461
15.2348,1.01466
15.2363,1.01472
15.2378,1.01477
15.2393,1.01483
15.2408,1.01489
15.2423,1.01495
15.2438,1.01501
15.2453,1.01507
15.2468,1.01513
15.2483,1.01519
15.2498,1.01526
15.2513,1.01532
15.2528,1.01539
15.2543,1.01546
15.2558,1.01552
15.2573,1.01559
15.2588,1.01566
15.2603,1.01573
15.2618,1.0158
15.2633,1.01587
15.2648,1.01594
15.2663,1.01601
15.2678,1.01608
15.2693,1.01615
15.2708,1.01622
15.2723,1.01629
15.2738,1.01636
15.2753,1.01643
15.2768,1.01651
15.2783,1.01658
15.2798,1.01664
15.2813,1.01671
15.2828,1.01678
15.2843,1.01685
15.2858,1.01692
15.2873,1.01699
15.2888,1.01706
15.2903,1.01712
15.2918,1.01719
15.2933,1.01725
15.2948,1.01732
15.2963,1.01738
15.2978,1.01745
15.2993,1.01751
15.3008,1.01757
15.3023,1.01763
15.3038,1.01769
15.3053,1.01775
15.3068,1.01781
15.3083,1.01786
15.3098,1.01792
15.3113,1.01797
15.3128,1.01803
15.3143,1.01808
15.3158,1.01813
15.3173,1.01818
15.3188,1.01824
15.3203,1.01828
15.3218,1.01833
15.3233,1.01838
15.3248,1.01843
15.3263,1.01847
15.3278,1.01852
15.3293,1.01856
15.3308,1.0186
15.3323,1.01865
15.3338,1.01869
15.3353,1.01874
15.3368,1.01878
15.3383,1.01882
15.3398,1.01887
15.3413,1.01891
15.3428,1.01895
15.3443,1.019
15.3458,1.01904
15.3473,1.01909
15.3488,1.01914
15.3503,1.01918
15.3518,1.01923
15.3533,1.01928
15.3548,1.01933
15.3563,1.01938
15.3578,1.01943
15.3593,1.01948
15.3608,1.01954
15.3623,1.01959
15.3638,1.01964
15.3653,1.0197
15.3668,1.01976
15.3684,1.01981
15.3699,1.01987
15.3714,1.01993
15.3729,1.01999
15.3744,1.02005
15.3759,1.02011
15.3774,1.02017
15.3789,1.02023
15.3804,1.02029
15.3819,1.02035
15.3834,1.02041
15.3849,1.02047
15.3864,1.02053
15.3879,1.0206
15.3894,1.02066
15.3909,1.02071
15.3924,1.02077
15.3939,1.02083
15.3954,1.02089
15.3969,1.02095
15.3984,1.02101
15.3999,1.02106
15.4014,1.02112
15.4029,1.02117
15.4044,1.02122
15.4059,1.02127
15.4074,1.02132
15.4089,1.02137
15.4104,1.02142
15.4119,1.02146
15.4134,1.0215
15.4149,1.02154
15.4164,1.02159
15.4179,1.02162
15.4194,1.02166
15.4209,1.02169
15.4224,1.02172
15.4239,1.02175
15.4254,1.02178
15.4269,1.02181
15.4284,1.02183
15.4299,1.02186
15.4314,1.02188
15.4329,1.0219
15.4344,1.02191
15.4359,1.02193
15.4374,1.02194
15.4389,1.02195
15.4404,1.02197
15.4419,1.02197
15.4434,1.02198
15.4449,1.02199
15.4464,1.02199
15.4479,1.022
15.4494,1.022
15.4509,1.022
15.4524,1.022
15.4539,1.022
15.4554,1.02199
15.4569,1.02199
15.4584,1.02198
15.4599,1.02198
15.4614,1.02197
15.4629,1.02196
15.4644,1.02195
15.4659,1.02194
15.4674,1.02193
15.4689,1.02192
15.4704,1.0219
15.4719,1.02189
15.4734,1.02187
15.4749,1.02186
15.4764,1.02184
15.4779,1.02182
15.4794,1.0218
15.4809,1.02178
15.4824,1.02176
15.4839,1.02174
15.4854,1.02172
15.4869,1.0217
15.4884,1.02168
15.4899,1.02165
15.4914,1.02163
15.4929,1.0216
15.4944,1.02158
15.4959,1.02155
15.4974,1.02153
15.4989,1.0215
15.5004,1.02148
15.5019,1.02145
15.5034,1.02142
15.5049,1.0214
15.5064,1.02137
15.5079,1.02134
15.5094,1.02131
15.5109,1.02129
15.5124,1.02126
15.5139,1.02123
15.5154,1.0212
15.5169,1.02117
15.5184,1.02114
15.5199,1.02111
15.5214,1.02108
15.5229,1.02106
15.5244,1.02102
15.5259,1.02099
15.5274,1.02096
15.5289,1.02094
15.5304,1.02091
15.5319,1.02088
15.5334,1.02085
15.5349,1.02082
15.5364,1.02079
15.5379,1.02076
15.5394,1.02073
15.5409,1.02071
15.5424,1.02068
15.5439,1.02065
15.5454,1.02062
15.5469,1.0206
15.5484,1.02057
15.5499,1.02055
15.5514,1.02052
15.5529,1.0205
15.5544,1.02048
15.5559,1.02045
15.5574,1.02043
15.5589,1.02041
15.5604,1.02039
15.5619,1.02037
15.5634,1.02035
15.5649,1.02033
15.5664,1.02031
15.5679,1.02029
15.5694,1.02028
15.5709,1.02026
15.5724,1.02025
15.5739,1.02023
15.5754,1.02022
15.5769,1.02021
15.5784,1.0202
15.5799,1.02018
15.5814,1.02017
15.5829,1.02017
15.5844,1.02016
15.5859,1.02015
15.5874,1.02014
15.5889,1.02014
15.5904,1.02013
15.5919,1.02013
15.5934,1.02012
15.5949,1.02012
15.5964,1.02012
15.5979,1.02012
15.5994,1.02012
15.6009,1.02012
15.6024,1.02011
15.6039,1.02012
15.6054,1.02012
15.6069,1.02012
15.6084,1.02012
15.6099,1.02012
15.6114,1.02013
15.6129,1.02013
15.6144,1.02014
15.6159,1.02014
15.6174,1.02014
15.6189,1.02015
15.6204,1.02015
15.6219,1.02016
15.6234,1.02016
15.6249,1.02017
15.6264,1.02017
15.6279,1.02018
15.6294,1.02019
15.6309,1.02019
15.6324,1.0202
15.6339,1.0202
15.6354,1.02021
15.6369,1.02021
15.6384,1.02022
15.6399,1.02022
15.6414,1.02023
15.6429,1.02023
15.6444,1.02024
15.6459,1.02024
15.6474,1.02024
15.6489,1.02025
15.6504,1.02025
15.6519,1.02025
15.6534,1.02026
15.6549,1.02026
15.6564,1.02026
15.6579,1.02027
15.6594,1.02027
15.6609,1.02027
15.6624,1.02027
15.6639,1.02027
15.6654,1.02028
15.6669,1.02028
15.6684,1.02028
15.6699,1.02028
15.6714,1.02029
15.6729,1.02029
15.6744,1.02029
15.6759,1.02029
15.6774,1.0203
15.6789,1.0203
15.6804,1.0203
15.6819,1.0203
15.6834,1.02031
15.6849,1.02031
15.6864,1.02032
15.6879,1.02032
15.6894,1.02033
15.6909,1.02034
15.6924,1.02034
15.6939,1.02035
15.6954,1.02036
15.6969,1.02037
15.6984,1.02038
15.6999,1.02039
15.7014,1.0204
15.7029,1.02042
15.7044,1.02043
15.7059,1.02045
15.7074,1.02046
15.7089,1.02048
15.7104,1.0205
15.7119,1.02052
15.7134,1.02054
15.7149,1.02056
15.7164,1.02058
15.7179,1.02061
15.7194,1.02063
15.7209,1.02066
15.7224,1.02069
15.7239,1.02072
15.7254,1.02075
15.7269,1.02078
15.7284,1.02081
15.7299,1.02085
15.7314,1.02088
15.7329,1.02092
15.7344,1.02096
15.7359,1.021
15.7374,1.02104
15.7389,1.02108
15.7404,1.02113
15.7419,1.02117
15.7434,1.02122
15.7449,1.02127
15.7464,1.02132
15.7479,1.02137
15.7494,1.02142
15.7509,1.02147
15.7524,1.02153
15.7539,1.02158
15.7554,1.02164
15.7569,1.0217
15.7584,1.02175
15.7599,1.02181
15.7614,1.02187
15.7629,1.02193
15.7644,1.022
15.7659,1.02206
15.7674,1.02212
15.7689,1.02219
15.7704,1.02225
15.7719,1.02232
15.7734,1.02239
15.7749,1.02246
15.7764,1.02253
15.7779,1.0226
15.7794,1.02266
15.7809,1.02274
15.7824,1.02281
15.7839,1.02288
15.7854,1.02295
15.7869,1.02302
15.7884,1.02309
15.7899,1.02317
15.7914,1.02324
15.7929,1.02331
15.7944,1.02338
15.7959,1.02345
15.7974,1.02352
15.7989,1.0236
15.8004,1.02367
15.8019,1.02374
15.8034,1.02381
15.8049,1.02388
15.8064,1.02395
15.8079,1.02402
15.8094,1.02409
15.8109,1.02416
15.8124,1.02423
15.8139,1.0243
15.8154,1.02437
15.8169,1.02443
15.8184,1.0245
15.8199,1.02456
15.8214,1.02463
15.8229,1.02469
15.8244,1.02476
15.8259,1.02482
15.8274,1.02488
15.8289,1.02494
15.8304,1.02501
15.8319,1.02506
15.8334,1.02512
15.8349,1.02518
15.8364,1.02524
15.8379,1.0253
15.8394,1.02535
15.8409,1.02541
15.8424,1.02546
15.8439,1.02552
15.8454,1.02557
15.8469,1.02562
15.8484,1.02567
15.8499,1.02572
15.8514,1.02577
15.8529,1.02582
15.8544,1.02587
15.8559,1.02592
15.8574,1.02596
15.8589,1.02601
15.8604,1.02605
15.8619,1.0261
15.8634,1.02614
15.8649,1.02618
15.8664,1.02623
15.8679,1.02627
15.8694,1.02631
15.8709,1.02635
15.8724,1.02639
15.8739,1.02643
15.8754,1.02647
15.8769,1.02651
15.8784,1.02655
15.8799,1.02659
15.8814,1.02662
15.8829,1.02666
15.8844,1.02669
15.8859,1.02673
15.8874,1.02676
15.8889,1.0268
15.8904,1.02683
15.8919,1.02686
15.8934,1.02689
15.8949,1.02692
15.8964,1.02695
15.8979,1.02698
15.8994,1.02701
15.9009,1.02704
15.9024,1.02706
15.9039,1.02709
15.9054,1.02711
15.9069,1.02714
15.9084,1.02716
15.9099,1.02718
15.9114,1.0272
15.9129,1.02722
15.9144,1.02724
15.9159,1.02726
15.9174,1.02727
15.9189,1.02729
15.9204,1.0273
15.9219,1.02732
15.9234,1.02733
15.9249,1.02734
15.9264,1.02735
15.9279,1.02736
15.9294,1.02737
15.9309,1.02737
15.9324,1.02738
15.9339,1.02738
15.9354,1.02739
15.9369,1.02739
15.9384,1.02739
15.9399,1.02739
15.9414,1.02739
15.9429,1.02739
15.9444,1.02738
15.9459,1.02738
15.9474,1.02737
15.9489,1.02737
15.9504,1.02736
15.9519,1.02735
15.9534,1.02734
15.9549,1.02734
15.9564,1.02733
15.9579,1.02732
15.9594,1.02731
15.9609,1.0273
15.9624,1.02729
15.9639,1.02727
15.9654,1.02726
15.9669,1.02725
15.9684,1.02724
15.9699,1.02722
15.9714,1.02721
15.9729,1.02719
15.9744,1.02718
15.9759,1.02717
15.9774,1.02715
15.9789,1.02714
15.9804,1.02712
15.9819,1.02711
15.9834,1.02709
15.9849,1.02708
15.9864,1.02706
15.9879,1.02704
15.9894,1.02703
15.9909,1.02701
15.9924,1.02699
15.9939,1.02698
15.9954,1.02696
15.9969,1.02694
15.9984,1.02692
15.9999,1.02691
16.0014,1.02689
16.0029,1.02687
16.0044,1.02685
16.0059,1.02683
16.0074,1.02681
16.0089,1.02679
16.0104,1.02676
16.0119,1.02674
16.0134,1.02672
16.0149,1.0267
16.0164,1.02667
16.0179,1.02665
16.0194,1.02662
16.0209,1.0266
16.0224,1.02657
16.0239,1.02654
16.0254,1.02652
16.0269,1.02649
16.0284,1.02646
16.0299,1.02643
16.0314,1.0264
16.0329,1.02637
16.0344,1.02634
16.0359,1.02631
16.0374,1.02628
16.0389,1.02625
16.0404,1.02622
16.0419,1.02619
16.0434,1.02615
16.0449,1.02612
16.0464,1.02609
16.0479,1.02606
16.0494,1.02602
16.0509,1.02599
16.0524,1.02595
16.0539,1.02592
16.0554,1.02588
16.0569,1.02585
16.0584,1.02581
16.0599,1.02578
16.0614,1.02574
16.0629,1.0257
16.0644,1.02567
16.0659,1.02563
16.0674,1.02559
16.0689,1.02556
16.0704,1.02552
16.0719,1.02548
16.0734,1.02544
16.0749,1.0254
16.0764,1.02537
16.0779,1.02533
16.0794,1.02529
16.0809,1.02525
16.0824,1.02521
16.0839,1.02517
16.0854,1.02513
16.0869,1.02509
16.0884,1.02505
16.0899,1.02501
16.0914,1.02496
16.0929,1.02492
16.0944,1.02488
16.0959,1.02484
16.0974,1.02479
16.0989,1.02475
16.1003,1.0247
16.1018,1.02466
16.1033,1.02461
16.1048,1.02456
16.1063,1.02451
16.1078,1.02447
16.1093,1.02442
16.1108,1.02437
16.1123,1.02432
16.1138,1.02427
16.1153,1.02421
16.1168,1.02416
16.1183,1.02411
16.1198,1.02406
16.1213,1.024
16.1228,1.02395
16.1243,1.02389
16.1258,1.02384
16.1273,1.02338
16.1288,1.02332
16.1303,1.02326
16.1318,1.02321
16.1333,1.02315
16.1348,1.02309
16.1363,1.02303
16.1378,1.02297
16.1393,1.02291
16.1408,1.02285
16.1423,1.02278
16.1438,1.02272
16.1453,1.02266
16.1468,1.0226
16.1483,1.02253
16.1498,1.02247
16.1513,1.02241
16.1528,1.02235
16.1543,1.02228
16.1558,1.02222
16.1573,1.02216
16.1588,1.02209
16.1603,1.02203
16.1618,1.02197
16.1633,1.02191
16.1648,1.02184
16.1663,1.02178
16.1678,1.02172
16.1693,1.02166
16.1708,1.0216
16.1723,1.02153
16.1738,1.02148
16.1753,1.02142
16.1768,1.02136
16.1783,1.0213
16.1798,1.02124
16.1813,1.02118
16.1828,1.02113
16.1843,1.02107
16.1858,1.02102
16.1873,1.02096
16.1888,1.02091
16.1903,1.02085
16.1918,1.0208
16.1933,1.02075
16.1948,1.0207
16.1963,1.02065
16.1978,1.0206
16.1993,1.02055
16.2008,1.0205
16.2023,1.02045
16.2038,1.02041
16.2053,1.02036
16.2068,1.02031
16.2083,1.02027
16.2098,1.02022
16.2113,1.02018
16.2128,1.02014
16.2143,1.02009
16.2158,1.02005
16.2173,1.02001
16.2188,1.01997
16.2203,1.01992
16.2218,1.01988
16.2233,1.01984
16.2248,1.0198
16.2263,1.01976
16.2278,1.01972
16.2293,1.01968
16.2308,1.01964
16.2323,1.0196
16.2338,1.01956
16.2353,1.01953
16.2368,1.01949
16.2383,1.01945
16.2398,1.01941
16.2413,1.01937
16.2428,1.01933
16.2443,1.01929
16.2458,1.01926
16.2473,1.01922
16.2488,1.01918
16.2503,1.01914
16.2518,1.0191
16.2533,1.01906
16.2548,1.01902
16.2563,1.01899
16.2578,1.01895
16.2593,1.01891
16.2608,1.01887
16.2623,1.01883
16.2638,1.01879
16.2653,1.01875
16.2668,1.01871
16.2683,1.01867
16.2698,1.01863
16.2713,1.01859
16.2728,1.01854
16.2743,1.0185
16.2758,1.01846
16.2773,1.01841
16.2788,1.01837
16.2803,1.01832
16.2817,1.01828
16.2832,1.01823
16.2847,1.01819
16.2862,1.01814
16.2877,1.01809
16.2892,1.01805
16.2907,1.018
16.2922,1.01795
16.2937,1.0179
16.2952,1.01785
16.2967,1.0178
16.2982,1.01775
16.2997,1.0177
16.3012,1.01765
16.3027,1.01759
16.3042,1.01754
16.3057,1.01749
16.3072,1.01744
16.3087,1.01738
16.3102,1.01733
16.3117,1.01727
16.3132,1.01722
16.3147,1.01716
16.3162,1.01711
16.3177,1.01706
16.3192,1.017
16.3207,1.01695
16.3222,1.01689
16.3237,1.01684
16.3252,1.01678
16.3267,1.01673
16.3282,1.01667
16.3297,1.01662
16.3312,1.01656
16.3327,1.01651
16.3342,1.01645
16.3357,1.0164
16.3372,1.01635
16.3387,1.01629
16.3402,1.01624
16.3417,1.01618
16.3432,1.01613
16.3447,1.01608
16.3462,1.01603
16.3477,1.01598
16.3492,1.01592
16.3507,1.01587
16.3522,1.01582
16.3537,1.01577
16.3552,1.01572
16.3567,1.01567
16.3582,1.01562
16.3597,1.01557
16.3612,1.01552
16.3627,1.01547
16.3642,1.01542
16.3657,1.01537
16.3672,1.01533
16.3687,1.01528
16.3702,1.01523
16.3717,1.01519
16.3732,1.01514
16.3747,1.01509
16.3762,1.01505
16.3777,1.015
16.3792,1.01496
16.3807,1.01491
16.3822,1.01487
16.3837,1.01483
16.3852,1.01479
16.3867,1.01475
16.3882,1.0147
16.3897,1.01466
16.3912,1.01462
16.3927,1.01458
16.3942,1.01454
16.3957,1.0145
16.3972,1.01446
16.3987,1.01443
16.4002,1.01439
16.4017,1.01435
16.4032,1.01431
16.4047,1.01428
16.4062,1.01424
16.4077,1.01421
16.4092,1.01417
16.4107,1.01414
16.4122,1.01411
16.4137,1.01407
16.4152,1.01404
16.4167,1.01401
16.4182,1.01398
16.4197,1.01395
16.4212,1.01392
16.4227,1.01389
16.4242,1.01386
16.4257,1.01383
16.4272,1.0138
16.4287,1.01377
16.4302,1.01375
16.4317,1.01372
16.4332,1.0137
16.4347,1.01367
16.4362,1.01365
16.4377,1.01362
16.4392,1.0136
16.4407,1.01358
16.4422,1.01356
16.4437,1.01354
16.4452,1.01351
16.4467,1.01349
16.4482,1.01348
16.4497,1.01346
16.4512,1.01344
16.4527,1.01342
16.4542,1.01341
16.4557,1.01339
16.4572,1.01338
16.4587,1.01336
16.4602,1.01335
16.4617,1.01333
16.4632,1.01332
16.4646,1.01331
16.4661,1.0133
16.4676,1.01329
16.4691,1.01328
16.4706,1.01327
16.4721,1.01326
16.4736,1.01326
16.4751,1.01325
16.4766,1.01325
16.4781,1.01324
16.4796,1.01324
16.4811,1.01323
16.4826,1.01323
16.4841,1.01323
16.4856,1.01323
16.4871,1.01323
16.4886,1.01324
16.4901,1.01324
16.4916,1.01324
16.4931,1.01324
16.4946,1.01325
16.4961,1.01326
16.4976,1.01326
16.4991,1.01327
16.5006,1.01328
16.5021,1.01328
16.5036,1.01329
16.5051,1.01331
16.5066,1.01332
16.5081,1.01333
16.5096,1.01334
16.5111,1.01336
16.5126,1.01337
16.5141,1.01339
16.5156,1.0134
16.5171,1.01342
16.5186,1.01343
16.5201,1.01345
16.5216,1.01347
16.5231,1.01349
16.5246,1.01351
16.5261,1.01353
16.5276,1.01354
16.5291,1.01357
16.5306,1.01359
16.5321,1.01361
16.5336,1.01363
16.5351,1.01365
16.5366,1.01368
16.5381,1.0137
16.5396,1.01372
16.5411,1.01375
16.5426,1.01377
16.5441,1.0138
16.5456,1.01382
16.5471,1.01385
16.5486,1.01387
16.5501,1.0139
16.5516,1.01393
16.5531,1.01395
16.5546,1.01398
16.5561,1.01401
16.5576,1.01404
16.5591,1.01407
16.5606,1.01409
16.5621,1.01412
16.5636,1.01416
16.5651,1.01418
16.5666,1.01421
16.5681,1.01425
16.5696,1.01428
16.5711,1.01431
16.5726,1.01434
16.5741,1.01437
16.5756,1.0144
16.5771,1.01443
16.5786,1.01447
16.5801,1.0145
16.5816,1.01453
16.5831,1.01456
16.5846,1.01459
16.5861,1.01462
16.5876,1.01465
16.5891,1.01469
16.5906,1.01472
16.5921,1.01475
16.5936,1.01478
16.5951,1.01481
16.5966,1.01484
16.5981,1.01487
16.5996,1.0149
16.6011,1.01493
16.6026,1.01496
16.6041,1.01499
16.6056,1.01502
16.6071,1.01505
16.6086,1.01507
16.6101,1.0151
16.6116,1.01513
16.6131,1.01516
16.6146,1.01519
16.6161,1.01521
16.6176,1.01524
16.6191,1.01527
16.6206,1.01529
16.6221,1.01532
16.6236,1.01535
16.6251,1.01538
16.6266,1.0154
16.6281,1.01543
16.6296,1.01546
16.6311,1.01548
16.6326,1.01551
16.6341,1.01554
16.6356,1.01557
16.6371,1.01559
16.6386,1.01562
16.6401,1.01565
16.6416,1.01568
16.6431,1.01571
16.6446,1.01574
16.646,1.01577
16.6475,1.0158
16.649,1.01583
16.6505,1.01586
16.652,1.01589
16.6535,1.01592
16.655,1.01596
16.6565,1.01599
16.658,1.01602
16.6595,1.01605
16.661,1.01608
16.6625,1.01611
16.664,1.01614
16.6655,1.01617
16.667,1.01621
16.6685,1.01624
16.67,1.01627
16.6715,1.0163
16.673,1.01633
16.6745,1.01636
16.676,1.01639
16.6775,1.01642
16.679,1.01645
16.6805,1.01648
16.682,1.01651
16.6835,1.01653
16.685,1.01656
16.6865,1.01659
16.688,1.01662
16.6895,1.01664
16.691,1.01667
16.6925,1.01669
16.694,1.01672
16.6955,1.01674
16.697,1.01676
16.6985,1.01678
16.7,1.01681
16.7015,1.01683
16.703,1.01685
16.7045,1.01687
16.706,1.01688
16.7075,1.0169
16.709,1.01692
16.7105,1.01693
16.712,1.01695
16.7135,1.01696
16.715,1.01698
16.7165,1.01699
16.718,1.017
16.7195,1.01702
16.721,1.01703
16.7225,1.01704
16.724,1.01705
16.7255,1.01706
16.727,1.01707
16.7285,1.01708
16.73,1.01709
16.7315,1.0171
16.733,1.01711
16.7345,1.01712
16.736,1.01713
16.7375,1.01714
16.739,1.01715
16.7405,1.01716
16.742,1.01717
16.7435,1.01718
16.745,1.01719
16.7465,1.0172
16.748,1.01722
16.7495,1.01723
16.751,1.01724
16.7525,1.01725
16.754,1.01726
16.7555,1.01727
16.757,1.01728
16.7585,1.0173
16.76,1.01731
16.7615,1.01732
16.763,1.01734
16.7645,1.01735
16.766,1.01737
16.7675,1.01738
16.769,1.01739
16.7705,1.01741
16.772,1.01742
16.7735,1.01744
16.775,1.01745
16.7765,1.01747
16.778,1.01748
16.7795,1.0175
16.781,1.01751
16.7825,1.01752
16.784,1.01754
16.7855,1.01755
16.787,1.01757
16.7885,1.01758
16.79,1.0176
16.7915,1.01761
16.793,1.01763
16.7945,1.01764
16.796,1.01765
16.7975,1.01767
16.799,1.01768
16.8005,1.01769
16.802,1.01771
16.8035,1.01772
16.805,1.01773
16.8065,1.01775
16.808,1.01776
16.8095,1.01777
16.811,1.01778
16.8125,1.0178
16.814,1.01781
16.8155,1.01782
16.817,1.01783
16.8185,1.01784
16.82,1.01785
16.8215,1.01786
16.823,1.01787
16.8245,1.01788
16.826,1.01789
16.8274,1.0179
16.8289,1.01791
16.8304,1.01792
16.8319,1.01793
16.8334,1.01793
16.8349,1.01794
16.8364,1.01795
16.8379,1.01796
16.8394,1.01797
16.8409,1.01798
16.8424,1.01799
16.8439,1.018
16.8454,1.018
16.8469,1.01801
16.8484,1.01802
16.8499,1.01803
16.8514,1.01804
16.8529,1.01805
16.8544,1.01805
16.8559,1.01806
16.8574,1.01807
16.8589,1.01808
16.8604,1.01809
16.8619,1.01809
16.8634,1.0181
16.8649,1.01811
16.8664,1.01812
16.8679,1.01812
16.8694,1.01813
16.8709,1.01814
16.8724,1.01814
16.8739,1.01815
16.8754,1.01816
16.8769,1.01816
16.8784,1.01817
16.8799,1.01817
16.8814,1.01818
16.8829,1.01819
16.8844,1.01819
16.8859,1.0182
16.8874,1.0182
16.8889,1.01821
16.8904,1.01821
16.8919,1.01821
16.8934,1.01822
16.8949,1.01822
16.8964,1.01823
16.8979,1.01823
16.8994,1.01823
16.9009,1.01824
16.9024,1.01824
16.9039,1.01824
16.9054,1.01825
16.9069,1.01825
16.9084,1.01825
16.9099,1.01825
16.9114,1.01826
16.9129,1.01826
16.9144,1.01826
16.9159,1.01826
16.9174,1.01827
16.9189,1.01827
16.9204,1.01827
16.9219,1.01827
16.9234,1.01828
16.9249,1.01828
16.9264,1.01828
16.9279,1.01828
16.9294,1.01828
16.9309,1.01829
16.9324,1.01829
16.9339,1.01829
16.9354,1.01829
16.9369,1.0183
16.9384,1.0183
16.9399,1.0183
16.9414,1.0183
16.9429,1.01831
16.9444,1.01831
16.9459,1.01831
16.9474,1.01832
16.9489,1.01832
16.9504,1.01832
16.9519,1.01832
16.9534,1.01833
16.9549,1.01833
16.9564,1.01834
16.9579,1.01834
16.9594,1.01834
16.9609,1.01834
16.9624,1.01835
16.9639,1.01835
16.9654,1.01835
16.9669,1.01835
16.9684,1.01836
16.9699,1.01836
16.9714,1.01836
16.9729,1.01836
16.9744,1.01836
16.9759,1.01836
16.9774,1.01836
16.9789,1.01836
16.9804,1.01836
16.9819,1.01836
16.9834,1.01836
16.9849,1.01836
16.9864,1.01835
16.9879,1.01835
16.9894,1.01834
16.9909,1.01834
16.9924,1.01833
16.9939,1.01833
16.9954,1.01832
16.9969,1.01831
16.9984,1.0183
16.9999,1.01829
17.0014,1.01828
17.0029,1.01827
17.0044,1.01826
17.0059,1.01825
17.0074,1.01824
17.0089,1.01822
17.0103,1.01821
17.0118,1.01819
17.0133,1.01818
17.0148,1.01817
17.0163,1.01815
17.0178,1.01814
17.0193,1.01812
17.0208,1.0181
17.0223,1.01809
17.0238,1.01807
17.0253,1.01806
17.0268,1.01804
17.0283,1.01802
17.0298,1.01801
17.0313,1.01799
17.0328,1.01797
17.0343,1.01796
17.0358,1.01794
17.0373,1.01793
17.0388,1.01791
17.0403,1.0179
17.0418,1.01788
17.0433,1.01787
17.0448,1.01785
17.0463,1.01784
17.0478,1.01783
17.0493,1.01781
17.0508,1.0178
17.0523,1.01779
17.0538,1.01778
17.0553,1.01777
17.0568,1.01776
17.0583,1.01775
17.0598,1.01774
17.0613,1.01773
17.0628,1.01772
17.0643,1.01772
17.0658,1.01771
17.0673,1.01771
17.0688,1.0177
17.0703,1.0177
17.0718,1.0177
17.0733,1.01769
17.0748,1.01769
17.0763,1.01769
17.0778,1.01769
17.0793,1.01769
17.0808,1.01769
17.0823,1.01769
17.0838,1.0177
17.0853,1.0177
17.0868,1.0177
17.0883,1.01771
17.0898,1.01771
17.0913,1.01772
17.0928,1.01773
17.0943,1.01773
17.0958,1.01774
17.0973,1.01775
17.0988,1.01776
17.1003,1.01777
17.1018,1.01777
17.1033,1.01778
17.1048,1.01779
17.1063,1.0178
17.1078,1.01781
17.1093,1.01783
17.1108,1.01784
17.1123,1.01785
17.1138,1.01786
17.1153,1.01787
17.1168,1.01789
17.1183,1.0179
17.1198,1.01791
17.1213,1.01792
17.1228,1.01794
17.1243,1.01795
17.1258,1.01797
17.1273,1.01798
17.1288,1.01799
17.1303,1.01801
17.1318,1.01802
17.1333,1.01803
17.1348,1.01805
17.1363,1.01806
17.1378,1.01808
17.1393,1.01809
17.1408,1.0181
17.1423,1.01811
17.1438,1.01813
17.1453,1.01813
17.1468,1.01815
17.1483,1.01816
17.1498,1.01817
17.1513,1.01817
17.1528,1.01818
17.1543,1.01819
17.1558,1.01819
17.1573,1.0182
17.1588,1.0182
17.1603,1.01821
17.1618,1.01821
17.1633,1.01821
17.1648,1.01821
17.1663,1.01821
17.1678,1.01821
17.1693,1.01821
17.1708,1.0182
17.1723,1.0182
17.1738,1.0182
17.1753,1.01819
17.1768,1.01818
17.1783,1.01818
17.1798,1.01816
17.1813,1.01816
17.1828,1.01815
17.1843,1.01813
17.1858,1.01812
17.1873,1.01811
17.1888,1.0181
17.1903,1.01808
17.1917,1.01807
17.1932,1.01805
17.1947,1.01804
17.1962,1.01802
17.1977,1.018
17.1992,1.01799
17.2007,1.01797
17.2022,1.01795
17.2037,1.01793
17.2052,1.01791
17.2067,1.01789
17.2082,1.01787
17.2097,1.01785
17.2112,1.01783
17.2127,1.01781
17.2142,1.01779
17.2157,1.01777
17.2172,1.01774
17.2187,1.01772
17.2202,1.0177
17.2217,1.01768
17.2232,1.01765
17.2247,1.01763
17.2262,1.01761
17.2277,1.01759
17.2292,1.01756
17.2307,1.01754
17.2322,1.01752
17.2337,1.0175
17.2352,1.01747
17.2367,1.01745
17.2382,1.01743
17.2397,1.01741
17.2412,1.01739
17.2427,1.01736
17.2442,1.01734
17.2457,1.01732
17.2472,1.0173
17.2487,1.01728
17.2502,1.01726
17.2517,1.01724
17.2532,1.01722
17.2547,1.01721
17.2562,1.01719
17.2577,1.01717
17.2592,1.01715
17.2607,1.01714
17.2622,1.01712
17.2637,1.01711
17.2652,1.0171
17.2667,1.01708
17.2682,1.01707
17.2697,1.01706
17.2712,1.01705
17.2727,1.01704
17.2742,1.01703
17.2757,1.01702
17.2772,1.01702
17.2787,1.01701
17.2802,1.01701
17.2817,1.017
17.2832,1.017
17.2847,1.017
17.2862,1.01699
17.2877,1.01699
17.2892,1.01699
17.2907,1.01699
17.2922,1.01699
17.2937,1.017
17.2952,1.017
17.2967,1.01701
17.2982,1.01701
17.2997,1.01702
17.3012,1.01702
17.3027,1.01703
17.3042,1.01704
17.3057,1.01705
17.3072,1.01706
17.3087,1.01706
17.3102,1.01707
17.3117,1.01709
17.3132,1.0171
17.3147,1.01711
17.3162,1.01712
17.3177,1.01713
17.3192,1.01715
17.3207,1.01716
17.3222,1.01718
17.3237,1.01719
17.3252,1.0172
17.3267,1.01722
17.3282,1.01723
17.3297,1.01725
17.3312,1.01726
17.3327,1.01728
17.3342,1.01729
17.3357,1.01731
17.3372,1.01732
17.3387,1.01734
17.3402,1.01735
17.3417,1.01737
17.3432,1.01738
17.3447,1.0174
17.3462,1.01741
17.3477,1.01742
17.3492,1.01744
17.3507,1.01745
17.3522,1.01746
17.3537,1.01748
17.3552,1.01749
17.3567,1.0175
17.3582,1.01751
17.3597,1.01752
17.3612,1.01753
17.3627,1.01754
17.3642,1.01755
17.3657,1.01756
17.3672,1.01757
17.3687,1.01758
17.3702,1.01759
17.3717,1.01759
17.3731,1.0176
17.3746,1.01761
17.3761,1.01761
17.3776,1.01762
17.3791,1.01762
17.3806,1.01762
17.3821,1.01762
17.3836,1.01762
17.3851,1.01762
17.3866,1.01762
17.3881,1.01762
17.3896,1.01762
17.3911,1.01762
17.3926,1.01762
17.3941,1.01761
17.3956,1.01761
17.3971,1.0176
17.3986,1.01759
17.4001,1.01759
17.4016,1.01758
17.4031,1.01757
17.4046,1.01756
17.4061,1.01755
17.4076,1.01754
17.4091,1.01752
17.4106,1.01751
17.4121,1.0175
17.4136,1.01748
17.4151,1.01747
17.4166,1.01745
17.4181,1.01744
17.4196,1.01742
17.4211,1.0174
17.4226,1.01739
17.4241,1.01737
17.4256,1.01735
17.4271,1.01733
17.4286,1.01731
17.4301,1.01729
17.4316,1.01726
17.4331,1.01724
17.4346,1.01722
17.4361,1.0172
17.4376,1.01717
17.4391,1.01715
17.4406,1.01713
17.4421,1.0171
17.4436,1.01708
17.4451,1.01705
17.4466,1.01703
17.4481,1.017
17.4496,1.01697
17.4511,1.01695
17.4526,1.01692
17.4541,1.0169
17.4556,1.01687
17.4571,1.01684
17.4586,1.01682
17.4601,1.01679
17.4616,1.01676
17.4631,1.01673
17.4646,1.01671
17.4661,1.01668
17.4676,1.01665
17.4691,1.01663
17.4706,1.0166
17.4721,1.01657
17.4736,1.01654
17.4751,1.01652
17.4766,1.01649
17.4781,1.01646
17.4796,1.01643
17.4811,1.01641
17.4826,1.01638
17.4841,1.01635
17.4856,1.01632
17.4871,1.01629
17.4886,1.01627
17.4901,1.01624
17.4916,1.01621
17.4931,1.01618
17.4946,1.01616
17.4961,1.01613
17.4976,1.0161
17.4991,1.01607
17.5006,1.01604
17.5021,1.01602
17.5036,1.01599
17.5051,1.01596
17.5066,1.01593
17.5081,1.0159
17.5096,1.01587
17.5111,1.01585
17.5126,1.01582
17.5141,1.01579
17.5156,1.01576
17.5171,1.01574
17.5186,1.01571
17.5201,1.01568
17.5216,1.01565
17.5231,1.01563
17.5246,1.0156
17.5261,1.01557
17.5276,1.01555
17.5291,1.01552
17.5306,1.01549
17.5321,1.01547
17.5336,1.01544
17.5351,1.01542
17.5366,1.01539
17.5381,1.01537
17.5396,1.01534
17.5411,1.01532
17.5426,1.01529
17.5441,1.01527
17.5456,1.01524
17.5471,1.01522
17.5486,1.01519
17.5501,1.01517
17.5516,1.01514
17.5531,1.01512
17.5546,1.0151
17.556,1.01507
17.5575,1.01505
17.559,1.01502
17.5605,1.015
17.562,1.01498
17.5635,1.01495
17.565,1.01493
17.5665,1.0149
17.568,1.01488
17.5695,1.01486
17.571,1.01483
17.5725,1.01481
17.574,1.01478
17.5755,1.01476
17.577,1.01473
17.5785,1.01471
17.58,1.01468
17.5815,1.01466
17.583,1.01463
17.5845,1.01461
17.586,1.01458
17.5875,1.01456
17.589,1.01453
17.5905,1.0145
17.592,1.01448
17.5935,1.01445
17.595,1.01442
17.5965,1.0144
17.598,1.01437
17.5995,1.01435
17.601,1.01432
17.6025,1.01429
17.604,1.01427
17.6055,1.01424
17.607,1.01421
17.6085,1.01419
17.61,1.01416
17.6115,1.01413
17.613,1.01411
17.6145,1.01408
17.616,1.01405
17.6175,1.01403
17.619,1.014
17.6205,1.01398
17.622,1.01396
17.6235,1.01393
17.625,1.01391
17.6265,1.01389
17.628,1.01386
17.6295,1.01384
17.631,1.01382
17.6325,1.0138
17.634,1.01378
17.6355,1.01376
17.637,1.01374
17.6385,1.01372
17.64,1.01371
17.6415,1.01369
17.643,1.01367
17.6445,1.01366
17.646,1.01364
17.6475,1.01363
17.649,1.01362
17.6505,1.01361
17.652,1.01359
17.6535,1.01359
17.655,1.01358
17.6565,1.01357
17.658,1.01356
17.6595,1.01356
17.661,1.01355
17.6625,1.01355
17.664,1.01354
17.6655,1.01354
17.667,1.01354
17.6685,1.01354
17.67,1.01354
17.6715,1.01355
17.673,1.01355
17.6745,1.01355
17.676,1.01356
17.6775,1.01357
17.679,1.01357
17.6805,1.01358
17.682,1.01359
17.6835,1.01361
17.685,1.01362
17.6865,1.01363
17.688,1.01365
17.6895,1.01366
17.691,1.01368
17.6925,1.0137
17.694,1.01372
17.6955,1.01373
17.697,1.01376
17.6985,1.01378
17.7,1.0138
17.7015,1.01382
17.703,1.01385
17.7045,1.01387
17.706,1.0139
17.7075,1.01392
17.709,1.01395
17.7105,1.01398
17.712,1.01401
17.7135,1.01404
17.715,1.01407
17.7165,1.0141
17.718,1.01414
17.7195,1.01417
17.721,1.0142
17.7225,1.01424
17.724,1.01428
17.7255,1.01431
17.727,1.01435
17.7285,1.01439
17.73,1.01443
17.7315,1.01447
17.733,1.01451
17.7345,1.01456
17.736,1.0146
17.7374,1.01464
17.7389,1.01469
17.7404,1.01474
17.7419,1.01478
17.7434,1.01483
17.7449,1.01488
17.7464,1.01493
17.7479,1.01498
17.7494,1.01503
17.7509,1.01509
17.7524,1.01514
17.7539,1.01519
17.7554,1.01525
17.7569,1.0153
17.7584,1.01536
17.7599,1.01542
17.7614,1.01548
17.7629,1.01513
17.7644,1.01519
17.7659,1.01525
17.7674,1.01531
17.7689,1.01538
17.7704,1.01544
17.7719,1.0155
17.7734,1.01556
17.7749,1.01562
17.7764,1.01569
17.7779,1.01575
17.7794,1.01581
17.7809,1.01588
17.7824,1.01594
17.7839,1.016
17.7854,1.01607
17.7869,1.01613
17.7884,1.01619
17.7899,1.01625
17.7914,1.01631
17.7929,1.01638
17.7944,1.01644
17.7959,1.0165
17.7974,1.01655
17.7989,1.01661
17.8004,1.01667
17.8019,1.01673
17.8034,1.01679
17.8049,1.01684
17.8064,1.0169
17.8079,1.01695
17.8094,1.017
17.8109,1.01706
17.8124,1.01711
17.8139,1.01716
17.8154,1.01721
17.8169,1.01726
17.8184,1.0173
17.8199,1.01735
17.8214,1.0174
17.8229,1.01744
17.8244,1.01749
17.8259,1.01753
17.8274,1.01757
17.8289,1.01762
17.8304,1.01766
17.8319,1.0177
17.8334,1.01774
17.8349,1.01778
17.8364,1.01782
17.8379,1.01786
17.8394,1.0179
17.8409,1.01794
17.8424,1.01797
17.8439,1.01801
17.8454,1.01805
17.8469,1.01809
17.8484,1.01812
17.8499,1.01816
17.8514,1.0182
17.8529,1.01824
17.8544,1.01827
17.8559,1.01831
17.8574,1.01835
17.8589,1.01839
17.8604,1.01802
17.8619,1.01806
17.8634,1.0181
17.8649,1.01814
17.8664,1.01818
17.8679,1.01821
17.8694,1.01825
17.8709,1.01829
17.8724,1.01833
17.8739,1.01837
17.8754,1.01841
17.8769,1.01846
17.8784,1.0185
17.8799,1.01854
17.8814,1.01858
17.8829,1.01863
17.8844,1.01867
17.8859,1.01871
17.8874,1.01876
17.8889,1.0188
17.8904,1.01884
17.8919,1.01889
17.8934,1.01894
17.8949,1.01898
17.8964,1.01903
17.8979,1.01907
17.8994,1.01912
17.9009,1.01917
17.9024,1.01922
17.9039,1.01926
17.9054,1.01931
17.9069,1.01936
17.9084,1.01941
17.9099,1.01946
17.9114,1.0195
17.9129,1.01956
17.9144,1.0196
17.9159,1.01965
17.9174,1.0197
17.9188,1.01975
17.9203,1.0198
17.9218,1.01985
17.9233,1.0199
17.9248,1.01996
17.9263,1.02001
17.9278,1.02006
17.9293,1.02011
17.9308,1.02016
17.9323,1.02021
17.9338,1.02026
17.9353,1.02031
17.9368,1.02036
17.9383,1.02041
17.9398,1.02046
17.9413,1.0205
17.9428,1.02055
17.9443,1.0206
17.9458,1.02065
17.9473,1.0207
17.9488,1.02074
17.9503,1.02079
17.9518,1.02084
17.9533,1.02088
17.9548,1.02093
17.9563,1.02097
17.9578,1.02101
17.9593,1.02106
17.9608,1.0211
17.9623,1.02114
17.9638,1.02118
17.9653,1.02122
17.9668,1.02126
17.9683,1.0213
17.9698,1.02134
17.9713,1.02138
17.9728,1.02142
17.9743,1.02146
17.9758,1.02149
17.9773,1.02153
17.9788,1.02156
17.9803,1.0216
17.9818,1.02163
17.9833,1.02166
17.9848,1.0217
17.9863,1.02173
17.9878,1.02176
17.9893,1.02179
17.9908,1.02182
17.9923,1.02185
17.9938,1.02188
17.9953,1.02191
17.9968,1.02193
17.9983,1.02196
17.9998,1.02199
18.0013,1.02201
18.0028,1.02203
18.0043,1.02206
18.0058,1.02208
18.0073,1.0221
18.0088,1.02213
18.0103,1.02215
18.0118,1.02217
18.0133,1.02219
18.0148,1.02221
18.0163,1.02223
18.0178,1.02224
18.0193,1.02226
18.0208,1.02228
18.0223,1.02229
18.0238,1.02231
18.0253,1.02233
18.0268,1.02234
18.0283,1.02235
18.0298,1.02237
18.0313,1.02238
18.0328,1.0224
18.0343,1.02241
18.0358,1.02242
18.0373,1.02244
18.0388,1.02245
18.0403,1.02246
18.0418,1.02247
18.0433,1.02249
18.0448,1.0225
18.0463,1.02251
18.0478,1.02252
18.0493,1.02253
18.0508,1.02254
18.0523,1.02256
18.0538,1.02257
18.0553,1.02258
18.0568,1.02259
18.0583,1.0226
18.0598,1.02261
18.0613,1.02262
18.0628,1.02264
18.0643,1.02265
18.0658,1.02266
18.0673,1.02267
18.0688,1.02269
18.0703,1.0227
18.0718,1.02271
18.0733,1.02272
18.0748,1.02273
18.0763,1.02275
18.0778,1.02276
18.0793,1.02277
18.0808,1.02278
18.0823,1.0228
18.0838,1.02281
18.0853,1.02282
18.0868,1.02283
18.0883,1.02285
18.0898,1.02286
18.0913,1.02287
18.0928,1.02288
18.0943,1.02289
18.0958,1.02291
18.0973,1.02292
18.0988,1.02293
18.1003,1.02294
18.1017,1.02295
18.1032,1.02296
18.1047,1.02297
18.1062,1.02299
18.1077,1.023
18.1092,1.02301
18.1107,1.02302
18.1122,1.02303
18.1137,1.02304
18.1152,1.02305
18.1167,1.02306
18.1182,1.02307
18.1197,1.02308
18.1212,1.0231
18.1227,1.02311
18.1242,1.02312
18.1257,1.02313
18.1272,1.02314
18.1287,1.02315
18.1302,1.02316
18.1317,1.02317
18.1332,1.02318
18.1347,1.02319
18.1362,1.0232
18.1377,1.02321
18.1392,1.02323
18.1407,1.02324
18.1422,1.02325
18.1437,1.02326
18.1452,1.02327
18.1467,1.02329
18.1482,1.0233
18.1497,1.02331
18.1512,1.02333
18.1527,1.02334
18.1542,1.02336
18.1557,1.02337
18.1572,1.02338
18.1587,1.0234
18.1602,1.02341
18.1617,1.02343
18.1632,1.02344
18.1647,1.02346
18.1662,1.02348
18.1677,1.02349
18.1692,1.02351
18.1707,1.02352
18.1722,1.02354
18.1737,1.02355
18.1752,1.02357
18.1767,1.02359
18.1782,1.0236
18.1797,1.02362
18.1812,1.02364
18.1827,1.02365
18.1842,1.02367
18.1857,1.02369
18.1872,1.0237
18.1887,1.02372
18.1902,1.02373
18.1917,1.02375
18.1932,1.02376
18.1947,1.02378
18.1962,1.02379
18.1977,1.02381
18.1992,1.02382
18.2007,1.02383
18.2022,1.02385
18.2037,1.02386
18.2052,1.02388
18.2067,1.02389
18.2082,1.0239
18.2097,1.02391
18.2112,1.02392
18.2127,1.02393
18.2142,1.02395
18.2157,1.02396
18.2172,1.02397
18.2187,1.02398
18.2202,1.02398
18.2217,1.02399
18.2232,1.024
18.2247,1.02401
18.2262,1.02402
18.2277,1.02402
18.2292,1.02403
18.2307,1.02403
18.2322,1.02404
18.2337,1.02405
18.2352,1.02405
18.2367,1.02406
18.2382,1.02406
18.2397,1.02406
18.2412,1.02407
18.2427,1.02407
18.2442,1.02407
18.2457,1.02407
18.2472,1.02408
18.2487,1.02408
18.2502,1.02408
18.2517,1.02408
18.2532,1.02408
18.2547,1.02408
18.2562,1.02409
18.2577,1.02409
18.2592,1.02409
18.2607,1.02409
18.2622,1.02409
18.2637,1.02409
18.2652,1.02409
18.2667,1.0241
18.2682,1.0241
18.2697,1.0241
18.2712,1.0241
18.2727,1.02411
18.2742,1.02411
18.2757,1.02411
18.2772,1.02412
18.2787,1.02412
18.2802,1.02412
18.2817,1.02413
18.2831,1.02413
18.2846,1.02414
18.2861,1.02414
18.2876,1.02415
18.2891,1.02416
18.2906,1.02417
18.2921,1.02417
18.2936,1.02418
18.2951,1.02419
18.2966,1.0242
18.2981,1.02421
18.2996,1.02422
18.3011,1.02423
18.3026,1.02425
18.3041,1.02386
18.3056,1.02387
18.3071,1.02388
18.3086,1.0239
18.3101,1.02391
18.3116,1.02393
18.3131,1.02395
18.3146,1.02396
18.3161,1.02398
18.3176,1.024
18.3191,1.02402
18.3206,1.02404
18.3221,1.02406
18.3236,1.02408
18.3251,1.0241
18.3266,1.02412
18.3281,1.02414
18.3296,1.02416
18.3311,1.02418
18.3326,1.02421
18.3341,1.02423
18.3356,1.02425
18.3371,1.02427
18.3386,1.0243
18.3401,1.02432
18.3416,1.02435
18.3431,1.02437
18.3446,1.02439
18.3461,1.02442
18.3476,1.02444
18.3491,1.02446
18.3506,1.02449
18.3521,1.02451
18.3536,1.02453
18.3551,1.02456
18.3566,1.02458
18.3581,1.0246
18.3596,1.02462
18.3611,1.02465
18.3626,1.02467
18.3641,1.02469
18.3656,1.02471
18.3671,1.02473
18.3686,1.02475
18.3701,1.02477
18.3716,1.02479
18.3731,1.02482
18.3746,1.02483
18.3761,1.02445
18.3776,1.02447
18.3791,1.02449
18.3806,1.02451
18.3821,1.02453
18.3836,1.02454
18.3851,1.02456
18.3866,1.02458
18.3881,1.0246
18.3896,1.02461
18.3911,1.02463
18.3926,1.02464
18.3941,1.02465
18.3956,1.02467
18.3971,1.02468
18.3986,1.0247
18.4001,1.02471
18.4016,1.02472
18.4031,1.02473
18.4046,1.02474
18.4061,1.02475
18.4076,1.02476
18.4091,1.02477
18.4106,1.02478
18.4121,1.02478
18.4136,1.02479
18.4151,1.0248
18.4166,1.0248
18.4181,1.02481
18.4196,1.02481
18.4211,1.02481
18.4226,1.02481
18.4241,1.02482
18.4256,1.02482
18.4271,1.02482
18.4286,1.02482
18.4301,1.02482
18.4316,1.02482
18.4331,1.02482
18.4346,1.02481
18.4361,1.02481
18.4376,1.02481
18.4391,1.0248
18.4406,1.0248
18.4421,1.02479
18.4436,1.02479
18.4451,1.02478
18.4466,1.02478
18.4481,1.02477
18.4496,1.02477
18.4511,1.02476
18.4526,1.02475
18.4541,1.02475
18.4556,1.02474
18.4571,1.02473
18.4586,1.02472
18.4601,1.02472
18.4616,1.02471
18.4631,1.0247
18.4646,1.02469
18.466,1.02468
18.4675,1.02468
18.469,1.02467
18.4705,1.02466
18.472,1.02465
18.4735,1.02464
18.475,1.02464
18.4765,1.02463
18.478,1.02462
18.4795,1.02462
18.481,1.02461
18.4825,1.0246
18.484,1.0246
18.4855,1.02459
18.487,1.02459
18.4885,1.02459
18.49,1.02458
18.4915,1.02458
18.493,1.02458
18.4945,1.02458
18.496,1.02458
18.4975,1.02458
18.499,1.02458
18.5005,1.02458
18.502,1.02458
18.5035,1.02458
18.505,1.02459
18.5065,1.02459
18.508,1.02459
18.5095,1.0246
18.511,1.02461
18.5125,1.02461
18.514,1.02462
18.5155,1.02463
18.517,1.02464
18.5185,1.02465
18.52,1.02466
18.5215,1.02467
18.523,1.02468
18.5245,1.0247
18.526,1.02471
18.5275,1.02472
18.529,1.02474
18.5305,1.02475
18.532,1.02477
18.5335,1.02478
18.535,1.0248
18.5365,1.02482
18.538,1.02444
18.5395,1.02445
18.541,1.02447
18.5425,1.02449
18.544,1.02451
18.5455,1.02452
18.547,1.02454
18.5485,1.02456
18.55,1.02458
18.5515,1.0246
18.553,1.02462
18.5545,1.02464
18.556,1.02466
18.5575,1.02468
18.559,1.0247
18.5605,1.02472
18.562,1.02474
18.5635,1.02476
18.565,1.02478
18.5665,1.02479
18.568,1.02481
18.5695,1.02483
18.571,1.02485
18.5725,1.02487
18.574,1.02489
18.5755,1.02491
18.577,1.02493
18.5785,1.02495
18.58,1.02497
18.5815,1.02499
18.583,1.02501
18.5845,1.02503
18.586,1.02505
18.5875,1.02507
18.589,1.02508
18.5905,1.0251
18.592,1.02512
18.5935,1.02514
18.595,1.02516
18.5965,1.02518
18.598,1.0252
18.5995,1.02522
18.601,1.02524
18.6025,1.02526
18.604,1.02528
18.6055,1.0253
18.607,1.02533
18.6085,1.02535
18.61,1.02537
18.6115,1.02539
18.613,1.02542
18.6145,1.02544
18.616,1.02547
18.6175,1.02549
18.619,1.02552
18.6205,1.02555
18.622,1.02557
18.6235,1.0256
18.625,1.02563
18.6265,1.02566
18.628,1.02569
18.6295,1.02573
18.631,1.02576
18.6325,1.02579
18.634,1.02583
18.6355,1.02587
18.637,1.02591
18.6385,1.02595
18.64,1.02599
18.6415,1.02603
18.643,1.02607
18.6445,1.02611
18.646,1.02616
18.6474,1.02621
18.6489,1.02625
18.6504,1.0263
18.6519,1.02635
18.6534,1.0264
18.6549,1.02645
18.6564,1.0265
18.6579,1.02656
18.6594,1.02661
18.6609,1.02667
18.6624,1.02672
18.6639,1.02678
18.6654,1.02684
18.6669,1.0269
18.6684,1.02656
18.6699,1.02662
18.6714,1.02668
18.6729,1.02674
18.6744,1.0268
18.6759,1.02687
18.6774,1.02693
18.6789,1.027
18.6804,1.02706
18.6819,1.02713
18.6834,1.02719
18.6849,1.02726
18.6864,1.02733
18.6879,1.0274
18.6894,1.02746
18.6909,1.02753
18.6924,1.0276
18.6939,1.02767
18.6954,1.02774
18.6969,1.02781
18.6984,1.02788
18.6999,1.02796
18.7014,1.02803
18.7029,1.0281
18.7044,1.02818
18.7059,1.02825
18.7074,1.02833
18.7089,1.02841
18.7104,1.02849
18.7119,1.02857
18.7134,1.02865
18.7149,1.02873
18.7164,1.02881
18.7179,1.0289
18.7194,1.02898
18.7209,1.02907
18.7224,1.02916
18.7239,1.02925
18.7254,1.02934
18.7269,1.02943
18.7284,1.02953
18.7299,1.02963
18.7314,1.02973
18.7329,1.02983
18.7344,1.02993
18.7359,1.03003
18.7374,1.03014
18.7389,1.03025
18.7404,1.03036
18.7419,1.03047
18.7434,1.03058
18.7449,1.03069
18.7464,1.03081
18.7479,1.03093
18.7494,1.03105
18.7509,1.03117
18.7524,1.03129
18.7539,1.03141
18.7554,1.03154
18.7569,1.03166
18.7584,1.03178
18.7599,1.03191
18.7614,1.03203
18.7629,1.03216
18.7644,1.03228
18.7659,1.03241
18.7674,1.03253
18.7689,1.03266
18.7704,1.03278
18.7719,1.0329
18.7734,1.03302
18.7749,1.03314
18.7764,1.03325
18.7779,1.03336
18.7794,1.03347
18.7809,1.03358
18.7824,1.03369
18.7839,1.03379
18.7854,1.03349
18.7869,1.03359
18.7884,1.03368
18.7899,1.03377
18.7914,1.03386
18.7929,1.03394
18.7944,1.03403
18.7959,1.0341
18.7974,1.03418
18.7989,1.03426
18.8004,1.03433
18.8019,1.0344
18.8034,1.03446
18.8049,1.03452
18.8064,1.03459
18.8079,1.03464
18.8094,1.0347
18.8109,1.03475
18.8124,1.0348
18.8139,1.03485
18.8154,1.0349
18.8169,1.03494
18.8184,1.03498
18.8199,1.03502
18.8214,1.03506
18.8229,1.0351
18.8244,1.03513
18.8259,1.03516
18.8274,1.03519
18.8288,1.03522
18.8303,1.03525
18.8318,1.03528
18.8333,1.0353
18.8348,1.03533
18.8363,1.03535
18.8378,1.03537
18.8393,1.0354
18.8408,1.03542
18.8423,1.03544
18.8438,1.03546
18.8453,1.03549
18.8468,1.03551
18.8483,1.03553
18.8498,1.03555
18.8513,1.03558
18.8528,1.0356
18.8543,1.03563
18.8558,1.03565
18.8573,1.03568
18.8588,1.03571
18.8603,1.03574
18.8618,1.03576
18.8633,1.0358
18.8648,1.03583
18.8663,1.03586
18.8678,1.03589
18.8693,1.03593
18.8708,1.03596
18.8723,1.03599
18.8738,1.03603
18.8753,1.03607
18.8768,1.0361
18.8783,1.03614
18.8798,1.03618
18.8813,1.03622
18.8828,1.03625
18.8843,1.03629
18.8858,1.03633
18.8873,1.03637
18.8888,1.03641
18.8903,1.03645
18.8918,1.03648
18.8933,1.03652
18.8948,1.03656
18.8963,1.0366
18.8978,1.03664
18.8993,1.03667
18.9008,1.03671
18.9023,1.03674
18.9038,1.03678
18.9053,1.03681
18.9068,1.03685
18.9083,1.03688
18.9098,1.03692
18.9113,1.03695
18.9128,1.03699
18.9143,1.03702
18.9158,1.03705
18.9173,1.03708
18.9188,1.03712
18.9203,1.03715
18.9218,1.03718
18.9233,1.03722
18.9248,1.03725
18.9263,1.03729
18.9278,1.03732
18.9293,1.03735
18.9308,1.03739
18.9323,1.03742
18.9338,1.03745
18.9353,1.03749
18.9368,1.03752
18.9383,1.03756
18.9398,1.03759
18.9413,1.03763
18.9428,1.03766
18.9443,1.03769
18.9458,1.03773
18.9473,1.03776
18.9488,1.0378
18.9503,1.03783
18.9518,1.03787
18.9533,1.0379
18.9548,1.03793
18.9563,1.03797
18.9578,1.038
18.9593,1.03804
18.9608,1.03807
18.9623,1.0381
18.9638,1.03814
18.9653,1.03817
18.9668,1.0382
18.9683,1.03823
18.9698,1.03827
18.9713,1.0383
18.9728,1.03833
18.9743,1.03837
18.9758,1.0384
18.9773,1.03843
18.9788,1.03846
18.9803,1.0385
18.9818,1.03853
18.9833,1.03856
18.9848,1.03859
18.9863,1.03863
18.9878,1.03866
18.9893,1.0387
18.9908,1.03873
18.9923,1.03877
18.9938,1.0388
18.9953,1.03884
18.9968,1.03887
18.9983,1.03891
18.9998,1.03895
19.0013,1.03899
19.0028,1.03903
19.0043,1.03907
19.0058,1.03911
19.0073,1.03915
19.0088,1.03919
19.0103,1.03923
19.0117,1.03928
19.0132,1.03932
19.0147,1.03937
19.0162,1.03941
19.0177,1.03946
19.0192,1.03951
19.0207,1.03956
19.0222,1.03961
19.0237,1.03966
19.0252,1.03971
19.0267,1.03977
19.0282,1.03982
19.0297,1.03987
19.0312,1.03993
19.0327,1.03999
19.0342,1.04004
19.0357,1.0401
19.0372,1.04016
19.0387,1.04022
19.0402,1.04028
19.0417,1.04035
19.0432,1.04041
19.0447,1.04047
19.0462,1.04054
19.0477,1.0406
19.0492,1.04067
19.0507,1.04074
19.0522,1.0408
19.0537,1.04087
19.0552,1.04095
19.0567,1.04102
19.0582,1.04109
19.0597,1.04116
19.0612,1.04124
19.0627,1.04131
19.0642,1.04139
19.0657,1.04146
19.0672,1.04154
19.0687,1.04162
19.0702,1.0417
19.0717,1.04178
19.0732,1.04186
19.0747,1.04195
19.0762,1.04203
19.0777,1.04212
19.0792,1.0422
19.0807,1.04229
19.0822,1.04238
19.0837,1.04247
19.0852,1.04256
19.0867,1.04265
19.0882,1.04275
19.0897,1.04284
19.0912,1.04294
19.0927,1.04303
19.0942,1.04313
19.0957,1.04323
19.0972,1.04333
19.0987,1.04343
19.1002,1.04353
19.1017,1.04363
19.1032,1.04373
19.1047,1.04383
19.1062,1.04394
19.1077,1.04404
19.1092,1.04414
19.1107,1.04425
19.1122,1.04435
19.1137,1.04445
19.1152,1.04456
19.1167,1.04466
19.1182,1.04477
19.1197,1.04487
19.1212,1.04498
19.1227,1.04508
19.1242,1.04518
19.1257,1.04528
19.1272,1.04539
19.1287,1.04549
19.1302,1.04559
19.1317,1.04569
19.1332,1.04579
19.1347,1.04589
19.1362,1.04599
19.1377,1.04609
19.1392,1.04618
19.1407,1.04628
19.1422,1.04637
19.1437,1.04647
19.1452,1.04656
19.1467,1.04665
19.1482,1.04675
19.1497,1.04684
19.1512,1.04693
19.1527,1.04702
19.1542,1.04711
19.1557,1.0472
19.1572,1.04728
19.1587,1.04737
19.1602,1.04745
19.1617,1.04753
19.1632,1.04762
19.1647,1.0477
19.1662,1.04778
19.1677,1.04786
19.1692,1.04793
19.1707,1.04801
19.1722,1.04809
19.1737,1.04816
19.1752,1.04823
19.1767,1.0483
19.1782,1.04837
19.1797,1.04844
19.1812,1.04851
19.1827,1.04857
19.1842,1.04864
19.1857,1.0487
19.1872,1.04876
19.1887,1.04882
19.1902,1.04887
19.1917,1.04893
19.1931,1.04898
19.1946,1.04903
19.1961,1.04908
19.1976,1.04912
19.1991,1.04917
19.2006,1.04921
19.2021,1.04925
19.2036,1.04929
19.2051,1.04932
19.2066,1.04935
19.2081,1.04938
19.2096,1.04941
19.2111,1.04944
19.2126,1.04946
19.2141,1.04948
19.2156,1.0495
19.2171,1.04952
19.2186,1.04953
19.2201,1.04954
19.2216,1.04956
19.2231,1.04956
19.2246,1.04957
19.2261,1.04958
19.2276,1.04958
19.2291,1.04958
19.2306,1.04958
19.2321,1.04958
19.2336,1.04958
19.2351,1.04958
19.2366,1.04957
19.2381,1.04956
19.2396,1.04956
19.2411,1.04955
19.2426,1.04954
19.2441,1.04953
19.2456,1.04952
19.2471,1.04951
19.2486,1.0495
19.2501,1.04948
19.2516,1.04947
19.2531,1.04946
19.2546,1.04944
19.2561,1.04943
19.2576,1.04941
19.2591,1.0494
19.2606,1.04938
19.2621,1.04937
19.2636,1.04935
19.2651,1.04934
19.2666,1.04932
19.2681,1.0493
19.2696,1.04929
19.2711,1.04927
19.2726,1.04925
19.2741,1.04924
19.2756,1.04922
19.2771,1.0492
19.2786,1.04919
19.2801,1.04917
19.2816,1.04915
19.2831,1.04913
19.2846,1.04911
19.2861,1.04909
19.2876,1.04908
19.2891,1.04905
19.2906,1.04904
19.2921,1.04901
19.2936,1.04899
19.2951,1.04897
19.2966,1.04895
19.2981,1.04893
19.2996,1.04891
19.3011,1.04889
19.3026,1.04887
19.3041,1.04884
19.3056,1.04882
19.3071,1.0488
19.3086,1.04878
19.3101,1.04876
19.3116,1.04874
19.3131,1.04871
19.3146,1.04869
19.3161,1.04867
19.3176,1.04865
19.3191,1.04863
19.3206,1.04861
19.3221,1.0486
19.3236,1.04858
19.3251,1.04856
19.3266,1.04855
19.3281,1.04853
19.3296,1.04852
19.3311,1.04851
19.3326,1.0485
19.3341,1.04849
19.3356,1.04848
19.3371,1.04847
19.3386,1.04847
19.3401,1.04846
19.3416,1.04846
19.3431,1.04846
19.3446,1.04846
19.3461,1.04846
19.3476,1.04846
19.3491,1.04846
19.3506,1.04846
19.3521,1.04847
19.3536,1.04847
19.3551,1.04847
19.3566,1.04848
19.3581,1.04849
19.3596,1.04849
19.3611,1.0485
19.3626,1.04851
19.3641,1.04851
19.3656,1.04852
19.3671,1.04853
19.3686,1.04854
19.3701,1.04855
19.3716,1.04855
19.3731,1.04856
19.3745,1.04857
19.376,1.04858
19.3775,1.04858
19.379,1.04859
19.3805,1.0486
19.382,1.0486
19.3835,1.04861
19.385,1.04861
19.3865,1.04862
19.388,1.04862
19.3895,1.04863
19.391,1.04863
19.3925,1.04863
19.394,1.04863
19.3955,1.04863
19.397,1.04862
19.3985,1.04862
19.4,1.04861
19.4015,1.0486
19.403,1.04859
19.4045,1.04858
19.406,1.04857
19.4075,1.04855
19.409,1.04854
19.4105,1.04852
19.412,1.0485
19.4135,1.04848
19.415,1.04846
19.4165,1.04843
19.418,1.0484
19.4195,1.04837
19.421,1.04834
19.4225,1.04831
19.424,1.04828
19.4255,1.04824
19.427,1.0482
19.4285,1.04816
19.43,1.04812
19.4315,1.04808
19.433,1.04803
19.4345,1.04798
19.436,1.04794
19.4375,1.04789
19.439,1.04784
19.4405,1.04779
19.442,1.04774
19.4435,1.04769
19.445,1.04764
19.4465,1.04758
19.448,1.04753
19.4495,1.04748
19.451,1.04743
19.4525,1.04738
19.454,1.04732
19.4555,1.04727
19.457,1.04722
19.4585,1.04717
19.46,1.04712
19.4615,1.04707
19.463,1.04702
19.4645,1.04697
19.466,1.04692
19.4675,1.04688
19.469,1.04683
19.4705,1.04678
19.472,1.04674
19.4735,1.0467
19.475,1.04666
19.4765,1.04662
19.478,1.04658
19.4795,1.04654
19.481,1.0465
19.4825,1.04646
19.484,1.04643
19.4855,1.04639
19.487,1.04636
19.4885,1.04633
19.49,1.0463
19.4915,1.04627
19.493,1.04624
19.4945,1.04621
19.496,1.04619
19.4975,1.04616
19.499,1.04614
19.5005,1.04612
19.502,1.04609
19.5035,1.04607
19.505,1.04605
19.5065,1.04603
19.508,1.04602
19.5095,1.046
19.511,1.04598
19.5125,1.04597
19.514,1.04595
19.5155,1.04594
19.517,1.04593
19.5185,1.04591
19.52,1.0459
19.5215,1.04589
19.523,1.04588
19.5245,1.04587
19.526,1.04586
19.5275,1.04585
19.529,1.04584
19.5305,1.04583
19.532,1.04583
19.5335,1.04582
19.535,1.04581
19.5365,1.0458
19.538,1.04539
19.5395,1.04539
19.541,1.04538
19.5425,1.04537
19.544,1.04536
19.5455,1.04536
19.547,1.04535
19.5485,1.04534
19.55,1.04534
19.5515,1.04533
19.553,1.04532
19.5545,1.04532
19.556,1.04531
19.5574,1.0453
19.5589,1.0453
19.5604,1.04529
19.5619,1.04528
19.5634,1.04527
19.5649,1.04527
19.5664,1.04526
19.5679,1.04525
19.5694,1.04525
19.5709,1.04524
19.5724,1.04523
19.5739,1.04523
19.5754,1.04522
19.5769,1.04521
19.5784,1.04521
19.5799,1.0452
19.5814,1.0452
19.5829,1.04519
19.5844,1.04518
19.5859,1.04518
19.5874,1.04517
19.5889,1.04517
19.5904,1.04516
19.5919,1.04516
19.5934,1.04515
19.5949,1.04515
19.5964,1.04514
19.5979,1.04514
19.5994,1.04513
19.6009,1.04513
19.6024,1.04512
19.6039,1.04512
19.6054,1.04512
19.6069,1.04511
19.6084,1.04511
19.6099,1.0451
19.6114,1.0451
19.6129,1.0451
19.6144,1.04509
19.6159,1.04509
19.6174,1.04508
19.6189,1.04508
19.6204,1.04508
19.6219,1.04507
19.6234,1.04507
19.6249,1.04506
19.6264,1.04505
19.6279,1.04505
19.6294,1.04504
19.6309,1.04504
19.6324,1.04503
19.6339,1.04503
19.6354,1.04502
19.6369,1.04502
19.6384,1.04501
19.6399,1.045
19.6414,1.045
19.6429,1.04499
19.6444,1.04498
19.6459,1.04498
19.6474,1.04497
19.6489,1.04497
19.6504,1.04496
19.6519,1.04495
19.6534,1.04495
19.6549,1.04494
19.6564,1.04493
19.6579,1.04493
19.6594,1.04492
19.6609,1.04491
19.6624,1.0449
19.6639,1.0449
19.6654,1.04489
19.6669,1.04488
19.6684,1.04487
19.6699,1.04486
19.6714,1.04485
19.6729,1.04484
19.6744,1.04483
19.6759,1.04481
19.6774,1.0448
19.6789,1.04479
19.6804,1.04477
19.6819,1.04476
19.6834,1.04474
19.6849,1.04472
19.6864,1.0447
19.6879,1.04468
19.6894,1.04466
19.6909,1.04464
19.6924,1.04461
19.6939,1.04459
19.6954,1.04456
19.6969,1.04454
19.6984,1.04451
19.6999,1.04448
19.7014,1.04445
19.7029,1.04442
19.7044,1.04439
19.7059,1.04436
19.7074,1.04433
19.7089,1.0443
19.7104,1.04427
19.7119,1.04423
19.7134,1.0442
19.7149,1.04417
19.7164,1.04414
19.7179,1.04411
19.7194,1.04408
19.7209,1.04405
19.7224,1.04402
19.7239,1.04399
19.7254,1.04396
19.7269,1.04394
19.7284,1.04391
19.7299,1.04389
19.7314,1.04386
19.7329,1.04384
19.7344,1.04382
19.7359,1.0438
19.7374,1.04378
19.7388,1.04376
19.7403,1.04374
19.7418,1.04372
19.7433,1.04371
19.7448,1.04369
19.7463,1.04367
19.7478,1.04366
19.7493,1.04365
19.7508,1.04363
19.7523,1.04362
19.7538,1.04361
19.7553,1.04359
19.7568,1.04358
19.7583,1.04357
19.7598,1.04355
19.7613,1.04354
19.7628,1.04353
19.7643,1.04351
19.7658,1.0435
19.7673,1.04348
19.7688,1.04346
19.7703,1.04345
19.7718,1.04343
19.7733,1.04341
19.7748,1.04339
19.7763,1.04337
19.7778,1.04335
19.7793,1.04333
19.7808,1.0433
19.7823,1.04328
19.7838,1.04325
19.7853,1.04322
19.7868,1.04319
19.7883,1.04317
19.7898,1.04314
19.7913,1.0431
19.7928,1.04307
19.7943,1.04304
19.7958,1.043
19.7973,1.04297
19.7988,1.04293
19.8003,1.04289
19.8018,1.04285
19.8033,1.04281
19.8048,1.04277
19.8063,1.04273
19.8078,1.04268
19.8093,1.04264
19.8108,1.04259
19.8123,1.04255
19.8138,1.0425
19.8153,1.04245
19.8168,1.0424
19.8183,1.04235
19.8198,1.0423
19.8213,1.04225
19.8228,1.0422
19.8243,1.04214
19.8258,1.04209
19.8273,1.04203
19.8288,1.04198
19.8303,1.04192
19.8318,1.04187
19.8333,1.04181
19.8348,1.04176
19.8363,1.0417
19.8378,1.04164
19.8393,1.04158
19.8408,1.04153
19.8423,1.04147
19.8438,1.04141
19.8453,1.04135
19.8468,1.04129
19.8483,1.04123
19.8498,1.04117
19.8513,1.0411
19.8528,1.04104
19.8543,1.04098
19.8558,1.04092
19.8573,1.04086
19.8588,1.04079
19.8603,1.04073
19.8618,1.04067
19.8633,1.0406
19.8648,1.04053
19.8663,1.04047
19.8678,1.0404
19.8693,1.04033
19.8708,1.04026
19.8723,1.0402
19.8738,1.04013
19.8753,1.04006
19.8768,1.03999
19.8783,1.03992
19.8798,1.03984
19.8813,1.03977
19.8828,1.0397
19.8843,1.03962
19.8858,1.03955
19.8873,1.03947
19.8888,1.03939
19.8903,1.03932
19.8918,1.03924
19.8933,1.03916
19.8948,1.03908
19.8963,1.03901
19.8978,1.03893
19.8993,1.03885
19.9008,1.03877
19.9023,1.03869
19.9038,1.03861
19.9053,1.03853
19.9068,1.03845
19.9083,1.03837
19.9098,1.0383
19.9113,1.03822
19.9128,1.03814
19.9143,1.03806
19.9158,1.03799
19.9173,1.03791
19.9188,1.03784
19.9202,1.03776
19.9217,1.03769
19.9232,1.03762
19.9247,1.03754
19.9262,1.03747
19.9277,1.0374
19.9292,1.03733
19.9307,1.03726
19.9322,1.03719
19.9337,1.03713
19.9352,1.03706
19.9367,1.037
19.9382,1.03694
19.9397,1.03687
19.9412,1.03681
19.9427,1.03675
19.9442,1.0367
19.9457,1.03664
19.9472,1.03659
19.9487,1.03653
19.9502,1.03648
19.9517,1.03643
19.9532,1.03638
19.9547,1.03633
19.9562,1.03629
19.9577,1.03624
19.9592,1.0362
19.9607,1.03616
19.9622,1.03612
19.9637,1.03608
19.9652,1.03604
19.9667,1.03601
19.9682,1.03597
19.9697,1.03594
19.9712,1.03591
19.9727,1.03587
19.9742,1.03585
19.9757,1.03582
19.9772,1.03579
19.9787,1.03576
19.9802,1.03574
19.9817,1.03571
19.9832,1.03569
19.9847,1.03566
19.9862,1.03564
19.9877,1.03562
19.9892,1.0356
19.9907,1.03558
19.9922,1.03556
19.9937,1.03554
19.9952,1.03553
19.9967,1.03551
19.9982,1.03549
19.9997,1.03548
20.0012,1.03546
20.0027,1.03545
20.0042,1.03543
20.0057,1.03542
20.0072,1.03541
20.0087,1.03539
20.0102,1.03538
20.0117,1.03537
20.0132,1.03536
20.0147,1.03535
20.0162,1.03534
20.0177,1.03533
20.0192,1.03532
20.0207,1.0353
20.0222,1.03529
20.0237,1.03528
20.0252,1.03527
20.0267,1.03526
20.0282,1.03524
20.0297,1.03523
20.0312,1.03522
20.0327,1.0352
20.0342,1.03519
20.0357,1.03518
20.0372,1.03516
20.0387,1.03514
20.0402,1.03513
20.0417,1.03511
20.0432,1.03509
20.0447,1.03507
20.0462,1.03505
20.0477,1.03503
20.0492,1.03501
20.0507,1.03499
20.0522,1.03496
20.0537,1.03494
20.0552,1.03491
20.0567,1.03489
20.0582,1.03486
20.0597,1.03483
20.0612,1.03481
20.0627,1.03478
20.0642,1.03475
20.0657,1.03472
20.0672,1.03468
20.0687,1.03465
20.0702,1.03462
20.0717,1.03459
20.0732,1.03455
20.0747,1.03452
20.0762,1.03448
20.0777,1.03445
20.0792,1.03441
20.0807,1.03438
20.0822,1.03434
20.0837,1.0343
20.0852,1.03426
20.0867,1.03422
20.0882,1.03418
20.0897,1.03414
20.0912,1.0341
20.0927,1.03406
20.0942,1.03402
20.0957,1.03398
20.0972,1.03394
20.0987,1.0339
20.1002,1.03385
20.1017,1.03381
20.1031,1.03377
20.1046,1.03373
20.1061,1.03369
20.1076,1.03364
20.1091,1.0336
20.1106,1.03356
20.1121,1.03352
20.1136,1.03348
20.1151,1.03343
20.1166,1.03339
20.1181,1.03335
20.1196,1.03331
20.1211,1.03327
20.1226,1.03323
20.1241,1.03319
20.1256,1.03315
20.1271,1.03311
20.1286,1.03308
20.1301,1.03304
20.1316,1.033
20.1331,1.03296
20.1346,1.03293
20.1361,1.03289
20.1376,1.03286
20.1391,1.03282
20.1406,1.03279
20.1421,1.03275
20.1436,1.03272
20.1451,1.03268
20.1466,1.03265
20.1481,1.03262
20.1496,1.03259
20.1511,1.03256
20.1526,1.03252
20.1541,1.03249
20.1556,1.03246
20.1571,1.03243
20.1586,1.0324
20.1601,1.03237
20.1616,1.03234
20.1631,1.03232
20.1646,1.03229
20.1661,1.03226
20.1676,1.03224
20.1691,1.03221
20.1706,1.03219
20.1721,1.03216
20.1736,1.03214
20.1751,1.03211
20.1766,1.03209
20.1781,1.03207
20.1796,1.03205
20.1811,1.03203
20.1826,1.03201
20.1841,1.032
20.1856,1.03198
20.1871,1.03196
20.1886,1.03194
20.1901,1.03193
20.1916,1.03191
20.1931,1.0319
20.1946,1.03189
20.1961,1.03188
20.1976,1.03186
20.1991,1.03185
20.2006,1.03184
20.2021,1.03183
20.2036,1.03182
20.2051,1.03181
20.2066,1.0318
20.2081,1.0318
20.2096,1.03179
20.2111,1.03178
20.2126,1.03177
20.2141,1.03176
20.2156,1.03176
20.2171,1.03175
20.2186,1.03174
20.2201,1.03173
20.2216,1.03173
20.2231,1.03172
20.2246,1.03171
20.2261,1.0317
20.2276,1.0317
20.2291,1.03169
20.2306,1.03168
20.2321,1.03167
20.2336,1.03166
20.2351,1.03165
20.2366,1.03164
20.2381,1.03163
20.2396,1.03162
20.2411,1.03161
20.2426,1.0316
20.2441,1.03159
20.2456,1.03157
20.2471,1.03156
20.2486,1.03155
20.2501,1.03154
20.2516,1.03152
20.2531,1.03151
20.2546,1.03149
20.2561,1.03148
20.2576,1.03147
20.2591,1.03145
20.2606,1.03144
20.2621,1.03142
20.2636,1.0314
20.2651,1.03139
20.2666,1.03137
20.2681,1.03135
20.2696,1.03134
20.2711,1.03132
20.2726,1.0313
20.2741,1.03129
20.2756,1.03127
20.2771,1.03125
20.2786,1.03123
20.2801,1.03122
20.2816,1.0312
20.2831,1.03118
20.2845,1.03116
20.286,1.03114
20.2875,1.03112
20.289,1.03111
20.2905,1.03109
20.292,1.03107
20.2935,1.03105
20.295,1.03104
20.2965,1.03102
20.298,1.031
20.2995,1.03098
20.301,1.03096
20.3025,1.03095
20.304,1.03093
20.3055,1.03091
20.307,1.03089
20.3085,1.03088
20.31,1.03086
20.3115,1.03084
20.313,1.03083
20.3145,1.03081
20.316,1.03079
20.3175,1.03077
20.319,1.03075
20.3205,1.03074
20.322,1.03072
20.3235,1.0307
20.325,1.03069
20.3265,1.03067
20.328,1.03065
20.3295,1.03064
20.331,1.03062
20.3325,1.0306
20.334,1.03058
20.3355,1.03057
20.337,1.03055
20.3385,1.03053
20.34,1.03051
20.3415,1.0305
20.343,1.03048
20.3445,1.03046
20.346,1.03044
20.3475,1.03043
20.349,1.03041
20.3505,1.03039
20.352,1.03038
20.3535,1.03036
20.355,1.03034
20.3565,1.03032
20.358,1.0303
20.3595,1.03029
20.361,1.03027
20.3625,1.03025
20.364,1.03023
20.3655,1.03022
20.367,1.0302
20.3685,1.03018
20.37,1.03016
20.3715,1.03015
20.373,1.03013
20.3745,1.03011
20.376,1.0301
20.3775,1.03008
20.379,1.03006
20.3805,1.03005
20.382,1.03003
20.3835,1.03002
20.385,1.03
20.3865,1.02999
20.388,1.02998
20.3895,1.02997
20.391,1.02996
20.3925,1.02994
20.394,1.02993
20.3955,1.02993
20.397,1.02992
20.3985,1.02991
20.4,1.0299
20.4015,1.0299
20.403,1.0299
20.4045,1.02989
20.406,1.02989
20.4075,1.02989
20.409,1.02989
20.4105,1.0299
20.412,1.0299
20.4135,1.0299
20.415,1.02991
20.4165,1.02992
20.418,1.02993
20.4195,1.02994
20.421,1.02995
20.4225,1.02996
20.424,1.02998
20.4255,1.02999
20.427,1.03001
20.4285,1.03003
20.43,1.03005
20.4315,1.03007
20.433,1.03009
20.4345,1.03011
20.436,1.03014
20.4375,1.03016
20.439,1.03019
20.4405,1.03021
20.442,1.03024
20.4435,1.03026
20.445,1.03029
20.4465,1.03031
20.448,1.03034
20.4495,1.03036
20.451,1.03039
20.4525,1.03042
20.454,1.03044
20.4555,1.03047
20.457,1.03049
20.4585,1.03051
20.46,1.03054
20.4615,1.03056
20.463,1.03058
20.4645,1.0306
20.466,1.03062
20.4674,1.03064
20.4689,1.03066
20.4704,1.03067
20.4719,1.03069
20.4734,1.03071
20.4749,1.03073
20.4764,1.03074
20.4779,1.03076
20.4794,1.03077
20.4809,1.03078
20.4824,1.0308
20.4839,1.03081
20.4854,1.03083
20.4869,1.03084
20.4884,1.03086
20.4899,1.03087
20.4914,1.03088
20.4929,1.0309
20.4944,1.03092
20.4959,1.03093
20.4974,1.03095
20.4989,1.03097
20.5004,1.03099
20.5019,1.03101
20.5034,1.03103
20.5049,1.03105
20.5064,1.03107
20.5079,1.0311
20.5094,1.03112
20.5109,1.03115
20.5124,1.03117
20.5139,1.0312
20.5154,1.03123
20.5169,1.03126
20.5184,1.03129
20.5199,1.03132
20.5214,1.03135
20.5229,1.03138
20.5244,1.03142
20.5259,1.03145
20.5274,1.03148
20.5289,1.03152
20.5304,1.03155
20.5319,1.03158
20.5334,1.03162
20.5349,1.03165
20.5364,1.03168
20.5379,1.03172
20.5394,1.03175
20.5409,1.03178
20.5424,1.03182
20.5439,1.03185
20.5454,1.03189
20.5469,1.03192
20.5484,1.03195
20.5499,1.03198
20.5514,1.03202
20.5529,1.03205
20.5544,1.03208
20.5559,1.03212
20.5574,1.03215
20.5589,1.03218
20.5604,1.03221
20.5619,1.03225
20.5634,1.03228
20.5649,1.03231
20.5664,1.03235
20.5679,1.03238
20.5694,1.03241
20.5709,1.03244
20.5724,1.03248
20.5739,1.03251
20.5754,1.03255
20.5769,1.03258
20.5784,1.03261
20.5799,1.03265
20.5814,1.03268
20.5829,1.03271
20.5844,1.03275
20.5859,1.03278
20.5874,1.03281
20.5889,1.03284
20.5904,1.03287
20.5919,1.0329
20.5934,1.03293
20.5949,1.03295
20.5964,1.03298
20.5979,1.033
20.5994,1.03303
20.6009,1.03305
20.6024,1.03307
20.6039,1.03309
20.6054,1.0331
20.6069,1.03312
20.6084,1.03313
20.6099,1.03314
20.6114,1.03315
20.6129,1.03316
20.6144,1.03317
20.6159,1.03318
20.6174,1.03318
20.6189,1.03319
20.6204,1.03319
20.6219,1.03319
20.6234,1.03319
20.6249,1.03319
20.6264,1.03319
20.6279,1.03319
20.6294,1.03319
20.6309,1.03319
20.6324,1.03319
20.6339,1.03319
20.6354,1.03318
20.6369,1.03318
20.6384,1.03318
20.6399,1.03318
20.6414,1.03318
20.6429,1.03318
20.6444,1.03318
20.6459,1.03318
20.6474,1.03318
20.6488,1.03318
20.6503,1.03318
20.6518,1.03318
20.6533,1.03319
20.6548,1.03319
20.6563,1.0332
20.6578,1.0332
20.6593,1.03321
20.6608,1.03322
20.6623,1.03323
20.6638,1.03324
20.6653,1.03325
20.6668,1.03326
20.6683,1.03328
20.6698,1.03329
20.6713,1.03331
20.6728,1.03332
20.6743,1.03334
20.6758,1.03336
20.6773,1.03338
20.6788,1.0334
20.6803,1.03343
20.6818,1.03345
20.6833,1.03348
20.6848,1.0335
20.6863,1.03353
20.6878,1.03355
20.6893,1.03358
20.6908,1.03361
20.6923,1.03364
20.6938,1.03366
20.6953,1.03369
20.6968,1.03372
20.6983,1.03375
20.6998,1.03378
20.7013,1.0338
20.7028,1.03383
20.7043,1.03386
20.7058,1.03389
20.7073,1.03392
20.7088,1.03394
20.7103,1.03397
20.7118,1.03399
20.7133,1.03402
20.7148,1.03404
20.7163,1.03407
20.7178,1.03409
20.7193,1.03411
20.7208,1.03413
20.7223,1.03415
20.7238,1.03416
20.7253,1.03418
20.7268,1.03419
20.7283,1.03421
20.7298,1.03422
20.7313,1.03423
20.7328,1.03424
20.7343,1.03424
20.7358,1.03425
20.7373,1.03425
20.7388,1.03425
20.7403,1.03425
20.7418,1.03425
20.7433,1.03425
20.7448,1.03424
20.7463,1.03424
20.7478,1.03423
20.7493,1.03422
20.7508,1.03421
20.7523,1.0342
20.7538,1.03419
20.7553,1.03418
20.7568,1.03416
20.7583,1.03415
20.7598,1.03413
20.7613,1.03411
20.7628,1.0341
20.7643,1.03408
20.7658,1.03407
20.7673,1.03405
20.7688,1.03403
20.7703,1.03402
20.7718,1.034
20.7733,1.03398
20.7748,1.03397
20.7763,1.03395
20.7778,1.03394
20.7793,1.03393
20.7808,1.03391
20.7823,1.0339
20.7838,1.03389
20.7853,1.03388
20.7868,1.03386
20.7883,1.03385
20.7898,1.03384
20.7913,1.03384
20.7928,1.03383
20.7943,1.03382
20.7958,1.03381
20.7973,1.03381
20.7988,1.0338
20.8003,1.03379
20.8018,1.03379
20.8033,1.03378
20.8048,1.03378
20.8063,1.03377
20.8078,1.03377
20.8093,1.03377
20.8108,1.03377
20.8123,1.03376
20.8138,1.03376
20.8153,1.03376
20.8168,1.03376
20.8183,1.03376
20.8198,1.03375
20.8213,1.03375
20.8228,1.03375
20.8243,1.03375
20.8258,1.03375
20.8273,1.03374
20.8288,1.03374
20.8302,1.03374
20.8317,1.03373
20.8332,1.03373
20.8347,1.03373
20.8362,1.03372
20.8377,1.03372
20.8392,1.03372
20.8407,1.03371
20.8422,1.03371
20.8437,1.0337
20.8452,1.03369
20.8467,1.03369
20.8482,1.03368
20.8497,1.03367
20.8512,1.03367
20.8527,1.03366
20.8542,1.03365
20.8557,1.03364
20.8572,1.03364
20.8587,1.03363
20.8602,1.03362
20.8617,1.03361
20.8632,1.0336
20.8647,1.03359
20.8662,1.03358
20.8677,1.03357
20.8692,1.03357
20.8707,1.03356
20.8722,1.03355
20.8737,1.03354
20.8752,1.03353
20.8767,1.03352
20.8782,1.03351
20.8797,1.0335
20.8812,1.03349
20.8827,1.03348
20.8842,1.03347
20.8857,1.03346
20.8872,1.03345
20.8887,1.03344
20.8902,1.03343
20.8917,1.03342
20.8932,1.03342
20.8947,1.03341
20.8962,1.0334
20.8977,1.03339
20.8992,1.03338
20.9007,1.03338
20.9022,1.03337
20.9037,1.03336
20.9052,1.03335
20.9067,1.03335
20.9082,1.03334
20.9097,1.03333
20.9112,1.03333
20.9127,1.03332
20.9142,1.03332
20.9157,1.03331
20.9172,1.03331
20.9187,1.0333
20.9202,1.0333
20.9217,1.03329
20.9232,1.03329
20.9247,1.03328
20.9262,1.03328
20.9277,1.03328
20.9292,1.03328
20.9307,1.03327
20.9322,1.03327
20.9337,1.03327
20.9352,1.03327
20.9367,1.03327
20.9382,1.03327
20.9397,1.03327
20.9412,1.03327
20.9427,1.03327
20.9442,1.03328
20.9457,1.03328
20.9472,1.03328
20.9487,1.03328
20.9502,1.03329
20.9517,1.03329
20.9532,1.0333
20.9547,1.0333
20.9562,1.03331
20.9577,1.03331
20.9592,1.03332
20.9607,1.03333
20.9622,1.03333
20.9637,1.03334
20.9652,1.03335
20.9667,1.03336
20.9682,1.03336
20.9697,1.03337
20.9712,1.03338
20.9727,1.03339
20.9742,1.0334
20.9757,1.03341
20.9772,1.03342
20.9787,1.03343
20.9802,1.03344
20.9817,1.03345
20.9832,1.03346
20.9847,1.03347
20.9862,1.03348
20.9877,1.03349
20.9892,1.0335
20.9907,1.03351
20.9922,1.03352
20.9937,1.03353
20.9952,1.03354
20.9967,1.03356
20.9982,1.03357
20.9997,1.03358
21.0012,1.03359
21.0027,1.03361
21.0042,1.03362
21.0057,1.03363
21.0072,1.03365
21.0087,1.03366
21.0102,1.03368
21.0117,1.03369
21.0131,1.03371
21.0146,1.03373
21.0161,1.03374
21.0176,1.03376
21.0191,1.03378
21.0206,1.0338
21.0221,1.03382
21.0236,1.03383
21.0251,1.03385
21.0266,1.03387
21.0281,1.03389
21.0296,1.03391
21.0311,1.03394
21.0326,1.03396
21.0341,1.03398
21.0356,1.034
21.0371,1.03403
21.0386,1.03405
21.0401,1.03407
21.0416,1.0341
21.0431,1.03412
21.0446,1.03414
21.0461,1.03417
21.0476,1.03419
21.0491,1.03421
21.0506,1.03424
21.0521,1.03426
21.0536,1.03428
21.0551,1.0343
21.0566,1.03433
21.0581,1.03435
21.0596,1.03437
21.0611,1.03438
21.0626,1.0344
21.0641,1.03442
21.0656,1.03443
21.0671,1.03444
21.0686,1.03446
21.0701,1.03447
21.0716,1.03447
21.0731,1.03448
21.0746,1.03449
21.0761,1.03449
21.0776,1.03449
21.0791,1.03449
21.0806,1.03449
21.0821,1.03449
21.0836,1.03448
21.0851,1.03448
21.0866,1.03447
21.0881,1.03446
21.0896,1.03445
21.0911,1.03444
21.0926,1.03442
21.0941,1.03441
21.0956,1.03439
21.0971,1.03438
21.0986,1.03436
21.1001,1.03434
21.1016,1.03432
21.1031,1.0343
21.1046,1.03428
21.1061,1.03426
21.1076,1.03423
21.1091,1.03421
21.1106,1.03419
21.1121,1.03416
21.1136,1.03414
21.1151,1.03412
21.1166,1.0341
21.1181,1.03407
21.1196,1.03405
21.1211,1.03403
21.1226,1.034
21.1241,1.03398
21.1256,1.03396
21.1271,1.03394
21.1286,1.03392
21.1301,1.0339
21.1316,1.03388
21.1331,1.03386
21.1346,1.03384
21.1361,1.03382
21.1376,1.0338
21.1391,1.03379
21.1406,1.03377
21.1421,1.03375
21.1436,1.03374
21.1451,1.03372
21.1466,1.03371
21.1481,1.03369
21.1496,1.03368
21.1511,1.03367
21.1526,1.03365
21.1541,1.03364
21.1556,1.03363
21.1571,1.03361
21.1586,1.0336
21.1601,1.03359
21.1616,1.03357
21.1631,1.03356
21.1646,1.03355
21.1661,1.03354
21.1676,1.03352
21.1691,1.03351
21.1706,1.0335
21.1721,1.03349
21.1736,1.03347
21.1751,1.03346
21.1766,1.03345
21.1781,1.03344
21.1796,1.03342
21.1811,1.03341
21.1826,1.0334
21.1841,1.03338
21.1856,1.03337
21.1871,1.03336
21.1886,1.03335
21.1901,1.03334
21.1916,1.03332
21.1931,1.03331
21.1945,1.0333
21.196,1.03329
21.1975,1.03328
21.199,1.03327
21.2005,1.03326
21.202,1.03325
21.2035,1.03324
21.205,1.03323
21.2065,1.03322
21.208,1.03321
21.2095,1.03321
21.211,1.0332
21.2125,1.03319
21.214,1.03319
21.2155,1.03318
21.217,1.03318
21.2185,1.03317
21.22,1.03317
21.2215,1.03316
21.223,1.03316
21.2245,1.03316
21.226,1.03315
21.2275,1.03315
21.229,1.03315
21.2305,1.03315
21.232,1.03315
21.2335,1.03314
21.235,1.03314
21.2365,1.03314
21.238,1.03314
21.2395,1.03314
21.241,1.03314
21.2425,1.03314
21.244,1.03314
21.2455,1.03314
21.247,1.03313
21.2485,1.03313
21.25,1.03313
21.2515,1.03313
21.253,1.03313
21.2545,1.03313
21.256,1.03312
21.2575,1.03312
21.259,1.03312
21.2605,1.03312
21.262,1.03312
21.2635,1.03311
21.265,1.03311
21.2665,1.03311
21.268,1.03311
21.2695,1.03311
21.271,1.03311
21.2725,1.03311
21.274,1.03311
21.2755,1.03311
21.277,1.03311
21.2785,1.03311
21.28,1.03311
21.2815,1.03311
21.283,1.03311
21.2845,1.03312
21.286,1.03312
21.2875,1.03312
21.289,1.03313
21.2905,1.03314
21.292,1.03314
21.2935,1.03315
21.295,1.03316
21.2965,1.03316
21.298,1.03317
21.2995,1.03318
21.301,1.03319
21.3025,1.03321
21.304,1.03322
21.3055,1.03323
21.307,1.03324
21.3085,1.03325
21.31,1.03327
21.3115,1.03329
21.313,1.0333
21.3145,1.03332
21.316,1.03333
21.3175,1.03335
21.319,1.03337
21.3205,1.03339
21.322,1.03341
21.3235,1.03343
21.325,1.03345
21.3265,1.03348
21.328,1.0335
21.3295,1.03352
21.331,1.03355
21.3325,1.03358
21.334,1.03361
21.3355,1.03364
21.337,1.03367
21.3385,1.0337
21.34,1.03374
21.3415,1.03378
21.343,1.03381
21.3445,1.03385
21.346,1.03389
21.3475,1.03394
21.349,1.03399
21.3505,1.03403
21.352,1.03408
21.3535,1.03413
21.355,1.03419
21.3565,1.03424
21.358,1.0343
21.3595,1.03436
21.361,1.03442
21.3625,1.03448
21.364,1.03454
21.3655,1.03461
21.367,1.03467
21.3685,1.03474
21.37,1.0348
21.3715,1.03487
21.373,1.03494
21.3745,1.03501
21.3759,1.03508
21.3774,1.03515
21.3789,1.03522
21.3804,1.03529
21.3819,1.03536
21.3834,1.03543
21.3849,1.0355
21.3864,1.03557
21.3879,1.03564
21.3894,1.0357
21.3909,1.03577
21.3924,1.03584
21.3939,1.03591
21.3954,1.03597
21.3969,1.03604
21.3984,1.0361
21.3999,1.03617
21.4014,1.03623
21.4029,1.03629
21.4044,1.03635
21.4059,1.03641
21.4074,1.03647
21.4089,1.03653
21.4104,1.03659
21.4119,1.03664
21.4134,1.0367
21.4149,1.03675
21.4164,1.03681
21.4179,1.03686
21.4194,1.03691
21.4209,1.03696
21.4224,1.03701
21.4239,1.03706
21.4254,1.03711
21.4269,1.03715
21.4284,1.03719
21.4299,1.03724
21.4314,1.03728
21.4329,1.03732
21.4344,1.03736
21.4359,1.0374
21.4374,1.03744
21.4389,1.03748
21.4404,1.03751
21.4419,1.03755
21.4434,1.03758
21.4449,1.03762
21.4464,1.03765
21.4479,1.03768
21.4494,1.03772
21.4509,1.03775
21.4524,1.03778
21.4539,1.03782
21.4554,1.03785
21.4569,1.03788
21.4584,1.03791
21.4599,1.03794
21.4614,1.03797
21.4629,1.03801
21.4644,1.03804
21.4659,1.03807
21.4674,1.03811
21.4689,1.03814
21.4704,1.03818
21.4719,1.03822
21.4734,1.03825
21.4749,1.03829
21.4764,1.03833
21.4779,1.03837
21.4794,1.03841
21.4809,1.03845
21.4824,1.03849
21.4839,1.03853
21.4854,1.03857
21.4869,1.03861
21.4884,1.03866
21.4899,1.0387
21.4914,1.03875
21.4929,1.03879
21.4944,1.03883
21.4959,1.03888
21.4974,1.03892
21.4989,1.03897
21.5004,1.03901
21.5019,1.03906
21.5034,1.03911
21.5049,1.03915
21.5064,1.0392
21.5079,1.03924
21.5094,1.03929
21.5109,1.03933
21.5124,1.03937
21.5139,1.03942
21.5154,1.03946
21.5169,1.0395
21.5184,1.03954
21.5199,1.03958
21.5214,1.03961
21.5229,1.03965
21.5244,1.03968
21.5259,1.03971
21.5274,1.03974
21.5289,1.03977
21.5304,1.03979
21.5319,1.03982
21.5334,1.03984
21.5349,1.03985
21.5364,1.03987
21.5379,1.03988
21.5394,1.03989
21.5409,1.0399
21.5424,1.03991
21.5439,1.03991
21.5454,1.03991
21.5469,1.03991
21.5484,1.03991
21.5499,1.03991
21.5514,1.0399
21.5529,1.03989
21.5544,1.03988
21.5559,1.03987
21.5574,1.03986
21.5588,1.03984
21.5603,1.03983
21.5618,1.03981
21.5633,1.03979
21.5648,1.03977
21.5663,1.03975
21.5678,1.03973
21.5693,1.03971
21.5708,1.03969
21.5723,1.03967
21.5738,1.03965
21.5753,1.03962
21.5768,1.0396
21.5783,1.03958
21.5798,1.03955
21.5813,1.03953
21.5828,1.03951
21.5843,1.03948
21.5858,1.03946
21.5873,1.03944
21.5888,1.03941
21.5903,1.03939
21.5918,1.03937
21.5933,1.03934
21.5948,1.03932
21.5963,1.03929
21.5978,1.03927
21.5993,1.03925
21.6008,1.03922
21.6023,1.0392
21.6038,1.03918
21.6053,1.03915
21.6068,1.03913
21.6083,1.03911
21.6098,1.03908
21.6113,1.03906
21.6128,1.03904
21.6143,1.03901
21.6158,1.03899
21.6173,1.03897
21.6188,1.03895
21.6203,1.03892
21.6218,1.0389
21.6233,1.03888
21.6248,1.03886
21.6263,1.03884
21.6278,1.03882
21.6293,1.03879
21.6308,1.03877
21.6323,1.03875
21.6338,1.03873
21.6353,1.03871
21.6368,1.0387
21.6383,1.03868
21.6398,1.03866
21.6413,1.03864
21.6428,1.03862
21.6443,1.0386
21.6458,1.03859
21.6473,1.03857
21.6488,1.03855
21.6503,1.03853
21.6518,1.03852
21.6533,1.0385
21.6548,1.03848
21.6563,1.03846
21.6578,1.03845
21.6593,1.03843
21.6608,1.03841
21.6623,1.03839
21.6638,1.03838
21.6653,1.03836
21.6668,1.03833
21.6683,1.03832
21.6698,1.03829
21.6713,1.03827
21.6728,1.03825
21.6743,1.03823
21.6758,1.0382
21.6773,1.03818
21.6788,1.03815
21.6803,1.03813
21.6818,1.0381
21.6833,1.03807
21.6848,1.03805
21.6863,1.03802
21.6878,1.03799
21.6893,1.03796
21.6908,1.03793
21.6923,1.03789
21.6938,1.03786
21.6953,1.03783
21.6968,1.03779
21.6983,1.03776
21.6998,1.03772
21.7013,1.03769
21.7028,1.03765
21.7043,1.03762
21.7058,1.03758
21.7073,1.03755
21.7088,1.03751
21.7103,1.03747
21.7118,1.03744
21.7133,1.0374
21.7148,1.03737
21.7163,1.03733
21.7178,1.0373
21.7193,1.03726
21.7208,1.03723
21.7223,1.0372
21.7238,1.03716
21.7253,1.03713
21.7268,1.0371
21.7283,1.03706
21.7298,1.03703
21.7313,1.037
21.7328,1.03697
21.7343,1.03694
21.7358,1.03691
21.7373,1.03689
21.7388,1.03686
21.7402,1.03683
21.7417,1.0368
21.7432,1.03677
21.7447,1.03675
21.7462,1.03672
21.7477,1.03669
21.7492,1.03667
21.7507,1.03664
21.7522,1.03662
21.7537,1.03659
21.7552,1.03657
21.7567,1.03654
21.7582,1.03652
21.7597,1.0365
21.7612,1.03647
21.7627,1.03645
21.7642,1.03643
21.7657,1.03641
21.7672,1.03639
21.7687,1.03637
21.7702,1.03635
21.7717,1.03633
21.7732,1.03631
21.7747,1.03629
21.7762,1.03628
21.7777,1.03626
21.7792,1.03624
21.7807,1.03623
21.7822,1.03621
21.7837,1.0362
21.7852,1.03618
21.7867,1.03617
21.7882,1.03616
21.7897,1.03614
21.7912,1.03613
21.7927,1.03611
21.7942,1.0361
21.7957,1.03609
21.7972,1.03608
21.7987,1.03606
21.8002,1.03605
21.8017,1.03604
21.8032,1.03603
21.8047,1.03602
21.8062,1.03601
21.8077,1.03599
21.8092,1.03598
21.8107,1.03597
21.8122,1.03596
21.8137,1.03595
21.8152,1.03593
21.8167,1.03592
21.8182,1.03591
21.8197,1.03589
21.8212,1.03588
21.8227,1.03587
21.8242,1.03585
21.8257,1.03584
21.8272,1.03582
21.8287,1.0358
21.8302,1.03579
21.8317,1.03577
21.8332,1.03575
21.8347,1.03573
21.8362,1.03572
21.8377,1.0357
21.8392,1.03568
21.8407,1.03565
21.8422,1.03563
21.8437,1.03561
21.8452,1.03558
21.8467,1.03556
21.8482,1.03553
21.8497,1.0355
21.8512,1.03548
21.8527,1.03545
21.8542,1.03542
21.8557,1.03539
21.8572,1.03535
21.8587,1.03532
21.8602,1.03529
21.8617,1.03526
21.8632,1.03522
21.8647,1.03519
21.8662,1.03516
21.8677,1.03512
21.8692,1.03509
21.8707,1.03505
21.8722,1.03501
21.8737,1.03498
21.8752,1.03494
21.8767,1.03491
21.8782,1.03487
21.8797,1.03484
21.8812,1.0348
21.8827,1.03477
21.8842,1.03474
21.8857,1.0347
21.8872,1.03467
21.8887,1.03464
21.8902,1.0346
21.8917,1.03457
21.8932,1.03454
21.8947,1.03451
21.8962,1.03449
21.8977,1.03446
21.8992,1.03443
21.9007,1.03441
21.9022,1.03439
21.9037,1.03436
21.9052,1.03434
21.9067,1.03432
21.9082,1.03431
21.9097,1.03429
21.9112,1.03427
21.9127,1.03426
21.9142,1.03425
21.9157,1.03424
21.9172,1.03423
21.9187,1.03422
21.9202,1.03421
21.9216,1.03421
21.9231,1.03421
21.9246,1.03421
21.9261,1.03421
21.9276,1.03421
21.9291,1.03421
21.9306,1.03422
21.9321,1.03422
21.9336,1.03423
21.9351,1.03424
21.9366,1.03426
21.9381,1.03427
21.9396,1.03428
21.9411,1.0343
21.9426,1.03431
21.9441,1.03433
21.9456,1.03435
21.9471,1.03437
21.9486,1.03439
21.9501,1.03442
21.9516,1.03444
21.9531,1.03447
21.9546,1.03449
21.9561,1.03452
21.9576,1.03455
21.9591,1.03458
21.9606,1.03461
21.9621,1.03464
21.9636,1.03467
21.9651,1.03471
21.9666,1.03474
21.9681,1.03477
21.9696,1.03481
21.9711,1.03484
21.9726,1.03488
21.9741,1.03492
21.9756,1.03495
21.9771,1.03499
21.9786,1.03502
21.9801,1.03505
21.9816,1.03508
21.9831,1.03512
21.9846,1.03515
21.9861,1.03518
21.9876,1.03521
21.9891,1.03524
21.9906,1.03526
21.9921,1.03529
21.9936,1.03531
21.9951,1.03534
21.9966,1.03536
21.9981,1.03538
21.9996,1.03541
22.0011,1.03543
22.0026,1.03544
22.0041,1.03546
22.0056,1.03548
22.0071,1.0355
22.0086,1.03552
22.0101,1.03553
22.0116,1.03555
22.0131,1.03556
22.0146,1.03558
22.0161,1.0356
22.0176,1.03561
22.0191,1.03563
22.0206,1.03564
22.0221,1.03566
22.0236,1.03567
22.0251,1.03569
22.0266,1.0357
22.0281,1.03572
22.0296,1.03574
22.0311,1.03575
22.0326,1.03577
22.0341,1.03579
22.0356,1.0358
22.0371,1.03582
22.0386,1.03584
22.0401,1.03586
22.0416,1.03587
22.0431,1.03589
22.0446,1.03591
22.0461,1.03593
22.0476,1.03595
22.0491,1.03596
22.0506,1.03598
22.0521,1.036
22.0536,1.03602
22.0551,1.03604
22.0566,1.03606
22.0581,1.03608
22.0596,1.03609
22.0611,1.03611
22.0626,1.03613
22.0641,1.03615
22.0656,1.03617
22.0671,1.03619
22.0686,1.03622
22.0701,1.03624
22.0716,1.03626
22.0731,1.03628
22.0746,1.03631
22.0761,1.03633
22.0776,1.03635
22.0791,1.03638
22.0806,1.0364
22.0821,1.03643
22.0836,1.03645
22.0851,1.03648
22.0866,1.03651
22.0881,1.03653
22.0896,1.03656
22.0911,1.03659
22.0926,1.03662
22.0941,1.03665
22.0956,1.03668
22.0971,1.03671
22.0986,1.03674
22.1001,1.03677
22.1016,1.0368
22.1031,1.03684
22.1045,1.03687
22.106,1.0369
22.1075,1.03693
22.109,1.03697
22.1105,1.037
22.112,1.03703
22.1135,1.03706
22.115,1.0371
22.1165,1.03713
22.118,1.03717
22.1195,1.0372
22.121,1.03724
22.1225,1.03727
22.124,1.0373
22.1255,1.03734
22.127,1.03737
22.1285,1.03741
22.13,1.03744
22.1315,1.03748
22.133,1.03751
22.1345,1.03754
22.136,1.03758
22.1375,1.03761
22.139,1.03764
22.1405,1.03767
22.142,1.03771
22.1435,1.03774
22.145,1.03777
22.1465,1.0378
22.148,1.03783
22.1495,1.03786
22.151,1.03788
22.1525,1.03791
22.154,1.03794
22.1555,1.03796
22.157,1.03799
22.1585,1.03801
22.16,1.03803
22.1615,1.03805
22.163,1.03807
22.1645,1.03809
22.166,1.03811
22.1675,1.03813
22.169,1.03814
22.1705,1.03816
22.172,1.03817
22.1735,1.03818
22.175,1.03819
22.1765,1.0382
22.178,1.03821
22.1795,1.03821
22.181,1.03822
22.1825,1.03822
22.184,1.03823
22.1855,1.03823
22.187,1.03823
22.1885,1.03822
22.19,1.03822
22.1915,1.03821
22.193,1.03821
22.1945,1.0382
22.196,1.03818
22.1975,1.03817
22.199,1.03816
22.2005,1.03814
22.202,1.03812
22.2035,1.0381
22.205,1.03808
22.2065,1.03806
22.208,1.03803
22.2095,1.03801
22.211,1.03798
22.2125,1.03796
22.214,1.03792
22.2155,1.0379
22.217,1.03787
22.2185,1.03784
22.22,1.03781
22.2215,1.03777
22.223,1.03774
22.2245,1.03771
22.226,1.03768
22.2275,1.03765
22.229,1.03762
22.2305,1.03759
22.232,1.03756
22.2335,1.03753
22.235,1.0375
22.2365,1.03747
22.238,1.03744
22.2395,1.03741
22.241,1.03739
22.2425,1.03736
22.244,1.03733
22.2455,1.0373
22.247,1.03728
22.2485,1.03725
22.25,1.03723
22.2515,1.03721
22.253,1.03718
22.2545,1.03716
22.256,1.03714
22.2575,1.03712
22.259,1.0371
22.2605,1.03708
22.262,1.03706
22.2635,1.03704
22.265,1.03703
22.2665,1.03701
22.268,1.037
22.2695,1.03698
22.271,1.03697
22.2725,1.03696
22.274,1.03694
22.2755,1.03693
22.277,1.03692
22.2785,1.03691
22.28,1.0369
22.2815,1.03689
22.283,1.03688
22.2845,1.03688
22.2859,1.03687
22.2874,1.03686
22.2889,1.03685
22.2904,1.03685
22.2919,1.03684
22.2934,1.03683
22.2949,1.03683
22.2964,1.03682
22.2979,1.03682
22.2994,1.03681
22.3009,1.03681
22.3024,1.0368
22.3039,1.0368
22.3054,1.03679
22.3069,1.03679
22.3084,1.03679
22.3099,1.03678
22.3114,1.03678
22.3129,1.03678
22.3144,1.03678
22.3159,1.03677
22.3174,1.03677
22.3189,1.03677
22.3204,1.03677
22.3219,1.03677
22.3234,1.03677
22.3249,1.03677
22.3264,1.03677
22.3279,1.03677
22.3294,1.03678
22.3309,1.03678
22.3324,1.03678
22.3339,1.03678
22.3354,1.03679
22.3369,1.03679
22.3384,1.03679
22.3399,1.0368
22.3414,1.0368
22.3429,1.03681
22.3444,1.03682
22.3459,1.03682
22.3474,1.03683
22.3489,1.03683
22.3504,1.03684
22.3519,1.03685
22.3534,1.03685
22.3549,1.03686
22.3564,1.03687
22.3579,1.03688
22.3594,1.03688
22.3609,1.03689
22.3624,1.03689
22.3639,1.0369
22.3654,1.0369
22.3669,1.03691
22.3684,1.03691
22.3699,1.03691
22.3714,1.03692
22.3729,1.03692
22.3744,1.03691
22.3759,1.03691
22.3774,1.03691
22.3789,1.0369
22.3804,1.03689
22.3819,1.03688
22.3834,1.03687
22.3849,1.03686
22.3864,1.03685
22.3879,1.03683
22.3894,1.03681
22.3909,1.03679
22.3924,1.03677
22.3939,1.03675
22.3954,1.03672
22.3969,1.03669
22.3984,1.03666
22.3999,1.03663
22.4014,1.03659
22.4029,1.03655
22.4044,1.03651
22.4059,1.03647
22.4074,1.03643
22.4089,1.03638
22.4104,1.03633
22.4119,1.03628
22.4134,1.03623
22.4149,1.03618
22.4164,1.03612
22.4179,1.03606
22.4194,1.036
22.4209,1.03593
22.4224,1.03587
22.4239,1.0358
22.4254,1.03573
22.4269,1.03566
22.4284,1.03559
22.4299,1.03552
22.4314,1.03545
22.4329,1.03538
22.4344,1.03531
22.4359,1.03524
22.4374,1.03517
22.4389,1.0351
22.4404,1.03503
22.4419,1.03496
22.4434,1.03489
22.4449,1.03483
22.4464,1.03477
22.4479,1.03471
22.4494,1.03465
22.4509,1.03459
22.4524,1.03454
22.4539,1.03449
22.4554,1.03444
22.4569,1.03439
22.4584,1.03435
22.4599,1.0343
22.4614,1.03426
22.4629,1.03422
22.4644,1.03418
22.4659,1.03414
22.4674,1.03411
22.4688,1.03407
22.4703,1.03404
22.4718,1.03401
22.4733,1.03398
22.4748,1.03396
22.4763,1.03393
22.4778,1.0339
22.4793,1.03388
22.4808,1.03386
22.4823,1.03384
22.4838,1.03382
22.4853,1.0338
22.4868,1.03378
22.4883,1.03377
22.4898,1.03375
22.4913,1.03374
22.4928,1.03373
22.4943,1.03372
22.4958,1.03371
22.4973,1.0337
22.4988,1.03369
22.5003,1.03368
22.5018,1.03368
22.5033,1.03367
22.5048,1.03366
22.5063,1.03366
22.5078,1.03365
22.5093,1.03364
22.5108,1.03364
22.5123,1.03363
22.5138,1.03363
22.5153,1.03362
22.5168,1.03362
22.5183,1.03361
22.5198,1.0336
22.5213,1.0336
22.5228,1.03359
22.5243,1.03358
22.5258,1.03357
22.5273,1.03356
22.5288,1.03356
22.5303,1.03355
22.5318,1.03354
22.5333,1.03353
22.5348,1.03352
22.5363,1.03351
22.5378,1.0335
22.5393,1.03349
22.5408,1.03347
22.5423,1.03346
22.5438,1.03345
22.5453,1.03344
22.5468,1.03342
22.5483,1.03341
22.5498,1.0334
22.5513,1.03339
22.5528,1.03337
22.5543,1.03336
22.5558,1.03334
22.5573,1.03333
22.5588,1.03332
22.5603,1.0333
22.5618,1.03328
22.5633,1.03327
22.5648,1.03325
22.5663,1.03324
22.5678,1.03322
22.5693,1.03321
22.5708,1.03319
22.5723,1.03317
22.5738,1.03316
22.5753,1.03314
22.5768,1.03312
22.5783,1.03311
22.5798,1.03309
22.5813,1.03307
22.5828,1.03305
22.5843,1.03304
22.5858,1.03302
22.5873,1.033
22.5888,1.03299
22.5903,1.03297
22.5918,1.03295
22.5933,1.03293
22.5948,1.03292
22.5963,1.0329
22.5978,1.03288
22.5993,1.03287
22.6008,1.03285
22.6023,1.03284
22.6038,1.03282
22.6053,1.03281
22.6068,1.03279
22.6083,1.03278
22.6098,1.03276
22.6113,1.03275
22.6128,1.03274
22.6143,1.03272
22.6158,1.03271
22.6173,1.0327
22.6188,1.03269
22.6203,1.03268
22.6218,1.03266
22.6233,1.03265
22.6248,1.03264
22.6263,1.03264
22.6278,1.03262
22.6293,1.03262
22.6308,1.03261
22.6323,1.0326
22.6338,1.03259
22.6353,1.03258
22.6368,1.03257
22.6383,1.03256
22.6398,1.03255
22.6413,1.03254
22.6428,1.03253
22.6443,1.03251
22.6458,1.0325
22.6473,1.03249
22.6488,1.03248
22.6502,1.03246
22.6517,1.03245
22.6532,1.03244
22.6547,1.03242
22.6562,1.03241
22.6577,1.03239
22.6592,1.03238
22.6607,1.03236
22.6622,1.03234
22.6637,1.03233
22.6652,1.03231
22.6667,1.03229
22.6682,1.03228
22.6697,1.03226
22.6712,1.03224
22.6727,1.03223
22.6742,1.03221
22.6757,1.03219
22.6772,1.03217
22.6787,1.03216
22.6802,1.03214
22.6817,1.03212
22.6832,1.03211
22.6847,1.03209
22.6862,1.03207
22.6877,1.03206
22.6892,1.03204
22.6907,1.03202
22.6922,1.03201
22.6937,1.03199
22.6952,1.03197
22.6967,1.03196
22.6982,1.03194
22.6997,1.03193
22.7012,1.03191
22.7027,1.03189
22.7042,1.03188
22.7057,1.03186
22.7072,1.03185
22.7087,1.03183
22.7102,1.03182
22.7117,1.0318
22.7132,1.03179
22.7147,1.03177
22.7162,1.03176
22.7177,1.03175
22.7192,1.03173
22.7207,1.03172
22.7222,1.0317
22.7237,1.03169
22.7252,1.03168
22.7267,1.03167
22.7282,1.03166
22.7297,1.03164
22.7312,1.03163
22.7327,1.03162
22.7342,1.03161
22.7357,1.0316
22.7372,1.03159
22.7387,1.03158
22.7402,1.03157
22.7417,1.03156
22.7432,1.03156
22.7447,1.03155
22.7462,1.03154
22.7477,1.03154
22.7492,1.03154
22.7507,1.03153
22.7522,1.03153
22.7537,1.03153
22.7552,1.03153
22.7567,1.03153
22.7582,1.03153
22.7597,1.03153
22.7612,1.03154
22.7627,1.03154
22.7642,1.03155
22.7657,1.03155
22.7672,1.03156
22.7687,1.03157
22.7702,1.03158
22.7717,1.03159
22.7732,1.0316
22.7747,1.03161
22.7762,1.03163
22.7777,1.03164
22.7792,1.03166
22.7807,1.03168
22.7822,1.0317
22.7837,1.03172
22.7852,1.03174
22.7867,1.03176
22.7882,1.03179
22.7897,1.03181
22.7912,1.03184
22.7927,1.03186
22.7942,1.03189
22.7957,1.03192
22.7972,1.03195
22.7987,1.03197
22.8002,1.032
22.8017,1.03203
22.8032,1.03206
22.8047,1.03209
22.8062,1.03212
22.8077,1.03215
22.8092,1.03218
22.8107,1.03221
22.8122,1.03224
22.8137,1.03226
22.8152,1.03229
22.8167,1.03232
22.8182,1.03235
22.8197,1.03237
22.8212,1.03239
22.8227,1.03242
22.8242,1.03244
22.8257,1.03246
22.8272,1.03248
22.8287,1.03249
22.8302,1.03251
22.8316,1.03253
22.8331,1.03254
22.8346,1.03255
22.8361,1.03256
22.8376,1.03257
22.8391,1.03258
22.8406,1.03259
22.8421,1.03259
22.8436,1.0326
22.8451,1.03261
22.8466,1.03261
22.8481,1.03261
22.8496,1.03261
22.8511,1.03261
22.8526,1.03261
22.8541,1.03261
22.8556,1.03261
22.8571,1.03261
22.8586,1.03261
22.8601,1.0326
22.8616,1.0326
22.8631,1.0326
22.8646,1.0326
22.8661,1.0326
22.8676,1.0326
22.8691,1.03259
22.8706,1.0326
22.8721,1.0326
22.8736,1.0326
22.8751,1.0326
22.8766,1.03261
22.8781,1.03261
22.8796,1.03261
22.8811,1.03262
22.8826,1.03263
22.8841,1.03264
22.8856,1.03265
22.8871,1.03266
22.8886,1.03267
22.8901,1.03268
22.8916,1.03269
22.8931,1.0327
22.8946,1.03272
22.8961,1.03273
22.8976,1.03275
22.8991,1.03276
22.9006,1.03278
22.9021,1.03279
22.9036,1.03281
22.9051,1.03283
22.9066,1.03284
22.9081,1.03286
22.9096,1.03288
22.9111,1.0329
22.9126,1.03291
22.9141,1.03293
22.9156,1.03295
22.9171,1.03297
22.9186,1.03298
22.9201,1.033
22.9216,1.03302
22.9231,1.03304
22.9246,1.03306
22.9261,1.03307
22.9276,1.03309
22.9291,1.03311
22.9306,1.03313
22.9321,1.03314
22.9336,1.03316
22.9351,1.03318
22.9366,1.03319
22.9381,1.03321
22.9396,1.03322
22.9411,1.03324
22.9426,1.03325
22.9441,1.03327
22.9456,1.03328
22.9471,1.03329
22.9486,1.03331
22.9501,1.03332
22.9516,1.03333
22.9531,1.03335
22.9546,1.03336
22.9561,1.03337
22.9576,1.03339
22.9591,1.0334
22.9606,1.03341
22.9621,1.03342
22.9636,1.03343
22.9651,1.03345
22.9666,1.03346
22.9681,1.03347
22.9696,1.03349
22.9711,1.0335
22.9726,1.03352
22.9741,1.03353
22.9756,1.03354
22.9771,1.03356
22.9786,1.03358
22.9801,1.0336
22.9816,1.03361
22.9831,1.03363
22.9846,1.03366
22.9861,1.03368
22.9876,1.0337
22.9891,1.03373
22.9906,1.03376
22.9921,1.03379
22.9936,1.03382
22.9951,1.03385
22.9966,1.03389
22.9981,1.03392
22.9996,1.03396
23.0011,1.03401
23.0026,1.03405
23.0041,1.0341
23.0056,1.03414
23.0071,1.0342
23.0086,1.03425
23.0101,1.0343
23.0116,1.03436
23.0131,1.03442
23.0145,1.03448
23.016,1.03454
23.0175,1.0346
23.019,1.03467
23.0205,1.03474
23.022,1.0348
23.0235,1.03487
23.025,1.03494
23.0265,1.03501
23.028,1.03508
23.0295,1.03514
23.031,1.03521
23.0325,1.03528
23.034,1.03535
23.0355,1.03541
23.037,1.03548
23.0385,1.03554
23.04,1.0356
23.0415,1.03566
23.043,1.03572
23.0445,1.03578
23.046,1.03583
23.0475,1.03588
23.049,1.03593
23.0505,1.03598
23.052,1.03603
23.0535,1.03607
23.055,1.03611
23.0565,1.03615
23.058,1.03619
23.0595,1.03622
23.061,1.03626
23.0625,1.03629
23.064,1.03632
23.0655,1.03635
23.067,1.03637
23.0685,1.03639
23.07,1.03641
23.0715,1.03643
23.073,1.03645
23.0745,1.03647
23.076,1.03648
23.0775,1.03649
23.079,1.0365
23.0805,1.03651
23.082,1.03652
23.0835,1.03653
23.085,1.03653
23.0865,1.03654
23.088,1.03654
23.0895,1.03654
23.091,1.03654
23.0925,1.03654
23.094,1.03654
23.0955,1.03654
23.097,1.03653
23.0985,1.03653
23.1,1.03653
23.1015,1.03652
23.103,1.03651
23.1045,1.03651
23.106,1.0365
23.1075,1.03649
23.109,1.03648
23.1105,1.03647
23.112,1.03647
23.1135,1.03646
23.115,1.03645
23.1165,1.03644
23.118,1.03643
23.1195,1.03642
23.121,1.03641
23.1225,1.0364
23.124,1.03639
23.1255,1.03638
23.127,1.03638
23.1285,1.03637
23.13,1.03636
23.1315,1.03635
23.133,1.03634
23.1345,1.03634
23.136,1.03633
23.1375,1.03632
23.139,1.03632
23.1405,1.03631
23.142,1.03631
23.1435,1.0363
23.145,1.0363
23.1465,1.03629
23.148,1.03629
23.1495,1.03629
23.151,1.03628
23.1525,1.03628
23.154,1.03628
23.1555,1.03627
23.157,1.03627
23.1585,1.03627
23.16,1.03627
23.1615,1.03627
23.163,1.03627
23.1645,1.03626
23.166,1.03626
23.1675,1.03626
23.169,1.03626
23.1705,1.03625
23.172,1.03625
23.1735,1.03625
23.175,1.03625
23.1765,1.03625
23.178,1.03625
23.1795,1.03624
23.181,1.03624
23.1825,1.03624
23.184,1.03624
23.1855,1.03624
23.187,1.03623
23.1885,1.03623
23.19,1.03623
23.1915,1.03623
23.193,1.03623
23.1945,1.03623
23.1959,1.03623
23.1974,1.03622
23.1989,1.03622
23.2004,1.03622
23.2019,1.03622
23.2034,1.03622
23.2049,1.03622
23.2064,1.03622
23.2079,1.03622
23.2094,1.03622
23.2109,1.03622
23.2124,1.03621
23.2139,1.03621
23.2154,1.03621
23.2169,1.03621
23.2184,1.03621
23.2199,1.03621
23.2214,1.03621
23.2229,1.03621
23.2244,1.03621
23.2259,1.03622
23.2274,1.03622
23.2289,1.03622
23.2304,1.03622
23.2319,1.03622
23.2334,1.03622
23.2349,1.03622
23.2364,1.03622
23.2379,1.03623
23.2394,1.03623
23.2409,1.03623
23.2424,1.03624
23.2439,1.03624
23.2454,1.03624
23.2469,1.03624
23.2484,1.03624
23.2499,1.03624
23.2514,1.03625
23.2529,1.03625
23.2544,1.03625
23.2559,1.03625
23.2574,1.03625
23.2589,1.03625
23.2604,1.03625
23.2619,1.03626
23.2634,1.03626
23.2649,1.03626
23.2664,1.03625
23.2679,1.03625
23.2694,1.03625
23.2709,1.03625
23.2724,1.03625
23.2739,1.03625
23.2754,1.03625
23.2769,1.03625
23.2784,1.03624
23.2799,1.03624
23.2814,1.03624
23.2829,1.03624
23.2844,1.03623
23.2859,1.03623
23.2874,1.03623
23.2889,1.03622
23.2904,1.03622
23.2919,1.03622
23.2934,1.03621
23.2949,1.03621
23.2964,1.03621
23.2979,1.0362
23.2994,1.0362
23.3009,1.0362
23.3024,1.03619
23.3039,1.03619
23.3054,1.03619
23.3069,1.03618
23.3084,1.03618
23.3099,1.03618
23.3114,1.03617
23.3129,1.03617
23.3144,1.03617
23.3159,1.03616
23.3174,1.03616
23.3189,1.03616
23.3204,1.03616
23.3219,1.03616
23.3234,1.03616
23.3249,1.03616
23.3264,1.03616
23.3279,1.03616
23.3294,1.03616
23.3309,1.03616
23.3324,1.03616
23.3339,1.03616
23.3354,1.03617
23.3369,1.03617
23.3384,1.03617
23.3399,1.03618
23.3414,1.03618
23.3429,1.03618
23.3444,1.03619
23.3459,1.03619
23.3474,1.0362
23.3489,1.03621
23.3504,1.03621
23.3519,1.03622
23.3534,1.03622
23.3549,1.03623
23.3564,1.03624
23.3579,1.03624
23.3594,1.03625
23.3609,1.03626
23.3624,1.03626
23.3639,1.03627
23.3654,1.03627
23.3669,1.03628
23.3684,1.03628
23.3699,1.03629
23.3714,1.03629
23.3729,1.0363
23.3744,1.0363
23.3759,1.0363
23.3773,1.03631
23.3788,1.03631
23.3803,1.03631
23.3818,1.03631
23.3833,1.03631
23.3848,1.03631
23.3863,1.03631
23.3878,1.03631
23.3893,1.03631
23.3908,1.0363
23.3923,1.0363
23.3938,1.0363
23.3953,1.03629
23.3968,1.03629
23.3983,1.03628
23.3998,1.03628
23.4013,1.03627
23.4028,1.03627
23.4043,1.03626
23.4058,1.03626
23.4073,1.03625
23.4088,1.03625
23.4103,1.03624
23.4118,1.03624
23.4133,1.03623
23.4148,1.03622
23.4163,1.03622
23.4178,1.03622
23.4193,1.03621
23.4208,1.03621
23.4223,1.03621
23.4238,1.03621
23.4253,1.0362
23.4268,1.0362
23.4283,1.0362
23.4298,1.0362
23.4313,1.0362
23.4328,1.03621
23.4343,1.03621
23.4358,1.03621
23.4373,1.03622
23.4388,1.03622
23.4403,1.03623
23.4418,1.03623
23.4433,1.03624
23.4448,1.03625
23.4463,1.03626
23.4478,1.03627
23.4493,1.03628
23.4508,1.0363
23.4523,1.03631
23.4538,1.03633
23.4553,1.03634
23.4568,1.03636
23.4583,1.03638
23.4598,1.0364
23.4613,1.03642
23.4628,1.03644
23.4643,1.03646
23.4658,1.03649
23.4673,1.03651
23.4688,1.03654
23.4703,1.03656
23.4718,1.03659
23.4733,1.03662
23.4748,1.03665
23.4763,1.03667
23.4778,1.0367
23.4793,1.03673
23.4808,1.03676
23.4823,1.03679
23.4838,1.03683
23.4853,1.03686
23.4868,1.03689
23.4883,1.03693
23.4898,1.03696
23.4913,1.03699
23.4928,1.03703
23.4943,1.03706
23.4958,1.0371
23.4973,1.03714
23.4988,1.03717
23.5003,1.03721
23.5018,1.03725
23.5033,1.03729
23.5048,1.03733
23.5063,1.03736
23.5078,1.0374
23.5093,1.03745
23.5108,1.03749
23.5123,1.03753
23.5138,1.03757
23.5153,1.03762
23.5168,1.03767
23.5183,1.03771
23.5198,1.03776
23.5213,1.03781
23.5228,1.03786
23.5243,1.03791
23.5258,1.03797
23.5273,1.03802
23.5288,1.03808
23.5303,1.03814
23.5318,1.0382
23.5333,1.03826
23.5348,1.03832
23.5363,1.03839
23.5378,1.03845
23.5393,1.03852
23.5408,1.0386
23.5423,1.03867
23.5438,1.03875
23.5453,1.03882
23.5468,1.0389
23.5483,1.03898
23.5498,1.03907
23.5513,1.03915
23.5528,1.03924
23.5543,1.03933
23.5558,1.03942
23.5573,1.03951
23.5588,1.0396
23.5602,1.0397
23.5617,1.03979
23.5632,1.03989
23.5647,1.03999
23.5662,1.04009
23.5677,1.04019
23.5692,1.0403
23.5707,1.0404
23.5722,1.04051
23.5737,1.04061
23.5752,1.04072
23.5767,1.04083
23.5782,1.04094
23.5797,1.04104
23.5812,1.04115
23.5827,1.04126
23.5842,1.04137
23.5857,1.04148
23.5872,1.04159
23.5887,1.0417
23.5902,1.04181
23.5917,1.04191
23.5932,1.04202
23.5947,1.04212
23.5962,1.04223
23.5977,1.04233
23.5992,1.04244
23.6007,1.04254
23.6022,1.04264
23.6037,1.04273
23.6052,1.04283
23.6067,1.04293
23.6082,1.04302
23.6097,1.04311
23.6112,1.04321
23.6127,1.04329
23.6142,1.04338
23.6157,1.04347
23.6172,1.04355
23.6187,1.04364
23.6202,1.04372
23.6217,1.0438
23.6232,1.04388
23.6247,1.04395
23.6262,1.04403
23.6277,1.0441
23.6292,1.04417
23.6307,1.04425
23.6322,1.04431
23.6337,1.04438
23.6352,1.04445
23.6367,1.04451
23.6382,1.04457
23.6397,1.04463
23.6412,1.04469
23.6427,1.04475
23.6442,1.04481
23.6457,1.04486
23.6472,1.04491
23.6487,1.04497
23.6502,1.04502
23.6517,1.04506
23.6532,1.04511
23.6547,1.04515
23.6562,1.04519
23.6577,1.04523
23.6592,1.04527
23.6607,1.0453
23.6622,1.04534
23.6637,1.04537
23.6652,1.0454
23.6667,1.04543
23.6682,1.04545
23.6697,1.04548
23.6712,1.0455
23.6727,1.04552
23.6742,1.04554
23.6757,1.04556
23.6772,1.04557
23.6787,1.04559
23.6802,1.0456
23.6817,1.04562
23.6832,1.04563
23.6847,1.04564
23.6862,1.04565
23.6877,1.04566
23.6892,1.04567
23.6907,1.04568
23.6922,1.04569
23.6937,1.0457
23.6952,1.04571
23.6967,1.04572
23.6982,1.04573
23.6997,1.04574
23.7012,1.04574
23.7027,1.04575
23.7042,1.04576
23.7057,1.04577
23.7072,1.04578
23.7087,1.04579
23.7102,1.0458
23.7117,1.04581
23.7132,1.04583
23.7147,1.04584
23.7162,1.04585
23.7177,1.04587
23.7192,1.04588
23.7207,1.0459
23.7222,1.04592
23.7237,1.04594
23.7252,1.04596
23.7267,1.04598
23.7282,1.046
23.7297,1.04602
23.7312,1.04605
23.7327,1.04607
23.7342,1.04609
23.7357,1.04612
23.7372,1.04615
23.7387,1.04618
23.7402,1.04621
23.7416,1.04624
23.7431,1.04627
23.7446,1.0463
23.7461,1.04633
23.7476,1.04636
23.7491,1.04639
23.7506,1.04643
23.7521,1.04646
23.7536,1.04649
23.7551,1.04653
23.7566,1.04656
23.7581,1.04659
23.7596,1.04662
23.7611,1.04666
23.7626,1.04669
23.7641,1.04672
23.7656,1.04675
23.7671,1.04678
23.7686,1.04681
23.7701,1.04684
23.7716,1.04687
23.7731,1.0469
23.7746,1.04692
23.7761,1.04695
23.7776,1.04697
23.7791,1.047
23.7806,1.04702
23.7821,1.04705
23.7836,1.04707
23.7851,1.04709
23.7866,1.04711
23.7881,1.04713
23.7896,1.04715
23.7911,1.04716
23.7926,1.04718
23.7941,1.04719
23.7956,1.04721
23.7971,1.04722
23.7986,1.04723
23.8001,1.04725
23.8016,1.04726
23.8031,1.04727
23.8046,1.04728
23.8061,1.04728
23.8076,1.04729
23.8091,1.0473
23.8106,1.0473
23.8121,1.04731
23.8136,1.04731
23.8151,1.04732
23.8166,1.04732
23.8181,1.04733
23.8196,1.04733
23.8211,1.04733
23.8226,1.04733
23.8241,1.04734
23.8256,1.04734
23.8271,1.04734
23.8286,1.04734
23.8301,1.04734
23.8316,1.04734
23.8331,1.04734
23.8346,1.04734
23.8361,1.04734
23.8376,1.04734
23.8391,1.04734
23.8406,1.04734
23.8421,1.04734
23.8436,1.04734
23.8451,1.04734
23.8466,1.04734
23.8481,1.04734
23.8496,1.04734
23.8511,1.04734
23.8526,1.04734
23.8541,1.04734
23.8556,1.04734
23.8571,1.04734
23.8586,1.04734
23.8601,1.04733
23.8616,1.04733
23.8631,1.04733
23.8646,1.04733
23.8661,1.04733
23.8676,1.04733
23.8691,1.04733
23.8706,1.04733
23.8721,1.04733
23.8736,1.04733
23.8751,1.04733
23.8766,1.04734
23.8781,1.04734
23.8796,1.04734
23.8811,1.04734
23.8826,1.04735
23.8841,1.04735
23.8856,1.04735
23.8871,1.04736
23.8886,1.04736
23.8901,1.04736
23.8916,1.04737
23.8931,1.04737
23.8946,1.04738
23.8961,1.04739
23.8976,1.04739
23.8991,1.0474
23.9006,1.04741
23.9021,1.04742
23.9036,1.04742
23.9051,1.04743
23.9066,1.04744
23.9081,1.04745
23.9096,1.04746
23.9111,1.04747
23.9126,1.04748
23.9141,1.04749
23.9156,1.0475
23.9171,1.04751
23.9186,1.04752
23.9201,1.04753
23.9216,1.04754
23.923,1.04756
23.9245,1.04757
23.926,1.04758
23.9275,1.04759
23.929,1.04761
23.9305,1.04762
23.932,1.04763
23.9335,1.04764
23.935,1.04766
23.9365,1.04767
23.938,1.04768
23.9395,1.0477
23.941,1.04771
23.9425,1.04772
23.944,1.04773
23.9455,1.04775
23.947,1.04776
23.9485,1.04777
23.95,1.04779
23.9515,1.0478
23.953,1.04781
23.9545,1.04782
23.956,1.04783
23.9575,1.04785
23.959,1.04786
23.9605,1.04787
23.962,1.04788
23.9635,1.04789
23.965,1.0479
23.9665,1.04791
23.968,1.04792
23.9695,1.04793
23.971,1.04794
23.9725,1.04795
23.974,1.04796
23.9755,1.04796
23.977,1.04797
23.9785,1.04797
23.98,1.04798
23.9815,1.04799
23.983,1.04799
23.9845,1.04799
23.986,1.04799
23.9875,1.048
23.989,1.048
23.9905,1.048
23.992,1.048
23.9935,1.04799
23.995,1.04799
23.9965,1.04799
23.998,1.04799
23.9995,1.04798
24.001,1.04798
24.0025,1.04797
24.004,1.04796
24.0055,1.04796
24.007,1.04795
24.0085,1.04794
24.01,1.04793
24.0115,1.04792
24.013,1.04791
24.0145,1.0479
24.016,1.04789
24.0175,1.04788
24.019,1.04787
24.0205,1.04786
24.022,1.04785
24.0235,1.04784
24.025,1.04783
24.0265,1.04782
24.028,1.0478
24.0295,1.04779
24.031,1.04778
24.0325,1.04777
24.034,1.04775
24.0355,1.04774
24.037,1.04773
24.0385,1.04772
24.04,1.04771
24.0415,1.04769
24.043,1.04768
24.0445,1.04767
24.046,1.04766
24.0475,1.04765
24.049,1.04764
24.0505,1.04763
24.052,1.04762
24.0535,1.0476
24.055,1.04759
24.0565,1.04758
24.058,1.04757
24.0595,1.04756
24.061,1.04755
24.0625,1.04754
24.064,1.04753
24.0655,1.04752
24.067,1.04751
24.0685,1.0475
24.07,1.04749
24.0715,1.04748
24.073,1.04748
24.0745,1.04747
24.076,1.04746
24.0775,1.04745
24.079,1.04744
24.0805,1.04743
24.082,1.04743
24.0835,1.04742
24.085,1.04742
24.0865,1.04741
24.088,1.04741
24.0895,1.0474
24.091,1.0474
24.0925,1.0474
24.094,1.04739
24.0955,1.04739
24.097,1.04739
24.0985,1.04739
24.1,1.04739
24.1015,1.0474
24.103,1.0474
24.1045,1.0474
24.1059,1.0474
24.1074,1.04741
24.1089,1.04742
24.1104,1.04742
24.1119,1.04743
24.1134,1.04744
24.1149,1.04745
24.1164,1.04747
24.1179,1.04748
24.1194,1.04749
24.1209,1.04751
24.1224,1.04753
24.1239,1.04754
24.1254,1.04756
24.1269,1.04758
24.1284,1.0476
24.1299,1.04762
24.1314,1.04764
24.1329,1.04766
24.1344,1.04769
24.1359,1.04771
24.1374,1.04773
24.1389,1.04776
24.1404,1.04778
24.1419,1.04781
24.1434,1.04783
24.1449,1.04785
24.1464,1.04788
24.1479,1.0479
24.1494,1.04793
24.1509,1.04795
24.1524,1.04798
24.1539,1.048
24.1554,1.04803
24.1569,1.04805
24.1584,1.04808
24.1599,1.0481
24.1614,1.04812
24.1629,1.04814
24.1644,1.04816
24.1659,1.04818
24.1674,1.0482
24.1689,1.04822
24.1704,1.04824
24.1719,1.04825
24.1734,1.04827
24.1749,1.04828
24.1764,1.04829
24.1779,1.04831
24.1794,1.04832
24.1809,1.04833
24.1824,1.04834
24.1839,1.04835
24.1854,1.04835
24.1869,1.04836
24.1884,1.04836
24.1899,1.04837
24.1914,1.04837
24.1929,1.04837
24.1944,1.04837
24.1959,1.04838
24.1974,1.04838
24.1989,1.04838
24.2004,1.04837
24.2019,1.04837
24.2034,1.04837
24.2049,1.04836
24.2064,1.04836
24.2079,1.04835
24.2094,1.04835
24.2109,1.04834
24.2124,1.04833
24.2139,1.04832
24.2154,1.04831
24.2169,1.0483
24.2184,1.04829
24.2199,1.04828
24.2214,1.04827
24.2229,1.04826
24.2244,1.04825
24.2259,1.04823
24.2274,1.04822
24.2289,1.0482
24.2304,1.04819
24.2319,1.04817
24.2334,1.04816
24.2349,1.04814
24.2364,1.04813
24.2379,1.04811
24.2394,1.04809
24.2409,1.04807
24.2424,1.04805
24.2439,1.04804
24.2454,1.04802
24.2469,1.048
24.2484,1.04798
24.2499,1.04796
24.2514,1.04794
24.2529,1.04792
24.2544,1.0479
24.2559,1.04787
24.2574,1.04785
24.2589,1.04783
24.2604,1.04781
24.2619,1.04779
24.2634,1.04776
24.2649,1.04774
24.2664,1.04772
24.2679,1.0477
24.2694,1.04767
24.2709,1.04765
24.2724,1.04763
24.2739,1.0476
24.2754,1.04758
24.2769,1.04755
24.2784,1.04753
24.2799,1.04751
24.2814,1.04748
24.2829,1.04746
24.2844,1.04744
24.2859,1.04742
24.2873,1.04739
24.2888,1.04737
24.2903,1.04735
24.2918,1.04732
24.2933,1.0473
24.2948,1.04728
24.2963,1.04726
24.2978,1.04724
24.2993,1.04721
24.3008,1.04719
24.3023,1.04717
24.3038,1.04715
24.3053,1.04713
24.3068,1.04711
24.3083,1.04709
24.3098,1.04707
24.3113,1.04704
24.3128,1.04702
24.3143,1.047
24.3158,1.04698
24.3173,1.04696
24.3188,1.04694
24.3203,1.04692
24.3218,1.04689
24.3233,1.04687
24.3248,1.04685
24.3263,1.04683
24.3278,1.0468
24.3293,1.04678
24.3308,1.04676
24.3323,1.04673
24.3338,1.04671
24.3353,1.04668
24.3368,1.04666
24.3383,1.04663
24.3398,1.0466
24.3413,1.04657
24.3428,1.04655
24.3443,1.04652
24.3458,1.04649
24.3473,1.04646
24.3488,1.04643
24.3503,1.0464
24.3518,1.04637
24.3533,1.04634
24.3548,1.0463
24.3563,1.04627
24.3578,1.04624
24.3593,1.0462
24.3608,1.04617
24.3623,1.04614
24.3638,1.0461
24.3653,1.04607
24.3668,1.04604
24.3683,1.046
24.3698,1.04597
24.3713,1.04593
24.3728,1.0459
24.3743,1.04587
24.3758,1.04583
24.3773,1.0458
24.3788,1.04576
24.3803,1.04573
24.3818,1.0457
24.3833,1.04567
24.3848,1.04564
24.3863,1.0456
24.3878,1.04557
24.3893,1.04554
24.3908,1.04551
24.3923,1.04548
24.3938,1.04545
24.3953,1.04542
24.3968,1.04539
24.3983,1.04536
24.3998,1.04533
24.4013,1.0453
24.4028,1.04528
24.4043,1.04525
24.4058,1.04522
24.4073,1.0452
24.4088,1.04517
24.4103,1.04514
24.4118,1.04512
24.4133,1.04509
24.4148,1.04507
24.4163,1.04505
24.4178,1.04502
24.4193,1.045
24.4208,1.04498
24.4223,1.04496
24.4238,1.04494
24.4253,1.04492
24.4268,1.0449
24.4283,1.04488
24.4298,1.04486
24.4313,1.04484
24.4328,1.04482
24.4343,1.04481
24.4358,1.04479
24.4373,1.04478
24.4388,1.04476
24.4403,1.04475
24.4418,1.04474
24.4433,1.04472
24.4448,1.04471
24.4463,1.0447
24.4478,1.04469
24.4493,1.04469
24.4508,1.04468
24.4523,1.04467
24.4538,1.04467
24.4553,1.04466
24.4568,1.04466
24.4583,1.04465
24.4598,1.04465
24.4613,1.04465
24.4628,1.04465
24.4643,1.04465
24.4658,1.04465
24.4673,1.04466
24.4688,1.04466
24.4702,1.04467
24.4717,1.04467
24.4732,1.04468
24.4747,1.04469
24.4762,1.04469
24.4777,1.0447
24.4792,1.04471
24.4807,1.04472
24.4822,1.04474
24.4837,1.04475
24.4852,1.04476
24.4867,1.04477
24.4882,1.04478
24.4897,1.0448
24.4912,1.04481
24.4927,1.04482
24.4942,1.04484
24.4957,1.04486
24.4972,1.04487
24.4987,1.04489
24.5002,1.0449
24.5017,1.04492
24.5032,1.04493
24.5047,1.04495
24.5062,1.04497
24.5077,1.04498
24.5092,1.045
24.5107,1.04502
24.5122,1.04504
24.5137,1.04505
24.5152,1.04507
24.5167,1.04509
24.5182,1.04511
24.5197,1.04513
24.5212,1.04514
24.5227,1.04516
24.5242,1.04518
24.5257,1.0452
24.5272,1.04522
24.5287,1.04524
24.5302,1.04526
24.5317,1.04528
24.5332,1.0453
24.5347,1.04532
24.5362,1.04534
24.5377,1.04536
24.5392,1.04538
24.5407,1.0454
24.5422,1.04542
24.5437,1.04544
24.5452,1.04546
24.5467,1.04548
24.5482,1.04551
24.5497,1.04553
24.5512,1.04555
24.5527,1.04557
24.5542,1.04559
24.5557,1.04562
24.5572,1.04564
24.5587,1.04566
24.5602,1.04569
24.5617,1.04571
24.5632,1.04574
24.5647,1.04576
24.5662,1.04579
24.5677,1.04581
24.5692,1.04584
24.5707,1.04587
24.5722,1.04589
24.5737,1.04592
24.5752,1.04595
24.5767,1.04598
24.5782,1.04601
24.5797,1.04605
24.5812,1.04608
24.5827,1.04611
24.5842,1.04615
24.5857,1.04619
24.5872,1.04622
24.5887,1.04626
24.5902,1.04631
24.5917,1.04635
24.5932,1.04639
24.5947,1.04644
24.5962,1.04648
24.5977,1.04653
24.5992,1.04658
24.6007,1.04663
24.6022,1.04668
24.6037,1.04674
24.6052,1.04679
24.6067,1.04685
24.6082,1.0469
24.6097,1.04696
24.6112,1.04702
24.6127,1.04708
24.6142,1.04715
24.6157,1.04721
24.6172,1.04728
24.6187,1.04734
24.6202,1.04741
24.6217,1.04747
24.6232,1.04754
24.6247,1.04761
24.6262,1.04768
24.6277,1.04775
24.6292,1.04782
24.6307,1.04789
24.6322,1.04796
24.6337,1.04803
24.6352,1.0481
24.6367,1.04817
24.6382,1.04824
24.6397,1.04831
24.6412,1.04838
24.6427,1.04845
24.6442,1.04852
24.6457,1.04859
24.6472,1.04865
24.6487,1.04872
24.6502,1.04878
24.6516,1.04884
24.6531,1.0489
24.6546,1.04896
24.6561,1.04902
24.6576,1.04908
24.6591,1.04913
24.6606,1.04918
24.6621,1.04923
24.6636,1.04928
24.6651,1.04932
24.6666,1.04936
24.6681,1.0494
24.6696,1.04943
24.6711,1.04947
24.6726,1.0495
24.6741,1.04952
24.6756,1.04955
24.6771,1.04957
24.6786,1.04958
24.6801,1.0496
24.6816,1.04961
24.6831,1.04962
24.6846,1.04962
24.6861,1.04962
24.6876,1.04962
24.6891,1.04962
24.6906,1.04962
24.6921,1.04961
24.6936,1.04959
24.6951,1.04958
24.6966,1.04956
24.6981,1.04954
24.6996,1.04952
24.7011,1.0495
24.7026,1.04947
24.7041,1.04944
24.7056,1.04941
24.7071,1.04938
24.7086,1.04934
24.7101,1.04931
24.7116,1.04927
24.7131,1.04923
24.7146,1.04919
24.7161,1.04915
24.7176,1.04911
24.7191,1.04907
24.7206,1.04903
24.7221,1.04899
24.7236,1.04894
24.7251,1.0489
24.7266,1.04886
24.7281,1.04881
24.7296,1.04877
24.7311,1.04873
24.7326,1.04868
24.7341,1.04864
24.7356,1.0486
24.7371,1.04855
24.7386,1.04851
24.7401,1.04847
24.7416,1.04843
24.7431,1.04839
24.7446,1.04835
24.7461,1.04831
24.7476,1.04827
24.7491,1.04823
24.7506,1.04819
24.7521,1.04816
24.7536,1.04812
24.7551,1.04808
24.7566,1.04805
24.7581,1.04801
24.7596,1.04798
24.7611,1.04795
24.7626,1.04792
24.7641,1.04789
24.7656,1.04786
24.7671,1.04783
24.7686,1.0478
24.7701,1.04777
24.7716,1.04774
24.7731,1.04772
24.7746,1.04769
24.7761,1.04766
24.7776,1.04764
24.7791,1.04762
24.7806,1.04759
24.7821,1.04757
24.7836,1.04755
24.7851,1.04752
24.7866,1.04751
24.7881,1.04748
24.7896,1.04746
24.7911,1.04744
24.7926,1.04743
24.7941,1.04741
24.7956,1.04739
24.7971,1.04737
24.7986,1.04735
24.8001,1.04734
24.8016,1.04732
24.8031,1.0473
24.8046,1.04729
24.8061,1.04727
24.8076,1.04726
24.8091,1.04724
24.8106,1.04723
24.8121,1.04721
24.8136,1.0472
24.8151,1.04719
24.8166,1.04718
24.8181,1.04716
24.8196,1.04715
24.8211,1.04714
24.8226,1.04713
24.8241,1.04712
24.8256,1.0471
24.8271,1.04709
24.8286,1.04708
24.8301,1.04707
24.8316,1.04706
24.833,1.04705
24.8345,1.04704
24.836,1.04703
24.8375,1.04702
24.839,1.04701
24.8405,1.047
24.842,1.04699
24.8435,1.04698
24.845,1.04697
24.8465,1.04696
24.848,1.04695
24.8495,1.04694
24.851,1.04693
24.8525,1.04692
24.854,1.04691
24.8555,1.0469
24.857,1.04689
24.8585,1.04688
24.86,1.04687
24.8615,1.04686
24.863,1.04685
24.8645,1.04684
24.866,1.04683
24.8675,1.04681
24.869,1.0468
24.8705,1.04679
24.872,1.04678
24.8735,1.04677
24.875,1.04676
24.8765,1.04675
24.878,1.04673
24.8795,1.04672
24.881,1.04671
24.8825,1.0467
24.884,1.04669
24.8855,1.04668
24.887,1.04667
24.8885,1.04666
24.89,1.04665
24.8915,1.04664
24.893,1.04663
24.8945,1.04662
24.896,1.04661
24.8975,1.0466
24.899,1.04659
24.9005,1.04658
24.902,1.04657
24.9035,1.04657
24.905,1.04656
24.9065,1.04656
24.908,1.04655
24.9095,1.04654
24.911,1.04654
24.9125,1.04653
24.914,1.04653
24.9155,1.04653
24.917,1.04652
24.9185,1.04652
24.92,1.04652
24.9215,1.04652
24.923,1.04652
24.9245,1.04652
24.926,1.04652
24.9275,1.04652
24.929,1.04652
24.9305,1.04652
24.932,1.04653
24.9335,1.04653
24.935,1.04653
24.9365,1.04654
24.938,1.04655
24.9395,1.04655
24.941,1.04656
24.9425,1.04656
24.944,1.04657
24.9455,1.04657
24.947,1.04658
24.9485,1.04659
24.95,1.04659
24.9515,1.0466
24.953,1.04661
24.9545,1.04662
24.956,1.04662
24.9575,1.04663
24.959,1.04664
24.9605,1.04665
24.962,1.04665
24.9635,1.04666
24.965,1.04667
24.9665,1.04667
24.968,1.04668
24.9695,1.04669
24.971,1.0467
24.9725,1.04671
24.974,1.04671
24.9755,1.04672
24.977,1.04673
24.9785,1.04674
24.98,1.04675
24.9815,1.04676
24.983,1.04676
24.9845,1.04678
24.986,1.04679
24.9875,1.0468
24.989,1.04681
24.9905,1.04682
24.992,1.04683
24.9935,1.04684
24.995,1.04685
24.9965,1.04687
24.998,1.04688
24.9995,1.04689
25.001,1.04691
25.0025,1.04692
25.004,1.04693
25.0055,1.04695
25.007,1.04696
25.0085,1.04698
25.01,1.04699
25.0115,1.04701
25.013,1.04702
25.0145,1.04704
25.0159,1.04706
25.0174,1.04707
25.0189,1.04709
25.0204,1.04711
25.0219,1.04712
25.0234,1.04714
25.0249,1.04716
25.0264,1.04718
25.0279,1.0472
25.0294,1.04721
25.0309,1.04723
25.0324,1.04725
25.0339,1.04727
25.0354,1.04729
25.0369,1.04731
25.0384,1.04733
25.0399,1.04735
25.0414,1.04737
25.0429,1.04739
25.0444,1.04741
25.0459,1.04743
25.0474,1.04745
25.0489,1.04747
25.0504,1.0475
25.0519,1.04752
25.0534,1.04754
25.0549,1.04756
25.0564,1.04758
25.0579,1.0476
25.0594,1.04762
25.0609,1.04764
25.0624,1.04767
25.0639,1.04769
25.0654,1.04771
25.0669,1.04774
25.0684,1.04776
25.0699,1.04779
25.0714,1.04781
25.0729,1.04784
25.0744,1.04787
25.0759,1.04789
25.0774,1.04792
25.0789,1.04795
25.0804,1.04798
25.0819,1.04801
25.0834,1.04804
25.0849,1.04808
25.0864,1.04811
25.0879,1.04814
25.0894,1.04817
25.0909,1.04821
25.0924,1.04824
25.0939,1.04828
25.0954,1.04832
25.0969,1.04835
25.0984,1.04839
25.0999,1.04843
25.1014,1.04847
25.1029,1.04851
25.1044,1.04855
25.1059,1.0486
25.1074,1.04864
25.1089,1.04869
25.1104,1.04873
25.1119,1.04878
25.1134,1.04882
25.1149,1.04887
25.1164,1.04892
25.1179,1.04897
25.1194,1.04902
25.1209,1.04907
25.1224,1.04912
25.1239,1.04917
25.1254,1.04923
25.1269,1.04928
25.1284,1.04933
25.1299,1.04939
25.1314,1.04944
25.1329,1.0495
25.1344,1.04955
25.1359,1.04961
25.1374,1.04966
25.1389,1.04972
25.1404,1.04978
25.1419,1.04984
25.1434,1.0499
25.1449,1.04996
25.1464,1.05002
25.1479,1.05008
25.1494,1.05015
25.1509,1.05021
25.1524,1.05028
25.1539,1.05034
25.1554,1.05041
25.1569,1.05048
25.1584,1.05054
25.1599,1.05061
25.1614,1.05068
25.1629,1.05075
25.1644,1.05083
25.1659,1.0509
25.1674,1.05097
25.1689,1.05104
25.1704,1.05112
25.1719,1.05119
25.1734,1.05126
25.1749,1.05134
25.1764,1.05141
25.1779,1.05148
25.1794,1.05156
25.1809,1.05163
25.1824,1.0517
25.1839,1.05177
25.1854,1.05184
25.1869,1.05191
25.1884,1.05198
25.1899,1.05205
25.1914,1.05211
25.1929,1.05218
25.1944,1.05225
25.1959,1.05231
25.1973,1.05237
25.1988,1.05243
25.2003,1.05249
25.2018,1.05255
25.2033,1.05261
25.2048,1.05266
25.2063,1.05272
25.2078,1.05277
25.2093,1.05282
25.2108,1.05287
25.2123,1.05292
25.2138,1.05297
25.2153,1.05301
25.2168,1.05305
25.2183,1.0531
25.2198,1.05314
25.2213,1.05317
25.2228,1.05321
25.2243,1.05324
25.2258,1.05328
25.2273,1.05331
25.2288,1.05334
25.2303,1.05336
25.2318,1.05339
25.2333,1.05342
25.2348,1.05344
25.2363,1.05346
25.2378,1.05348
25.2393,1.05351
25.2408,1.05352
25.2423,1.05354
25.2438,1.05356
25.2453,1.05358
25.2468,1.05359
25.2483,1.0536
25.2498,1.05362
25.2513,1.05363
25.2528,1.05364
25.2543,1.05366
25.2558,1.05367
25.2573,1.05368
25.2588,1.05369
25.2603,1.0537
25.2618,1.05371
25.2633,1.05371
25.2648,1.05372
25.2663,1.05373
25.2678,1.05374
25.2693,1.05374
25.2708,1.05375
25.2723,1.05376
25.2738,1.05376
25.2753,1.05377
25.2768,1.05378
25.2783,1.05378
25.2798,1.05379
25.2813,1.0538
25.2828,1.05381
25.2843,1.05381
25.2858,1.05382
25.2873,1.05383
25.2888,1.05384
25.2903,1.05385
25.2918,1.05386
25.2933,1.05387
25.2948,1.05388
25.2963,1.05389
25.2978,1.0539
25.2993,1.05391
25.3008,1.05392
25.3023,1.05393
25.3038,1.05394
25.3053,1.05395
25.3068,1.05397
25.3083,1.05398
25.3098,1.05399
25.3113,1.054
25.3128,1.05401
25.3143,1.05403
25.3158,1.05404
25.3173,1.05406
25.3188,1.05407
25.3203,1.05408
25.3218,1.05409
25.3233,1.05411
25.3248,1.05412
25.3263,1.05413
25.3278,1.05415
25.3293,1.05416
25.3308,1.05417
25.3323,1.05418
25.3338,1.0542
25.3353,1.05421
25.3368,1.05422
25.3383,1.05423
25.3398,1.05424
25.3413,1.05425
25.3428,1.05427
25.3443,1.05428
25.3458,1.05429
25.3473,1.05429
25.3488,1.0543
25.3503,1.05431
25.3518,1.05432
25.3533,1.05433
25.3548,1.05434
25.3563,1.05435
25.3578,1.05437
25.3593,1.05438
25.3608,1.05439
25.3623,1.0544
25.3638,1.05441
25.3653,1.05442
25.3668,1.05444
25.3683,1.05445
25.3698,1.05447
25.3713,1.05448
25.3728,1.0545
25.3743,1.05451
25.3758,1.05453
25.3773,1.05455
25.3787,1.05457
25.3802,1.05459
25.3817,1.05462
25.3832,1.05464
25.3847,1.05467
25.3862,1.05469
25.3877,1.05472
25.3892,1.05475
25.3907,1.05478
25.3922,1.05481
25.3937,1.05484
25.3952,1.05488
25.3967,1.05491
25.3982,1.05494
25.3997,1.05498
25.4012,1.05501
25.4027,1.05505
25.4042,1.05508
25.4057,1.05511
25.4072,1.05515
25.4087,1.05518
25.4102,1.05521
25.4117,1.05524
25.4132,1.05527
25.4147,1.0553
25.4162,1.05533
25.4177,1.05536
25.4192,1.05539
25.4207,1.05541
25.4222,1.05544
25.4237,1.05546
25.4252,1.05548
25.4267,1.0555
25.4282,1.05552
25.4297,1.05553
25.4312,1.05555
25.4327,1.05556
25.4342,1.05557
25.4357,1.05558
25.4372,1.05559
25.4387,1.05559
25.4402,1.0556
25.4417,1.0556
25.4432,1.0556
25.4447,1.05559
25.4462,1.05559
25.4477,1.05558
25.4492,1.05557
25.4507,1.05556
25.4522,1.05555
25.4537,1.05553
25.4552,1.05552
25.4567,1.0555
25.4582,1.05548
25.4597,1.05546
25.4612,1.05543
25.4627,1.05541
25.4642,1.05538
25.4657,1.05535
25.4672,1.05533
25.4687,1.0553
25.4702,1.05527
25.4717,1.05524
25.4732,1.0552
25.4747,1.05517
25.4762,1.05514
25.4777,1.05511
25.4792,1.05507
25.4807,1.05504
25.4822,1.05501
25.4837,1.05497
25.4852,1.05494
25.4867,1.05491
25.4882,1.05487
25.4897,1.05484
25.4912,1.05481
25.4927,1.05478
25.4942,1.05475
25.4957,1.05471
25.4972,1.05468
25.4987,1.05465
25.5002,1.05462
25.5017,1.05459
25.5032,1.05456
25.5047,1.05453
25.5062,1.0545
25.5077,1.05447
25.5092,1.05444
25.5107,1.05442
25.5122,1.05439
25.5137,1.05436
25.5152,1.05433
25.5167,1.05431
25.5182,1.05428
25.5197,1.05426
25.5212,1.05423
25.5227,1.05421
25.5242,1.05418
25.5257,1.05416
25.5272,1.05414
25.5287,1.05411
25.5302,1.05409
25.5317,1.05407
25.5332,1.05404
25.5347,1.05402
25.5362,1.054
25.5377,1.05398
25.5392,1.05396
25.5407,1.05394
25.5422,1.05391
25.5437,1.05389
25.5452,1.05387
25.5467,1.05385
25.5482,1.05383
25.5497,1.05381
25.5512,1.05379
25.5527,1.05377
25.5542,1.05375
25.5557,1.05373
25.5572,1.05371
25.5587,1.05369
25.5602,1.05367
25.5616,1.05365
25.5631,1.05363
25.5646,1.05361
25.5661,1.05359
25.5676,1.05357
25.5691,1.05355
25.5706,1.05353
25.5721,1.05351
25.5736,1.05349
25.5751,1.05347
25.5766,1.05344
25.5781,1.05343
25.5796,1.0534
25.5811,1.05338
25.5826,1.05336
25.5841,1.05334
25.5856,1.05332
25.5871,1.05329
25.5886,1.05327
25.5901,1.05325
25.5916,1.05323
25.5931,1.0532
25.5946,1.05318
25.5961,1.05315
25.5976,1.05313
25.5991,1.0531
25.6006,1.05308
25.6021,1.05305
25.6036,1.05302
25.6051,1.053
25.6066,1.05297
25.6081,1.05294
25.6096,1.05292
25.6111,1.05289
25.6126,1.05286
25.6141,1.05283
25.6156,1.0528
25.6171,1.05277
25.6186,1.05274
25.6201,1.05271
25.6216,1.05268
25.6231,1.05265
25.6246,1.05262
25.6261,1.05259
25.6276,1.05256
25.6291,1.05253
25.6306,1.0525
25.6321,1.05246
25.6336,1.05243
25.6351,1.0524
25.6366,1.05237
25.6381,1.05234
25.6396,1.0523
25.6411,1.05227
25.6426,1.05224
25.6441,1.05221
25.6456,1.05217
25.6471,1.05214
25.6486,1.05211
25.6501,1.05208
25.6516,1.05205
25.6531,1.05202
25.6546,1.05198
25.6561,1.05195
25.6576,1.05192
25.6591,1.05189
25.6606,1.05186
25.6621,1.05183
25.6636,1.0518
25.6651,1.05177
25.6666,1.05174
25.6681,1.05171
25.6696,1.05168
25.6711,1.05166
25.6726,1.05163
25.6741,1.0516
25.6756,1.05158
25.6771,1.05155
25.6786,1.05152
25.6801,1.0515
25.6816,1.05147
25.6831,1.05145
25.6846,1.05142
25.6861,1.0514
25.6876,1.05137
25.6891,1.05135
25.6906,1.05133
25.6921,1.05131
25.6936,1.05128
25.6951,1.05126
25.6966,1.05124
25.6981,1.05122
25.6996,1.0512
25.7011,1.05118
25.7026,1.05116
25.7041,1.05115
25.7056,1.05113
25.7071,1.05111
25.7086,1.0511
25.7101,1.05108
25.7116,1.05107
25.7131,1.05105
25.7146,1.05104
25.7161,1.05103
25.7176,1.05101
25.7191,1.051
25.7206,1.05099
25.7221,1.05098
25.7236,1.05097
25.7251,1.05097
25.7266,1.05096
25.7281,1.05096
25.7296,1.05095
25.7311,1.05095
25.7326,1.05095
25.7341,1.05095
25.7356,1.05095
25.7371,1.05095
25.7386,1.05095
25.7401,1.05095
25.7416,1.05095
25.743,1.05096
25.7445,1.05096
25.746,1.05097
25.7475,1.05098
25.749,1.05099
25.7505,1.05099
25.752,1.05101
25.7535,1.05102
25.755,1.05103
25.7565,1.05104
25.758,1.05106
25.7595,1.05107
25.761,1.05109
25.7625,1.05111
25.764,1.05112
25.7655,1.05114
25.767,1.05116
25.7685,1.05118
25.77,1.0512
25.7715,1.05122
25.773,1.05124
25.7745,1.05126
25.776,1.05128
25.7775,1.0513
25.779,1.05132
25.7805,1.05134
25.782,1.05136
25.7835,1.05138
25.785,1.0514
25.7865,1.05143
25.788,1.05145
25.7895,1.05147
25.791,1.05149
25.7925,1.05151
25.794,1.05153
25.7955,1.05154
25.797,1.05156
25.7985,1.05158
25.8,1.0516
25.8015,1.05162
25.803,1.05163
25.8045,1.05165
25.806,1.05166
25.8075,1.05168
25.809,1.05169
25.8105,1.05171
25.812,1.05172
25.8135,1.05173
25.815,1.05175
25.8165,1.05176
25.818,1.05177
25.8195,1.05179
25.821,1.0518
25.8225,1.05181
25.824,1.05182
25.8255,1.05183
25.827,1.05185
25.8285,1.05186
25.83,1.05187
25.8315,1.05189
25.833,1.0519
25.8345,1.05191
25.836,1.05193
25.8375,1.05194
25.839,1.05195
25.8405,1.05197
25.842,1.05198
25.8435,1.052
25.845,1.05201
25.8465,1.05203
25.848,1.05204
25.8495,1.05206
25.851,1.05208
25.8525,1.0521
25.854,1.05211
25.8555,1.05213
25.857,1.05215
25.8585,1.05217
25.86,1.05218
25.8615,1.0522
25.863,1.05222
25.8645,1.05224
25.866,1.05226
25.8675,1.05228
25.869,1.0523
25.8705,1.05232
25.872,1.05234
25.8735,1.05236
25.875,1.05238
25.8765,1.0524
25.878,1.05242
25.8795,1.05244
25.881,1.05247
25.8825,1.05249
25.884,1.05251
25.8855,1.05254
25.887,1.05256
25.8885,1.05258
25.89,1.05261
25.8915,1.05263
25.893,1.05266
25.8945,1.05269
25.896,1.05271
25.8975,1.05274
25.899,1.05277
25.9005,1.0528
25.902,1.05283
25.9035,1.05285
25.905,1.05288
25.9065,1.05291
25.908,1.05294
25.9095,1.05297
25.911,1.053
25.9125,1.05303
25.914,1.05306
25.9155,1.05309
25.917,1.05312
25.9185,1.05314
25.92,1.05317
25.9215,1.0532
25.923,1.05322
25.9244,1.05325
25.9259,1.05327
25.9274,1.0533
25.9289,1.05332
25.9304,1.05334
25.9319,1.05336
25.9334,1.05338
25.9349,1.0534
25.9364,1.05342
25.9379,1.05344
25.9394,1.05345
25.9409,1.05346
25.9424,1.05348
25.9439,1.05349
25.9454,1.0535
25.9469,1.05351
25.9484,1.05351
25.9499,1.05352
25.9514,1.05352
25.9529,1.05352
25.9544,1.05352
25.9559,1.05352
25.9574,1.05352
25.9589,1.05352
25.9604,1.05351
25.9619,1.0535
25.9634,1.05349
25.9649,1.05348
25.9664,1.05347
25.9679,1.05346
25.9694,1.05345
25.9709,1.05343
25.9724,1.05342
25.9739,1.0534
25.9754,1.05338
25.9769,1.05336
25.9784,1.05334
25.9799,1.05331
25.9814,1.05329
25.9829,1.05326
25.9844,1.05324
25.9859,1.05321
25.9874,1.05318
25.9889,1.05315
25.9904,1.05312
25.9919,1.05309
25.9934,1.05306
25.9949,1.05303
25.9964,1.05299
25.9979,1.05296
25.9994,1.05293
26.0009,1.05289
26.0024,1.05285
26.0039,1.05282
26.0054,1.05278
26.0069,1.05274
26.0084,1.05271
26.0099,1.05267
26.0114,1.05263
26.0129,1.0526
26.0144,1.05256
26.0159,1.05252
26.0174,1.05248
26.0189,1.05244
26.0204,1.05241
26.0219,1.05237
26.0234,1.05233
26.0249,1.0523
26.0264,1.05226
26.0279,1.05223
26.0294,1.05219
26.0309,1.05216
26.0324,1.05213
26.0339,1.0521
26.0354,1.05207
26.0369,1.05204
26.0384,1.05201
26.0399,1.05198
26.0414,1.05196
26.0429,1.05193
26.0444,1.05191
26.0459,1.05189
26.0474,1.05187
26.0489,1.05185
26.0504,1.05183
26.0519,1.05182
26.0534,1.0518
26.0549,1.05179
26.0564,1.05178
26.0579,1.05177
26.0594,1.05176
26.0609,1.05176
26.0624,1.05175
26.0639,1.05175
26.0654,1.05175
26.0669,1.05175
26.0684,1.05175
26.0699,1.05175
26.0714,1.05175
26.0729,1.05176
26.0744,1.05176
26.0759,1.05177
26.0774,1.05177
26.0789,1.05178
26.0804,1.05178
26.0819,1.05179
26.0834,1.0518
26.0849,1.0518
26.0864,1.05181
26.0879,1.05182
26.0894,1.05182
26.0909,1.05183
26.0924,1.05183
26.0939,1.05184
26.0954,1.05184
26.0969,1.05184
26.0984,1.05184
26.0999,1.05184
26.1014,1.05184
26.1029,1.05183
26.1044,1.05183
26.1059,1.05182
26.1073,1.05181
26.1088,1.0518
26.1103,1.05179
26.1118,1.05178
26.1133,1.05177
26.1148,1.05175
26.1163,1.05173
26.1178,1.05171
26.1193,1.05169
26.1208,1.05166
26.1223,1.05164
26.1238,1.05161
26.1253,1.05158
26.1268,1.05155
26.1283,1.05152
26.1298,1.05148
26.1313,1.05145
26.1328,1.05141
26.1343,1.05137
26.1358,1.05133
26.1373,1.05129
26.1388,1.05125
26.1403,1.05121
26.1418,1.05116
26.1433,1.05112
26.1448,1.05107
26.1463,1.05103
26.1478,1.05098
26.1493,1.05094
26.1508,1.05089
26.1523,1.05084
26.1538,1.0508
26.1553,1.05075
26.1568,1.05071
26.1583,1.05066
26.1598,1.05061
26.1613,1.05057
26.1628,1.05052
26.1643,1.05048
26.1658,1.05043
26.1673,1.05038
26.1688,1.05034
26.1703,1.05029
26.1718,1.05024
26.1733,1.0502
26.1748,1.05015
26.1763,1.0501
26.1778,1.05005
26.1793,1.05
26.1808,1.04996
26.1823,1.04991
26.1838,1.04986
26.1853,1.04981
26.1868,1.04977
26.1883,1.04972
26.1898,1.04968
26.1913,1.04963
26.1928,1.04959
26.1943,1.04954
26.1958,1.0495
26.1973,1.04946
26.1988,1.04942
26.2003,1.04938
26.2018,1.04935
26.2033,1.04931
26.2048,1.04927
26.2063,1.04924
26.2078,1.04921
26.2093,1.04918
26.2108,1.04915
26.2123,1.04912
26.2138,1.0491
26.2153,1.04907
26.2168,1.04905
26.2183,1.04903
26.2198,1.049
26.2213,1.04898
26.2228,1.04896
26.2243,1.04895
26.2258,1.04893
26.2273,1.04891
26.2288,1.0489
26.2303,1.04888
26.2318,1.04887
26.2333,1.04886
26.2348,1.04884
26.2363,1.04883
26.2378,1.04882
26.2393,1.0488
26.2408,1.04879
26.2423,1.04878
26.2438,1.04876
26.2453,1.04875
26.2468,1.04873
26.2483,1.04872
26.2498,1.0487
26.2513,1.04868
26.2528,1.04866
26.2543,1.04864
26.2558,1.04862
26.2573,1.04859
26.2588,1.04857
26.2603,1.04855
26.2618,1.04852
26.2633,1.04849
26.2648,1.04846
26.2663,1.04844
26.2678,1.04841
26.2693,1.04837
26.2708,1.04834
26.2723,1.04831
26.2738,1.04827
26.2753,1.04824
26.2768,1.0482
26.2783,1.04817
26.2798,1.04813
26.2813,1.04809
26.2828,1.04806
26.2843,1.04802
26.2858,1.04798
26.2873,1.04794
26.2887,1.0479
26.2902,1.04786
26.2917,1.04782
26.2932,1.04779
26.2947,1.04775
26.2962,1.04771
26.2977,1.04767
26.2992,1.04763
26.3007,1.04759
26.3022,1.04755
26.3037,1.04752
26.3052,1.04748
26.3067,1.04744
26.3082,1.0474
26.3097,1.04737
26.3112,1.04733
26.3127,1.04729
26.3142,1.04726
26.3157,1.04723
26.3172,1.04719
26.3187,1.04716
26.3202,1.04712
26.3217,1.04709
26.3232,1.04706
26.3247,1.04703
26.3262,1.047
26.3277,1.04697
26.3292,1.04694
26.3307,1.04691
26.3322,1.04689
26.3337,1.04686
26.3352,1.04683
26.3367,1.04681
26.3382,1.04678
26.3397,1.04676
26.3412,1.04673
26.3427,1.04671
26.3442,1.04669
26.3457,1.04667
26.3472,1.04665
26.3487,1.04663
26.3502,1.04661
26.3517,1.04659
26.3532,1.04657
26.3547,1.04655
26.3562,1.04653
26.3577,1.04651
26.3592,1.04649
26.3607,1.04647
26.3622,1.04646
26.3637,1.04644
26.3652,1.04642
26.3667,1.0464
26.3682,1.04638
26.3697,1.04637
26.3712,1.04635
26.3727,1.04633
26.3742,1.04631
26.3757,1.0463
26.3772,1.04628
26.3787,1.04626
26.3802,1.04624
26.3817,1.04622
26.3832,1.0462
26.3847,1.04618
26.3862,1.04616
26.3877,1.04615
26.3892,1.04612
26.3907,1.04611
26.3922,1.04609
26.3937,1.04607
26.3952,1.04605
26.3967,1.04603
26.3982,1.04601
26.3997,1.04599
26.4012,1.04597
26.4027,1.04595
26.4042,1.04593
26.4057,1.04591
26.4072,1.04589
26.4087,1.04587
26.4102,1.04586
26.4117,1.04584
26.4132,1.04582
26.4147,1.0458
26.4162,1.04578
26.4177,1.04576
26.4192,1.04575
26.4207,1.04573
26.4222,1.04571
26.4237,1.0457
26.4252,1.04568
26.4267,1.04567
26.4282,1.04565
26.4297,1.04563
26.4312,1.04562
26.4327,1.04561
26.4342,1.04559
26.4357,1.04558
26.4372,1.04556
26.4387,1.04555
26.4402,1.04554
26.4417,1.04553
26.4432,1.04552
26.4447,1.04551
26.4462,1.0455
26.4477,1.04548
26.4492,1.04548
26.4507,1.04547
26.4522,1.04546
26.4537,1.04545
26.4552,1.04544
26.4567,1.04543
26.4582,1.04543
26.4597,1.04542
26.4612,1.04541
26.4627,1.04541
26.4642,1.0454
26.4657,1.04539
26.4672,1.04539
26.4687,1.04539
26.4701,1.04538
26.4716,1.04538
26.4731,1.04537
26.4746,1.04537
26.4761,1.04537
26.4776,1.04537
26.4791,1.04536
26.4806,1.04536
26.4821,1.04536
26.4836,1.04536
26.4851,1.04536
26.4866,1.04536
26.4881,1.04536
26.4896,1.04536
26.4911,1.04536
26.4926,1.04536
26.4941,1.04536
26.4956,1.04536
26.4971,1.04537
26.4986,1.04537
26.5001,1.04537
26.5016,1.04537
26.5031,1.04538
26.5046,1.04538
26.5061,1.04538
26.5076,1.04539
26.5091,1.04539
26.5106,1.04539
26.5121,1.0454
26.5136,1.0454
26.5151,1.04541
26.5166,1.04541
26.5181,1.04542
26.5196,1.04542
26.5211,1.04542
26.5226,1.04543
26.5241,1.04544
26.5256,1.04544
26.5271,1.04544
26.5286,1.04545
26.5301,1.04546
26.5316,1.04546
26.5331,1.04546
26.5346,1.04546
26.5361,1.04547
26.5376,1.04547
26.5391,1.04548
26.5406,1.04548
26.5421,1.04549
26.5436,1.04549
26.5451,1.04549
26.5466,1.04549
26.5481,1.0455
26.5496,1.0455
26.5511,1.0455
26.5526,1.0455
26.5541,1.0455
26.5556,1.04551
26.5571,1.04551
26.5586,1.04551
26.5601,1.04551
26.5616,1.04551
26.5631,1.0455
26.5646,1.0455
26.5661,1.0455
26.5676,1.0455
26.5691,1.0455
26.5706,1.0455
26.5721,1.04549
26.5736,1.04549
26.5751,1.04549
26.5766,1.04548
26.5781,1.04548
26.5796,1.04548
26.5811,1.04547
26.5826,1.04547
26.5841,1.04546
26.5856,1.04546
26.5871,1.04545
26.5886,1.04545
26.5901,1.04544
26.5916,1.04543
26.5931,1.04542
26.5946,1.04542
26.5961,1.04541
26.5976,1.0454
26.5991,1.04539
26.6006,1.04538
26.6021,1.04537
26.6036,1.04536
26.6051,1.04535
26.6066,1.04533
26.6081,1.04532
26.6096,1.04531
26.6111,1.0453
26.6126,1.04528
26.6141,1.04527
26.6156,1.04526
26.6171,1.04524
26.6186,1.04523
26.6201,1.04522
26.6216,1.0452
26.6231,1.04519
26.6246,1.04517
26.6261,1.04516
26.6276,1.04515
26.6291,1.04514
26.6306,1.04512
26.6321,1.04511
26.6336,1.0451
26.6351,1.04509
26.6366,1.04508
26.6381,1.04507
26.6396,1.04506
26.6411,1.04505
26.6426,1.04504
26.6441,1.04503
26.6456,1.04503
26.6471,1.04502
26.6486,1.04502
26.6501,1.04502
26.6516,1.04502
26.653,1.04502
26.6545,1.04502
26.656,1.04502
26.6575,1.04503
26.659,1.04503
26.6605,1.04504
26.662,1.04505
26.6635,1.04506
26.665,1.04508
26.6665,1.04509
26.668,1.04511
26.6695,1.04513
26.671,1.04515
26.6725,1.04517
26.674,1.0452
26.6755,1.04522
26.677,1.04525
26.6785,1.04528
26.68,1.04531
26.6815,1.04535
26.683,1.04538
26.6845,1.04542
26.686,1.04546
26.6875,1.0455
26.689,1.04554
26.6905,1.04558
26.692,1.04562
26.6935,1.04567
26.695,1.04571
26.6965,1.04576
26.698,1.0458
26.6995,1.04585
26.701,1.04589
26.7025,1.04594
26.704,1.04598
26.7055,1.04602
26.707,1.04607
26.7085,1.04611
26.71,1.04615
26.7115,1.04618
26.713,1.04622
26.7145,1.04626
26.716,1.04629
26.7175,1.04632
26.719,1.04635
26.7205,1.04637
26.722,1.0464
26.7235,1.04642
26.725,1.04645
26.7265,1.04647
26.728,1.04649
26.7295,1.0465
26.731,1.04652
26.7325,1.04653
26.734,1.04654
26.7355,1.04656
26.737,1.04656
26.7385,1.04657
26.74,1.04658
26.7415,1.04658
26.743,1.04659
26.7445,1.04659
26.746,1.0466
26.7475,1.0466
26.749,1.0466
26.7505,1.0466
26.752,1.0466
26.7535,1.0466
26.755,1.0466
26.7565,1.0466
26.758,1.04659
26.7595,1.04659
26.761,1.04659
26.7625,1.04658
26.764,1.04658
26.7655,1.04657
26.767,1.04657
26.7685,1.04656
26.77,1.04656
26.7715,1.04655
26.773,1.04654
26.7745,1.04653
26.776,1.04653
26.7775,1.04652
26.779,1.04651
26.7805,1.0465
26.782,1.04649
26.7835,1.04648
26.785,1.04648
26.7865,1.04647
26.788,1.04646
26.7895,1.04645
26.791,1.04644
26.7925,1.04643
26.794,1.04642
26.7955,1.04641
26.797,1.0464
26.7985,1.0464
26.8,1.04639
26.8015,1.04638
26.803,1.04637
26.8045,1.04636
26.806,1.04635
26.8075,1.04635
26.809,1.04634
26.8105,1.04633
26.812,1.04633
26.8135,1.04632
26.815,1.04632
26.8165,1.04631
26.818,1.04631
26.8195,1.04631
26.821,1.0463
26.8225,1.0463
26.824,1.0463
26.8255,1.0463
26.827,1.0463
26.8285,1.0463
26.83,1.04631
26.8315,1.04631
26.833,1.04631
26.8344,1.04632
26.8359,1.04633
26.8374,1.04633
26.8389,1.04634
26.8404,1.04635
26.8419,1.04636
26.8434,1.04637
26.8449,1.04638
26.8464,1.0464
26.8479,1.04641
26.8494,1.04643
26.8509,1.04644
26.8524,1.04646
26.8539,1.04648
26.8554,1.0465
26.8569,1.04652
26.8584,1.04654
26.8599,1.04657
26.8614,1.04659
26.8629,1.04662
26.8644,1.04664
26.8659,1.04667
26.8674,1.0467
26.8689,1.04673
26.8704,1.04676
26.8719,1.0468
26.8734,1.04683
26.8749,1.04686
26.8764,1.0469
26.8779,1.04694
26.8794,1.04697
26.8809,1.04701
26.8824,1.04705
26.8839,1.04709
26.8854,1.04713
26.8869,1.04717
26.8884,1.04721
26.8899,1.04725
26.8914,1.04729
26.8929,1.04733
26.8944,1.04738
26.8959,1.04742
26.8974,1.04746
26.8989,1.04751
26.9004,1.04755
26.9019,1.04759
26.9034,1.04764
26.9049,1.04768
26.9064,1.04773
26.9079,1.04777
26.9094,1.04782
26.9109,1.04786
26.9124,1.04791
26.9139,1.04795
26.9154,1.048
26.9169,1.04805
26.9184,1.04809
26.9199,1.04814
26.9214,1.04818
26.9229,1.04823
26.9244,1.04828
26.9259,1.04832
26.9274,1.04837
26.9289,1.04841
26.9304,1.04846
26.9319,1.0485
26.9334,1.04855
26.9349,1.04859
26.9364,1.04864
26.9379,1.04868
26.9394,1.04872
26.9409,1.04877
26.9424,1.04881
26.9439,1.04885
26.9454,1.04889
26.9469,1.04892
26.9484,1.04896
26.9499,1.04899
26.9514,1.04903
26.9529,1.04906
26.9544,1.04909
26.9559,1.04912
26.9574,1.04915
26.9589,1.04918
26.9604,1.04921
26.9619,1.04923
26.9634,1.04925
26.9649,1.04928
26.9664,1.0493
26.9679,1.04932
26.9694,1.04933
26.9709,1.04935
26.9724,1.04936
26.9739,1.04938
26.9754,1.04939
26.9769,1.0494
26.9784,1.04941
26.9799,1.04942
26.9814,1.04943
26.9829,1.04944
26.9844,1.04944
26.9859,1.04945
26.9874,1.04945
26.9889,1.04946
26.9904,1.04946
26.9919,1.04947
26.9934,1.04947
26.9949,1.04948
26.9964,1.04948
26.9979,1.04949
26.9994,1.04949
27.0009,1.04949
27.0024,1.0495
27.0039,1.0495
27.0054,1.04951
27.0069,1.04951
27.0084,1.04952
27.0099,1.04953
27.0114,1.04953
27.0129,1.04954
27.0144,1.04955
27.0159,1.04956
27.0173,1.04957
27.0188,1.04958
27.0203,1.04959
27.0218,1.04959
27.0233,1.04961
27.0248,1.04962
27.0263,1.04963
27.0278,1.04964
27.0293,1.04966
27.0308,1.04967
27.0323,1.04969
27.0338,1.0497
27.0353,1.04972
27.0368,1.04973
27.0383,1.04975
27.0398,1.04977
27.0413,1.04979
27.0428,1.04981
27.0443,1.04984
27.0458,1.04986
27.0473,1.04989
27.0488,1.04991
27.0503,1.04994
27.0518,1.04997
27.0533,1.05
27.0548,1.05003
27.0563,1.05006
27.0578,1.0501
27.0593,1.05013
27.0608,1.05016
27.0623,1.0502
27.0638,1.05024
27.0653,1.05027
27.0668,1.05031
27.0683,1.05035
27.0698,1.05039
27.0713,1.05043
27.0728,1.05047
27.0743,1.05052
27.0758,1.05056
27.0773,1.0506
27.0788,1.05064
27.0803,1.05069
27.0818,1.05073
27.0833,1.05077
27.0848,1.05081
27.0863,1.05086
27.0878,1.0509
27.0893,1.05094
27.0908,1.05099
27.0923,1.05103
27.0938,1.05107
27.0953,1.05111
27.0968,1.05115
27.0983,1.05119
27.0998,1.05124
27.1013,1.05128
27.1028,1.05132
27.1043,1.05136
27.1058,1.0514
27.1073,1.05143
27.1088,1.05147
27.1103,1.05151
27.1118,1.05155
27.1133,1.05159
27.1148,1.05163
27.1163,1.05166
27.1178,1.0517
27.1193,1.05174
27.1208,1.05178
27.1223,1.05182
27.1238,1.05186
27.1253,1.0519
27.1268,1.05194
27.1283,1.05198
27.1298,1.05202
27.1313,1.05207
27.1328,1.05211
27.1343,1.05216
27.1358,1.0522
27.1373,1.05225
27.1388,1.0523
27.1403,1.05235
27.1418,1.0524
27.1433,1.05246
27.1448,1.05251
27.1463,1.05257
27.1478,1.05262
27.1493,1.05268
27.1508,1.05274
27.1523,1.0528
27.1538,1.05287
27.1553,1.05293
27.1568,1.053
27.1583,1.05306
27.1598,1.05313
27.1613,1.0532
27.1628,1.05327
27.1643,1.05334
27.1658,1.05342
27.1673,1.05349
27.1688,1.05357
27.1703,1.05364
27.1718,1.05372
27.1733,1.0538
27.1748,1.05388
27.1763,1.05396
27.1778,1.05404
27.1793,1.05413
27.1808,1.05421
27.1823,1.05429
27.1838,1.05438
27.1853,1.05446
27.1868,1.05454
27.1883,1.05463
27.1898,1.05472
27.1913,1.0548
27.1928,1.05489
27.1943,1.05497
27.1958,1.05506
27.1973,1.05514
27.1987,1.05523
27.2002,1.05531
27.2017,1.0554
27.2032,1.05548
27.2047,1.05556
27.2062,1.05565
27.2077,1.05573
27.2092,1.05581
27.2107,1.05589
27.2122,1.05598
27.2137,1.05605
27.2152,1.05613
27.2167,1.05621
27.2182,1.05629
27.2197,1.05637
27.2212,1.05644
27.2227,1.05651
27.2242,1.05659
27.2257,1.05666
27.2272,1.05673
27.2287,1.0568
27.2302,1.05686
27.2317,1.05693
27.2332,1.05699
27.2347,1.05706
27.2362,1.05712
27.2377,1.05718
27.2392,1.05724
27.2407,1.05729
27.2422,1.05735
27.2437,1.0574
27.2452,1.05746
27.2467,1.05751
27.2482,1.05756
27.2497,1.0576
27.2512,1.05765
27.2527,1.0577
27.2542,1.05775
27.2557,1.05779
27.2572,1.05784
27.2587,1.05788
27.2602,1.05793
27.2617,1.05797
27.2632,1.05801
27.2647,1.05806
27.2662,1.0581
27.2677,1.05814
27.2692,1.05819
27.2707,1.05823
27.2722,1.05828
27.2737,1.05833
27.2752,1.05837
27.2767,1.05842
27.2782,1.05847
27.2797,1.05852
27.2812,1.05857
27.2827,1.05862
27.2842,1.05868
27.2857,1.05873
27.2872,1.05878
27.2887,1.05884
27.2902,1.05889
27.2917,1.05895
27.2932,1.05901
27.2947,1.05906
27.2962,1.05912
27.2977,1.05917
27.2992,1.05923
27.3007,1.05928
27.3022,1.05934
27.3037,1.05939
27.3052,1.05944
27.3067,1.0595
27.3082,1.05955
27.3097,1.0596
27.3112,1.05965
27.3127,1.0597
27.3142,1.05975
27.3157,1.05979
27.3172,1.05984
27.3187,1.05988
27.3202,1.05993
27.3217,1.05997
27.3232,1.06001
27.3247,1.06005
27.3262,1.06009
27.3277,1.06013
27.3292,1.06016
27.3307,1.0602
27.3322,1.06023
27.3337,1.06027
27.3352,1.0603
27.3367,1.06033
27.3382,1.06036
27.3397,1.06039
27.3412,1.06041
27.3427,1.06044
27.3442,1.06046
27.3457,1.06049
27.3472,1.06051
27.3487,1.06053
27.3502,1.06055
27.3517,1.06057
27.3532,1.0606
27.3547,1.06062
27.3562,1.06064
27.3577,1.06065
27.3592,1.06067
27.3607,1.06069
27.3622,1.06071
27.3637,1.06073
27.3652,1.06075
27.3667,1.06076
27.3682,1.06078
27.3697,1.0608
27.3712,1.06082
27.3727,1.06083
27.3742,1.06085
27.3757,1.06087
27.3772,1.06089
27.3787,1.0609
27.3801,1.06092
27.3816,1.06094
27.3831,1.06096
27.3846,1.06097
27.3861,1.06099
27.3876,1.06101
27.3891,1.06103
27.3906,1.06104
27.3921,1.06106
27.3936,1.06108
27.3951,1.06109
27.3966,1.06111
27.3981,1.06113
27.3996,1.06115
27.4011,1.06116
27.4026,1.06118
27.4041,1.06119
27.4056,1.06121
27.4071,1.06123
27.4086,1.06124
27.4101,1.06126
27.4116,1.06127
27.4131,1.06129
27.4146,1.0613
27.4161,1.06132
27.4176,1.06133
27.4191,1.06134
27.4206,1.06136
27.4221,1.06137
27.4236,1.06138
27.4251,1.06139
27.4266,1.0614
27.4281,1.06141
27.4296,1.06142
27.4311,1.06143
27.4326,1.06144
27.4341,1.06145
27.4356,1.06146
27.4371,1.06147
27.4386,1.06147
27.4401,1.06148
27.4416,1.06148
27.4431,1.06149
27.4446,1.06149
27.4461,1.0615
27.4476,1.0615
27.4491,1.0615
27.4506,1.0615
27.4521,1.0615
27.4536,1.0615
27.4551,1.0615
27.4566,1.0615
27.4581,1.0615
27.4596,1.06149
27.4611,1.06149
27.4626,1.06149
27.4641,1.06148
27.4656,1.06148
27.4671,1.06147
27.4686,1.06146
27.4701,1.06146
27.4716,1.06145
27.4731,1.06144
27.4746,1.06143
27.4761,1.06142
27.4776,1.06141
27.4791,1.0614
27.4806,1.06139
27.4821,1.06138
27.4836,1.06138
27.4851,1.06136
27.4866,1.06135
27.4881,1.06134
27.4896,1.06133
27.4911,1.06132
27.4926,1.06131
27.4941,1.0613
27.4956,1.06129
27.4971,1.06128
27.4986,1.06127
27.5001,1.06126
27.5016,1.06125
27.5031,1.06124
27.5046,1.06123
27.5061,1.06122
27.5076,1.06121
27.5091,1.0612
27.5106,1.06119
27.5121,1.06118
27.5136,1.06117
27.5151,1.06116
27.5166,1.06116
27.5181,1.06115
27.5196,1.06114
27.5211,1.06113
27.5226,1.06112
27.5241,1.06111
27.5256,1.0611
27.5271,1.06109
27.5286,1.06108
27.5301,1.06107
27.5316,1.06106
27.5331,1.06105
27.5346,1.06104
27.5361,1.06103
27.5376,1.06102
27.5391,1.061
27.5406,1.06099
27.5421,1.06098
27.5436,1.06096
27.5451,1.06095
27.5466,1.06094
27.5481,1.06092
27.5496,1.06091
27.5511,1.06089
27.5526,1.06088
27.5541,1.06086
27.5556,1.06084
27.5571,1.06082
27.5586,1.06081
27.5601,1.06079
27.5616,1.06077
27.563,1.06075
27.5645,1.06073
27.566,1.06071
27.5675,1.06069
27.569,1.06067
27.5705,1.06065
27.572,1.06063
27.5735,1.06061
27.575,1.06059
27.5765,1.06057
27.578,1.06055
27.5795,1.06053
27.581,1.06051
27.5825,1.0605
27.584,1.06048
27.5855,1.06046
27.587,1.06044
27.5885,1.06043
27.59,1.06041
27.5915,1.0604
27.593,1.06038
27.5945,1.06037
27.596,1.06036
27.5975,1.06035
27.599,1.06034
27.6005,1.06033
27.602,1.06032
27.6035,1.06031
27.605,1.06031
27.6065,1.06031
27.608,1.06031
27.6095,1.0603
27.611,1.06031
27.6125,1.06031
27.614,1.06031
27.6155,1.06032
27.617,1.06033
27.6185,1.06034
27.62,1.06035
27.6215,1.06036
27.623,1.06037
27.6245,1.06039
27.626,1.06041
27.6275,1.06042
27.629,1.06044
27.6305,1.06046
27.632,1.06049
27.6335,1.06051
27.635,1.06053
27.6365,1.06056
27.638,1.06058
27.6395,1.06061
27.641,1.06064
27.6425,1.06066
27.644,1.06069
27.6455,1.06072
27.647,1.06074
27.6485,1.06077
27.65,1.0608
27.6515,1.06082
27.653,1.06085
27.6545,1.06087
27.656,1.0609
27.6575,1.06092
27.659,1.06094
27.6605,1.06096
27.662,1.06098
27.6635,1.06099
27.665,1.06101
27.6665,1.06102
27.668,1.06103
27.6695,1.06104
27.671,1.06105
27.6725,1.06105
27.674,1.06106
27.6755,1.06106
27.677,1.06106
27.6785,1.06106
27.68,1.06105
27.6815,1.06104
27.683,1.06103
27.6845,1.06102
27.686,1.06101
27.6875,1.06099
27.689,1.06097
27.6905,1.06095
27.692,1.06093
27.6935,1.0609
27.695,1.06088
27.6965,1.06085
27.698,1.06082
27.6995,1.06079
27.701,1.06075
27.7025,1.06071
27.704,1.06068
27.7055,1.06064
27.707,1.0606
27.7085,1.06055
27.71,1.06051
27.7115,1.06046
27.713,1.06042
27.7145,1.06037
27.716,1.06032
27.7175,1.06027
27.719,1.06022
27.7205,1.06017
27.722,1.06012
27.7235,1.06006
27.725,1.06001
27.7265,1.05996
27.728,1.05991
27.7295,1.05985
27.731,1.0598
27.7325,1.05975
27.734,1.0597
27.7355,1.05964
27.737,1.05959
27.7385,1.05954
27.74,1.05949
27.7415,1.05944
27.743,1.05938
27.7444,1.05933
27.7459,1.05928
27.7474,1.05923
27.7489,1.05919
27.7504,1.05914
27.7519,1.05909
27.7534,1.05904
27.7549,1.059
27.7564,1.05895
27.7579,1.05891
27.7594,1.05886
27.7609,1.05882
27.7624,1.05878
27.7639,1.05873
27.7654,1.05869
27.7669,1.05865
27.7684,1.05861
27.7699,1.05857
27.7714,1.05853
27.7729,1.05849
27.7744,1.05845
27.7759,1.05841
27.7774,1.05838
27.7789,1.05834
27.7804,1.0583
27.7819,1.05827
27.7834,1.05823
27.7849,1.05819
27.7864,1.05816
27.7879,1.05812
27.7894,1.05809
27.7909,1.05805
27.7924,1.05802
27.7939,1.05798
27.7954,1.05795
27.7969,1.05792
27.7984,1.05788
27.7999,1.05785
27.8014,1.05781
27.8029,1.05778
27.8044,1.05775
27.8059,1.05771
27.8074,1.05768
27.8089,1.05764
27.8104,1.05761
27.8119,1.05758
27.8134,1.05754
27.8149,1.0575
27.8164,1.05747
27.8179,1.05744
27.8194,1.0574
27.8209,1.05737
27.8224,1.05733
27.8239,1.0573
27.8254,1.05726
27.8269,1.05723
27.8284,1.05719
27.8299,1.05716
27.8314,1.05712
27.8329,1.05708
27.8344,1.05705
27.8359,1.05701
27.8374,1.05698
27.8389,1.05694
27.8404,1.05691
27.8419,1.05687
27.8434,1.05684
27.8449,1.0568
27.8464,1.05677
27.8479,1.05673
27.8494,1.05669
27.8509,1.05666
27.8524,1.05662
27.8539,1.05659
27.8554,1.05655
27.8569,1.05652
27.8584,1.05649
27.8599,1.05645
27.8614,1.05642
27.8629,1.05639
27.8644,1.05635
27.8659,1.05632
27.8674,1.05629
27.8689,1.05625
27.8704,1.05622
27.8719,1.05619
27.8734,1.05616
27.8749,1.05613
27.8764,1.0561
27.8779,1.05607
27.8794,1.05604
27.8809,1.05601
27.8824,1.05598
27.8839,1.05595
27.8854,1.05592
27.8869,1.05589
27.8884,1.05587
27.8899,1.05584
27.8914,1.05581
27.8929,1.05579
27.8944,1.05576
27.8959,1.05574
27.8974,1.05572
27.8989,1.05569
27.9004,1.05567
27.9019,1.05565
27.9034,1.05563
27.9049,1.0556
27.9064,1.05558
27.9079,1.05556
27.9094,1.05555
27.9109,1.05553
27.9124,1.05551
27.9139,1.05549
27.9154,1.05548
27.9169,1.05546
27.9184,1.05544
27.9199,1.05543
27.9214,1.05542
27.9229,1.0554
27.9244,1.05539
27.9258,1.05538
27.9273,1.05536
27.9288,1.05536
27.9303,1.05534
27.9318,1.05533
27.9333,1.05533
27.9348,1.05532
27.9363,1.05531
27.9378,1.0553
27.9393,1.05529
27.9408,1.05529
27.9423,1.05528
27.9438,1.05527
27.9453,1.05527
27.9468,1.05526
27.9483,1.05526
27.9498,1.05526
27.9513,1.05525
27.9528,1.05525
27.9543,1.05525
27.9558,1.05525
27.9573,1.05524
27.9588,1.05524
27.9603,1.05524
27.9618,1.05524
27.9633,1.05524
27.9648,1.05524
27.9663,1.05524
27.9678,1.05524
27.9693,1.05524
27.9708,1.05524
27.9723,1.05525
27.9738,1.05525
27.9753,1.05525
27.9768,1.05525
27.9783,1.05525
27.9798,1.05526
27.9813,1.05526
27.9828,1.05526
27.9843,1.05527
27.9858,1.05527
27.9873,1.05527
27.9888,1.05528
27.9903,1.05528
27.9918,1.05529
27.9933,1.05529
27.9948,1.05529
27.9963,1.05529
27.9978,1.0553
27.9993,1.0553
28.0008,1.0553
28.0023,1.05531
28.0038,1.05531
28.0053,1.05531
28.0068,1.05531
28.0083,1.05531
28.0098,1.05531
28.0113,1.05531
28.0128,1.05531
28.0143,1.05531
28.0158,1.05531
28.0173,1.05531
28.0188,1.05531
28.0203,1.05531
28.0218,1.05531
28.0233,1.05531
28.0248,1.0553
28.0263,1.0553
28.0278,1.05529
28.0293,1.05529
28.0308,1.05529
28.0323,1.05528
28.0338,1.05527
28.0353,1.05527
28.0368,1.05526
28.0383,1.05525
28.0398,1.05525
28.0413,1.05524
28.0428,1.05523
28.0443,1.05522
28.0458,1.05521
28.0473,1.0552
28.0488,1.05519
28.0503,1.05517
28.0518,1.05516
28.0533,1.05515
28.0548,1.05513
28.0563,1.05512
28.0578,1.0551
28.0593,1.05508
28.0608,1.05506
28.0623,1.05504
28.0638,1.05502
28.0653,1.055
28.0668,1.05498
28.0683,1.05496
28.0698,1.05494
28.0713,1.05491
28.0728,1.05489
28.0743,1.05486
28.0758,1.05484
28.0773,1.05481
28.0788,1.05478
28.0803,1.05475
28.0818,1.05472
28.0833,1.05469
28.0848,1.05466
28.0863,1.05463
28.0878,1.05459
28.0893,1.05456
28.0908,1.05453
28.0923,1.05449
28.0938,1.05446
28.0953,1.05442
28.0968,1.05438
28.0983,1.05435
28.0998,1.05431
28.1013,1.05427
28.1028,1.05423
28.1043,1.0542
28.1058,1.05416
28.1073,1.05412
28.1087,1.05408
28.1102,1.05404
28.1117,1.054
28.1132,1.05396
28.1147,1.05392
28.1162,1.05387
28.1177,1.05383
28.1192,1.05379
28.1207,1.05375
28.1222,1.05371
28.1237,1.05366
28.1252,1.05362
28.1267,1.05358
28.1282,1.05353
28.1297,1.05349
28.1312,1.05344
28.1327,1.0534
28.1342,1.05336
28.1357,1.05331
28.1372,1.05327
28.1387,1.05323
28.1402,1.05318
28.1417,1.05314
28.1432,1.05309
28.1447,1.05305
28.1462,1.053
28.1477,1.05296
28.1492,1.05292
28.1507,1.05287
28.1522,1.05283
28.1537,1.05279
28.1552,1.05274
28.1567,1.0527
28.1582,1.05266
28.1597,1.05261
28.1612,1.05257
28.1627,1.05253
28.1642,1.05249
28.1657,1.05245
28.1672,1.0524
28.1687,1.05236
28.1702,1.05232
28.1717,1.05228
28.1732,1.05224
28.1747,1.0522
28.1762,1.05217
28.1777,1.05213
28.1792,1.05209
28.1807,1.05205
28.1822,1.05202
28.1837,1.05198
28.1852,1.05194
28.1867,1.05191
28.1882,1.05187
28.1897,1.05184
28.1912,1.05181
28.1927,1.05177
28.1942,1.05174
28.1957,1.05171
28.1972,1.05168
28.1987,1.05165
28.2002,1.05161
28.2017,1.05158
28.2032,1.05155
28.2047,1.05153
28.2062,1.0515
28.2077,1.05147
28.2092,1.05144
28.2107,1.05142
28.2122,1.05139
28.2137,1.05136
28.2152,1.05134
28.2167,1.05131
28.2182,1.05129
28.2197,1.05126
28.2212,1.05124
28.2227,1.05122
28.2242,1.0512
28.2257,1.05117
28.2272,1.05115
28.2287,1.05113
28.2302,1.05111
28.2317,1.05109
28.2332,1.05107
28.2347,1.05105
28.2362,1.05103
28.2377,1.05102
28.2392,1.051
28.2407,1.05098
28.2422,1.05097
28.2437,1.05095
28.2452,1.05094
28.2467,1.05092
28.2482,1.05091
28.2497,1.0509
28.2512,1.05088
28.2527,1.05087
28.2542,1.05086
28.2557,1.05085
28.2572,1.05084
28.2587,1.05083
28.2602,1.05082
28.2617,1.05081
28.2632,1.0508
28.2647,1.05079
28.2662,1.05079
28.2677,1.05078
28.2692,1.05078
28.2707,1.05077
28.2722,1.05077
28.2737,1.05076
28.2752,1.05076
28.2767,1.05076
28.2782,1.05076
28.2797,1.05076
28.2812,1.05076
28.2827,1.05076
28.2842,1.05076
28.2857,1.05077
28.2872,1.05077
28.2887,1.05078
28.2901,1.05078
28.2916,1.05079
28.2931,1.0508
28.2946,1.0508
28.2961,1.05081
28.2976,1.05082
28.2991,1.05083
28.3006,1.05085
28.3021,1.05086
28.3036,1.05087
28.3051,1.05088
28.3066,1.0509
28.3081,1.05092
28.3096,1.05093
28.3111,1.05095
28.3126,1.05097
28.3141,1.05099
28.3156,1.05101
28.3171,1.05103
28.3186,1.05105
28.3201,1.05108
28.3216,1.0511
28.3231,1.05113
28.3246,1.05115
28.3261,1.05118
28.3276,1.05121
28.3291,1.05124
28.3306,1.05127
28.3321,1.0513
28.3336,1.05133
28.3351,1.05137
28.3366,1.0514
28.3381,1.05144
28.3396,1.05147
28.3411,1.05151
28.3426,1.05155
28.3441,1.05159
28.3456,1.05163
28.3471,1.05168
28.3486,1.05172
28.3501,1.05176
28.3516,1.05181
28.3531,1.05185
28.3546,1.0519
28.3561,1.05195
28.3576,1.052
28.3591,1.05205
28.3606,1.0521
28.3621,1.05215
28.3636,1.05221
28.3651,1.05226
28.3666,1.05232
28.3681,1.05237
28.3696,1.05243
28.3711,1.05249
28.3726,1.05255
28.3741,1.05261
28.3756,1.05267
28.3771,1.05273
28.3786,1.05279
28.3801,1.05286
28.3816,1.05292
28.3831,1.05298
28.3846,1.05305
28.3861,1.05312
28.3876,1.05318
28.3891,1.05325
28.3906,1.05332
28.3921,1.05339
28.3936,1.05346
28.3951,1.05353
28.3966,1.0536
28.3981,1.05367
28.3996,1.05374
28.4011,1.05381
28.4026,1.05388
28.4041,1.05396
28.4056,1.05403
28.4071,1.05411
28.4086,1.05418
28.4101,1.05425
28.4116,1.05433
28.4131,1.0544
28.4146,1.05448
28.4161,1.05455
28.4176,1.05463
28.4191,1.05471
28.4206,1.05478
28.4221,1.05486
28.4236,1.05494
28.4251,1.05501
28.4266,1.05509
28.4281,1.05517
28.4296,1.05524
28.4311,1.05532
28.4326,1.0554
28.4341,1.05547
28.4356,1.05555
28.4371,1.05563
28.4386,1.0557
28.4401,1.05577
28.4416,1.05585
28.4431,1.05592
28.4446,1.05599
28.4461,1.05607
28.4476,1.05614
28.4491,1.05621
28.4506,1.05627
28.4521,1.05634
28.4536,1.05641
28.4551,1.05648
28.4566,1.05654
28.4581,1.0566
28.4596,1.05666
28.4611,1.05673
28.4626,1.05678
28.4641,1.05684
28.4656,1.0569
28.4671,1.05695
28.4686,1.05701
28.4701,1.05706
28.4715,1.05711
28.473,1.05716
28.4745,1.05721
28.476,1.05725
28.4775,1.0573
28.479,1.05734
28.4805,1.05739
28.482,1.05743
28.4835,1.05747
28.485,1.05751
28.4865,1.05754
28.488,1.05758
28.4895,1.05762
28.491,1.05765
28.4925,1.05768
28.494,1.05772
28.4955,1.05775
28.497,1.05778
28.4985,1.05781
28.5,1.05784
28.5015,1.05787
28.503,1.0579
28.5045,1.05792
28.506,1.05795
28.5075,1.05798
28.509,1.058
28.5105,1.05803
28.512,1.05805
28.5135,1.05807
28.515,1.0581
28.5165,1.05812
28.518,1.05814
28.5195,1.05817
28.521,1.05819
28.5225,1.05821
28.524,1.05823
28.5255,1.05825
28.527,1.05827
28.5285,1.0583
28.53,1.05832
28.5315,1.05834
28.533,1.05836
28.5345,1.05838
28.536,1.0584
28.5375,1.05842
28.539,1.05844
28.5405,1.05847
28.542,1.05849
28.5435,1.05851
28.545,1.05853
28.5465,1.05855
28.548,1.05857
28.5495,1.0586
28.551,1.05862
28.5525,1.05864
28.554,1.05866
28.5555,1.05869
28.557,1.05871
28.5585,1.05873
28.56,1.05876
28.5615,1.05878
28.563,1.05881
28.5645,1.05883
28.566,1.05886
28.5675,1.05888
28.569,1.05891
28.5705,1.05893
28.572,1.05896
28.5735,1.05899
28.575,1.05902
28.5765,1.05905
28.578,1.05907
28.5795,1.0591
28.581,1.05913
28.5825,1.05916
28.584,1.05919
28.5855,1.05922
28.587,1.05926
28.5885,1.05929
28.59,1.05932
28.5915,1.05935
28.593,1.05939
28.5945,1.05942
28.596,1.05946
28.5975,1.05949
28.599,1.05953
28.6005,1.05956
28.602,1.0596
28.6035,1.05964
28.605,1.05968
28.6065,1.05971
28.608,1.05975
28.6095,1.05979
28.611,1.05983
28.6125,1.05987
28.614,1.05991
28.6155,1.05995
28.617,1.05999
28.6185,1.06003
28.62,1.06007
28.6215,1.06011
28.623,1.06015
28.6245,1.06019
28.626,1.06023
28.6275,1.06027
28.629,1.06031
28.6305,1.06036
28.632,1.0604
28.6335,1.06044
28.635,1.06048
28.6365,1.06052
28.638,1.06056
28.6395,1.06061
28.641,1.06065
28.6425,1.06068
28.644,1.06073
28.6455,1.06077
28.647,1.06081
28.6485,1.06084
28.65,1.06088
28.6515,1.06092
28.653,1.06096
28.6544,1.06099
28.6559,1.06103
28.6574,1.06107
28.6589,1.0611
28.6604,1.06114
28.6619,1.06117
28.6634,1.0612
28.6649,1.06123
28.6664,1.06127
28.6679,1.0613
28.6694,1.06133
28.6709,1.06136
28.6724,1.06139
28.6739,1.06141
28.6754,1.06144
28.6769,1.06147
28.6784,1.06149
28.6799,1.06152
28.6814,1.06154
28.6829,1.06157
28.6844,1.06159
28.6859,1.06161
28.6874,1.06163
28.6889,1.06165
28.6904,1.06167
28.6919,1.06169
28.6934,1.06171
28.6949,1.06173
28.6964,1.06174
28.6979,1.06176
28.6994,1.06177
28.7009,1.06179
28.7024,1.0618
28.7039,1.06181
28.7054,1.06183
28.7069,1.06184
28.7084,1.06185
28.7099,1.06186
28.7114,1.06188
28.7129,1.06189
28.7144,1.0619
28.7159,1.06191
28.7174,1.06192
28.7189,1.06193
28.7204,1.06195
28.7219,1.06196
28.7234,1.06197
28.7249,1.06199
28.7264,1.062
28.7279,1.06202
28.7294,1.06203
28.7309,1.06205
28.7324,1.06207
28.7339,1.06209
28.7354,1.06211
28.7369,1.06213
28.7384,1.06215
28.7399,1.06217
28.7414,1.0622
28.7429,1.06222
28.7444,1.06225
28.7459,1.06227
28.7474,1.0623
28.7489,1.06233
28.7504,1.06236
28.7519,1.06239
28.7534,1.06242
28.7549,1.06245
28.7564,1.06248
28.7579,1.06251
28.7594,1.06255
28.7609,1.06258
28.7624,1.06261
28.7639,1.06264
28.7654,1.06268
28.7669,1.06271
28.7684,1.06274
28.7699,1.06277
28.7714,1.0628
28.7729,1.06283
28.7744,1.06286
28.7759,1.06289
28.7774,1.06292
28.7789,1.06295
28.7804,1.06298
28.7819,1.063
28.7834,1.06303
28.7849,1.06305
28.7864,1.06308
28.7879,1.0631
28.7894,1.06312
28.7909,1.06314
28.7924,1.06316
28.7939,1.06317
28.7954,1.06319
28.7969,1.0632
28.7984,1.06322
28.7999,1.06323
28.8014,1.06324
28.8029,1.06325
28.8044,1.06326
28.8059,1.06327
28.8074,1.06328
28.8089,1.06329
28.8104,1.0633
28.8119,1.0633
28.8134,1.06331
28.8149,1.06331
28.8164,1.06332
28.8179,1.06333
28.8194,1.06333
28.8209,1.06334
28.8224,1.06334
28.8239,1.06335
28.8254,1.06335
28.8269,1.06336
28.8284,1.06336
28.8299,1.06337
28.8314,1.06338
28.8329,1.06338
28.8344,1.06339
28.8358,1.0634
28.8373,1.06341
28.8388,1.06342
28.8403,1.06342
28.8418,1.06343
28.8433,1.06344
28.8448,1.06345
28.8463,1.06347
28.8478,1.06348
28.8493,1.06349
28.8508,1.0635
28.8523,1.06351
28.8538,1.06353
28.8553,1.06354
28.8568,1.06355
28.8583,1.06357
28.8598,1.06358
28.8613,1.0636
28.8628,1.06361
28.8643,1.06362
28.8658,1.06364
28.8673,1.06365
28.8688,1.06367
28.8703,1.06369
28.8718,1.0637
28.8733,1.06372
28.8748,1.06373
28.8763,1.06375
28.8778,1.06376
28.8793,1.06378
28.8808,1.06379
28.8823,1.06381
28.8838,1.06382
28.8853,1.06383
28.8868,1.06385
28.8883,1.06386
28.8898,1.06387
28.8913,1.06388
28.8928,1.06389
28.8943,1.0639
28.8958,1.06392
28.8973,1.06392
28.8988,1.06393
28.9003,1.06394
28.9018,1.06395
28.9033,1.06396
28.9048,1.06397
28.9063,1.06398
28.9078,1.06398
28.9093,1.06399
28.9108,1.064
28.9123,1.06401
28.9138,1.06402
28.9153,1.06402
28.9168,1.06403
28.9183,1.06404
28.9198,1.06404
28.9213,1.06405
28.9228,1.06406
28.9243,1.06407
28.9258,1.06407
28.9273,1.06408
28.9288,1.06409
28.9303,1.0641
28.9318,1.06411
28.9333,1.06412
28.9348,1.06413
28.9363,1.06414
28.9378,1.06415
28.9393,1.06416
28.9408,1.06417
28.9423,1.06418
28.9438,1.06419
28.9453,1.0642
28.9468,1.06422
28.9483,1.06423
28.9498,1.06425
28.9513,1.06426
28.9528,1.06428
28.9543,1.06429
28.9558,1.06431
28.9573,1.06432
28.9588,1.06434
28.9603,1.06436
28.9618,1.06437
28.9633,1.06439
28.9648,1.06441
28.9663,1.06443
28.9678,1.06444
28.9693,1.06446
28.9708,1.06448
28.9723,1.0645
28.9738,1.06452
28.9753,1.06454
28.9768,1.06455
28.9783,1.06457
28.9798,1.06459
28.9813,1.06461
28.9828,1.06463
28.9843,1.06465
28.9858,1.06467
28.9873,1.06469
28.9888,1.06471
28.9903,1.06472
28.9918,1.06474
28.9933,1.06476
28.9948,1.06478
28.9963,1.0648
28.9978,1.06482
28.9993,1.06483
29.0008,1.06485
29.0023,1.06487
29.0038,1.06489
29.0053,1.06491
29.0068,1.06492
29.0083,1.06494
29.0098,1.06496
29.0113,1.06498
29.0128,1.065
29.0143,1.06501
29.0158,1.06503
29.0173,1.06505
29.0187,1.06507
29.0202,1.06509
29.0217,1.06511
29.0232,1.06512
29.0247,1.06515
29.0262,1.06517
29.0277,1.06519
29.0292,1.06521
29.0307,1.06523
29.0322,1.06525
29.0337,1.06527
29.0352,1.06529
29.0367,1.06531
29.0382,1.06533
29.0397,1.06536
29.0412,1.06538
29.0427,1.06541
29.0442,1.06543
29.0457,1.06546
29.0472,1.06548
29.0487,1.06551
29.0502,1.06554
29.0517,1.06557
29.0532,1.0656
29.0547,1.06563
29.0562,1.06566
29.0577,1.06569
29.0592,1.06572
29.0607,1.06575
29.0622,1.06579
29.0637,1.06582
29.0652,1.06586
29.0667,1.06589
29.0682,1.06593
29.0697,1.06597
29.0712,1.066
29.0727,1.06604
29.0742,1.06608
29.0757,1.06612
29.0772,1.06616
29.0787,1.0662
29.0802,1.06624
29.0817,1.06628
29.0832,1.06633
29.0847,1.06637
29.0862,1.06641
29.0877,1.06645
29.0892,1.06649
29.0907,1.06653
29.0922,1.06657
29.0937,1.06662
29.0952,1.06666
29.0967,1.0667
29.0982,1.06674
29.0997,1.06678
29.1012,1.06682
29.1027,1.06685
29.1042,1.06689
29.1057,1.06693
29.1072,1.06697
29.1087,1.067
29.1102,1.06704
29.1117,1.06707
29.1132,1.06711
29.1147,1.06714
29.1162,1.06717
29.1177,1.0672
29.1192,1.06724
29.1207,1.06726
29.1222,1.06729
29.1237,1.06732
29.1252,1.06735
29.1267,1.06738
29.1282,1.0674
29.1297,1.06742
29.1312,1.06745
29.1327,1.06747
29.1342,1.06749
29.1357,1.06751
29.1372,1.06753
29.1387,1.06755
29.1402,1.06757
29.1417,1.06759
29.1432,1.0676
29.1447,1.06762
29.1462,1.06763
29.1477,1.06765
29.1492,1.06766
29.1507,1.06767
29.1522,1.06769
29.1537,1.0677
29.1552,1.06771
29.1567,1.06772
29.1582,1.06773
29.1597,1.06774
29.1612,1.06775
29.1627,1.06776
29.1642,1.06776
29.1657,1.06777
29.1672,1.06778
29.1687,1.06779
29.1702,1.06779
29.1717,1.0678
29.1732,1.06781
29.1747,1.06781
29.1762,1.06782
29.1777,1.06782
29.1792,1.06783
29.1807,1.06784
29.1822,1.06784
29.1837,1.06785
29.1852,1.06785
29.1867,1.06786
29.1882,1.06786
29.1897,1.06787
29.1912,1.06787
29.1927,1.06788
29.1942,1.06788
29.1957,1.06789
29.1972,1.06789
29.1987,1.06789
29.2001,1.0679
29.2016,1.0679
29.2031,1.06791
29.2046,1.06791
29.2061,1.06791
29.2076,1.06792
29.2091,1.06792
29.2106,1.06793
29.2121,1.06793
29.2136,1.06794
29.2151,1.06794
29.2166,1.06794
29.2181,1.06795
29.2196,1.06795
29.2211,1.06796
29.2226,1.06796
29.2241,1.06796
29.2256,1.06797
29.2271,1.06797
29.2286,1.06798
29.2301,1.06798
29.2316,1.06799
29.2331,1.06799
29.2346,1.06799
29.2361,1.068
29.2376,1.06801
29.2391,1.06801
29.2406,1.06802
29.2421,1.06802
29.2436,1.06803
29.2451,1.06803
29.2466,1.06804
29.2481,1.06804
29.2496,1.06805
29.2511,1.06806
29.2526,1.06806
29.2541,1.06807
29.2556,1.06808
29.2571,1.06808
29.2586,1.06809
29.2601,1.0681
29.2616,1.0681
29.2631,1.06811
29.2646,1.06812
29.2661,1.06813
29.2676,1.06813
29.2691,1.06814
29.2706,1.06815
29.2721,1.06816
29.2736,1.06816
29.2751,1.06817
29.2766,1.06818
29.2781,1.06819
29.2796,1.06819
29.2811,1.0682
29.2826,1.06821
29.2841,1.06822
29.2856,1.06822
29.2871,1.06823
29.2886,1.06824
29.2901,1.06824
29.2916,1.06825
29.2931,1.06825
29.2946,1.06826
29.2961,1.06827
29.2976,1.06827
29.2991,1.06828
29.3006,1.06828
29.3021,1.06829
29.3036,1.06829
29.3051,1.0683
29.3066,1.0683
29.3081,1.06831
29.3096,1.06831
29.3111,1.06832
29.3126,1.06832
29.3141,1.06833
29.3156,1.06833
29.3171,1.06834
29.3186,1.06834
29.3201,1.06835
29.3216,1.06835
29.3231,1.06835
29.3246,1.06836
29.3261,1.06836
29.3276,1.06837
29.3291,1.06837
29.3306,1.06838
29.3321,1.06838
29.3336,1.06838
29.3351,1.06839
29.3366,1.06839
29.3381,1.0684
29.3396,1.0684
29.3411,1.06841
29.3426,1.06841
29.3441,1.06842
29.3456,1.06842
29.3471,1.06843
29.3486,1.06843
29.3501,1.06844
29.3516,1.06844
29.3531,1.06845
29.3546,1.06846
29.3561,1.06847
29.3576,1.06847
29.3591,1.06848
29.3606,1.06848
29.3621,1.06849
29.3636,1.0685
29.3651,1.06851
29.3666,1.06852
29.3681,1.06852
29.3696,1.06853
29.3711,1.06854
29.3726,1.06854
29.3741,1.06855
29.3756,1.06856
29.3771,1.06856
29.3786,1.06857
29.3801,1.06858
29.3815,1.06858
29.383,1.06859
29.3845,1.06859
29.386,1.0686
29.3875,1.0686
29.389,1.0686
29.3905,1.06861
29.392,1.06861
29.3935,1.06861
29.395,1.06862
29.3965,1.06862
29.398,1.06862
29.3995,1.06862
29.401,1.06862
29.4025,1.06862
29.404,1.06862
29.4055,1.06862
29.407,1.06862
29.4085,1.06862
29.41,1.06862
29.4115,1.06862
29.413,1.06862
29.4145,1.06862
29.416,1.06862
29.4175,1.06862
29.419,1.06862
29.4205,1.06862
29.422,1.06862
29.4235,1.06862
29.425,1.06862
29.4265,1.06862
29.428,1.06863
29.4295,1.06863
29.431,1.06864
29.4325,1.06864
29.434,1.06865
29.4355,1.06866
29.437,1.06867
29.4385,1.06867
29.44,1.06868
29.4415,1.0687
29.443,1.06871
29.4445,1.06873
29.446,1.06874
29.4475,1.06876
29.449,1.06877
29.4505,1.06879
29.452,1.06881
29.4535,1.06883
29.455,1.06885
29.4565,1.06888
29.458,1.0689
29.4595,1.06893
29.461,1.06896
29.4625,1.06898
29.464,1.06902
29.4655,1.06905
29.467,1.06908
29.4685,1.06911
29.47,1.06915
29.4715,1.06919
29.473,1.06923
29.4745,1.06926
29.476,1.06931
29.4775,1.06935
29.479,1.06939
29.4805,1.06943
29.482,1.06947
29.4835,1.06951
29.485,1.06956
29.4865,1.0696
29.488,1.06964
29.4895,1.06969
29.491,1.06973
29.4925,1.06977
29.494,1.06981
29.4955,1.06985
29.497,1.06989
29.4985,1.06993
29.5,1.06997
29.5015,1.07001
29.503,1.07005
29.5045,1.07008
29.506,1.07012
29.5075,1.07015
29.509,1.07019
29.5105,1.07022
29.512,1.07025
29.5135,1.07029
29.515,1.07032
29.5165,1.07034
29.518,1.07037
29.5195,1.0704
29.521,1.07042
29.5225,1.07045
29.524,1.07047
29.5255,1.0705
29.527,1.07052
29.5285,1.07054
29.53,1.07056
29.5315,1.07058
29.533,1.0706
29.5345,1.07061
29.536,1.07063
29.5375,1.07064
29.539,1.07066
29.5405,1.07067
29.542,1.07068
29.5435,1.07069
29.545,1.0707
29.5465,1.07071
29.548,1.07072
29.5495,1.07072
29.551,1.07073
29.5525,1.07074
29.554,1.07074
29.5555,1.07075
29.557,1.07075
29.5585,1.07075
29.56,1.07075
29.5615,1.07075
29.563,1.07075
29.5644,1.07075
29.5659,1.07075
29.5674,1.07075
29.5689,1.07075
29.5704,1.07074
29.5719,1.07074
29.5734,1.07074
29.5749,1.07073
29.5764,1.07073
29.5779,1.07072
29.5794,1.07071
29.5809,1.07071
29.5824,1.0707
29.5839,1.0707
29.5854,1.07069
29.5869,1.07068
29.5884,1.07068
29.5899,1.07067
29.5914,1.07066
29.5929,1.07066
29.5944,1.07065
29.5959,1.07064
29.5974,1.07064
29.5989,1.07063
29.6004,1.07063
29.6019,1.07062
29.6034,1.07062
29.6049,1.07061
29.6064,1.07061
29.6079,1.07061
29.6094,1.07061
29.6109,1.0706
29.6124,1.0706
29.6139,1.0706
29.6154,1.0706
29.6169,1.0706
29.6184,1.07061
29.6199,1.07061
29.6214,1.07061
29.6229,1.07061
29.6244,1.07062
29.6259,1.07062
29.6274,1.07063
29.6289,1.07063
29.6304,1.07064
29.6319,1.07065
29.6334,1.07065
29.6349,1.07066
29.6364,1.07067
29.6379,1.07068
29.6394,1.07069
29.6409,1.0707
29.6424,1.0707
29.6439,1.07071
29.6454,1.07072
29.6469,1.07073
29.6484,1.07074
29.6499,1.07075
29.6514,1.07076
29.6529,1.07077
29.6544,1.07078
29.6559,1.07078
29.6574,1.07079
29.6589,1.0708
29.6604,1.07081
29.6619,1.07082
29.6634,1.07082
29.6649,1.07083
29.6664,1.07084
29.6679,1.07084
29.6694,1.07085
29.6709,1.07085
29.6724,1.07086
29.6739,1.07086
29.6754,1.07086
29.6769,1.07087
29.6784,1.07087
29.6799,1.07087
29.6814,1.07087
29.6829,1.07087
29.6844,1.07087
29.6859,1.07087
29.6874,1.07088
29.6889,1.07087
29.6904,1.07087
29.6919,1.07087
29.6934,1.07087
29.6949,1.07087
29.6964,1.07087
29.6979,1.07087
29.6994,1.07087
29.7009,1.07087
29.7024,1.07087
29.7039,1.07087
29.7054,1.07087
29.7069,1.07087
29.7084,1.07086
29.7099,1.07087
29.7114,1.07087
29.7129,1.07087
29.7144,1.07087
29.7159,1.07087
29.7174,1.07087
29.7189,1.07088
29.7204,1.07088
29.7219,1.07089
29.7234,1.07089
29.7249,1.0709
29.7264,1.07091
29.7279,1.07092
29.7294,1.07093
29.7309,1.07094
29.7324,1.07096
29.7339,1.07097
29.7354,1.07099
29.7369,1.071
29.7384,1.07102
29.7399,1.07104
29.7414,1.07106
29.7429,1.07109
29.7444,1.07111
29.7458,1.07113
29.7473,1.07116
29.7488,1.07118
29.7503,1.07121
29.7518,1.07124
29.7533,1.07127
29.7548,1.0713
29.7563,1.07133
29.7578,1.07136
29.7593,1.07139
29.7608,1.07142
29.7623,1.07146
29.7638,1.07149
29.7653,1.07153
29.7668,1.07156
29.7683,1.0716
29.7698,1.07164
29.7713,1.07168
29.7728,1.07171
29.7743,1.07175
29.7758,1.07179
29.7773,1.07183
29.7788,1.07187
29.7803,1.07191
29.7818,1.07195
29.7833,1.07199
29.7848,1.07203
29.7863,1.07208
29.7878,1.07212
29.7893,1.07216
29.7908,1.0722
29.7923,1.07225
29.7938,1.07229
29.7953,1.07234
29.7968,1.07238
29.7983,1.07242
29.7998,1.07247
29.8013,1.07251
29.8028,1.07256
29.8043,1.0726
29.8058,1.07265
29.8073,1.07269
29.8088,1.07274
29.8103,1.07278
29.8118,1.07283
29.8133,1.07287
29.8148,1.07292
29.8163,1.07296
29.8178,1.07301
29.8193,1.07306
29.8208,1.0731
29.8223,1.07315
29.8238,1.07319
29.8253,1.07324
29.8268,1.07328
29.8283,1.07333
29.8298,1.07337
29.8313,1.07342
29.8328,1.07346
29.8343,1.07351
29.8358,1.07355
29.8373,1.07359
29.8388,1.07363
29.8403,1.07367
29.8418,1.07371
29.8433,1.07375
29.8448,1.07379
29.8463,1.07383
29.8478,1.07387
29.8493,1.0739
29.8508,1.07393
29.8523,1.07397
29.8538,1.074
29.8553,1.07403
29.8568,1.07406
29.8583,1.07408
29.8598,1.07411
29.8613,1.07413
29.8628,1.07416
29.8643,1.07418
29.8658,1.0742
29.8673,1.07422
29.8688,1.07424
29.8703,1.07425
29.8718,1.07427
29.8733,1.07428
29.8748,1.0743
29.8763,1.07431
29.8778,1.07432
29.8793,1.07433
29.8808,1.07434
29.8823,1.07435
29.8838,1.07435
29.8853,1.07436
29.8868,1.07437
29.8883,1.07437
29.8898,1.07438
29.8913,1.07438
29.8928,1.07439
29.8943,1.07439
29.8958,1.07439
29.8973,1.07439
29.8988,1.0744
29.9003,1.0744
29.9018,1.0744
29.9033,1.0744
29.9048,1.0744
29.9063,1.0744
29.9078,1.0744
29.9093,1.0744
29.9108,1.0744
29.9123,1.0744
29.9138,1.0744
29.9153,1.0744
29.9168,1.0744
29.9183,1.0744
29.9198,1.0744
29.9213,1.0744
29.9228,1.0744
29.9243,1.0744
29.9258,1.0744
29.9272,1.0744
29.9287,1.07439
29.9302,1.07439
29.9317,1.07439
29.9332,1.07439
29.9347,1.07439
29.9362,1.07439
29.9377,1.07439
29.9392,1.07438
29.9407,1.07438
29.9422,1.07438
29.9437,1.07438
29.9452,1.07437
29.9467,1.07437
29.9482,1.07437
29.9497,1.07436
29.9512,1.07436
29.9527,1.07436
29.9542,1.07435
29.9557,1.07435
29.9572,1.07434
29.9587,1.07433
29.9602,1.07433
29.9617,1.07432
29.9632,1.07432
29.9647,1.07431
29.9662,1.0743
29.9677,1.07429
29.9692,1.07428
29.9707,1.07427
29.9722,1.07426
29.9737,1.07425
29.9752,1.07424
29.9767,1.07422
29.9782,1.07421
29.9797,1.07419
29.9812,1.07418
29.9827,1.07416
29.9842,1.07414
29.9857,1.07413
29.9872,1.07411
29.9887,1.07409
29.9902,1.07407
29.9917,1.07404
29.9932,1.07402
29.9947,1.074
29.9962,1.07398
29.9977,1.07395
29.9992,1.07393
30.0007,1.0739
30.0022,1.07388
30.0037,1.07385
30.0052,1.07382
30.0067,1.07379
30.0082,1.07376
30.0097,1.07373
30.0112,1.0737
30.0127,1.07367
30.0142,1.07364
30.0157,1.07361
30.0172,1.07358
30.0187,1.07354
30.0202,1.07351
30.0217,1.07348
30.0232,1.07345
30.0247,1.07341
30.0262,1.07338
30.0277,1.07334
30.0292,1.07331
30.0307,1.07328
30.0322,1.07324
30.0337,1.07321
30.0352,1.07317
30.0367,1.07314
30.0382,1.0731
30.0397,1.07307
30.0412,1.07303
30.0427,1.073
30.0442,1.07296
30.0457,1.07293
30.0472,1.07289
30.0487,1.07286
30.0502,1.07282
30.0517,1.07279
30.0532,1.07275
30.0547,1.07272
30.0562,1.07268
30.0577,1.07265
30.0592,1.07262
30.0607,1.07258
30.0622,1.07255
30.0637,1.07252
30.0652,1.07248
30.0667,1.07245
30.0682,1.07242
30.0697,1.07238
30.0712,1.07235
30.0727,1.07232
30.0742,1.07229
30.0757,1.07226
30.0772,1.07223
30.0787,1.07219
30.0802,1.07216
30.0817,1.07213
30.0832,1.0721
30.0847,1.07207
30.0862,1.07204
30.0877,1.07201
30.0892,1.07198
30.0907,1.07196
30.0922,1.07193
30.0937,1.0719
30.0952,1.07187
30.0967,1.07184
30.0982,1.07182
30.0997,1.07179
30.1012,1.07176
30.1027,1.07173
30.1042,1.07171
30.1057,1.07168
30.1072,1.07166
30.1087,1.07163
30.1101,1.07161
30.1116,1.07158
30.1131,1.07156
30.1146,1.07153
30.1161,1.07151
30.1176,1.07149
30.1191,1.07146
30.1206,1.07144
30.1221,1.07142
30.1236,1.0714
30.1251,1.07137
30.1266,1.07135
30.1281,1.07133
30.1296,1.07131
30.1311,1.07129
30.1326,1.07127
30.1341,1.07125
30.1356,1.07123
30.1371,1.07121
30.1386,1.07119
30.1401,1.07117
30.1416,1.07115
30.1431,1.07114
30.1446,1.07112
30.1461,1.0711
30.1476,1.07108
30.1491,1.07107
30.1506,1.07105
30.1521,1.07103
30.1536,1.07102
30.1551,1.071
30.1566,1.07098
30.1581,1.07097
30.1596,1.07095
30.1611,1.07094
30.1626,1.07092
30.1641,1.07091
30.1656,1.0709
30.1671,1.07088
30.1686,1.07087
30.1701,1.07085
30.1716,1.07084
30.1731,1.07083
30.1746,1.07082
30.1761,1.07081
30.1776,1.0708
30.1791,1.07079
30.1806,1.07078
30.1821,1.07077
30.1836,1.07076
30.1851,1.07075
30.1866,1.07074
30.1881,1.07074
30.1896,1.07073
30.1911,1.07073
30.1926,1.07072
30.1941,1.07072
30.1956,1.07071
30.1971,1.07071
30.1986,1.07071
30.2001,1.07071
30.2016,1.0707
30.2031,1.0707
30.2046,1.0707
30.2061,1.0707
30.2076,1.07071
30.2091,1.07071
30.2106,1.07071
30.2121,1.07071
30.2136,1.07071
30.2151,1.07072
30.2166,1.07072
30.2181,1.07073
30.2196,1.07073
30.2211,1.07073
30.2226,1.07074
30.2241,1.07075
30.2256,1.07075
30.2271,1.07076
30.2286,1.07077
30.2301,1.07077
30.2316,1.07078
30.2331,1.07079
30.2346,1.07079
30.2361,1.0708
30.2376,1.0708
30.2391,1.07081
30.2406,1.07082
30.2421,1.07082
30.2436,1.07083
30.2451,1.07083
30.2466,1.07084
30.2481,1.07084
30.2496,1.07085
30.2511,1.07085
30.2526,1.07085
30.2541,1.07086
30.2556,1.07086
30.2571,1.07086
30.2586,1.07086
30.2601,1.07087
30.2616,1.07087
30.2631,1.07087
30.2646,1.07087
30.2661,1.07087
30.2676,1.07087
30.2691,1.07087
30.2706,1.07086
30.2721,1.07086
30.2736,1.07086
30.2751,1.07086
30.2766,1.07086
30.2781,1.07085
30.2796,1.07085
30.2811,1.07085
30.2826,1.07084
30.2841,1.07084
30.2856,1.07083
30.2871,1.07083
30.2886,1.07082
30.2901,1.07082
30.2915,1.07081
30.293,1.07081
30.2945,1.0708
30.296,1.07079
30.2975,1.07079
30.299,1.07078
30.3005,1.07077
30.302,1.07077
30.3035,1.07076
30.305,1.07075
30.3065,1.07074
30.308,1.07073
30.3095,1.07073
30.311,1.07072
30.3125,1.07071
30.314,1.0707
30.3155,1.0707
30.317,1.07069
30.3185,1.07068
30.32,1.07067
30.3215,1.07066
30.323,1.07065
30.3245,1.07064
30.326,1.07063
30.3275,1.07062
30.329,1.07061
30.3305,1.0706
30.332,1.07058
30.3335,1.07057
30.335,1.07056
30.3365,1.07055
30.338,1.07054
30.3395,1.07052
30.341,1.07051
30.3425,1.07049
30.344,1.07048
30.3455,1.07046
30.347,1.07045
30.3485,1.07043
30.35,1.07042
30.3515,1.0704
30.353,1.07038
30.3545,1.07037
30.356,1.07035
30.3575,1.07033
30.359,1.07031
30.3605,1.07029
30.362,1.07027
30.3635,1.07025
30.365,1.07023
30.3665,1.07021
30.368,1.0702
30.3695,1.07017
30.371,1.07015
30.3725,1.07013
30.374,1.07011
30.3755,1.07009
30.377,1.07007
30.3785,1.07005
30.38,1.07003
30.3815,1.07001
30.383,1.06999
30.3845,1.06997
30.386,1.06995
30.3875,1.06993
30.389,1.06991
30.3905,1.06989
30.392,1.06987
30.3935,1.06985
30.395,1.06983
30.3965,1.06981
30.398,1.0698
30.3995,1.06978
30.401,1.06976
30.4025,1.06975
30.404,1.06973
30.4055,1.06972
30.407,1.0697
30.4085,1.06969
30.41,1.06967
30.4115,1.06966
30.413,1.06965
30.4145,1.06964
30.416,1.06962
30.4175,1.06961
30.419,1.0696
30.4205,1.06959
30.422,1.06958
30.4235,1.06958
30.425,1.06957
30.4265,1.06956
30.428,1.06955
30.4295,1.06955
30.431,1.06954
30.4325,1.06954
30.434,1.06953
30.4355,1.06953
30.437,1.06953
30.4385,1.06952
30.44,1.06952
30.4415,1.06952
30.443,1.06952
30.4445,1.06952
30.446,1.06952
30.4475,1.06952
30.449,1.06952
30.4505,1.06952
30.452,1.06952
30.4535,1.06952
30.455,1.06952
30.4565,1.06953
30.458,1.06953
30.4595,1.06953
30.461,1.06953
30.4625,1.06954
30.464,1.06954
30.4655,1.06954
30.467,1.06955
30.4685,1.06955
30.47,1.06956
30.4715,1.06956
30.4729,1.06957
30.4744,1.06957
30.4759,1.06958
30.4774,1.06958
30.4789,1.06959
30.4804,1.0696
30.4819,1.0696
30.4834,1.06961
30.4849,1.06962
30.4864,1.06962
30.4879,1.06963
30.4894,1.06963
30.4909,1.06964
30.4924,1.06965
30.4939,1.06965
30.4954,1.06966
30.4969,1.06967
30.4984,1.06968
30.4999,1.06968
30.5014,1.06969
30.5029,1.06969
30.5044,1.0697
30.5059,1.06971
30.5074,1.06971
30.5089,1.06972
30.5104,1.06973
30.5119,1.06973
30.5134,1.06974
30.5149,1.06975
30.5164,1.06975
30.5179,1.06976
30.5194,1.06976
30.5209,1.06977
30.5224,1.06978
30.5239,1.06978
30.5254,1.06979
30.5269,1.06979
30.5284,1.0698
30.5299,1.0698
30.5314,1.06981
30.5329,1.06981
30.5344,1.06982
30.5359,1.06982
30.5374,1.06983
30.5389,1.06983
30.5404,1.06983
30.5419,1.06984
30.5434,1.06984
30.5449,1.06985
30.5464,1.06985
30.5479,1.06985
30.5494,1.06986
30.5509,1.06986
30.5524,1.06986
30.5539,1.06987
30.5554,1.06987
30.5569,1.06987
30.5584,1.06988
30.5599,1.06988
30.5614,1.06989
30.5629,1.06989
30.5644,1.06989
30.5659,1.0699
30.5674,1.0699
30.5689,1.0699
30.5704,1.06991
30.5719,1.06991
30.5734,1.06992
30.5749,1.06992
30.5764,1.06993
30.5779,1.06993
30.5794,1.06994
30.5809,1.06994
30.5824,1.06995
30.5839,1.06996
30.5854,1.06996
30.5869,1.06997
30.5884,1.06998
30.5899,1.06998
30.5914,1.06999
30.5929,1.07
30.5944,1.07
30.5959,1.07001
30.5974,1.07002
30.5989,1.07002
30.6004,1.07003
30.6019,1.07004
30.6034,1.07005
30.6049,1.07005
30.6064,1.07006
30.6079,1.07007
30.6094,1.07007
30.6109,1.07008
30.6124,1.07009
30.6139,1.07009
30.6154,1.0701
30.6169,1.0701
30.6184,1.07011
30.6199,1.07011
30.6214,1.07012
30.6229,1.07012
30.6244,1.07013
30.6259,1.07013
30.6274,1.07013
30.6289,1.07014
30.6304,1.07014
30.6319,1.07014
30.6334,1.07015
30.6349,1.07015
30.6364,1.07015
30.6379,1.07015
30.6394,1.07015
30.6409,1.07016
30.6424,1.07016
30.6439,1.07016
30.6454,1.07016
30.6469,1.07016
30.6484,1.07016
30.6499,1.07015
30.6514,1.07015
30.6529,1.07015
30.6544,1.07015
30.6558,1.07015
30.6573,1.07015
30.6588,1.07014
30.6603,1.07014
30.6618,1.07014
30.6633,1.07014
30.6648,1.07013
30.6663,1.07013
30.6678,1.07012
30.6693,1.07012
30.6708,1.07012
30.6723,1.07011
30.6738,1.07011
30.6753,1.0701
30.6768,1.0701
30.6783,1.07009
30.6798,1.07009
30.6813,1.07008
30.6828,1.07007
30.6843,1.07007
30.6858,1.07006
30.6873,1.07006
30.6888,1.07005
30.6903,1.07004
30.6918,1.07004
30.6933,1.07003
30.6948,1.07002
30.6963,1.07001
30.6978,1.07001
30.6993,1.07
30.7008,1.06999
30.7023,1.06999
30.7038,1.06998
30.7053,1.06997
30.7068,1.06997
30.7083,1.06996
30.7098,1.06995
30.7113,1.06995
30.7128,1.06994
30.7143,1.06993
30.7158,1.06993
30.7173,1.06992
30.7188,1.06991
30.7203,1.06991
30.7218,1.0699
30.7233,1.06989
30.7248,1.06989
30.7263,1.06988
30.7278,1.06987
30.7293,1.06987
30.7308,1.06986
30.7323,1.06986
30.7338,1.06985
30.7353,1.06985
30.7368,1.06984
30.7383,1.06984
30.7398,1.06983
30.7413,1.06983
30.7428,1.06982
30.7443,1.06982
30.7458,1.06981
30.7473,1.06981
30.7488,1.0698
30.7503,1.0698
30.7518,1.0698
30.7533,1.06979
30.7548,1.06979
30.7563,1.06979
30.7578,1.06979
30.7593,1.06978
30.7608,1.06978
30.7623,1.06978
30.7638,1.06977
30.7653,1.06977
30.7668,1.06977
30.7683,1.06977
30.7698,1.06977
30.7713,1.06977
30.7728,1.06977
30.7743,1.06976
30.7758,1.06976
30.7773,1.06976
30.7788,1.06976
30.7803,1.06976
30.7818,1.06976
30.7833,1.06976
30.7848,1.06976
30.7863,1.06976
30.7878,1.06976
30.7893,1.06977
30.7908,1.06977
30.7923,1.06977
30.7938,1.06977
30.7953,1.06977
30.7968,1.06977
30.7983,1.06977
30.7998,1.06978
30.8013,1.06978
30.8028,1.06978
30.8043,1.06978
30.8058,1.06979
30.8073,1.06979
30.8088,1.06979
30.8103,1.0698
30.8118,1.0698
30.8133,1.0698
30.8148,1.06981
30.8163,1.06981
30.8178,1.06981
30.8193,1.06982
30.8208,1.06982
30.8223,1.06983
30.8238,1.06983
30.8253,1.06984
30.8268,1.06984
30.8283,1.06985
30.8298,1.06985
30.8313,1.06986
30.8328,1.06987
30.8343,1.06987
30.8358,1.06988
30.8372,1.06988
30.8387,1.06989
30.8402,1.06989
30.8417,1.0699
30.8432,1.06991
30.8447,1.06992
30.8462,1.06992
30.8477,1.06993
30.8492,1.06994
30.8507,1.06995
30.8522,1.06996
30.8537,1.06997
30.8552,1.06998
30.8567,1.06999
30.8582,1.06999
30.8597,1.07001
30.8612,1.07002
30.8627,1.07003
30.8642,1.07004
30.8657,1.07005
30.8672,1.07006
30.8687,1.07007
30.8702,1.07009
30.8717,1.0701
30.8732,1.07012
30.8747,1.07013
30.8762,1.07015
30.8777,1.07016
30.8792,1.07018
30.8807,1.0702
30.8822,1.07021
30.8837,1.07023
30.8852,1.07025
30.8867,1.07027
30.8882,1.07029
30.8897,1.07031
30.8912,1.07033
30.8927,1.07036
30.8942,1.07038
30.8957,1.0704
30.8972,1.07043
30.8987,1.07045
30.9002,1.07048
30.9017,1.07051
30.9032,1.07054
30.9047,1.07057
30.9062,1.07059
30.9077,1.07062
30.9092,1.07066
30.9107,1.07069
30.9122,1.07072
30.9137,1.07075
30.9152,1.07078
30.9167,1.07082
30.9182,1.07085
30.9197,1.07089
30.9212,1.07093
30.9227,1.07096
30.9242,1.071
30.9257,1.07104
30.9272,1.07107
30.9287,1.07111
30.9302,1.07115
30.9317,1.07119
30.9332,1.07123
30.9347,1.07126
30.9362,1.07131
30.9377,1.07134
30.9392,1.07138
30.9407,1.07142
30.9422,1.07146
30.9437,1.0715
30.9452,1.07154
30.9467,1.07157
30.9482,1.07161
30.9497,1.07165
30.9512,1.07169
30.9527,1.07172
30.9542,1.07176
30.9557,1.07179
30.9572,1.07183
30.9587,1.07186
30.9602,1.07189
30.9617,1.07193
30.9632,1.07196
30.9647,1.07199
30.9662,1.07202
30.9677,1.07205
30.9692,1.07208
30.9707,1.07211
30.9722,1.07214
30.9737,1.07217
30.9752,1.07219
30.9767,1.07222
30.9782,1.07225
30.9797,1.07227
30.9812,1.0723
30.9827,1.07232
30.9842,1.07235
30.9857,1.07237
30.9872,1.0724
30.9887,1.07242
30.9902,1.07244
30.9917,1.07246
30.9932,1.07249
30.9947,1.07251
30.9962,1.07253
30.9977,1.07255
30.9992,1.07257
31.0007,1.0726
31.0022,1.07262
31.0037,1.07264
31.0052,1.07266
31.0067,1.07268
31.0082,1.0727
31.0097,1.07273
31.0112,1.07275
31.0127,1.07277
31.0142,1.07279
31.0157,1.07282
31.0172,1.07284
31.0187,1.07286
31.0201,1.07288
31.0216,1.07291
31.0231,1.07293
31.0246,1.07295
31.0261,1.07298
31.0276,1.073
31.0291,1.07302
31.0306,1.07305
31.0321,1.07307
31.0336,1.0731
31.0351,1.07312
31.0366,1.07314
31.0381,1.07317
31.0396,1.07319
31.0411,1.07322
31.0426,1.07324
31.0441,1.07326
31.0456,1.07329
31.0471,1.07331
31.0486,1.07333
31.0501,1.07336
31.0516,1.07338
31.0531,1.0734
31.0546,1.07342
31.0561,1.07344
31.0576,1.07346
31.0591,1.07349
31.0606,1.07351
31.0621,1.07353
31.0636,1.07355
31.0651,1.07357
31.0666,1.07358
31.0681,1.0736
31.0696,1.07362
31.0711,1.07364
31.0726,1.07365
31.0741,1.07367
31.0756,1.07368
31.0771,1.0737
31.0786,1.07371
31.0801,1.07373
31.0816,1.07374
31.0831,1.07375
31.0846,1.07376
31.0861,1.07377
31.0876,1.07379
31.0891,1.0738
31.0906,1.07381
31.0921,1.07382
31.0936,1.07382
31.0951,1.07383
31.0966,1.07384
31.0981,1.07385
31.0996,1.07385
31.1011,1.07386
31.1026,1.07387
31.1041,1.07387
31.1056,1.07388
31.1071,1.07388
31.1086,1.07389
31.1101,1.07389
31.1116,1.0739
31.1131,1.0739
31.1146,1.07391
31.1161,1.07391
31.1176,1.07391
31.1191,1.07391
31.1206,1.07392
31.1221,1.07392
31.1236,1.07392
31.1251,1.07392
31.1266,1.07393
31.1281,1.07393
31.1296,1.07393
31.1311,1.07393
31.1326,1.07393
31.1341,1.07393
31.1356,1.07393
31.1371,1.07393
31.1386,1.07393
31.1401,1.07393
31.1416,1.07393
31.1431,1.07393
31.1446,1.07393
31.1461,1.07393
31.1476,1.07393
31.1491,1.07393
31.1506,1.07393
31.1521,1.07393
31.1536,1.07393
31.1551,1.07393
31.1566,1.07392
31.1581,1.07392
31.1596,1.07393
31.1611,1.07392
31.1626,1.07392
31.1641,1.07392
31.1656,1.07392
31.1671,1.07392
31.1686,1.07392
31.1701,1.07392
31.1716,1.07392
31.1731,1.07392
31.1746,1.07392
31.1761,1.07392
31.1776,1.07392
31.1791,1.07392
31.1806,1.07392
31.1821,1.07392
31.1836,1.07393
31.1851,1.07393
31.1866,1.07393
31.1881,1.07393
31.1896,1.07394
31.1911,1.07394
31.1926,1.07394
31.1941,1.07395
31.1956,1.07395
31.1971,1.07396
31.1986,1.07396
31.2001,1.07397
31.2015,1.07397
31.203,1.07398
31.2045,1.07398
31.206,1.07399
31.2075,1.07399
31.209,1.074
31.2105,1.07401
31.212,1.07401
31.2135,1.07402
31.215,1.07403
31.2165,1.07404
31.218,1.07404
31.2195,1.07405
31.221,1.07406
31.2225,1.07407
31.224,1.07407
31.2255,1.07408
31.227,1.07409
31.2285,1.0741
31.23,1.07411
31.2315,1.07412
31.233,1.07413
31.2345,1.07414
31.236,1.07415
31.2375,1.07416
31.239,1.07417
31.2405,1.07418
31.242,1.07419
31.2435,1.0742
31.245,1.07421
31.2465,1.07422
31.248,1.07423
31.2495,1.07424
31.251,1.07425
31.2525,1.07426
31.254,1.07427
31.2555,1.07427
31.257,1.07429
31.2585,1.07429
31.26,1.07431
31.2615,1.07431
31.263,1.07432
31.2645,1.07433
31.266,1.07434
31.2675,1.07435
31.269,1.07436
31.2705,1.07437
31.272,1.07438
31.2735,1.07439
31.275,1.0744
31.2765,1.07441
31.278,1.07442
31.2795,1.07443
31.281,1.07444
31.2825,1.07445
31.284,1.07446
31.2855,1.07447
31.287,1.07447
31.2885,1.07448
31.29,1.07449
31.2915,1.0745
31.293,1.07451
31.2945,1.07452
31.296,1.07452
31.2975,1.07453
31.299,1.07454
31.3005,1.07455
31.302,1.07455
31.3035,1.07456
31.305,1.07457
31.3065,1.07457
31.308,1.07458
31.3095,1.07458
31.311,1.07459
31.3125,1.07459
31.314,1.0746
31.3155,1.0746
31.317,1.07461
31.3185,1.07461
31.32,1.07462
31.3215,1.07462
31.323,1.07462
31.3245,1.07463
31.326,1.07463
31.3275,1.07463
31.329,1.07464
31.3305,1.07464
31.332,1.07464
31.3335,1.07464
31.335,1.07464
31.3365,1.07464
31.338,1.07464
31.3395,1.07464
31.341,1.07464
31.3425,1.07464
31.344,1.07464
31.3455,1.07464
31.347,1.07464
31.3485,1.07463
31.35,1.07463
31.3515,1.07463
31.353,1.07462
31.3545,1.07462
31.356,1.07461
31.3575,1.07461
31.359,1.0746
31.3605,1.0746
31.362,1.07459
31.3635,1.07459
31.365,1.07458
31.3665,1.07457
31.368,1.07457
31.3695,1.07456
31.371,1.07455
31.3725,1.07454
31.374,1.07454
31.3755,1.07453
31.377,1.07452
31.3785,1.07451
31.38,1.07451
31.3815,1.0745
31.3829,1.07449
31.3844,1.07448
31.3859,1.07447
31.3874,1.07447
31.3889,1.07446
31.3904,1.07445
31.3919,1.07444
31.3934,1.07443
31.3949,1.07442
31.3964,1.07441
31.3979,1.0744
31.3994,1.0744
31.4009,1.07439
31.4024,1.07438
31.4039,1.07437
31.4054,1.07436
31.4069,1.07435
31.4084,1.07434
31.4099,1.07433
31.4114,1.07432
31.4129,1.0743
31.4144,1.07429
31.4159,1.07428
31.4174,1.07427
31.4189,1.07426
31.4204,1.07424
31.4219,1.07423
31.4234,1.07422
31.4249,1.07421
31.4264,1.07419
31.4279,1.07418
31.4294,1.07416
31.4309,1.07415
31.4324,1.07414
31.4339,1.07412
31.4354,1.07411
31.4369,1.07409
31.4384,1.07408
31.4399,1.07406
31.4414,1.07404
31.4429,1.07403
31.4444,1.07401
31.4459,1.07399
31.4474,1.07398
31.4489,1.07396
31.4504,1.07394
31.4519,1.07392
31.4534,1.07391
31.4549,1.07388
31.4564,1.07387
31.4579,1.07385
31.4594,1.07383
31.4609,1.07381
31.4624,1.07379
31.4639,1.07377
31.4654,1.07375
31.4669,1.07373
31.4684,1.07371
31.4699,1.07369
31.4714,1.07367
31.4729,1.07365
31.4744,1.07363
31.4759,1.07361
31.4774,1.07359
31.4789,1.07358
31.4804,1.07356
31.4819,1.07354
31.4834,1.07352
31.4849,1.0735
31.4864,1.07349
31.4879,1.07347
31.4894,1.07345
31.4909,1.07344
31.4924,1.07342
31.4939,1.07341
31.4954,1.07339
31.4969,1.07338
31.4984,1.07337
31.4999,1.07335
31.5014,1.07334
31.5029,1.07333
31.5044,1.07332
31.5059,1.07331
31.5074,1.0733
31.5089,1.07329
31.5104,1.07328
31.5119,1.07328
31.5134,1.07327
31.5149,1.07326
31.5164,1.07326
31.5179,1.07326
31.5194,1.07325
31.5209,1.07325
31.5224,1.07325
31.5239,1.07325
31.5254,1.07325
31.5269,1.07325
31.5284,1.07325
31.5299,1.07326
31.5314,1.07326
31.5329,1.07327
31.5344,1.07327
31.5359,1.07328
31.5374,1.07329
31.5389,1.0733
31.5404,1.07331
31.5419,1.07332
31.5434,1.07334
31.5449,1.07335
31.5464,1.07337
31.5479,1.07339
31.5494,1.0734
31.5509,1.07342
31.5524,1.07344
31.5539,1.07346
31.5554,1.07349
31.5569,1.07351
31.5584,1.07353
31.5599,1.07356
31.5614,1.07358
31.5629,1.07361
31.5644,1.07364
31.5658,1.07367
31.5673,1.0737
31.5688,1.07373
31.5703,1.07376
31.5718,1.07379
31.5733,1.07382
31.5748,1.07385
31.5763,1.07389
31.5778,1.07392
31.5793,1.07396
31.5808,1.07399
31.5823,1.07402
31.5838,1.07406
31.5853,1.07409
31.5868,1.07413
31.5883,1.07416
31.5898,1.0742
31.5913,1.07423
31.5928,1.07426
31.5943,1.0743
31.5958,1.07433
31.5973,1.07436
31.5988,1.07439
31.6003,1.07442
31.6018,1.07446
31.6033,1.07449
31.6048,1.07451
31.6063,1.07454
31.6078,1.07457
31.6093,1.0746
31.6108,1.07462
31.6123,1.07465
31.6138,1.07467
31.6153,1.07469
31.6168,1.07471
31.6183,1.07473
31.6198,1.07475
31.6213,1.07477
31.6228,1.07479
31.6243,1.0748
31.6258,1.07481
31.6273,1.07483
31.6288,1.07484
31.6303,1.07485
31.6318,1.07486
31.6333,1.07487
31.6348,1.07487
31.6363,1.07488
31.6378,1.07488
31.6393,1.07489
31.6408,1.07489
31.6423,1.07489
31.6438,1.07489
31.6453,1.07489
31.6468,1.07489
31.6483,1.07489
31.6498,1.07489
31.6513,1.07489
31.6528,1.07488
31.6543,1.07488
31.6558,1.07487
31.6573,1.07487
31.6588,1.07486
31.6603,1.07486
31.6618,1.07485
31.6633,1.07485
31.6648,1.07484
31.6663,1.07484
31.6678,1.07483
31.6693,1.07483
31.6708,1.07482
31.6723,1.07482
31.6738,1.07481
31.6753,1.07481
31.6768,1.07481
31.6783,1.0748
31.6798,1.0748
31.6813,1.0748
31.6828,1.07479
31.6843,1.07479
31.6858,1.07479
31.6873,1.07479
31.6888,1.07479
31.6903,1.07479
31.6918,1.07479
31.6933,1.07479
31.6948,1.07479
31.6963,1.0748
31.6978,1.0748
31.6993,1.0748
31.7008,1.0748
31.7023,1.07481
31.7038,1.07481
31.7053,1.07482
31.7068,1.07482
31.7083,1.07483
31.7098,1.07483
31.7113,1.07484
31.7128,1.07484
31.7143,1.07485
31.7158,1.07485
31.7173,1.07486
31.7188,1.07487
31.7203,1.07487
31.7218,1.07488
31.7233,1.07488
31.7248,1.07489
31.7263,1.0749
31.7278,1.07491
31.7293,1.07491
31.7308,1.07492
31.7323,1.07492
31.7338,1.07493
31.7353,1.07494
31.7368,1.07495
31.7383,1.07495
31.7398,1.07496
31.7413,1.07497
31.7428,1.07498
31.7443,1.07498
31.7458,1.07499
31.7472,1.075
31.7487,1.075
31.7502,1.07501
31.7517,1.07502
31.7532,1.07502
31.7547,1.07503
31.7562,1.07504
31.7577,1.07504
31.7592,1.07505
31.7607,1.07506
31.7622,1.07506
31.7637,1.07507
31.7652,1.07508
31.7667,1.07508
31.7682,1.07509
31.7697,1.0751
31.7712,1.0751
31.7727,1.07511
31.7742,1.07512
31.7757,1.07512
31.7772,1.07513
31.7787,1.07514
31.7802,1.07514
31.7817,1.07515
31.7832,1.07516
31.7847,1.07517
31.7862,1.07517
31.7877,1.07518
31.7892,1.07519
31.7907,1.0752
31.7922,1.0752
31.7937,1.07521
31.7952,1.07522
31.7967,1.07523
31.7982,1.07523
31.7997,1.07524
31.8012,1.07525
31.8027,1.07525
31.8042,1.07526
31.8057,1.07527
31.8072,1.07528
31.8087,1.07529
31.8102,1.0753
31.8117,1.0753
31.8132,1.07531
31.8147,1.07532
31.8162,1.07533
31.8177,1.07534
31.8192,1.07535
31.8207,1.07536
31.8222,1.07537
31.8237,1.07538
31.8252,1.07538
31.8267,1.07539
31.8282,1.07541
31.8297,1.07541
31.8312,1.07543
31.8327,1.07543
31.8342,1.07545
31.8357,1.07546
31.8372,1.07547
31.8387,1.07548
31.8402,1.07549
31.8417,1.0755
31.8432,1.07551
31.8447,1.07553
31.8462,1.07554
31.8477,1.07555
31.8492,1.07556
31.8507,1.07558
31.8522,1.07559
31.8537,1.0756
31.8552,1.07562
31.8567,1.07563
31.8582,1.07565
31.8597,1.07566
31.8612,1.07567
31.8627,1.07569
31.8642,1.07571
31.8657,1.07572
31.8672,1.07574
31.8687,1.07576
31.8702,1.07578
31.8717,1.0758
31.8732,1.07581
31.8747,1.07584
31.8762,1.07586
31.8777,1.07588
31.8792,1.0759
31.8807,1.07592
31.8822,1.07595
31.8837,1.07597
31.8852,1.076
31.8867,1.07602
31.8882,1.07605
31.8897,1.07608
31.8912,1.07611
31.8927,1.07614
31.8942,1.07617
31.8957,1.0762
31.8972,1.07624
31.8987,1.07627
31.9002,1.0763
31.9017,1.07634
31.9032,1.07638
31.9047,1.07641
31.9062,1.07645
31.9077,1.07649
31.9092,1.07654
31.9107,1.07658
31.9122,1.07662
31.9137,1.07666
31.9152,1.07671
31.9167,1.07675
31.9182,1.0768
31.9197,1.07685
31.9212,1.0769
31.9227,1.07695
31.9242,1.077
31.9257,1.07705
31.9272,1.0771
31.9286,1.07716
31.9301,1.07721
31.9316,1.07727
31.9331,1.07732
31.9346,1.07738
31.9361,1.07743
31.9376,1.07749
31.9391,1.07755
31.9406,1.0776
31.9421,1.07766
31.9436,1.07772
31.9451,1.07778
31.9466,1.07784
31.9481,1.07789
31.9496,1.07795
31.9511,1.07801
31.9526,1.07806
31.9541,1.07812
31.9556,1.07818
31.9571,1.07823
31.9586,1.07829
31.9601,1.07834
31.9616,1.0784
31.9631,1.07846
31.9646,1.07851
31.9661,1.07856
31.9676,1.07861
31.9691,1.07867
31.9706,1.07872
31.9721,1.07877
31.9736,1.07882
31.9751,1.07886
31.9766,1.07891
31.9781,1.07896
31.9796,1.07901
31.9811,1.07905
31.9826,1.07909
31.9841,1.07914
31.9856,1.07918
31.9871,1.07922
31.9886,1.07926
31.9901,1.0793
31.9916,1.07934
31.9931,1.07938
31.9946,1.07942
31.9961,1.07945
31.9976,1.07949
31.9991,1.07952
32.0006,1.07956
32.0021,1.07959
32.0036,1.07962
32.0051,1.07966
32.0066,1.07969
32.0081,1.07972
32.0096,1.07975
32.0111,1.07978
32.0126,1.07981
32.0141,1.07984
32.0156,1.07986
32.0171,1.07989
32.0186,1.07992
32.0201,1.07995
32.0216,1.07997
32.0231,1.08
32.0246,1.08003
32.0261,1.08005
32.0276,1.08008
32.0291,1.0801
32.0306,1.08013
32.0321,1.08015
32.0336,1.08018
32.0351,1.0802
32.0366,1.08022
32.0381,1.08025
32.0396,1.08027
32.0411,1.08029
32.0426,1.08031
32.0441,1.08034
32.0456,1.08036
32.0471,1.08038
32.0486,1.0804
32.0501,1.08042
32.0516,1.08045
32.0531,1.08047
32.0546,1.08049
32.0561,1.08051
32.0576,1.08053
32.0591,1.08055
32.0606,1.08057
32.0621,1.08059
32.0636,1.08061
32.0651,1.08063
32.0666,1.08065
32.0681,1.08067
32.0696,1.08069
32.0711,1.08071
32.0726,1.08073
32.0741,1.08075
32.0756,1.08077
32.0771,1.08079
32.0786,1.08081
32.0801,1.08082
32.0816,1.08084
32.0831,1.08086
32.0846,1.08088
32.0861,1.0809
32.0876,1.08092
32.0891,1.08093
32.0906,1.08095
32.0921,1.08097
32.0936,1.08099
32.0951,1.081
32.0966,1.08102
32.0981,1.08104
32.0996,1.08106
32.1011,1.08107
32.1026,1.08109
32.1041,1.08111
32.1056,1.08112
32.1071,1.08114
32.1086,1.08116
32.1101,1.08117
32.1115,1.08119
32.113,1.0812
32.1145,1.08122
32.116,1.08123
32.1175,1.08125
32.119,1.08126
32.1205,1.08128
32.122,1.08129
32.1235,1.08131
32.125,1.08132
32.1265,1.08134
32.128,1.08135
32.1295,1.08137
32.131,1.08138
32.1325,1.08139
32.134,1.08141
32.1355,1.08142
32.137,1.08144
32.1385,1.08145
32.14,1.08147
32.1415,1.08148
32.143,1.0815
32.1445,1.08151
32.146,1.08153
32.1475,1.08155
32.149,1.08156
32.1505,1.08158
32.152,1.0816
32.1535,1.08162
32.155,1.08164
32.1565,1.08166
32.158,1.08168
32.1595,1.0817
32.161,1.08172
32.1625,1.08174
32.164,1.08176
32.1655,1.08179
32.167,1.08181
32.1685,1.08183
32.17,1.08186
32.1715,1.08188
32.173,1.08191
32.1745,1.08194
32.176,1.08196
32.1775,1.08199
32.179,1.08202
32.1805,1.08205
32.182,1.08208
32.1835,1.08211
32.185,1.08214
32.1865,1.08217
32.188,1.0822
32.1895,1.08223
32.191,1.08226
32.1925,1.08229
32.194,1.08233
32.1955,1.08236
32.197,1.08239
32.1985,1.08243
32.2,1.08246
32.2015,1.0825
32.203,1.08253
32.2045,1.08257
32.206,1.0826
32.2075,1.08264
32.209,1.08268
32.2105,1.08271
32.212,1.08275
32.2135,1.08278
32.215,1.08282
32.2165,1.08285
32.218,1.08289
32.2195,1.08293
32.221,1.08296
32.2225,1.083
32.224,1.08303
32.2255,1.08307
32.227,1.0831
32.2285,1.08314
32.23,1.08317
32.2315,1.0832
32.233,1.08323
32.2345,1.08327
32.236,1.08329
32.2375,1.08333
32.239,1.08336
32.2405,1.08338
32.242,1.08341
32.2435,1.08344
32.245,1.08346
32.2465,1.08349
32.248,1.08351
32.2495,1.08353
32.251,1.08355
32.2525,1.08357
32.254,1.08359
32.2555,1.08361
32.257,1.08363
32.2585,1.08364
32.26,1.08366
32.2615,1.08367
32.263,1.08368
32.2645,1.0837
32.266,1.08371
32.2675,1.08372
32.269,1.08372
32.2705,1.08373
32.272,1.08374
32.2735,1.08374
32.275,1.08375
32.2765,1.08375
32.278,1.08375
32.2795,1.08376
32.281,1.08376
32.2825,1.08376
32.284,1.08376
32.2855,1.08376
32.287,1.08375
32.2885,1.08375
32.29,1.08375
32.2915,1.08374
32.2929,1.08374
32.2944,1.08374
32.2959,1.08373
32.2974,1.08373
32.2989,1.08372
32.3004,1.08371
32.3019,1.08371
32.3034,1.0837
32.3049,1.08369
32.3064,1.08368
32.3079,1.08368
32.3094,1.08367
32.3109,1.08366
32.3124,1.08366
32.3139,1.08365
32.3154,1.08364
32.3169,1.08363
32.3184,1.08362
32.3199,1.08361
32.3214,1.08361
32.3229,1.0836
32.3244,1.08359
32.3259,1.08359
32.3274,1.08358
32.3289,1.08357
32.3304,1.08356
32.3319,1.08356
32.3334,1.08355
32.3349,1.08354
32.3364,1.08353
32.3379,1.08353
32.3394,1.08352
32.3409,1.08351
32.3424,1.08351
32.3439,1.0835
32.3454,1.0835
32.3469,1.08349
32.3484,1.08348
32.3499,1.08348
32.3514,1.08347
32.3529,1.08346
32.3544,1.08346
32.3559,1.08345
32.3574,1.08345
32.3589,1.08344
32.3604,1.08343
32.3619,1.08343
32.3634,1.08342
32.3649,1.08342
32.3664,1.08341
32.3679,1.0834
32.3694,1.0834
32.3709,1.08339
32.3724,1.08338
32.3739,1.08337
32.3754,1.08337
32.3769,1.08336
32.3784,1.08335
32.3799,1.08334
32.3814,1.08333
32.3829,1.08333
32.3844,1.08332
32.3859,1.08331
32.3874,1.0833
32.3889,1.08329
32.3904,1.08328
32.3919,1.08327
32.3934,1.08326
32.3949,1.08325
32.3964,1.08324
32.3979,1.08323
32.3994,1.08322
32.4009,1.08321
32.4024,1.0832
32.4039,1.08319
32.4054,1.08318
32.4069,1.08317
32.4084,1.08316
32.4099,1.08315
32.4114,1.08314
32.4129,1.08313
32.4144,1.08311
32.4159,1.08311
32.4174,1.0831
32.4189,1.08309
32.4204,1.08308
32.4219,1.08307
32.4234,1.08306
32.4249,1.08305
32.4264,1.08304
32.4279,1.08303
32.4294,1.08303
32.4309,1.08302
32.4324,1.08301
32.4339,1.08301
32.4354,1.083
32.4369,1.08299
32.4384,1.08299
32.4399,1.08298
32.4414,1.08298
32.4429,1.08297
32.4444,1.08296
32.4459,1.08296
32.4474,1.08295
32.4489,1.08295
32.4504,1.08295
32.4519,1.08294
32.4534,1.08294
32.4549,1.08293
32.4564,1.08293
32.4579,1.08293
32.4594,1.08292
32.4609,1.08292
32.4624,1.08292
32.4639,1.08291
32.4654,1.08291
32.4669,1.08291
32.4684,1.0829
32.4699,1.0829
32.4714,1.08289
32.4729,1.08289
32.4743,1.08288
32.4758,1.08288
32.4773,1.08287
32.4788,1.08286
32.4803,1.08285
32.4818,1.08285
32.4833,1.08284
32.4848,1.08283
32.4863,1.08282
32.4878,1.0828
32.4893,1.08279
32.4908,1.08278
32.4923,1.08277
32.4938,1.08275
32.4953,1.08273
32.4968,1.08272
32.4983,1.0827
32.4998,1.08268
32.5013,1.08266
32.5028,1.08264
32.5043,1.08263
32.5058,1.0826
32.5073,1.08258
32.5088,1.08256
32.5103,1.08254
32.5118,1.08251
32.5133,1.08249
32.5148,1.08246
32.5163,1.08243
32.5178,1.08241
32.5193,1.08238
32.5208,1.08235
32.5223,1.08232
32.5238,1.08229
32.5253,1.08226
32.5268,1.08223
32.5283,1.08219
32.5298,1.08216
32.5313,1.08213
32.5328,1.08209
32.5343,1.08206
32.5358,1.08202
32.5373,1.08198
32.5388,1.08195
32.5403,1.08191
32.5418,1.08187
32.5433,1.08183
32.5448,1.08179
32.5463,1.08175
32.5478,1.08171
32.5493,1.08167
32.5508,1.08163
32.5523,1.08159
32.5538,1.08155
32.5553,1.08151
32.5568,1.08147
32.5583,1.08142
32.5598,1.08138
32.5613,1.08134
32.5628,1.0813
32.5643,1.08125
32.5658,1.08121
32.5673,1.08117
32.5688,1.08113
32.5703,1.08108
32.5718,1.08104
32.5733,1.081
32.5748,1.08095
32.5763,1.08091
32.5778,1.08087
32.5793,1.08082
32.5808,1.08078
32.5823,1.08073
32.5838,1.08069
32.5853,1.08065
32.5868,1.08061
32.5883,1.08056
32.5898,1.08052
32.5913,1.08047
32.5928,1.08043
32.5943,1.08039
32.5958,1.08035
32.5973,1.0803
32.5988,1.08026
32.6003,1.08022
32.6018,1.08017
32.6033,1.08013
32.6048,1.08009
32.6063,1.08005
32.6078,1.08
32.6093,1.07996
32.6108,1.07992
32.6123,1.07988
32.6138,1.07984
32.6153,1.0798
32.6168,1.07975
32.6183,1.07971
32.6198,1.07967
32.6213,1.07963
32.6228,1.07959
32.6243,1.07955
32.6258,1.07951
32.6273,1.07947
32.6288,1.07943
32.6303,1.07939
32.6318,1.07935
32.6333,1.07931
32.6348,1.07927
32.6363,1.07923
32.6378,1.07919
32.6393,1.07915
32.6408,1.07911
32.6423,1.07908
32.6438,1.07904
32.6453,1.079
32.6468,1.07896
32.6483,1.07892
32.6498,1.07889
32.6513,1.07885
32.6528,1.07881
32.6543,1.07878
32.6558,1.07874
32.6572,1.07871
32.6587,1.07867
32.6602,1.07863
32.6617,1.0786
32.6632,1.07857
32.6647,1.07853
32.6662,1.0785
32.6677,1.07847
32.6692,1.07844
32.6707,1.0784
32.6722,1.07837
32.6737,1.07834
32.6752,1.07831
32.6767,1.07828
32.6782,1.07826
32.6797,1.07823
32.6812,1.07821
32.6827,1.07818
32.6842,1.07816
32.6857,1.07813
32.6872,1.07811
32.6887,1.07809
32.6902,1.07807
32.6917,1.07805
32.6932,1.07804
32.6947,1.07802
32.6962,1.07801
32.6977,1.07799
32.6992,1.07798
32.7007,1.07797
32.7022,1.07796
32.7037,1.07795
32.7052,1.07794
32.7067,1.07793
32.7082,1.07793
32.7097,1.07792
32.7112,1.07792
32.7127,1.07791
32.7142,1.07791
32.7157,1.07791
32.7172,1.0779
32.7187,1.0779
32.7202,1.0779
32.7217,1.0779
32.7232,1.0779
32.7247,1.0779
32.7262,1.0779
32.7277,1.0779
32.7292,1.07789
32.7307,1.0779
32.7322,1.0779
32.7337,1.0779
32.7352,1.07789
32.7367,1.07789
32.7382,1.07789
32.7397,1.07789
32.7412,1.07789
32.7427,1.07789
32.7442,1.07789
32.7457,1.07788
32.7472,1.07788
32.7487,1.07788
32.7502,1.07787
32.7517,1.07787
32.7532,1.07786
32.7547,1.07786
32.7562,1.07785
32.7577,1.07784
32.7592,1.07783
32.7607,1.07782
32.7622,1.07781
32.7637,1.07781
32.7652,1.07779
32.7667,1.07778
32.7682,1.07777
32.7697,1.07776
32.7712,1.07774
32.7727,1.07773
32.7742,1.07772
32.7757,1.0777
32.7772,1.07768
32.7787,1.07767
32.7802,1.07765
32.7817,1.07763
32.7832,1.07762
32.7847,1.0776
32.7862,1.07758
32.7877,1.07756
32.7892,1.07755
32.7907,1.07753
32.7922,1.07751
32.7937,1.07749
32.7952,1.07747
32.7967,1.07745
32.7982,1.07743
32.7997,1.07741
32.8012,1.07739
32.8027,1.07738
32.8042,1.07736
32.8057,1.07734
32.8072,1.07732
32.8087,1.07731
32.8102,1.07729
32.8117,1.07727
32.8132,1.07725
32.8147,1.07724
32.8162,1.07722
32.8177,1.0772
32.8192,1.07719
32.8207,1.07717
32.8222,1.07716
32.8237,1.07714
32.8252,1.07713
32.8267,1.07711
32.8282,1.0771
32.8297,1.07708
32.8312,1.07707
32.8327,1.07706
32.8342,1.07704
32.8357,1.07703
32.8372,1.07702
32.8386,1.077
32.8401,1.07699
32.8416,1.07698
32.8431,1.07696
32.8446,1.07695
32.8461,1.07694
32.8476,1.07693
32.8491,1.07692
32.8506,1.07691
32.8521,1.07689
32.8536,1.07688
32.8551,1.07687
32.8566,1.07687
32.8581,1.07685
32.8596,1.07685
32.8611,1.07684
32.8626,1.07683
32.8641,1.07682
32.8656,1.07681
32.8671,1.0768
32.8686,1.07679
32.8701,1.07679
32.8716,1.07678
32.8731,1.07677
32.8746,1.07676
32.8761,1.07676
32.8776,1.07675
32.8791,1.07675
32.8806,1.07674
32.8821,1.07674
32.8836,1.07673
32.8851,1.07673
32.8866,1.07673
32.8881,1.07672
32.8896,1.07672
32.8911,1.07672
32.8926,1.07672
32.8941,1.07672
32.8956,1.07672
32.8971,1.07672
32.8986,1.07672
32.9001,1.07672
32.9016,1.07672
32.9031,1.07672
32.9046,1.07672
32.9061,1.07673
32.9076,1.07673
32.9091,1.07674
32.9106,1.07674
32.9121,1.07674
32.9136,1.07675
32.9151,1.07675
32.9166,1.07676
32.9181,1.07677
32.9196,1.07677
32.9211,1.07678
32.9226,1.07679
32.9241,1.07679
32.9256,1.0768
32.9271,1.07681
32.9286,1.07682
32.9301,1.07683
32.9316,1.07684
32.9331,1.07685
32.9346,1.07685
32.9361,1.07686
32.9376,1.07687
32.9391,1.07688
32.9406,1.07689
32.9421,1.0769
32.9436,1.07691
32.9451,1.07692
32.9466,1.07693
32.9481,1.07694
32.9496,1.07695
32.9511,1.07696
32.9526,1.07697
32.9541,1.07698
32.9556,1.07699
32.9571,1.077
32.9586,1.07701
32.9601,1.07703
32.9616,1.07703
32.9631,1.07704
32.9646,1.07705
32.9661,1.07706
32.9676,1.07707
32.9691,1.07708
32.9706,1.07709
32.9721,1.0771
32.9736,1.07711
32.9751,1.07711
32.9766,1.07712
32.9781,1.07713
32.9796,1.07714
32.9811,1.07715
32.9826,1.07715
32.9841,1.07716
32.9856,1.07717
32.9871,1.07718
32.9886,1.07718
32.9901,1.07719
32.9916,1.0772
32.9931,1.0772
32.9946,1.07721
32.9961,1.07721
32.9976,1.07722
32.9991,1.07722
33.0006,1.07723
33.0021,1.07724
33.0036,1.07724
33.0051,1.07725
33.0066,1.07725
33.0081,1.07726
33.0096,1.07726
33.0111,1.07727
33.0126,1.07728
33.0141,1.07728
33.0156,1.07729
33.0171,1.07729
33.0186,1.0773
33.0201,1.0773
33.0215,1.07731
33.023,1.07731
33.0245,1.07732
33.026,1.07732
33.0275,1.07733
33.029,1.07734
33.0305,1.07734
33.032,1.07735
33.0335,1.07736
33.035,1.07736
33.0365,1.07737
33.038,1.07737
33.0395,1.07738
33.041,1.07739
33.0425,1.07739
33.044,1.0774
33.0455,1.07741
33.047,1.07742
33.0485,1.07743
33.05,1.07743
33.0515,1.07744
33.053,1.07745
33.0545,1.07746
33.056,1.07747
33.0575,1.07747
33.059,1.07748
33.0605,1.07749
33.062,1.0775
33.0635,1.07751
33.065,1.07752
33.0665,1.07753
33.068,1.07754
33.0695,1.07755
33.071,1.07756
33.0725,1.07757
33.074,1.07758
33.0755,1.07759
33.077,1.0776
33.0785,1.07761
33.08,1.07762
33.0815,1.07763
33.083,1.07764
33.0845,1.07766
33.086,1.07767
33.0875,1.07768
33.089,1.07769
33.0905,1.0777
33.092,1.07771
33.0935,1.07772
33.095,1.07774
33.0965,1.07775
33.098,1.07776
33.0995,1.07777
33.101,1.07778
33.1025,1.0778
33.104,1.07781
33.1055,1.07782
33.107,1.07783
33.1085,1.07784
33.11,1.07786
33.1115,1.07787
33.113,1.07788
33.1145,1.07789
33.116,1.0779
33.1175,1.07792
33.119,1.07793
33.1205,1.07794
33.122,1.07795
33.1235,1.07796
33.125,1.07797
33.1265,1.07799
33.128,1.078
33.1295,1.07801
33.131,1.07802
33.1325,1.07803
33.134,1.07804
33.1355,1.07805
33.137,1.07806
33.1385,1.07808
33.14,1.07809
33.1415,1.0781
33.143,1.07811
33.1445,1.07812
33.146,1.07813
33.1475,1.07814
33.149,1.07815
33.1505,1.07816
33.152,1.07817
33.1535,1.07818
33.155,1.07819
33.1565,1.0782
33.158,1.07821
33.1595,1.07822
33.161,1.07823
33.1625,1.07824
33.164,1.07825
33.1655,1.07825
33.167,1.07826
33.1685,1.07827
33.17,1.07828
33.1715,1.07829
33.173,1.07829
33.1745,1.0783
33.176,1.07831
33.1775,1.07831
33.179,1.07832
33.1805,1.07833
33.182,1.07833
33.1835,1.07834
33.185,1.07835
33.1865,1.07835
33.188,1.07836
33.1895,1.07837
33.191,1.07837
33.1925,1.07838
33.194,1.07838
33.1955,1.07839
33.197,1.0784
33.1985,1.0784
33.2,1.07841
33.2015,1.07841
33.2029,1.07842
33.2044,1.07842
33.2059,1.07843
33.2074,1.07844
33.2089,1.07844
33.2104,1.07845
33.2119,1.07845
33.2134,1.07846
33.2149,1.07846
33.2164,1.07847
33.2179,1.07847
33.2194,1.07848
33.2209,1.07849
33.2224,1.07849
33.2239,1.0785
33.2254,1.0785
33.2269,1.07851
33.2284,1.07851
33.2299,1.07852
33.2314,1.07853
33.2329,1.07853
33.2344,1.07854
33.2359,1.07854
33.2374,1.07855
33.2389,1.07856
33.2404,1.07856
33.2419,1.07857
33.2434,1.07857
33.2449,1.07858
33.2464,1.07858
33.2479,1.07859
33.2494,1.07859
33.2509,1.07859
33.2524,1.0786
33.2539,1.0786
33.2554,1.0786
33.2569,1.07861
33.2584,1.07861
33.2599,1.07861
33.2614,1.07862
33.2629,1.07862
33.2644,1.07862
33.2659,1.07862
33.2674,1.07862
33.2689,1.07862
33.2704,1.07862
33.2719,1.07863
33.2734,1.07862
33.2749,1.07862
33.2764,1.07862
33.2779,1.07862
33.2794,1.07862
33.2809,1.07862
33.2824,1.07862
33.2839,1.07862
33.2854,1.07862
33.2869,1.07862
33.2884,1.07861
33.2899,1.07861
33.2914,1.07861
33.2929,1.07861
33.2944,1.0786
33.2959,1.0786
33.2974,1.0786
33.2989,1.0786
33.3004,1.07859
33.3019,1.07859
33.3034,1.07859
33.3049,1.07858
33.3064,1.07858
33.3079,1.07858
33.3094,1.07857
33.3109,1.07857
33.3124,1.07856
33.3139,1.07856
33.3154,1.07856
33.3169,1.07855
33.3184,1.07855
33.3199,1.07855
33.3214,1.07854
33.3229,1.07854
33.3244,1.07853
33.3259,1.07853
33.3274,1.07853
33.3289,1.07852
33.3304,1.07852
33.3319,1.07851
33.3334,1.07851
33.3349,1.0785
33.3364,1.0785
33.3379,1.07849
33.3394,1.07849
33.3409,1.07849
33.3424,1.07848
33.3439,1.07847
33.3454,1.07847
33.3469,1.07847
33.3484,1.07846
33.3499,1.07846
33.3514,1.07845
33.3529,1.07845
33.3544,1.07844
33.3559,1.07844
33.3574,1.07843
33.3589,1.07843
33.3604,1.07842
33.3619,1.07842
33.3634,1.07841
33.3649,1.07841
33.3664,1.0784
33.3679,1.0784
33.3694,1.0784
33.3709,1.07839
33.3724,1.07839
33.3739,1.07838
33.3754,1.07838
33.3769,1.07838
33.3784,1.07837
33.3799,1.07837
33.3814,1.07837
33.3829,1.07836
33.3843,1.07836
33.3858,1.07836
33.3873,1.07835
33.3888,1.07835
33.3903,1.07835
33.3918,1.07834
33.3933,1.07834
33.3948,1.07834
33.3963,1.07834
33.3978,1.07834
33.3993,1.07833
33.4008,1.07833
33.4023,1.07833
33.4038,1.07833
33.4053,1.07833
33.4068,1.07833
33.4083,1.07832
33.4098,1.07832
33.4113,1.07832
33.4128,1.07832
33.4143,1.07832
33.4158,1.07832
33.4173,1.07832
33.4188,1.07832
33.4203,1.07832
33.4218,1.07832
33.4233,1.07832
33.4248,1.07832
33.4263,1.07832
33.4278,1.07832
33.4293,1.07832
33.4308,1.07832
33.4323,1.07833
33.4338,1.07833
33.4353,1.07833
33.4368,1.07833
33.4383,1.07833
33.4398,1.07834
33.4413,1.07834
33.4428,1.07834
33.4443,1.07835
33.4458,1.07835
33.4473,1.07835
33.4488,1.07836
33.4503,1.07836
33.4518,1.07836
33.4533,1.07837
33.4548,1.07837
33.4563,1.07838
33.4578,1.07838
33.4593,1.07839
33.4608,1.07839
33.4623,1.0784
33.4638,1.07841
33.4653,1.07841
33.4668,1.07842
33.4683,1.07843
33.4698,1.07843
33.4713,1.07844
33.4728,1.07845
33.4743,1.07846
33.4758,1.07847
33.4773,1.07848
33.4788,1.07849
33.4803,1.0785
33.4818,1.07851
33.4833,1.07852
33.4848,1.07853
33.4863,1.07854
33.4878,1.07856
33.4893,1.07857
33.4908,1.07858
33.4923,1.07859
33.4938,1.07861
33.4953,1.07862
33.4968,1.07863
33.4983,1.07864
33.4998,1.07866
33.5013,1.07867
33.5028,1.07869
33.5043,1.0787
33.5058,1.07871
33.5073,1.07873
33.5088,1.07874
33.5103,1.07876
33.5118,1.07877
33.5133,1.07878
33.5148,1.0788
33.5163,1.07881
33.5178,1.07883
33.5193,1.07884
33.5208,1.07885
33.5223,1.07887
33.5238,1.07888
33.5253,1.0789
33.5268,1.07891
33.5283,1.07892
33.5298,1.07893
33.5313,1.07895
33.5328,1.07896
33.5343,1.07898
33.5358,1.07899
33.5373,1.079
33.5388,1.07901
33.5403,1.07902
33.5418,1.07904
33.5433,1.07905
33.5448,1.07906
33.5463,1.07907
33.5478,1.07908
33.5493,1.07909
33.5508,1.0791
33.5523,1.07911
33.5538,1.07912
33.5553,1.07913
33.5568,1.07914
33.5583,1.07915
33.5598,1.07916
33.5613,1.07916
33.5628,1.07917
33.5643,1.07918
33.5658,1.07919
33.5672,1.0792
33.5687,1.0792
33.5702,1.07921
33.5717,1.07922
33.5732,1.07923
33.5747,1.07923
33.5762,1.07924
33.5777,1.07925
33.5792,1.07925
33.5807,1.07926
33.5822,1.07927
33.5837,1.07927
33.5852,1.07928
33.5867,1.07928
33.5882,1.07929
33.5897,1.0793
33.5912,1.0793
33.5927,1.07931
33.5942,1.07932
33.5957,1.07932
33.5972,1.07933
33.5987,1.07933
33.6002,1.07934
33.6017,1.07935
33.6032,1.07935
33.6047,1.07936
33.6062,1.07937
33.6077,1.07937
33.6092,1.07938
33.6107,1.07939
33.6122,1.07939
33.6137,1.0794
33.6152,1.0794
33.6167,1.07941
33.6182,1.07942
33.6197,1.07943
33.6212,1.07943
33.6227,1.07944
33.6242,1.07944
33.6257,1.07945
33.6272,1.07946
33.6287,1.07946
33.6302,1.07947
33.6317,1.07947
33.6332,1.07948
33.6347,1.07948
33.6362,1.07949
33.6377,1.0795
33.6392,1.0795
33.6407,1.0795
33.6422,1.07951
33.6437,1.07951
33.6452,1.07952
33.6467,1.07952
33.6482,1.07953
33.6497,1.07953
33.6512,1.07954
33.6527,1.07954
33.6542,1.07954
33.6557,1.07955
33.6572,1.07955
33.6587,1.07955
33.6602,1.07956
33.6617,1.07956
33.6632,1.07956
33.6647,1.07957
33.6662,1.07957
33.6677,1.07957
33.6692,1.07958
33.6707,1.07958
33.6722,1.07958
33.6737,1.07959
33.6752,1.07959
33.6767,1.07959
33.6782,1.0796
33.6797,1.0796
33.6812,1.0796
33.6827,1.07961
33.6842,1.07961
33.6857,1.07961
33.6872,1.07962
33.6887,1.07962
33.6902,1.07962
33.6917,1.07963
33.6932,1.07963
33.6947,1.07964
33.6962,1.07964
33.6977,1.07964
33.6992,1.07964
33.7007,1.07965
33.7022,1.07965
33.7037,1.07966
33.7052,1.07966
33.7067,1.07966
33.7082,1.07967
33.7097,1.07967
33.7112,1.07967
33.7127,1.07968
33.7142,1.07968
33.7157,1.07968
33.7172,1.07969
33.7187,1.07969
33.7202,1.07969
33.7217,1.0797
33.7232,1.0797
33.7247,1.0797
33.7262,1.07971
33.7277,1.07971
33.7292,1.07971
33.7307,1.07972
33.7322,1.07972
33.7337,1.07972
33.7352,1.07972
33.7367,1.07972
33.7382,1.07972
33.7397,1.07973
33.7412,1.07973
33.7427,1.07973
33.7442,1.07973
33.7457,1.07973
33.7472,1.07973
33.7486,1.07973
33.7501,1.07973
33.7516,1.07973
33.7531,1.07973
33.7546,1.07973
33.7561,1.07972
33.7576,1.07972
33.7591,1.07972
33.7606,1.07971
33.7621,1.07971
33.7636,1.07971
33.7651,1.07971
33.7666,1.0797
33.7681,1.0797
33.7696,1.07969
33.7711,1.07968
33.7726,1.07968
33.7741,1.07967
33.7756,1.07967
33.7771,1.07966
33.7786,1.07965
33.7801,1.07965
33.7816,1.07964
33.7831,1.07963
33.7846,1.07962
33.7861,1.07962
33.7876,1.07961
33.7891,1.0796
33.7906,1.07959
33.7921,1.07958
33.7936,1.07957
33.7951,1.07957
33.7966,1.07956
33.7981,1.07955
33.7996,1.07954
33.8011,1.07953
33.8026,1.07952
33.8041,1.07951
33.8056,1.0795
33.8071,1.07949
33.8086,1.07949
33.8101,1.07948
33.8116,1.07947
33.8131,1.07946
33.8146,1.07946
33.8161,1.07945
33.8176,1.07944
33.8191,1.07944
33.8206,1.07943
33.8221,1.07943
33.8236,1.07942
33.8251,1.07942
33.8266,1.07941
33.8281,1.07941
33.8296,1.07941
33.8311,1.0794
33.8326,1.0794
33.8341,1.0794
33.8356,1.0794
33.8371,1.0794
33.8386,1.0794
33.8401,1.0794
33.8416,1.0794
33.8431,1.07941
33.8446,1.07941
33.8461,1.07941
33.8476,1.07942
33.8491,1.07943
33.8506,1.07944
33.8521,1.07945
33.8536,1.07946
33.8551,1.07947
33.8566,1.07948
33.8581,1.0795
33.8596,1.07951
33.8611,1.07953
33.8626,1.07955
33.8641,1.07956
33.8656,1.07958
33.8671,1.0796
33.8686,1.07963
33.8701,1.07965
33.8716,1.07967
33.8731,1.0797
33.8746,1.07972
33.8761,1.07975
33.8776,1.07977
33.8791,1.0798
33.8806,1.07983
33.8821,1.07986
33.8836,1.07989
33.8851,1.07992
33.8866,1.07995
33.8881,1.07998
33.8896,1.08001
33.8911,1.08004
33.8926,1.08008
33.8941,1.08011
33.8956,1.08014
33.8971,1.08017
33.8986,1.0802
33.9001,1.08023
33.9016,1.08026
33.9031,1.0803
33.9046,1.08033
33.9061,1.08036
33.9076,1.08039
33.9091,1.08042
33.9106,1.08044
33.9121,1.08047
33.9136,1.0805
33.9151,1.08052
33.9166,1.08055
33.9181,1.08057
33.9196,1.0806
33.9211,1.08062
33.9226,1.08064
33.9241,1.08066
33.9256,1.08068
33.9271,1.08069
33.9286,1.08071
33.93,1.08073
33.9315,1.08074
33.933,1.08076
33.9345,1.08077
33.936,1.08078
33.9375,1.08079
33.939,1.0808
33.9405,1.08081
33.942,1.08082
33.9435,1.08083
33.945,1.08084
33.9465,1.08084
33.948,1.08085
33.9495,1.08085
33.951,1.08086
33.9525,1.08086
33.954,1.08087
33.9555,1.08087
33.957,1.08087
33.9585,1.08088
33.96,1.08088
33.9615,1.08088
33.963,1.08088
33.9645,1.08088
33.966,1.08089
33.9675,1.08089
33.969,1.08089
33.9705,1.08089
33.972,1.08089
33.9735,1.08089
33.975,1.08089
33.9765,1.08089
33.978,1.08089
33.9795,1.08089
33.981,1.08089
33.9825,1.08089
33.984,1.08089
33.9855,1.08089
33.987,1.08089
33.9885,1.08089
33.99,1.08089
33.9915,1.08089
33.993,1.08089
33.9945,1.08089
33.996,1.08088
33.9975,1.08088
33.999,1.08088
34.0005,1.08088
34.002,1.08088
34.0035,1.08088
34.005,1.08088
34.0065,1.08087
34.008,1.08087
34.0095,1.08087
34.011,1.08087
34.0125,1.08087
34.014,1.08087
34.0155,1.08086
34.017,1.08086
34.0185,1.08086
34.02,1.08086
34.0215,1.08086
34.023,1.08086
34.0245,1.08086
34.026,1.08086
34.0275,1.08086
34.029,1.08086
34.0305,1.08086
34.032,1.08086
34.0335,1.08086
34.035,1.08086
34.0365,1.08086
34.038,1.08087
34.0395,1.08087
34.041,1.08087
34.0425,1.08088
34.044,1.08088
34.0455,1.08088
34.047,1.08089
34.0485,1.08089
34.05,1.0809
34.0515,1.08091
34.053,1.08091
34.0545,1.08092
34.056,1.08093
34.0575,1.08094
34.059,1.08095
34.0605,1.08096
34.062,1.08097
34.0635,1.08098
34.065,1.08099
34.0665,1.081
34.068,1.08102
34.0695,1.08103
34.071,1.08105
34.0725,1.08106
34.074,1.08108
34.0755,1.08109
34.077,1.08111
34.0785,1.08113
34.08,1.08114
34.0815,1.08116
34.083,1.08118
34.0845,1.0812
34.086,1.08122
34.0875,1.08124
34.089,1.08126
34.0905,1.08128
34.092,1.0813
34.0935,1.08133
34.095,1.08135
34.0965,1.08137
34.098,1.08139
34.0995,1.08142
34.101,1.08144
34.1025,1.08147
34.104,1.08149
34.1055,1.08152
34.107,1.08154
34.1085,1.08157
34.11,1.08159
34.1115,1.08162
34.1129,1.08165
34.1144,1.08168
34.1159,1.0817
34.1174,1.08173
34.1189,1.08176
34.1204,1.08178
34.1219,1.08181
34.1234,1.08184
34.1249,1.08187
34.1264,1.0819
34.1279,1.08193
34.1294,1.08196
34.1309,1.08198
34.1324,1.08201
34.1339,1.08204
34.1354,1.08207
34.1369,1.0821
34.1384,1.08213
34.1399,1.08216
34.1414,1.08219
34.1429,1.08222
34.1444,1.08225
34.1459,1.08228
34.1474,1.08231
34.1489,1.08234
34.1504,1.08237
34.1519,1.0824
34.1534,1.08243
34.1549,1.08246
34.1564,1.08249
34.1579,1.08252
34.1594,1.08255
34.1609,1.08258
34.1624,1.08261
34.1639,1.08264
34.1654,1.08267
34.1669,1.0827
34.1684,1.08273
34.1699,1.08276
34.1714,1.08279
34.1729,1.08282
34.1744,1.08285
34.1759,1.08288
34.1774,1.08291
34.1789,1.08294
34.1804,1.08297
34.1819,1.083
34.1834,1.08303
34.1849,1.08307
34.1864,1.0831
34.1879,1.08313
34.1894,1.08316
34.1909,1.08319
34.1924,1.08322
34.1939,1.08325
34.1954,1.08329
34.1969,1.08332
34.1984,1.08335
34.1999,1.08338
34.2014,1.08341
34.2029,1.08345
34.2044,1.08348
34.2059,1.08351
34.2074,1.08354
34.2089,1.08358
34.2104,1.08361
34.2119,1.08364
34.2134,1.08368
34.2149,1.08371
34.2164,1.08374
34.2179,1.08377
34.2194,1.0838
34.2209,1.08384
34.2224,1.08387
34.2239,1.0839
34.2254,1.08394
34.2269,1.08397
34.2284,1.084
34.2299,1.08404
34.2314,1.08407
34.2329,1.0841
34.2344,1.08413
34.2359,1.08417
34.2374,1.0842
34.2389,1.08423
34.2404,1.08426
34.2419,1.0843
34.2434,1.08433
34.2449,1.08436
34.2464,1.08439
34.2479,1.08442
34.2494,1.08445
34.2509,1.08448
34.2524,1.08451
34.2539,1.08454
34.2554,1.08457
34.2569,1.0846
34.2584,1.08463
34.2599,1.08466
34.2614,1.08469
34.2629,1.08472
34.2644,1.08474
34.2659,1.08477
34.2674,1.0848
34.2689,1.08483
34.2704,1.08486
34.2719,1.08488
34.2734,1.08491
34.2749,1.08494
34.2764,1.08496
34.2779,1.08499
34.2794,1.08501
34.2809,1.08504
34.2824,1.08507
34.2839,1.08509
34.2854,1.08512
34.2869,1.08515
34.2884,1.08517
34.2899,1.0852
34.2914,1.08523
34.2929,1.08525
34.2943,1.08528
34.2958,1.08531
34.2973,1.08533
34.2988,1.08536
34.3003,1.08539
34.3018,1.08541
34.3033,1.08544
34.3048,1.08546
34.3063,1.08549
34.3078,1.08551
34.3093,1.08554
34.3108,1.08556
34.3123,1.08558
34.3138,1.08561
34.3153,1.08563
34.3168,1.08565
34.3183,1.08567
34.3198,1.08569
34.3213,1.0857
34.3228,1.08572
34.3243,1.08574
34.3258,1.08575
34.3273,1.08577
34.3288,1.08578
34.3303,1.08579
34.3318,1.0858
34.3333,1.0858
34.3348,1.08581
34.3363,1.08581
34.3378,1.08582
34.3393,1.08582
34.3408,1.08582
34.3423,1.08582
34.3438,1.08581
34.3453,1.08581
34.3468,1.0858
34.3483,1.0858
34.3498,1.08579
34.3513,1.08578
34.3528,1.08577
34.3543,1.08576
34.3558,1.08575
34.3573,1.08573
34.3588,1.08572
34.3603,1.0857
34.3618,1.08569
34.3633,1.08567
34.3648,1.08565
34.3663,1.08564
34.3678,1.08562
34.3693,1.0856
34.3708,1.08558
34.3723,1.08556
34.3738,1.08554
34.3753,1.08552
34.3768,1.0855
34.3783,1.08548
34.3798,1.08546
34.3813,1.08544
34.3828,1.08542
34.3843,1.0854
34.3858,1.08538
34.3873,1.08536
34.3888,1.08533
34.3903,1.08531
34.3918,1.08529
34.3933,1.08527
34.3948,1.08526
34.3963,1.08524
34.3978,1.08522
34.3993,1.0852
34.4008,1.08518
34.4023,1.08516
34.4038,1.08515
34.4053,1.08513
34.4068,1.08511
34.4083,1.0851
34.4098,1.08508
34.4113,1.08506
34.4128,1.08505
34.4143,1.08503
34.4158,1.08502
34.4173,1.08501
34.4188,1.08499
34.4203,1.08498
34.4218,1.08497
34.4233,1.08496
34.4248,1.08494
34.4263,1.08493
34.4278,1.08492
34.4293,1.08491
34.4308,1.0849
34.4323,1.08489
34.4338,1.08488
34.4353,1.08488
34.4368,1.08487
34.4383,1.08486
34.4398,1.08485
34.4413,1.08484
34.4428,1.08484
34.4443,1.08483
34.4458,1.08482
34.4473,1.08482
34.4488,1.08481
34.4503,1.0848
34.4518,1.0848
34.4533,1.08479
34.4548,1.08479
34.4563,1.08478
34.4578,1.08478
34.4593,1.08477
34.4608,1.08477
34.4623,1.08476
34.4638,1.08476
34.4653,1.08475
34.4668,1.08475
34.4683,1.08474
34.4698,1.08474
34.4713,1.08473
34.4728,1.08473
34.4743,1.08472
34.4757,1.08472
34.4772,1.08471
34.4787,1.08471
34.4802,1.0847
34.4817,1.0847
34.4832,1.08469
34.4847,1.08468
34.4862,1.08468
34.4877,1.08467
34.4892,1.08467
34.4907,1.08466
34.4922,1.08466
34.4937,1.08465
34.4952,1.08464
34.4967,1.08463
34.4982,1.08463
34.4997,1.08462
34.5012,1.08461
34.5027,1.0846
34.5042,1.0846
34.5057,1.08459
34.5072,1.08458
34.5087,1.08457
34.5102,1.08456
34.5117,1.08455
34.5132,1.08455
34.5147,1.08454
34.5162,1.08453
34.5177,1.08452
34.5192,1.08451
34.5207,1.0845
34.5222,1.08448
34.5237,1.08447
34.5252,1.08446
34.5267,1.08445
34.5282,1.08444
34.5297,1.08443
34.5312,1.08441
34.5327,1.0844
34.5342,1.08439
34.5357,1.08437
34.5372,1.08436
34.5387,1.08434
34.5402,1.08433
34.5417,1.08431
34.5432,1.0843
34.5447,1.08428
34.5462,1.08426
34.5477,1.08425
34.5492,1.08423
34.5507,1.08421
34.5522,1.0842
34.5537,1.08418
34.5552,1.08416
34.5567,1.08414
34.5582,1.08412
34.5597,1.0841
34.5612,1.08408
34.5627,1.08406
34.5642,1.08404
34.5657,1.08402
34.5672,1.084
34.5687,1.08398
34.5702,1.08396
34.5717,1.08393
34.5732,1.08391
34.5747,1.08389
34.5762,1.08387
34.5777,1.08384
34.5792,1.08382
34.5807,1.0838
34.5822,1.08377
34.5837,1.08375
34.5852,1.08373
34.5867,1.0837
34.5882,1.08367
34.5897,1.08365
34.5912,1.08362
34.5927,1.0836
34.5942,1.08357
34.5957,1.08355
34.5972,1.08352
34.5987,1.0835
34.6002,1.08347
34.6017,1.08344
34.6032,1.08342
34.6047,1.08339
34.6062,1.08336
34.6077,1.08333
34.6092,1.08331
34.6107,1.08328
34.6122,1.08325
34.6137,1.08323
34.6152,1.0832
34.6167,1.08317
34.6182,1.08314
34.6197,1.08311
34.6212,1.08308
34.6227,1.08306
34.6242,1.08303
34.6257,1.083
34.6272,1.08297
34.6287,1.08294
34.6302,1.08291
34.6317,1.08289
34.6332,1.08286
34.6347,1.08283
34.6362,1.0828
34.6377,1.08277
34.6392,1.08274
34.6407,1.08271
34.6422,1.08268
34.6437,1.08265
34.6452,1.08262
34.6467,1.08259
34.6482,1.08256
34.6497,1.08253
34.6512,1.08251
34.6527,1.08248
34.6542,1.08245
34.6557,1.08242
34.6572,1.08239
34.6586,1.08236
34.6601,1.08233
34.6616,1.0823
34.6631,1.08227
34.6646,1.08224
34.6661,1.08221
34.6676,1.08218
34.6691,1.08215
34.6706,1.08212
34.6721,1.08209
34.6736,1.08206
34.6751,1.08203
34.6766,1.082
34.6781,1.08197
34.6796,1.08194
34.6811,1.08191
34.6826,1.08188
34.6841,1.08186
34.6856,1.08183
34.6871,1.0818
34.6886,1.08177
34.6901,1.08174
34.6916,1.08171
34.6931,1.08168
34.6946,1.08165
34.6961,1.08162
34.6976,1.08159
34.6991,1.08156
34.7006,1.08154
34.7021,1.0815
34.7036,1.08148
34.7051,1.08145
34.7066,1.08142
34.7081,1.08139
34.7096,1.08136
34.7111,1.08133
34.7126,1.0813
34.7141,1.08127
34.7156,1.08125
34.7171,1.08122
34.7186,1.08119
34.7201,1.08116
34.7216,1.08113
34.7231,1.0811
34.7246,1.08108
34.7261,1.08105
34.7276,1.08102
34.7291,1.08099
34.7306,1.08096
34.7321,1.08093
34.7336,1.08091
34.7351,1.08088
34.7366,1.08085
34.7381,1.08082
34.7396,1.0808
34.7411,1.08077
34.7426,1.08074
34.7441,1.08071
34.7456,1.08068
34.7471,1.08066
34.7486,1.08063
34.7501,1.0806
34.7516,1.08057
34.7531,1.08055
34.7546,1.08052
34.7561,1.08049
34.7576,1.08047
34.7591,1.08044
34.7606,1.08041
34.7621,1.08038
34.7636,1.08036
34.7651,1.08033
34.7666,1.0803
34.7681,1.08028
34.7696,1.08025
34.7711,1.08023
34.7726,1.0802
34.7741,1.08017
34.7756,1.08015
34.7771,1.08012
34.7786,1.0801
34.7801,1.08007
34.7816,1.08005
34.7831,1.08002
34.7846,1.08
34.7861,1.07997
34.7876,1.07995
34.7891,1.07993
34.7906,1.0799
34.7921,1.07988
34.7936,1.07985
34.7951,1.07983
34.7966,1.07981
34.7981,1.07979
34.7996,1.07976
34.8011,1.07974
34.8026,1.07972
34.8041,1.0797
34.8056,1.07968
34.8071,1.07965
34.8086,1.07963
34.8101,1.07961
34.8116,1.07959
34.8131,1.07957
34.8146,1.07955
34.8161,1.07953
34.8176,1.07951
34.8191,1.07949
34.8206,1.07947
34.8221,1.07946
34.8236,1.07944
34.8251,1.07942
34.8266,1.0794
34.8281,1.07939
34.8296,1.07937
34.8311,1.07935
34.8326,1.07934
34.8341,1.07932
34.8356,1.07931
34.8371,1.07929
34.8386,1.07928
34.84,1.07926
34.8415,1.07925
34.843,1.07923
34.8445,1.07922
34.846,1.07921
34.8475,1.0792
34.849,1.07918
34.8505,1.07917
34.852,1.07916
34.8535,1.07915
34.855,1.07914
34.8565,1.07913
34.858,1.07912
34.8595,1.07911
34.861,1.0791
34.8625,1.07909
34.864,1.07909
34.8655,1.07908
34.867,1.07907
34.8685,1.07906
34.87,1.07906
34.8715,1.07905
34.873,1.07905
34.8745,1.07904
34.876,1.07904
34.8775,1.07903
34.879,1.07903
34.8805,1.07903
34.882,1.07902
34.8835,1.07902
34.885,1.07902
34.8865,1.07902
34.888,1.07901
34.8895,1.07901
34.891,1.07902
34.8925,1.07902
34.894,1.07902
34.8955,1.07902
34.897,1.07902
34.8985,1.07902
34.9,1.07903
34.9015,1.07903
34.903,1.07903
34.9045,1.07904
34.906,1.07904
34.9075,1.07905
34.909,1.07905
34.9105,1.07906
34.912,1.07906
34.9135,1.07907
34.915,1.07908
34.9165,1.07908
34.918,1.07909
34.9195,1.0791
34.921,1.07911
34.9225,1.07912
34.924,1.07912
34.9255,1.07913
34.927,1.07914
34.9285,1.07915
34.93,1.07916
34.9315,1.07917
34.933,1.07918
34.9345,1.07919
34.936,1.0792
34.9375,1.07921
34.939,1.07922
34.9405,1.07923
34.942,1.07925
34.9435,1.07926
34.945,1.07927
34.9465,1.07928
34.948,1.07929
34.9495,1.0793
34.951,1.07932
34.9525,1.07933
34.954,1.07934
34.9555,1.07935
34.957,1.07937
34.9585,1.07938
34.96,1.07939
34.9615,1.07941
34.963,1.07942
34.9645,1.07943
34.966,1.07945
34.9675,1.07946
34.969,1.07947
34.9705,1.07949
34.972,1.0795
34.9735,1.07952
34.975,1.07953
34.9765,1.07955
34.978,1.07956
34.9795,1.07957
34.981,1.07959
34.9825,1.0796
34.984,1.07962
34.9855,1.07963
34.987,1.07964
34.9885,1.07966
34.99,1.07967
34.9915,1.07969
34.993,1.0797
34.9945,1.07972
34.996,1.07973
34.9975,1.07974
34.999,1.07976
35.0005,1.07977
35.002,1.07979
35.0035,1.0798
35.005,1.07981
35.0065,1.07983
35.008,1.07984
35.0095,1.07985
35.011,1.07986
35.0125,1.07988
35.014,1.07989
35.0155,1.0799
35.017,1.07991
35.0185,1.07992
35.02,1.07993
35.0215,1.07994
35.0229,1.07995
35.0244,1.07996
35.0259,1.07997
35.0274,1.07998
35.0289,1.07999
35.0304,1.08
35.0319,1.08
35.0334,1.08001
35.0349,1.08002
35.0364,1.08003
35.0379,1.08003
35.0394,1.08004
35.0409,1.08005
35.0424,1.08006
35.0439,1.08006
35.0454,1.08007
35.0469,1.08007
35.0484,1.08008
35.0499,1.08008
35.0514,1.08009
35.0529,1.08009
35.0544,1.0801
35.0559,1.0801
35.0574,1.0801
35.0589,1.08011
35.0604,1.08011
35.0619,1.08011
35.0634,1.08012
35.0649,1.08012
35.0664,1.08012
35.0679,1.08012
35.0694,1.08012
35.0709,1.08012
35.0724,1.08012
35.0739,1.08013
35.0754,1.08012
35.0769,1.08012
35.0784,1.08012
35.0799,1.08012
35.0814,1.08012
35.0829,1.08012
35.0844,1.08012
35.0859,1.08012
35.0874,1.08011
35.0889,1.08011
35.0904,1.08011
35.0919,1.08011
35.0934,1.0801
35.0949,1.0801
35.0964,1.08009
35.0979,1.08009
35.0994,1.08008
35.1009,1.08008
35.1024,1.08007
35.1039,1.08007
35.1054,1.08006
35.1069,1.08005
35.1084,1.08005
35.1099,1.08004
35.1114,1.08003
35.1129,1.08003
35.1144,1.08002
35.1159,1.08001
35.1174,1.08001
35.1189,1.08
35.1204,1.07999
35.1219,1.07998
35.1234,1.07997
35.1249,1.07996
35.1264,1.07995
35.1279,1.07994
35.1294,1.07993
35.1309,1.07992
35.1324,1.07991
35.1339,1.0799
35.1354,1.07989
35.1369,1.07988
35.1384,1.07987
35.1399,1.07986
35.1414,1.07985
35.1429,1.07984
35.1444,1.07983
35.1459,1.07982
35.1474,1.0798
35.1489,1.07979
35.1504,1.07978
35.1519,1.07977
35.1534,1.07976
35.1549,1.07975
35.1564,1.07974
35.1579,1.07972
35.1594,1.07971
35.1609,1.0797
35.1624,1.07969
35.1639,1.07968
35.1654,1.07967
35.1669,1.07965
35.1684,1.07964
35.1699,1.07963
35.1714,1.07962
35.1729,1.07961
35.1744,1.0796
35.1759,1.07959
35.1774,1.07958
35.1789,1.07956
35.1804,1.07955
35.1819,1.07954
35.1834,1.07953
35.1849,1.07952
35.1864,1.07951
35.1879,1.0795
35.1894,1.07949
35.1909,1.07948
35.1924,1.07946
35.1939,1.07945
35.1954,1.07944
35.1969,1.07943
35.1984,1.07942
35.1999,1.07941
35.2014,1.0794
35.2029,1.07939
35.2043,1.07938
35.2058,1.07937
35.2073,1.07936
35.2088,1.07935
35.2103,1.07934
35.2118,1.07933
35.2133,1.07932
35.2148,1.07931
35.2163,1.0793
35.2178,1.07929
35.2193,1.07928
35.2208,1.07927
35.2223,1.07926
35.2238,1.07925
35.2253,1.07924
35.2268,1.07923
35.2283,1.07923
35.2298,1.07922
35.2313,1.07921
35.2328,1.0792
35.2343,1.07919
35.2358,1.07918
35.2373,1.07918
35.2388,1.07917
35.2403,1.07916
35.2418,1.07915
35.2433,1.07915
35.2448,1.07914
35.2463,1.07913
35.2478,1.07912
35.2493,1.07912
35.2508,1.07911
35.2523,1.0791
35.2538,1.0791
35.2553,1.07909
35.2568,1.07909
35.2583,1.07908
35.2598,1.07907
35.2613,1.07907
35.2628,1.07906
35.2643,1.07906
35.2658,1.07905
35.2673,1.07905
35.2688,1.07904
35.2703,1.07904
35.2718,1.07904
35.2733,1.07903
35.2748,1.07903
35.2763,1.07902
35.2778,1.07902
35.2793,1.07902
35.2808,1.07901
35.2823,1.07901
35.2838,1.07901
35.2853,1.079
35.2868,1.079
35.2883,1.079
35.2898,1.079
35.2913,1.07899
35.2928,1.07899
35.2943,1.07899
35.2958,1.07899
35.2973,1.07899
35.2988,1.07899
35.3003,1.07899
35.3018,1.07899
35.3033,1.07899
35.3048,1.07899
35.3063,1.07899
35.3078,1.07899
35.3093,1.07899
35.3108,1.07899
35.3123,1.07899
35.3138,1.07899
35.3153,1.079
35.3168,1.079
35.3183,1.079
35.3198,1.079
35.3213,1.07901
35.3228,1.07901
35.3243,1.07901
35.3258,1.07902
35.3273,1.07902
35.3288,1.07903
35.3303,1.07903
35.3318,1.07904
35.3333,1.07904
35.3348,1.07905
35.3363,1.07906
35.3378,1.07906
35.3393,1.07907
35.3408,1.07908
35.3423,1.07908
35.3438,1.07909
35.3453,1.0791
35.3468,1.07911
35.3483,1.07912
35.3498,1.07912
35.3513,1.07914
35.3528,1.07914
35.3543,1.07916
35.3558,1.07917
35.3573,1.07918
35.3588,1.07919
35.3603,1.0792
35.3618,1.07921
35.3633,1.07922
35.3648,1.07924
35.3663,1.07925
35.3678,1.07926
35.3693,1.07928
35.3708,1.07929
35.3723,1.07931
35.3738,1.07932
35.3753,1.07934
35.3768,1.07935
35.3783,1.07937
35.3798,1.07938
35.3813,1.0794
35.3828,1.07942
35.3843,1.07944
35.3857,1.07945
35.3872,1.07947
35.3887,1.07949
35.3902,1.07951
35.3917,1.07953
35.3932,1.07955
35.3947,1.07957
35.3962,1.07959
35.3977,1.07961
35.3992,1.07963
35.4007,1.07965
35.4022,1.07967
35.4037,1.07969
35.4052,1.07971
35.4067,1.07973
35.4082,1.07975
35.4097,1.07978
35.4112,1.0798
35.4127,1.07982
35.4142,1.07984
35.4157,1.07986
35.4172,1.07989
35.4187,1.07991
35.4202,1.07993
35.4217,1.07995
35.4232,1.07998
35.4247,1.08
35.4262,1.08002
35.4277,1.08004
35.4292,1.08007
35.4307,1.08009
35.4322,1.08011
35.4337,1.08013
35.4352,1.08015
35.4367,1.08018
35.4382,1.0802
35.4397,1.08022
35.4412,1.08024
35.4427,1.08027
35.4442,1.08029
35.4457,1.08031
35.4472,1.08033
35.4487,1.08036
35.4502,1.08038
35.4517,1.0804
35.4532,1.08042
35.4547,1.08045
35.4562,1.08047
35.4577,1.08049
35.4592,1.08051
35.4607,1.08054
35.4622,1.08056
35.4637,1.08058
35.4652,1.0806
35.4667,1.08062
35.4682,1.08065
35.4697,1.08067
35.4712,1.08069
35.4727,1.08071
35.4742,1.08074
35.4757,1.08076
35.4772,1.08078
35.4787,1.08081
35.4802,1.08083
35.4817,1.08085
35.4832,1.08088
35.4847,1.0809
35.4862,1.08092
35.4877,1.08095
35.4892,1.08097
35.4907,1.081
35.4922,1.08102
35.4937,1.08105
35.4952,1.08107
35.4967,1.0811
35.4982,1.08112
35.4997,1.08115
35.5012,1.08118
35.5027,1.0812
35.5042,1.08123
35.5057,1.08126
35.5072,1.08129
35.5087,1.08131
35.5102,1.08134
35.5117,1.08137
35.5132,1.0814
35.5147,1.08143
35.5162,1.08145
35.5177,1.08148
35.5192,1.08151
35.5207,1.08154
35.5222,1.08157
35.5237,1.0816
35.5252,1.08163
35.5267,1.08166
35.5282,1.08169
35.5297,1.08172
35.5312,1.08175
35.5327,1.08178
35.5342,1.08181
35.5357,1.08184
35.5372,1.08187
35.5387,1.0819
35.5402,1.08193
35.5417,1.08196
35.5432,1.08199
35.5447,1.08202
35.5462,1.08205
35.5477,1.08208
35.5492,1.08211
35.5507,1.08214
35.5522,1.08217
35.5537,1.0822
35.5552,1.08222
35.5567,1.08225
35.5582,1.08228
35.5597,1.08231
35.5612,1.08233
35.5627,1.08236
35.5642,1.08238
35.5657,1.08241
35.5672,1.08243
35.5686,1.08245
35.5701,1.08247
35.5716,1.0825
35.5731,1.08252
35.5746,1.08253
35.5761,1.08255
35.5776,1.08257
35.5791,1.08259
35.5806,1.0826
35.5821,1.08262
35.5836,1.08263
35.5851,1.08264
35.5866,1.08265
35.5881,1.08266
35.5896,1.08267
35.5911,1.08268
35.5926,1.08268
35.5941,1.08269
35.5956,1.08269
35.5971,1.0827
35.5986,1.0827
35.6001,1.0827
35.6016,1.0827
35.6031,1.0827
35.6046,1.0827
35.6061,1.08269
35.6076,1.08269
35.6091,1.08268
35.6106,1.08268
35.6121,1.08267
35.6136,1.08267
35.6151,1.08266
35.6166,1.08265
35.6181,1.08264
35.6196,1.08263
35.6211,1.08262
35.6226,1.08261
35.6241,1.0826
35.6256,1.08259
35.6271,1.08258
35.6286,1.08257
35.6301,1.08256
35.6316,1.08255
35.6331,1.08254
35.6346,1.08253
35.6361,1.08251
35.6376,1.0825
35.6391,1.08249
35.6406,1.08248
35.6421,1.08247
35.6436,1.08246
35.6451,1.08245
35.6466,1.08244
35.6481,1.08243
35.6496,1.08241
35.6511,1.0824
35.6526,1.08239
35.6541,1.08238
35.6556,1.08237
35.6571,1.08236
35.6586,1.08235
35.6601,1.08234
35.6616,1.08233
35.6631,1.08232
35.6646,1.08231
35.6661,1.0823
35.6676,1.08229
35.6691,1.08228
35.6706,1.08227
35.6721,1.08226
35.6736,1.08225
35.6751,1.08225
35.6766,1.08224
35.6781,1.08223
35.6796,1.08222
35.6811,1.08221
35.6826,1.0822
35.6841,1.08219
35.6856,1.08219
35.6871,1.08218
35.6886,1.08217
35.6901,1.08216
35.6916,1.08215
35.6931,1.08215
35.6946,1.08214
35.6961,1.08213
35.6976,1.08213
35.6991,1.08212
35.7006,1.08211
35.7021,1.08211
35.7036,1.0821
35.7051,1.08209
35.7066,1.08209
35.7081,1.08208
35.7096,1.08207
35.7111,1.08207
35.7126,1.08206
35.7141,1.08206
35.7156,1.08205
35.7171,1.08205
35.7186,1.08204
35.7201,1.08204
35.7216,1.08203
35.7231,1.08203
35.7246,1.08203
35.7261,1.08202
35.7276,1.08202
35.7291,1.08201
35.7306,1.08201
35.7321,1.08201
35.7336,1.08201
35.7351,1.082
35.7366,1.082
35.7381,1.082
35.7396,1.08199
35.7411,1.08199
35.7426,1.08199
35.7441,1.08199
35.7456,1.08198
35.7471,1.08198
35.7486,1.08198
35.75,1.08198
35.7515,1.08198
35.753,1.08198
35.7545,1.08198
35.756,1.08198
35.7575,1.08197
35.759,1.08197
35.7605,1.08197
35.762,1.08197
35.7635,1.08197
35.765,1.08197
35.7665,1.08197
35.768,1.08197
35.7695,1.08197
35.771,1.08197
35.7725,1.08197
35.774,1.08197
35.7755,1.08198
35.777,1.08198
35.7785,1.08198
35.78,1.08198
35.7815,1.08198
35.783,1.08198
35.7845,1.08198
35.786,1.08198
35.7875,1.08199
35.789,1.08199
35.7905,1.08199
35.792,1.08199
35.7935,1.08199
35.795,1.08199
35.7965,1.082
35.798,1.082
35.7995,1.082
35.801,1.082
35.8025,1.082
35.804,1.08201
35.8055,1.08201
35.807,1.08201
35.8085,1.08201
35.81,1.08202
35.8115,1.08202
35.813,1.08202
35.8145,1.08203
35.816,1.08203
35.8175,1.08203
35.819,1.08203
35.8205,1.08204
35.822,1.08204
35.8235,1.08204
35.825,1.08204
35.8265,1.08205
35.828,1.08205
35.8295,1.08205
35.831,1.08205
35.8325,1.08206
35.834,1.08206
35.8355,1.08206
35.837,1.08206
35.8385,1.08207
35.84,1.08207
35.8415,1.08207
35.843,1.08207
35.8445,1.08207
35.846,1.08208
35.8475,1.08208
35.849,1.08208
35.8505,1.08208
35.852,1.08208
35.8535,1.08208
35.855,1.08208
35.8565,1.08209
35.858,1.08209
35.8595,1.08209
35.861,1.08209
35.8625,1.08209
35.864,1.08209
35.8655,1.08209
35.867,1.08209
35.8685,1.08209
35.87,1.08209
35.8715,1.08209
35.873,1.08209
35.8745,1.08209
35.876,1.08209
35.8775,1.08209
35.879,1.08209
35.8805,1.08208
35.882,1.08208
35.8835,1.08208
35.885,1.08208
35.8865,1.08208
35.888,1.08207
35.8895,1.08207
35.891,1.08207
35.8925,1.08207
35.894,1.08206
35.8955,1.08206
35.897,1.08206
35.8985,1.08206
35.9,1.08205
35.9015,1.08205
35.903,1.08204
35.9045,1.08204
35.906,1.08204
35.9075,1.08203
35.909,1.08203
35.9105,1.08202
35.912,1.08202
35.9135,1.08201
35.915,1.08201
35.9165,1.082
35.918,1.082
35.9195,1.08199
35.921,1.08198
35.9225,1.08198
35.924,1.08197
35.9255,1.08197
35.927,1.08196
35.9285,1.08195
35.93,1.08195
35.9314,1.08194
35.9329,1.08193
35.9344,1.08193
35.9359,1.08192
35.9374,1.08191
35.9389,1.0819
35.9404,1.0819
35.9419,1.08189
35.9434,1.08188
35.9449,1.08187
35.9464,1.08187
35.9479,1.08186
35.9494,1.08185
35.9509,1.08184
35.9524,1.08183
35.9539,1.08182
35.9554,1.08182
35.9569,1.08181
35.9584,1.0818
35.9599,1.08179
35.9614,1.08178
35.9629,1.08177
35.9644,1.08176
35.9659,1.08176
35.9674,1.08175
35.9689,1.08174
35.9704,1.08173
35.9719,1.08172
35.9734,1.08171
35.9749,1.0817
35.9764,1.08169
35.9779,1.08168
35.9794,1.08167
35.9809,1.08166
35.9824,1.08165
35.9839,1.08164
35.9854,1.08164
35.9869,1.08162
35.9884,1.08162
35.9899,1.08161
35.9914,1.0816
35.9929,1.08159
35.9944,1.08158
35.9959,1.08157
35.9974,1.08156
35.9989,1.08155
36.0004,1.08154
36.0019,1.08153
36.0034,1.08152
36.0049,1.08151
36.0064,1.0815
36.0079,1.08149
36.0094,1.08148
36.0109,1.08147
36.0124,1.08146
36.0139,1.08144
36.0154,1.08144
36.0169,1.08142
36.0184,1.08142
36.0199,1.0814
36.0214,1.08139
36.0229,1.08138
36.0244,1.08137
36.0259,1.08136
36.0274,1.08135
36.0289,1.08134
36.0304,1.08133
36.0319,1.08132
36.0334,1.08131
36.0349,1.0813
36.0364,1.08129
36.0379,1.08128
36.0394,1.08127
36.0409,1.08126
36.0424,1.08125
36.0439,1.08124
36.0454,1.08123
36.0469,1.08121
36.0484,1.0812
36.0499,1.08119
36.0514,1.08118
36.0529,1.08117
36.0544,1.08116
36.0559,1.08115
36.0574,1.08114
36.0589,1.08113
36.0604,1.08111
36.0619,1.0811
36.0634,1.08109
36.0649,1.08108
36.0664,1.08107
36.0679,1.08106
36.0694,1.08105
36.0709,1.08103
36.0724,1.08102
36.0739,1.08101
36.0754,1.081
36.0769,1.08099
36.0784,1.08098
36.0799,1.08096
36.0814,1.08095
36.0829,1.08094
36.0844,1.08093
36.0859,1.08092
36.0874,1.08091
36.0889,1.0809
36.0904,1.08088
36.0919,1.08087
36.0934,1.08086
36.0949,1.08085
36.0964,1.08084
36.0979,1.08083
36.0994,1.08082
36.1009,1.0808
36.1024,1.08079
36.1039,1.08078
36.1054,1.08077
36.1069,1.08076
36.1084,1.08075
36.1099,1.08074
36.1114,1.08072
36.1129,1.08071
36.1143,1.0807
36.1158,1.08069
36.1173,1.08068
36.1188,1.08067
36.1203,1.08066
36.1218,1.08065
36.1233,1.08064
36.1248,1.08063
36.1263,1.08062
36.1278,1.0806
36.1293,1.08059
36.1308,1.08058
36.1323,1.08057
36.1338,1.08056
36.1353,1.08055
36.1368,1.08054
36.1383,1.08053
36.1398,1.08053
36.1413,1.08052
36.1428,1.08051
36.1443,1.0805
36.1458,1.08049
36.1473,1.08048
36.1488,1.08047
36.1503,1.08046
36.1518,1.08045
36.1533,1.08044
36.1548,1.08043
36.1563,1.08043
36.1578,1.08042
36.1593,1.08041
36.1608,1.0804
36.1623,1.08039
36.1638,1.08039
36.1653,1.08038
36.1668,1.08037
36.1683,1.08036
36.1698,1.08036
36.1713,1.08035
36.1728,1.08034
36.1743,1.08034
36.1758,1.08033
36.1773,1.08033
36.1788,1.08032
36.1803,1.08032
36.1818,1.08031
36.1833,1.08031
36.1848,1.0803
36.1863,1.0803
36.1878,1.08029
36.1893,1.08029
36.1908,1.08029
36.1923,1.08028
36.1938,1.08028
36.1953,1.08028
36.1968,1.08028
36.1983,1.08027
36.1998,1.08027
36.2013,1.08027
36.2028,1.08027
36.2043,1.08027
36.2058,1.08027
36.2073,1.08027
36.2088,1.08027
36.2103,1.08027
36.2118,1.08027
36.2133,1.08027
36.2148,1.08027
36.2163,1.08027
36.2178,1.08027
36.2193,1.08027
36.2208,1.08027
36.2223,1.08028
36.2238,1.08028
36.2253,1.08028
36.2268,1.08028
36.2283,1.08028
36.2298,1.08029
36.2313,1.08029
36.2328,1.08029
36.2343,1.08029
36.2358,1.0803
36.2373,1.0803
36.2388,1.0803
36.2403,1.08031
36.2418,1.08031
36.2433,1.08031
36.2448,1.08031
36.2463,1.08032
36.2478,1.08032
36.2493,1.08032
36.2508,1.08032
36.2523,1.08033
36.2538,1.08033
36.2553,1.08033
36.2568,1.08033
36.2583,1.08033
36.2598,1.08033
36.2613,1.08034
36.2628,1.08034
36.2643,1.08034
36.2658,1.08034
36.2673,1.08034
36.2688,1.08034
36.2703,1.08034
36.2718,1.08034
36.2733,1.08034
36.2748,1.08034
36.2763,1.08034
36.2778,1.08034
36.2793,1.08034
36.2808,1.08034
36.2823,1.08034
36.2838,1.08035
36.2853,1.08035
36.2868,1.08035
36.2883,1.08035
36.2898,1.08035
36.2913,1.08035
36.2928,1.08035
36.2943,1.08036
36.2957,1.08036
36.2972,1.08036
36.2987,1.08037
36.3002,1.08037
36.3017,1.08037
36.3032,1.08038
36.3047,1.08039
36.3062,1.08039
36.3077,1.0804
36.3092,1.08041
36.3107,1.08042
36.3122,1.08043
36.3137,1.08044
36.3152,1.08045
36.3167,1.08046
36.3182,1.08048
36.3197,1.08049
36.3212,1.0805
36.3227,1.08052
36.3242,1.08054
36.3257,1.08056
36.3272,1.08057
36.3287,1.0806
36.3302,1.08062
36.3317,1.08064
36.3332,1.08066
36.3347,1.08068
36.3362,1.08071
36.3377,1.08073
36.3392,1.08076
36.3407,1.08079
36.3422,1.08081
36.3437,1.08084
36.3452,1.08087
36.3467,1.0809
36.3482,1.08093
36.3497,1.08096
36.3512,1.08098
36.3527,1.08101
36.3542,1.08104
36.3557,1.08107
36.3572,1.0811
36.3587,1.08113
36.3602,1.08116
36.3617,1.08119
36.3632,1.08122
36.3647,1.08124
36.3662,1.08127
36.3677,1.0813
36.3692,1.08133
36.3707,1.08135
36.3722,1.08138
36.3737,1.0814
36.3752,1.08143
36.3767,1.08145
36.3782,1.08147
36.3797,1.0815
36.3812,1.08152
36.3827,1.08154
36.3842,1.08156
36.3857,1.08158
36.3872,1.0816
36.3887,1.08162
36.3902,1.08164
36.3917,1.08165
36.3932,1.08167
36.3947,1.08169
36.3962,1.0817
36.3977,1.08172
36.3992,1.08174
36.4007,1.08175
36.4022,1.08176
36.4037,1.08178
36.4052,1.08179
36.4067,1.0818
36.4082,1.08181
36.4097,1.08183
36.4112,1.08184
36.4127,1.08185
36.4142,1.08186
36.4157,1.08187
36.4172,1.08189
36.4187,1.0819
36.4202,1.08191
36.4217,1.08192
36.4232,1.08193
36.4247,1.08194
36.4262,1.08195
36.4277,1.08196
36.4292,1.08198
36.4307,1.08199
36.4322,1.082
36.4337,1.08201
36.4352,1.08202
36.4367,1.08203
36.4382,1.08204
36.4397,1.08206
36.4412,1.08207
36.4427,1.08208
36.4442,1.08209
36.4457,1.0821
36.4472,1.08212
36.4487,1.08213
36.4502,1.08214
36.4517,1.08215
36.4532,1.08217
36.4547,1.08218
36.4562,1.08219
36.4577,1.0822
36.4592,1.08222
36.4607,1.08223
36.4622,1.08225
36.4637,1.08226
36.4652,1.08227
36.4667,1.08229
36.4682,1.0823
36.4697,1.08231
36.4712,1.08233
36.4727,1.08234
36.4742,1.08236
36.4757,1.08237
36.4771,1.08238
36.4786,1.0824
36.4801,1.08241
36.4816,1.08243
36.4831,1.08244
36.4846,1.08246
36.4861,1.08247
36.4876,1.08248
36.4891,1.0825
36.4906,1.08251
36.4921,1.08253
36.4936,1.08254
36.4951,1.08256
36.4966,1.08257
36.4981,1.08258
36.4996,1.0826
36.5011,1.08261
36.5026,1.08263
36.5041,1.08264
36.5056,1.08266
36.5071,1.08267
36.5086,1.08268
36.5101,1.0827
36.5116,1.08271
36.5131,1.08273
36.5146,1.08274
36.5161,1.08275
36.5176,1.08277
36.5191,1.08278
36.5206,1.0828
36.5221,1.08281
36.5236,1.08282
36.5251,1.08283
36.5266,1.08285
36.5281,1.08286
36.5296,1.08287
36.5311,1.08288
36.5326,1.08289
36.5341,1.0829
36.5356,1.08292
36.5371,1.08293
36.5386,1.08294
36.5401,1.08295
36.5416,1.08296
36.5431,1.08297
36.5446,1.08298
36.5461,1.08299
36.5476,1.083
36.5491,1.08301
36.5506,1.08302
36.5521,1.08303
36.5536,1.08304
36.5551,1.08305
36.5566,1.08305
36.5581,1.08306
36.5596,1.08307
36.5611,1.08308
36.5626,1.08309
36.5641,1.08309
36.5656,1.0831
36.5671,1.0831
36.5686,1.08311
36.5701,1.08312
36.5716,1.08312
36.5731,1.08313
36.5746,1.08314
36.5761,1.08314
36.5776,1.08315
36.5791,1.08315
36.5806,1.08316
36.5821,1.08316
36.5836,1.08317
36.5851,1.08317
36.5866,1.08317
36.5881,1.08318
36.5896,1.08318
36.5911,1.08319
36.5926,1.08319
36.5941,1.0832
36.5956,1.0832
36.5971,1.0832
36.5986,1.08321
36.6001,1.08321
36.6016,1.08321
36.6031,1.08321
36.6046,1.08322
36.6061,1.08322
36.6076,1.08322
36.6091,1.08322
36.6106,1.08323
36.6121,1.08323
36.6136,1.08323
36.6151,1.08323
36.6166,1.08323
36.6181,1.08324
36.6196,1.08324
36.6211,1.08324
36.6226,1.08324
36.6241,1.08324
36.6256,1.08324
36.6271,1.08324
36.6286,1.08324
36.6301,1.08325
36.6316,1.08325
36.6331,1.08325
36.6346,1.08325
36.6361,1.08325
36.6376,1.08325
36.6391,1.08325
36.6406,1.08325
36.6421,1.08325
36.6436,1.08325
36.6451,1.08325
36.6466,1.08325
36.6481,1.08325
36.6496,1.08325
36.6511,1.08325
36.6526,1.08325
36.6541,1.08325
36.6556,1.08325
36.6571,1.08325
36.6586,1.08324
36.66,1.08324
36.6615,1.08324
36.663,1.08324
36.6645,1.08324
36.666,1.08324
36.6675,1.08324
36.669,1.08324
36.6705,1.08323
36.672,1.08323
36.6735,1.08323
36.675,1.08323
36.6765,1.08323
36.678,1.08323
36.6795,1.08322
36.681,1.08322
36.6825,1.08322
36.684,1.08322
36.6855,1.08321
36.687,1.08321
36.6885,1.08321
36.69,1.08321
36.6915,1.0832
36.693,1.0832
36.6945,1.0832
36.696,1.0832
36.6975,1.08319
36.699,1.08319
36.7005,1.08319
36.702,1.08318
36.7035,1.08318
36.705,1.08318
36.7065,1.08317
36.708,1.08317
36.7095,1.08316
36.711,1.08316
36.7125,1.08316
36.714,1.08315
36.7155,1.08315
36.717,1.08314
36.7185,1.08314
36.72,1.08314
36.7215,1.08313
36.723,1.08313
36.7245,1.08312
36.726,1.08312
36.7275,1.08311
36.729,1.08311
36.7305,1.0831
36.732,1.0831
36.7335,1.08309
36.735,1.08309
36.7365,1.08308
36.738,1.08308
36.7395,1.08307
36.741,1.08307
36.7425,1.08306
36.744,1.08305
36.7455,1.08305
36.747,1.08304
36.7485,1.08303
36.75,1.08303
36.7515,1.08302
36.753,1.08302
36.7545,1.08301
36.756,1.083
36.7575,1.083
36.759,1.08299
36.7605,1.08298
36.762,1.08297
36.7635,1.08297
36.765,1.08296
36.7665,1.08296
36.768,1.08295
36.7695,1.08294
36.771,1.08294
36.7725,1.08293
36.774,1.08292
36.7755,1.08291
36.777,1.08291
36.7785,1.0829
36.78,1.08289
36.7815,1.08288
36.783,1.08288
36.7845,1.08287
36.786,1.08286
36.7875,1.08286
36.789,1.08285
36.7905,1.08284
36.792,1.08283
36.7935,1.08283
36.795,1.08282
36.7965,1.08281
36.798,1.08281
36.7995,1.0828
36.801,1.08279
36.8025,1.08279
36.804,1.08278
36.8055,1.08277
36.807,1.08277
36.8085,1.08276
36.81,1.08275
36.8115,1.08275
36.813,1.08274
36.8145,1.08273
36.816,1.08273
36.8175,1.08272
36.819,1.08271
36.8205,1.08271
36.822,1.0827
36.8235,1.0827
36.825,1.08269
36.8265,1.08268
36.828,1.08268
36.8295,1.08267
36.831,1.08267
36.8325,1.08266
36.834,1.08266
36.8355,1.08265
36.837,1.08264
36.8385,1.08264
36.84,1.08264
36.8414,1.08263
36.8429,1.08262
36.8444,1.08262
36.8459,1.08261
36.8474,1.08261
36.8489,1.0826
36.8504,1.0826
36.8519,1.08259
36.8534,1.08259
36.8549,1.08258
36.8564,1.08258
36.8579,1.08257
36.8594,1.08257
36.8609,1.08256
36.8624,1.08256
36.8639,1.08255
36.8654,1.08255
36.8669,1.08254
36.8684,1.08253
36.8699,1.08253
36.8714,1.08253
36.8729,1.08252
36.8744,1.08251
36.8759,1.08251
36.8774,1.0825
36.8789,1.0825
36.8804,1.08249
36.8819,1.08249
36.8834,1.08248
36.8849,1.08248
36.8864,1.08247
36.8879,1.08247
36.8894,1.08246
36.8909,1.08246
36.8924,1.08245
36.8939,1.08244
36.8954,1.08244
36.8969,1.08243
36.8984,1.08243
36.8999,1.08242
36.9014,1.08241
36.9029,1.08241
36.9044,1.0824
36.9059,1.0824
36.9074,1.08239
36.9089,1.08238
36.9104,1.08238
36.9119,1.08237
36.9134,1.08236
36.9149,1.08236
36.9164,1.08235
36.9179,1.08235
36.9194,1.08234
36.9209,1.08233
36.9224,1.08233
36.9239,1.08232
36.9254,1.08231
36.9269,1.0823
36.9284,1.0823
36.9299,1.08229
36.9314,1.08228
36.9329,1.08228
36.9344,1.08227
36.9359,1.08226
36.9374,1.08225
36.9389,1.08224
36.9404,1.08224
36.9419,1.08223
36.9434,1.08222
36.9449,1.08221
36.9464,1.08221
36.9479,1.0822
36.9494,1.08219
36.9509,1.08218
36.9524,1.08217
36.9539,1.08216
36.9554,1.08216
36.9569,1.08215
36.9584,1.08214
36.9599,1.08213
36.9614,1.08212
36.9629,1.08211
36.9644,1.0821
36.9659,1.08209
36.9674,1.08208
36.9689,1.08207
36.9704,1.08206
36.9719,1.08205
36.9734,1.08205
36.9749,1.08203
36.9764,1.08202
36.9779,1.08201
36.9794,1.082
36.9809,1.08199
36.9824,1.08198
36.9839,1.08197
36.9854,1.08196
36.9869,1.08195
36.9884,1.08194
36.9899,1.08193
36.9914,1.08192
36.9929,1.08191
36.9944,1.0819
36.9959,1.08189
36.9974,1.08187
36.9989,1.08186
37.0004,1.08185
37.0019,1.08184
37.0034,1.08183
37.0049,1.08182
37.0064,1.08181
37.0079,1.08179
37.0094,1.08178
37.0109,1.08177
37.0124,1.08176
37.0139,1.08174
37.0154,1.08173
37.0169,1.08172
37.0184,1.08171
37.0199,1.08169
37.0214,1.08168
37.0229,1.08167
37.0243,1.08166
37.0258,1.08164
37.0273,1.08163
37.0288,1.08162
37.0303,1.0816
37.0318,1.08159
37.0333,1.08158
37.0348,1.08156
37.0363,1.08155
37.0378,1.08154
37.0393,1.08152
37.0408,1.08151
37.0423,1.08149
37.0438,1.08148
37.0453,1.08147
37.0468,1.08145
37.0483,1.08144
37.0498,1.08142
37.0513,1.08141
37.0528,1.0814
37.0543,1.08138
37.0558,1.08137
37.0573,1.08135
37.0588,1.08134
37.0603,1.08133
37.0618,1.08131
37.0633,1.0813
37.0648,1.08128
37.0663,1.08127
37.0678,1.08125
37.0693,1.08124
37.0708,1.08122
37.0723,1.08121
37.0738,1.0812
37.0753,1.08118
37.0768,1.08117
37.0783,1.08115
37.0798,1.08114
37.0813,1.08112
37.0828,1.08111
37.0843,1.08109
37.0858,1.08108
37.0873,1.08106
37.0888,1.08105
37.0903,1.08104
37.0918,1.08102
37.0933,1.08101
37.0948,1.08099
37.0963,1.08098
37.0978,1.08096
37.0993,1.08095
37.1008,1.08093
37.1023,1.08092
37.1038,1.0809
37.1053,1.08089
37.1068,1.08087
37.1083,1.08086
37.1098,1.08084
37.1113,1.08083
37.1128,1.08081
37.1143,1.0808
37.1158,1.08078
37.1173,1.08077
37.1188,1.08075
37.1203,1.08074
37.1218,1.08072
37.1233,1.0807
37.1248,1.08069
37.1263,1.08067
37.1278,1.08066
37.1293,1.08064
37.1308,1.08063
37.1323,1.08061
37.1338,1.08059
37.1353,1.08058
37.1368,1.08056
37.1383,1.08055
37.1398,1.08053
37.1413,1.08052
37.1428,1.0805
37.1443,1.08048
37.1458,1.08047
37.1473,1.08045
37.1488,1.08043
37.1503,1.08042
37.1518,1.0804
37.1533,1.08039
37.1548,1.08037
37.1563,1.08035
37.1578,1.08034
37.1593,1.08032
37.1608,1.0803
37.1623,1.08029
37.1638,1.08027
37.1653,1.08026
37.1668,1.08024
37.1683,1.08022
37.1698,1.08021
37.1713,1.08019
37.1728,1.08017
37.1743,1.08016
37.1758,1.08014
37.1773,1.08013
37.1788,1.08011
37.1803,1.08009
37.1818,1.08008
37.1833,1.08006
37.1848,1.08004
37.1863,1.08003
37.1878,1.08001
37.1893,1.08
37.1908,1.07998
37.1923,1.07996
37.1938,1.07995
37.1953,1.07993
37.1968,1.07991
37.1983,1.0799
37.1998,1.07988
37.2013,1.07987
37.2028,1.07985
37.2043,1.07984
37.2057,1.07982
37.2072,1.07981
37.2087,1.07979
37.2102,1.07978
37.2117,1.07976
37.2132,1.07975
37.2147,1.07973
37.2162,1.07972
37.2177,1.0797
37.2192,1.07969
37.2207,1.07967
37.2222,1.07966
37.2237,1.07964
37.2252,1.07963
37.2267,1.07961
37.2282,1.0796
37.2297,1.07958
37.2312,1.07957
37.2327,1.07955
37.2342,1.07954
37.2357,1.07952
37.2372,1.07951
37.2387,1.0795
37.2402,1.07948
37.2417,1.07947
37.2432,1.07945
37.2447,1.07944
37.2462,1.07943
37.2477,1.07941
37.2492,1.0794
37.2507,1.07938
37.2522,1.07937
37.2537,1.07936
37.2552,1.07934
37.2567,1.07933
37.2582,1.07931
37.2597,1.0793
37.2612,1.07929
37.2627,1.07927
37.2642,1.07926
37.2657,1.07925
37.2672,1.07923
37.2687,1.07922
37.2702,1.07921
37.2717,1.07919
37.2732,1.07918
37.2747,1.07917
37.2762,1.07915
37.2777,1.07914
37.2792,1.07913
37.2807,1.07911
37.2822,1.0791
37.2837,1.07909
37.2852,1.07907
37.2867,1.07906
37.2882,1.07905
37.2897,1.07904
37.2912,1.07902
37.2927,1.07901
37.2942,1.079
37.2957,1.07899
37.2972,1.07897
37.2987,1.07896
37.3002,1.07895
37.3017,1.07894
37.3032,1.07892
37.3047,1.07891
37.3062,1.0789
37.3077,1.07889
37.3092,1.07888
37.3107,1.07886
37.3122,1.07885
37.3137,1.07884
37.3152,1.07883
37.3167,1.07882
37.3182,1.07881
37.3197,1.0788
37.3212,1.07878
37.3227,1.07877
37.3242,1.07876
37.3257,1.07875
37.3272,1.07874
37.3287,1.07873
37.3302,1.07872
37.3317,1.07871
37.3332,1.0787
37.3347,1.07869
37.3362,1.07868
37.3377,1.07867
37.3392,1.07866
37.3407,1.07865
37.3422,1.07864
37.3437,1.07863
37.3452,1.07862
37.3467,1.07861
37.3482,1.0786
37.3497,1.07859
37.3512,1.07858
37.3527,1.07857
37.3542,1.07857
37.3557,1.07856
37.3572,1.07855
37.3587,1.07854
37.3602,1.07853
37.3617,1.07852
37.3632,1.07852
37.3647,1.07851
37.3662,1.0785
37.3677,1.07849
37.3692,1.07849
37.3707,1.07848
37.3722,1.07847
37.3737,1.07846
37.3752,1.07846
37.3767,1.07845
37.3782,1.07844
37.3797,1.07844
37.3812,1.07843
37.3827,1.07843
37.3842,1.07842
37.3857,1.07841
37.3871,1.07841
37.3886,1.0784
37.3901,1.0784
37.3916,1.07839
37.3931,1.07839
37.3946,1.07838
37.3961,1.07838
37.3976,1.07837
37.3991,1.07837
37.4006,1.07837
37.4021,1.07836
37.4036,1.07836
37.4051,1.07836
37.4066,1.07835
37.4081,1.07835
37.4096,1.07835
37.4111,1.07835
37.4126,1.07834
37.4141,1.07834
37.4156,1.07834
37.4171,1.07834
37.4186,1.07834
37.4201,1.07834
37.4216,1.07834
37.4231,1.07834
37.4246,1.07834
37.4261,1.07834
37.4276,1.07834
37.4291,1.07834
37.4306,1.07834
37.4321,1.07834
37.4336,1.07835
37.4351,1.07835
37.4366,1.07835
37.4381,1.07835
37.4396,1.07836
37.4411,1.07836
37.4426,1.07837
37.4441,1.07837
37.4456,1.07838
37.4471,1.07838
37.4486,1.07839
37.4501,1.07839
37.4516,1.0784
37.4531,1.07841
37.4546,1.07841
37.4561,1.07842
37.4576,1.07843
37.4591,1.07844
37.4606,1.07845
37.4621,1.07845
37.4636,1.07846
37.4651,1.07847
37.4666,1.07848
37.4681,1.0785
37.4696,1.07851
37.4711,1.07852
37.4726,1.07853
37.4741,1.07854
37.4756,1.07856
37.4771,1.07857
37.4786,1.07858
37.4801,1.0786
37.4816,1.07861
37.4831,1.07863
37.4846,1.07864
37.4861,1.07866
37.4876,1.07868
37.4891,1.07869
37.4906,1.07871
37.4921,1.07873
37.4936,1.07875
37.4951,1.07877
37.4966,1.07879
37.4981,1.07881
37.4996,1.07883
37.5011,1.07885
37.5026,1.07887
37.5041,1.07889
37.5056,1.07891
37.5071,1.07893
37.5086,1.07896
37.5101,1.07898
37.5116,1.07901
37.5131,1.07903
37.5146,1.07906
37.5161,1.07908
37.5176,1.0791
37.5191,1.07913
37.5206,1.07916
37.5221,1.07918
37.5236,1.07921
37.5251,1.07923
37.5266,1.07926
37.5281,1.07929
37.5296,1.07931
37.5311,1.07934
37.5326,1.07937
37.5341,1.0794
37.5356,1.07942
37.5371,1.07945
37.5386,1.07948
37.5401,1.07951
37.5416,1.07954
37.5431,1.07957
37.5446,1.07959
37.5461,1.07962
37.5476,1.07965
37.5491,1.07968
37.5506,1.07971
37.5521,1.07974
37.5536,1.07976
37.5551,1.07979
37.5566,1.07982
37.5581,1.07985
37.5596,1.07988
37.5611,1.07991
37.5626,1.07994
37.5641,1.07997
37.5656,1.07999
37.5671,1.08002
37.5686,1.08005
37.57,1.08008
37.5715,1.08011
37.573,1.08013
37.5745,1.08016
37.576,1.08019
37.5775,1.08022
37.579,1.08025
37.5805,1.08027
37.582,1.0803
37.5835,1.08033
37.585,1.08036
37.5865,1.08039
37.588,1.08041
37.5895,1.08044
37.591,1.08047
37.5925,1.0805
37.594,1.08052
37.5955,1.08055
37.597,1.08058
37.5985,1.08061
37.6,1.08063
37.6015,1.08066
37.603,1.08069
37.6045,1.08072
37.606,1.08075
37.6075,1.08078
37.609,1.0808
37.6105,1.08083
37.612,1.08086
37.6135,1.08089
37.615,1.08092
37.6165,1.08094
37.618,1.08097
37.6195,1.081
37.621,1.08103
37.6225,1.08106
37.624,1.08109
37.6255,1.08112
37.627,1.08115
37.6285,1.08118
37.63,1.08121
37.6315,1.08124
37.633,1.08127
37.6345,1.0813
37.636,1.08133
37.6375,1.08136
37.639,1.08139
37.6405,1.08142
37.642,1.08145
37.6435,1.08148
37.645,1.08151
37.6465,1.08154
37.648,1.08157
37.6495,1.0816
37.651,1.08163
37.6525,1.08166
37.654,1.08169
37.6555,1.08172
37.657,1.08175
37.6585,1.08178
37.66,1.08181
37.6615,1.08184
37.663,1.08187
37.6645,1.0819
37.666,1.08193
37.6675,1.08196
37.669,1.08199
37.6705,1.08202
37.672,1.08205
37.6735,1.08208
37.675,1.08211
37.6765,1.08214
37.678,1.08217
37.6795,1.0822
37.681,1.08223
37.6825,1.08226
37.684,1.08229
37.6855,1.08232
37.687,1.08235
37.6885,1.08238
37.69,1.0824
37.6915,1.08243
37.693,1.08246
37.6945,1.08249
37.696,1.08251
37.6975,1.08254
37.699,1.08257
37.7005,1.0826
37.702,1.08262
37.7035,1.08265
37.705,1.08268
37.7065,1.0827
37.708,1.08273
37.7095,1.08275
37.711,1.08278
37.7125,1.08281
37.714,1.08283
37.7155,1.08286
37.717,1.08288
37.7185,1.08291
37.72,1.08293
37.7215,1.08295
37.723,1.08298
37.7245,1.083
37.726,1.08303
37.7275,1.08305
37.729,1.08308
37.7305,1.0831
37.732,1.08312
37.7335,1.08315
37.735,1.08317
37.7365,1.0832
37.738,1.08322
37.7395,1.08325
37.741,1.08327
37.7425,1.08329
37.744,1.08332
37.7455,1.08334
37.747,1.08336
37.7485,1.08339
37.75,1.08341
37.7514,1.08344
37.7529,1.08346
37.7544,1.08348
37.7559,1.08351
37.7574,1.08353
37.7589,1.08355
37.7604,1.08358
37.7619,1.0836
37.7634,1.08362
37.7649,1.08365
37.7664,1.08367
37.7679,1.08369
37.7694,1.08372
37.7709,1.08374
37.7724,1.08377
37.7739,1.08379
37.7754,1.08381
37.7769,1.08384
37.7784,1.08386
37.7799,1.08389
37.7814,1.08391
37.7829,1.08393
37.7844,1.08396
37.7859,1.08399
37.7874,1.08401
37.7889,1.08404
37.7904,1.08406
37.7919,1.08409
37.7934,1.08411
37.7949,1.08414
37.7964,1.08417
37.7979,1.08419
37.7994,1.08422
37.8009,1.08425
37.8024,1.08427
37.8039,1.0843
37.8054,1.08433
37.8069,1.08435
37.8084,1.08438
37.8099,1.08441
37.8114,1.08443
37.8129,1.08446
37.8144,1.08449
37.8159,1.08451
37.8174,1.08454
37.8189,1.08457
37.8204,1.08459
37.8219,1.08462
37.8234,1.08464
37.8249,1.08467
37.8264,1.0847
37.8279,1.08472
37.8294,1.08475
37.8309,1.08477
37.8324,1.0848
37.8339,1.08482
37.8354,1.08485
37.8369,1.08487
37.8384,1.0849
37.8399,1.08492
37.8414,1.08495
37.8429,1.08497
37.8444,1.085
37.8459,1.08502
37.8474,1.08505
37.8489,1.08507
37.8504,1.08509
37.8519,1.08512
37.8534,1.08514
37.8549,1.08517
37.8564,1.08519
37.8579,1.08521
37.8594,1.08524
37.8609,1.08526
37.8624,1.08529
37.8639,1.08531
37.8654,1.08534
37.8669,1.08536
37.8684,1.08538
37.8699,1.08541
37.8714,1.08543
37.8729,1.08546
37.8744,1.08548
37.8759,1.0855
37.8774,1.08553
37.8789,1.08555
37.8804,1.08558
37.8819,1.0856
37.8834,1.08562
37.8849,1.08565
37.8864,1.08567
37.8879,1.0857
37.8894,1.08572
37.8909,1.08575
37.8924,1.08577
37.8939,1.08579
37.8954,1.08582
37.8969,1.08584
37.8984,1.08586
37.8999,1.08588
37.9014,1.08591
37.9029,1.08593
37.9044,1.08595
37.9059,1.08598
37.9074,1.086
37.9089,1.08602
37.9104,1.08604
37.9119,1.08607
37.9134,1.08609
37.9149,1.08611
37.9164,1.08613
37.9179,1.08615
37.9194,1.08617
37.9209,1.08619
37.9224,1.08621
37.9239,1.08623
37.9254,1.08625
37.9269,1.08627
37.9284,1.08629
37.9299,1.08631
37.9314,1.08633
37.9328,1.08635
37.9343,1.08637
37.9358,1.08639
37.9373,1.08641
37.9388,1.08642
37.9403,1.08644
37.9418,1.08646
37.9433,1.08648
37.9448,1.08649
37.9463,1.08651
37.9478,1.08653
37.9493,1.08654
37.9508,1.08656
37.9523,1.08658
37.9538,1.08659
37.9553,1.08661
37.9568,1.08662
37.9583,1.08664
37.9598,1.08665
37.9613,1.08667
37.9628,1.08668
37.9643,1.0867
37.9658,1.08671
37.9673,1.08673
37.9688,1.08674
37.9703,1.08676
37.9718,1.08677
37.9733,1.08679
37.9748,1.0868
37.9763,1.08682
37.9778,1.08683
37.9793,1.08685
37.9808,1.08686
37.9823,1.08688
37.9838,1.08689
37.9853,1.08691
37.9868,1.08692
37.9883,1.08694
37.9898,1.08695
37.9913,1.08697
37.9928,1.08698
37.9943,1.087
37.9958,1.08701
37.9973,1.08703
37.9988,1.08705
38.0003,1.08706
38.0018,1.08708
38.0033,1.08709
38.0048,1.08711
38.0063,1.08712
38.0078,1.08714
38.0093,1.08716
38.0108,1.08717
38.0123,1.08719
38.0138,1.08721
38.0153,1.08722
38.0168,1.08724
38.0183,1.08726
38.0198,1.08727
38.0213,1.08729
38.0228,1.08731
38.0243,1.08732
38.0258,1.08734
38.0273,1.08736
38.0288,1.08738
38.0303,1.08739
38.0318,1.08741
38.0333,1.08743
38.0348,1.08744
38.0363,1.08746
38.0378,1.08748
38.0393,1.0875
38.0408,1.08751
38.0423,1.08753
38.0438,1.08755
38.0453,1.08757
38.0468,1.08758
38.0483,1.0876
38.0498,1.08762
38.0513,1.08763
38.0528,1.08765
38.0543,1.08767
38.0558,1.08768
38.0573,1.0877
38.0588,1.08772
38.0603,1.08773
38.0618,1.08775
38.0633,1.08777
38.0648,1.08779
38.0663,1.0878
38.0678,1.08782
38.0693,1.08784
38.0708,1.08786
38.0723,1.08787
38.0738,1.08789
38.0753,1.08791
38.0768,1.08792
38.0783,1.08794
38.0798,1.08796
38.0813,1.08798
38.0828,1.08799
38.0843,1.08801
38.0858,1.08803
38.0873,1.08805
38.0888,1.08806
38.0903,1.08808
38.0918,1.0881
38.0933,1.08812
38.0948,1.08813
38.0963,1.08815
38.0978,1.08817
38.0993,1.08819
38.1008,1.08821
38.1023,1.08822
38.1038,1.08824
38.1053,1.08826
38.1068,1.08828
38.1083,1.0883
38.1098,1.08832
38.1113,1.08833
38.1128,1.08835
38.1143,1.08837
38.1157,1.08839
38.1172,1.08841
38.1187,1.08843
38.1202,1.08844
38.1217,1.08846
38.1232,1.08848
38.1247,1.0885
38.1262,1.08852
38.1277,1.08854
38.1292,1.08855
38.1307,1.08857
38.1322,1.08859
38.1337,1.08861
38.1352,1.08863
38.1367,1.08865
38.1382,1.08866
38.1397,1.08868
38.1412,1.0887
38.1427,1.08872
38.1442,1.08874
38.1457,1.08875
38.1472,1.08877
38.1487,1.08879
38.1502,1.0888
38.1517,1.08882
38.1532,1.08884
38.1547,1.08886
38.1562,1.08888
38.1577,1.08889
38.1592,1.08891
38.1607,1.08893
38.1622,1.08894
38.1637,1.08896
38.1652,1.08897
38.1667,1.08899
38.1682,1.08901
38.1697,1.08902
38.1712,1.08904
38.1727,1.08905
38.1742,1.08906
38.1757,1.08908
38.1772,1.08909
38.1787,1.08911
38.1802,1.08912
38.1817,1.08913
38.1832,1.08915
38.1847,1.08916
38.1862,1.08917
38.1877,1.08918
38.1892,1.08919
38.1907,1.0892
38.1922,1.08922
38.1937,1.08923
38.1952,1.08923
38.1967,1.08924
38.1982,1.08925
38.1997,1.08926
38.2012,1.08927
38.2027,1.08928
38.2042,1.08929
38.2057,1.08929
38.2072,1.0893
38.2087,1.08931
38.2102,1.08932
38.2117,1.08932
38.2132,1.08933
38.2147,1.08934
38.2162,1.08934
38.2177,1.08935
38.2192,1.08935
38.2207,1.08936
38.2222,1.08936
38.2237,1.08937
38.2252,1.08937
38.2267,1.08938
38.2282,1.08938
38.2297,1.08938
38.2312,1.08939
38.2327,1.08939
38.2342,1.0894
38.2357,1.0894
38.2372,1.0894
38.2387,1.08941
38.2402,1.08941
38.2417,1.08941
38.2432,1.08942
38.2447,1.08942
38.2462,1.08942
38.2477,1.08943
38.2492,1.08943
38.2507,1.08943
38.2522,1.08943
38.2537,1.08944
38.2552,1.08944
38.2567,1.08944
38.2582,1.08944
38.2597,1.08945
38.2612,1.08945
38.2627,1.08945
38.2642,1.08945
38.2657,1.08946
38.2672,1.08946
38.2687,1.08946
38.2702,1.08946
38.2717,1.08946
38.2732,1.08947
38.2747,1.08947
38.2762,1.08947
38.2777,1.08947
38.2792,1.08948
38.2807,1.08948
38.2822,1.08948
38.2837,1.08948
38.2852,1.08948
38.2867,1.08949
38.2882,1.08949
38.2897,1.08949
38.2912,1.08949
38.2927,1.0895
38.2942,1.0895
38.2957,1.0895
38.2971,1.0895
38.2986,1.0895
38.3001,1.0895
38.3016,1.08951
38.3031,1.08951
38.3046,1.08951
38.3061,1.08951
38.3076,1.08952
38.3091,1.08952
38.3106,1.08952
38.3121,1.08952
38.3136,1.08952
38.3151,1.08952
38.3166,1.08952
38.3181,1.08953
38.3196,1.08953
38.3211,1.08953
38.3226,1.08953
38.3241,1.08953
38.3256,1.08953
38.3271,1.08953
38.3286,1.08953
38.3301,1.08953
38.3316,1.08953
38.3331,1.08953
38.3346,1.08953
38.3361,1.08953
38.3376,1.08953
38.3391,1.08953
38.3406,1.08953
38.3421,1.08953
38.3436,1.08953
38.3451,1.08953
38.3466,1.08952
38.3481,1.08952
38.3496,1.08952
38.3511,1.08952
38.3526,1.08952
38.3541,1.08951
38.3556,1.08951
38.3571,1.0895
38.3586,1.0895
38.3601,1.0895
38.3616,1.08949
38.3631,1.08949
38.3646,1.08948
38.3661,1.08948
38.3676,1.08947
38.3691,1.08946
38.3706,1.08946
38.3721,1.08945
38.3736,1.08944
38.3751,1.08944
38.3766,1.08943
38.3781,1.08942
38.3796,1.08941
38.3811,1.0894
38.3826,1.08939
38.3841,1.08938
38.3856,1.08937
38.3871,1.08936
38.3886,1.08935
38.3901,1.08934
38.3916,1.08933
38.3931,1.08932
38.3946,1.0893
38.3961,1.08929
38.3976,1.08928
38.3991,1.08927
38.4006,1.08925
38.4021,1.08924
38.4036,1.08923
38.4051,1.08921
38.4066,1.0892
38.4081,1.08918
38.4096,1.08917
38.4111,1.08915
38.4126,1.08914
38.4141,1.08912
38.4156,1.08911
38.4171,1.08909
38.4186,1.08908
38.4201,1.08906
38.4216,1.08904
38.4231,1.08902
38.4246,1.08901
38.4261,1.08899
38.4276,1.08897
38.4291,1.08896
38.4306,1.08894
38.4321,1.08892
38.4336,1.0889
38.4351,1.08888
38.4366,1.08887
38.4381,1.08885
38.4396,1.08883
38.4411,1.08881
38.4426,1.08879
38.4441,1.08877
38.4456,1.08875
38.4471,1.08873
38.4486,1.08871
38.4501,1.08869
38.4516,1.08867
38.4531,1.08865
38.4546,1.08863
38.4561,1.08861
38.4576,1.08859
38.4591,1.08857
38.4606,1.08855
38.4621,1.08853
38.4636,1.08851
38.4651,1.08849
38.4666,1.08847
38.4681,1.08845
38.4696,1.08843
38.4711,1.08841
38.4726,1.08838
38.4741,1.08836
38.4756,1.08834
38.4771,1.08832
38.4785,1.0883
38.48,1.08828
38.4815,1.08826
38.483,1.08824
38.4845,1.08821
38.486,1.08819
38.4875,1.08817
38.489,1.08815
38.4905,1.08813
38.492,1.0881
38.4935,1.08808
38.495,1.08806
38.4965,1.08804
38.498,1.08802
38.4995,1.088
38.501,1.08797
38.5025,1.08795
38.504,1.08793
38.5055,1.08791
38.507,1.08789
38.5085,1.08787
38.51,1.08785
38.5115,1.08783
38.513,1.0878
38.5145,1.08778
38.516,1.08776
38.5175,1.08774
38.519,1.08772
38.5205,1.0877
38.522,1.08768
38.5235,1.08766
38.525,1.08764
38.5265,1.08762
38.528,1.0876
38.5295,1.08758
38.531,1.08756
38.5325,1.08754
38.534,1.08752
38.5355,1.08751
38.537,1.08749
38.5385,1.08747
38.54,1.08745
38.5415,1.08744
38.543,1.08742
38.5445,1.0874
38.546,1.08739
38.5475,1.08737
38.549,1.08736
38.5505,1.08734
38.552,1.08733
38.5535,1.08731
38.555,1.0873
38.5565,1.08729
38.558,1.08727
38.5595,1.08726
38.561,1.08725
38.5625,1.08724
38.564,1.08723
38.5655,1.08722
38.567,1.08721
38.5685,1.0872
38.57,1.08719
38.5715,1.08718
38.573,1.08717
38.5745,1.08717
38.576,1.08716
38.5775,1.08715
38.579,1.08715
38.5805,1.08714
38.582,1.08713
38.5835,1.08713
38.585,1.08713
38.5865,1.08712
38.588,1.08712
38.5895,1.08712
38.591,1.08711
38.5925,1.08711
38.594,1.08711
38.5955,1.08711
38.597,1.0871
38.5985,1.0871
38.6,1.0871
38.6015,1.0871
38.603,1.0871
38.6045,1.0871
38.606,1.0871
38.6075,1.08709
38.609,1.08709
38.6105,1.08709
38.612,1.08709
38.6135,1.08709
38.615,1.08709
38.6165,1.08709
38.618,1.08709
38.6195,1.08709
38.621,1.08709
38.6225,1.08709
38.624,1.08709
38.6255,1.08709
38.627,1.08709
38.6285,1.08708
38.63,1.08708
38.6315,1.08708
38.633,1.08708
38.6345,1.08708
38.636,1.08708
38.6375,1.08707
38.639,1.08707
38.6405,1.08707
38.642,1.08707
38.6435,1.08706
38.645,1.08706
38.6465,1.08706
38.648,1.08706
38.6495,1.08705
38.651,1.08705
38.6525,1.08704
38.654,1.08704
38.6555,1.08704
38.657,1.08703
38.6585,1.08703
38.66,1.08702
38.6614,1.08702
38.6629,1.08701
38.6644,1.08701
38.6659,1.087
38.6674,1.08699
38.6689,1.08699
38.6704,1.08698
38.6719,1.08697
38.6734,1.08697
38.6749,1.08696
38.6764,1.08695
38.6779,1.08694
38.6794,1.08694
38.6809,1.08693
38.6824,1.08692
38.6839,1.08691
38.6854,1.0869
38.6869,1.0869
38.6884,1.08689
38.6899,1.08688
38.6914,1.08687
38.6929,1.08686
38.6944,1.08685
38.6959,1.08684
38.6974,1.08683
38.6989,1.08682
38.7004,1.08681
38.7019,1.0868
38.7034,1.08679
38.7049,1.08678
38.7064,1.08677
38.7079,1.08676
38.7094,1.08675
38.7109,1.08674
38.7124,1.08673
38.7139,1.08672
38.7154,1.0867
38.7169,1.08669
38.7184,1.08668
38.7199,1.08667
38.7214,1.08666
38.7229,1.08665
38.7244,1.08663
38.7259,1.08662
38.7274,1.08661
38.7289,1.0866
38.7304,1.08658
38.7319,1.08657
38.7334,1.08656
38.7349,1.08655
38.7364,1.08653
38.7379,1.08652
38.7394,1.08651
38.7409,1.08649
38.7424,1.08648
38.7439,1.08647
38.7454,1.08646
38.7469,1.08644
38.7484,1.08643
38.7499,1.08642
38.7514,1.0864
38.7529,1.08639
38.7544,1.08638
38.7559,1.08636
38.7574,1.08635
38.7589,1.08634
38.7604,1.08632
38.7619,1.08631
38.7634,1.0863
38.7649,1.08629
38.7664,1.08627
38.7679,1.08626
38.7694,1.08625
38.7709,1.08623
38.7724,1.08622
38.7739,1.08621
38.7754,1.0862
38.7769,1.08619
38.7784,1.08617
38.7799,1.08616
38.7814,1.08615
38.7829,1.08614
38.7844,1.08613
38.7859,1.08612
38.7874,1.08611
38.7889,1.08609
38.7904,1.08608
38.7919,1.08607
38.7934,1.08606
38.7949,1.08605
38.7964,1.08604
38.7979,1.08603
38.7994,1.08602
38.8009,1.08601
38.8024,1.086
38.8039,1.08599
38.8054,1.08598
38.8069,1.08597
38.8084,1.08596
38.8099,1.08595
38.8114,1.08595
38.8129,1.08594
38.8144,1.08593
38.8159,1.08592
38.8174,1.08591
38.8189,1.0859
38.8204,1.08589
38.8219,1.08588
38.8234,1.08587
38.8249,1.08586
38.8264,1.08585
38.8279,1.08584
38.8294,1.08583
38.8309,1.08582
38.8324,1.08582
38.8339,1.08581
38.8354,1.0858
38.8369,1.08579
38.8384,1.08578
38.8399,1.08577
38.8414,1.08576
38.8428,1.08575
38.8443,1.08574
38.8458,1.08573
38.8473,1.08572
38.8488,1.08571
38.8503,1.0857
38.8518,1.08568
38.8533,1.08567
38.8548,1.08566
38.8563,1.08565
38.8578,1.08564
38.8593,1.08563
38.8608,1.08562
38.8623,1.0856
38.8638,1.08559
38.8653,1.08558
38.8668,1.08557
38.8683,1.08555
38.8698,1.08554
38.8713,1.08553
38.8728,1.08552
38.8743,1.0855
38.8758,1.08549
38.8773,1.08547
38.8788,1.08546
38.8803,1.08544
38.8818,1.08543
38.8833,1.08541
38.8848,1.0854
38.8863,1.08539
38.8878,1.08537
38.8893,1.08536
38.8908,1.08534
38.8923,1.08532
38.8938,1.08531
38.8953,1.08529
38.8968,1.08528
38.8983,1.08526
38.8998,1.08524
38.9013,1.08523
38.9028,1.08521
38.9043,1.08519
38.9058,1.08518
38.9073,1.08516
38.9088,1.08514
38.9103,1.08513
38.9118,1.08511
38.9133,1.08509
38.9148,1.08507
38.9163,1.08506
38.9178,1.08504
38.9193,1.08502
38.9208,1.085
38.9223,1.08499
38.9238,1.08497
38.9253,1.08495
38.9268,1.08493
38.9283,1.08491
38.9298,1.0849
38.9313,1.08488
38.9328,1.08486
38.9343,1.08484
38.9358,1.08482
38.9373,1.0848
38.9388,1.08478
38.9403,1.08477
38.9418,1.08475
38.9433,1.08473
38.9448,1.08471
38.9463,1.08469
38.9478,1.08467
38.9493,1.08465
38.9508,1.08464
38.9523,1.08462
38.9538,1.0846
38.9553,1.08458
38.9568,1.08456
38.9583,1.08454
38.9598,1.08452
38.9613,1.0845
38.9628,1.08448
38.9643,1.08446
38.9658,1.08444
38.9673,1.08442
38.9688,1.0844
38.9703,1.08439
38.9718,1.08437
38.9733,1.08435
38.9748,1.08433
38.9763,1.08431
38.9778,1.08429
38.9793,1.08427
38.9808,1.08425
38.9823,1.08423
38.9838,1.08421
38.9853,1.08419
38.9868,1.08417
38.9883,1.08415
38.9898,1.08413
38.9913,1.08411
38.9928,1.0841
38.9943,1.08408
38.9958,1.08406
38.9973,1.08404
38.9988,1.08402
39.0003,1.084
39.0018,1.08398
39.0033,1.08396
39.0048,1.08394
39.0063,1.08393
39.0078,1.08391
39.0093,1.08389
39.0108,1.08387
39.0123,1.08385
39.0138,1.08383
39.0153,1.08381
39.0168,1.0838
39.0183,1.08378
39.0198,1.08376
39.0213,1.08374
39.0228,1.08372
39.0243,1.0837
39.0257,1.08369
39.0272,1.08367
39.0287,1.08365
39.0302,1.08363
39.0317,1.08361
39.0332,1.0836
39.0347,1.08358
39.0362,1.08356
39.0377,1.08354
39.0392,1.08352
39.0407,1.0835
39.0422,1.08348
39.0437,1.08346
39.0452,1.08344
39.0467,1.08343
39.0482,1.08341
39.0497,1.08338
39.0512,1.08337
39.0527,1.08335
39.0542,1.08333
39.0557,1.08331
39.0572,1.08329
39.0587,1.08327
39.0602,1.08325
39.0617,1.08323
39.0632,1.08321
39.0647,1.08318
39.0662,1.08316
39.0677,1.08314
39.0692,1.08312
39.0707,1.0831
39.0722,1.08308
39.0737,1.08306
39.0752,1.08304
39.0767,1.08302
39.0782,1.08299
39.0797,1.08297
39.0812,1.08295
39.0827,1.08293
39.0842,1.08291
39.0857,1.08289
39.0872,1.08286
39.0887,1.08284
39.0902,1.08282
39.0917,1.0828
39.0932,1.08278
39.0947,1.08276
39.0962,1.08274
39.0977,1.08272
39.0992,1.0827
39.1007,1.08268
39.1022,1.08267
39.1037,1.08265
39.1052,1.08263
39.1067,1.08261
39.1082,1.0826
39.1097,1.08258
39.1112,1.08256
39.1127,1.08255
39.1142,1.08254
39.1157,1.08252
39.1172,1.08251
39.1187,1.0825
39.1202,1.08249
39.1217,1.08248
39.1232,1.08247
39.1247,1.08246
39.1262,1.08245
39.1277,1.08244
39.1292,1.08244
39.1307,1.08244
39.1322,1.08243
39.1337,1.08243
39.1352,1.08243
39.1367,1.08243
39.1382,1.08243
39.1397,1.08243
39.1412,1.08244
39.1427,1.08244
39.1442,1.08245
39.1457,1.08246
39.1472,1.08247
39.1487,1.08248
39.1502,1.08249
39.1517,1.0825
39.1532,1.08251
39.1547,1.08253
39.1562,1.08255
39.1577,1.08257
39.1592,1.08258
39.1607,1.0826
39.1622,1.08263
39.1637,1.08265
39.1652,1.08267
39.1667,1.08269
39.1682,1.08272
39.1697,1.08274
39.1712,1.08277
39.1727,1.0828
39.1742,1.08282
39.1757,1.08285
39.1772,1.08288
39.1787,1.08291
39.1802,1.08294
39.1817,1.08297
39.1832,1.08299
39.1847,1.08302
39.1862,1.08305
39.1877,1.08308
39.1892,1.08311
39.1907,1.08314
39.1922,1.08316
39.1937,1.08319
39.1952,1.08322
39.1967,1.08324
39.1982,1.08327
39.1997,1.08329
39.2012,1.08332
39.2027,1.08334
39.2042,1.08336
39.2057,1.08338
39.2071,1.0834
39.2086,1.08342
39.2101,1.08344
39.2116,1.08346
39.2131,1.08348
39.2146,1.08349
39.2161,1.08351
39.2176,1.08352
39.2191,1.08353
39.2206,1.08355
39.2221,1.08356
39.2236,1.08357
39.2251,1.08358
39.2266,1.08359
39.2281,1.0836
39.2296,1.08361
39.2311,1.08362
39.2326,1.08362
39.2341,1.08363
39.2356,1.08363
39.2371,1.08364
39.2386,1.08364
39.2401,1.08365
39.2416,1.08365
39.2431,1.08366
39.2446,1.08366
39.2461,1.08366
39.2476,1.08366
39.2491,1.08367
39.2506,1.08367
39.2521,1.08367
39.2536,1.08367
39.2551,1.08367
39.2566,1.08367
39.2581,1.08367
39.2596,1.08367
39.2611,1.08367
39.2626,1.08367
39.2641,1.08368
39.2656,1.08368
39.2671,1.08367
39.2686,1.08367
39.2701,1.08367
39.2716,1.08367
39.2731,1.08367
39.2746,1.08367
39.2761,1.08367
39.2776,1.08367
39.2791,1.08366
39.2806,1.08366
39.2821,1.08366
39.2836,1.08365
39.2851,1.08365
39.2866,1.08364
39.2881,1.08364
39.2896,1.08363
39.2911,1.08363
39.2926,1.08362
39.2941,1.08362
39.2956,1.08361
39.2971,1.0836
39.2986,1.0836
39.3001,1.08359
39.3016,1.08358
39.3031,1.08357
39.3046,1.08357
39.3061,1.08356
39.3076,1.08355
39.3091,1.08354
39.3106,1.08353
39.3121,1.08352
39.3136,1.08351
39.3151,1.08349
39.3166,1.08348
39.3181,1.08347
39.3196,1.08346
39.3211,1.08345
39.3226,1.08344
39.3241,1.08343
39.3256,1.08341
39.3271,1.0834
39.3286,1.08339
39.3301,1.08338
39.3316,1.08336
39.3331,1.08335
39.3346,1.08334
39.3361,1.08333
39.3376,1.08332
39.3391,1.0833
39.3406,1.08329
39.3421,1.08328
39.3436,1.08327
39.3451,1.08326
39.3466,1.08325
39.3481,1.08324
39.3496,1.08323
39.3511,1.08322
39.3526,1.08321
39.3541,1.0832
39.3556,1.08319
39.3571,1.08318
39.3586,1.08317
39.3601,1.08317
39.3616,1.08316
39.3631,1.08315
39.3646,1.08315
39.3661,1.08314
39.3676,1.08314
39.3691,1.08313
39.3706,1.08313
39.3721,1.08313
39.3736,1.08312
39.3751,1.08312
39.3766,1.08312
39.3781,1.08312
39.3796,1.08312
39.3811,1.08312
39.3826,1.08312
39.3841,1.08313
39.3856,1.08313
39.3871,1.08313
39.3885,1.08313
39.39,1.08314
39.3915,1.08315
39.393,1.08315
39.3945,1.08316
39.396,1.08317
39.3975,1.08318
39.399,1.08319
39.4005,1.0832
39.402,1.08321
39.4035,1.08322
39.405,1.08323
39.4065,1.08324
39.408,1.08326
39.4095,1.08327
39.411,1.08329
39.4125,1.08331
39.414,1.08332
39.4155,1.08334
39.417,1.08336
39.4185,1.08338
39.42,1.0834
39.4215,1.08342
39.423,1.08344
39.4245,1.08346
39.426,1.08348
39.4275,1.0835
39.429,1.08352
39.4305,1.08355
39.432,1.08357
39.4335,1.08359
39.435,1.08362
39.4365,1.08364
39.438,1.08367
39.4395,1.08369
39.441,1.08372
39.4425,1.08374
39.444,1.08377
39.4455,1.08379
39.447,1.08382
39.4485,1.08384
39.45,1.08387
39.4515,1.08389
39.453,1.08392
39.4545,1.08395
39.456,1.08397
39.4575,1.084
39.459,1.08402
39.4605,1.08405
39.462,1.08407
39.4635,1.0841
39.465,1.08412
39.4665,1.08415
39.468,1.08417
39.4695,1.08419
39.471,1.08422
39.4725,1.08424
39.474,1.08427
39.4755,1.08429
39.477,1.08431
39.4785,1.08433
39.48,1.08436
39.4815,1.08438
39.483,1.0844
39.4845,1.08442
39.486,1.08444
39.4875,1.08446
39.489,1.08448
39.4905,1.0845
39.492,1.08453
39.4935,1.08455
39.495,1.08457
39.4965,1.08458
39.498,1.08461
39.4995,1.08462
39.501,1.08464
39.5025,1.08466
39.504,1.08468
39.5055,1.0847
39.507,1.08472
39.5085,1.08474
39.51,1.08476
39.5115,1.08478
39.513,1.0848
39.5145,1.08481
39.516,1.08483
39.5175,1.08485
39.519,1.08487
39.5205,1.08489
39.522,1.08491
39.5235,1.08493
39.525,1.08495
39.5265,1.08496
39.528,1.08498
39.5295,1.085
39.531,1.08502
39.5325,1.08504
39.534,1.08506
39.5355,1.08508
39.537,1.08509
39.5385,1.08511
39.54,1.08513
39.5415,1.08515
39.543,1.08517
39.5445,1.08519
39.546,1.0852
39.5475,1.08523
39.549,1.08524
39.5505,1.08526
39.552,1.08528
39.5535,1.0853
39.555,1.08532
39.5565,1.08534
39.558,1.08536
39.5595,1.08538
39.561,1.0854
39.5625,1.08541
39.564,1.08544
39.5655,1.08546
39.567,1.08547
39.5685,1.08549
39.57,1.08551
39.5714,1.08553
39.5729,1.08555
39.5744,1.08557
39.5759,1.08559
39.5774,1.08561
39.5789,1.08564
39.5804,1.08566
39.5819,1.08568
39.5834,1.0857
39.5849,1.08572
39.5864,1.08574
39.5879,1.08576
39.5894,1.08578
39.5909,1.0858
39.5924,1.08582
39.5939,1.08584
39.5954,1.08587
39.5969,1.08589
39.5984,1.08591
39.5999,1.08593
39.6014,1.08595
39.6029,1.08597
39.6044,1.086
39.6059,1.08602
39.6074,1.08604
39.6089,1.08606
39.6104,1.08608
39.6119,1.0861
39.6134,1.08613
39.6149,1.08615
39.6164,1.08617
39.6179,1.08619
39.6194,1.08621
39.6209,1.08624
39.6224,1.08626
39.6239,1.08628
39.6254,1.0863
39.6269,1.08632
39.6284,1.08634
39.6299,1.08637
39.6314,1.08639
39.6329,1.08641
39.6344,1.08643
39.6359,1.08645
39.6374,1.08647
39.6389,1.08649
39.6404,1.08651
39.6419,1.08653
39.6434,1.08655
39.6449,1.08657
39.6464,1.08659
39.6479,1.08662
39.6494,1.08664
39.6509,1.08665
39.6524,1.08667
39.6539,1.08669
39.6554,1.08671
39.6569,1.08673
39.6584,1.08675
39.6599,1.08677
39.6614,1.08679
39.6629,1.08681
39.6644,1.08683
39.6659,1.08684
39.6674,1.08686
39.6689,1.08688
39.6704,1.0869
39.6719,1.08691
39.6734,1.08693
39.6749,1.08695
39.6764,1.08696
39.6779,1.08698
39.6794,1.087
39.6809,1.08701
39.6824,1.08703
39.6839,1.08705
39.6854,1.08706
39.6869,1.08708
39.6884,1.08709
39.6899,1.08711
39.6914,1.08712
39.6929,1.08714
39.6944,1.08716
39.6959,1.08717
39.6974,1.08718
39.6989,1.0872
39.7004,1.08721
39.7019,1.08723
39.7034,1.08724
39.7049,1.08726
39.7064,1.08727
39.7079,1.08729
39.7094,1.0873
39.7109,1.08732
39.7124,1.08733
39.7139,1.08735
39.7154,1.08736
39.7169,1.08738
39.7184,1.08739
39.7199,1.08741
39.7214,1.08742
39.7229,1.08743
39.7244,1.08745
39.7259,1.08746
39.7274,1.08748
39.7289,1.08749
39.7304,1.08751
39.7319,1.08752
39.7334,1.08753
39.7349,1.08755
39.7364,1.08756
39.7379,1.08758
39.7394,1.08759
39.7409,1.08761
39.7424,1.08762
39.7439,1.08764
39.7454,1.08765
39.7469,1.08767
39.7484,1.08768
39.7499,1.0877
39.7514,1.08771
39.7528,1.08773
39.7543,1.08774
39.7558,1.08776
39.7573,1.08777
39.7588,1.08779
39.7603,1.0878
39.7618,1.08782
39.7633,1.08784
39.7648,1.08785
39.7663,1.08787
39.7678,1.08789
39.7693,1.08791
39.7708,1.08792
39.7723,1.08794
39.7738,1.08796
39.7753,1.08798
39.7768,1.08799
39.7783,1.08801
39.7798,1.08803
39.7813,1.08805
39.7828,1.08807
39.7843,1.08809
39.7858,1.08811
39.7873,1.08813
39.7888,1.08815
39.7903,1.08817
39.7918,1.08819
39.7933,1.08821
39.7948,1.08823
39.7963,1.08825
39.7978,1.08827
39.7993,1.0883
39.8008,1.08832
39.8023,1.08834
39.8038,1.08836
39.8053,1.08838
39.8068,1.08841
39.8083,1.08843
39.8098,1.08845
39.8113,1.08847
39.8128,1.0885
39.8143,1.08852
39.8158,1.08854
39.8173,1.08856
39.8188,1.08859
39.8203,1.08861
39.8218,1.08863
39.8233,1.08865
39.8248,1.08867
39.8263,1.0887
39.8278,1.08872
39.8293,1.08874
39.8308,1.08876
39.8323,1.08879
39.8338,1.08881
39.8353,1.08883
39.8368,1.08885
39.8383,1.08887
39.8398,1.08889
39.8413,1.08891
39.8428,1.08893
39.8443,1.08895
39.8458,1.08897
39.8473,1.08899
39.8488,1.08901
39.8503,1.08903
39.8518,1.08905
39.8533,1.08907
39.8548,1.08909
39.8563,1.08911
39.8578,1.08912
39.8593,1.08914
39.8608,1.08916
39.8623,1.08918
39.8638,1.08919
39.8653,1.08921
39.8668,1.08923
39.8683,1.08925
39.8698,1.08926
39.8713,1.08928
39.8728,1.0893
39.8743,1.08931
39.8758,1.08933
39.8773,1.08935
39.8788,1.08936
39.8803,1.08938
39.8818,1.0894
39.8833,1.08941
39.8848,1.08943
39.8863,1.08945
39.8878,1.08947
39.8893,1.08948
39.8908,1.0895
39.8923,1.08952
39.8938,1.08954
39.8953,1.08955
39.8968,1.08957
39.8983,1.08959
39.8998,1.08961
39.9013,1.08963
39.9028,1.08965
39.9043,1.08967
39.9058,1.08969
39.9073,1.08971
39.9088,1.08973
39.9103,1.08975
39.9118,1.08978
39.9133,1.0898
39.9148,1.08982
39.9163,1.08984
39.9178,1.08987
39.9193,1.08989
39.9208,1.08992
39.9223,1.08994
39.9238,1.08997
39.9253,1.08999
39.9268,1.09002
39.9283,1.09004
39.9298,1.09007
39.9313,1.0901
39.9328,1.09012
39.9342,1.09015
39.9357,1.09018
39.9372,1.0902
39.9387,1.09023
39.9402,1.09026
39.9417,1.09028
39.9432,1.09031
39.9447,1.09034
39.9462,1.09036
39.9477,1.09039
39.9492,1.09041
39.9507,1.09044
39.9522,1.09046
39.9537,1.09049
39.9552,1.09052
39.9567,1.09054
39.9582,1.09056
39.9597,1.09059
39.9612,1.09061
39.9627,1.09064
39.9642,1.09066
39.9657,1.09068
39.9672,1.09071
39.9687,1.09073
39.9702,1.09076
39.9717,1.09078
39.9732,1.0908
39.9747,1.09082
39.9762,1.09085
39.9777,1.09087
39.9792,1.09089
39.9807,1.09091
39.9822,1.09093
39.9837,1.09096
39.9852,1.09098
39.9867,1.091
39.9882,1.09102
39.9897,1.09105
39.9912,1.09107
39.9927,1.09109
39.9942,1.09111
39.9957,1.09113
39.9972,1.09115
39.9987,1.09117
40.0002,1.0912
40.0017,1.09122
40.0032,1.09124
40.0047,1.09126
40.0062,1.09128
40.0077,1.0913
40.0092,1.09132
40.0107,1.09134
40.0122,1.09136
40.0137,1.09139
40.0152,1.09141
40.0167,1.09143
40.0182,1.09145
40.0197,1.09147
40.0212,1.09149
40.0227,1.09151
40.0242,1.09153
40.0257,1.09155
40.0272,1.09157
40.0287,1.09159
40.0302,1.0916
40.0317,1.09162
40.0332,1.09164
40.0347,1.09166
40.0362,1.09168
40.0377,1.0917
40.0392,1.09172
40.0407,1.09174
40.0422,1.09175
40.0437,1.09177
40.0452,1.09179
40.0467,1.0918
40.0482,1.09182
40.0497,1.09183
40.0512,1.09185
40.0527,1.09187
40.0542,1.09188
40.0557,1.09189
40.0572,1.09191
40.0587,1.09192
40.0602,1.09193
40.0617,1.09195
40.0632,1.09196
40.0647,1.09197
40.0662,1.09198
40.0677,1.09199
40.0692,1.092
40.0707,1.09201
40.0722,1.09201
40.0737,1.09202
40.0752,1.09203
40.0767,1.09203
40.0782,1.09204
40.0797,1.09204
40.0812,1.09205
40.0827,1.09205
40.0842,1.09206
40.0857,1.09206
40.0872,1.09206
40.0887,1.09206
40.0902,1.09206
40.0917,1.09206
40.0932,1.09206
40.0947,1.09206
40.0962,1.09206
40.0977,1.09206
40.0992,1.09205
40.1007,1.09205
40.1022,1.09205
40.1037,1.09204
40.1052,1.09204
40.1067,1.09204
40.1082,1.09203
40.1097,1.09203
40.1112,1.09202
40.1127,1.09202
40.1142,1.09201
40.1157,1.09201
40.1171,1.092
40.1186,1.092
40.1201,1.09199
40.1216,1.09198
40.1231,1.09198
40.1246,1.09197
40.1261,1.09197
40.1276,1.09196
40.1291,1.09196
40.1306,1.09195
40.1321,1.09195
40.1336,1.09194
40.1351,1.09194
40.1366,1.09193
40.1381,1.09193
40.1396,1.09193
40.1411,1.09192
40.1426,1.09192
40.1441,1.09192
40.1456,1.09191
40.1471,1.09191
40.1486,1.09191
40.1501,1.0919
40.1516,1.0919
40.1531,1.0919
40.1546,1.0919
40.1561,1.0919
40.1576,1.09189
40.1591,1.09189
40.1606,1.09189
40.1621,1.09189
40.1636,1.09189
40.1651,1.09189
40.1666,1.09189
40.1681,1.09189
40.1696,1.09189
40.1711,1.09189
40.1726,1.09189
40.1741,1.09189
40.1756,1.09189
40.1771,1.09189
40.1786,1.09189
40.1801,1.09189
40.1816,1.09188
40.1831,1.09188
40.1846,1.09188
40.1861,1.09188
40.1876,1.09188
40.1891,1.09188
40.1906,1.09188
40.1921,1.09188
40.1936,1.09187
40.1951,1.09187
40.1966,1.09187
40.1981,1.09186
40.1996,1.09186
40.2011,1.09186
40.2026,1.09185
40.2041,1.09185
40.2056,1.09184
40.2071,1.09183
40.2086,1.09183
40.2101,1.09182
40.2116,1.09181
40.2131,1.0918
40.2146,1.09179
40.2161,1.09178
40.2176,1.09177
40.2191,1.09176
40.2206,1.09174
40.2221,1.09173
40.2236,1.09172
40.2251,1.0917
40.2266,1.09169
40.2281,1.09167
40.2296,1.09165
40.2311,1.09163
40.2326,1.09161
40.2341,1.09159
40.2356,1.09157
40.2371,1.09154
40.2386,1.09152
40.2401,1.09149
40.2416,1.09147
40.2431,1.09144
40.2446,1.09141
40.2461,1.09138
40.2476,1.09135
40.2491,1.09132
40.2506,1.09128
40.2521,1.09125
40.2536,1.09121
40.2551,1.09118
40.2566,1.09114
40.2581,1.0911
40.2596,1.09106
40.2611,1.09102
40.2626,1.09098
40.2641,1.09094
40.2656,1.0909
40.2671,1.09085
40.2686,1.09081
40.2701,1.09076
40.2716,1.09072
40.2731,1.09067
40.2746,1.09062
40.2761,1.09058
40.2776,1.09053
40.2791,1.09048
40.2806,1.09043
40.2821,1.09038
40.2836,1.09033
40.2851,1.09028
40.2866,1.09023
40.2881,1.09018
40.2896,1.09013
40.2911,1.09007
40.2926,1.09002
40.2941,1.08997
40.2956,1.08991
40.2971,1.08986
40.2985,1.08981
40.3,1.08975
40.3015,1.0897
40.303,1.08965
40.3045,1.08959
40.306,1.08954
40.3075,1.08948
40.309,1.08943
40.3105,1.08937
40.312,1.08932
40.3135,1.08926
40.315,1.08921
40.3165,1.08916
40.318,1.0891
40.3195,1.08904
40.321,1.08899
40.3225,1.08893
40.324,1.08888
40.3255,1.08882
40.327,1.08877
40.3285,1.08871
40.33,1.08866
40.3315,1.0886
40.333,1.08854
40.3345,1.08849
40.336,1.08843
40.3375,1.08838
40.339,1.08832
40.3405,1.08827
40.342,1.08821
40.3435,1.08816
40.345,1.0881
40.3465,1.08805
40.348,1.08799
40.3495,1.08794
40.351,1.08788
40.3525,1.08783
40.354,1.08777
40.3555,1.08772
40.357,1.08766
40.3585,1.08761
40.36,1.08755
40.3615,1.0875
40.363,1.08744
40.3645,1.08739
40.366,1.08734
40.3675,1.08728
40.369,1.08723
40.3705,1.08718
40.372,1.08713
40.3735,1.08707
40.375,1.08702
40.3765,1.08697
40.378,1.08692
40.3795,1.08687
40.381,1.08681
40.3825,1.08676
40.384,1.08671
40.3855,1.08666
40.387,1.08661
40.3885,1.08656
40.39,1.08651
40.3915,1.08646
40.393,1.08641
40.3945,1.08636
40.396,1.08631
40.3975,1.08626
40.399,1.08621
40.4005,1.08616
40.402,1.08612
40.4035,1.08607
40.405,1.08602
40.4065,1.08597
40.408,1.08592
40.4095,1.08588
40.411,1.08583
40.4125,1.08578
40.414,1.08574
40.4155,1.08569
40.417,1.08565
40.4185,1.0856
40.42,1.08556
40.4215,1.08551
40.423,1.08547
40.4245,1.08542
40.426,1.08538
40.4275,1.08534
40.429,1.08529
40.4305,1.08525
40.432,1.08521
40.4335,1.08517
40.435,1.08512
40.4365,1.08508
40.438,1.08504
40.4395,1.085
40.441,1.08496
40.4425,1.08492
40.444,1.08488
40.4455,1.08484
40.447,1.0848
40.4485,1.08476
40.45,1.08472
40.4515,1.08468
40.453,1.08464
40.4545,1.0846
40.456,1.08457
40.4575,1.08453
40.459,1.08449
40.4605,1.08445
40.462,1.08442
40.4635,1.08438
40.465,1.08435
40.4665,1.08431
40.468,1.08427
40.4695,1.08424
40.471,1.0842
40.4725,1.08417
40.474,1.08413
40.4755,1.0841
40.477,1.08407
40.4785,1.08403
40.4799,1.084
40.4814,1.08396
40.4829,1.08393
40.4844,1.0839
40.4859,1.08387
40.4874,1.08383
40.4889,1.0838
40.4904,1.08377
40.4919,1.08374
40.4934,1.08371
40.4949,1.08368
40.4964,1.08364
40.4979,1.08361
40.4994,1.08358
40.5009,1.08355
40.5024,1.08352
40.5039,1.08349
40.5054,1.08346
40.5069,1.08343
40.5084,1.0834
40.5099,1.08337
40.5114,1.08335
40.5129,1.08332
40.5144,1.08329
40.5159,1.08326
40.5174,1.08323
40.5189,1.0832
40.5204,1.08317
40.5219,1.08315
40.5234,1.08312
40.5249,1.08309
40.5264,1.08306
40.5279,1.08304
40.5294,1.08301
40.5309,1.08298
40.5324,1.08296
40.5339,1.08293
40.5354,1.0829
40.5369,1.08288
40.5384,1.08285
40.5399,1.08282
40.5414,1.0828
40.5429,1.08277
40.5444,1.08274
40.5459,1.08272
40.5474,1.08269
40.5489,1.08267
40.5504,1.08264
40.5519,1.08262
40.5534,1.08259
40.5549,1.08257
40.5564,1.08254
40.5579,1.08252
40.5594,1.08249
40.5609,1.08247
40.5624,1.08244
40.5639,1.08242
40.5654,1.08239
40.5669,1.08237
40.5684,1.08235
40.5699,1.08232
40.5714,1.0823
40.5729,1.08227
40.5744,1.08225
40.5759,1.08223
40.5774,1.0822
40.5789,1.08218
40.5804,1.08216
40.5819,1.08213
40.5834,1.08211
40.5849,1.08209
40.5864,1.08206
40.5879,1.08204
40.5894,1.08202
40.5909,1.082
40.5924,1.08198
40.5939,1.08195
40.5954,1.08193
40.5969,1.08191
40.5984,1.08189
40.5999,1.08187
40.6014,1.08184
40.6029,1.08182
40.6044,1.0818
40.6059,1.08178
40.6074,1.08176
40.6089,1.08174
40.6104,1.08172
40.6119,1.0817
40.6134,1.08168
40.6149,1.08166
40.6164,1.08164
40.6179,1.08162
40.6194,1.0816
40.6209,1.08158
40.6224,1.08156
40.6239,1.08154
40.6254,1.08153
40.6269,1.08151
40.6284,1.08149
40.6299,1.08147
40.6314,1.08145
40.6329,1.08144
40.6344,1.08142
40.6359,1.0814
40.6374,1.08139
40.6389,1.08137
40.6404,1.08135
40.6419,1.08134
40.6434,1.08132
40.6449,1.0813
40.6464,1.08129
40.6479,1.08127
40.6494,1.08126
40.6509,1.08124
40.6524,1.08123
40.6539,1.08122
40.6554,1.0812
40.6569,1.08119
40.6584,1.08118
40.6599,1.08116
40.6614,1.08115
40.6628,1.08114
40.6643,1.08112
40.6658,1.08111
40.6673,1.0811
40.6688,1.08109
40.6703,1.08108
40.6718,1.08107
40.6733,1.08106
40.6748,1.08105
40.6763,1.08104
40.6778,1.08103
40.6793,1.08102
40.6808,1.08101
40.6823,1.081
40.6838,1.08099
40.6853,1.08098
40.6868,1.08098
40.6883,1.08097
40.6898,1.08096
40.6913,1.08095
40.6928,1.08095
40.6943,1.08094
40.6958,1.08093
40.6973,1.08093
40.6988,1.08092
40.7003,1.08092
40.7018,1.08091
40.7033,1.08091
40.7048,1.0809
40.7063,1.0809
40.7078,1.0809
40.7093,1.08089
40.7108,1.08089
40.7123,1.08088
40.7138,1.08088
40.7153,1.08088
40.7168,1.08088
40.7183,1.08088
40.7198,1.08087
40.7213,1.08087
40.7228,1.08087
40.7243,1.08087
40.7258,1.08087
40.7273,1.08087
40.7288,1.08087
40.7303,1.08087
40.7318,1.08087
40.7333,1.08087
40.7348,1.08087
40.7363,1.08087
40.7378,1.08087
40.7393,1.08087
40.7408,1.08087
40.7423,1.08087
40.7438,1.08087
40.7453,1.08087
40.7468,1.08088
40.7483,1.08088
40.7498,1.08088
40.7513,1.08088
40.7528,1.08088
40.7543,1.08089
40.7558,1.08089
40.7573,1.08089
40.7588,1.0809
40.7603,1.0809
40.7618,1.0809
40.7633,1.08091
40.7648,1.08091
40.7663,1.08092
40.7678,1.08092
40.7693,1.08092
40.7708,1.08093
40.7723,1.08093
40.7738,1.08094
40.7753,1.08094
40.7768,1.08095
40.7783,1.08095
40.7798,1.08096
40.7813,1.08096
40.7828,1.08097
40.7843,1.08097
40.7858,1.08098
40.7873,1.08098
40.7888,1.08099
40.7903,1.081
40.7918,1.081
40.7933,1.08101
40.7948,1.08101
40.7963,1.08102
40.7978,1.08103
40.7993,1.08103
40.8008,1.08104
40.8023,1.08104
40.8038,1.08105
40.8053,1.08106
40.8068,1.08107
40.8083,1.08107
40.8098,1.08108
40.8113,1.08109
40.8128,1.08109
40.8143,1.0811
40.8158,1.08111
40.8173,1.08111
40.8188,1.08112
40.8203,1.08113
40.8218,1.08114
40.8233,1.08114
40.8248,1.08115
40.8263,1.08116
40.8278,1.08117
40.8293,1.08117
40.8308,1.08118
40.8323,1.08119
40.8338,1.0812
40.8353,1.08121
40.8368,1.08121
40.8383,1.08122
40.8398,1.08123
40.8413,1.08124
40.8428,1.08125
40.8442,1.08125
40.8457,1.08127
40.8472,1.08127
40.8487,1.08128
40.8502,1.08129
40.8517,1.0813
40.8532,1.08131
40.8547,1.08132
40.8562,1.08133
40.8577,1.08134
40.8592,1.08135
40.8607,1.08136
40.8622,1.08137
40.8637,1.08138
40.8652,1.08139
40.8667,1.0814
40.8682,1.0814
40.8697,1.08142
40.8712,1.08143
40.8727,1.08144
40.8742,1.08145
40.8757,1.08146
40.8772,1.08147
40.8787,1.08148
40.8802,1.08149
40.8817,1.0815
40.8832,1.08151
40.8847,1.08153
40.8862,1.08154
40.8877,1.08155
40.8892,1.08156
40.8907,1.08157
40.8922,1.08158
40.8937,1.0816
40.8952,1.08161
40.8967,1.08162
40.8982,1.08164
40.8997,1.08165
40.9012,1.08166
40.9027,1.08167
40.9042,1.08169
40.9057,1.0817
40.9072,1.08171
40.9087,1.08173
40.9102,1.08174
40.9117,1.08176
40.9132,1.08177
40.9147,1.08178
40.9162,1.0818
40.9177,1.08181
40.9192,1.08183
40.9207,1.08184
40.9222,1.08186
40.9237,1.08187
40.9252,1.08189
40.9267,1.0819
40.9282,1.08192
40.9297,1.08193
40.9312,1.08195
40.9327,1.08196
40.9342,1.08198
40.9357,1.08199
40.9372,1.08201
40.9387,1.08203
40.9402,1.08204
40.9417,1.08206
40.9432,1.08207
40.9447,1.08209
40.9462,1.0821
40.9477,1.08212
40.9492,1.08213
40.9507,1.08215
40.9522,1.08216
40.9537,1.08218
40.9552,1.08219
40.9567,1.08221
40.9582,1.08222
40.9597,1.08224
40.9612,1.08225
40.9627,1.08227
40.9642,1.08228
40.9657,1.08229
40.9672,1.08231
40.9687,1.08232
40.9702,1.08234
40.9717,1.08235
40.9732,1.08237
40.9747,1.08238
40.9762,1.08239
40.9777,1.08241
40.9792,1.08242
40.9807,1.08243
40.9822,1.08245
40.9837,1.08246
40.9852,1.08247
40.9867,1.08249
40.9882,1.0825
40.9897,1.08251
40.9912,1.08253
40.9927,1.08254
40.9942,1.08255
40.9957,1.08257
40.9972,1.08258
40.9987,1.08259
41.0002,1.08261
41.0017,1.08262
41.0032,1.08263
41.0047,1.08265
41.0062,1.08266
41.0077,1.08267
41.0092,1.08269
41.0107,1.0827
41.0122,1.08271
41.0137,1.08273
41.0152,1.08274
41.0167,1.08275
41.0182,1.08277
41.0197,1.08278
41.0212,1.0828
41.0227,1.08281
41.0242,1.08283
41.0257,1.08284
41.0271,1.08286
41.0286,1.08287
41.0301,1.08289
41.0316,1.0829
41.0331,1.08292
41.0346,1.08294
41.0361,1.08295
41.0376,1.08297
41.0391,1.08298
41.0406,1.083
41.0421,1.08302
41.0436,1.08303
41.0451,1.08305
41.0466,1.08307
41.0481,1.08309
41.0496,1.08311
41.0511,1.08312
41.0526,1.08314
41.0541,1.08316
41.0556,1.08318
41.0571,1.0832
41.0586,1.08321
41.0601,1.08323
41.0616,1.08325
41.0631,1.08327
41.0646,1.08329
41.0661,1.08331
41.0676,1.08333
41.0691,1.08335
41.0706,1.08337
41.0721,1.08339
41.0736,1.08341
41.0751,1.08343
41.0766,1.08346
41.0781,1.08348
41.0796,1.0835
41.0811,1.08352
41.0826,1.08354
41.0841,1.08356
41.0856,1.08359
41.0871,1.08361
41.0886,1.08363
41.0901,1.08365
41.0916,1.08368
41.0931,1.0837
41.0946,1.08372
41.0961,1.08375
41.0976,1.08377
41.0991,1.08379
41.1006,1.08382
41.1021,1.08384
41.1036,1.08387
41.1051,1.08389
41.1066,1.08392
41.1081,1.08394
41.1096,1.08397
41.1111,1.08399
41.1126,1.08402
41.1141,1.08404
41.1156,1.08407
41.1171,1.08409
41.1186,1.08412
41.1201,1.08414
41.1216,1.08417
41.1231,1.0842
41.1246,1.08422
41.1261,1.08425
41.1276,1.08428
41.1291,1.08431
41.1306,1.08433
41.1321,1.08436
41.1336,1.08439
41.1351,1.08441
41.1366,1.08444
41.1381,1.08447
41.1396,1.0845
41.1411,1.08453
41.1426,1.08455
41.1441,1.08458
41.1456,1.08461
41.1471,1.08464
41.1486,1.08467
41.1501,1.0847
41.1516,1.08473
41.1531,1.08476
41.1546,1.08479
41.1561,1.08482
41.1576,1.08484
41.1591,1.08487
41.1606,1.0849
41.1621,1.08493
41.1636,1.08497
41.1651,1.085
41.1666,1.08503
41.1681,1.08506
41.1696,1.08509
41.1711,1.08512
41.1726,1.08515
41.1741,1.08518
41.1756,1.08521
41.1771,1.08524
41.1786,1.08528
41.1801,1.08531
41.1816,1.08534
41.1831,1.08537
41.1846,1.0854
41.1861,1.08544
41.1876,1.08547
41.1891,1.0855
41.1906,1.08553
41.1921,1.08557
41.1936,1.0856
41.1951,1.08563
41.1966,1.08566
41.1981,1.0857
41.1996,1.08573
41.2011,1.08576
41.2026,1.08579
41.2041,1.08583
41.2056,1.08586
41.2071,1.08589
41.2085,1.08593
41.21,1.08596
41.2115,1.08599
41.213,1.08603
41.2145,1.08606
41.216,1.08609
41.2175,1.08613
41.219,1.08616
41.2205,1.08619
41.222,1.08623
41.2235,1.08626
41.225,1.08629
41.2265,1.08632
41.228,1.08636
41.2295,1.08639
41.231,1.08642
41.2325,1.08646
41.234,1.08649
41.2355,1.08652
41.237,1.08656
41.2385,1.08659
41.24,1.08662
41.2415,1.08665
41.243,1.08668
41.2445,1.08672
41.246,1.08675
41.2475,1.08678
41.249,1.08682
41.2505,1.08685
41.252,1.08688
41.2535,1.08691
41.255,1.08694
41.2565,1.08697
41.258,1.08701
41.2595,1.08704
41.261,1.08707
41.2625,1.0871
41.264,1.08713
41.2655,1.08716
41.267,1.08719
41.2685,1.08723
41.27,1.08726
41.2715,1.08729
41.273,1.08732
41.2745,1.08735
41.276,1.08738
41.2775,1.08741
41.279,1.08744
41.2805,1.08747
41.282,1.0875
41.2835,1.08753
41.285,1.08755
41.2865,1.08758
41.288,1.08761
41.2895,1.08764
41.291,1.08767
41.2925,1.0877
41.294,1.08772
41.2955,1.08775
41.297,1.08778
41.2985,1.08781
41.3,1.08783
41.3015,1.08786
41.303,1.08789
41.3045,1.08791
41.306,1.08794
41.3075,1.08796
41.309,1.08799
41.3105,1.08801
41.312,1.08804
41.3135,1.08806
41.315,1.08809
41.3165,1.08811
41.318,1.08813
41.3195,1.08816
41.321,1.08818
41.3225,1.0882
41.324,1.08822
41.3255,1.08824
41.327,1.08826
41.3285,1.08828
41.33,1.0883
41.3315,1.08832
41.333,1.08834
41.3345,1.08836
41.336,1.08838
41.3375,1.0884
41.339,1.08841
41.3405,1.08843
41.342,1.08845
41.3435,1.08846
41.345,1.08848
41.3465,1.08849
41.348,1.08851
41.3495,1.08852
41.351,1.08854
41.3525,1.08855
41.354,1.08856
41.3555,1.08858
41.357,1.08859
41.3585,1.0886
41.36,1.08861
41.3615,1.08862
41.363,1.08863
41.3645,1.08864
41.366,1.08866
41.3675,1.08867
41.369,1.08867
41.3705,1.08868
41.372,1.08869
41.3735,1.0887
41.375,1.08871
41.3765,1.08872
41.378,1.08873
41.3795,1.08873
41.381,1.08874
41.3825,1.08875
41.384,1.08875
41.3855,1.08876
41.387,1.08877
41.3885,1.08877
41.3899,1.08878
41.3914,1.08878
41.3929,1.08879
41.3944,1.0888
41.3959,1.0888
41.3974,1.08881
41.3989,1.08881
41.4004,1.08881
41.4019,1.08882
41.4034,1.08882
41.4049,1.08883
41.4064,1.08883
41.4079,1.08883
41.4094,1.08884
41.4109,1.08884
41.4124,1.08885
41.4139,1.08885
41.4154,1.08885
41.4169,1.08885
41.4184,1.08886
41.4199,1.08886
41.4214,1.08886
41.4229,1.08886
41.4244,1.08887
41.4259,1.08887
41.4274,1.08887
41.4289,1.08887
41.4304,1.08888
41.4319,1.08888
41.4334,1.08888
41.4349,1.08888
41.4364,1.08889
41.4379,1.08889
41.4394,1.08889
41.4409,1.08889
41.4424,1.08889
41.4439,1.0889
41.4454,1.0889
41.4469,1.0889
41.4484,1.0889
41.4499,1.08891
41.4514,1.08891
41.4529,1.08891
41.4544,1.08891
41.4559,1.08891
41.4574,1.08891
41.4589,1.08891
41.4604,1.08892
41.4619,1.08892
41.4634,1.08892
41.4649,1.08892
41.4664,1.08892
41.4679,1.08892
41.4694,1.08892
41.4709,1.08892
41.4724,1.08892
41.4739,1.08892
41.4754,1.08892
41.4769,1.08892
41.4784,1.08892
41.4799,1.08892
41.4814,1.08892
41.4829,1.08892
41.4844,1.08892
41.4859,1.08892
41.4874,1.08891
41.4889,1.08891
41.4904,1.08891
41.4919,1.08891
41.4934,1.08891
41.4949,1.0889
41.4964,1.0889
41.4979,1.0889
41.4994,1.08889
41.5009,1.08889
41.5024,1.08889
41.5039,1.08888
41.5054,1.08888
41.5069,1.08888
41.5084,1.08887
41.5099,1.08887
41.5114,1.08886
41.5129,1.08886
41.5144,1.08885
41.5159,1.08885
41.5174,1.08884
41.5189,1.08884
41.5204,1.08883
41.5219,1.08882
41.5234,1.08882
41.5249,1.08881
41.5264,1.08881
41.5279,1.0888
41.5294,1.0888
41.5309,1.08879
41.5324,1.08879
41.5339,1.08878
41.5354,1.08878
41.5369,1.08877
41.5384,1.08877
41.5399,1.08876
41.5414,1.08876
41.5429,1.08876
41.5444,1.08876
41.5459,1.08875
41.5474,1.08875
41.5489,1.08875
41.5504,1.08875
41.5519,1.08875
41.5534,1.08875
41.5549,1.08875
41.5564,1.08875
41.5579,1.08875
41.5594,1.08875
41.5609,1.08875
41.5624,1.08875
41.5639,1.08876
41.5654,1.08876
41.5669,1.08876
41.5684,1.08877
41.5699,1.08877
41.5714,1.08878
41.5728,1.08878
41.5743,1.08879
41.5758,1.08879
41.5773,1.0888
41.5788,1.08881
41.5803,1.08881
41.5818,1.08882
41.5833,1.08882
41.5848,1.08883
41.5863,1.08884
41.5878,1.08885
41.5893,1.08885
41.5908,1.08886
41.5923,1.08887
41.5938,1.08887
41.5953,1.08888
41.5968,1.08889
41.5983,1.0889
41.5998,1.0889
41.6013,1.08891
41.6028,1.08892
41.6043,1.08892
41.6058,1.08893
41.6073,1.08893
41.6088,1.08894
41.6103,1.08894
41.6118,1.08894
41.6133,1.08895
41.6148,1.08895
41.6163,1.08895
41.6178,1.08895
41.6193,1.08896
41.6208,1.08896
41.6223,1.08896
41.6238,1.08895
41.6253,1.08895
41.6268,1.08895
41.6283,1.08895
41.6298,1.08895
41.6313,1.08894
41.6328,1.08894
41.6343,1.08894
41.6358,1.08893
41.6373,1.08893
41.6388,1.08892
41.6403,1.08891
41.6418,1.08891
41.6433,1.0889
41.6448,1.0889
41.6463,1.08889
41.6478,1.08889
41.6493,1.08888
41.6508,1.08888
41.6523,1.08887
41.6538,1.08887
41.6553,1.08886
41.6568,1.08886
41.6583,1.08886
41.6598,1.08885
41.6613,1.08885
41.6628,1.08885
41.6643,1.08884
41.6658,1.08884
41.6673,1.08884
41.6688,1.08884
41.6703,1.08884
41.6718,1.08885
41.6733,1.08885
41.6748,1.08885
41.6763,1.08885
41.6778,1.08886
41.6793,1.08886
41.6808,1.08887
41.6823,1.08888
41.6838,1.08889
41.6853,1.08889
41.6868,1.0889
41.6883,1.08891
41.6898,1.08892
41.6913,1.08894
41.6928,1.08895
41.6943,1.08896
41.6958,1.08898
41.6973,1.08899
41.6988,1.08901
41.7003,1.08903
41.7018,1.08905
41.7033,1.08906
41.7048,1.08908
41.7063,1.0891
41.7078,1.08912
41.7093,1.08914
41.7108,1.08916
41.7123,1.08918
41.7138,1.0892
41.7153,1.08922
41.7168,1.08925
41.7183,1.08927
41.7198,1.08929
41.7213,1.08931
41.7228,1.08933
41.7243,1.08935
41.7258,1.08937
41.7273,1.0894
41.7288,1.08942
41.7303,1.08944
41.7318,1.08946
41.7333,1.08948
41.7348,1.0895
41.7363,1.08952
41.7378,1.08954
41.7393,1.08956
41.7408,1.08958
41.7423,1.0896
41.7438,1.08961
41.7453,1.08963
41.7468,1.08965
41.7483,1.08966
41.7498,1.08968
41.7513,1.08969
41.7528,1.0897
41.7542,1.08971
41.7557,1.08973
41.7572,1.08974
41.7587,1.08975
41.7602,1.08976
41.7617,1.08977
41.7632,1.08977
41.7647,1.08978
41.7662,1.08979
41.7677,1.08979
41.7692,1.08979
41.7707,1.0898
41.7722,1.0898
41.7737,1.0898
41.7752,1.0898
41.7767,1.08981
41.7782,1.0898
41.7797,1.0898
41.7812,1.08981
41.7827,1.0898
41.7842,1.0898
41.7857,1.0898
41.7872,1.0898
41.7887,1.0898
41.7902,1.0898
41.7917,1.08979
41.7932,1.08979
41.7947,1.08979
41.7962,1.08979
41.7977,1.08978
41.7992,1.08978
41.8007,1.08978
41.8022,1.08977
41.8037,1.08977
41.8052,1.08977
41.8067,1.08976
41.8082,1.08976
41.8097,1.08976
41.8112,1.08976
41.8127,1.08975
41.8142,1.08975
41.8157,1.08975
41.8172,1.08975
41.8187,1.08975
41.8202,1.08974
41.8217,1.08974
41.8232,1.08974
41.8247,1.08974
41.8262,1.08974
41.8277,1.08974
41.8292,1.08974
41.8307,1.08974
41.8322,1.08975
41.8337,1.08975
41.8352,1.08975
41.8367,1.08975
41.8382,1.08975
41.8397,1.08976
41.8412,1.08976
41.8427,1.08976
41.8442,1.08977
41.8457,1.08977
41.8472,1.08977
41.8487,1.08978
41.8502,1.08978
41.8517,1.08979
41.8532,1.08979
41.8547,1.0898
41.8562,1.0898
41.8577,1.08981
41.8592,1.08982
41.8607,1.08982
41.8622,1.08983
41.8637,1.08983
41.8652,1.08984
41.8667,1.08985
41.8682,1.08985
41.8697,1.08986
41.8712,1.08986
41.8727,1.08987
41.8742,1.08988
41.8757,1.08989
41.8772,1.08989
41.8787,1.0899
41.8802,1.0899
41.8817,1.08991
41.8832,1.08992
41.8847,1.08992
41.8862,1.08993
41.8877,1.08994
41.8892,1.08994
41.8907,1.08995
41.8922,1.08996
41.8937,1.08996
41.8952,1.08997
41.8967,1.08997
41.8982,1.08998
41.8997,1.08999
41.9012,1.08999
41.9027,1.09
41.9042,1.09
41.9057,1.09001
41.9072,1.09001
41.9087,1.09002
41.9102,1.09002
41.9117,1.09003
41.9132,1.09003
41.9147,1.09004
41.9162,1.09004
41.9177,1.09004
41.9192,1.09005
41.9207,1.09005
41.9222,1.09005
41.9237,1.09006
41.9252,1.09006
41.9267,1.09006
41.9282,1.09007
41.9297,1.09007
41.9312,1.09007
41.9327,1.09007
41.9342,1.09008
41.9356,1.09008
41.9371,1.09008
41.9386,1.09008
41.9401,1.09008
41.9416,1.09009
41.9431,1.09009
41.9446,1.09009
41.9461,1.09009
41.9476,1.09009
41.9491,1.09009
41.9506,1.09009
41.9521,1.09009
41.9536,1.09009
41.9551,1.0901
41.9566,1.0901
41.9581,1.0901
41.9596,1.0901
41.9611,1.0901
41.9626,1.0901
41.9641,1.0901
41.9656,1.0901
41.9671,1.0901
41.9686,1.09011
41.9701,1.09011
41.9716,1.09011
41.9731,1.09011
41.9746,1.09012
41.9761,1.09012
41.9776,1.09012
41.9791,1.09013
41.9806,1.09013
41.9821,1.09013
41.9836,1.09014
41.9851,1.09014
41.9866,1.09015
41.9881,1.09015
41.9896,1.09016
41.9911,1.09017
41.9926,1.09017
41.9941,1.09018
41.9956,1.09019
41.9971,1.09019
41.9986,1.0902
42.0001,1.09021
42.0016,1.09022
42.0031,1.09023
42.0046,1.09024
42.0061,1.09024
42.0076,1.09025
42.0091,1.09026
42.0106,1.09027
42.0121,1.09029
42.0136,1.0903
42.0151,1.09031
42.0166,1.09032
42.0181,1.09033
42.0196,1.09034
42.0211,1.09035
42.0226,1.09036
42.0241,1.09038
42.0256,1.09039
42.0271,1.0904
42.0286,1.09041
42.0301,1.09043
42.0316,1.09044
42.0331,1.09045
42.0346,1.09047
42.0361,1.09048
42.0376,1.0905
42.0391,1.09051
42.0406,1.09052
42.0421,1.09054
42.0436,1.09055
42.0451,1.09057
42.0466,1.09058
42.0481,1.09059
42.0496,1.09061
42.0511,1.09062
42.0526,1.09064
42.0541,1.09065
42.0556,1.09067
42.0571,1.09068
42.0586,1.09069
42.0601,1.09071
42.0616,1.09072
42.0631,1.09074
42.0646,1.09075
42.0661,1.09076
42.0676,1.09078
42.0691,1.09079
42.0706,1.09081
42.0721,1.09082
42.0736,1.09083
42.0751,1.09085
42.0766,1.09086
42.0781,1.09088
42.0796,1.09089
42.0811,1.0909
42.0826,1.09092
42.0841,1.09093
42.0856,1.09094
42.0871,1.09095
42.0886,1.09097
42.0901,1.09098
42.0916,1.09099
42.0931,1.091
42.0946,1.09101
42.0961,1.09103
42.0976,1.09104
42.0991,1.09105
42.1006,1.09106
42.1021,1.09107
42.1036,1.09108
42.1051,1.09109
42.1066,1.0911
42.1081,1.09111
42.1096,1.09112
42.1111,1.09113
42.1126,1.09114
42.1141,1.09115
42.1156,1.09116
42.1171,1.09117
42.1185,1.09118
42.12,1.09119
42.1215,1.09119
42.123,1.0912
42.1245,1.09121
42.126,1.09122
42.1275,1.09122
42.129,1.09123
42.1305,1.09124
42.132,1.09124
42.1335,1.09125
42.135,1.09126
42.1365,1.09126
42.138,1.09127
42.1395,1.09127
42.141,1.09128
42.1425,1.09128
42.144,1.09129
42.1455,1.09129
42.147,1.0913
42.1485,1.0913
42.15,1.09131
42.1515,1.09131
42.153,1.09131
42.1545,1.09132
42.156,1.09132
42.1575,1.09132
42.159,1.09133
42.1605,1.09133
42.162,1.09133
42.1635,1.09133
42.165,1.09133
42.1665,1.09134
42.168,1.09134
42.1695,1.09134
42.171,1.09134
42.1725,1.09134
42.174,1.09135
42.1755,1.09135
42.177,1.09135
42.1785,1.09135
42.18,1.09135
42.1815,1.09135
42.183,1.09135
42.1845,1.09135
42.186,1.09135
42.1875,1.09135
42.189,1.09135
42.1905,1.09136
42.192,1.09136
42.1935,1.09136
42.195,1.09136
42.1965,1.09136
42.198,1.09136
42.1995,1.09136
42.201,1.09136
42.2025,1.09136
42.204,1.09136
42.2055,1.09136
42.207,1.09136
42.2085,1.09136
42.21,1.09136
42.2115,1.09136
42.213,1.09136
42.2145,1.09136
42.216,1.09137
42.2175,1.09137
42.219,1.09136
42.2205,1.09137
42.222,1.09137
42.2235,1.09137
42.225,1.09137
42.2265,1.09137
42.228,1.09137
42.2295,1.09137
42.231,1.09137
42.2325,1.09137
42.234,1.09137
42.2355,1.09137
42.237,1.09137
42.2385,1.09137
42.24,1.09137
42.2415,1.09137
42.243,1.09138
42.2445,1.09138
42.246,1.09138
42.2475,1.09138
42.249,1.09138
42.2505,1.09138
42.252,1.09138
42.2535,1.09138
42.255,1.09138
42.2565,1.09138
42.258,1.09138
42.2595,1.09138
42.261,1.09138
42.2625,1.09139
42.264,1.09139
42.2655,1.09139
42.267,1.09139
42.2685,1.09139
42.27,1.09139
42.2715,1.09139
42.273,1.09139
42.2745,1.09139
42.276,1.09139
42.2775,1.09139
42.279,1.09139
42.2805,1.0914
42.282,1.0914
42.2835,1.0914
42.285,1.0914
42.2865,1.0914
42.288,1.0914
42.2895,1.0914
42.291,1.0914
42.2925,1.0914
42.294,1.0914
42.2955,1.0914
42.297,1.09141
42.2985,1.09141
42.2999,1.09141
42.3014,1.09141
42.3029,1.09141
42.3044,1.09141
42.3059,1.09141
42.3074,1.09141
42.3089,1.09141
42.3104,1.09141
42.3119,1.09141
42.3134,1.09141
42.3149,1.0914
42.3164,1.0914
42.3179,1.0914
42.3194,1.0914
42.3209,1.0914
42.3224,1.0914
42.3239,1.0914
42.3254,1.0914
42.3269,1.0914
42.3284,1.0914
42.3299,1.09139
42.3314,1.09139
42.3329,1.09139
42.3344,1.09139
42.3359,1.09139
42.3374,1.09138
42.3389,1.09138
42.3404,1.09138
42.3419,1.09138
42.3434,1.09137
42.3449,1.09137
42.3464,1.09137
42.3479,1.09137
42.3494,1.09136
42.3509,1.09136
42.3524,1.09135
42.3539,1.09135
42.3554,1.09135
42.3569,1.09134
42.3584,1.09134
42.3599,1.09134
42.3614,1.09133
42.3629,1.09133
42.3644,1.09132
42.3659,1.09132
42.3674,1.09131
42.3689,1.0913
42.3704,1.0913
42.3719,1.0913
42.3734,1.09129
42.3749,1.09128
42.3764,1.09128
42.3779,1.09127
42.3794,1.09127
42.3809,1.09126
42.3824,1.09125
42.3839,1.09125
42.3854,1.09124
42.3869,1.09124
42.3884,1.09123
42.3899,1.09122
42.3914,1.09122
42.3929,1.09121
42.3944,1.0912
42.3959,1.0912
42.3974,1.09119
42.3989,1.09118
42.4004,1.09117
42.4019,1.09117
42.4034,1.09116
42.4049,1.09115
42.4064,1.09114
42.4079,1.09114
42.4094,1.09113
42.4109,1.09112
42.4124,1.09111
42.4139,1.09111
42.4154,1.0911
42.4169,1.09109
42.4184,1.09108
42.4199,1.09107
42.4214,1.09107
42.4229,1.09106
42.4244,1.09105
42.4259,1.09104
42.4274,1.09103
42.4289,1.09103
42.4304,1.09102
42.4319,1.09101
42.4334,1.091
42.4349,1.09099
42.4364,1.09098
42.4379,1.09098
42.4394,1.09097
42.4409,1.09096
42.4424,1.09095
42.4439,1.09094
42.4454,1.09094
42.4469,1.09093
42.4484,1.09092
42.4499,1.09091
42.4514,1.0909
42.4529,1.0909
42.4544,1.09089
42.4559,1.09088
42.4574,1.09087
42.4589,1.09087
42.4604,1.09086
42.4619,1.09085
42.4634,1.09084
42.4649,1.09084
42.4664,1.09083
42.4679,1.09082
42.4694,1.09081
42.4709,1.09081
42.4724,1.0908
42.4739,1.09079
42.4754,1.09079
42.4769,1.09078
42.4784,1.09077
42.4799,1.09077
42.4813,1.09076
42.4828,1.09075
42.4843,1.09075
42.4858,1.09074
42.4873,1.09073
42.4888,1.09073
42.4903,1.09072
42.4918,1.09072
42.4933,1.09071
42.4948,1.09071
42.4963,1.0907
42.4978,1.09069
42.4993,1.09069
42.5008,1.09068
42.5023,1.09068
42.5038,1.09067
42.5053,1.09067
42.5068,1.09066
42.5083,1.09066
42.5098,1.09066
42.5113,1.09065
42.5128,1.09065
42.5143,1.09064
42.5158,1.09064
42.5173,1.09064
42.5188,1.09063
42.5203,1.09063
42.5218,1.09063
42.5233,1.09062
42.5248,1.09062
42.5263,1.09062
42.5278,1.09061
42.5293,1.09061
42.5308,1.09061
42.5323,1.09061
42.5338,1.09061
42.5353,1.0906
42.5368,1.0906
42.5383,1.0906
42.5398,1.0906
42.5413,1.09059
42.5428,1.0906
42.5443,1.09059
42.5458,1.09059
42.5473,1.09059
42.5488,1.09059
42.5503,1.09059
42.5518,1.09059
42.5533,1.09059
42.5548,1.09059
42.5563,1.09059
42.5578,1.09059
42.5593,1.09059
42.5608,1.09059
42.5623,1.09059
42.5638,1.09059
42.5653,1.09059
42.5668,1.09059
42.5683,1.09059
42.5698,1.09059
42.5713,1.09059
42.5728,1.09059
42.5743,1.09059
42.5758,1.09059
42.5773,1.0906
42.5788,1.0906
42.5803,1.0906
42.5818,1.0906
42.5833,1.0906
42.5848,1.0906
42.5863,1.09061
42.5878,1.09061
42.5893,1.09061
42.5908,1.09061
42.5923,1.09061
42.5938,1.09062
42.5953,1.09062
42.5968,1.09062
42.5983,1.09062
42.5998,1.09062
42.6013,1.09063
42.6028,1.09063
42.6043,1.09063
42.6058,1.09063
42.6073,1.09064
42.6088,1.09064
42.6103,1.09064
42.6118,1.09064
42.6133,1.09065
42.6148,1.09065
42.6163,1.09065
42.6178,1.09066
42.6193,1.09066
42.6208,1.09066
42.6223,1.09066
42.6238,1.09067
42.6253,1.09067
42.6268,1.09067
42.6283,1.09067
42.6298,1.09068
42.6313,1.09068
42.6328,1.09068
42.6343,1.09069
42.6358,1.09069
42.6373,1.09069
42.6388,1.0907
42.6403,1.0907
42.6418,1.0907
42.6433,1.0907
42.6448,1.09071
42.6463,1.09071
42.6478,1.09071
42.6493,1.09072
42.6508,1.09072
42.6523,1.09072
42.6538,1.09072
42.6553,1.09073
42.6568,1.09073
42.6583,1.09073
42.6598,1.09073
42.6613,1.09074
42.6628,1.09074
42.6642,1.09074
42.6657,1.09075
42.6672,1.09075
42.6687,1.09075
42.6702,1.09075
42.6717,1.09076
42.6732,1.09076
42.6747,1.09076
42.6762,1.09076
42.6777,1.09077
42.6792,1.09077
42.6807,1.09077
42.6822,1.09077
42.6837,1.09078
42.6852,1.09078
42.6867,1.09078
42.6882,1.09078
42.6897,1.09078
42.6912,1.09079
42.6927,1.09079
42.6942,1.09079
42.6957,1.09079
42.6972,1.09079
42.6987,1.0908
42.7002,1.0908
42.7017,1.0908
42.7032,1.0908
42.7047,1.0908
42.7062,1.0908
42.7077,1.09081
42.7092,1.09081
42.7107,1.09081
42.7122,1.09081
42.7137,1.09081
42.7152,1.09081
42.7167,1.09082
42.7182,1.09082
42.7197,1.09082
42.7212,1.09082
42.7227,1.09082
42.7242,1.09082
42.7257,1.09082
42.7272,1.09083
42.7287,1.09083
42.7302,1.09083
42.7317,1.09083
42.7332,1.09083
42.7347,1.09083
42.7362,1.09083
42.7377,1.09084
42.7392,1.09084
42.7407,1.09084
42.7422,1.09084
42.7437,1.09084
42.7452,1.09084
42.7467,1.09084
42.7482,1.09084
42.7497,1.09084
42.7512,1.09084
42.7527,1.09084
42.7542,1.09084
42.7557,1.09084
42.7572,1.09085
42.7587,1.09085
42.7602,1.09085
42.7617,1.09085
42.7632,1.09085
42.7647,1.09085
42.7662,1.09085
42.7677,1.09085
42.7692,1.09085
42.7707,1.09085
42.7722,1.09085
42.7737,1.09085
42.7752,1.09085
42.7767,1.09085
42.7782,1.09085
42.7797,1.09085
42.7812,1.09085
42.7827,1.09085
42.7842,1.09085
42.7857,1.09085
42.7872,1.09085
42.7887,1.09085
42.7902,1.09084
42.7917,1.09084
42.7932,1.09084
42.7947,1.09084
42.7962,1.09084
42.7977,1.09084
42.7992,1.09084
42.8007,1.09084
42.8022,1.09083
42.8037,1.09083
42.8052,1.09083
42.8067,1.09083
42.8082,1.09083
42.8097,1.09083
42.8112,1.09083
42.8127,1.09082
42.8142,1.09082
42.8157,1.09082
42.8172,1.09082
42.8187,1.09082
42.8202,1.09081
42.8217,1.09081
42.8232,1.09081
42.8247,1.09081
42.8262,1.09081
42.8277,1.09081
42.8292,1.0908
42.8307,1.0908
42.8322,1.0908
42.8337,1.0908
42.8352,1.0908
42.8367,1.0908
42.8382,1.0908
42.8397,1.09079
42.8412,1.09079
42.8427,1.09079
42.8442,1.09079
42.8456,1.09079
42.8471,1.09079
42.8486,1.09079
42.8501,1.09079
42.8516,1.09078
42.8531,1.09078
42.8546,1.09078
42.8561,1.09078
42.8576,1.09078
42.8591,1.09078
42.8606,1.09078
42.8621,1.09078
42.8636,1.09078
42.8651,1.09078
42.8666,1.09078
42.8681,1.09078
42.8696,1.09078
42.8711,1.09077
42.8726,1.09077
42.8741,1.09078
42.8756,1.09077
42.8771,1.09078
42.8786,1.09078
42.8801,1.09078
42.8816,1.09078
42.8831,1.09078
42.8846,1.09078
42.8861,1.09078
42.8876,1.09078
42.8891,1.09078
42.8906,1.09079
42.8921,1.09079
42.8936,1.09079
42.8951,1.09079
42.8966,1.09079
42.8981,1.09079
42.8996,1.0908
42.9011,1.0908
42.9026,1.0908
42.9041,1.09081
42.9056,1.09081
42.9071,1.09082
42.9086,1.09082
42.9101,1.09082
42.9116,1.09083
42.9131,1.09083
42.9146,1.09084
42.9161,1.09084
42.9176,1.09085
42.9191,1.09085
42.9206,1.09086
42.9221,1.09086
42.9236,1.09087
42.9251,1.09088
42.9266,1.09088
42.9281,1.09089
42.9296,1.0909
42.9311,1.0909
42.9326,1.09091
42.9341,1.09092
42.9356,1.09092
42.9371,1.09093
42.9386,1.09094
42.9401,1.09095
42.9416,1.09096
42.9431,1.09096
42.9446,1.09097
42.9461,1.09098
42.9476,1.09099
42.9491,1.091
42.9506,1.091
42.9521,1.09101
42.9536,1.09102
42.9551,1.09103
42.9566,1.09104
42.9581,1.09105
42.9596,1.09105
42.9611,1.09106
42.9626,1.09107
42.9641,1.09108
42.9656,1.09109
42.9671,1.0911
42.9686,1.09111
42.9701,1.09111
42.9716,1.09112
42.9731,1.09113
42.9746,1.09114
42.9761,1.09115
42.9776,1.09115
42.9791,1.09116
42.9806,1.09117
42.9821,1.09118
42.9836,1.09118
42.9851,1.09119
42.9866,1.0912
42.9881,1.0912
42.9896,1.09121
42.9911,1.09122
42.9926,1.09123
42.9941,1.09123
42.9956,1.09124
42.9971,1.09124
42.9986,1.09125
43.0001,1.09125
43.0016,1.09126
43.0031,1.09127
43.0046,1.09127
43.0061,1.09128
43.0076,1.09128
43.0091,1.09128
43.0106,1.09129
43.0121,1.09129
43.0136,1.0913
43.0151,1.0913
43.0166,1.0913
43.0181,1.09131
43.0196,1.09131
43.0211,1.09131
43.0226,1.09131
43.0241,1.09132
43.0256,1.09132
43.0271,1.09132
43.0285,1.09132
43.03,1.09132
43.0315,1.09132
43.033,1.09132
43.0345,1.09132
43.036,1.09132
43.0375,1.09132
43.039,1.09133
43.0405,1.09133
43.042,1.09133
43.0435,1.09133
43.045,1.09132
43.0465,1.09132
43.048,1.09132
43.0495,1.09132
43.051,1.09132
43.0525,1.09132
43.054,1.09132
43.0555,1.09132
43.057,1.09132
43.0585,1.09131
43.06,1.09131
43.0615,1.09131
43.063,1.09131
43.0645,1.09131
43.066,1.0913
43.0675,1.0913
43.069,1.0913
43.0705,1.0913
43.072,1.09129
43.0735,1.09129
43.075,1.09129
43.0765,1.09129
43.078,1.09128
43.0795,1.09128
43.081,1.09127
43.0825,1.09127
43.084,1.09127
43.0855,1.09126
43.087,1.09126
43.0885,1.09126
43.09,1.09125
43.0915,1.09125
43.093,1.09124
43.0945,1.09124
43.096,1.09124
43.0975,1.09123
43.099,1.09123
43.1005,1.09122
43.102,1.09122
43.1035,1.09121
43.105,1.09121
43.1065,1.0912
43.108,1.0912
43.1095,1.09119
43.111,1.09119
43.1125,1.09118
43.114,1.09118
43.1155,1.09117
43.117,1.09117
43.1185,1.09116
43.12,1.09115
43.1215,1.09115
43.123,1.09114
43.1245,1.09114
43.126,1.09113
43.1275,1.09113
43.129,1.09112
43.1305,1.09111
43.132,1.0911
43.1335,1.0911
43.135,1.09109
43.1365,1.09108
43.138,1.09108
43.1395,1.09107
43.141,1.09106
43.1425,1.09105
43.144,1.09105
43.1455,1.09104
43.147,1.09103
43.1485,1.09102
43.15,1.09101
43.1515,1.09101
43.153,1.091
43.1545,1.09099
43.156,1.09098
43.1575,1.09097
43.159,1.09096
43.1605,1.09095
43.162,1.09094
43.1635,1.09093
43.165,1.09092
43.1665,1.09091
43.168,1.0909
43.1695,1.09089
43.171,1.09088
43.1725,1.09087
43.174,1.09086
43.1755,1.09085
43.177,1.09084
43.1785,1.09083
43.18,1.09082
43.1815,1.09081
43.183,1.0908
43.1845,1.09078
43.186,1.09077
43.1875,1.09076
43.189,1.09075
43.1905,1.09074
43.192,1.09072
43.1935,1.09071
43.195,1.0907
43.1965,1.09069
43.198,1.09067
43.1995,1.09066
43.201,1.09065
43.2025,1.09064
43.204,1.09062
43.2055,1.09061
43.207,1.0906
43.2085,1.09058
43.2099,1.09057
43.2114,1.09056
43.2129,1.09054
43.2144,1.09053
43.2159,1.09052
43.2174,1.0905
43.2189,1.09049
43.2204,1.09047
43.2219,1.09046
43.2234,1.09045
43.2249,1.09043
43.2264,1.09042
43.2279,1.0904
43.2294,1.09039
43.2309,1.09037
43.2324,1.09036
43.2339,1.09035
43.2354,1.09033
43.2369,1.09032
43.2384,1.0903
43.2399,1.09029
43.2414,1.09027
43.2429,1.09026
43.2444,1.09024
43.2459,1.09023
43.2474,1.09021
43.2489,1.0902
43.2504,1.09018
43.2519,1.09017
43.2534,1.09015
43.2549,1.09014
43.2564,1.09012
43.2579,1.09011
43.2594,1.09009
43.2609,1.09008
43.2624,1.09007
43.2639,1.09005
43.2654,1.09004
43.2669,1.09002
43.2684,1.09001
43.2699,1.08999
43.2714,1.08998
43.2729,1.08996
43.2744,1.08995
43.2759,1.08993
43.2774,1.08992
43.2789,1.08991
43.2804,1.08989
43.2819,1.08988
43.2834,1.08986
43.2849,1.08985
43.2864,1.08984
43.2879,1.08982
43.2894,1.08981
43.2909,1.0898
43.2924,1.08978
43.2939,1.08977
43.2954,1.08976
43.2969,1.08974
43.2984,1.08973
43.2999,1.08972
43.3014,1.0897
43.3029,1.08969
43.3044,1.08968
43.3059,1.08967
43.3074,1.08966
43.3089,1.08964
43.3104,1.08963
43.3119,1.08962
43.3134,1.08961
43.3149,1.0896
43.3164,1.08959
43.3179,1.08957
43.3194,1.08956
43.3209,1.08955
43.3224,1.08954
43.3239,1.08953
43.3254,1.08952
43.3269,1.08951
43.3284,1.0895
43.3299,1.08949
43.3314,1.08948
43.3329,1.08947
43.3344,1.08946
43.3359,1.08945
43.3374,1.08944
43.3389,1.08943
43.3404,1.08942
43.3419,1.08941
43.3434,1.0894
43.3449,1.08939
43.3464,1.08939
43.3479,1.08938
43.3494,1.08937
43.3509,1.08936
43.3524,1.08935
43.3539,1.08934
43.3554,1.08934
43.3569,1.08933
43.3584,1.08932
43.3599,1.08932
43.3614,1.08931
43.3629,1.0893
43.3644,1.08929
43.3659,1.08929
43.3674,1.08928
43.3689,1.08928
43.3704,1.08927
43.3719,1.08926
43.3734,1.08926
43.3749,1.08925
43.3764,1.08924
43.3779,1.08924
43.3794,1.08923
43.3809,1.08923
43.3824,1.08922
43.3839,1.08922
43.3854,1.08921
43.3869,1.08921
43.3884,1.0892
43.3899,1.0892
43.3913,1.08919
43.3928,1.08919
43.3943,1.08919
43.3958,1.08918
43.3973,1.08918
43.3988,1.08918
43.4003,1.08917
43.4018,1.08917
43.4033,1.08917
43.4048,1.08916
43.4063,1.08916
43.4078,1.08916
43.4093,1.08916
43.4108,1.08915
43.4123,1.08915
43.4138,1.08915
43.4153,1.08915
43.4168,1.08915
43.4183,1.08915
43.4198,1.08915
43.4213,1.08914
43.4228,1.08914
43.4243,1.08914
43.4258,1.08914
43.4273,1.08914
43.4288,1.08914
43.4303,1.08914
43.4318,1.08914
43.4333,1.08914
43.4348,1.08914
43.4363,1.08914
43.4378,1.08914
43.4393,1.08914
43.4408,1.08914
43.4423,1.08914
43.4438,1.08914
43.4453,1.08914
43.4468,1.08914
43.4483,1.08914
43.4498,1.08915
43.4513,1.08915
43.4528,1.08915
43.4543,1.08915
43.4558,1.08915
43.4573,1.08915
43.4588,1.08916
43.4603,1.08916
43.4618,1.08916
43.4633,1.08916
43.4648,1.08917
43.4663,1.08917
43.4678,1.08917
43.4693,1.08917
43.4708,1.08918
43.4723,1.08918
43.4738,1.08918
43.4753,1.08919
43.4768,1.08919
43.4783,1.08919
43.4798,1.08919
43.4813,1.0892
43.4828,1.0892
43.4843,1.0892
43.4858,1.08921
43.4873,1.08921
43.4888,1.08922
43.4903,1.08922
43.4918,1.08922
43.4933,1.08923
43.4948,1.08923
43.4963,1.08923
43.4978,1.08924
43.4993,1.08924
43.5008,1.08925
43.5023,1.08925
43.5038,1.08926
43.5053,1.08926
43.5068,1.08926
43.5083,1.08927
43.5098,1.08927
43.5113,1.08927
43.5128,1.08928
43.5143,1.08928
43.5158,1.08929
43.5173,1.08929
43.5188,1.0893
43.5203,1.0893
43.5218,1.08931
43.5233,1.08931
43.5248,1.08931
43.5263,1.08932
43.5278,1.08932
43.5293,1.08932
43.5308,1.08933
43.5323,1.08933
43.5338,1.08934
43.5353,1.08934
43.5368,1.08934
43.5383,1.08934
43.5398,1.08935
43.5413,1.08935
43.5428,1.08936
43.5443,1.08936
43.5458,1.08936
43.5473,1.08937
43.5488,1.08937
43.5503,1.08937
43.5518,1.08938
43.5533,1.08938
43.5548,1.08938
43.5563,1.08938
43.5578,1.08939
43.5593,1.08939
43.5608,1.08939
43.5623,1.08939
43.5638,1.0894
43.5653,1.0894
43.5668,1.0894
43.5683,1.0894
43.5698,1.08941
43.5713,1.08941
43.5728,1.08941
43.5742,1.08941
43.5757,1.08941
43.5772,1.08942
43.5787,1.08942
43.5802,1.08942
43.5817,1.08942
43.5832,1.08942
43.5847,1.08942
43.5862,1.08942
43.5877,1.08943
43.5892,1.08943
43.5907,1.08943
43.5922,1.08943
43.5937,1.08943
43.5952,1.08943
43.5967,1.08943
43.5982,1.08943
43.5997,1.08943
43.6012,1.08943
43.6027,1.08943
43.6042,1.08943
43.6057,1.08943
43.6072,1.08943
43.6087,1.08943
43.6102,1.08943
43.6117,1.08943
43.6132,1.08943
43.6147,1.08943
43.6162,1.08943
43.6177,1.08943
43.6192,1.08943
43.6207,1.08943
43.6222,1.08942
43.6237,1.08942
43.6252,1.08942
43.6267,1.08942
43.6282,1.08942
43.6297,1.08942
43.6312,1.08942
43.6327,1.08942
43.6342,1.08942
43.6357,1.08942
43.6372,1.08941
43.6387,1.08941
43.6402,1.08941
43.6417,1.08941
43.6432,1.08941
43.6447,1.0894
43.6462,1.0894
43.6477,1.0894
43.6492,1.0894
43.6507,1.0894
43.6522,1.0894
43.6537,1.08939
43.6552,1.08939
43.6567,1.08939
43.6582,1.08939
43.6597,1.08939
43.6612,1.08938
43.6627,1.08938
43.6642,1.08938
43.6657,1.08938
43.6672,1.08937
43.6687,1.08937
43.6702,1.08937
43.6717,1.08937
43.6732,1.08937
43.6747,1.08936
43.6762,1.08936
43.6777,1.08936
43.6792,1.08936
43.6807,1.08936
43.6822,1.08935
43.6837,1.08935
43.6852,1.08935
43.6867,1.08935
43.6882,1.08934
43.6897,1.08934
43.6912,1.08934
43.6927,1.08934
43.6942,1.08933
43.6957,1.08933
43.6972,1.08933
43.6987,1.08933
43.7002,1.08932
43.7017,1.08932
43.7032,1.08932
43.7047,1.08932
43.7062,1.08932
43.7077,1.08931
43.7092,1.08931
43.7107,1.08931
43.7122,1.08931
43.7137,1.08931
43.7152,1.0893
43.7167,1.0893
43.7182,1.0893
43.7197,1.0893
43.7212,1.0893
43.7227,1.08929
43.7242,1.08929
43.7257,1.08929
43.7272,1.08929
43.7287,1.08929
43.7302,1.08929
43.7317,1.08929
43.7332,1.08929
43.7347,1.08928
43.7362,1.08928
43.7377,1.08928
43.7392,1.08928
43.7407,1.08928
43.7422,1.08928
43.7437,1.08928
43.7452,1.08928
43.7467,1.08928
43.7482,1.08928
43.7497,1.08928
43.7512,1.08928
43.7527,1.08928
43.7542,1.08928
43.7556,1.08929
43.7571,1.08929
43.7586,1.08929
43.7601,1.08929
43.7616,1.08929
43.7631,1.0893
43.7646,1.0893
43.7661,1.0893
43.7676,1.08931
43.7691,1.08931
43.7706,1.08931
43.7721,1.08932
43.7736,1.08932
43.7751,1.08933
43.7766,1.08933
43.7781,1.08934
43.7796,1.08935
43.7811,1.08935
43.7826,1.08936
43.7841,1.08937
43.7856,1.08938
43.7871,1.08939
43.7886,1.0894
43.7901,1.08941
43.7916,1.08941
43.7931,1.08943
43.7946,1.08944
43.7961,1.08945
43.7976,1.08946
43.7991,1.08947
43.8006,1.08949
43.8021,1.0895
43.8036,1.08952
43.8051,1.08953
43.8066,1.08955
43.8081,1.08956
43.8096,1.08958
43.8111,1.0896
43.8126,1.08962
43.8141,1.08964
43.8156,1.08966
43.8171,1.08968
43.8186,1.0897
43.8201,1.08972
43.8216,1.08975
43.8231,1.08977
43.8246,1.0898
43.8261,1.08982
43.8276,1.08985
43.8291,1.08987
43.8306,1.0899
43.8321,1.08993
43.8336,1.08996
43.8351,1.08998
43.8366,1.09001
43.8381,1.09004
43.8396,1.09007
43.8411,1.0901
43.8426,1.09013
43.8441,1.09016
43.8456,1.09019
43.8471,1.09022
43.8486,1.09025
43.8501,1.09028
43.8516,1.09031
43.8531,1.09034
43.8546,1.09038
43.8561,1.09041
43.8576,1.09044
43.8591,1.09047
43.8606,1.0905
43.8621,1.09053
43.8636,1.09056
43.8651,1.09059
43.8666,1.09062
43.8681,1.09064
43.8696,1.09067
43.8711,1.0907
43.8726,1.09073
43.8741,1.09076
43.8756,1.09078
43.8771,1.09081
43.8786,1.09083
43.8801,1.09086
43.8816,1.09089
43.8831,1.09091
43.8846,1.09094
43.8861,1.09096
43.8876,1.09098
43.8891,1.09101
43.8906,1.09103
43.8921,1.09105
43.8936,1.09107
43.8951,1.0911
43.8966,1.09112
43.8981,1.09114
43.8996,1.09116
43.9011,1.09118
43.9026,1.0912
43.9041,1.09122
43.9056,1.09124
43.9071,1.09126
43.9086,1.09128
43.9101,1.09129
43.9116,1.09131
43.9131,1.09133
43.9146,1.09135
43.9161,1.09136
43.9176,1.09138
43.9191,1.0914
43.9206,1.09142
43.9221,1.09143
43.9236,1.09145
43.9251,1.09146
43.9266,1.09148
43.9281,1.0915
43.9296,1.09151
43.9311,1.09153
43.9326,1.09154
43.9341,1.09156
43.9356,1.09157
43.937,1.09159
43.9385,1.0916
43.94,1.09162
43.9415,1.09163
43.943,1.09165
43.9445,1.09166
43.946,1.09167
43.9475,1.09169
43.949,1.0917
43.9505,1.09172
43.952,1.09173
43.9535,1.09174
43.955,1.09175
43.9565,1.09177
43.958,1.09178
43.9595,1.09179
43.961,1.0918
43.9625,1.09182
43.964,1.09183
43.9655,1.09184
43.967,1.09185
43.9685,1.09186
43.97,1.09187
43.9715,1.09188
43.973,1.09189
43.9745,1.0919
43.976,1.09191
43.9775,1.09192
43.979,1.09193
43.9805,1.09194
43.982,1.09195
43.9835,1.09195
43.985,1.09196
43.9865,1.09197
43.988,1.09198
43.9895,1.09198
43.991,1.09199
43.9925,1.092
43.994,1.092
43.9955,1.09201
43.997,1.09201
43.9985,1.09202
44,1.09203
44.0015,1.09203
44.003,1.09203
44.0045,1.09204
44.006,1.09204
44.0075,1.09204
44.009,1.09205
44.0105,1.09205
44.012,1.09205
44.0135,1.09205
44.015,1.09206
44.0165,1.09206
44.018,1.09206
44.0195,1.09206
44.021,1.09206
44.0225,1.09206
44.024,1.09206
44.0255,1.09206
44.027,1.09206
44.0285,1.09206
44.03,1.09206
44.0315,1.09206
44.033,1.09205
44.0345,1.09205
44.036,1.09205
44.0375,1.09205
44.039,1.09204
44.0405,1.09204
44.042,1.09204
44.0435,1.09203
44.045,1.09203
44.0465,1.09203
44.048,1.09202
44.0495,1.09202
44.051,1.09201
44.0525,1.09201
44.054,1.092
44.0555,1.09199
44.057,1.09199
44.0585,1.09198
44.06,1.09198
44.0615,1.09197
44.063,1.09196
44.0645,1.09195
44.066,1.09194
44.0675,1.09194
44.069,1.09193
44.0705,1.09192
44.072,1.09191
44.0735,1.0919
44.075,1.09189
44.0765,1.09188
44.078,1.09187
44.0795,1.09186
44.081,1.09185
44.0825,1.09184
44.084,1.09183
44.0855,1.09182
44.087,1.09181
44.0885,1.0918
44.09,1.09179
44.0915,1.09178
44.093,1.09177
44.0945,1.09175
44.096,1.09174
44.0975,1.09173
44.099,1.09172
44.1005,1.09171
44.102,1.09169
44.1035,1.09168
44.105,1.09167
44.1065,1.09166
44.108,1.09164
44.1095,1.09163
44.111,1.09162
44.1125,1.0916
44.114,1.09159
44.1155,1.09158
44.117,1.09156
44.1185,1.09155
44.1199,1.09153
44.1214,1.09152
44.1229,1.09151
44.1244,1.09149
44.1259,1.09148
44.1274,1.09146
44.1289,1.09145
44.1304,1.09144
44.1319,1.09142
44.1334,1.09141
44.1349,1.09139
44.1364,1.09138
44.1379,1.09136
44.1394,1.09135
44.1409,1.09133
44.1424,1.09132
44.1439,1.0913
44.1454,1.09129
44.1469,1.09128
44.1484,1.09126
44.1499,1.09125
44.1514,1.09123
44.1529,1.09122
44.1544,1.0912
44.1559,1.09119
44.1574,1.09117
44.1589,1.09116
44.1604,1.09115
44.1619,1.09113
44.1634,1.09112
44.1649,1.0911
44.1664,1.09109
44.1679,1.09107
44.1694,1.09106
44.1709,1.09105
44.1724,1.09103
44.1739,1.09102
44.1754,1.09101
44.1769,1.09099
44.1784,1.09098
44.1799,1.09097
44.1814,1.09095
44.1829,1.09094
44.1844,1.09093
44.1859,1.09092
44.1874,1.0909
44.1889,1.09089
44.1904,1.09088
44.1919,1.09087
44.1934,1.09086
44.1949,1.09084
44.1964,1.09083
44.1979,1.09082
44.1994,1.09081
44.2009,1.0908
44.2024,1.09079
44.2039,1.09078
44.2054,1.09077
44.2069,1.09076
44.2084,1.09075
44.2099,1.09074
44.2114,1.09073
44.2129,1.09072
44.2144,1.09071
44.2159,1.0907
44.2174,1.09069
44.2189,1.09069
44.2204,1.09068
44.2219,1.09067
44.2234,1.09066
44.2249,1.09066
44.2264,1.09065
44.2279,1.09064
44.2294,1.09064
44.2309,1.09063
44.2324,1.09062
44.2339,1.09062
44.2354,1.09061
44.2369,1.09061
44.2384,1.0906
44.2399,1.0906
44.2414,1.09059
44.2429,1.09059
44.2444,1.09058
44.2459,1.09058
44.2474,1.09058
44.2489,1.09057
44.2504,1.09057
44.2519,1.09057
44.2534,1.09057
44.2549,1.09056
44.2564,1.09056
44.2579,1.09056
44.2594,1.09056
44.2609,1.09056
44.2624,1.09056
44.2639,1.09056
44.2654,1.09056
44.2669,1.09056
44.2684,1.09056
44.2699,1.09056
44.2714,1.09056
44.2729,1.09056
44.2744,1.09056
44.2759,1.09057
44.2774,1.09057
44.2789,1.09057
44.2804,1.09057
44.2819,1.09058
44.2834,1.09058
44.2849,1.09059
44.2864,1.09059
44.2879,1.0906
44.2894,1.0906
44.2909,1.09061
44.2924,1.09062
44.2939,1.09063
44.2954,1.09063
44.2969,1.09064
44.2984,1.09065
44.2999,1.09066
44.3013,1.09067
44.3028,1.09068
44.3043,1.09069
44.3058,1.09071
44.3073,1.09072
44.3088,1.09073
44.3103,1.09074
44.3118,1.09076
44.3133,1.09077
44.3148,1.09079
44.3163,1.0908
44.3178,1.09082
44.3193,1.09083
44.3208,1.09085
44.3223,1.09087
44.3238,1.09088
44.3253,1.0909
44.3268,1.09092
44.3283,1.09094
44.3298,1.09096
44.3313,1.09097
44.3328,1.091
44.3343,1.09102
44.3358,1.09104
44.3373,1.09106
44.3388,1.09108
44.3403,1.0911
44.3418,1.09112
44.3433,1.09114
44.3448,1.09116
44.3463,1.09118
44.3478,1.0912
44.3493,1.09122
44.3508,1.09125
44.3523,1.09127
44.3538,1.09129
44.3553,1.09131
44.3568,1.09133
44.3583,1.09136
44.3598,1.09138
44.3613,1.0914
44.3628,1.09142
44.3643,1.09144
44.3658,1.09146
44.3673,1.09148
44.3688,1.0915
44.3703,1.09153
44.3718,1.09154
44.3733,1.09156
44.3748,1.09158
44.3763,1.0916
44.3778,1.09162
44.3793,1.09164
44.3808,1.09166
44.3823,1.09168
44.3838,1.0917
44.3853,1.09172
44.3868,1.09173
44.3883,1.09175
44.3898,1.09176
44.3913,1.09178
44.3928,1.0918
44.3943,1.09181
44.3958,1.09183
44.3973,1.09184
44.3988,1.09186
44.4003,1.09187
44.4018,1.09188
44.4033,1.0919
44.4048,1.09191
44.4063,1.09193
44.4078,1.09194
44.4093,1.09195
44.4108,1.09196
44.4123,1.09197
44.4138,1.09199
44.4153,1.092
44.4168,1.09201
44.4183,1.09202
44.4198,1.09203
44.4213,1.09204
44.4228,1.09205
44.4243,1.09206
44.4258,1.09207
44.4273,1.09207
44.4288,1.09208
44.4303,1.09209
44.4318,1.0921
44.4333,1.09211
44.4348,1.09212
44.4363,1.09212
44.4378,1.09213
44.4393,1.09214
44.4408,1.09214
44.4423,1.09215
44.4438,1.09215
44.4453,1.09216
44.4468,1.09217
44.4483,1.09217
44.4498,1.09218
44.4513,1.09218
44.4528,1.09218
44.4543,1.09219
44.4558,1.09219
44.4573,1.09219
44.4588,1.09219
44.4603,1.0922
44.4618,1.0922
44.4633,1.0922
44.4648,1.0922
44.4663,1.0922
44.4678,1.0922
44.4693,1.0922
44.4708,1.0922
44.4723,1.09219
44.4738,1.09219
44.4753,1.09219
44.4768,1.09218
44.4783,1.09218
44.4798,1.09217
44.4813,1.09217
44.4827,1.09216
44.4842,1.09216
44.4857,1.09215
44.4872,1.09214
44.4887,1.09214
44.4902,1.09213
44.4917,1.09212
44.4932,1.09211
44.4947,1.0921
44.4962,1.09209
44.4977,1.09208
44.4992,1.09207
44.5007,1.09206
44.5022,1.09205
44.5037,1.09204
44.5052,1.09203
44.5067,1.09201
44.5082,1.092
44.5097,1.09199
44.5112,1.09198
44.5127,1.09196
44.5142,1.09195
44.5157,1.09194
44.5172,1.09192
44.5187,1.09191
44.5202,1.09189
44.5217,1.09188
44.5232,1.09187
44.5247,1.09185
44.5262,1.09184
44.5277,1.09182
44.5292,1.09181
44.5307,1.09179
44.5322,1.09178
44.5337,1.09176
44.5352,1.09174
44.5367,1.09173
44.5382,1.09171
44.5397,1.0917
44.5412,1.09168
44.5427,1.09166
44.5442,1.09165
44.5457,1.09163
44.5472,1.09161
44.5487,1.0916
44.5502,1.09158
44.5517,1.09156
44.5532,1.09155
44.5547,1.09153
44.5562,1.09151
44.5577,1.09149
44.5592,1.09148
44.5607,1.09146
44.5622,1.09144
44.5637,1.09142
44.5652,1.09141
44.5667,1.09139
44.5682,1.09137
44.5697,1.09135
44.5712,1.09134
44.5727,1.09132
44.5742,1.0913
44.5757,1.09128
44.5772,1.09126
44.5787,1.09125
44.5802,1.09123
44.5817,1.09121
44.5832,1.09119
44.5847,1.09117
44.5862,1.09116
44.5877,1.09114
44.5892,1.09112
44.5907,1.09111
44.5922,1.09109
44.5937,1.09107
44.5952,1.09105
44.5967,1.09103
44.5982,1.09102
44.5997,1.091
44.6012,1.09098
44.6027,1.09097
44.6042,1.09095
44.6057,1.09093
44.6072,1.09092
44.6087,1.0909
44.6102,1.09088
44.6117,1.09087
44.6132,1.09085
44.6147,1.09083
44.6162,1.09082
44.6177,1.0908
44.6192,1.09079
44.6207,1.09077
44.6222,1.09076
44.6237,1.09074
44.6252,1.09073
44.6267,1.09071
44.6282,1.0907
44.6297,1.09069
44.6312,1.09067
44.6327,1.09066
44.6342,1.09065
44.6357,1.09063
44.6372,1.09062
44.6387,1.09061
44.6402,1.0906
44.6417,1.09059
44.6432,1.09058
44.6447,1.09057
44.6462,1.09056
44.6477,1.09055
44.6492,1.09054
44.6507,1.09053
44.6522,1.09052
44.6537,1.09052
44.6552,1.09051
44.6567,1.0905
44.6582,1.0905
44.6597,1.09049
44.6612,1.09049
44.6627,1.09049
44.6642,1.09048
44.6656,1.09048
44.6671,1.09048
44.6686,1.09048
44.6701,1.09048
44.6716,1.09048
44.6731,1.09048
44.6746,1.09048
44.6761,1.09048
44.6776,1.09049
44.6791,1.09049
44.6806,1.09049
44.6821,1.0905
44.6836,1.0905
44.6851,1.09051
44.6866,1.09052
44.6881,1.09053
44.6896,1.09054
44.6911,1.09055
44.6926,1.09056
44.6941,1.09057
44.6956,1.09058
44.6971,1.09059
44.6986,1.09061
44.7001,1.09062
44.7016,1.09063
44.7031,1.09065
44.7046,1.09067
44.7061,1.09068
44.7076,1.0907
44.7091,1.09072
44.7106,1.09074
44.7121,1.09076
44.7136,1.09078
44.7151,1.0908
44.7166,1.09082
44.7181,1.09084
44.7196,1.09086
44.7211,1.09088
44.7226,1.09091
44.7241,1.09093
44.7256,1.09095
44.7271,1.09098
44.7286,1.091
44.7301,1.09102
44.7316,1.09105
44.7331,1.09107
44.7346,1.0911
44.7361,1.09112
44.7376,1.09115
44.7391,1.09117
44.7406,1.0912
44.7421,1.09123
44.7436,1.09125
44.7451,1.09127
44.7466,1.0913
44.7481,1.09133
44.7496,1.09135
44.7511,1.09138
44.7526,1.0914
44.7541,1.09143
44.7556,1.09145
44.7571,1.09148
44.7586,1.0915
44.7601,1.09153
44.7616,1.09155
44.7631,1.09158
44.7646,1.0916
44.7661,1.09162
44.7676,1.09165
44.7691,1.09167
44.7706,1.09169
44.7721,1.09171
44.7736,1.09173
44.7751,1.09175
44.7766,1.09177
44.7781,1.09179
44.7796,1.09181
44.7811,1.09183
44.7826,1.09185
44.7841,1.09187
44.7856,1.09189
44.7871,1.0919
44.7886,1.09192
44.7901,1.09194
44.7916,1.09195
44.7931,1.09197
44.7946,1.09198
44.7961,1.092
44.7976,1.09201
44.7991,1.09202
44.8006,1.09204
44.8021,1.09205
44.8036,1.09206
44.8051,1.09207
44.8066,1.09208
44.8081,1.09209
44.8096,1.0921
44.8111,1.09211
44.8126,1.09212
44.8141,1.09213
44.8156,1.09214
44.8171,1.09215
44.8186,1.09216
44.8201,1.09216
44.8216,1.09217
44.8231,1.09218
44.8246,1.09218
44.8261,1.09219
44.8276,1.0922
44.8291,1.0922
44.8306,1.09221
44.8321,1.09221
44.8336,1.09222
44.8351,1.09222
44.8366,1.09223
44.8381,1.09223
44.8396,1.09224
44.8411,1.09224
44.8426,1.09225
44.8441,1.09225
44.8456,1.09225
44.847,1.09226
44.8485,1.09226
44.85,1.09226
44.8515,1.09227
44.853,1.09227
44.8545,1.09227
44.856,1.09228
44.8575,1.09228
44.859,1.09228
44.8605,1.09228
44.862,1.09228
44.8635,1.09229
44.865,1.09229
44.8665,1.09229
44.868,1.09229
44.8695,1.0923
44.871,1.0923
44.8725,1.0923
44.874,1.0923
44.8755,1.0923
44.877,1.09231
44.8785,1.09231
44.88,1.09231
44.8815,1.09231
44.883,1.09231
44.8845,1.09231
44.886,1.09231
44.8875,1.09232
44.889,1.09232
44.8905,1.09232
44.892,1.09232
44.8935,1.09232
44.895,1.09232
44.8965,1.09232
44.898,1.09232
44.8995,1.09232
44.901,1.09232
44.9025,1.09232
44.904,1.09233
44.9055,1.09233
44.907,1.09233
44.9085,1.09233
44.91,1.09232
44.9115,1.09233
44.913,1.09233
44.9145,1.09232
44.916,1.09233
44.9175,1.09233
44.919,1.09233
44.9205,1.09232
44.922,1.09232
44.9235,1.09232
44.925,1.09232
44.9265,1.09232
44.928,1.09232
44.9295,1.09232
44.931,1.09232
44.9325,1.09232
44.934,1.09231
44.9355,1.09231
44.937,1.09231
44.9385,1.09231
44.94,1.09231
44.9415,1.0923
44.943,1.0923
44.9445,1.0923
44.946,1.0923
44.9475,1.09229
44.949,1.09229
44.9505,1.09229
44.952,1.09228
44.9535,1.09228
44.955,1.09228
44.9565,1.09227
44.958,1.09227
44.9595,1.09226
44.961,1.09226
44.9625,1.09225
44.964,1.09225
44.9655,1.09224
44.967,1.09224
44.9685,1.09223
44.97,1.09223
44.9715,1.09222
44.973,1.09222
44.9745,1.09221
44.976,1.0922
44.9775,1.0922
44.979,1.09219
44.9805,1.09219
44.982,1.09218
44.9835,1.09217
44.985,1.09217
44.9865,1.09216
44.988,1.09215
44.9895,1.09214
44.991,1.09213
44.9925,1.09213
44.994,1.09212
44.9955,1.09211
44.997,1.0921
44.9985,1.09209
45,1.09208
45.0015,1.09207
45.003,1.09207
45.0045,1.09206
45.006,1.09205
45.0075,1.09204
45.009,1.09203
45.0105,1.09202
45.012,1.09201
45.0135,1.092
45.015,1.09199
45.0165,1.09198
45.018,1.09197
45.0195,1.09196
45.021,1.09195
45.0225,1.09194
45.024,1.09193
45.0255,1.09192
45.027,1.0919
45.0285,1.09189
45.0299,1.09188
45.0314,1.09187
45.0329,1.09186
45.0344,1.09185
45.0359,1.09184
45.0374,1.09183
45.0389,1.09181
45.0404,1.0918
45.0419,1.09179
45.0434,1.09178
45.0449,1.09177
45.0464,1.09176
45.0479,1.09175
45.0494,1.09173
45.0509,1.09172
45.0524,1.09171
45.0539,1.0917
45.0554,1.09169
45.0569,1.09168
45.0584,1.09166
45.0599,1.09165
45.0614,1.09164
45.0629,1.09163
45.0644,1.09162
45.0659,1.09161
45.0674,1.0916
45.0689,1.09158
45.0704,1.09157
45.0719,1.09156
45.0734,1.09155
45.0749,1.09154
45.0764,1.09152
45.0779,1.09151
45.0794,1.0915
45.0809,1.09149
45.0824,1.09148
45.0839,1.09147
45.0854,1.09146
45.0869,1.09145
45.0884,1.09144
45.0899,1.09142
45.0914,1.09141
45.0929,1.0914
45.0944,1.09139
45.0959,1.09138
45.0974,1.09137
45.0989,1.09136
45.1004,1.09135
45.1019,1.09134
45.1034,1.09133
45.1049,1.09132
45.1064,1.09131
45.1079,1.0913
45.1094,1.09129
45.1109,1.09128
45.1124,1.09127
45.1139,1.09126
45.1154,1.09125
45.1169,1.09124
45.1184,1.09124
45.1199,1.09123
45.1214,1.09122
45.1229,1.09121
45.1244,1.0912
45.1259,1.09119
45.1274,1.09118
45.1289,1.09117
45.1304,1.09117
45.1319,1.09116
45.1334,1.09115
45.1349,1.09114
45.1364,1.09113
45.1379,1.09113
45.1394,1.09112
45.1409,1.09111
45.1424,1.0911
45.1439,1.09109
45.1454,1.09108
45.1469,1.09108
45.1484,1.09107
45.1499,1.09106
45.1514,1.09105
45.1529,1.09105
45.1544,1.09104
45.1559,1.09103
45.1574,1.09102
45.1589,1.09102
45.1604,1.09101
45.1619,1.091
45.1634,1.091
45.1649,1.09099
45.1664,1.09098
45.1679,1.09097
45.1694,1.09097
45.1709,1.09096
45.1724,1.09095
45.1739,1.09095
45.1754,1.09094
45.1769,1.09093
45.1784,1.09093
45.1799,1.09092
45.1814,1.09091
45.1829,1.09091
45.1844,1.0909
45.1859,1.09089
45.1874,1.09088
45.1889,1.09088
45.1904,1.09087
45.1919,1.09087
45.1934,1.09086
45.1949,1.09085
45.1964,1.09085
45.1979,1.09084
45.1994,1.09083
45.2009,1.09083
45.2024,1.09082
45.2039,1.09081
45.2054,1.09081
45.2069,1.0908
45.2084,1.0908
45.2099,1.09079
45.2113,1.09078
45.2128,1.09078
45.2143,1.09077
45.2158,1.09076
45.2173,1.09076
45.2188,1.09075
45.2203,1.09075
45.2218,1.09074
45.2233,1.09074
45.2248,1.09073
45.2263,1.09072
45.2278,1.09072
45.2293,1.09071
45.2308,1.09071
45.2323,1.0907
45.2338,1.09069
45.2353,1.09069
45.2368,1.09068
45.2383,1.09068
45.2398,1.09067
45.2413,1.09067
45.2428,1.09066
45.2443,1.09066
45.2458,1.09065
45.2473,1.09064
45.2488,1.09064
45.2503,1.09063
45.2518,1.09063
45.2533,1.09062
45.2548,1.09062
45.2563,1.09061
45.2578,1.09061
45.2593,1.0906
45.2608,1.0906
45.2623,1.09059
45.2638,1.09059
45.2653,1.09058
45.2668,1.09057
45.2683,1.09057
45.2698,1.09057
45.2713,1.09056
45.2728,1.09056
45.2743,1.09055
45.2758,1.09055
45.2773,1.09054
45.2788,1.09053
45.2803,1.09053
45.2818,1.09053
45.2833,1.09052
45.2848,1.09052
45.2863,1.09051
45.2878,1.09051
45.2893,1.0905
45.2908,1.0905
45.2923,1.09049
45.2938,1.09049
45.2953,1.09048
45.2968,1.09048
45.2983,1.09048
45.2998,1.09047
45.3013,1.09047
45.3028,1.09046
45.3043,1.09046
45.3058,1.09045
45.3073,1.09045
45.3088,1.09045
45.3103,1.09044
45.3118,1.09044
45.3133,1.09044
45.3148,1.09043
45.3163,1.09043
45.3178,1.09043
45.3193,1.09042
45.3208,1.09042
45.3223,1.09042
45.3238,1.09041
45.3253,1.09041
45.3268,1.09041
45.3283,1.0904
45.3298,1.0904
45.3313,1.0904
45.3328,1.0904
45.3343,1.09039
45.3358,1.09039
45.3373,1.09039
45.3388,1.09039
45.3403,1.09038
45.3418,1.09038
45.3433,1.09038
45.3448,1.09038
45.3463,1.09038
45.3478,1.09038
45.3493,1.09038
45.3508,1.09037
45.3523,1.09037
45.3538,1.09037
45.3553,1.09037
45.3568,1.09037
45.3583,1.09037
45.3598,1.09037
45.3613,1.09037
45.3628,1.09037
45.3643,1.09036
45.3658,1.09036
45.3673,1.09036
45.3688,1.09036
45.3703,1.09036
45.3718,1.09036
45.3733,1.09036
45.3748,1.09036
45.3763,1.09036
45.3778,1.09036
45.3793,1.09036
45.3808,1.09036
45.3823,1.09036
45.3838,1.09036
45.3853,1.09036
45.3868,1.09036
45.3883,1.09036
45.3898,1.09036
45.3913,1.09036
45.3927,1.09036
45.3942,1.09036
45.3957,1.09036
45.3972,1.09036
45.3987,1.09035
45.4002,1.09035
45.4017,1.09035
45.4032,1.09035
45.4047,1.09035
45.4062,1.09035
45.4077,1.09035
45.4092,1.09035
45.4107,1.09035
45.4122,1.09035
45.4137,1.09035
45.4152,1.09035
45.4167,1.09034
45.4182,1.09034
45.4197,1.09034
45.4212,1.09034
45.4227,1.09034
45.4242,1.09034
45.4257,1.09034
45.4272,1.09033
45.4287,1.09033
45.4302,1.09033
45.4317,1.09033
45.4332,1.09033
45.4347,1.09033
45.4362,1.09032
45.4377,1.09032
45.4392,1.09032
45.4407,1.09032
45.4422,1.09031
45.4437,1.09031
45.4452,1.09031
45.4467,1.09031
45.4482,1.0903
45.4497,1.0903
45.4512,1.0903
45.4527,1.09029
45.4542,1.09029
45.4557,1.09029
45.4572,1.09028
45.4587,1.09028
45.4602,1.09028
45.4617,1.09027
45.4632,1.09027
45.4647,1.09026
45.4662,1.09026
45.4677,1.09026
45.4692,1.09025
45.4707,1.09025
45.4722,1.09024
45.4737,1.09024
45.4752,1.09023
45.4767,1.09023
45.4782,1.09023
45.4797,1.09022
45.4812,1.09022
45.4827,1.09021
45.4842,1.09021
45.4857,1.0902
45.4872,1.0902
45.4887,1.0902
45.4902,1.09019
45.4917,1.09019
45.4932,1.09019
45.4947,1.09018
45.4962,1.09018
45.4977,1.09018
45.4992,1.09017
45.5007,1.09017
45.5022,1.09017
45.5037,1.09017
45.5052,1.09017
45.5067,1.09017
45.5082,1.09017
45.5097,1.09017
45.5112,1.09017
45.5127,1.09017
45.5142,1.09018
45.5157,1.09018
45.5172,1.09018
45.5187,1.09019
45.5202,1.09019
45.5217,1.09019
45.5232,1.0902
45.5247,1.09021
45.5262,1.09021
45.5277,1.09022
45.5292,1.09023
45.5307,1.09024
45.5322,1.09024
45.5337,1.09025
45.5352,1.09026
45.5367,1.09027
45.5382,1.09028
45.5397,1.0903
45.5412,1.09031
45.5427,1.09032
45.5442,1.09033
45.5457,1.09034
45.5472,1.09036
45.5487,1.09037
45.5502,1.09038
45.5517,1.09039
45.5532,1.09041
45.5547,1.09042
45.5562,1.09043
45.5577,1.09044
45.5592,1.09046
45.5607,1.09047
45.5622,1.09048
45.5637,1.09049
45.5652,1.0905
45.5667,1.09052
45.5682,1.09053
45.5697,1.09054
45.5712,1.09055
45.5727,1.09056
45.5742,1.09057
45.5756,1.09058
45.5771,1.09058
45.5786,1.09059
45.5801,1.0906
45.5816,1.09061
45.5831,1.09061
45.5846,1.09062
45.5861,1.09062
45.5876,1.09063
45.5891,1.09063
45.5906,1.09064
45.5921,1.09064
45.5936,1.09064
45.5951,1.09065
45.5966,1.09065
45.5981,1.09065
45.5996,1.09065
45.6011,1.09065
45.6026,1.09065
45.6041,1.09066
45.6056,1.09066
45.6071,1.09066
45.6086,1.09066
45.6101,1.09065
45.6116,1.09065
45.6131,1.09065
45.6146,1.09065
45.6161,1.09065
45.6176,1.09065
45.6191,1.09065
45.6206,1.09064
45.6221,1.09064
45.6236,1.09064
45.6251,1.09064
45.6266,1.09063
45.6281,1.09063
45.6296,1.09063
45.6311,1.09063
45.6326,1.09062
45.6341,1.09062
45.6356,1.09062
45.6371,1.09061
45.6386,1.09061
45.6401,1.09061
45.6416,1.0906
45.6431,1.0906
45.6446,1.0906
45.6461,1.09059
45.6476,1.09059
45.6491,1.09059
45.6506,1.09058
45.6521,1.09058
45.6536,1.09058
45.6551,1.09057
45.6566,1.09057
45.6581,1.09057
45.6596,1.09056
45.6611,1.09056
45.6626,1.09056
45.6641,1.09055
45.6656,1.09055
45.6671,1.09055
45.6686,1.09055
45.6701,1.09054
45.6716,1.09054
45.6731,1.09054
45.6746,1.09054
45.6761,1.09054
45.6776,1.09053
45.6791,1.09053
45.6806,1.09053
45.6821,1.09053
45.6836,1.09052
45.6851,1.09052
45.6866,1.09052
45.6881,1.09052
45.6896,1.09052
45.6911,1.09052
45.6926,1.09052
45.6941,1.09052
45.6956,1.09052
45.6971,1.09051
45.6986,1.09051
45.7001,1.09051
45.7016,1.09051
45.7031,1.09051
45.7046,1.09051
45.7061,1.09051
45.7076,1.09051
45.7091,1.09051
45.7106,1.09051
45.7121,1.09051
45.7136,1.09051
45.7151,1.09051
45.7166,1.09051
45.7181,1.09051
45.7196,1.09051
45.7211,1.09051
45.7226,1.09051
45.7241,1.09051
45.7256,1.09051
45.7271,1.09051
45.7286,1.09051
45.7301,1.09051
45.7316,1.09051
45.7331,1.09051
45.7346,1.09051
45.7361,1.09051
45.7376,1.09052
45.7391,1.09052
45.7406,1.09052
45.7421,1.09052
45.7436,1.09052
45.7451,1.09052
45.7466,1.09053
45.7481,1.09053
45.7496,1.09053
45.7511,1.09053
45.7526,1.09053
45.7541,1.09054
45.7556,1.09054
45.757,1.09054
45.7585,1.09054
45.76,1.09055
45.7615,1.09055
45.763,1.09055
45.7645,1.09056
45.766,1.09056
45.7675,1.09056
45.769,1.09056
45.7705,1.09057
45.772,1.09057
45.7735,1.09057
45.775,1.09058
45.7765,1.09058
45.778,1.09059
45.7795,1.09059
45.781,1.09059
45.7825,1.0906
45.784,1.0906
45.7855,1.0906
45.787,1.09061
45.7885,1.09061
45.79,1.09061
45.7915,1.09062
45.793,1.09062
45.7945,1.09063
45.796,1.09063
45.7975,1.09063
45.799,1.09064
45.8005,1.09064
45.802,1.09065
45.8035,1.09065
45.805,1.09066
45.8065,1.09066
45.808,1.09067
45.8095,1.09067
45.811,1.09067
45.8125,1.09068
45.814,1.09068
45.8155,1.09069
45.817,1.09069
45.8185,1.0907
45.82,1.0907
45.8215,1.09071
45.823,1.09071
45.8245,1.09071
45.826,1.09072
45.8275,1.09072
45.829,1.09073
45.8305,1.09073
45.832,1.09074
45.8335,1.09074
45.835,1.09074
45.8365,1.09075
45.838,1.09075
45.8395,1.09076
45.841,1.09076
45.8425,1.09077
45.844,1.09077
45.8455,1.09078
45.847,1.09078
45.8485,1.09078
45.85,1.09079
45.8515,1.09079
45.853,1.0908
45.8545,1.0908
45.856,1.09081
45.8575,1.09081
45.859,1.09081
45.8605,1.09082
45.862,1.09082
45.8635,1.09083
45.865,1.09083
45.8665,1.09083
45.868,1.09084
45.8695,1.09084
45.871,1.09084
45.8725,1.09085
45.874,1.09085
45.8755,1.09086
45.877,1.09086
45.8785,1.09086
45.88,1.09087
45.8815,1.09087
45.883,1.09087
45.8845,1.09088
45.886,1.09088
45.8875,1.09088
45.889,1.09089
45.8905,1.09089
45.892,1.09089
45.8935,1.09089
45.895,1.0909
45.8965,1.0909
45.898,1.0909
45.8995,1.09091
45.901,1.09091
45.9025,1.09091
45.904,1.09091
45.9055,1.09092
45.907,1.09092
45.9085,1.09092
45.91,1.09092
45.9115,1.09093
45.913,1.09093
45.9145,1.09093
45.916,1.09093
45.9175,1.09094
45.919,1.09094
45.9205,1.09094
45.922,1.09094
45.9235,1.09095
45.925,1.09095
45.9265,1.09095
45.928,1.09095
45.9295,1.09095
45.931,1.09095
45.9325,1.09096
45.934,1.09096
45.9355,1.09096
45.937,1.09096
45.9384,1.09096
45.9399,1.09096
45.9414,1.09097
45.9429,1.09097
45.9444,1.09097
45.9459,1.09097
45.9474,1.09097
45.9489,1.09097
45.9504,1.09097
45.9519,1.09097
45.9534,1.09097
45.9549,1.09098
45.9564,1.09098
45.9579,1.09098
45.9594,1.09098
45.9609,1.09098
45.9624,1.09098
45.9639,1.09098
45.9654,1.09098
45.9669,1.09098
45.9684,1.09098
45.9699,1.09098
45.9714,1.09098
45.9729,1.09098
45.9744,1.09098
45.9759,1.09099
45.9774,1.09099
45.9789,1.09099
45.9804,1.09099
45.9819,1.09099
45.9834,1.09099
45.9849,1.09099
45.9864,1.09099
45.9879,1.09099
45.9894,1.09099
45.9909,1.09099
45.9924,1.09099
45.9939,1.09099
45.9954,1.09099
45.9969,1.09099
45.9984,1.09099
45.9999,1.09099
46.0014,1.09099
46.0029,1.09099
46.0044,1.09099
46.0059,1.09099
46.0074,1.09099
46.0089,1.09099
46.0104,1.09099
46.0119,1.09099
46.0134,1.09099
46.0149,1.09099
46.0164,1.09098
46.0179,1.09098
46.0194,1.09098
46.0209,1.09098
46.0224,1.09098
46.0239,1.09098
46.0254,1.09098
46.0269,1.09098
46.0284,1.09098
46.0299,1.09097
46.0314,1.09097
46.0329,1.09097
46.0344,1.09097
46.0359,1.09097
46.0374,1.09097
46.0389,1.09096
46.0404,1.09096
46.0419,1.09096
46.0434,1.09096
46.0449,1.09096
46.0464,1.09095
46.0479,1.09095
46.0494,1.09095
46.0509,1.09095
46.0524,1.09094
46.0539,1.09094
46.0554,1.09094
46.0569,1.09093
46.0584,1.09093
46.0599,1.09093
46.0614,1.09093
46.0629,1.09092
46.0644,1.09092
46.0659,1.09092
46.0674,1.09091
46.0689,1.09091
46.0704,1.09091
46.0719,1.0909
46.0734,1.0909
46.0749,1.09089
46.0764,1.09089
46.0779,1.09088
46.0794,1.09088
46.0809,1.09088
46.0824,1.09087
46.0839,1.09087
46.0854,1.09086
46.0869,1.09086
46.0884,1.09086
46.0899,1.09085
46.0914,1.09085
46.0929,1.09084
46.0944,1.09084
46.0959,1.09083
46.0974,1.09083
46.0989,1.09083
46.1004,1.09082
46.1019,1.09082
46.1034,1.09081
46.1049,1.09081
46.1064,1.0908
46.1079,1.0908
46.1094,1.09079
46.1109,1.09079
46.1124,1.09079
46.1139,1.09078
46.1154,1.09078
46.1169,1.09077
46.1184,1.09077
46.1199,1.09076
46.1213,1.09076
46.1228,1.09076
46.1243,1.09075
46.1258,1.09075
46.1273,1.09075
46.1288,1.09074
46.1303,1.09074
46.1318,1.09073
46.1333,1.09073
46.1348,1.09073
46.1363,1.09072
46.1378,1.09072
46.1393,1.09072
46.1408,1.09071
46.1423,1.09071
46.1438,1.09071
46.1453,1.09071
46.1468,1.0907
46.1483,1.0907
46.1498,1.0907
46.1513,1.0907
46.1528,1.09069
46.1543,1.09069
46.1558,1.09069
46.1573,1.09069
46.1588,1.09069
46.1603,1.09068
46.1618,1.09068
46.1633,1.09068
46.1648,1.09068
46.1663,1.09068
46.1678,1.09068
46.1693,1.09067
46.1708,1.09067
46.1723,1.09067
46.1738,1.09067
46.1753,1.09067
46.1768,1.09067
46.1783,1.09067
46.1798,1.09067
46.1813,1.09067
46.1828,1.09067
46.1843,1.09067
46.1858,1.09067
46.1873,1.09067
46.1888,1.09067
46.1903,1.09067
46.1918,1.09067
46.1933,1.09067
46.1948,1.09067
46.1963,1.09067
46.1978,1.09067
46.1993,1.09067
46.2008,1.09067
46.2023,1.09067
46.2038,1.09067
46.2053,1.09067
46.2068,1.09067
46.2083,1.09067
46.2098,1.09067
46.2113,1.09067
46.2128,1.09067
46.2143,1.09066
46.2158,1.09066
46.2173,1.09066
46.2188,1.09066
46.2203,1.09066
46.2218,1.09066
46.2233,1.09066
46.2248,1.09066
46.2263,1.09065
46.2278,1.09065
46.2293,1.09065
46.2308,1.09065
46.2323,1.09065
46.2338,1.09065
46.2353,1.09064
46.2368,1.09064
46.2383,1.09064
46.2398,1.09064
46.2413,1.09064
46.2428,1.09064
46.2443,1.09063
46.2458,1.09063
46.2473,1.09063
46.2488,1.09063
46.2503,1.09062
46.2518,1.09062
46.2533,1.09062
46.2548,1.09062
46.2563,1.09062
46.2578,1.09061
46.2593,1.09061
46.2608,1.09061
46.2623,1.09061
46.2638,1.09061
46.2653,1.09061
46.2668,1.0906
46.2683,1.0906
46.2698,1.0906
46.2713,1.0906
46.2728,1.0906
46.2743,1.0906
46.2758,1.0906
46.2773,1.0906
46.2788,1.0906
46.2803,1.09059
46.2818,1.09059
46.2833,1.09059
46.2848,1.09059
46.2863,1.09059
46.2878,1.09059
46.2893,1.09059
46.2908,1.09059
46.2923,1.09059
46.2938,1.09059
46.2953,1.09059
46.2968,1.09059
46.2983,1.09059
46.2998,1.09059
46.3013,1.09059
46.3027,1.09059
46.3042,1.09059
46.3057,1.0906
46.3072,1.09059
46.3087,1.09059
46.3102,1.0906
46.3117,1.0906
46.3132,1.0906
46.3147,1.0906
46.3162,1.0906
46.3177,1.0906
46.3192,1.0906
46.3207,1.0906
46.3222,1.0906
46.3237,1.0906
46.3252,1.09061
46.3267,1.09061
46.3282,1.09061
46.3297,1.09061
46.3312,1.09061
46.3327,1.09061
46.3342,1.09062
46.3357,1.09062
46.3372,1.09062
46.3387,1.09062
46.3402,1.09062
46.3417,1.09063
46.3432,1.09063
46.3447,1.09063
46.3462,1.09063
46.3477,1.09064
46.3492,1.09064
46.3507,1.09064
46.3522,1.09064
46.3537,1.09065
46.3552,1.09065
46.3567,1.09065
46.3582,1.09065
46.3597,1.09066
46.3612,1.09066
46.3627,1.09066
46.3642,1.09067
46.3657,1.09067
46.3672,1.09067
46.3687,1.09068
46.3702,1.09068
46.3717,1.09068
46.3732,1.09068
46.3747,1.09069
46.3762,1.09069
46.3777,1.09069
46.3792,1.09069
46.3807,1.0907
46.3822,1.0907
46.3837,1.0907
46.3852,1.0907
46.3867,1.0907
46.3882,1.0907
46.3897,1.0907
46.3912,1.0907
46.3927,1.0907
46.3942,1.0907
46.3957,1.0907
46.3972,1.0907
46.3987,1.0907
46.4002,1.0907
46.4017,1.0907
46.4032,1.0907
46.4047,1.09069
46.4062,1.09069
46.4077,1.09069
46.4092,1.09069
46.4107,1.09069
46.4122,1.09069
46.4137,1.09069
46.4152,1.09069
46.4167,1.09069
46.4182,1.09069
46.4197,1.09069
46.4212,1.09069
46.4227,1.09069
46.4242,1.09069
46.4257,1.09069
46.4272,1.09069
46.4287,1.0907
46.4302,1.0907
46.4317,1.09071
46.4332,1.09071
46.4347,1.09072
46.4362,1.09072
46.4377,1.09073
46.4392,1.09073
46.4407,1.09074
46.4422,1.09075
46.4437,1.09076
46.4452,1.09077
46.4467,1.09078
46.4482,1.09079
46.4497,1.0908
46.4512,1.09082
46.4527,1.09083
46.4542,1.09084
46.4557,1.09086
46.4572,1.09087
46.4587,1.09089
46.4602,1.09091
46.4617,1.09093
46.4632,1.09095
46.4647,1.09097
46.4662,1.09099
46.4677,1.09101
46.4692,1.09103
46.4707,1.09105
46.4722,1.09107
46.4737,1.0911
46.4752,1.09112
46.4767,1.09114
46.4782,1.09117
46.4797,1.09119
46.4812,1.09122
46.4827,1.09124
46.4841,1.09127
46.4856,1.09129
46.4871,1.09132
46.4886,1.09134
46.4901,1.09137
46.4916,1.09139
46.4931,1.09142
46.4946,1.09144
46.4961,1.09146
46.4976,1.09149
46.4991,1.09151
46.5006,1.09153
46.5021,1.09156
46.5036,1.09158
46.5051,1.0916
46.5066,1.09162
46.5081,1.09164
46.5096,1.09166
46.5111,1.09168
46.5126,1.09169
46.5141,1.09171
46.5156,1.09173
46.5171,1.09174
46.5186,1.09176
46.5201,1.09178
46.5216,1.09179
46.5231,1.0918
46.5246,1.09182
46.5261,1.09183
46.5276,1.09184
46.5291,1.09185
46.5306,1.09186
46.5321,1.09187
46.5336,1.09188
46.5351,1.09189
46.5366,1.0919
46.5381,1.0919
46.5396,1.09191
46.5411,1.09192
46.5426,1.09192
46.5441,1.09193
46.5456,1.09193
46.5471,1.09194
46.5486,1.09194
46.5501,1.09195
46.5516,1.09195
46.5531,1.09195
46.5546,1.09195
46.5561,1.09195
46.5576,1.09196
46.5591,1.09196
46.5606,1.09196
46.5621,1.09196
46.5636,1.09196
46.5651,1.09196
46.5666,1.09196
46.5681,1.09196
46.5696,1.09196
46.5711,1.09196
46.5726,1.09196
46.5741,1.09196
46.5756,1.09195
46.5771,1.09195
46.5786,1.09195
46.5801,1.09195
46.5816,1.09195
46.5831,1.09195
46.5846,1.09194
46.5861,1.09194
46.5876,1.09194
46.5891,1.09194
46.5906,1.09194
46.5921,1.09194
46.5936,1.09194
46.5951,1.09193
46.5966,1.09193
46.5981,1.09193
46.5996,1.09193
46.6011,1.09193
46.6026,1.09193
46.6041,1.09193
46.6056,1.09193
46.6071,1.09193
46.6086,1.09193
46.6101,1.09193
46.6116,1.09193
46.6131,1.09193
46.6146,1.09193
46.6161,1.09193
46.6176,1.09193
46.6191,1.09193
46.6206,1.09193
46.6221,1.09194
46.6236,1.09194
46.6251,1.09194
46.6266,1.09194
46.6281,1.09195
46.6296,1.09195
46.6311,1.09195
46.6326,1.09195
46.6341,1.09196
46.6356,1.09196
46.6371,1.09197
46.6386,1.09197
46.6401,1.09198
46.6416,1.09198
46.6431,1.09199
46.6446,1.09199
46.6461,1.092
46.6476,1.092
46.6491,1.09201
46.6506,1.09202
46.6521,1.09202
46.6536,1.09203
46.6551,1.09204
46.6566,1.09205
46.6581,1.09205
46.6596,1.09206
46.6611,1.09207
46.6626,1.09208
46.6641,1.09209
46.6656,1.0921
46.667,1.09211
46.6685,1.09212
46.67,1.09213
46.6715,1.09214
46.673,1.09214
46.6745,1.09215
46.676,1.09216
46.6775,1.09217
46.679,1.09218
46.6805,1.09219
46.682,1.0922
46.6835,1.09221
46.685,1.09222
46.6865,1.09223
46.688,1.09224
46.6895,1.09225
46.691,1.09226
46.6925,1.09227
46.694,1.09228
46.6955,1.09229
46.697,1.0923
46.6985,1.0923
46.7,1.09231
46.7015,1.09232
46.703,1.09233
46.7045,1.09234
46.706,1.09234
46.7075,1.09235
46.709,1.09236
46.7105,1.09236
46.712,1.09237
46.7135,1.09238
46.715,1.09238
46.7165,1.09239
46.718,1.09239
46.7195,1.0924
46.721,1.0924
46.7225,1.09241
46.724,1.09241
46.7255,1.09242
46.727,1.09242
46.7285,1.09242
46.73,1.09243
46.7315,1.09243
46.733,1.09244
46.7345,1.09244
46.736,1.09244
46.7375,1.09244
46.739,1.09244
46.7405,1.09245
46.742,1.09245
46.7435,1.09245
46.745,1.09245
46.7465,1.09245
46.748,1.09245
46.7495,1.09245
46.751,1.09245
46.7525,1.09245
46.754,1.09245
46.7555,1.09245
46.757,1.09245
46.7585,1.09245
46.76,1.09245
46.7615,1.09245
46.763,1.09245
46.7645,1.09245
46.766,1.09245
46.7675,1.09244
46.769,1.09244
46.7705,1.09244
46.772,1.09244
46.7735,1.09244
46.775,1.09243
46.7765,1.09243
46.778,1.09243
46.7795,1.09243
46.781,1.09243
46.7825,1.09242
46.784,1.09242
46.7855,1.09242
46.787,1.09242
46.7885,1.09241
46.79,1.09241
46.7915,1.09241
46.793,1.09241
46.7945,1.09241
46.796,1.0924
46.7975,1.0924
46.799,1.0924
46.8005,1.0924
46.802,1.0924
46.8035,1.09239
46.805,1.09239
46.8065,1.09239
46.808,1.09239
46.8095,1.09239
46.811,1.09239
46.8125,1.09238
46.814,1.09238
46.8155,1.09238
46.817,1.09238
46.8185,1.09238
46.82,1.09238
46.8215,1.09238
46.823,1.09238
46.8245,1.09238
46.826,1.09237
46.8275,1.09237
46.829,1.09237
46.8305,1.09237
46.832,1.09237
46.8335,1.09237
46.835,1.09237
46.8365,1.09237
46.838,1.09237
46.8395,1.09237
46.841,1.09237
46.8425,1.09237
46.844,1.09237
46.8455,1.09237
46.847,1.09237
46.8484,1.09237
46.8499,1.09237
46.8514,1.09237
46.8529,1.09237
46.8544,1.09237
46.8559,1.09237
46.8574,1.09238
46.8589,1.09238
46.8604,1.09238
46.8619,1.09238
46.8634,1.09238
46.8649,1.09238
46.8664,1.09238
46.8679,1.09238
46.8694,1.09238
46.8709,1.09238
46.8724,1.09238
46.8739,1.09238
46.8754,1.09238
46.8769,1.09238
46.8784,1.09238
46.8799,1.09238
46.8814,1.09238
46.8829,1.09238
46.8844,1.09238
46.8859,1.09238
46.8874,1.09238
46.8889,1.09238
46.8904,1.09238
46.8919,1.09238
46.8934,1.09237
46.8949,1.09237
46.8964,1.09237
46.8979,1.09237
46.8994,1.09237
46.9009,1.09236
46.9024,1.09236
46.9039,1.09236
46.9054,1.09235
46.9069,1.09235
46.9084,1.09235
46.9099,1.09235
46.9114,1.09234
46.9129,1.09234
46.9144,1.09233
46.9159,1.09233
46.9174,1.09233
46.9189,1.09232
46.9204,1.09232
46.9219,1.09231
46.9234,1.09231
46.9249,1.0923
46.9264,1.0923
46.9279,1.0923
46.9294,1.09229
46.9309,1.09228
46.9324,1.09228
46.9339,1.09228
46.9354,1.09227
46.9369,1.09227
46.9384,1.09226
46.9399,1.09226
46.9414,1.09225
46.9429,1.09224
46.9444,1.09224
46.9459,1.09223
46.9474,1.09223
46.9489,1.09222
46.9504,1.09222
46.9519,1.09221
46.9534,1.09221
46.9549,1.0922
46.9564,1.09219
46.9579,1.09219
46.9594,1.09218
46.9609,1.09218
46.9624,1.09217
46.9639,1.09217
46.9654,1.09216
46.9669,1.09215
46.9684,1.09215
46.9699,1.09214
46.9714,1.09214
46.9729,1.09213
46.9744,1.09212
46.9759,1.09212
46.9774,1.09211
46.9789,1.09211
46.9804,1.0921
46.9819,1.09209
46.9834,1.09209
46.9849,1.09208
46.9864,1.09207
46.9879,1.09207
46.9894,1.09206
46.9909,1.09205
46.9924,1.09205
46.9939,1.09204
46.9954,1.09203
46.9969,1.09202
46.9984,1.09202
46.9999,1.09201
47.0014,1.092
47.0029,1.09199
47.0044,1.09199
47.0059,1.09198
47.0074,1.09197
47.0089,1.09196
47.0104,1.09196
47.0119,1.09195
47.0134,1.09194
47.0149,1.09193
47.0164,1.09193
47.0179,1.09192
47.0194,1.09191
47.0209,1.0919
47.0224,1.09189
47.0239,1.09188
47.0254,1.09188
47.0269,1.09187
47.0284,1.09186
47.0299,1.09185
47.0313,1.09184
47.0328,1.09183
47.0343,1.09182
47.0358,1.09181
47.0373,1.0918
47.0388,1.09179
47.0403,1.09179
47.0418,1.09178
47.0433,1.09177
47.0448,1.09176
47.0463,1.09175
47.0478,1.09174
47.0493,1.09173
47.0508,1.09172
47.0523,1.09171
47.0538,1.0917
47.0553,1.09169
47.0568,1.09168
47.0583,1.09167
47.0598,1.09166
47.0613,1.09165
47.0628,1.09164
47.0643,1.09163
47.0658,1.09162
47.0673,1.09161
47.0688,1.0916
47.0703,1.09159
47.0718,1.09158
47.0733,1.09156
47.0748,1.09155
47.0763,1.09154
47.0778,1.09153
47.0793,1.09152
47.0808,1.09151
47.0823,1.0915
47.0838,1.09149
47.0853,1.09148
47.0868,1.09147
47.0883,1.09146
47.0898,1.09145
47.0913,1.09144
47.0928,1.09143
47.0943,1.09142
47.0958,1.09141
47.0973,1.09139
47.0988,1.09138
47.1003,1.09137
47.1018,1.09137
47.1033,1.09136
47.1048,1.09135
47.1063,1.09134
47.1078,1.09133
47.1093,1.09132
47.1108,1.09132
47.1123,1.09131
47.1138,1.0913
47.1153,1.0913
47.1168,1.09129
47.1183,1.09128
47.1198,1.09128
47.1213,1.09127
47.1228,1.09127
47.1243,1.09127
47.1258,1.09126
47.1273,1.09126
47.1288,1.09126
47.1303,1.09126
47.1318,1.09125
47.1333,1.09125
47.1348,1.09125
47.1363,1.09125
47.1378,1.09125
47.1393,1.09125
47.1408,1.09125
47.1423,1.09126
47.1438,1.09126
47.1453,1.09126
47.1468,1.09126
47.1483,1.09127
47.1498,1.09127
47.1513,1.09128
47.1528,1.09128
47.1543,1.09129
47.1558,1.09129
47.1573,1.0913
47.1588,1.09131
47.1603,1.09131
47.1618,1.09132
47.1633,1.09133
47.1648,1.09134
47.1663,1.09134
47.1678,1.09135
47.1693,1.09136
47.1708,1.09137
47.1723,1.09137
47.1738,1.09138
47.1753,1.09139
47.1768,1.09139
47.1783,1.0914
47.1798,1.09141
47.1813,1.09141
47.1828,1.09142
47.1843,1.09142
47.1858,1.09143
47.1873,1.09143
47.1888,1.09143
47.1903,1.09144
47.1918,1.09144
47.1933,1.09144
47.1948,1.09144
47.1963,1.09144
47.1978,1.09144
47.1993,1.09144
47.2008,1.09144
47.2023,1.09144
47.2038,1.09144
47.2053,1.09144
47.2068,1.09143
47.2083,1.09143
47.2098,1.09143
47.2113,1.09142
47.2127,1.09142
47.2142,1.09141
47.2157,1.09141
47.2172,1.0914
47.2187,1.09139
47.2202,1.09139
47.2217,1.09138
47.2232,1.09137
47.2247,1.09136
47.2262,1.09136
47.2277,1.09135
47.2292,1.09134
47.2307,1.09133
47.2322,1.09132
47.2337,1.09131
47.2352,1.0913
47.2367,1.09129
47.2382,1.09128
47.2397,1.09127
47.2412,1.09126
47.2427,1.09125
47.2442,1.09124
47.2457,1.09123
47.2472,1.09122
47.2487,1.09121
47.2502,1.0912
47.2517,1.09119
47.2532,1.09118
47.2547,1.09117
47.2562,1.09116
47.2577,1.09115
47.2592,1.09114
47.2607,1.09113
47.2622,1.09112
47.2637,1.09111
47.2652,1.0911
47.2667,1.09109
47.2682,1.09108
47.2697,1.09108
47.2712,1.09107
47.2727,1.09106
47.2742,1.09105
47.2757,1.09104
47.2772,1.09103
47.2787,1.09102
47.2802,1.09102
47.2817,1.09101
47.2832,1.091
47.2847,1.09099
47.2862,1.09099
47.2877,1.09098
47.2892,1.09097
47.2907,1.09096
47.2922,1.09096
47.2937,1.09095
47.2952,1.09094
47.2967,1.09094
47.2982,1.09093
47.2997,1.09092
47.3012,1.09092
47.3027,1.09091
47.3042,1.09091
47.3057,1.0909
47.3072,1.09089
47.3087,1.09089
47.3102,1.09088
47.3117,1.09087
47.3132,1.09087
47.3147,1.09086
47.3162,1.09086
47.3177,1.09085
47.3192,1.09085
47.3207,1.09084
47.3222,1.09083
47.3237,1.09083
47.3252,1.09082
47.3267,1.09082
47.3282,1.09081
47.3297,1.0908
47.3312,1.0908
47.3327,1.09079
47.3342,1.09078
47.3357,1.09078
47.3372,1.09077
47.3387,1.09076
47.3402,1.09076
47.3417,1.09075
47.3432,1.09074
47.3447,1.09074
47.3462,1.09073
47.3477,1.09072
47.3492,1.09072
47.3507,1.09071
47.3522,1.0907
47.3537,1.0907
47.3552,1.09069
47.3567,1.09068
47.3582,1.09067
47.3597,1.09067
47.3612,1.09066
47.3627,1.09065
47.3642,1.09064
47.3657,1.09064
47.3672,1.09063
47.3687,1.09062
47.3702,1.09061
47.3717,1.09061
47.3732,1.0906
47.3747,1.09059
47.3762,1.09058
47.3777,1.09058
47.3792,1.09057
47.3807,1.09056
47.3822,1.09055
47.3837,1.09055
47.3852,1.09054
47.3867,1.09053
47.3882,1.09053
47.3897,1.09052
47.3912,1.09051
47.3927,1.0905
47.3941,1.0905
47.3956,1.09049
47.3971,1.09048
47.3986,1.09048
47.4001,1.09047
47.4016,1.09046
47.4031,1.09046
47.4046,1.09045
47.4061,1.09044
47.4076,1.09044
47.4091,1.09043
47.4106,1.09042
47.4121,1.09042
47.4136,1.09041
47.4151,1.09041
47.4166,1.0904
47.4181,1.0904
47.4196,1.09039
47.4211,1.09038
47.4226,1.09038
47.4241,1.09037
47.4256,1.09037
47.4271,1.09036
47.4286,1.09036
47.4301,1.09035
47.4316,1.09035
47.4331,1.09034
47.4346,1.09034
47.4361,1.09033
47.4376,1.09033
47.4391,1.09033
47.4406,1.09032
47.4421,1.09032
47.4436,1.09031
47.4451,1.09031
47.4466,1.0903
47.4481,1.0903
47.4496,1.0903
47.4511,1.09029
47.4526,1.09029
47.4541,1.09028
47.4556,1.09028
47.4571,1.09028
47.4586,1.09027
47.4601,1.09027
47.4616,1.09026
47.4631,1.09026
47.4646,1.09026
47.4661,1.09025
47.4676,1.09025
47.4691,1.09025
47.4706,1.09024
47.4721,1.09024
47.4736,1.09024
47.4751,1.09023
47.4766,1.09023
47.4781,1.09022
47.4796,1.09022
47.4811,1.09022
47.4826,1.09022
47.4841,1.09021
47.4856,1.09021
47.4871,1.0902
47.4886,1.0902
47.4901,1.0902
47.4916,1.09019
47.4931,1.09019
47.4946,1.09019
47.4961,1.09018
47.4976,1.09018
47.4991,1.09017
47.5006,1.09017
47.5021,1.09017
47.5036,1.09016
47.5051,1.09016
47.5066,1.09016
47.5081,1.09015
47.5096,1.09015
47.5111,1.09015
47.5126,1.09014
47.5141,1.09014
47.5156,1.09013
47.5171,1.09013
47.5186,1.09013
47.5201,1.09012
47.5216,1.09012
47.5231,1.09012
47.5246,1.09011
47.5261,1.09011
47.5276,1.09011
47.5291,1.0901
47.5306,1.0901
47.5321,1.09009
47.5336,1.09009
47.5351,1.09009
47.5366,1.09009
47.5381,1.09008
47.5396,1.09008
47.5411,1.09007
47.5426,1.09007
47.5441,1.09007
47.5456,1.09006
47.5471,1.09006
47.5486,1.09006
47.5501,1.09005
47.5516,1.09005
47.5531,1.09005
47.5546,1.09004
47.5561,1.09004
47.5576,1.09004
47.5591,1.09003
47.5606,1.09003
47.5621,1.09003
47.5636,1.09002
47.5651,1.09002
47.5666,1.09002
47.5681,1.09001
47.5696,1.09001
47.5711,1.09001
47.5726,1.09001
47.5741,1.09
47.5756,1.09
47.577,1.08999
47.5785,1.08999
47.58,1.08999
47.5815,1.08999
47.583,1.08998
47.5845,1.08998
47.586,1.08998
47.5875,1.08997
47.589,1.08997
47.5905,1.08997
47.592,1.08997
47.5935,1.08996
47.595,1.08996
47.5965,1.08996
47.598,1.08995
47.5995,1.08995
47.601,1.08995
47.6025,1.08994
47.604,1.08994
47.6055,1.08994
47.607,1.08994
47.6085,1.08993
47.61,1.08993
47.6115,1.08993
47.613,1.08992
47.6145,1.08992
47.616,1.08992
47.6175,1.08991
47.619,1.08991
47.6205,1.08991
47.622,1.0899
47.6235,1.0899
47.625,1.0899
47.6265,1.0899
47.628,1.08989
47.6295,1.08989
47.631,1.08989
47.6325,1.08988
47.634,1.08988
47.6355,1.08988
47.637,1.08987
47.6385,1.08987
47.64,1.08987
47.6415,1.08987
47.643,1.08986
47.6445,1.08986
47.646,1.08985
47.6475,1.08985
47.649,1.08985
47.6505,1.08985
47.652,1.08984
47.6535,1.08984
47.655,1.08983
47.6565,1.08983
47.658,1.08983
47.6595,1.08983
47.661,1.08982
47.6625,1.08982
47.664,1.08982
47.6655,1.08981
47.667,1.08981
47.6685,1.08981
47.67,1.0898
47.6715,1.0898
47.673,1.0898
47.6745,1.08979
47.676,1.08979
47.6775,1.08978
47.679,1.08978
47.6805,1.08978
47.682,1.08978
47.6835,1.08977
47.685,1.08977
47.6865,1.08977
47.688,1.08976
47.6895,1.08976
47.691,1.08976
47.6925,1.08975
47.694,1.08975
47.6955,1.08975
47.697,1.08974
47.6985,1.08974
47.7,1.08974
47.7015,1.08973
47.703,1.08973
47.7045,1.08973
47.706,1.08973
47.7075,1.08972
47.709,1.08972
47.7105,1.08972
47.712,1.08971
47.7135,1.08971
47.715,1.08971
47.7165,1.08971
47.718,1.0897
47.7195,1.0897
47.721,1.0897
47.7225,1.0897
47.724,1.08969
47.7255,1.08969
47.727,1.08969
47.7285,1.08969
47.73,1.08968
47.7315,1.08968
47.733,1.08968
47.7345,1.08968
47.736,1.08968
47.7375,1.08967
47.739,1.08967
47.7405,1.08967
47.742,1.08967
47.7435,1.08967
47.745,1.08967
47.7465,1.08967
47.748,1.08966
47.7495,1.08966
47.751,1.08966
47.7525,1.08966
47.754,1.08966
47.7555,1.08966
47.757,1.08965
47.7584,1.08965
47.7599,1.08965
47.7614,1.08965
47.7629,1.08965
47.7644,1.08965
47.7659,1.08965
47.7674,1.08965
47.7689,1.08965
47.7704,1.08965
47.7719,1.08964
47.7734,1.08964
47.7749,1.08964
47.7764,1.08964
47.7779,1.08964
47.7794,1.08964
47.7809,1.08964
47.7824,1.08964
47.7839,1.08964
47.7854,1.08964
47.7869,1.08964
47.7884,1.08964
47.7899,1.08964
47.7914,1.08964
47.7929,1.08964
47.7944,1.08964
47.7959,1.08964
47.7974,1.08964
47.7989,1.08964
47.8004,1.08964
47.8019,1.08964
47.8034,1.08964
47.8049,1.08964
47.8064,1.08964
47.8079,1.08964
47.8094,1.08964
47.8109,1.08964
47.8124,1.08964
47.8139,1.08964
47.8154,1.08963
47.8169,1.08964
47.8184,1.08963
47.8199,1.08963
47.8214,1.08963
47.8229,1.08964
47.8244,1.08964
47.8259,1.08963
47.8274,1.08964
47.8289,1.08963
47.8304,1.08963
47.8319,1.08963
47.8334,1.08963
47.8349,1.08963
47.8364,1.08963
47.8379,1.08963
47.8394,1.08963
47.8409,1.08963
47.8424,1.08963
47.8439,1.08963
47.8454,1.08963
47.8469,1.08963
47.8484,1.08963
47.8499,1.08963
47.8514,1.08963
47.8529,1.08963
47.8544,1.08963
47.8559,1.08963
47.8574,1.08963
47.8589,1.08963
47.8604,1.08963
47.8619,1.08963
47.8634,1.08963
47.8649,1.08963
47.8664,1.08963
47.8679,1.08963
47.8694,1.08963
47.8709,1.08963
47.8724,1.08963
47.8739,1.08963
47.8754,1.08963
47.8769,1.08963
47.8784,1.08963
47.8799,1.08963
47.8814,1.08963
47.8829,1.08963
47.8844,1.08963
47.8859,1.08963
47.8874,1.08963
47.8889,1.08963
47.8904,1.08963
47.8919,1.08963
47.8934,1.08963
47.8949,1.08963
47.8964,1.08964
47.8979,1.08964
47.8994,1.08964
47.9009,1.08964
47.9024,1.08964
47.9039,1.08964
47.9054,1.08964
47.9069,1.08964
47.9084,1.08964
47.9099,1.08965
47.9114,1.08964
47.9129,1.08965
47.9144,1.08965
47.9159,1.08965
47.9174,1.08965
47.9189,1.08965
47.9204,1.08965
47.9219,1.08966
47.9234,1.08966
47.9249,1.08966
47.9264,1.08966
47.9279,1.08966
47.9294,1.08966
47.9309,1.08967
47.9324,1.08967
47.9339,1.08967
47.9354,1.08967
47.9369,1.08967
47.9384,1.08968
47.9398,1.08968
47.9413,1.08968
47.9428,1.08968
47.9443,1.08969
47.9458,1.08969
47.9473,1.08969
47.9488,1.08969
47.9503,1.0897
47.9518,1.0897
47.9533,1.0897
47.9548,1.0897
47.9563,1.08971
47.9578,1.08971
47.9593,1.08971
47.9608,1.08971
47.9623,1.08972
47.9638,1.08972
47.9653,1.08972
47.9668,1.08972
47.9683,1.08973
47.9698,1.08973
47.9713,1.08973
47.9728,1.08973
47.9743,1.08974
47.9758,1.08974
47.9773,1.08974
47.9788,1.08974
47.9803,1.08975
47.9818,1.08975
47.9833,1.08975
47.9848,1.08975
47.9863,1.08975
47.9878,1.08975
47.9893,1.08976
47.9908,1.08976
47.9923,1.08976
47.9938,1.08976
47.9953,1.08976
47.9968,1.08977
47.9983,1.08977
47.9998,1.08977
48.0013,1.08977
48.0028,1.08977
48.0043,1.08977
48.0058,1.08977
48.0073,1.08977
48.0088,1.08978
48.0103,1.08978
48.0118,1.08978
48.0133,1.08978
48.0148,1.08978
48.0163,1.08978
48.0178,1.08978
48.0193,1.08978
48.0208,1.08978
48.0223,1.08978
48.0238,1.08978
48.0253,1.08978
48.0268,1.08978
48.0283,1.08978
48.0298,1.08978
48.0313,1.08978
48.0328,1.08978
48.0343,1.08978
48.0358,1.08978
48.0373,1.08979
48.0388,1.08978
48.0403,1.08978
48.0418,1.08979
48.0433,1.08978
48.0448,1.08978
48.0463,1.08978
48.0478,1.08978
48.0493,1.08978
48.0508,1.08978
48.0523,1.08978
48.0538,1.08978
48.0553,1.08978
48.0568,1.08978
48.0583,1.08978
48.0598,1.08978
48.0613,1.08978
48.0628,1.08978
48.0643,1.08978
48.0658,1.08978
48.0673,1.08978
48.0688,1.08978
48.0703,1.08978
48.0718,1.08978
48.0733,1.08978
48.0748,1.08978
48.0763,1.08978
48.0778,1.08978
48.0793,1.08978
48.0808,1.08978
48.0823,1.08978
48.0838,1.08978
48.0853,1.08978
48.0868,1.08978
48.0883,1.08978
48.0898,1.08978
48.0913,1.08978
48.0928,1.08978
48.0943,1.08978
48.0958,1.08978
48.0973,1.08978
48.0988,1.08978
48.1003,1.08978
48.1018,1.08978
48.1033,1.08978
48.1048,1.08978
48.1063,1.08978
48.1078,1.08978
48.1093,1.08978
48.1108,1.08978
48.1123,1.08978
48.1138,1.08978
48.1153,1.08978
48.1168,1.08978
48.1183,1.08978
48.1198,1.08978
48.1213,1.08978
48.1227,1.08978
48.1242,1.08978
48.1257,1.08978
48.1272,1.08978
48.1287,1.08978
48.1302,1.08978
48.1317,1.08978
48.1332,1.08978
48.1347,1.08978
48.1362,1.08978
48.1377,1.08978
48.1392,1.08978
48.1407,1.08978
48.1422,1.08978
48.1437,1.08978
48.1452,1.08978
48.1467,1.08978
48.1482,1.08979
48.1497,1.08978
48.1512,1.08979
48.1527,1.08979
48.1542,1.08979
48.1557,1.08979
48.1572,1.08979
48.1587,1.08979
48.1602,1.08979
48.1617,1.08979
48.1632,1.08979
48.1647,1.08979
48.1662,1.08979
48.1677,1.08979
48.1692,1.08979
48.1707,1.08979
48.1722,1.08979
48.1737,1.08979
48.1752,1.08979
48.1767,1.0898
48.1782,1.0898
48.1797,1.0898
48.1812,1.0898
48.1827,1.0898
48.1842,1.0898
48.1857,1.0898
48.1872,1.0898
48.1887,1.0898
48.1902,1.0898
48.1917,1.0898
48.1932,1.08981
48.1947,1.08981
48.1962,1.08981
48.1977,1.08981
48.1992,1.08981
48.2007,1.08981
48.2022,1.08981
48.2037,1.08982
48.2052,1.08982
48.2067,1.08982
48.2082,1.08982
48.2097,1.08982
48.2112,1.08982
48.2127,1.08982
48.2142,1.08982
48.2157,1.08983
48.2172,1.08983
48.2187,1.08983
48.2202,1.08983
48.2217,1.08983
48.2232,1.08984
48.2247,1.08984
48.2262,1.08984
48.2277,1.08984
48.2292,1.08984
48.2307,1.08985
48.2322,1.08985
48.2337,1.08985
48.2352,1.08985
48.2367,1.08986
48.2382,1.08986
48.2397,1.08986
48.2412,1.08986
48.2427,1.08987
48.2442,1.08987
48.2457,1.08987
48.2472,1.08988
48.2487,1.08988
48.2502,1.08988
48.2517,1.08989
48.2532,1.08989
48.2547,1.08989
48.2562,1.0899
48.2577,1.0899
48.2592,1.0899
48.2607,1.08991
48.2622,1.08991
48.2637,1.08992
48.2652,1.08992
48.2667,1.08992
48.2682,1.08993
48.2697,1.08993
48.2712,1.08994
48.2727,1.08994
48.2742,1.08995
48.2757,1.08995
48.2772,1.08996
48.2787,1.08996
48.2802,1.08997
48.2817,1.08997
48.2832,1.08998
48.2847,1.08999
48.2862,1.08999
48.2877,1.09
48.2892,1.09
48.2907,1.09001
48.2922,1.09002
48.2937,1.09002
48.2952,1.09003
48.2967,1.09004
48.2982,1.09004
48.2997,1.09005
48.3012,1.09006
48.3027,1.09006
48.3041,1.09007
48.3056,1.09008
48.3071,1.09009
48.3086,1.0901
48.3101,1.0901
48.3116,1.09011
48.3131,1.09012
48.3146,1.09013
48.3161,1.09014
48.3176,1.09014
48.3191,1.09015
48.3206,1.09016
48.3221,1.09017
48.3236,1.09018
48.3251,1.09019
48.3266,1.0902
48.3281,1.09021
48.3296,1.09022
48.3311,1.09023
48.3326,1.09024
48.3341,1.09025
48.3356,1.09025
48.3371,1.09026
48.3386,1.09027
48.3401,1.09028
48.3416,1.09029
48.3431,1.0903
48.3446,1.09031
48.3461,1.09032
48.3476,1.09033
48.3491,1.09034
48.3506,1.09036
48.3521,1.09037
48.3536,1.09038
48.3551,1.09039
48.3566,1.0904
48.3581,1.09041
48.3596,1.09042
48.3611,1.09043
48.3626,1.09044
48.3641,1.09045
48.3656,1.09046
48.3671,1.09047
48.3686,1.09049
48.3701,1.0905
48.3716,1.09051
48.3731,1.09052
48.3746,1.09053
48.3761,1.09054
48.3776,1.09055
48.3791,1.09057
48.3806,1.09058
48.3821,1.09059
48.3836,1.0906
48.3851,1.09062
48.3866,1.09063
48.3881,1.09064
48.3896,1.09065
48.3911,1.09066
48.3926,1.09068
48.3941,1.09069
48.3956,1.0907
48.3971,1.09072
48.3986,1.09073
48.4001,1.09074
48.4016,1.09076
48.4031,1.09077
48.4046,1.09078
48.4061,1.0908
48.4076,1.09081
48.4091,1.09083
48.4106,1.09084
48.4121,1.09085
48.4136,1.09087
48.4151,1.09088
48.4166,1.0909
48.4181,1.09091
48.4196,1.09093
48.4211,1.09094
48.4226,1.09096
48.4241,1.09098
48.4256,1.09099
48.4271,1.09101
48.4286,1.09102
48.4301,1.09104
48.4316,1.09106
48.4331,1.09107
48.4346,1.09109
48.4361,1.09111
48.4376,1.09113
48.4391,1.09114
48.4406,1.09116
48.4421,1.09118
48.4436,1.0912
48.4451,1.09122
48.4466,1.09123
48.4481,1.09125
48.4496,1.09127
48.4511,1.09129
48.4526,1.09131
48.4541,1.09133
48.4556,1.09134
48.4571,1.09136
48.4586,1.09138
48.4601,1.0914
48.4616,1.09142
48.4631,1.09144
48.4646,1.09146
48.4661,1.09148
48.4676,1.0915
48.4691,1.09151
48.4706,1.09153
48.4721,1.09155
48.4736,1.09157
48.4751,1.09159
48.4766,1.09161
48.4781,1.09162
48.4796,1.09164
48.4811,1.09166
48.4826,1.09168
48.4841,1.0917
48.4855,1.09171
48.487,1.09173
48.4885,1.09175
48.49,1.09177
48.4915,1.09178
48.493,1.0918
48.4945,1.09181
48.496,1.09183
48.4975,1.09185
48.499,1.09186
48.5005,1.09188
48.502,1.09189
48.5035,1.09191
48.505,1.09192
48.5065,1.09194
48.508,1.09195
48.5095,1.09197
48.511,1.09198
48.5125,1.09199
48.514,1.09201
48.5155,1.09202
48.517,1.09203
48.5185,1.09204
48.52,1.09206
48.5215,1.09207
48.523,1.09208
48.5245,1.09209
48.526,1.0921
48.5275,1.09211
48.529,1.09212
48.5305,1.09213
48.532,1.09214
48.5335,1.09215
48.535,1.09216
48.5365,1.09217
48.538,1.09218
48.5395,1.09218
48.541,1.09219
48.5425,1.0922
48.544,1.09221
48.5455,1.09221
48.547,1.09222
48.5485,1.09222
48.55,1.09223
48.5515,1.09224
48.553,1.09224
48.5545,1.09224
48.556,1.09225
48.5575,1.09225
48.559,1.09226
48.5605,1.09226
48.562,1.09226
48.5635,1.09226
48.565,1.09227
48.5665,1.09227
48.568,1.09227
48.5695,1.09227
48.571,1.09227
48.5725,1.09227
48.574,1.09227
48.5755,1.09227
48.577,1.09227
48.5785,1.09227
48.58,1.09227
48.5815,1.09227
48.583,1.09227
48.5845,1.09227
48.586,1.09227
48.5875,1.09226
48.589,1.09226
48.5905,1.09226
48.592,1.09225
48.5935,1.09225
48.595,1.09225
48.5965,1.09224
48.598,1.09224
48.5995,1.09224
48.601,1.09223
48.6025,1.09223
48.604,1.09222
48.6055,1.09222
48.607,1.09221
48.6085,1.09221
48.61,1.09221
48.6115,1.0922
48.613,1.09219
48.6145,1.09219
48.616,1.09218
48.6175,1.09218
48.619,1.09217
48.6205,1.09216
48.622,1.09216
48.6235,1.09215
48.625,1.09214
48.6265,1.09214
48.628,1.09213
48.6295,1.09213
48.631,1.09212
48.6325,1.09211
48.634,1.0921
48.6355,1.0921
48.637,1.09209
48.6385,1.09208
48.64,1.09208
48.6415,1.09207
48.643,1.09206
48.6445,1.09205
48.646,1.09205
48.6475,1.09204
48.649,1.09203
48.6505,1.09202
48.652,1.09202
48.6535,1.09201
48.655,1.092
48.6565,1.09199
48.658,1.09199
48.6595,1.09198
48.661,1.09197
48.6625,1.09196
48.664,1.09196
48.6655,1.09195
48.667,1.09194
48.6684,1.09193
48.6699,1.09192
48.6714,1.09192
48.6729,1.09191
48.6744,1.0919
48.6759,1.09189
48.6774,1.09189
48.6789,1.09188
48.6804,1.09187
48.6819,1.09186
48.6834,1.09186
48.6849,1.09185
48.6864,1.09184
48.6879,1.09183
48.6894,1.09183
48.6909,1.09182
48.6924,1.09181
48.6939,1.09181
48.6954,1.0918
48.6969,1.09179
48.6984,1.09179
48.6999,1.09178
48.7014,1.09178
48.7029,1.09177
48.7044,1.09176
48.7059,1.09176
48.7074,1.09175
48.7089,1.09175
48.7104,1.09175
48.7119,1.09174
48.7134,1.09174
48.7149,1.09173
48.7164,1.09173
48.7179,1.09173
48.7194,1.09173
48.7209,1.09173
48.7224,1.09173
48.7239,1.09173
48.7254,1.09173
48.7269,1.09173
48.7284,1.09173
48.7299,1.09174
48.7314,1.09174
48.7329,1.09174
48.7344,1.09175
48.7359,1.09176
48.7374,1.09176
48.7389,1.09177
48.7404,1.09178
48.7419,1.09179
48.7434,1.0918
48.7449,1.09181
48.7464,1.09183
48.7479,1.09184
48.7494,1.09186
48.7509,1.09187
48.7524,1.09189
48.7539,1.09191
48.7554,1.09193
48.7569,1.09195
48.7584,1.09197
48.7599,1.09199
48.7614,1.09202
48.7629,1.09204
48.7644,1.09206
48.7659,1.09209
48.7674,1.09212
48.7689,1.09215
48.7704,1.09218
48.7719,1.0922
48.7734,1.09224
48.7749,1.09227
48.7764,1.0923
48.7779,1.09233
48.7794,1.09236
48.7809,1.09239
48.7824,1.09242
48.7839,1.09245
48.7854,1.09248
48.7869,1.09251
48.7884,1.09255
48.7899,1.09258
48.7914,1.09261
48.7929,1.09263
48.7944,1.09266
48.7959,1.09269
48.7974,1.09272
48.7989,1.09275
48.8004,1.09277
48.8019,1.0928
48.8034,1.09282
48.8049,1.09284
48.8064,1.09286
48.8079,1.09289
48.8094,1.09291
48.8109,1.09292
48.8124,1.09294
48.8139,1.09296
48.8154,1.09298
48.8169,1.09299
48.8184,1.093
48.8199,1.09301
48.8214,1.09303
48.8229,1.09304
48.8244,1.09305
48.8259,1.09306
48.8274,1.09306
48.8289,1.09307
48.8304,1.09307
48.8319,1.09308
48.8334,1.09308
48.8349,1.09309
48.8364,1.09309
48.8379,1.09309
48.8394,1.09309
48.8409,1.09309
48.8424,1.09309
48.8439,1.09309
48.8454,1.09309
48.8469,1.09309
48.8484,1.09309
48.8498,1.09309
48.8513,1.09308
48.8528,1.09308
48.8543,1.09308
48.8558,1.09307
48.8573,1.09307
48.8588,1.09307
48.8603,1.09306
48.8618,1.09306
48.8633,1.09305
48.8648,1.09305
48.8663,1.09304
48.8678,1.09303
48.8693,1.09303
48.8708,1.09302
48.8723,1.09302
48.8738,1.09301
48.8753,1.09301
48.8768,1.093
48.8783,1.09299
48.8798,1.09299
48.8813,1.09298
48.8828,1.09298
48.8843,1.09297
48.8858,1.09297
48.8873,1.09296
48.8888,1.09295
48.8903,1.09295
48.8918,1.09294
48.8933,1.09294
48.8948,1.09293
48.8963,1.09293
48.8978,1.09292
48.8993,1.09292
48.9008,1.09291
48.9023,1.09291
48.9038,1.0929
48.9053,1.09289
48.9068,1.09289
48.9083,1.09288
48.9098,1.09288
48.9113,1.09287
48.9128,1.09287
48.9143,1.09286
48.9158,1.09286
48.9173,1.09285
48.9188,1.09285
48.9203,1.09284
48.9218,1.09284
48.9233,1.09283
48.9248,1.09283
48.9263,1.09282
48.9278,1.09281
48.9293,1.09281
48.9308,1.0928
48.9323,1.0928
48.9338,1.09279
48.9353,1.09278
48.9368,1.09278
48.9383,1.09277
48.9398,1.09276
48.9413,1.09276
48.9428,1.09275
48.9443,1.09274
48.9458,1.09274
48.9473,1.09273
48.9488,1.09272
48.9503,1.09271
48.9518,1.09271
48.9533,1.0927
48.9548,1.09269
48.9563,1.09268
48.9578,1.09268
48.9593,1.09267
48.9608,1.09266
48.9623,1.09265
48.9638,1.09264
48.9653,1.09263
48.9668,1.09262
48.9683,1.09262
48.9698,1.09261
48.9713,1.0926
48.9728,1.09259
48.9743,1.09258
48.9758,1.09257
48.9773,1.09256
48.9788,1.09255
48.9803,1.09254
48.9818,1.09253
48.9833,1.09252
48.9848,1.09251
48.9863,1.0925
48.9878,1.09249
48.9893,1.09248
48.9908,1.09247
48.9923,1.09246
48.9938,1.09245
48.9953,1.09244
48.9968,1.09243
48.9983,1.09242
48.9998,1.09241
49.0013,1.0924
49.0028,1.09238
49.0043,1.09237
49.0058,1.09236
49.0073,1.09235
49.0088,1.09234
49.0103,1.09233
49.0118,1.09232
49.0133,1.09231
49.0148,1.0923
49.0163,1.09228
49.0178,1.09227
49.0193,1.09226
49.0208,1.09225
49.0223,1.09224
49.0238,1.09223
49.0253,1.09221
49.0268,1.0922
49.0283,1.09219
49.0298,1.09218
49.0312,1.09217
49.0327,1.09216
49.0342,1.09214
49.0357,1.09213
49.0372,1.09212
49.0387,1.09211
49.0402,1.0921
49.0417,1.09209
49.0432,1.09207
49.0447,1.09206
49.0462,1.09205
49.0477,1.09204
49.0492,1.09203
49.0507,1.09202
49.0522,1.092
49.0537,1.09199
49.0552,1.09198
49.0567,1.09197
49.0582,1.09196
49.0597,1.09195
49.0612,1.09193
49.0627,1.09192
49.0642,1.09191
49.0657,1.0919
49.0672,1.09189
49.0687,1.09188
49.0702,1.09187
49.0717,1.09186
49.0732,1.09185
49.0747,1.09183
49.0762,1.09182
49.0777,1.09181
49.0792,1.0918
49.0807,1.09179
49.0822,1.09178
49.0837,1.09177
49.0852,1.09176
49.0867,1.09175
49.0882,1.09174
49.0897,1.09173
49.0912,1.09172
49.0927,1.09171
49.0942,1.0917
49.0957,1.09169
49.0972,1.09168
49.0987,1.09167
49.1002,1.09166
49.1017,1.09165
49.1032,1.09164
49.1047,1.09163
49.1062,1.09163
49.1077,1.09162
49.1092,1.09161
49.1107,1.0916
49.1122,1.09159
49.1137,1.09159
49.1152,1.09158
49.1167,1.09157
49.1182,1.09156
49.1197,1.09156
49.1212,1.09155
49.1227,1.09154
49.1242,1.09154
49.1257,1.09153
49.1272,1.09152
49.1287,1.09152
49.1302,1.09151
49.1317,1.0915
49.1332,1.0915
49.1347,1.09149
49.1362,1.09149
49.1377,1.09148
49.1392,1.09148
49.1407,1.09147
49.1422,1.09147
49.1437,1.09146
49.1452,1.09145
49.1467,1.09145
49.1482,1.09145
49.1497,1.09144
49.1512,1.09144
49.1527,1.09143
49.1542,1.09143
49.1557,1.09142
49.1572,1.09142
49.1587,1.09141
49.1602,1.09141
49.1617,1.09141
49.1632,1.0914
49.1647,1.0914
49.1662,1.09139
49.1677,1.09139
49.1692,1.09139
49.1707,1.09138
49.1722,1.09138
49.1737,1.09137
49.1752,1.09137
49.1767,1.09137
49.1782,1.09136
49.1797,1.09136
49.1812,1.09135
49.1827,1.09135
49.1842,1.09135
49.1857,1.09134
49.1872,1.09134
49.1887,1.09133
49.1902,1.09133
49.1917,1.09133
49.1932,1.09132
49.1947,1.09132
49.1962,1.09131
49.1977,1.09131
49.1992,1.0913
49.2007,1.0913
49.2022,1.09129
49.2037,1.09129
49.2052,1.09128
49.2067,1.09128
49.2082,1.09127
49.2097,1.09127
49.2112,1.09126
49.2127,1.09126
49.2141,1.09125
49.2156,1.09125
49.2171,1.09124
49.2186,1.09124
49.2201,1.09123
49.2216,1.09122
49.2231,1.09122
49.2246,1.09121
49.2261,1.09121
49.2276,1.0912
49.2291,1.09119
49.2306,1.09119
49.2321,1.09118
49.2336,1.09117
49.2351,1.09117
49.2366,1.09116
49.2381,1.09116
49.2396,1.09115
49.2411,1.09114
49.2426,1.09113
49.2441,1.09113
49.2456,1.09112
49.2471,1.09111
49.2486,1.09111
49.2501,1.0911
49.2516,1.09109
49.2531,1.09108
49.2546,1.09107
49.2561,1.09107
49.2576,1.09106
49.2591,1.09105
49.2606,1.09104
49.2621,1.09103
49.2636,1.09103
49.2651,1.09102
49.2666,1.09101
49.2681,1.091
49.2696,1.09099
49.2711,1.09098
49.2726,1.09097
49.2741,1.09097
49.2756,1.09096
49.2771,1.09095
49.2786,1.09094
49.2801,1.09093
49.2816,1.09092
49.2831,1.09091
49.2846,1.0909
49.2861,1.09089
49.2876,1.09088
49.2891,1.09087
49.2906,1.09087
49.2921,1.09086
49.2936,1.09085
49.2951,1.09084
49.2966,1.09083
49.2981,1.09082
49.2996,1.09081
49.3011,1.0908
49.3026,1.09079
49.3041,1.09078
49.3056,1.09077
49.3071,1.09076
49.3086,1.09075
49.3101,1.09074
49.3116,1.09073
49.3131,1.09072
49.3146,1.09071
49.3161,1.0907
49.3176,1.0907
49.3191,1.09069
49.3206,1.09068
49.3221,1.09067
49.3236,1.09066
49.3251,1.09065
49.3266,1.09064
49.3281,1.09063
49.3296,1.09062
49.3311,1.09061
49.3326,1.0906
49.3341,1.09059
49.3356,1.09058
49.3371,1.09057
49.3386,1.09057
49.3401,1.09056
49.3416,1.09055
49.3431,1.09054
49.3446,1.09053
49.3461,1.09052
49.3476,1.09051
49.3491,1.0905
49.3506,1.09049
49.3521,1.09049
49.3536,1.09048
49.3551,1.09047
49.3566,1.09046
49.3581,1.09045
49.3596,1.09044
49.3611,1.09043
49.3626,1.09043
49.3641,1.09042
49.3656,1.09041
49.3671,1.0904
49.3686,1.09039
49.3701,1.09038
49.3716,1.09038
49.3731,1.09037
49.3746,1.09036
49.3761,1.09035
49.3776,1.09034
49.3791,1.09034
49.3806,1.09033
49.3821,1.09032
49.3836,1.09031
49.3851,1.0903
49.3866,1.0903
49.3881,1.09029
49.3896,1.09028
49.3911,1.09027
49.3926,1.09026
49.3941,1.09026
49.3955,1.09025
49.397,1.09024
49.3985,1.09023
49.4,1.09022
49.4015,1.09022
49.403,1.09021
49.4045,1.0902
49.406,1.09019
49.4075,1.09019
49.409,1.09018
49.4105,1.09017
49.412,1.09016
49.4135,1.09016
49.415,1.09015
49.4165,1.09014
49.418,1.09013
49.4195,1.09013
49.421,1.09012
49.4225,1.09011
49.424,1.09011
49.4255,1.0901
49.427,1.09009
49.4285,1.09008
49.43,1.09007
49.4315,1.09007
49.433,1.09006
49.4345,1.09005
49.436,1.09005
49.4375,1.09004
49.439,1.09003
49.4405,1.09002
49.442,1.09002
49.4435,1.09001
49.445,1.09
49.4465,1.08999
49.448,1.08999
49.4495,1.08998
49.451,1.08997
49.4525,1.08996
49.454,1.08996
49.4555,1.08995
49.457,1.08994
49.4585,1.08993
49.46,1.08993
49.4615,1.08992
49.463,1.08991
49.4645,1.0899
49.466,1.0899
49.4675,1.08989
49.469,1.08988
49.4705,1.08987
49.472,1.08986
49.4735,1.08986
49.475,1.08985
49.4765,1.08984
49.478,1.08983
49.4795,1.08983
49.481,1.08982
49.4825,1.08981
49.484,1.0898
49.4855,1.08979
49.487,1.08978
49.4885,1.08978
49.49,1.08977
49.4915,1.08976
49.493,1.08975
49.4945,1.08974
49.496,1.08973
49.4975,1.08973
49.499,1.08972
49.5005,1.08971
49.502,1.0897
49.5035,1.08969
49.505,1.08968
49.5065,1.08967
49.508,1.08966
49.5095,1.08966
49.511,1.08965
49.5125,1.08964
49.514,1.08963
49.5155,1.08962
49.517,1.08961
49.5185,1.0896
49.52,1.08959
49.5215,1.08958
49.523,1.08957
49.5245,1.08956
49.526,1.08955
49.5275,1.08954
49.529,1.08953
49.5305,1.08952
49.532,1.08951
49.5335,1.0895
49.535,1.08949
49.5365,1.08948
49.538,1.08947
49.5395,1.08946
49.541,1.08945
49.5425,1.08944
49.544,1.08943
49.5455,1.08942
49.547,1.08941
49.5485,1.08939
49.55,1.08938
49.5515,1.08937
49.553,1.08936
49.5545,1.08935
49.556,1.08934
49.5575,1.08933
49.559,1.08932
49.5605,1.08931
49.562,1.08929
49.5635,1.08928
49.565,1.08927
49.5665,1.08926
49.568,1.08925
49.5695,1.08924
49.571,1.08922
49.5725,1.08921
49.574,1.0892
49.5755,1.08919
49.577,1.08918
49.5784,1.08917
49.5799,1.08915
49.5814,1.08914
49.5829,1.08913
49.5844,1.08912
49.5859,1.08911
49.5874,1.08909
49.5889,1.08908
49.5904,1.08907
49.5919,1.08906
49.5934,1.08905
49.5949,1.08903
49.5964,1.08902
49.5979,1.08901
49.5994,1.089
49.6009,1.08899
49.6024,1.08898
49.6039,1.08896
49.6054,1.08895
49.6069,1.08894
49.6084,1.08893
49.6099,1.08892
49.6114,1.08891
49.6129,1.08889
49.6144,1.08888
49.6159,1.08887
49.6174,1.08886
49.6189,1.08885
49.6204,1.08884
49.6219,1.08883
49.6234,1.08882
49.6249,1.08881
49.6264,1.08879
49.6279,1.08878
49.6294,1.08877
49.6309,1.08876
49.6324,1.08875
49.6339,1.08874
49.6354,1.08873
49.6369,1.08872
49.6384,1.08871
49.6399,1.0887
49.6414,1.08869
49.6429,1.08868
49.6444,1.08867
49.6459,1.08866
49.6474,1.08865
49.6489,1.08864
49.6504,1.08863
49.6519,1.08862
49.6534,1.08861
49.6549,1.0886
49.6564,1.08859
49.6579,1.08858
49.6594,1.08858
49.6609,1.08857
49.6624,1.08856
49.6639,1.08855
49.6654,1.08854
49.6669,1.08853
49.6684,1.08852
49.6699,1.08852
49.6714,1.08851
49.6729,1.0885
49.6744,1.08849
49.6759,1.08848
49.6774,1.08847
49.6789,1.08847
49.6804,1.08846
49.6819,1.08845
49.6834,1.08844
49.6849,1.08844
49.6864,1.08843
49.6879,1.08842
49.6894,1.08842
49.6909,1.08841
49.6924,1.08841
49.6939,1.0884
49.6954,1.08839
49.6969,1.08839
49.6984,1.08838
49.6999,1.08838
49.7014,1.08837
49.7029,1.08837
49.7044,1.08836
49.7059,1.08836
49.7074,1.08835
49.7089,1.08835
49.7104,1.08835
49.7119,1.08834
49.7134,1.08834
49.7149,1.08834
49.7164,1.08833
49.7179,1.08833
49.7194,1.08833
49.7209,1.08832
49.7224,1.08832
49.7239,1.08832
49.7254,1.08832
49.7269,1.08831
49.7284,1.08831
49.7299,1.08831
49.7314,1.08831
49.7329,1.08831
49.7344,1.08831
49.7359,1.08831
49.7374,1.08831
49.7389,1.08831
49.7404,1.08831
49.7419,1.08831
49.7434,1.08831
49.7449,1.08831
49.7464,1.08831
49.7479,1.08832
49.7494,1.08832
49.7509,1.08832
49.7524,1.08832
49.7539,1.08832
49.7554,1.08833
49.7569,1.08833
49.7584,1.08833
49.7598,1.08834
49.7613,1.08834
49.7628,1.08835
49.7643,1.08835
49.7658,1.08836
49.7673,1.08836
49.7688,1.08836
49.7703,1.08837
49.7718,1.08838
49.7733,1.08838
49.7748,1.08839
49.7763,1.0884
49.7778,1.0884
49.7793,1.08841
49.7808,1.08842
49.7823,1.08843
49.7838,1.08843
49.7853,1.08844
49.7868,1.08845
49.7883,1.08846
49.7898,1.08847
49.7913,1.08848
49.7928,1.08849
49.7943,1.0885
49.7958,1.08851
49.7973,1.08852
49.7988,1.08853
49.8003,1.08854
49.8018,1.08855
49.8033,1.08857
49.8048,1.08858
49.8063,1.08859
49.8078,1.0886
49.8093,1.08862
49.8108,1.08863
49.8123,1.08865
49.8138,1.08866
49.8153,1.08867
49.8168,1.08869
49.8183,1.0887
49.8198,1.08872
49.8213,1.08874
49.8228,1.08875
49.8243,1.08877
49.8258,1.08879
49.8273,1.0888
49.8288,1.08882
49.8303,1.08884
49.8318,1.08886
49.8333,1.08888
49.8348,1.0889
49.8363,1.08892
49.8378,1.08894
49.8393,1.08896
49.8408,1.08898
49.8423,1.089
49.8438,1.08902
49.8453,1.08904
49.8468,1.08907
49.8483,1.08909
49.8498,1.08911
49.8513,1.08914
49.8528,1.08916
49.8543,1.08918
49.8558,1.08921
49.8573,1.08923
49.8588,1.08926
49.8603,1.08928
49.8618,1.08931
49.8633,1.08934
49.8648,1.08936
49.8663,1.08939
49.8678,1.08942
49.8693,1.08945
49.8708,1.08947
49.8723,1.0895
49.8738,1.08953
49.8753,1.08956
49.8768,1.08959
49.8783,1.08962
49.8798,1.08965
49.8813,1.08968
49.8828,1.08971
49.8843,1.08974
49.8858,1.08977
49.8873,1.0898
49.8888,1.08983
49.8903,1.08986
49.8918,1.08989
49.8933,1.08992
49.8948,1.08995
49.8963,1.08998
49.8978,1.09001
49.8993,1.09004
49.9008,1.09007
49.9023,1.0901
49.9038,1.09013
49.9053,1.09016
49.9068,1.09019
49.9083,1.09022
49.9098,1.09025
49.9113,1.09028
49.9128,1.09031
49.9143,1.09034
49.9158,1.09037
49.9173,1.09039
49.9188,1.09042
49.9203,1.09045
49.9218,1.09048
49.9233,1.0905
49.9248,1.09053
49.9263,1.09056
49.9278,1.09058
49.9293,1.09061
49.9308,1.09063
49.9323,1.09066
49.9338,1.09068
49.9353,1.09071
49.9368,1.09073
49.9383,1.09075
49.9398,1.09078
49.9412,1.0908
49.9427,1.09082
49.9442,1.09084
49.9457,1.09086
49.9472,1.09088
49.9487,1.0909
49.9502,1.09092
49.9517,1.09094
49.9532,1.09096
49.9547,1.09098
49.9562,1.09099
49.9577,1.09101
49.9592,1.09103
49.9607,1.09104
49.9622,1.09106
49.9637,1.09107
49.9652,1.09109
49.9667,1.0911
49.9682,1.09112
49.9697,1.09113
49.9712,1.09115
49.9727,1.09116
49.9742,1.09117
49.9757,1.09118
49.9772,1.09119
49.9787,1.09121
49.9802,1.09122
49.9817,1.09123
49.9832,1.09124
49.9847,1.09125
49.9862,1.09126
49.9877,1.09127
49.9892,1.09128
49.9907,1.09129
49.9922,1.0913
49.9937,1.09131
49.9952,1.09132
49.9967,1.09133
49.9982,1.09134
49.9997,1.09135
50.0012,1.09136
50.0027,1.09137
50.0042,1.09138
50.0057,1.09139
50.0072,1.0914
50.0087,1.09141
50.0102,1.09142
50.0117,1.09142
50.0132,1.09143
50.0147,1.09144
50.0162,1.09145
50.0177,1.09146
50.0192,1.09147
50.0207,1.09148
50.0222,1.09149
50.0237,1.0915
50.0252,1.09151
50.0267,1.09152
50.0282,1.09153
50.0297,1.09154
50.0312,1.09155
50.0327,1.09156
50.0342,1.09158
50.0357,1.09159
50.0372,1.0916
50.0387,1.09161
50.0402,1.09162
50.0417,1.09163
50.0432,1.09164
50.0447,1.09166
50.0462,1.09167
50.0477,1.09168
50.0492,1.09169
50.0507,1.09171
50.0522,1.09172
50.0537,1.09173
50.0552,1.09174
50.0567,1.09176
50.0582,1.09177
50.0597,1.09179
50.0612,1.0918
50.0627,1.09181
50.0642,1.09183
50.0657,1.09184
50.0672,1.09186
50.0687,1.09187
50.0702,1.09189
50.0717,1.09191
50.0732,1.09192
50.0747,1.09194
50.0762,1.09195
50.0777,1.09197
50.0792,1.09199
50.0807,1.092
50.0822,1.09202
50.0837,1.09204
50.0852,1.09206
50.0867,1.09207
50.0882,1.09209
50.0897,1.09211
50.0912,1.09213
50.0927,1.09215
50.0942,1.09217
50.0957,1.09219
50.0972,1.09221
50.0987,1.09223
50.1002,1.09225
50.1017,1.09227
50.1032,1.09229
50.1047,1.09231
50.1062,1.09233
50.1077,1.09235
50.1092,1.09237
50.1107,1.09239
50.1122,1.09241
50.1137,1.09244
50.1152,1.09246
50.1167,1.09248
50.1182,1.0925
50.1197,1.09253
50.1212,1.09255
50.1227,1.09257
50.1241,1.09259
50.1256,1.09261
50.1271,1.09264
50.1286,1.09266
50.1301,1.09268
50.1316,1.0927
50.1331,1.09273
50.1346,1.09275
50.1361,1.09277
50.1376,1.09279
50.1391,1.09282
50.1406,1.09284
50.1421,1.09286
50.1436,1.09288
50.1451,1.09291
50.1466,1.09293
50.1481,1.09295
50.1496,1.09297
50.1511,1.09299
50.1526,1.09302
50.1541,1.09304
50.1556,1.09306
50.1571,1.09308
50.1586,1.0931
50.1601,1.09312
50.1616,1.09314
50.1631,1.09316
50.1646,1.09318
50.1661,1.0932
50.1676,1.09322
50.1691,1.09324
50.1706,1.09326
50.1721,1.09328
50.1736,1.0933
50.1751,1.09332
50.1766,1.09334
50.1781,1.09335
50.1796,1.09337
50.1811,1.09339
50.1826,1.09341
50.1841,1.09343
50.1856,1.09344
50.1871,1.09346
50.1886,1.09348
50.1901,1.0935
50.1916,1.09351
50.1931,1.09353
50.1946,1.09355
50.1961,1.09356
50.1976,1.09358
50.1991,1.09359
50.2006,1.09361
50.2021,1.09363
50.2036,1.09364
50.2051,1.09366
50.2066,1.09367
50.2081,1.09369
50.2096,1.0937
50.2111,1.09372
50.2126,1.09373
50.2141,1.09375
50.2156,1.09376
50.2171,1.09377
50.2186,1.09379
50.2201,1.0938
50.2216,1.09382
50.2231,1.09383
50.2246,1.09384
50.2261,1.09386
50.2276,1.09387
50.2291,1.09388
50.2306,1.0939
50.2321,1.09391
50.2336,1.09392
50.2351,1.09393
50.2366,1.09395
50.2381,1.09396
50.2396,1.09397
50.2411,1.09398
50.2426,1.09399
50.2441,1.09401
50.2456,1.09402
50.2471,1.09403
50.2486,1.09404
50.2501,1.09405
50.2516,1.09406
50.2531,1.09407
50.2546,1.09409
50.2561,1.09409
50.2576,1.09411
50.2591,1.09412
50.2606,1.09413
50.2621,1.09414
50.2636,1.09415
50.2651,1.09416
50.2666,1.09417
50.2681,1.09418
50.2696,1.09419
50.2711,1.0942
50.2726,1.09421
50.2741,1.09422
50.2756,1.09423
50.2771,1.09424
50.2786,1.09425
50.2801,1.09425
50.2816,1.09426
50.2831,1.09427
50.2846,1.09428
50.2861,1.09429
50.2876,1.0943
50.2891,1.0943
50.2906,1.09431
50.2921,1.09432
50.2936,1.09433
50.2951,1.09434
50.2966,1.09434
50.2981,1.09435
50.2996,1.09436
50.3011,1.09437
50.3026,1.09437
50.3041,1.09438
50.3055,1.09439
50.307,1.09439
50.3085,1.0944
50.31,1.09441
50.3115,1.09442
50.313,1.09442
50.3145,1.09443
50.316,1.09444
50.3175,1.09444
50.319,1.09445
50.3205,1.09446
50.322,1.09446
50.3235,1.09447
50.325,1.09448
50.3265,1.09449
50.328,1.09449
50.3295,1.0945
50.331,1.09451
50.3325,1.09452
50.334,1.09453
50.3355,1.09453
50.337,1.09454
50.3385,1.09455
50.34,1.09456
50.3415,1.09457
50.343,1.09458
50.3445,1.09459
50.346,1.0946
50.3475,1.09461
50.349,1.09462
50.3505,1.09463
50.352,1.09464
50.3535,1.09465
50.355,1.09466
50.3565,1.09467
50.358,1.09468
50.3595,1.09469
50.361,1.09471
50.3625,1.09472
50.364,1.09473
50.3655,1.09475
50.367,1.09476
50.3685,1.09477
50.37,1.09479
50.3715,1.09481
50.373,1.09482
50.3745,1.09484
50.376,1.09485
50.3775,1.09487
50.379,1.09489
50.3805,1.0949
50.382,1.09492
50.3835,1.09494
50.385,1.09496
50.3865,1.09497
50.388,1.09499
50.3895,1.09501
50.391,1.09503
50.3925,1.09505
50.394,1.09507
50.3955,1.09509
50.397,1.09511
50.3985,1.09513
50.4,1.09514
50.4015,1.09516
50.403,1.09518
50.4045,1.0952
50.406,1.09522
50.4075,1.09524
50.409,1.09526
50.4105,1.09527
50.412,1.09529
50.4135,1.09531
50.415,1.09532
50.4165,1.09534
50.418,1.09535
50.4195,1.09537
50.421,1.09538
50.4225,1.0954
50.424,1.09541
50.4255,1.09542
50.427,1.09544
50.4285,1.09545
50.43,1.09546
50.4315,1.09547
50.433,1.09548
50.4345,1.09549
50.436,1.0955
50.4375,1.0955
50.439,1.09551
50.4405,1.09552
50.442,1.09552
50.4435,1.09553
50.445,1.09553
50.4465,1.09553
50.448,1.09553
50.4495,1.09553
50.451,1.09553
50.4525,1.09553
50.454,1.09553
50.4555,1.09553
50.457,1.09553
50.4585,1.09552
50.46,1.09552
50.4615,1.09551
50.463,1.0955
50.4645,1.0955
50.466,1.09549
50.4675,1.09548
50.469,1.09547
50.4705,1.09546
50.472,1.09545
50.4735,1.09544
50.475,1.09543
50.4765,1.09541
50.478,1.0954
50.4795,1.09539
50.481,1.09537
50.4825,1.09536
50.484,1.09534
50.4855,1.09533
50.4869,1.09531
50.4884,1.0953
50.4899,1.09528
50.4914,1.09527
50.4929,1.09525
50.4944,1.09523
50.4959,1.09522
50.4974,1.0952
50.4989,1.09519
50.5004,1.09517
50.5019,1.09515
50.5034,1.09514
50.5049,1.09512
50.5064,1.09511
50.5079,1.09509
50.5094,1.09507
50.5109,1.09506
50.5124,1.09504
50.5139,1.09503
50.5154,1.09501
50.5169,1.095
50.5184,1.09498
50.5199,1.09497
50.5214,1.09496
50.5229,1.09494
50.5244,1.09493
50.5259,1.09491
50.5274,1.0949
50.5289,1.09489
50.5304,1.09487
50.5319,1.09486
50.5334,1.09485
50.5349,1.09483
50.5364,1.09482
50.5379,1.09481
50.5394,1.09479
50.5409,1.09478
50.5424,1.09477
50.5439,1.09476
50.5454,1.09474
50.5469,1.09473
50.5484,1.09472
50.5499,1.09471
50.5514,1.0947
50.5529,1.09469
50.5544,1.09467
50.5559,1.09466
50.5574,1.09465
50.5589,1.09464
50.5604,1.09463
50.5619,1.09462
50.5634,1.09461
50.5649,1.0946
50.5664,1.09459
50.5679,1.09458
50.5694,1.09457
50.5709,1.09456
50.5724,1.09454
50.5739,1.09453
50.5754,1.09452
50.5769,1.09451
50.5784,1.0945
50.5799,1.09449
50.5814,1.09448
50.5829,1.09447
50.5844,1.09446
50.5859,1.09445
50.5874,1.09444
50.5889,1.09443
50.5904,1.09442
50.5919,1.09441
50.5934,1.0944
50.5949,1.09439
50.5964,1.09438
50.5979,1.09437
50.5994,1.09436
50.6009,1.09435
50.6024,1.09434
50.6039,1.09433
50.6054,1.09432
50.6069,1.0943
50.6084,1.09429
50.6099,1.09428
50.6114,1.09427
50.6129,1.09426
50.6144,1.09425
50.6159,1.09423
50.6174,1.09422
50.6189,1.09421
50.6204,1.0942
50.6219,1.09419
50.6234,1.09417
50.6249,1.09416
50.6264,1.09415
50.6279,1.09413
50.6294,1.09412
50.6309,1.09411
50.6324,1.09409
50.6339,1.09408
50.6354,1.09407
50.6369,1.09405
50.6384,1.09404
50.6399,1.09402
50.6414,1.09401
50.6429,1.09399
50.6444,1.09398
50.6459,1.09397
50.6474,1.09395
50.6489,1.09394
50.6504,1.09392
50.6519,1.09391
50.6534,1.09389
50.6549,1.09388
50.6564,1.09386
50.6579,1.09385
50.6594,1.09383
50.6609,1.09382
50.6624,1.0938
50.6639,1.09379
50.6654,1.09377
50.6669,1.09376
50.6684,1.09374
50.6698,1.09373
50.6713,1.09371
50.6728,1.0937
50.6743,1.09368
50.6758,1.09367
50.6773,1.09365
50.6788,1.09364
50.6803,1.09362
50.6818,1.09361
50.6833,1.09359
50.6848,1.09358
50.6863,1.09356
50.6878,1.09355
50.6893,1.09354
50.6908,1.09352
50.6923,1.09351
50.6938,1.09349
50.6953,1.09348
50.6968,1.09346
50.6983,1.09345
50.6998,1.09343
50.7013,1.09342
50.7028,1.0934
50.7043,1.09339
50.7058,1.09338
50.7073,1.09336
50.7088,1.09335
50.7103,1.09333
50.7118,1.09332
50.7133,1.09331
50.7148,1.09329
50.7163,1.09328
50.7178,1.09327
50.7193,1.09325
50.7208,1.09324
50.7223,1.09322
50.7238,1.09321
50.7253,1.0932
50.7268,1.09318
50.7283,1.09317
50.7298,1.09316
50.7313,1.09315
50.7328,1.09313
50.7343,1.09312
50.7358,1.09311
50.7373,1.09309
50.7388,1.09308
50.7403,1.09307
50.7418,1.09306
50.7433,1.09304
50.7448,1.09303
50.7463,1.09302
50.7478,1.093
50.7493,1.09299
50.7508,1.09298
50.7523,1.09297
50.7538,1.09296
50.7553,1.09294
50.7568,1.09293
50.7583,1.09292
50.7598,1.09291
50.7613,1.0929
50.7628,1.09288
50.7643,1.09287
50.7658,1.09286
50.7673,1.09285
50.7688,1.09284
50.7703,1.09282
50.7718,1.09281
50.7733,1.0928
50.7748,1.09279
50.7763,1.09278
50.7778,1.09277
50.7793,1.09276
50.7808,1.09274
50.7823,1.09273
50.7838,1.09272
50.7853,1.09271
50.7868,1.0927
50.7883,1.09269
50.7898,1.09268
50.7913,1.09267
50.7928,1.09266
50.7943,1.09265
50.7958,1.09264
50.7973,1.09262
50.7988,1.09261
50.8003,1.0926
50.8018,1.09259
50.8033,1.09258
50.8048,1.09257
50.8063,1.09256
50.8078,1.09255
50.8093,1.09254
50.8108,1.09253
50.8123,1.09252
50.8138,1.09251
50.8153,1.0925
50.8168,1.09249
50.8183,1.09248
50.8198,1.09247
50.8213,1.09246
50.8228,1.09245
50.8243,1.09245
50.8258,1.09244
50.8273,1.09243
50.8288,1.09242
50.8303,1.09241
50.8318,1.0924
50.8333,1.09239
50.8348,1.09238
50.8363,1.09238
50.8378,1.09237
50.8393,1.09236
50.8408,1.09235
50.8423,1.09234
50.8438,1.09233
50.8453,1.09232
50.8468,1.09232
50.8483,1.09231
50.8498,1.0923
50.8512,1.09229
50.8527,1.09228
50.8542,1.09228
50.8557,1.09227
50.8572,1.09226
50.8587,1.09225
50.8602,1.09225
50.8617,1.09224
50.8632,1.09223
50.8647,1.09222
50.8662,1.09222
50.8677,1.09221
50.8692,1.0922
50.8707,1.0922
50.8722,1.09219
50.8737,1.09218
50.8752,1.09218
50.8767,1.09217
50.8782,1.09217
50.8797,1.09216
50.8812,1.09216
50.8827,1.09215
50.8842,1.09215
50.8857,1.09214
50.8872,1.09214
50.8887,1.09213
50.8902,1.09213
50.8917,1.09213
50.8932,1.09212
50.8947,1.09212
50.8962,1.09212
50.8977,1.09211
50.8992,1.09211
50.9007,1.09211
50.9022,1.09211
50.9037,1.09211
50.9052,1.09211
50.9067,1.09211
50.9082,1.09211
50.9097,1.09211
50.9112,1.09211
50.9127,1.09211
50.9142,1.09211
50.9157,1.09211
50.9172,1.09211
50.9187,1.09211
50.9202,1.09212
50.9217,1.09212
50.9232,1.09212
50.9247,1.09213
50.9262,1.09213
50.9277,1.09214
50.9292,1.09214
50.9307,1.09215
50.9322,1.09216
50.9337,1.09216
50.9352,1.09217
50.9367,1.09218
50.9382,1.09218
50.9397,1.09219
50.9412,1.0922
50.9427,1.09221
50.9442,1.09222
50.9457,1.09223
50.9472,1.09224
50.9487,1.09225
50.9502,1.09226
50.9517,1.09227
50.9532,1.09228
50.9547,1.09229
50.9562,1.0923
50.9577,1.09231
50.9592,1.09233
50.9607,1.09234
50.9622,1.09235
50.9637,1.09237
50.9652,1.09238
50.9667,1.09239
50.9682,1.09241
50.9697,1.09242
50.9712,1.09244
50.9727,1.09245
50.9742,1.09247
50.9757,1.09248
50.9772,1.0925
50.9787,1.09251
50.9802,1.09253
50.9817,1.09254
50.9832,1.09256
50.9847,1.09258
50.9862,1.09259
50.9877,1.09261
50.9892,1.09262
50.9907,1.09264
50.9922,1.09266
50.9937,1.09267
50.9952,1.09269
50.9967,1.09271
50.9982,1.09273
50.9997,1.09274
51.0012,1.09276
51.0027,1.09277
51.0042,1.09279
51.0057,1.09281
51.0072,1.09282
51.0087,1.09284
51.0102,1.09286
51.0117,1.09287
51.0132,1.09289
51.0147,1.09291
51.0162,1.09292
51.0177,1.09294
51.0192,1.09295
51.0207,1.09297
51.0222,1.09298
51.0237,1.093
51.0252,1.09301
51.0267,1.09303
51.0282,1.09304
51.0297,1.09305
51.0312,1.09307
51.0326,1.09308
51.0341,1.09309
51.0356,1.09311
51.0371,1.09312
51.0386,1.09313
51.0401,1.09314
51.0416,1.09315
51.0431,1.09316
51.0446,1.09317
51.0461,1.09318
51.0476,1.09319
51.0491,1.0932
51.0506,1.09321
51.0521,1.09322
51.0536,1.09323
51.0551,1.09324
51.0566,1.09324
51.0581,1.09325
51.0596,1.09326
51.0611,1.09327
51.0626,1.09327
51.0641,1.09328
51.0656,1.09328
51.0671,1.09329
51.0686,1.09329
51.0701,1.0933
51.0716,1.0933
51.0731,1.09331
51.0746,1.09331
51.0761,1.09332
51.0776,1.09332
51.0791,1.09332
51.0806,1.09333
51.0821,1.09333
51.0836,1.09333
51.0851,1.09334
51.0866,1.09334
51.0881,1.09334
51.0896,1.09334
51.0911,1.09335
51.0926,1.09335
51.0941,1.09335
51.0956,1.09335
51.0971,1.09335
51.0986,1.09335
51.1001,1.09335
51.1016,1.09336
51.1031,1.09336
51.1046,1.09336
51.1061,1.09336
51.1076,1.09336
51.1091,1.09336
51.1106,1.09336
51.1121,1.09336
51.1136,1.09336
51.1151,1.09337
51.1166,1.09337
51.1181,1.09337
51.1196,1.09337
51.1211,1.09337
51.1226,1.09337
51.1241,1.09337
51.1256,1.09337
51.1271,1.09337
51.1286,1.09337
51.1301,1.09337
51.1316,1.09337
51.1331,1.09337
51.1346,1.09337
51.1361,1.09337
51.1376,1.09337
51.1391,1.09337
51.1406,1.09337
51.1421,1.09338
51.1436,1.09338
51.1451,1.09338
51.1466,1.09338
51.1481,1.09338
51.1496,1.09338
51.1511,1.09338
51.1526,1.09338
51.1541,1.09338
51.1556,1.09338
51.1571,1.09338
51.1586,1.09338
51.1601,1.09338
51.1616,1.09338
51.1631,1.09339
51.1646,1.09339
51.1661,1.09339
51.1676,1.09339
51.1691,1.09339
51.1706,1.09339
51.1721,1.09339
51.1736,1.09339
51.1751,1.09339
51.1766,1.0934
51.1781,1.0934
51.1796,1.0934
51.1811,1.0934
51.1826,1.0934
51.1841,1.0934
51.1856,1.09341
51.1871,1.09341
51.1886,1.09341
51.1901,1.09341
51.1916,1.09341
51.1931,1.09342
51.1946,1.09342
51.1961,1.09342
51.1976,1.09342
51.1991,1.09342
51.2006,1.09343
51.2021,1.09343
51.2036,1.09343
51.2051,1.09343
51.2066,1.09344
51.2081,1.09344
51.2096,1.09344
51.2111,1.09344
51.2126,1.09345
51.2141,1.09345
51.2155,1.09345
51.217,1.09346
51.2185,1.09346
51.22,1.09346
51.2215,1.09346
51.223,1.09347
51.2245,1.09347
51.226,1.09348
51.2275,1.09348
51.229,1.09348
51.2305,1.09348
51.232,1.09349
51.2335,1.09349
51.235,1.09349
51.2365,1.0935
51.238,1.0935
51.2395,1.0935
51.241,1.09351
51.2425,1.09351
51.244,1.09352
51.2455,1.09352
51.247,1.09352
51.2485,1.09353
51.25,1.09353
51.2515,1.09354
51.253,1.09354
51.2545,1.09354
51.256,1.09355
51.2575,1.09355
51.259,1.09356
51.2605,1.09356
51.262,1.09356
51.2635,1.09357
51.265,1.09357
51.2665,1.09358
51.268,1.09358
51.2695,1.09359
51.271,1.09359
51.2725,1.0936
51.274,1.0936
51.2755,1.09361
51.277,1.09361
51.2785,1.09362
51.28,1.09362
51.2815,1.09363
51.283,1.09363
51.2845,1.09364
51.286,1.09364
51.2875,1.09365
51.289,1.09366
51.2905,1.09366
51.292,1.09367
51.2935,1.09367
51.295,1.09368
51.2965,1.09369
51.298,1.09369
51.2995,1.0937
51.301,1.0937
51.3025,1.09371
51.304,1.09372
51.3055,1.09372
51.307,1.09373
51.3085,1.09374
51.31,1.09374
51.3115,1.09375
51.313,1.09376
51.3145,1.09376
51.316,1.09377
51.3175,1.09378
51.319,1.09378
51.3205,1.09379
51.322,1.0938
51.3235,1.09381
51.325,1.09381
51.3265,1.09382
51.328,1.09383
51.3295,1.09384
51.331,1.09384
51.3325,1.09385
51.334,1.09386
51.3355,1.09387
51.337,1.09387
51.3385,1.09388
51.34,1.09389
51.3415,1.0939
51.343,1.09391
51.3445,1.09391
51.346,1.09392
51.3475,1.09393
51.349,1.09394
51.3505,1.09394
51.352,1.09395
51.3535,1.09396
51.355,1.09397
51.3565,1.09398
51.358,1.09399
51.3595,1.09399
51.361,1.094
51.3625,1.09401
51.364,1.09402
51.3655,1.09403
51.367,1.09403
51.3685,1.09404
51.37,1.09405
51.3715,1.09406
51.373,1.09407
51.3745,1.09408
51.376,1.09408
51.3775,1.09409
51.379,1.0941
51.3805,1.09411
51.382,1.09412
51.3835,1.09412
51.385,1.09413
51.3865,1.09414
51.388,1.09415
51.3895,1.09416
51.391,1.09416
51.3925,1.09417
51.394,1.09418
51.3955,1.09419
51.3969,1.09419
51.3984,1.0942
51.3999,1.09421
51.4014,1.09422
51.4029,1.09422
51.4044,1.09423
51.4059,1.09424
51.4074,1.09425
51.4089,1.09425
51.4104,1.09426
51.4119,1.09427
51.4134,1.09427
51.4149,1.09428
51.4164,1.09429
51.4179,1.09429
51.4194,1.0943
51.4209,1.09431
51.4224,1.09431
51.4239,1.09432
51.4254,1.09432
51.4269,1.09433
51.4284,1.09434
51.4299,1.09434
51.4314,1.09435
51.4329,1.09435
51.4344,1.09436
51.4359,1.09436
51.4374,1.09437
51.4389,1.09438
51.4404,1.09438
51.4419,1.09438
51.4434,1.09439
51.4449,1.09439
51.4464,1.0944
51.4479,1.0944
51.4494,1.09441
51.4509,1.09441
51.4524,1.09441
51.4539,1.09442
51.4554,1.09442
51.4569,1.09442
51.4584,1.09443
51.4599,1.09443
51.4614,1.09443
51.4629,1.09443
51.4644,1.09444
51.4659,1.09444
51.4674,1.09444
51.4689,1.09445
51.4704,1.09445
51.4719,1.09445
51.4734,1.09445
51.4749,1.09445
51.4764,1.09445
51.4779,1.09445
51.4794,1.09446
51.4809,1.09446
51.4824,1.09446
51.4839,1.09446
51.4854,1.09446
51.4869,1.09446
51.4884,1.09446
51.4899,1.09446
51.4914,1.09446
51.4929,1.09446
51.4944,1.09446
51.4959,1.09445
51.4974,1.09445
51.4989,1.09445
51.5004,1.09445
51.5019,1.09445
51.5034,1.09445
51.5049,1.09445
51.5064,1.09444
51.5079,1.09444
51.5094,1.09444
51.5109,1.09444
51.5124,1.09444
51.5139,1.09443
51.5154,1.09443
51.5169,1.09443
51.5184,1.09442
51.5199,1.09442
51.5214,1.09442
51.5229,1.09441
51.5244,1.09441
51.5259,1.09441
51.5274,1.0944
51.5289,1.0944
51.5304,1.0944
51.5319,1.09439
51.5334,1.09439
51.5349,1.09438
51.5364,1.09438
51.5379,1.09437
51.5394,1.09437
51.5409,1.09436
51.5424,1.09436
51.5439,1.09436
51.5454,1.09435
51.5469,1.09434
51.5484,1.09434
51.5499,1.09433
51.5514,1.09433
51.5529,1.09432
51.5544,1.09432
51.5559,1.09431
51.5574,1.09431
51.5589,1.0943
51.5604,1.0943
51.5619,1.09429
51.5634,1.09429
51.5649,1.09428
51.5664,1.09427
51.5679,1.09427
51.5694,1.09426
51.5709,1.09425
51.5724,1.09425
51.5739,1.09424
51.5754,1.09424
51.5769,1.09423
51.5784,1.09422
51.5798,1.09422
51.5813,1.09421
51.5828,1.09421
51.5843,1.0942
51.5858,1.09419
51.5873,1.09419
51.5888,1.09418
51.5903,1.09417
51.5918,1.09417
51.5933,1.09416
51.5948,1.09415
51.5963,1.09415
51.5978,1.09414
51.5993,1.09414
51.6008,1.09413
51.6023,1.09413
51.6038,1.09412
51.6053,1.09411
51.6068,1.09411
51.6083,1.0941
51.6098,1.09409
51.6113,1.09409
51.6128,1.09408
51.6143,1.09408
51.6158,1.09407
51.6173,1.09407
51.6188,1.09406
51.6203,1.09405
51.6218,1.09405
51.6233,1.09404
51.6248,1.09404
51.6263,1.09403
51.6278,1.09403
51.6293,1.09402
51.6308,1.09402
51.6323,1.09401
51.6338,1.09401
51.6353,1.094
51.6368,1.094
51.6383,1.09399
51.6398,1.09399
51.6413,1.09398
51.6428,1.09398
51.6443,1.09398
51.6458,1.09397
51.6473,1.09397
51.6488,1.09396
51.6503,1.09396
51.6518,1.09396
51.6533,1.09396
51.6548,1.09395
51.6563,1.09395
51.6578,1.09395
51.6593,1.09394
51.6608,1.09394
51.6623,1.09394
51.6638,1.09394
51.6653,1.09394
51.6668,1.09394
51.6683,1.09394
51.6698,1.09394
51.6713,1.09394
51.6728,1.09393
51.6743,1.09393
51.6758,1.09393
51.6773,1.09394
51.6788,1.09393
51.6803,1.09394
51.6818,1.09394
51.6833,1.09394
51.6848,1.09394
51.6863,1.09394
51.6878,1.09394
51.6893,1.09395
51.6908,1.09395
51.6923,1.09395
51.6938,1.09395
51.6953,1.09395
51.6968,1.09396
51.6983,1.09396
51.6998,1.09397
51.7013,1.09397
51.7028,1.09397
51.7043,1.09398
51.7058,1.09398
51.7073,1.09399
51.7088,1.09399
51.7103,1.09399
51.7118,1.094
51.7133,1.094
51.7148,1.09401
51.7163,1.09401
51.7178,1.09402
51.7193,1.09402
51.7208,1.09403
51.7223,1.09404
51.7238,1.09404
51.7253,1.09405
51.7268,1.09405
51.7283,1.09406
51.7298,1.09406
51.7313,1.09407
51.7328,1.09407
51.7343,1.09408
51.7358,1.09409
51.7373,1.09409
51.7388,1.0941
51.7403,1.0941
51.7418,1.09411
51.7433,1.09411
51.7448,1.09412
51.7463,1.09412
51.7478,1.09413
51.7493,1.09413
51.7508,1.09414
51.7523,1.09414
51.7538,1.09415
51.7553,1.09415
51.7568,1.09416
51.7583,1.09416
51.7598,1.09416
51.7612,1.09417
51.7627,1.09417
51.7642,1.09417
51.7657,1.09418
51.7672,1.09418
51.7687,1.09418
51.7702,1.09418
51.7717,1.09419
51.7732,1.09419
51.7747,1.09419
51.7762,1.09419
51.7777,1.0942
51.7792,1.0942
51.7807,1.0942
51.7822,1.0942
51.7837,1.0942
51.7852,1.0942
51.7867,1.0942
51.7882,1.09421
51.7897,1.09421
51.7912,1.09421
51.7927,1.09421
51.7942,1.09421
51.7957,1.09421
51.7972,1.09421
51.7987,1.09421
51.8002,1.09421
51.8017,1.09422
51.8032,1.09422
51.8047,1.09422
51.8062,1.09422
51.8077,1.09422
51.8092,1.09423
51.8107,1.09423
51.8122,1.09423
51.8137,1.09423
51.8152,1.09424
51.8167,1.09424
51.8182,1.09424
51.8197,1.09425
51.8212,1.09425
51.8227,1.09426
51.8242,1.09426
51.8257,1.09427
51.8272,1.09427
51.8287,1.09428
51.8302,1.09429
51.8317,1.09429
51.8332,1.0943
51.8347,1.09431
51.8362,1.09432
51.8377,1.09433
51.8392,1.09434
51.8407,1.09435
51.8422,1.09435
51.8437,1.09437
51.8452,1.09438
51.8467,1.09439
51.8482,1.0944
51.8497,1.09441
51.8512,1.09442
51.8527,1.09443
51.8542,1.09445
51.8557,1.09446
51.8572,1.09447
51.8587,1.09448
51.8602,1.0945
51.8617,1.09451
51.8632,1.09452
51.8647,1.09454
51.8662,1.09455
51.8677,1.09457
51.8692,1.09458
51.8707,1.09459
51.8722,1.09461
51.8737,1.09462
51.8752,1.09464
51.8767,1.09465
51.8782,1.09467
51.8797,1.09469
51.8812,1.0947
51.8827,1.09472
51.8842,1.09473
51.8857,1.09475
51.8872,1.09477
51.8887,1.09478
51.8902,1.0948
51.8917,1.09482
51.8932,1.09484
51.8947,1.09485
51.8962,1.09487
51.8977,1.09489
51.8992,1.09491
51.9007,1.09493
51.9022,1.09495
51.9037,1.09497
51.9052,1.09499
51.9067,1.09501
51.9082,1.09503
51.9097,1.09505
51.9112,1.09507
51.9127,1.09509
51.9142,1.09512
51.9157,1.09514
51.9172,1.09516
51.9187,1.09518
51.9202,1.09521
51.9217,1.09523
51.9232,1.09526
51.9247,1.09528
51.9262,1.0953
51.9277,1.09533
51.9292,1.09535
51.9307,1.09538
51.9322,1.0954
51.9337,1.09543
51.9352,1.09545
51.9367,1.09548
51.9382,1.0955
51.9397,1.09553
51.9412,1.09555
51.9426,1.09558
51.9441,1.0956
51.9456,1.09562
51.9471,1.09565
51.9486,1.09567
51.9501,1.09569
51.9516,1.09571
51.9531,1.09573
51.9546,1.09575
51.9561,1.09577
51.9576,1.09579
51.9591,1.09581
51.9606,1.09583
51.9621,1.09584
51.9636,1.09586
51.9651,1.09587
51.9666,1.09589
51.9681,1.0959
51.9696,1.09591
51.9711,1.09592
51.9726,1.09593
51.9741,1.09594
51.9756,1.09595
51.9771,1.09596
51.9786,1.09596
51.9801,1.09597
51.9816,1.09597
51.9831,1.09597
51.9846,1.09598
51.9861,1.09598
51.9876,1.09598
51.9891,1.09598
51.9906,1.09598
51.9921,1.09598
51.9936,1.09598
51.9951,1.09598
51.9966,1.09597
51.9981,1.09597
51.9996,1.09597
52.0011,1.09596
52.0026,1.09596
52.0041,1.09596
52.0056,1.09595
52.0071,1.09595
52.0086,1.09594
52.0101,1.09594
52.0116,1.09593
52.0131,1.09593
52.0146,1.09592
52.0161,1.09592
52.0176,1.09591
52.0191,1.0959
52.0206,1.0959
52.0221,1.09589
52.0236,1.09589
52.0251,1.09588
52.0266,1.09588
52.0281,1.09587
52.0296,1.09586
52.0311,1.09586
52.0326,1.09585
52.0341,1.09585
52.0356,1.09584
52.0371,1.09583
52.0386,1.09583
52.0401,1.09582
52.0416,1.09581
52.0431,1.09581
52.0446,1.0958
52.0461,1.09579
52.0476,1.09579
52.0491,1.09578
52.0506,1.09577
52.0521,1.09577
52.0536,1.09576
52.0551,1.09575
52.0566,1.09574
52.0581,1.09574
52.0596,1.09573
52.0611,1.09572
52.0626,1.09571
52.0641,1.09571
52.0656,1.0957
52.0671,1.09569
52.0686,1.09568
52.0701,1.09567
52.0716,1.09566
52.0731,1.09566
52.0746,1.09565
52.0761,1.09564
52.0776,1.09563
52.0791,1.09562
52.0806,1.09561
52.0821,1.0956
52.0836,1.0956
52.0851,1.09559
52.0866,1.09558
52.0881,1.09557
52.0896,1.09556
52.0911,1.09555
52.0926,1.09554
52.0941,1.09553
52.0956,1.09552
52.0971,1.09551
52.0986,1.09551
52.1001,1.0955
52.1016,1.09549
52.1031,1.09548
52.1046,1.09547
52.1061,1.09546
52.1076,1.09545
52.1091,1.09544
52.1106,1.09543
52.1121,1.09542
52.1136,1.09541
52.1151,1.0954
52.1166,1.09539
52.1181,1.09538
52.1196,1.09538
52.1211,1.09537
52.1226,1.09536
52.1241,1.09535
52.1255,1.09534
52.127,1.09533
52.1285,1.09532
52.13,1.09531
52.1315,1.0953
52.133,1.09529
52.1345,1.09529
52.136,1.09528
52.1375,1.09527
52.139,1.09526
52.1405,1.09525
52.142,1.09524
52.1435,1.09523
52.145,1.09522
52.1465,1.09521
52.148,1.09521
52.1495,1.0952
52.151,1.09519
52.1525,1.09518
52.154,1.09517
52.1555,1.09516
52.157,1.09515
52.1585,1.09514
52.16,1.09513
52.1615,1.09513
52.163,1.09512
52.1645,1.09511
52.166,1.0951
52.1675,1.09509
52.169,1.09508
52.1705,1.09508
52.172,1.09507
52.1735,1.09506
52.175,1.09505
52.1765,1.09504
52.178,1.09503
52.1795,1.09503
52.181,1.09502
52.1825,1.09501
52.184,1.095
52.1855,1.09499
52.187,1.09499
52.1885,1.09498
52.19,1.09497
52.1915,1.09496
52.193,1.09495
52.1945,1.09495
52.196,1.09494
52.1975,1.09493
52.199,1.09492
52.2005,1.09491
52.202,1.09491
52.2035,1.0949
52.205,1.09489
52.2065,1.09488
52.208,1.09488
52.2095,1.09487
52.211,1.09486
52.2125,1.09485
52.214,1.09484
52.2155,1.09484
52.217,1.09483
52.2185,1.09482
52.22,1.09482
52.2215,1.09481
52.223,1.0948
52.2245,1.0948
52.226,1.09479
52.2275,1.09478
52.229,1.09478
52.2305,1.09477
52.232,1.09476
52.2335,1.09476
52.235,1.09475
52.2365,1.09474
52.238,1.09474
52.2395,1.09473
52.241,1.09473
52.2425,1.09472
52.244,1.09472
52.2455,1.09471
52.247,1.0947
52.2485,1.0947
52.25,1.09469
52.2515,1.09469
52.253,1.09468
52.2545,1.09468
52.256,1.09467
52.2575,1.09467
52.259,1.09467
52.2605,1.09466
52.262,1.09466
52.2635,1.09465
52.265,1.09465
52.2665,1.09465
52.268,1.09464
52.2695,1.09464
52.271,1.09463
52.2725,1.09463
52.274,1.09463
52.2755,1.09462
52.277,1.09462
52.2785,1.09462
52.28,1.09462
52.2815,1.09461
52.283,1.09461
52.2845,1.09461
52.286,1.09461
52.2875,1.0946
52.289,1.0946
52.2905,1.0946
52.292,1.0946
52.2935,1.09459
52.295,1.09459
52.2965,1.09459
52.298,1.09459
52.2995,1.09459
52.301,1.09459
52.3025,1.09458
52.304,1.09458
52.3055,1.09458
52.3069,1.09458
52.3084,1.09458
52.3099,1.09458
52.3114,1.09458
52.3129,1.09458
52.3144,1.09458
52.3159,1.09458
52.3174,1.09458
52.3189,1.09458
52.3204,1.09458
52.3219,1.09458
52.3234,1.09458
52.3249,1.09458
52.3264,1.09458
52.3279,1.09458
52.3294,1.09458
52.3309,1.09458
52.3324,1.09458
52.3339,1.09458
52.3354,1.09458
52.3369,1.09458
52.3384,1.09458
52.3399,1.09458
52.3414,1.09458
52.3429,1.09458
52.3444,1.09458
52.3459,1.09458
52.3474,1.09458
52.3489,1.09459
52.3504,1.09459
52.3519,1.09459
52.3534,1.09459
52.3549,1.09459
52.3564,1.09459
52.3579,1.09459
52.3594,1.09459
52.3609,1.09459
52.3624,1.09459
52.3639,1.09459
52.3654,1.09459
52.3669,1.09459
52.3684,1.09459
52.3699,1.09459
52.3714,1.09459
52.3729,1.09459
52.3744,1.09459
52.3759,1.09459
52.3774,1.09459
52.3789,1.09459
52.3804,1.09459
52.3819,1.09459
52.3834,1.09459
52.3849,1.09459
52.3864,1.09459
52.3879,1.09459
52.3894,1.09459
52.3909,1.09459
52.3924,1.09459
52.3939,1.09459
52.3954,1.09459
52.3969,1.09459
52.3984,1.09458
52.3999,1.09459
52.4014,1.09458
52.4029,1.09458
52.4044,1.09458
52.4059,1.09458
52.4074,1.09458
52.4089,1.09458
52.4104,1.09457
52.4119,1.09457
52.4134,1.09457
52.4149,1.09457
52.4164,1.09457
52.4179,1.09456
52.4194,1.09456
52.4209,1.09456
52.4224,1.09456
52.4239,1.09455
52.4254,1.09455
52.4269,1.09455
52.4284,1.09454
52.4299,1.09454
52.4314,1.09454
52.4329,1.09454
52.4344,1.09453
52.4359,1.09453
52.4374,1.09453
52.4389,1.09452
52.4404,1.09452
52.4419,1.09452
52.4434,1.09451
52.4449,1.09451
52.4464,1.0945
52.4479,1.0945
52.4494,1.0945
52.4509,1.09449
52.4524,1.09449
52.4539,1.09449
52.4554,1.09448
52.4569,1.09448
52.4584,1.09447
52.4599,1.09447
52.4614,1.09446
52.4629,1.09446
52.4644,1.09445
52.4659,1.09445
52.4674,1.09444
52.4689,1.09444
52.4704,1.09443
52.4719,1.09443
52.4734,1.09442
52.4749,1.09442
52.4764,1.09441
52.4779,1.0944
52.4794,1.0944
52.4809,1.09439
52.4824,1.09439
52.4839,1.09438
52.4854,1.09438
52.4869,1.09437
52.4883,1.09436
52.4898,1.09436
52.4913,1.09435
52.4928,1.09435
52.4943,1.09434
52.4958,1.09433
52.4973,1.09432
52.4988,1.09432
52.5003,1.09431
52.5018,1.09431
52.5033,1.0943
52.5048,1.09429
52.5063,1.09428
52.5078,1.09428
52.5093,1.09427
52.5108,1.09426
52.5123,1.09425
52.5138,1.09425
52.5153,1.09424
52.5168,1.09423
52.5183,1.09422
52.5198,1.09421
52.5213,1.09421
52.5228,1.0942
52.5243,1.09419
52.5258,1.09418
52.5273,1.09417
52.5288,1.09416
52.5303,1.09415
52.5318,1.09414
52.5333,1.09413
52.5348,1.09412
52.5363,1.09411
52.5378,1.0941
52.5393,1.09409
52.5408,1.09408
52.5423,1.09407
52.5438,1.09406
52.5453,1.09405
52.5468,1.09404
52.5483,1.09403
52.5498,1.09401
52.5513,1.094
52.5528,1.09399
52.5543,1.09398
52.5558,1.09397
52.5573,1.09395
52.5588,1.09394
52.5603,1.09393
52.5618,1.09392
52.5633,1.0939
52.5648,1.09389
52.5663,1.09388
52.5678,1.09387
52.5693,1.09385
52.5708,1.09384
52.5723,1.09383
52.5738,1.09381
52.5753,1.0938
52.5768,1.09378
52.5783,1.09377
52.5798,1.09375
52.5813,1.09374
52.5828,1.09372
52.5843,1.09371
52.5858,1.09369
52.5873,1.09368
52.5888,1.09366
52.5903,1.09365
52.5918,1.09363
52.5933,1.09362
52.5948,1.0936
52.5963,1.09359
52.5978,1.09357
52.5993,1.09355
52.6008,1.09354
52.6023,1.09352
52.6038,1.09351
52.6053,1.09349
52.6068,1.09347
52.6083,1.09346
52.6098,1.09344
52.6113,1.09342
52.6128,1.09341
52.6143,1.09339
52.6158,1.09337
52.6173,1.09336
52.6188,1.09334
52.6203,1.09332
52.6218,1.0933
52.6233,1.09329
52.6248,1.09327
52.6263,1.09325
52.6278,1.09324
52.6293,1.09322
52.6308,1.0932
52.6323,1.09319
52.6338,1.09317
52.6353,1.09315
52.6368,1.09313
52.6383,1.09312
52.6398,1.0931
52.6413,1.09308
52.6428,1.09306
52.6443,1.09305
52.6458,1.09303
52.6473,1.09301
52.6488,1.09299
52.6503,1.09298
52.6518,1.09296
52.6533,1.09294
52.6548,1.09292
52.6563,1.09291
52.6578,1.09289
52.6593,1.09287
52.6608,1.09285
52.6623,1.09283
52.6638,1.09282
52.6653,1.0928
52.6668,1.09278
52.6683,1.09276
52.6698,1.09275
52.6712,1.09273
52.6727,1.09271
52.6742,1.09269
52.6757,1.09268
52.6772,1.09266
52.6787,1.09264
52.6802,1.09262
52.6817,1.0926
52.6832,1.09259
52.6847,1.09257
52.6862,1.09255
52.6877,1.09253
52.6892,1.09251
52.6907,1.0925
52.6922,1.09248
52.6937,1.09246
52.6952,1.09244
52.6967,1.09243
52.6982,1.09241
52.6997,1.09239
52.7012,1.09237
52.7027,1.09236
52.7042,1.09234
52.7057,1.09232
52.7072,1.0923
52.7087,1.09229
52.7102,1.09227
52.7117,1.09225
52.7132,1.09223
52.7147,1.09222
52.7162,1.0922
52.7177,1.09218
52.7192,1.09216
52.7207,1.09215
52.7222,1.09213
52.7237,1.09211
52.7252,1.0921
52.7267,1.09208
52.7282,1.09206
52.7297,1.09204
52.7312,1.09203
52.7327,1.09201
52.7342,1.092
52.7357,1.09198
52.7372,1.09196
52.7387,1.09195
52.7402,1.09193
52.7417,1.09191
52.7432,1.0919
52.7447,1.09188
52.7462,1.09186
52.7477,1.09185
52.7492,1.09183
52.7507,1.09182
52.7522,1.0918
52.7537,1.09178
52.7552,1.09177
52.7567,1.09175
52.7582,1.09174
52.7597,1.09172
52.7612,1.09171
52.7627,1.09169
52.7642,1.09168
52.7657,1.09166
52.7672,1.09165
52.7687,1.09163
52.7702,1.09162
52.7717,1.09161
52.7732,1.09159
52.7747,1.09158
52.7762,1.09156
52.7777,1.09155
52.7792,1.09154
52.7807,1.09152
52.7822,1.09151
52.7837,1.09149
52.7852,1.09148
52.7867,1.09147
52.7882,1.09146
52.7897,1.09144
52.7912,1.09143
52.7927,1.09142
52.7942,1.09141
52.7957,1.09139
52.7972,1.09138
52.7987,1.09137
52.8002,1.09136
52.8017,1.09135
52.8032,1.09133
52.8047,1.09132
52.8062,1.09131
52.8077,1.0913
52.8092,1.09129
52.8107,1.09128
52.8122,1.09127
52.8137,1.09126
52.8152,1.09125
52.8167,1.09124
52.8182,1.09123
52.8197,1.09122
52.8212,1.09121
52.8227,1.0912
52.8242,1.09119
52.8257,1.09119
52.8272,1.09118
52.8287,1.09117
52.8302,1.09116
52.8317,1.09115
52.8332,1.09115
52.8347,1.09114
52.8362,1.09113
52.8377,1.09112
52.8392,1.09112
52.8407,1.09111
52.8422,1.0911
52.8437,1.0911
52.8452,1.09109
52.8467,1.09108
52.8482,1.09108
52.8497,1.09107
52.8512,1.09107
52.8526,1.09106
52.8541,1.09106
52.8556,1.09106
52.8571,1.09105
52.8586,1.09105
52.8601,1.09104
52.8616,1.09104
52.8631,1.09104
52.8646,1.09103
52.8661,1.09103
52.8676,1.09103
52.8691,1.09102
52.8706,1.09102
52.8721,1.09102
52.8736,1.09102
52.8751,1.09101
52.8766,1.09101
52.8781,1.09101
52.8796,1.09101
52.8811,1.09101
52.8826,1.09101
52.8841,1.09101
52.8856,1.09101
52.8871,1.09101
52.8886,1.09101
52.8901,1.09101
52.8916,1.09101
52.8931,1.09101
52.8946,1.09101
52.8961,1.09101
52.8976,1.09101
52.8991,1.09101
52.9006,1.09101
52.9021,1.09101
52.9036,1.09101
52.9051,1.09101
52.9066,1.09102
52.9081,1.09102
52.9096,1.09102
52.9111,1.09102
52.9126,1.09102
52.9141,1.09103
52.9156,1.09103
52.9171,1.09103
52.9186,1.09104
52.9201,1.09104
52.9216,1.09104
52.9231,1.09104
52.9246,1.09105
52.9261,1.09105
52.9276,1.09106
52.9291,1.09106
52.9306,1.09106
52.9321,1.09107
52.9336,1.09107
52.9351,1.09107
52.9366,1.09108
52.9381,1.09108
52.9396,1.09109
52.9411,1.09109
52.9426,1.0911
52.9441,1.0911
52.9456,1.09111
52.9471,1.09111
52.9486,1.09112
52.9501,1.09112
52.9516,1.09113
52.9531,1.09113
52.9546,1.09114
52.9561,1.09114
52.9576,1.09115
52.9591,1.09115
52.9606,1.09116
52.9621,1.09117
52.9636,1.09117
52.9651,1.09118
52.9666,1.09118
52.9681,1.09119
52.9696,1.0912
52.9711,1.0912
52.9726,1.09121
52.9741,1.09121
52.9756,1.09122
52.9771,1.09123
52.9786,1.09123
52.9801,1.09124
52.9816,1.09125
52.9831,1.09125
52.9846,1.09126
52.9861,1.09127
52.9876,1.09127
52.9891,1.09128
52.9906,1.09129
52.9921,1.09129
52.9936,1.0913
52.9951,1.09131
52.9966,1.09132
52.9981,1.09132
52.9996,1.09133
53.0011,1.09134
53.0026,1.09134
53.0041,1.09135
53.0056,1.09136
53.0071,1.09137
53.0086,1.09137
53.0101,1.09138
53.0116,1.09139
53.0131,1.0914
53.0146,1.0914
53.0161,1.09141
53.0176,1.09142
53.0191,1.09142
53.0206,1.09143
53.0221,1.09144
53.0236,1.09145
53.0251,1.09145
53.0266,1.09146
53.0281,1.09147
53.0296,1.09148
53.0311,1.09149
53.0326,1.09149
53.034,1.0915
53.0355,1.09151
53.037,1.09152
53.0385,1.09152
53.04,1.09153
53.0415,1.09154
53.043,1.09155
53.0445,1.09156
53.046,1.09156
53.0475,1.09157
53.049,1.09158
53.0505,1.09159
53.052,1.0916
53.0535,1.09161
53.055,1.09161
53.0565,1.09162
53.058,1.09163
53.0595,1.09164
53.061,1.09165
53.0625,1.09166
53.064,1.09166
53.0655,1.09167
53.067,1.09168
53.0685,1.09169
53.07,1.0917
53.0715,1.09171
53.073,1.09172
53.0745,1.09173
53.076,1.09174
53.0775,1.09175
53.079,1.09176
53.0805,1.09177
53.082,1.09178
53.0835,1.09179
53.085,1.0918
53.0865,1.09181
53.088,1.09182
53.0895,1.09183
53.091,1.09184
53.0925,1.09185
53.094,1.09186
53.0955,1.09187
53.097,1.09188
53.0985,1.09189
53.1,1.0919
53.1015,1.09191
53.103,1.09193
53.1045,1.09194
53.106,1.09195
53.1075,1.09196
53.109,1.09197
53.1105,1.09198
53.112,1.092
53.1135,1.09201
53.115,1.09202
53.1165,1.09203
53.118,1.09205
53.1195,1.09206
53.121,1.09207
53.1225,1.09209
53.124,1.0921
53.1255,1.09211
53.127,1.09213
53.1285,1.09214
53.13,1.09215
53.1315,1.09217
53.133,1.09218
53.1345,1.0922
53.136,1.09221
53.1375,1.09223
53.139,1.09224
53.1405,1.09226
53.142,1.09227
53.1435,1.09229
53.145,1.0923
53.1465,1.09232
53.148,1.09233
53.1495,1.09235
53.151,1.09236
53.1525,1.09238
53.154,1.09239
53.1555,1.09241
53.157,1.09243
53.1585,1.09245
53.16,1.09246
53.1615,1.09248
53.163,1.0925
53.1645,1.09251
53.166,1.09253
53.1675,1.09255
53.169,1.09256
53.1705,1.09258
53.172,1.0926
53.1735,1.09262
53.175,1.09264
53.1765,1.09265
53.178,1.09267
53.1795,1.09269
53.181,1.09271
53.1825,1.09273
53.184,1.09275
53.1855,1.09277
53.187,1.09279
53.1885,1.09281
53.19,1.09282
53.1915,1.09284
53.193,1.09286
53.1945,1.09288
53.196,1.0929
53.1975,1.09292
53.199,1.09294
53.2005,1.09296
53.202,1.09298
53.2035,1.093
53.205,1.09302
53.2065,1.09304
53.208,1.09306
53.2095,1.09309
53.211,1.09311
53.2125,1.09313
53.214,1.09315
53.2155,1.09317
53.2169,1.09319
53.2184,1.09321
53.2199,1.09323
53.2214,1.09325
53.2229,1.09328
53.2244,1.0933
53.2259,1.09332
53.2274,1.09334
53.2289,1.09336
53.2304,1.09338
53.2319,1.09341
53.2334,1.09343
53.2349,1.09345
53.2364,1.09347
53.2379,1.09349
53.2394,1.09352
53.2409,1.09354
53.2424,1.09356
53.2439,1.09358
53.2454,1.0936
53.2469,1.09363
53.2484,1.09365
53.2499,1.09367
53.2514,1.09369
53.2529,1.09371
53.2544,1.09374
53.2559,1.09376
53.2574,1.09378
53.2589,1.0938
53.2604,1.09383
53.2619,1.09385
53.2634,1.09387
53.2649,1.09389
53.2664,1.09391
53.2679,1.09394
53.2694,1.09396
53.2709,1.09398
53.2724,1.094
53.2739,1.09402
53.2754,1.09404
53.2769,1.09407
53.2784,1.09409
53.2799,1.09411
53.2814,1.09413
53.2829,1.09415
53.2844,1.09417
53.2859,1.09419
53.2874,1.09422
53.2889,1.09424
53.2904,1.09426
53.2919,1.09428
53.2934,1.0943
53.2949,1.09432
53.2964,1.09434
53.2979,1.09436
53.2994,1.09438
53.3009,1.0944
53.3024,1.09442
53.3039,1.09444
53.3054,1.09446
53.3069,1.09448
53.3084,1.0945
53.3099,1.09452
53.3114,1.09454
53.3129,1.09456
53.3144,1.09458
53.3159,1.0946
53.3174,1.09462
53.3189,1.09464
53.3204,1.09466
53.3219,1.09467
53.3234,1.09469
53.3249,1.09471
53.3264,1.09473
53.3279,1.09475
53.3294,1.09476
53.3309,1.09478
53.3324,1.0948
53.3339,1.09482
53.3354,1.09483
53.3369,1.09485
53.3384,1.09487
53.3399,1.09488
53.3414,1.0949
53.3429,1.09492
53.3444,1.09493
53.3459,1.09495
53.3474,1.09496
53.3489,1.09498
53.3504,1.095
53.3519,1.09501
53.3534,1.09503
53.3549,1.09504
53.3564,1.09505
53.3579,1.09507
53.3594,1.09508
53.3609,1.0951
53.3624,1.09511
53.3639,1.09512
53.3654,1.09514
53.3669,1.09515
53.3684,1.09516
53.3699,1.09518
53.3714,1.09519
53.3729,1.0952
53.3744,1.09522
53.3759,1.09523
53.3774,1.09524
53.3789,1.09525
53.3804,1.09526
53.3819,1.09528
53.3834,1.09529
53.3849,1.0953
53.3864,1.09531
53.3879,1.09532
53.3894,1.09533
53.3909,1.09534
53.3924,1.09535
53.3939,1.09536
53.3954,1.09537
53.3969,1.09538
53.3983,1.09539
53.3998,1.0954
53.4013,1.09541
53.4028,1.09542
53.4043,1.09543
53.4058,1.09544
53.4073,1.09545
53.4088,1.09546
53.4103,1.09547
53.4118,1.09548
53.4133,1.09548
53.4148,1.09549
53.4163,1.0955
53.4178,1.09551
53.4193,1.09551
53.4208,1.09552
53.4223,1.09553
53.4238,1.09554
53.4253,1.09554
53.4268,1.09555
53.4283,1.09556
53.4298,1.09556
53.4313,1.09557
53.4328,1.09558
53.4343,1.09558
53.4358,1.09559
53.4373,1.0956
53.4388,1.0956
53.4403,1.09561
53.4418,1.09561
53.4433,1.09562
53.4448,1.09562
53.4463,1.09563
53.4478,1.09563
53.4493,1.09564
53.4508,1.09564
53.4523,1.09564
53.4538,1.09565
53.4553,1.09565
53.4568,1.09566
53.4583,1.09566
53.4598,1.09566
53.4613,1.09567
53.4628,1.09567
53.4643,1.09567
53.4658,1.09567
53.4673,1.09568
53.4688,1.09568
53.4703,1.09568
53.4718,1.09569
53.4733,1.09569
53.4748,1.09569
53.4763,1.09569
53.4778,1.09569
53.4793,1.09569
53.4808,1.09569
53.4823,1.09569
53.4838,1.0957
53.4853,1.0957
53.4868,1.0957
53.4883,1.0957
53.4898,1.0957
53.4913,1.0957
53.4928,1.0957
53.4943,1.0957
53.4958,1.0957
53.4973,1.0957
53.4988,1.0957
53.5003,1.0957
53.5018,1.0957
53.5033,1.0957
53.5048,1.09569
53.5063,1.09569
53.5078,1.09569
53.5093,1.09569
53.5108,1.09569
53.5123,1.09569
53.5138,1.09569
53.5153,1.09568
53.5168,1.09568
53.5183,1.09568
53.5198,1.09568
53.5213,1.09567
53.5228,1.09567
53.5243,1.09567
53.5258,1.09566
53.5273,1.09566
53.5288,1.09566
53.5303,1.09566
53.5318,1.09565
53.5333,1.09565
53.5348,1.09565
53.5363,1.09564
53.5378,1.09564
53.5393,1.09563
53.5408,1.09563
53.5423,1.09562
53.5438,1.09562
53.5453,1.09562
53.5468,1.09561
53.5483,1.09561
53.5498,1.0956
53.5513,1.0956
53.5528,1.09559
53.5543,1.09559
53.5558,1.09558
53.5573,1.09558
53.5588,1.09557
53.5603,1.09557
53.5618,1.09556
53.5633,1.09556
53.5648,1.09555
53.5663,1.09554
53.5678,1.09554
53.5693,1.09553
53.5708,1.09553
53.5723,1.09552
53.5738,1.09551
53.5753,1.09551
53.5768,1.0955
53.5783,1.0955
53.5798,1.09549
53.5812,1.09548
53.5827,1.09548
53.5842,1.09547
53.5857,1.09546
53.5872,1.09546
53.5887,1.09545
53.5902,1.09544
53.5917,1.09544
53.5932,1.09543
53.5947,1.09542
53.5962,1.09542
53.5977,1.09541
53.5992,1.0954
53.6007,1.0954
53.6022,1.09539
53.6037,1.09538
53.6052,1.09537
53.6067,1.09537
53.6082,1.09536
53.6097,1.09536
53.6112,1.09535
53.6127,1.09534
53.6142,1.09534
53.6157,1.09533
53.6172,1.09532
53.6187,1.09531
53.6202,1.09531
53.6217,1.0953
53.6232,1.09529
53.6247,1.09528
53.6262,1.09528
53.6277,1.09527
53.6292,1.09526
53.6307,1.09526
53.6322,1.09525
53.6337,1.09524
53.6352,1.09524
53.6367,1.09523
53.6382,1.09522
53.6397,1.09521
53.6412,1.09521
53.6427,1.0952
53.6442,1.09519
53.6457,1.09519
53.6472,1.09518
53.6487,1.09518
53.6502,1.09517
53.6517,1.09516
53.6532,1.09515
53.6547,1.09515
53.6562,1.09514
53.6577,1.09513
53.6592,1.09513
53.6607,1.09512
53.6622,1.09511
53.6637,1.09511
53.6652,1.0951
53.6667,1.0951
53.6682,1.09509
53.6697,1.09508
53.6712,1.09508
53.6727,1.09507
53.6742,1.09507
53.6757,1.09506
53.6772,1.09505
53.6787,1.09505
53.6802,1.09504
53.6817,1.09504
53.6832,1.09503
53.6847,1.09503
53.6862,1.09502
53.6877,1.09501
53.6892,1.09501
53.6907,1.095
53.6922,1.095
53.6937,1.095
53.6952,1.09499
53.6967,1.09499
53.6982,1.09498
53.6997,1.09498
53.7012,1.09498
53.7027,1.09498
53.7042,1.09497
53.7057,1.09497
53.7072,1.09497
53.7087,1.09497
53.7102,1.09497
53.7117,1.09497
53.7132,1.09497
53.7147,1.09497
53.7162,1.09497
53.7177,1.09498
53.7192,1.09498
53.7207,1.09498
53.7222,1.09499
53.7237,1.09499
53.7252,1.095
53.7267,1.09501
53.7282,1.09501
53.7297,1.09502
53.7312,1.09503
53.7327,1.09504
53.7342,1.09505
53.7357,1.09506
53.7372,1.09507
53.7387,1.09509
53.7402,1.0951
53.7417,1.09511
53.7432,1.09513
53.7447,1.09514
53.7462,1.09516
53.7477,1.09518
53.7492,1.09519
53.7507,1.09521
53.7522,1.09523
53.7537,1.09525
53.7552,1.09527
53.7567,1.09529
53.7582,1.0953
53.7597,1.09533
53.7612,1.09535
53.7626,1.09537
53.7641,1.09539
53.7656,1.09541
53.7671,1.09543
53.7686,1.09545
53.7701,1.09547
53.7716,1.09549
53.7731,1.09551
53.7746,1.09553
53.7761,1.09555
53.7776,1.09557
53.7791,1.09559
53.7806,1.09561
53.7821,1.09563
53.7836,1.09564
53.7851,1.09566
53.7866,1.09567
53.7881,1.09569
53.7896,1.0957
53.7911,1.09571
53.7926,1.09573
53.7941,1.09574
53.7956,1.09575
53.7971,1.09576
53.7986,1.09576
53.8001,1.09577
53.8016,1.09578
53.8031,1.09578
53.8046,1.09579
53.8061,1.09579
53.8076,1.09579
53.8091,1.09579
53.8106,1.09579
53.8121,1.0958
53.8136,1.0958
53.8151,1.0958
53.8166,1.0958
53.8181,1.09579
53.8196,1.09579
53.8211,1.09579
53.8226,1.09578
53.8241,1.09578
53.8256,1.09578
53.8271,1.09578
53.8286,1.09577
53.8301,1.09577
53.8316,1.09576
53.8331,1.09576
53.8346,1.09576
53.8361,1.09575
53.8376,1.09575
53.8391,1.09575
53.8406,1.09574
53.8421,1.09574
53.8436,1.09574
53.8451,1.09573
53.8466,1.09573
53.8481,1.09573
53.8496,1.09573
53.8511,1.09572
53.8526,1.09572
53.8541,1.09572
53.8556,1.09572
53.8571,1.09572
53.8586,1.09572
53.8601,1.09572
53.8616,1.09572
53.8631,1.09572
53.8646,1.09572
53.8661,1.09573
53.8676,1.09573
53.8691,1.09573
53.8706,1.09573
53.8721,1.09574
53.8736,1.09574
53.8751,1.09574
53.8766,1.09575
53.8781,1.09575
53.8796,1.09576
53.8811,1.09576
53.8826,1.09577
53.8841,1.09577
53.8856,1.09578
53.8871,1.09579
53.8886,1.09579
53.8901,1.0958
53.8916,1.09581
53.8931,1.09581
53.8946,1.09582
53.8961,1.09583
53.8976,1.09584
53.8991,1.09585
53.9006,1.09586
53.9021,1.09587
53.9036,1.09588
53.9051,1.09589
53.9066,1.0959
53.9081,1.09591
53.9096,1.09592
53.9111,1.09593
53.9126,1.09594
53.9141,1.09595
53.9156,1.09596
53.9171,1.09597
53.9186,1.09598
53.9201,1.09599
53.9216,1.096
53.9231,1.09601
53.9246,1.09602
53.9261,1.09602
53.9276,1.09603
53.9291,1.09604
53.9306,1.09605
53.9321,1.09606
53.9336,1.09607
53.9351,1.09607
53.9366,1.09608
53.9381,1.09608
53.9396,1.09609
53.9411,1.09609
53.9426,1.0961
53.944,1.0961
53.9455,1.0961
53.947,1.09611
53.9485,1.09611
53.95,1.09611
53.9515,1.09611
53.953,1.0961
53.9545,1.0961
53.956,1.0961
53.9575,1.09609
53.959,1.09609
53.9605,1.09608
53.962,1.09608
53.9635,1.09607
53.965,1.09606
53.9665,1.09605
53.968,1.09604
53.9695,1.09603
53.971,1.09602
53.9725,1.09601
53.974,1.096
53.9755,1.09598
53.977,1.09597
53.9785,1.09596
53.98,1.09594
53.9815,1.09593
53.983,1.09591
53.9845,1.0959
53.986,1.09588
53.9875,1.09586
53.989,1.09585
53.9905,1.09583
53.992,1.09581
53.9935,1.09579
53.995,1.09577
53.9965,1.09576
53.998,1.09574
53.9995,1.09572
54.001,1.0957
54.0025,1.09568
54.004,1.09566
54.0055,1.09564
54.007,1.09562
54.0085,1.0956
54.01,1.09558
54.0115,1.09556
54.013,1.09555
54.0145,1.09553
54.016,1.09551
54.0175,1.09549
54.019,1.09547
54.0205,1.09545
54.022,1.09543
54.0235,1.09541
54.025,1.0954
54.0265,1.09538
54.028,1.09536
54.0295,1.09534
54.031,1.09532
54.0325,1.09531
54.034,1.09529
54.0355,1.09527
54.037,1.09525
54.0385,1.09524
54.04,1.09522
54.0415,1.0952
54.043,1.09519
54.0445,1.09517
54.046,1.09515
54.0475,1.09514
54.049,1.09512
54.0505,1.09511
54.052,1.09509
54.0535,1.09508
54.055,1.09506
54.0565,1.09505
54.058,1.09504
54.0595,1.09502
54.061,1.09501
54.0625,1.095
54.064,1.09498
54.0655,1.09497
54.067,1.09496
54.0685,1.09495
54.07,1.09493
54.0715,1.09492
54.073,1.09491
54.0745,1.0949
54.076,1.09489
54.0775,1.09488
54.079,1.09487
54.0805,1.09486
54.082,1.09485
54.0835,1.09484
54.085,1.09484
54.0865,1.09483
54.088,1.09482
54.0895,1.09481
54.091,1.09481
54.0925,1.0948
54.094,1.0948
54.0955,1.09479
54.097,1.09478
54.0985,1.09478
54.1,1.09478
54.1015,1.09477
54.103,1.09477
54.1045,1.09477
54.106,1.09476
54.1075,1.09476
54.109,1.09476
54.1105,1.09476
54.112,1.09476
54.1135,1.09476
54.115,1.09476
54.1165,1.09476
54.118,1.09476
54.1195,1.09476
54.121,1.09476
54.1225,1.09476
54.124,1.09476
54.1255,1.09477
54.1269,1.09477
54.1284,1.09477
54.1299,1.09478
54.1314,1.09478
54.1329,1.09478
54.1344,1.09479
54.1359,1.0948
54.1374,1.0948
54.1389,1.09481
54.1404,1.09481
54.1419,1.09482
54.1434,1.09482
54.1449,1.09483
54.1464,1.09484
54.1479,1.09484
54.1494,1.09485
54.1509,1.09486
54.1524,1.09486
54.1539,1.09487
54.1554,1.09488
54.1569,1.09489
54.1584,1.0949
54.1599,1.0949
54.1614,1.09491
54.1629,1.09492
54.1644,1.09492
54.1659,1.09493
54.1674,1.09494
54.1689,1.09495
54.1704,1.09496
54.1719,1.09496
54.1734,1.09497
54.1749,1.09498
54.1764,1.09499
54.1779,1.09499
54.1794,1.095
54.1809,1.09501
54.1824,1.09502
54.1839,1.09503
54.1854,1.09503
54.1869,1.09504
54.1884,1.09505
54.1899,1.09506
54.1914,1.09507
54.1929,1.09507
54.1944,1.09508
54.1959,1.09509
54.1974,1.09509
54.1989,1.0951
54.2004,1.09511
54.2019,1.09512
54.2034,1.09512
54.2049,1.09513
54.2064,1.09514
54.2079,1.09515
54.2094,1.09516
54.2109,1.09516
54.2124,1.09517
54.2139,1.09518
54.2154,1.09518
54.2169,1.09519
54.2184,1.0952
54.2199,1.09521
54.2214,1.09522
54.2229,1.09522
54.2244,1.09523
54.2259,1.09524
54.2274,1.09525
54.2289,1.09525
54.2304,1.09526
54.2319,1.09527
54.2334,1.09528
54.2349,1.09528
54.2364,1.09529
54.2379,1.0953
54.2394,1.09531
54.2409,1.09531
54.2424,1.09532
54.2439,1.09533
54.2454,1.09534
54.2469,1.09534
54.2484,1.09535
54.2499,1.09536
54.2514,1.09537
54.2529,1.09538
54.2544,1.09538
54.2559,1.09539
54.2574,1.0954
54.2589,1.0954
54.2604,1.09541
54.2619,1.09542
54.2634,1.09543
54.2649,1.09543
54.2664,1.09544
54.2679,1.09545
54.2694,1.09545
54.2709,1.09546
54.2724,1.09547
54.2739,1.09547
54.2754,1.09548
54.2769,1.09549
54.2784,1.09549
54.2799,1.0955
54.2814,1.0955
54.2829,1.09551
54.2844,1.09552
54.2859,1.09552
54.2874,1.09553
54.2889,1.09553
54.2904,1.09554
54.2919,1.09554
54.2934,1.09555
54.2949,1.09555
54.2964,1.09555
54.2979,1.09556
54.2994,1.09556
54.3009,1.09556
54.3024,1.09557
54.3039,1.09557
54.3054,1.09557
54.3069,1.09558
54.3083,1.09558
54.3098,1.09558
54.3113,1.09558
54.3128,1.09559
54.3143,1.09559
54.3158,1.09559
54.3173,1.09559
54.3188,1.09559
54.3203,1.09559
54.3218,1.09559
54.3233,1.09559
54.3248,1.09559
54.3263,1.09559
54.3278,1.09559
54.3293,1.09559
54.3308,1.09559
54.3323,1.09559
54.3338,1.09559
54.3353,1.09559
54.3368,1.09559
54.3383,1.09559
54.3398,1.09559
54.3413,1.09558
54.3428,1.09558
54.3443,1.09558
54.3458,1.09558
54.3473,1.09558
54.3488,1.09557
54.3503,1.09557
54.3518,1.09557
54.3533,1.09557
54.3548,1.09556
54.3563,1.09556
54.3578,1.09556
54.3593,1.09555
54.3608,1.09555
54.3623,1.09555
54.3638,1.09554
54.3653,1.09554
54.3668,1.09553
54.3683,1.09553
54.3698,1.09552
54.3713,1.09552
54.3728,1.09552
54.3743,1.09551
54.3758,1.09551
54.3773,1.0955
54.3788,1.0955
54.3803,1.09549
54.3818,1.09549
54.3833,1.09548
54.3848,1.09548
54.3863,1.09547
54.3878,1.09547
54.3893,1.09546
54.3908,1.09546
54.3923,1.09545
54.3938,1.09545
54.3953,1.09544
54.3968,1.09544
54.3983,1.09543
54.3998,1.09542
54.4013,1.09542
54.4028,1.09541
54.4043,1.09541
54.4058,1.0954
54.4073,1.0954
54.4088,1.09539
54.4103,1.09538
54.4118,1.09538
54.4133,1.09537
54.4148,1.09537
54.4163,1.09536
54.4178,1.09536
54.4193,1.09535
54.4208,1.09534
54.4223,1.09534
54.4238,1.09533
54.4253,1.09533
54.4268,1.09532
54.4283,1.09531
54.4298,1.09531
54.4313,1.0953
54.4328,1.0953
54.4343,1.09529
54.4358,1.09528
54.4373,1.09528
54.4388,1.09527
54.4403,1.09527
54.4418,1.09526
54.4433,1.09526
54.4448,1.09525
54.4463,1.09525
54.4478,1.09524
54.4493,1.09523
54.4508,1.09523
54.4523,1.09522
54.4538,1.09522
54.4553,1.09521
54.4568,1.09521
54.4583,1.0952
54.4598,1.0952
54.4613,1.09519
54.4628,1.09518
54.4643,1.09518
54.4658,1.09517
54.4673,1.09517
54.4688,1.09516
54.4703,1.09516
54.4718,1.09515
54.4733,1.09515
54.4748,1.09514
54.4763,1.09513
54.4778,1.09513
54.4793,1.09512
54.4808,1.09512
54.4823,1.09511
54.4838,1.09511
54.4853,1.0951
54.4868,1.09509
54.4883,1.09509
54.4897,1.09508
54.4912,1.09508
54.4927,1.09507
54.4942,1.09506
54.4957,1.09506
54.4972,1.09505
54.4987,1.09505
54.5002,1.09504
54.5017,1.09503
54.5032,1.09503
54.5047,1.09502
54.5062,1.09502
54.5077,1.09501
54.5092,1.095
54.5107,1.095
54.5122,1.09499
54.5137,1.09499
54.5152,1.09498
54.5167,1.09497
54.5182,1.09497
54.5197,1.09496
54.5212,1.09495
54.5227,1.09495
54.5242,1.09494
54.5257,1.09493
54.5272,1.09493
54.5287,1.09492
54.5302,1.09491
54.5317,1.09491
54.5332,1.0949
54.5347,1.09489
54.5362,1.09488
54.5377,1.09488
54.5392,1.09487
54.5407,1.09486
54.5422,1.09485
54.5437,1.09485
54.5452,1.09484
54.5467,1.09483
54.5482,1.09482
54.5497,1.09482
54.5512,1.09481
54.5527,1.0948
54.5542,1.0948
54.5557,1.09479
54.5572,1.09478
54.5587,1.09477
54.5602,1.09476
54.5617,1.09476
54.5632,1.09475
54.5647,1.09474
54.5662,1.09473
54.5677,1.09472
54.5692,1.09472
54.5707,1.09471
54.5722,1.0947
54.5737,1.09469
54.5752,1.09468
54.5767,1.09467
54.5782,1.09466
54.5797,1.09465
54.5812,1.09465
54.5827,1.09464
54.5842,1.09463
54.5857,1.09462
54.5872,1.09461
54.5887,1.0946
54.5902,1.09459
54.5917,1.09458
54.5932,1.09457
54.5947,1.09456
54.5962,1.09455
54.5977,1.09454
54.5992,1.09454
54.6007,1.09453
54.6022,1.09451
54.6037,1.0945
54.6052,1.0945
54.6067,1.09448
54.6082,1.09447
54.6097,1.09446
54.6112,1.09445
54.6127,1.09445
54.6142,1.09444
54.6157,1.09442
54.6172,1.09442
54.6187,1.0944
54.6202,1.09439
54.6217,1.09438
54.6232,1.09437
54.6247,1.09436
54.6262,1.09435
54.6277,1.09434
54.6292,1.09433
54.6307,1.09432
54.6322,1.09431
54.6337,1.0943
54.6352,1.09429
54.6367,1.09427
54.6382,1.09426
54.6397,1.09425
54.6412,1.09424
54.6427,1.09423
54.6442,1.09422
54.6457,1.09421
54.6472,1.09419
54.6487,1.09418
54.6502,1.09417
54.6517,1.09416
54.6532,1.09415
54.6547,1.09414
54.6562,1.09413
54.6577,1.09411
54.6592,1.0941
54.6607,1.09409
54.6622,1.09408
54.6637,1.09407
54.6652,1.09405
54.6667,1.09404
54.6682,1.09403
54.6697,1.09402
54.6712,1.09401
54.6726,1.094
54.6741,1.09398
54.6756,1.09397
54.6771,1.09396
54.6786,1.09395
54.6801,1.09394
54.6816,1.09392
54.6831,1.09391
54.6846,1.0939
54.6861,1.09389
54.6876,1.09387
54.6891,1.09386
54.6906,1.09385
54.6921,1.09384
54.6936,1.09382
54.6951,1.09381
54.6966,1.0938
54.6981,1.09379
54.6996,1.09377
54.7011,1.09376
54.7026,1.09375
54.7041,1.09374
54.7056,1.09372
54.7071,1.09371
54.7086,1.0937
54.7101,1.09368
54.7116,1.09367
54.7131,1.09366
54.7146,1.09364
54.7161,1.09363
54.7176,1.09362
54.7191,1.09361
54.7206,1.09359
54.7221,1.09358
54.7236,1.09357
54.7251,1.09356
54.7266,1.09354
54.7281,1.09353
54.7296,1.09352
54.7311,1.09351
54.7326,1.09349
54.7341,1.09348
54.7356,1.09347
54.7371,1.09345
54.7386,1.09344
54.7401,1.09343
54.7416,1.09341
54.7431,1.0934
54.7446,1.09339
54.7461,1.09338
54.7476,1.09336
54.7491,1.09335
54.7506,1.09334
54.7521,1.09333
54.7536,1.09331
54.7551,1.0933
54.7566,1.09329
54.7581,1.09328
54.7596,1.09326
54.7611,1.09325
54.7626,1.09324
54.7641,1.09322
54.7656,1.09321
54.7671,1.0932
54.7686,1.09319
54.7701,1.09318
54.7716,1.09316
54.7731,1.09315
54.7746,1.09314
54.7761,1.09312
54.7776,1.09311
54.7791,1.0931
54.7806,1.09309
54.7821,1.09307
54.7836,1.09306
54.7851,1.09305
54.7866,1.09304
54.7881,1.09303
54.7896,1.09301
54.7911,1.093
54.7926,1.09299
54.7941,1.09298
54.7956,1.09297
54.7971,1.09296
54.7986,1.09295
54.8001,1.09293
54.8016,1.09292
54.8031,1.09291
54.8046,1.0929
54.8061,1.09289
54.8076,1.09288
54.8091,1.09287
54.8106,1.09286
54.8121,1.09285
54.8136,1.09283
54.8151,1.09282
54.8166,1.09281
54.8181,1.0928
54.8196,1.09279
54.8211,1.09278
54.8226,1.09277
54.8241,1.09276
54.8256,1.09275
54.8271,1.09274
54.8286,1.09273
54.8301,1.09272
54.8316,1.09271
54.8331,1.0927
54.8346,1.09269
54.8361,1.09268
54.8376,1.09268
54.8391,1.09267
54.8406,1.09266
54.8421,1.09265
54.8436,1.09264
54.8451,1.09263
54.8466,1.09262
54.8481,1.09261
54.8496,1.09261
54.8511,1.0926
54.8526,1.09259
54.854,1.09258
54.8555,1.09257
54.857,1.09256
54.8585,1.09256
54.86,1.09255
54.8615,1.09254
54.863,1.09254
54.8645,1.09253
54.866,1.09252
54.8675,1.09251
54.869,1.09251
54.8705,1.0925
54.872,1.09249
54.8735,1.09248
54.875,1.09248
54.8765,1.09247
54.878,1.09246
54.8795,1.09246
54.881,1.09245
54.8825,1.09245
54.884,1.09244
54.8855,1.09243
54.887,1.09243
54.8885,1.09242
54.89,1.09242
54.8915,1.09241
54.893,1.0924
54.8945,1.0924
54.896,1.09239
54.8975,1.09239
54.899,1.09238
54.9005,1.09238
54.902,1.09237
54.9035,1.09237
54.905,1.09236
54.9065,1.09236
54.908,1.09236
54.9095,1.09235
54.911,1.09235
54.9125,1.09234
54.914,1.09234
54.9155,1.09233
54.917,1.09233
54.9185,1.09233
54.92,1.09232
54.9215,1.09232
54.923,1.09232
54.9245,1.09231
54.926,1.09231
54.9275,1.09231
54.929,1.0923
54.9305,1.0923
54.932,1.0923
54.9335,1.09229
54.935,1.09229
54.9365,1.09229
54.938,1.09229
54.9395,1.09228
54.941,1.09228
54.9425,1.09228
54.944,1.09228
54.9455,1.09227
54.947,1.09227
54.9485,1.09227
54.95,1.09227
54.9515,1.09227
54.953,1.09226
54.9545,1.09226
54.956,1.09226
54.9575,1.09226
54.959,1.09226
54.9605,1.09226
54.962,1.09226
54.9635,1.09225
54.965,1.09225
54.9665,1.09225
54.968,1.09225
54.9695,1.09225
54.971,1.09225
54.9725,1.09225
54.974,1.09225
54.9755,1.09225
54.977,1.09225
54.9785,1.09225
54.98,1.09225
54.9815,1.09225
54.983,1.09225
54.9845,1.09225
54.986,1.09225
54.9875,1.09225
54.989,1.09226
54.9905,1.09226
54.992,1.09226
54.9935,1.09226
54.995,1.09226
54.9965,1.09226
54.998,1.09226
54.9995,1.09226
55.001,1.09227
55.0025,1.09227
55.004,1.09227
55.0055,1.09227
55.007,1.09228
55.0085,1.09228
55.01,1.09228
55.0115,1.09228
55.013,1.09229
55.0145,1.09229
55.016,1.09229
55.0175,1.09229
55.019,1.0923
55.0205,1.0923
55.022,1.0923
55.0235,1.09231
55.025,1.09231
55.0265,1.09232
55.028,1.09232
55.0295,1.09232
55.031,1.09233
55.0325,1.09233
55.034,1.09234
55.0354,1.09234
55.0369,1.09235
55.0384,1.09235
55.0399,1.09236
55.0414,1.09236
55.0429,1.09237
55.0444,1.09237
55.0459,1.09238
55.0474,1.09238
55.0489,1.09239
55.0504,1.09239
55.0519,1.0924
55.0534,1.0924
55.0549,1.09241
55.0564,1.09242
55.0579,1.09242
55.0594,1.09243
55.0609,1.09244
55.0624,1.09244
55.0639,1.09245
55.0654,1.09246
55.0669,1.09246
55.0684,1.09247
55.0699,1.09248
55.0714,1.09248
55.0729,1.09249
55.0744,1.0925
55.0759,1.09251
55.0774,1.09251
55.0789,1.09252
55.0804,1.09253
55.0819,1.09254
55.0834,1.09254
55.0849,1.09255
55.0864,1.09256
55.0879,1.09257
55.0894,1.09258
55.0909,1.09259
55.0924,1.0926
55.0939,1.0926
55.0954,1.09261
55.0969,1.09262
55.0984,1.09263
55.0999,1.09264
55.1014,1.09265
55.1029,1.09266
55.1044,1.09267
55.1059,1.09268
55.1074,1.09269
55.1089,1.0927
55.1104,1.09271
55.1119,1.09272
55.1134,1.09273
55.1149,1.09274
55.1164,1.09275
55.1179,1.09276
55.1194,1.09277
55.1209,1.09278
55.1224,1.09279
55.1239,1.0928
55.1254,1.09281
55.1269,1.09282
55.1284,1.09284
55.1299,1.09285
55.1314,1.09286
55.1329,1.09287
55.1344,1.09288
55.1359,1.09289
55.1374,1.09291
55.1389,1.09292
55.1404,1.09293
55.1419,1.09294
55.1434,1.09295
55.1449,1.09297
55.1464,1.09298
55.1479,1.09299
55.1494,1.09301
55.1509,1.09302
55.1524,1.09303
55.1539,1.09304
55.1554,1.09306
55.1569,1.09307
55.1584,1.09309
55.1599,1.0931
55.1614,1.09311
55.1629,1.09313
55.1644,1.09314
55.1659,1.09316
55.1674,1.09317
55.1689,1.09318
55.1704,1.0932
55.1719,1.09321
55.1734,1.09323
55.1749,1.09324
55.1764,1.09326
55.1779,1.09327
55.1794,1.09329
55.1809,1.0933
55.1824,1.09332
55.1839,1.09333
55.1854,1.09335
55.1869,1.09337
55.1884,1.09338
55.1899,1.0934
55.1914,1.09341
55.1929,1.09343
55.1944,1.09344
55.1959,1.09346
55.1974,1.09348
55.1989,1.09349
55.2004,1.09351
55.2019,1.09352
55.2034,1.09354
55.2049,1.09356
55.2064,1.09357
55.2079,1.09359
55.2094,1.09361
55.2109,1.09362
55.2124,1.09364
55.2139,1.09366
55.2154,1.09367
55.2169,1.09369
55.2183,1.09371
55.2198,1.09372
55.2213,1.09374
55.2228,1.09376
55.2243,1.09378
55.2258,1.09379
55.2273,1.09381
55.2288,1.09383
55.2303,1.09384
55.2318,1.09386
55.2333,1.09388
55.2348,1.09389
55.2363,1.09391
55.2378,1.09393
55.2393,1.09395
55.2408,1.09396
55.2423,1.09398
55.2438,1.094
55.2453,1.09402
55.2468,1.09403
55.2483,1.09405
55.2498,1.09407
55.2513,1.09409
55.2528,1.0941
55.2543,1.09412
55.2558,1.09414
55.2573,1.09415
55.2588,1.09417
55.2603,1.09419
55.2618,1.09421
55.2633,1.09422
55.2648,1.09424
55.2663,1.09426
55.2678,1.09428
55.2693,1.09429
55.2708,1.09431
55.2723,1.09433
55.2738,1.09435
55.2753,1.09436
55.2768,1.09438
55.2783,1.0944
55.2798,1.09442
55.2813,1.09443
55.2828,1.09445
55.2843,1.09447
55.2858,1.09448
55.2873,1.0945
55.2888,1.09452
55.2903,1.09454
55.2918,1.09455
55.2933,1.09457
55.2948,1.09459
55.2963,1.0946
55.2978,1.09462
55.2993,1.09464
55.3008,1.09466
55.3023,1.09467
55.3038,1.09469
55.3053,1.09471
55.3068,1.09473
55.3083,1.09474
55.3098,1.09476
55.3113,1.09478
55.3128,1.09479
55.3143,1.09481
55.3158,1.09482
55.3173,1.09484
55.3188,1.09486
55.3203,1.09487
55.3218,1.09489
55.3233,1.09491
55.3248,1.09492
55.3263,1.09494
55.3278,1.09496
55.3293,1.09497
55.3308,1.09499
55.3323,1.095
55.3338,1.09502
55.3353,1.09504
55.3368,1.09505
55.3383,1.09507
55.3398,1.09508
55.3413,1.0951
55.3428,1.09512
55.3443,1.09513
55.3458,1.09515
55.3473,1.09516
55.3488,1.09518
55.3503,1.09519
55.3518,1.09521
55.3533,1.09522
55.3548,1.09524
55.3563,1.09525
55.3578,1.09527
55.3593,1.09528
55.3608,1.0953
55.3623,1.09531
55.3638,1.09533
55.3653,1.09534
55.3668,1.09536
55.3683,1.09537
55.3698,1.09538
55.3713,1.0954
55.3728,1.09541
55.3743,1.09543
55.3758,1.09544
55.3773,1.09545
55.3788,1.09547
55.3803,1.09548
55.3818,1.09549
55.3833,1.09551
55.3848,1.09552
55.3863,1.09553
55.3878,1.09555
55.3893,1.09556
55.3908,1.09557
55.3923,1.09559
55.3938,1.0956
55.3953,1.09561
55.3968,1.09562
55.3983,1.09563
55.3997,1.09565
55.4012,1.09566
55.4027,1.09567
55.4042,1.09568
55.4057,1.09569
55.4072,1.0957
55.4087,1.09572
55.4102,1.09573
55.4117,1.09574
55.4132,1.09575
55.4147,1.09576
55.4162,1.09577
55.4177,1.09578
55.4192,1.09579
55.4207,1.0958
55.4222,1.09581
55.4237,1.09582
55.4252,1.09583
55.4267,1.09584
55.4282,1.09585
55.4297,1.09586
55.4312,1.09587
55.4327,1.09588
55.4342,1.09589
55.4357,1.0959
55.4372,1.09591
55.4387,1.09592
55.4402,1.09593
55.4417,1.09594
55.4432,1.09595
55.4447,1.09595
55.4462,1.09596
55.4477,1.09597
55.4492,1.09598
55.4507,1.09599
55.4522,1.09599
55.4537,1.096
55.4552,1.09601
55.4567,1.09602
55.4582,1.09602
55.4597,1.09603
55.4612,1.09604
55.4627,1.09604
55.4642,1.09605
55.4657,1.09606
55.4672,1.09606
55.4687,1.09607
55.4702,1.09608
55.4717,1.09608
55.4732,1.09609
55.4747,1.09609
55.4762,1.0961
55.4777,1.09611
55.4792,1.09611
55.4807,1.09611
55.4822,1.09612
55.4837,1.09612
55.4852,1.09613
55.4867,1.09613
55.4882,1.09614
55.4897,1.09614
55.4912,1.09615
55.4927,1.09615
55.4942,1.09616
55.4957,1.09616
55.4972,1.09616
55.4987,1.09617
55.5002,1.09617
55.5017,1.09617
55.5032,1.09618
55.5047,1.09618
55.5062,1.09618
55.5077,1.09619
55.5092,1.09619
55.5107,1.09619
55.5122,1.09619
55.5137,1.0962
55.5152,1.0962
55.5167,1.0962
55.5182,1.0962
55.5197,1.09621
55.5212,1.09621
55.5227,1.09621
55.5242,1.09621
55.5257,1.09621
55.5272,1.09622
55.5287,1.09622
55.5302,1.09622
55.5317,1.09622
55.5332,1.09622
55.5347,1.09622
55.5362,1.09622
55.5377,1.09623
55.5392,1.09623
55.5407,1.09623
55.5422,1.09623
55.5437,1.09623
55.5452,1.09623
55.5467,1.09623
55.5482,1.09623
55.5497,1.09624
55.5512,1.09624
55.5527,1.09624
55.5542,1.09624
55.5557,1.09624
55.5572,1.09624
55.5587,1.09624
55.5602,1.09624
55.5617,1.09624
55.5632,1.09624
55.5647,1.09624
55.5662,1.09624
55.5677,1.09624
55.5692,1.09624
55.5707,1.09624
55.5722,1.09624
55.5737,1.09624
55.5752,1.09624
55.5767,1.09625
55.5782,1.09625
55.5797,1.09625
55.5812,1.09625
55.5826,1.09625
55.5841,1.09625
55.5856,1.09625
55.5871,1.09625
55.5886,1.09625
55.5901,1.09625
55.5916,1.09625
55.5931,1.09625
55.5946,1.09625
55.5961,1.09625
55.5976,1.09625
55.5991,1.09625
55.6006,1.09625
55.6021,1.09625
55.6036,1.09625
55.6051,1.09625
55.6066,1.09625
55.6081,1.09625
55.6096,1.09625
55.6111,1.09625
55.6126,1.09625
55.6141,1.09625
55.6156,1.09625
55.6171,1.09625
55.6186,1.09625
55.6201,1.09625
55.6216,1.09625
55.6231,1.09625
55.6246,1.09625
55.6261,1.09625
55.6276,1.09625
55.6291,1.09625
55.6306,1.09624
55.6321,1.09624
55.6336,1.09624
55.6351,1.09624
55.6366,1.09624
55.6381,1.09624
55.6396,1.09624
55.6411,1.09624
55.6426,1.09624
55.6441,1.09624
55.6456,1.09624
55.6471,1.09624
55.6486,1.09624
55.6501,1.09623
55.6516,1.09623
55.6531,1.09623
55.6546,1.09623
55.6561,1.09623
55.6576,1.09623
55.6591,1.09623
55.6606,1.09623
55.6621,1.09623
55.6636,1.09622
55.6651,1.09622
55.6666,1.09622
55.6681,1.09622
55.6696,1.09622
55.6711,1.09622
55.6726,1.09622
55.6741,1.09621
55.6756,1.09621
55.6771,1.09621
55.6786,1.09621
55.6801,1.09621
55.6816,1.0962
55.6831,1.0962
55.6846,1.0962
55.6861,1.0962
55.6876,1.0962
55.6891,1.0962
55.6906,1.09619
55.6921,1.09619
55.6936,1.09619
55.6951,1.09619
55.6966,1.09619
55.6981,1.09619
55.6996,1.09618
55.7011,1.09618
55.7026,1.09618
55.7041,1.09618
55.7056,1.09618
55.7071,1.09618
55.7086,1.09617
55.7101,1.09617
55.7116,1.09617
55.7131,1.09617
55.7146,1.09617
55.7161,1.09617
55.7176,1.09616
55.7191,1.09616
55.7206,1.09616
55.7221,1.09616
55.7236,1.09616
55.7251,1.09616
55.7266,1.09616
55.7281,1.09615
55.7296,1.09615
55.7311,1.09615
55.7326,1.09615
55.7341,1.09615
55.7356,1.09615
55.7371,1.09615
55.7386,1.09615
55.7401,1.09615
55.7416,1.09615
55.7431,1.09615
55.7446,1.09615
55.7461,1.09615
55.7476,1.09615
55.7491,1.09615
55.7506,1.09615
55.7521,1.09615
55.7536,1.09615
55.7551,1.09615
55.7566,1.09615
55.7581,1.09615
55.7596,1.09615
55.7611,1.09615
55.7626,1.09615
55.764,1.09615
55.7655,1.09615
55.767,1.09615
55.7685,1.09615
55.77,1.09616
55.7715,1.09616
55.773,1.09616
55.7745,1.09616
55.776,1.09616
55.7775,1.09616
55.779,1.09616
55.7805,1.09617
55.782,1.09617
55.7835,1.09617
55.785,1.09617
55.7865,1.09618
55.788,1.09618
55.7895,1.09618
55.791,1.09618
55.7925,1.09619
55.794,1.09619
55.7955,1.09619
55.797,1.09619
55.7985,1.09619
55.8,1.09619
55.8015,1.0962
55.803,1.0962
55.8045,1.0962
55.806,1.0962
55.8075,1.0962
55.809,1.0962
55.8105,1.0962
55.812,1.0962
55.8135,1.0962
55.815,1.0962
55.8165,1.0962
55.818,1.0962
55.8195,1.0962
55.821,1.0962
55.8225,1.0962
55.824,1.0962
55.8255,1.0962
55.827,1.0962
55.8285,1.09619
55.83,1.09619
55.8315,1.09619
55.833,1.09619
55.8345,1.09618
55.836,1.09618
55.8375,1.09618
55.839,1.09617
55.8405,1.09617
55.842,1.09616
55.8435,1.09616
55.845,1.09615
55.8465,1.09615
55.848,1.09614
55.8495,1.09613
55.851,1.09613
55.8525,1.09612
55.854,1.09611
55.8555,1.09611
55.857,1.0961
55.8585,1.09609
55.86,1.09608
55.8615,1.09608
55.863,1.09607
55.8645,1.09606
55.866,1.09605
55.8675,1.09604
55.869,1.09603
55.8705,1.09602
55.872,1.09602
55.8735,1.09601
55.875,1.096
55.8765,1.09599
55.878,1.09598
55.8795,1.09597
55.881,1.09596
55.8825,1.09595
55.884,1.09594
55.8855,1.09593
55.887,1.09592
55.8885,1.09591
55.89,1.0959
55.8915,1.09589
55.893,1.09588
55.8945,1.09586
55.896,1.09585
55.8975,1.09584
55.899,1.09583
55.9005,1.09582
55.902,1.09581
55.9035,1.0958
55.905,1.09579
55.9065,1.09578
55.908,1.09577
55.9095,1.09576
55.911,1.09575
55.9125,1.09574
55.914,1.09572
55.9155,1.09571
55.917,1.0957
55.9185,1.09569
55.92,1.09568
55.9215,1.09567
55.923,1.09566
55.9245,1.09565
55.926,1.09564
55.9275,1.09563
55.929,1.09562
55.9305,1.09561
55.932,1.0956
55.9335,1.09559
55.935,1.09558
55.9365,1.09557
55.938,1.09556
55.9395,1.09555
55.941,1.09554
55.9425,1.09553
55.944,1.09552
55.9454,1.09551
55.9469,1.0955
55.9484,1.09549
55.9499,1.09548
55.9514,1.09547
55.9529,1.09546
55.9544,1.09545
55.9559,1.09544
55.9574,1.09543
55.9589,1.09542
55.9604,1.09541
55.9619,1.0954
55.9634,1.0954
55.9649,1.09539
55.9664,1.09538
55.9679,1.09537
55.9694,1.09536
55.9709,1.09536
55.9724,1.09535
55.9739,1.09534
55.9754,1.09533
55.9769,1.09532
55.9784,1.09532
55.9799,1.09531
55.9814,1.0953
55.9829,1.09529
55.9844,1.09529
55.9859,1.09528
55.9874,1.09527
55.9889,1.09527
55.9904,1.09526
55.9919,1.09526
55.9934,1.09525
55.9949,1.09524
55.9964,1.09524
55.9979,1.09523
55.9994,1.09523
56.0009,1.09522
56.0024,1.09522
56.0039,1.09521
56.0054,1.0952
56.0069,1.0952
56.0084,1.0952
56.0099,1.09519
56.0114,1.09519
56.0129,1.09518
56.0144,1.09518
56.0159,1.09517
56.0174,1.09517
56.0189,1.09517
56.0204,1.09516
56.0219,1.09516
56.0234,1.09516
56.0249,1.09515
56.0264,1.09515
56.0279,1.09515
56.0294,1.09514
56.0309,1.09514
56.0324,1.09514
56.0339,1.09514
56.0354,1.09513
56.0369,1.09513
56.0384,1.09513
56.0399,1.09513
56.0414,1.09513
56.0429,1.09513
56.0444,1.09512
56.0459,1.09512
56.0474,1.09512
56.0489,1.09512
56.0504,1.09512
56.0519,1.09512
56.0534,1.09512
56.0549,1.09512
56.0564,1.09512
56.0579,1.09512
56.0594,1.09512
56.0609,1.09512
56.0624,1.09512
56.0639,1.09512
56.0654,1.09512
56.0669,1.09512
56.0684,1.09512
56.0699,1.09513
56.0714,1.09513
56.0729,1.09513
56.0744,1.09513
56.0759,1.09513
56.0774,1.09513
56.0789,1.09514
56.0804,1.09514
56.0819,1.09514
56.0834,1.09514
56.0849,1.09514
56.0864,1.09515
56.0879,1.09515
56.0894,1.09515
56.0909,1.09515
56.0924,1.09516
56.0939,1.09516
56.0954,1.09516
56.0969,1.09517
56.0984,1.09517
56.0999,1.09517
56.1014,1.09518
56.1029,1.09518
56.1044,1.09518
56.1059,1.09519
56.1074,1.09519
56.1089,1.09519
56.1104,1.0952
56.1119,1.0952
56.1134,1.09521
56.1149,1.09521
56.1164,1.09522
56.1179,1.09522
56.1194,1.09522
56.1209,1.09523
56.1224,1.09523
56.1239,1.09524
56.1254,1.09524
56.1269,1.09525
56.1283,1.09525
56.1298,1.09526
56.1313,1.09526
56.1328,1.09526
56.1343,1.09527
56.1358,1.09527
56.1373,1.09528
56.1388,1.09528
56.1403,1.09529
56.1418,1.09529
56.1433,1.0953
56.1448,1.0953
56.1463,1.09531
56.1478,1.09531
56.1493,1.09532
56.1508,1.09532
56.1523,1.09533
56.1538,1.09533
56.1553,1.09534
56.1568,1.09534
56.1583,1.09535
56.1598,1.09535
56.1613,1.09536
56.1628,1.09536
56.1643,1.09537
56.1658,1.09537
56.1673,1.09537
56.1688,1.09538
56.1703,1.09538
56.1718,1.09539
56.1733,1.09539
56.1748,1.0954
56.1763,1.0954
56.1778,1.09541
56.1793,1.09541
56.1808,1.09542
56.1823,1.09542
56.1838,1.09543
56.1853,1.09543
56.1868,1.09543
56.1883,1.09544
56.1898,1.09544
56.1913,1.09545
56.1928,1.09545
56.1943,1.09545
56.1958,1.09546
56.1973,1.09546
56.1988,1.09546
56.2003,1.09547
56.2018,1.09547
56.2033,1.09547
56.2048,1.09548
56.2063,1.09548
56.2078,1.09548
56.2093,1.09549
56.2108,1.09549
56.2123,1.09549
56.2138,1.09549
56.2153,1.0955
56.2168,1.0955
56.2183,1.0955
56.2198,1.0955
56.2213,1.0955
56.2228,1.09551
56.2243,1.09551
56.2258,1.09551
56.2273,1.09551
56.2288,1.09551
56.2303,1.09551
56.2318,1.09551
56.2333,1.09551
56.2348,1.09552
56.2363,1.09552
56.2378,1.09552
56.2393,1.09552
56.2408,1.09552
56.2423,1.09552
56.2438,1.09552
56.2453,1.09552
56.2468,1.09552
56.2483,1.09552
56.2498,1.09552
56.2513,1.09552
56.2528,1.09552
56.2543,1.09551
56.2558,1.09551
56.2573,1.09551
56.2588,1.09551
56.2603,1.09551
56.2618,1.09551
56.2633,1.09551
56.2648,1.09551
56.2663,1.09551
56.2678,1.0955
56.2693,1.0955
56.2708,1.0955
56.2723,1.0955
56.2738,1.0955
56.2753,1.09549
56.2768,1.09549
56.2783,1.09549
56.2798,1.09549
56.2813,1.09548
56.2828,1.09548
56.2843,1.09548
56.2858,1.09548
56.2873,1.09547
56.2888,1.09547
56.2903,1.09547
56.2918,1.09547
56.2933,1.09546
56.2948,1.09546
56.2963,1.09546
56.2978,1.09545
56.2993,1.09545
56.3008,1.09545
56.3023,1.09544
56.3038,1.09544
56.3053,1.09544
56.3068,1.09543
56.3083,1.09543
56.3097,1.09543
56.3112,1.09542
56.3127,1.09542
56.3142,1.09542
56.3157,1.09541
56.3172,1.09541
56.3187,1.09541
56.3202,1.0954
56.3217,1.0954
56.3232,1.0954
56.3247,1.09539
56.3262,1.09539
56.3277,1.09539
56.3292,1.09538
56.3307,1.09538
56.3322,1.09538
56.3337,1.09537
56.3352,1.09537
56.3367,1.09537
56.3382,1.09536
56.3397,1.09536
56.3412,1.09535
56.3427,1.09535
56.3442,1.09535
56.3457,1.09534
56.3472,1.09534
56.3487,1.09534
56.3502,1.09534
56.3517,1.09533
56.3532,1.09533
56.3547,1.09533
56.3562,1.09532
56.3577,1.09532
56.3592,1.09532
56.3607,1.09531
56.3622,1.09531
56.3637,1.09531
56.3652,1.0953
56.3667,1.0953
56.3682,1.0953
56.3697,1.0953
56.3712,1.09529
56.3727,1.09529
56.3742,1.09529
56.3757,1.09528
56.3772,1.09528
56.3787,1.09528
56.3802,1.09528
56.3817,1.09527
56.3832,1.09527
56.3847,1.09527
56.3862,1.09527
56.3877,1.09526
56.3892,1.09526
56.3907,1.09526
56.3922,1.09526
56.3937,1.09526
56.3952,1.09525
56.3967,1.09525
56.3982,1.09525
56.3997,1.09525
56.4012,1.09525
56.4027,1.09525
56.4042,1.09525
56.4057,1.09524
56.4072,1.09524
56.4087,1.09524
56.4102,1.09524
56.4117,1.09524
56.4132,1.09524
56.4147,1.09524
56.4162,1.09524
56.4177,1.09523
56.4192,1.09523
56.4207,1.09523
56.4222,1.09523
56.4237,1.09523
56.4252,1.09523
56.4267,1.09523
56.4282,1.09523
56.4297,1.09523
56.4312,1.09523
56.4327,1.09524
56.4342,1.09524
56.4357,1.09524
56.4372,1.09524
56.4387,1.09524
56.4402,1.09524
56.4417,1.09525
56.4432,1.09525
56.4447,1.09525
56.4462,1.09526
56.4477,1.09526
56.4492,1.09527
56.4507,1.09527
56.4522,1.09528
56.4537,1.09528
56.4552,1.09529
56.4567,1.09529
56.4582,1.0953
56.4597,1.09531
56.4612,1.09532
56.4627,1.09532
56.4642,1.09533
56.4657,1.09534
56.4672,1.09535
56.4687,1.09536
56.4702,1.09537
56.4717,1.09539
56.4732,1.0954
56.4747,1.09541
56.4762,1.09542
56.4777,1.09544
56.4792,1.09545
56.4807,1.09547
56.4822,1.09548
56.4837,1.0955
56.4852,1.09552
56.4867,1.09554
56.4882,1.09555
56.4897,1.09557
56.4911,1.09559
56.4926,1.09561
56.4941,1.09563
56.4956,1.09565
56.4971,1.09567
56.4986,1.09569
56.5001,1.09571
56.5016,1.09573
56.5031,1.09575
56.5046,1.09577
56.5061,1.09579
56.5076,1.09581
56.5091,1.09583
56.5106,1.09585
56.5121,1.09587
56.5136,1.09589
56.5151,1.09591
56.5166,1.09593
56.5181,1.09595
56.5196,1.09597
56.5211,1.09599
56.5226,1.096
56.5241,1.09602
56.5256,1.09604
56.5271,1.09606
56.5286,1.09607
56.5301,1.09609
56.5316,1.09611
56.5331,1.09612
56.5346,1.09614
56.5361,1.09615
56.5376,1.09617
56.5391,1.09618
56.5406,1.09619
56.5421,1.09621
56.5436,1.09622
56.5451,1.09623
56.5466,1.09624
56.5481,1.09625
56.5496,1.09626
56.5511,1.09628
56.5526,1.09629
56.5541,1.0963
56.5556,1.09631
56.5571,1.09631
56.5586,1.09632
56.5601,1.09633
56.5616,1.09634
56.5631,1.09635
56.5646,1.09635
56.5661,1.09636
56.5676,1.09637
56.5691,1.09638
56.5706,1.09638
56.5721,1.09639
56.5736,1.0964
56.5751,1.0964
56.5766,1.09641
56.5781,1.09641
56.5796,1.09642
56.5811,1.09642
56.5826,1.09643
56.5841,1.09643
56.5856,1.09643
56.5871,1.09644
56.5886,1.09644
56.5901,1.09645
56.5916,1.09645
56.5931,1.09646
56.5946,1.09646
56.5961,1.09646
56.5976,1.09646
56.5991,1.09647
56.6006,1.09647
56.6021,1.09648
56.6036,1.09648
56.6051,1.09648
56.6066,1.09649
56.6081,1.09649
56.6096,1.09649
56.6111,1.09649
56.6126,1.0965
56.6141,1.0965
56.6156,1.0965
56.6171,1.0965
56.6186,1.09651
56.6201,1.09651
56.6216,1.09651
56.6231,1.09651
56.6246,1.09651
56.6261,1.09651
56.6276,1.09651
56.6291,1.09651
56.6306,1.09652
56.6321,1.09652
56.6336,1.09652
56.6351,1.09652
56.6366,1.09652
56.6381,1.09652
56.6396,1.09652
56.6411,1.09652
56.6426,1.09652
56.6441,1.09652
56.6456,1.09652
56.6471,1.09651
56.6486,1.09651
56.6501,1.09651
56.6516,1.09651
56.6531,1.09651
56.6546,1.09651
56.6561,1.0965
56.6576,1.0965
56.6591,1.0965
56.6606,1.0965
56.6621,1.0965
56.6636,1.09649
56.6651,1.09649
56.6666,1.09649
56.6681,1.09648
56.6696,1.09648
56.6711,1.09648
56.6726,1.09647
56.674,1.09647
56.6755,1.09647
56.677,1.09646
56.6785,1.09646
56.68,1.09645
56.6815,1.09645
56.683,1.09644
56.6845,1.09644
56.686,1.09643
56.6875,1.09643
56.689,1.09642
56.6905,1.09642
56.692,1.09641
56.6935,1.09641
56.695,1.0964
56.6965,1.0964
56.698,1.09639
56.6995,1.09638
56.701,1.09638
56.7025,1.09637
56.704,1.09636
56.7055,1.09636
56.707,1.09635
56.7085,1.09634
56.71,1.09634
56.7115,1.09633
56.713,1.09632
56.7145,1.09632
56.716,1.09631
56.7175,1.0963
56.719,1.09629
56.7205,1.09628
56.722,1.09627
56.7235,1.09627
56.725,1.09626
56.7265,1.09625
56.728,1.09624
56.7295,1.09623
56.731,1.09622
56.7325,1.09622
56.734,1.09621
56.7355,1.0962
56.737,1.09619
56.7385,1.09618
56.74,1.09617
56.7415,1.09616
56.743,1.09615
56.7445,1.09614
56.746,1.09613
56.7475,1.09612
56.749,1.09611
56.7505,1.0961
56.752,1.09609
56.7535,1.09608
56.755,1.09607
56.7565,1.09606
56.758,1.09605
56.7595,1.09604
56.761,1.09603
56.7625,1.09602
56.764,1.09601
56.7655,1.096
56.767,1.09599
56.7685,1.09598
56.77,1.09597
56.7715,1.09595
56.773,1.09594
56.7745,1.09593
56.776,1.09592
56.7775,1.09591
56.779,1.0959
56.7805,1.09589
56.782,1.09588
56.7835,1.09587
56.785,1.09586
56.7865,1.09584
56.788,1.09583
56.7895,1.09582
56.791,1.09581
56.7925,1.0958
56.794,1.09579
56.7955,1.09578
56.797,1.09577
56.7985,1.09576
56.8,1.09575
56.8015,1.09573
56.803,1.09572
56.8045,1.09571
56.806,1.0957
56.8075,1.09569
56.809,1.09568
56.8105,1.09567
56.812,1.09566
56.8135,1.09565
56.815,1.09564
56.8165,1.09563
56.818,1.09561
56.8195,1.0956
56.821,1.09559
56.8225,1.09558
56.824,1.09557
56.8255,1.09556
56.827,1.09555
56.8285,1.09554
56.83,1.09553
56.8315,1.09552
56.833,1.09551
56.8345,1.0955
56.836,1.09549
56.8375,1.09548
56.839,1.09547
56.8405,1.09546
56.842,1.09546
56.8435,1.09545
56.845,1.09544
56.8465,1.09543
56.848,1.09542
56.8495,1.09541
56.851,1.0954
56.8525,1.09539
56.854,1.09538
56.8554,1.09537
56.8569,1.09537
56.8584,1.09536
56.8599,1.09535
56.8614,1.09534
56.8629,1.09534
56.8644,1.09533
56.8659,1.09532
56.8674,1.09531
56.8689,1.09531
56.8704,1.0953
56.8719,1.09529
56.8734,1.09529
56.8749,1.09528
56.8764,1.09527
56.8779,1.09527
56.8794,1.09526
56.8809,1.09525
56.8824,1.09525
56.8839,1.09524
56.8854,1.09524
56.8869,1.09523
56.8884,1.09523
56.8899,1.09522
56.8914,1.09522
56.8929,1.09521
56.8944,1.09521
56.8959,1.09521
56.8974,1.0952
56.8989,1.0952
56.9004,1.0952
56.9019,1.09519
56.9034,1.09519
56.9049,1.09519
56.9064,1.09519
56.9079,1.09518
56.9094,1.09518
56.9109,1.09518
56.9124,1.09518
56.9139,1.09518
56.9154,1.09518
56.9169,1.09518
56.9184,1.09518
56.9199,1.09518
56.9214,1.09517
56.9229,1.09518
56.9244,1.09518
56.9259,1.09518
56.9274,1.09518
56.9289,1.09518
56.9304,1.09518
56.9319,1.09518
56.9334,1.09519
56.9349,1.09519
56.9364,1.09519
56.9379,1.09519
56.9394,1.0952
56.9409,1.0952
56.9424,1.0952
56.9439,1.09521
56.9454,1.09521
56.9469,1.09522
56.9484,1.09522
56.9499,1.09522
56.9514,1.09523
56.9529,1.09523
56.9544,1.09524
56.9559,1.09524
56.9574,1.09525
56.9589,1.09526
56.9604,1.09526
56.9619,1.09527
56.9634,1.09528
56.9649,1.09528
56.9664,1.09529
56.9679,1.09529
56.9694,1.0953
56.9709,1.09531
56.9724,1.09532
56.9739,1.09532
56.9754,1.09533
56.9769,1.09534
56.9784,1.09535
56.9799,1.09535
56.9814,1.09536
56.9829,1.09537
56.9844,1.09538
56.9859,1.09539
56.9874,1.0954
56.9889,1.0954
56.9904,1.09541
56.9919,1.09542
56.9934,1.09543
56.9949,1.09544
56.9964,1.09545
56.9979,1.09545
56.9994,1.09546
57.0009,1.09547
57.0024,1.09548
57.0039,1.09549
57.0054,1.09549
57.0069,1.0955
57.0084,1.09551
57.0099,1.09552
57.0114,1.09553
57.0129,1.09553
57.0144,1.09554
57.0159,1.09555
57.0174,1.09556
57.0189,1.09556
57.0204,1.09557
57.0219,1.09557
57.0234,1.09558
57.0249,1.09559
57.0264,1.09559
57.0279,1.0956
57.0294,1.09561
57.0309,1.09561
57.0324,1.09562
57.0339,1.09562
57.0354,1.09563
57.0368,1.09563
57.0383,1.09564
57.0398,1.09564
57.0413,1.09565
57.0428,1.09565
57.0443,1.09565
57.0458,1.09566
57.0473,1.09566
57.0488,1.09566
57.0503,1.09567
57.0518,1.09567
57.0533,1.09567
57.0548,1.09568
57.0563,1.09568
57.0578,1.09568
57.0593,1.09569
57.0608,1.09569
57.0623,1.09569
57.0638,1.09569
57.0653,1.09569
57.0668,1.0957
57.0683,1.0957
57.0698,1.0957
57.0713,1.0957
57.0728,1.0957
57.0743,1.09571
57.0758,1.09571
57.0773,1.09571
57.0788,1.09571
57.0803,1.09571
57.0818,1.09571
57.0833,1.09571
57.0848,1.09571
57.0863,1.09571
57.0878,1.09571
57.0893,1.09572
57.0908,1.09571
57.0923,1.09571
57.0938,1.09572
57.0953,1.09572
57.0968,1.09572
57.0983,1.09572
57.0998,1.09572
57.1013,1.09572
57.1028,1.09572
57.1043,1.09572
57.1058,1.09572
57.1073,1.09572
57.1088,1.09571
57.1103,1.09571
57.1118,1.09572
57.1133,1.09571
57.1148,1.09571
57.1163,1.09571
57.1178,1.09571
57.1193,1.09571
57.1208,1.09571
57.1223,1.09571
57.1238,1.09571
57.1253,1.0957
57.1268,1.0957
57.1283,1.0957
57.1298,1.0957
57.1313,1.0957
57.1328,1.0957
57.1343,1.09569
57.1358,1.09569
57.1373,1.09569
57.1388,1.09569
57.1403,1.09569
57.1418,1.09568
57.1433,1.09568
57.1448,1.09568
57.1463,1.09568
57.1478,1.09567
57.1493,1.09567
57.1508,1.09567
57.1523,1.09567
57.1538,1.09566
57.1553,1.09566
57.1568,1.09566
57.1583,1.09566
57.1598,1.09565
57.1613,1.09565
57.1628,1.09565
57.1643,1.09564
57.1658,1.09564
57.1673,1.09564
57.1688,1.09564
57.1703,1.09563
57.1718,1.09563
57.1733,1.09563
57.1748,1.09563
57.1763,1.09563
57.1778,1.09562
57.1793,1.09562
57.1808,1.09562
57.1823,1.09562
57.1838,1.09562
57.1853,1.09562
57.1868,1.09562
57.1883,1.09562
57.1898,1.09562
57.1913,1.09562
57.1928,1.09562
57.1943,1.09562
57.1958,1.09562
57.1973,1.09562
57.1988,1.09563
57.2003,1.09563
57.2018,1.09563
57.2033,1.09563
57.2048,1.09564
57.2063,1.09564
57.2078,1.09565
57.2093,1.09565
57.2108,1.09566
57.2123,1.09567
57.2138,1.09568
57.2153,1.09568
57.2168,1.09569
57.2183,1.0957
57.2197,1.09571
57.2212,1.09572
57.2227,1.09573
57.2242,1.09574
57.2257,1.09575
57.2272,1.09577
57.2287,1.09578
57.2302,1.09579
57.2317,1.0958
57.2332,1.09582
57.2347,1.09583
57.2362,1.09585
57.2377,1.09586
57.2392,1.09588
57.2407,1.09589
57.2422,1.09591
57.2437,1.09592
57.2452,1.09594
57.2467,1.09596
57.2482,1.09597
57.2497,1.09599
57.2512,1.096
57.2527,1.09602
57.2542,1.09603
57.2557,1.09605
57.2572,1.09606
57.2587,1.09608
57.2602,1.09609
57.2617,1.09611
57.2632,1.09612
57.2647,1.09614
57.2662,1.09615
57.2677,1.09616
57.2692,1.09617
57.2707,1.09618
57.2722,1.0962
57.2737,1.09621
57.2752,1.09622
57.2767,1.09622
57.2782,1.09623
57.2797,1.09624
57.2812,1.09625
57.2827,1.09626
57.2842,1.09626
57.2857,1.09627
57.2872,1.09627
57.2887,1.09628
57.2902,1.09628
57.2917,1.09629
57.2932,1.09629
57.2947,1.09629
57.2962,1.09629
57.2977,1.09629
57.2992,1.09629
57.3007,1.09629
57.3022,1.09629
57.3037,1.09629
57.3052,1.09629
57.3067,1.09628
57.3082,1.09628
57.3097,1.09627
57.3112,1.09627
57.3127,1.09626
57.3142,1.09626
57.3157,1.09625
57.3172,1.09624
57.3187,1.09623
57.3202,1.09623
57.3217,1.09622
57.3232,1.09621
57.3247,1.0962
57.3262,1.09619
57.3277,1.09618
57.3292,1.09617
57.3307,1.09616
57.3322,1.09615
57.3337,1.09614
57.3352,1.09612
57.3367,1.09611
57.3382,1.0961
57.3397,1.09609
57.3412,1.09608
57.3427,1.09606
57.3442,1.09605
57.3457,1.09604
57.3472,1.09603
57.3487,1.09602
57.3502,1.096
57.3517,1.09599
57.3532,1.09598
57.3547,1.09597
57.3562,1.09596
57.3577,1.09594
57.3592,1.09593
57.3607,1.09592
57.3622,1.09591
57.3637,1.0959
57.3652,1.09589
57.3667,1.09588
57.3682,1.09587
57.3697,1.09586
57.3712,1.09585
57.3727,1.09584
57.3742,1.09582
57.3757,1.09582
57.3772,1.09581
57.3787,1.0958
57.3802,1.09579
57.3817,1.09578
57.3832,1.09577
57.3847,1.09576
57.3862,1.09576
57.3877,1.09575
57.3892,1.09574
57.3907,1.09573
57.3922,1.09573
57.3937,1.09572
57.3952,1.09571
57.3967,1.09571
57.3982,1.0957
57.3997,1.0957
57.4011,1.09569
57.4026,1.09569
57.4041,1.09568
57.4056,1.09568
57.4071,1.09567
57.4086,1.09567
57.4101,1.09566
57.4116,1.09566
57.4131,1.09566
57.4146,1.09565
57.4161,1.09565
57.4176,1.09565
57.4191,1.09565
57.4206,1.09564
57.4221,1.09564
57.4236,1.09564
57.4251,1.09564
57.4266,1.09564
57.4281,1.09563
57.4296,1.09563
57.4311,1.09563
57.4326,1.09563
57.4341,1.09563
57.4356,1.09563
57.4371,1.09563
57.4386,1.09563
57.4401,1.09563
57.4416,1.09564
57.4431,1.09564
57.4446,1.09564
57.4461,1.09564
57.4476,1.09564
57.4491,1.09564
57.4506,1.09564
57.4521,1.09564
57.4536,1.09565
57.4551,1.09565
57.4566,1.09565
57.4581,1.09565
57.4596,1.09566
57.4611,1.09566
57.4626,1.09566
57.4641,1.09567
57.4656,1.09567
57.4671,1.09567
57.4686,1.09568
57.4701,1.09568
57.4716,1.09568
57.4731,1.09569
57.4746,1.09569
57.4761,1.09569
57.4776,1.0957
57.4791,1.0957
57.4806,1.09571
57.4821,1.09571
57.4836,1.09571
57.4851,1.09572
57.4866,1.09572
57.4881,1.09572
57.4896,1.09573
57.4911,1.09573
57.4926,1.09573
57.4941,1.09574
57.4956,1.09574
57.4971,1.09574
57.4986,1.09574
57.5001,1.09575
57.5016,1.09575
57.5031,1.09575
57.5046,1.09575
57.5061,1.09575
57.5076,1.09576
57.5091,1.09576
57.5106,1.09576
57.5121,1.09576
57.5136,1.09576
57.5151,1.09576
57.5166,1.09576
57.5181,1.09576
57.5196,1.09576
57.5211,1.09576
57.5226,1.09576
57.5241,1.09576
57.5256,1.09576
57.5271,1.09576
57.5286,1.09576
57.5301,1.09575
57.5316,1.09576
57.5331,1.09575
57.5346,1.09575
57.5361,1.09575
57.5376,1.09575
57.5391,1.09575
57.5406,1.09575
57.5421,1.09575
57.5436,1.09575
57.5451,1.09574
57.5466,1.09574
57.5481,1.09574
57.5496,1.09574
57.5511,1.09574
57.5526,1.09574
57.5541,1.09574
57.5556,1.09574
57.5571,1.09574
57.5586,1.09573
57.5601,1.09573
57.5616,1.09573
57.5631,1.09573
57.5646,1.09573
57.5661,1.09573
57.5676,1.09573
57.5691,1.09573
57.5706,1.09573
57.5721,1.09573
57.5736,1.09573
57.5751,1.09573
57.5766,1.09573
57.5781,1.09573
57.5796,1.09573
57.5811,1.09573
57.5826,1.09573
57.584,1.09573
57.5855,1.09573
57.587,1.09573
57.5885,1.09573
57.59,1.09573
57.5915,1.09573
57.593,1.09573
57.5945,1.09573
57.596,1.09574
57.5975,1.09574
57.599,1.09574
57.6005,1.09574
57.602,1.09574
57.6035,1.09574
57.605,1.09574
57.6065,1.09574
57.608,1.09575
57.6095,1.09575
57.611,1.09575
57.6125,1.09575
57.614,1.09575
57.6155,1.09575
57.617,1.09576
57.6185,1.09576
57.62,1.09576
57.6215,1.09576
57.623,1.09576
57.6245,1.09577
57.626,1.09577
57.6275,1.09577
57.629,1.09577
57.6305,1.09578
57.632,1.09578
57.6335,1.09578
57.635,1.09579
57.6365,1.09579
57.638,1.09579
57.6395,1.09579
57.641,1.09579
57.6425,1.0958
57.644,1.0958
57.6455,1.0958
57.647,1.0958
57.6485,1.09581
57.65,1.09581
57.6515,1.09581
57.653,1.09581
57.6545,1.09582
57.656,1.09582
57.6575,1.09582
57.659,1.09582
57.6605,1.09583
57.662,1.09583
57.6635,1.09583
57.665,1.09583
57.6665,1.09584
57.668,1.09584
57.6695,1.09584
57.671,1.09584
57.6725,1.09585
57.674,1.09585
57.6755,1.09585
57.677,1.09586
57.6785,1.09586
57.68,1.09586
57.6815,1.09586
57.683,1.09587
57.6845,1.09587
57.686,1.09587
57.6875,1.09587
57.689,1.09588
57.6905,1.09588
57.692,1.09588
57.6935,1.09589
57.695,1.09589
57.6965,1.09589
57.698,1.09589
57.6995,1.0959
57.701,1.0959
57.7025,1.0959
57.704,1.0959
57.7055,1.09591
57.707,1.09591
57.7085,1.09591
57.71,1.09591
57.7115,1.09592
57.713,1.09592
57.7145,1.09592
57.716,1.09593
57.7175,1.09593
57.719,1.09593
57.7205,1.09593
57.722,1.09594
57.7235,1.09594
57.725,1.09594
57.7265,1.09594
57.728,1.09595
57.7295,1.09595
57.731,1.09595
57.7325,1.09595
57.734,1.09595
57.7355,1.09596
57.737,1.09596
57.7385,1.09596
57.74,1.09596
57.7415,1.09597
57.743,1.09597
57.7445,1.09597
57.746,1.09597
57.7475,1.09597
57.749,1.09597
57.7505,1.09598
57.752,1.09598
57.7535,1.09598
57.755,1.09598
57.7565,1.09598
57.758,1.09598
57.7595,1.09598
57.761,1.09598
57.7625,1.09599
57.764,1.09599
57.7654,1.09599
57.7669,1.09599
57.7684,1.09599
57.7699,1.09599
57.7714,1.09599
57.7729,1.09599
57.7744,1.09599
57.7759,1.09599
57.7774,1.09599
57.7789,1.09599
57.7804,1.09599
57.7819,1.09599
57.7834,1.09599
57.7849,1.09599
57.7864,1.09599
57.7879,1.09599
57.7894,1.09599
57.7909,1.09599
57.7924,1.09599
57.7939,1.09599
57.7954,1.09599
57.7969,1.09599
57.7984,1.09599
57.7999,1.09599
57.8014,1.09599
57.8029,1.09598
57.8044,1.09598
57.8059,1.09598
57.8074,1.09598
57.8089,1.09598
57.8104,1.09597
57.8119,1.09597
57.8134,1.09597
57.8149,1.09597
57.8164,1.09596
57.8179,1.09596
57.8194,1.09596
57.8209,1.09596
57.8224,1.09595
57.8239,1.09595
57.8254,1.09595
57.8269,1.09594
57.8284,1.09594
57.8299,1.09593
57.8314,1.09593
57.8329,1.09593
57.8344,1.09592
57.8359,1.09592
57.8374,1.09591
57.8389,1.09591
57.8404,1.0959
57.8419,1.09589
57.8434,1.09589
57.8449,1.09588
57.8464,1.09588
57.8479,1.09587
57.8494,1.09586
57.8509,1.09586
57.8524,1.09585
57.8539,1.09585
57.8554,1.09584
57.8569,1.09583
57.8584,1.09582
57.8599,1.09582
57.8614,1.09581
57.8629,1.0958
57.8644,1.09579
57.8659,1.09578
57.8674,1.09578
57.8689,1.09577
57.8704,1.09576
57.8719,1.09575
57.8734,1.09574
57.8749,1.09573
57.8764,1.09572
57.8779,1.09572
57.8794,1.09571
57.8809,1.0957
57.8824,1.09569
57.8839,1.09568
57.8854,1.09567
57.8869,1.09566
57.8884,1.09565
57.8899,1.09564
57.8914,1.09563
57.8929,1.09562
57.8944,1.09561
57.8959,1.0956
57.8974,1.09559
57.8989,1.09558
57.9004,1.09557
57.9019,1.09556
57.9034,1.09555
57.9049,1.09554
57.9064,1.09552
57.9079,1.09552
57.9094,1.0955
57.9109,1.09549
57.9124,1.09548
57.9139,1.09547
57.9154,1.09546
57.9169,1.09545
57.9184,1.09544
57.9199,1.09543
57.9214,1.09542
57.9229,1.09541
57.9244,1.0954
57.9259,1.09539
57.9274,1.09538
57.9289,1.09537
57.9304,1.09536
57.9319,1.09535
57.9334,1.09534
57.9349,1.09533
57.9364,1.09532
57.9379,1.09531
57.9394,1.0953
57.9409,1.09529
57.9424,1.09528
57.9439,1.09527
57.9454,1.09526
57.9468,1.09525
57.9483,1.09524
57.9498,1.09523
57.9513,1.09522
57.9528,1.09522
57.9543,1.09521
57.9558,1.0952
57.9573,1.09519
57.9588,1.09518
57.9603,1.09517
57.9618,1.09516
57.9633,1.09516
57.9648,1.09515
57.9663,1.09514
57.9678,1.09513
57.9693,1.09513
57.9708,1.09512
57.9723,1.09511
57.9738,1.0951
57.9753,1.0951
57.9768,1.09509
57.9783,1.09508
57.9798,1.09508
57.9813,1.09507
57.9828,1.09506
57.9843,1.09506
57.9858,1.09505
57.9873,1.09505
57.9888,1.09504
57.9903,1.09504
57.9918,1.09503
57.9933,1.09503
57.9948,1.09502
57.9963,1.09502
57.9978,1.09501
57.9993,1.09501
58.0008,1.095
58.0023,1.095
58.0038,1.09499
58.0053,1.09499
58.0068,1.09499
58.0083,1.09498
58.0098,1.09498
58.0113,1.09498
58.0128,1.09498
58.0143,1.09497
58.0158,1.09497
58.0173,1.09497
58.0188,1.09497
58.0203,1.09497
58.0218,1.09496
58.0233,1.09496
58.0248,1.09496
58.0263,1.09496
58.0278,1.09496
58.0293,1.09496
58.0308,1.09496
58.0323,1.09496
58.0338,1.09496
58.0353,1.09496
58.0368,1.09496
58.0383,1.09496
58.0398,1.09496
58.0413,1.09496
58.0428,1.09496
58.0443,1.09496
58.0458,1.09496
58.0473,1.09496
58.0488,1.09496
58.0503,1.09496
58.0518,1.09496
58.0533,1.09496
58.0548,1.09497
58.0563,1.09497
58.0578,1.09497
58.0593,1.09497
58.0608,1.09497
58.0623,1.09497
58.0638,1.09498
58.0653,1.09498
58.0668,1.09498
58.0683,1.09498
58.0698,1.09499
58.0713,1.09499
58.0728,1.09499
58.0743,1.095
58.0758,1.095
58.0773,1.095
58.0788,1.09501
58.0803,1.09501
58.0818,1.09501
58.0833,1.09501
58.0848,1.09502
58.0863,1.09502
58.0878,1.09502
58.0893,1.09503
58.0908,1.09503
58.0923,1.09504
58.0938,1.09504
58.0953,1.09504
58.0968,1.09505
58.0983,1.09505
58.0998,1.09506
58.1013,1.09506
58.1028,1.09506
58.1043,1.09507
58.1058,1.09507
58.1073,1.09508
58.1088,1.09508
58.1103,1.09508
58.1118,1.09509
58.1133,1.09509
58.1148,1.0951
58.1163,1.0951
58.1178,1.09511
58.1193,1.09511
58.1208,1.09512
58.1223,1.09512
58.1238,1.09513
58.1253,1.09513
58.1268,1.09514
58.1283,1.09514
58.1297,1.09515
58.1312,1.09515
58.1327,1.09516
58.1342,1.09516
58.1357,1.09517
58.1372,1.09517
58.1387,1.09518
58.1402,1.09518
58.1417,1.09519
58.1432,1.09519
58.1447,1.0952
58.1462,1.0952
58.1477,1.09521
58.1492,1.09521
58.1507,1.09522
58.1522,1.09522
58.1537,1.09523
58.1552,1.09523
58.1567,1.09524
58.1582,1.09524
58.1597,1.09525
58.1612,1.09525
58.1627,1.09526
58.1642,1.09527
58.1657,1.09527
58.1672,1.09528
58.1687,1.09528
58.1702,1.09529
58.1717,1.09529
58.1732,1.0953
58.1747,1.0953
58.1762,1.09531
58.1777,1.09531
58.1792,1.09532
58.1807,1.09532
58.1822,1.09533
58.1837,1.09534
58.1852,1.09534
58.1867,1.09535
58.1882,1.09535
58.1897,1.09536
58.1912,1.09536
58.1927,1.09537
58.1942,1.09537
58.1957,1.09538
58.1972,1.09538
58.1987,1.09539
58.2002,1.0954
58.2017,1.0954
58.2032,1.09541
58.2047,1.09541
58.2062,1.09542
58.2077,1.09542
58.2092,1.09543
58.2107,1.09543
58.2122,1.09544
58.2137,1.09544
58.2152,1.09545
58.2167,1.09545
58.2182,1.09546
58.2197,1.09546
58.2212,1.09547
58.2227,1.09547
58.2242,1.09548
58.2257,1.09548
58.2272,1.09549
58.2287,1.09549
58.2302,1.0955
58.2317,1.0955
58.2332,1.09551
58.2347,1.09551
58.2362,1.09552
58.2377,1.09552
58.2392,1.09553
58.2407,1.09553
58.2422,1.09553
58.2437,1.09554
58.2452,1.09554
58.2467,1.09555
58.2482,1.09555
58.2497,1.09556
58.2512,1.09556
58.2527,1.09556
58.2542,1.09557
58.2557,1.09557
58.2572,1.09557
58.2587,1.09558
58.2602,1.09558
58.2617,1.09558
58.2632,1.09559
58.2647,1.09559
58.2662,1.09559
58.2677,1.0956
58.2692,1.0956
58.2707,1.0956
58.2722,1.09561
58.2737,1.09561
58.2752,1.09561
58.2767,1.09561
58.2782,1.09562
58.2797,1.09562
58.2812,1.09562
58.2827,1.09562
58.2842,1.09562
58.2857,1.09562
58.2872,1.09563
58.2887,1.09563
58.2902,1.09563
58.2917,1.09563
58.2932,1.09563
58.2947,1.09563
58.2962,1.09564
58.2977,1.09564
58.2992,1.09564
58.3007,1.09564
58.3022,1.09564
58.3037,1.09564
58.3052,1.09564
58.3067,1.09564
58.3082,1.09564
58.3097,1.09564
58.3111,1.09564
58.3126,1.09564
58.3141,1.09564
58.3156,1.09564
58.3171,1.09564
58.3186,1.09564
58.3201,1.09564
58.3216,1.09564
58.3231,1.09564
58.3246,1.09564
58.3261,1.09564
58.3276,1.09564
58.3291,1.09564
58.3306,1.09564
58.3321,1.09564
58.3336,1.09563
58.3351,1.09563
58.3366,1.09563
58.3381,1.09563
58.3396,1.09563
58.3411,1.09563
58.3426,1.09562
58.3441,1.09562
58.3456,1.09562
58.3471,1.09562
58.3486,1.09562
58.3501,1.09561
58.3516,1.09561
58.3531,1.09561
58.3546,1.09561
58.3561,1.0956
58.3576,1.0956
58.3591,1.0956
58.3606,1.0956
58.3621,1.09559
58.3636,1.09559
58.3651,1.09559
58.3666,1.09559
58.3681,1.09558
58.3696,1.09558
58.3711,1.09558
58.3726,1.09558
58.3741,1.09557
58.3756,1.09557
58.3771,1.09557
58.3786,1.09556
58.3801,1.09556
58.3816,1.09556
58.3831,1.09555
58.3846,1.09555
58.3861,1.09555
58.3876,1.09555
58.3891,1.09554
58.3906,1.09554
58.3921,1.09554
58.3936,1.09553
58.3951,1.09553
58.3966,1.09553
58.3981,1.09552
58.3996,1.09552
58.4011,1.09552
58.4026,1.09551
58.4041,1.09551
58.4056,1.0955
58.4071,1.0955
58.4086,1.0955
58.4101,1.0955
58.4116,1.09549
58.4131,1.09549
58.4146,1.09549
58.4161,1.09548
58.4176,1.09548
58.4191,1.09548
58.4206,1.09547
58.4221,1.09547
58.4236,1.09547
58.4251,1.09546
58.4266,1.09546
58.4281,1.09546
58.4296,1.09546
58.4311,1.09545
58.4326,1.09545
58.4341,1.09545
58.4356,1.09544
58.4371,1.09544
58.4386,1.09544
58.4401,1.09544
58.4416,1.09543
58.4431,1.09543
58.4446,1.09543
58.4461,1.09543
58.4476,1.09542
58.4491,1.09542
58.4506,1.09542
58.4521,1.09542
58.4536,1.09542
58.4551,1.09542
58.4566,1.09541
58.4581,1.09541
58.4596,1.09541
58.4611,1.09541
58.4626,1.09541
58.4641,1.09541
58.4656,1.09541
58.4671,1.09541
58.4686,1.09541
58.4701,1.09541
58.4716,1.0954
58.4731,1.0954
58.4746,1.0954
58.4761,1.0954
58.4776,1.0954
58.4791,1.0954
58.4806,1.0954
58.4821,1.0954
58.4836,1.0954
58.4851,1.0954
58.4866,1.0954
58.4881,1.0954
58.4896,1.0954
58.4911,1.0954
58.4925,1.0954
58.494,1.09541
58.4955,1.09541
58.497,1.09541
58.4985,1.09541
58.5,1.09541
58.5015,1.09541
58.503,1.09541
58.5045,1.09542
58.506,1.09542
58.5075,1.09542
58.509,1.09542
58.5105,1.09542
58.512,1.09543
58.5135,1.09543
58.515,1.09543
58.5165,1.09543
58.518,1.09543
58.5195,1.09544
58.521,1.09544
58.5225,1.09544
58.524,1.09545
58.5255,1.09545
58.527,1.09545
58.5285,1.09546
58.53,1.09546
58.5315,1.09546
58.533,1.09547
58.5345,1.09547
58.536,1.09547
58.5375,1.09548
58.539,1.09548
58.5405,1.09548
58.542,1.09549
58.5435,1.09549
58.545,1.0955
58.5465,1.0955
58.548,1.0955
58.5495,1.09551
58.551,1.09551
58.5525,1.09552
58.554,1.09552
58.5555,1.09553
58.557,1.09553
58.5585,1.09554
58.56,1.09554
58.5615,1.09554
58.563,1.09555
58.5645,1.09555
58.566,1.09556
58.5675,1.09556
58.569,1.09557
58.5705,1.09557
58.572,1.09558
58.5735,1.09558
58.575,1.09559
58.5765,1.09559
58.578,1.0956
58.5795,1.0956
58.581,1.09561
58.5825,1.09561
58.584,1.09562
58.5855,1.09562
58.587,1.09563
58.5885,1.09563
58.59,1.09563
58.5915,1.09564
58.593,1.09564
58.5945,1.09565
58.596,1.09565
58.5975,1.09566
58.599,1.09566
58.6005,1.09567
58.602,1.09567
58.6035,1.09568
58.605,1.09568
58.6065,1.09569
58.608,1.09569
58.6095,1.0957
58.611,1.0957
58.6125,1.09571
58.614,1.09571
58.6155,1.09572
58.617,1.09572
58.6185,1.09572
58.62,1.09573
58.6215,1.09573
58.623,1.09574
58.6245,1.09574
58.626,1.09575
58.6275,1.09575
58.629,1.09576
58.6305,1.09576
58.632,1.09576
58.6335,1.09577
58.635,1.09577
58.6365,1.09578
58.638,1.09578
58.6395,1.09579
58.641,1.09579
58.6425,1.09579
58.644,1.0958
58.6455,1.0958
58.647,1.09581
58.6485,1.09581
58.65,1.09582
58.6515,1.09582
58.653,1.09582
58.6545,1.09583
58.656,1.09583
58.6575,1.09584
58.659,1.09584
58.6605,1.09584
58.662,1.09585
58.6635,1.09585
58.665,1.09585
58.6665,1.09586
58.668,1.09586
58.6695,1.09586
58.671,1.09587
58.6725,1.09587
58.674,1.09588
58.6754,1.09588
58.6769,1.09588
58.6784,1.09589
58.6799,1.09589
58.6814,1.09589
58.6829,1.0959
58.6844,1.0959
58.6859,1.0959
58.6874,1.09591
58.6889,1.09591
58.6904,1.09591
58.6919,1.09592
58.6934,1.09592
58.6949,1.09592
58.6964,1.09593
58.6979,1.09593
58.6994,1.09593
58.7009,1.09594
58.7024,1.09594
58.7039,1.09594
58.7054,1.09595
58.7069,1.09595
58.7084,1.09595
58.7099,1.09595
58.7114,1.09596
58.7129,1.09596
58.7144,1.09596
58.7159,1.09597
58.7174,1.09597
58.7189,1.09597
58.7204,1.09598
58.7219,1.09598
58.7234,1.09598
58.7249,1.09599
58.7264,1.09599
58.7279,1.09599
58.7294,1.09599
58.7309,1.096
58.7324,1.096
58.7339,1.096
58.7354,1.09601
58.7369,1.09601
58.7384,1.09601
58.7399,1.09601
58.7414,1.09602
58.7429,1.09602
58.7444,1.09602
58.7459,1.09603
58.7474,1.09603
58.7489,1.09603
58.7504,1.09603
58.7519,1.09604
58.7534,1.09604
58.7549,1.09604
58.7564,1.09604
58.7579,1.09605
58.7594,1.09605
58.7609,1.09605
58.7624,1.09605
58.7639,1.09606
58.7654,1.09606
58.7669,1.09606
58.7684,1.09607
58.7699,1.09607
58.7714,1.09607
58.7729,1.09607
58.7744,1.09607
58.7759,1.09608
58.7774,1.09608
58.7789,1.09608
58.7804,1.09608
58.7819,1.09609
58.7834,1.09609
58.7849,1.09609
58.7864,1.09609
58.7879,1.09609
58.7894,1.0961
58.7909,1.0961
58.7924,1.0961
58.7939,1.0961
58.7954,1.0961
58.7969,1.09611
58.7984,1.09611
58.7999,1.09611
58.8014,1.09611
58.8029,1.09611
58.8044,1.09611
58.8059,1.09612
58.8074,1.09612
58.8089,1.09612
58.8104,1.09612
58.8119,1.09612
58.8134,1.09612
58.8149,1.09612
58.8164,1.09613
58.8179,1.09613
58.8194,1.09613
58.8209,1.09613
58.8224,1.09613
58.8239,1.09613
58.8254,1.09613
58.8269,1.09614
58.8284,1.09614
58.8299,1.09614
58.8314,1.09614
58.8329,1.09614
58.8344,1.09614
58.8359,1.09614
58.8374,1.09614
58.8389,1.09614
58.8404,1.09615
58.8419,1.09615
58.8434,1.09615
58.8449,1.09615
58.8464,1.09615
58.8479,1.09616
58.8494,1.09616
58.8509,1.09616
58.8524,1.09616
58.8539,1.09617
58.8554,1.09617
58.8568,1.09617
58.8583,1.09618
58.8598,1.09618
58.8613,1.09619
58.8628,1.09619
58.8643,1.0962
58.8658,1.0962
58.8673,1.09621
58.8688,1.09622
58.8703,1.09622
58.8718,1.09623
58.8733,1.09624
58.8748,1.09625
58.8763,1.09626
58.8778,1.09627
58.8793,1.09628
58.8808,1.09629
58.8823,1.0963
58.8838,1.09631
58.8853,1.09632
58.8868,1.09634
58.8883,1.09635
58.8898,1.09637
58.8913,1.09638
58.8928,1.0964
58.8943,1.09641
58.8958,1.09643
58.8973,1.09645
58.8988,1.09646
58.9003,1.09648
58.9018,1.0965
58.9033,1.09652
58.9048,1.09654
58.9063,1.09656
58.9078,1.09658
58.9093,1.0966
58.9108,1.09662
58.9123,1.09665
58.9138,1.09667
58.9153,1.09669
58.9168,1.09671
58.9183,1.09673
58.9198,1.09676
58.9213,1.09678
58.9228,1.0968
58.9243,1.09682
58.9258,1.09684
58.9273,1.09686
58.9288,1.09689
58.9303,1.09691
58.9318,1.09693
58.9333,1.09695
58.9348,1.09697
58.9363,1.09699
58.9378,1.09701
58.9393,1.09702
58.9408,1.09704
58.9423,1.09706
58.9438,1.09708
58.9453,1.09709
58.9468,1.09711
58.9483,1.09712
58.9498,1.09714
58.9513,1.09715
58.9528,1.09717
58.9543,1.09718
58.9558,1.09719
58.9573,1.0972
58.9588,1.09722
58.9603,1.09723
58.9618,1.09724
58.9633,1.09724
58.9648,1.09725
58.9663,1.09726
58.9678,1.09727
58.9693,1.09728
58.9708,1.09728
58.9723,1.09729
58.9738,1.09729
58.9753,1.0973
58.9768,1.0973
58.9783,1.09731
58.9798,1.09731
58.9813,1.09731
58.9828,1.09731
58.9843,1.09732
58.9858,1.09732
58.9873,1.09732
58.9888,1.09732
58.9903,1.09732
58.9918,1.09732
58.9933,1.09732
58.9948,1.09732
58.9963,1.09732
58.9978,1.09732
58.9993,1.09732
59.0008,1.09732
59.0023,1.09732
59.0038,1.09732
59.0053,1.09732
59.0068,1.09732
59.0083,1.09732
59.0098,1.09732
59.0113,1.09731
59.0128,1.09731
59.0143,1.09731
59.0158,1.09731
59.0173,1.09731
59.0188,1.09731
59.0203,1.0973
59.0218,1.0973
59.0233,1.0973
59.0248,1.0973
59.0263,1.09729
59.0278,1.09729
59.0293,1.09729
59.0308,1.09729
59.0323,1.09728
59.0338,1.09728
59.0353,1.09728
59.0368,1.09727
59.0382,1.09727
59.0397,1.09726
59.0412,1.09726
59.0427,1.09726
59.0442,1.09725
59.0457,1.09725
59.0472,1.09724
59.0487,1.09724
59.0502,1.09723
59.0517,1.09723
59.0532,1.09722
59.0547,1.09722
59.0562,1.09721
59.0577,1.09721
59.0592,1.0972
59.0607,1.09719
59.0622,1.09719
59.0637,1.09718
59.0652,1.09718
59.0667,1.09717
59.0682,1.09716
59.0697,1.09716
59.0712,1.09715
59.0727,1.09714
59.0742,1.09713
59.0757,1.09712
59.0772,1.09712
59.0787,1.09711
59.0802,1.0971
59.0817,1.09709
59.0832,1.09708
59.0847,1.09708
59.0862,1.09707
59.0877,1.09706
59.0892,1.09705
59.0907,1.09704
59.0922,1.09703
59.0937,1.09702
59.0952,1.09701
59.0967,1.097
59.0982,1.09699
59.0997,1.09698
59.1012,1.09698
59.1027,1.09697
59.1042,1.09696
59.1057,1.09695
59.1072,1.09694
59.1087,1.09693
59.1102,1.09692
59.1117,1.0969
59.1132,1.0969
59.1147,1.09689
59.1162,1.09687
59.1177,1.09686
59.1192,1.09685
59.1207,1.09684
59.1222,1.09683
59.1237,1.09682
59.1252,1.09681
59.1267,1.0968
59.1282,1.09679
59.1297,1.09678
59.1312,1.09677
59.1327,1.09676
59.1342,1.09675
59.1357,1.09674
59.1372,1.09673
59.1387,1.09671
59.1402,1.0967
59.1417,1.09669
59.1432,1.09668
59.1447,1.09667
59.1462,1.09666
59.1477,1.09665
59.1492,1.09664
59.1507,1.09663
59.1522,1.09662
59.1537,1.09661
59.1552,1.0966
59.1567,1.09658
59.1582,1.09657
59.1597,1.09656
59.1612,1.09655
59.1627,1.09654
59.1642,1.09653
59.1657,1.09652
59.1672,1.09651
59.1687,1.0965
59.1702,1.09649
59.1717,1.09648
59.1732,1.09647
59.1747,1.09646
59.1762,1.09644
59.1777,1.09643
59.1792,1.09642
59.1807,1.09641
59.1822,1.0964
59.1837,1.09639
59.1852,1.09638
59.1867,1.09637
59.1882,1.09636
59.1897,1.09635
59.1912,1.09634
59.1927,1.09633
59.1942,1.09632
59.1957,1.09631
59.1972,1.0963
59.1987,1.09629
59.2002,1.09628
59.2017,1.09627
59.2032,1.09625
59.2047,1.09625
59.2062,1.09624
59.2077,1.09622
59.2092,1.09622
59.2107,1.09621
59.2122,1.0962
59.2137,1.09619
59.2152,1.09618
59.2167,1.09617
59.2182,1.09616
59.2197,1.09615
59.2211,1.09614
59.2226,1.09613
59.2241,1.09612
59.2256,1.09611
59.2271,1.0961
59.2286,1.09609
59.2301,1.09609
59.2316,1.09608
59.2331,1.09607
59.2346,1.09606
59.2361,1.09605
59.2376,1.09604
59.2391,1.09603
59.2406,1.09603
59.2421,1.09602
59.2436,1.09601
59.2451,1.096
59.2466,1.09599
59.2481,1.09599
59.2496,1.09598
59.2511,1.09597
59.2526,1.09596
59.2541,1.09596
59.2556,1.09595
59.2571,1.09594
59.2586,1.09594
59.2601,1.09593
59.2616,1.09592
59.2631,1.09592
59.2646,1.09591
59.2661,1.0959
59.2676,1.0959
59.2691,1.09589
59.2706,1.09588
59.2721,1.09588
59.2736,1.09587
59.2751,1.09587
59.2766,1.09586
59.2781,1.09585
59.2796,1.09585
59.2811,1.09584
59.2826,1.09584
59.2841,1.09583
59.2856,1.09583
59.2871,1.09582
59.2886,1.09582
59.2901,1.09582
59.2916,1.09581
59.2931,1.09581
59.2946,1.0958
59.2961,1.0958
59.2976,1.09579
59.2991,1.09579
59.3006,1.09579
59.3021,1.09578
59.3036,1.09578
59.3051,1.09577
59.3066,1.09577
59.3081,1.09577
59.3096,1.09576
59.3111,1.09576
59.3126,1.09576
59.3141,1.09575
59.3156,1.09575
59.3171,1.09575
59.3186,1.09575
59.3201,1.09574
59.3216,1.09574
59.3231,1.09574
59.3246,1.09573
59.3261,1.09573
59.3276,1.09573
59.3291,1.09573
59.3306,1.09573
59.3321,1.09572
59.3336,1.09572
59.3351,1.09572
59.3366,1.09572
59.3381,1.09571
59.3396,1.09571
59.3411,1.09571
59.3426,1.09571
59.3441,1.0957
59.3456,1.0957
59.3471,1.0957
59.3486,1.0957
59.3501,1.0957
59.3516,1.09569
59.3531,1.09569
59.3546,1.09569
59.3561,1.09569
59.3576,1.09569
59.3591,1.09568
59.3606,1.09568
59.3621,1.09568
59.3636,1.09568
59.3651,1.09568
59.3666,1.09567
59.3681,1.09567
59.3696,1.09567
59.3711,1.09567
59.3726,1.09567
59.3741,1.09566
59.3756,1.09566
59.3771,1.09566
59.3786,1.09566
59.3801,1.09565
59.3816,1.09565
59.3831,1.09565
59.3846,1.09565
59.3861,1.09564
59.3876,1.09564
59.3891,1.09564
59.3906,1.09563
59.3921,1.09563
59.3936,1.09563
59.3951,1.09562
59.3966,1.09562
59.3981,1.09562
59.3996,1.09561
59.4011,1.09561
59.4025,1.09561
59.404,1.0956
59.4055,1.0956
59.407,1.0956
59.4085,1.09559
59.41,1.09559
59.4115,1.09558
59.413,1.09558
59.4145,1.09558
59.416,1.09557
59.4175,1.09557
59.419,1.09556
59.4205,1.09556
59.422,1.09555
59.4235,1.09555
59.425,1.09554
59.4265,1.09554
59.428,1.09553
59.4295,1.09553
59.431,1.09552
59.4325,1.09551
59.434,1.09551
59.4355,1.0955
59.437,1.09549
59.4385,1.09549
59.44,1.09548
59.4415,1.09548
59.443,1.09547
59.4445,1.09546
59.446,1.09546
59.4475,1.09545
59.449,1.09544
59.4505,1.09544
59.452,1.09543
59.4535,1.09542
59.455,1.09541
59.4565,1.09541
59.458,1.0954
59.4595,1.09539
59.461,1.09538
59.4625,1.09537
59.464,1.09537
59.4655,1.09536
59.467,1.09535
59.4685,1.09534
59.47,1.09533
59.4715,1.09532
59.473,1.09531
59.4745,1.09531
59.476,1.0953
59.4775,1.09529
59.479,1.09528
59.4805,1.09527
59.482,1.09526
59.4835,1.09525
59.485,1.09524
59.4865,1.09523
59.488,1.09522
59.4895,1.09521
59.491,1.0952
59.4925,1.09519
59.494,1.09518
59.4955,1.09517
59.497,1.09516
59.4985,1.09515
59.5,1.09514
59.5015,1.09513
59.503,1.09512
59.5045,1.09511
59.506,1.0951
59.5075,1.09509
59.509,1.09508
59.5105,1.09507
59.512,1.09506
59.5135,1.09505
59.515,1.09504
59.5165,1.09502
59.518,1.09501
59.5195,1.095
59.521,1.09499
59.5225,1.09498
59.524,1.09497
59.5255,1.09496
59.527,1.09495
59.5285,1.09494
59.53,1.09493
59.5315,1.09492
59.533,1.0949
59.5345,1.09489
59.536,1.09488
59.5375,1.09487
59.539,1.09486
59.5405,1.09485
59.542,1.09484
59.5435,1.09483
59.545,1.09482
59.5465,1.09481
59.548,1.0948
59.5495,1.09479
59.551,1.09477
59.5525,1.09476
59.554,1.09475
59.5555,1.09474
59.557,1.09473
59.5585,1.09472
59.56,1.09471
59.5615,1.0947
59.563,1.09469
59.5645,1.09468
59.566,1.09467
59.5675,1.09466
59.569,1.09465
59.5705,1.09464
59.572,1.09463
59.5735,1.09462
59.575,1.09461
59.5765,1.0946
59.578,1.0946
59.5795,1.09459
59.581,1.09458
59.5825,1.09457
59.584,1.09456
59.5854,1.09455
59.5869,1.09454
59.5884,1.09453
59.5899,1.09452
59.5914,1.09452
59.5929,1.09451
59.5944,1.0945
59.5959,1.09449
59.5974,1.09448
59.5989,1.09447
59.6004,1.09447
59.6019,1.09446
59.6034,1.09445
59.6049,1.09444
59.6064,1.09444
59.6079,1.09443
59.6094,1.09442
59.6109,1.09442
59.6124,1.09441
59.6139,1.0944
59.6154,1.09439
59.6169,1.09439
59.6184,1.09438
59.6199,1.09438
59.6214,1.09437
59.6229,1.09436
59.6244,1.09436
59.6259,1.09435
59.6274,1.09435
59.6289,1.09434
59.6304,1.09434
59.6319,1.09433
59.6334,1.09433
59.6349,1.09432
59.6364,1.09432
59.6379,1.09431
59.6394,1.09431
59.6409,1.09431
59.6424,1.0943
59.6439,1.0943
59.6454,1.0943
59.6469,1.09429
59.6484,1.09429
59.6499,1.09429
59.6514,1.09428
59.6529,1.09428
59.6544,1.09428
59.6559,1.09428
59.6574,1.09428
59.6589,1.09427
59.6604,1.09427
59.6619,1.09427
59.6634,1.09427
59.6649,1.09427
59.6664,1.09427
59.6679,1.09427
59.6694,1.09427
59.6709,1.09427
59.6724,1.09427
59.6739,1.09427
59.6754,1.09427
59.6769,1.09427
59.6784,1.09428
59.6799,1.09428
59.6814,1.09428
59.6829,1.09428
59.6844,1.09428
59.6859,1.09429
59.6874,1.09429
59.6889,1.09429
59.6904,1.0943
59.6919,1.0943
59.6934,1.09431
59.6949,1.09431
59.6964,1.09431
59.6979,1.09432
59.6994,1.09433
59.7009,1.09433
59.7024,1.09434
59.7039,1.09434
59.7054,1.09435
59.7069,1.09436
59.7084,1.09436
59.7099,1.09437
59.7114,1.09438
59.7129,1.09438
59.7144,1.09439
59.7159,1.0944
59.7174,1.09441
59.7189,1.09442
59.7204,1.09443
59.7219,1.09444
59.7234,1.09445
59.7249,1.09446
59.7264,1.09446
59.7279,1.09448
59.7294,1.09449
59.7309,1.0945
59.7324,1.09451
59.7339,1.09452
59.7354,1.09453
59.7369,1.09454
59.7384,1.09456
59.7399,1.09457
59.7414,1.09458
59.7429,1.09459
59.7444,1.09461
59.7459,1.09462
59.7474,1.09463
59.7489,1.09465
59.7504,1.09466
59.7519,1.09468
59.7534,1.09469
59.7549,1.09471
59.7564,1.09472
59.7579,1.09474
59.7594,1.09475
59.7609,1.09477
59.7624,1.09478
59.7639,1.0948
59.7654,1.09481
59.7668,1.09483
59.7683,1.09484
59.7698,1.09486
59.7713,1.09488
59.7728,1.09489
59.7743,1.09491
59.7758,1.09492
59.7773,1.09494
59.7788,1.09496
59.7803,1.09497
59.7818,1.09499
59.7833,1.09501
59.7848,1.09502
59.7863,1.09504
59.7878,1.09506
59.7893,1.09507
59.7908,1.09509
59.7923,1.0951
59.7938,1.09512
59.7953,1.09514
59.7968,1.09515
59.7983,1.09517
59.7998,1.09518
59.8013,1.0952
59.8028,1.09521
59.8043,1.09523
59.8058,1.09524
59.8073,1.09526
59.8088,1.09527
59.8103,1.09529
59.8118,1.0953
59.8133,1.09532
59.8148,1.09533
59.8163,1.09535
59.8178,1.09536
59.8193,1.09537
59.8208,1.09539
59.8223,1.0954
59.8238,1.09542
59.8253,1.09543
59.8268,1.09544
59.8283,1.09546
59.8298,1.09547
59.8313,1.09548
59.8328,1.0955
59.8343,1.09551
59.8358,1.09552
59.8373,1.09553
59.8388,1.09555
59.8403,1.09556
59.8418,1.09557
59.8433,1.09558
59.8448,1.0956
59.8463,1.09561
59.8478,1.09562
59.8493,1.09563
59.8508,1.09565
59.8523,1.09566
59.8538,1.09567
59.8553,1.09568
59.8568,1.09569
59.8583,1.0957
59.8598,1.09572
59.8613,1.09573
59.8628,1.09574
59.8643,1.09575
59.8658,1.09576
59.8673,1.09577
59.8688,1.09578
59.8703,1.09579
59.8718,1.09581
59.8733,1.09582
59.8748,1.09583
59.8763,1.09584
59.8778,1.09585
59.8793,1.09586
59.8808,1.09587
59.8823,1.09588
59.8838,1.09589
59.8853,1.0959
59.8868,1.09591
59.8883,1.09592
59.8898,1.09593
59.8913,1.09594
59.8928,1.09595
59.8943,1.09596
59.8958,1.09597
59.8973,1.09598
59.8988,1.09599
59.9003,1.096
59.9018,1.09601
59.9033,1.09601
59.9048,1.09602
59.9063,1.09603
59.9078,1.09604
59.9093,1.09605
59.9108,1.09606
59.9123,1.09607
59.9138,1.09608
59.9153,1.09609
59.9168,1.09609
59.9183,1.0961
59.9198,1.09611
59.9213,1.09612
59.9228,1.09613
59.9243,1.09613
59.9258,1.09614
59.9273,1.09615
59.9288,1.09616
59.9303,1.09617
59.9318,1.09617
59.9333,1.09618
59.9348,1.09619
59.9363,1.09619
59.9378,1.0962
59.9393,1.09621
59.9408,1.09622
59.9423,1.09622
59.9438,1.09623
59.9453,1.09624
59.9468,1.09624
59.9482,1.09625
59.9497,1.09626
59.9512,1.09626
59.9527,1.09627
59.9542,1.09628
59.9557,1.09628
59.9572,1.09629
59.9587,1.09629
59.9602,1.0963
59.9617,1.0963
59.9632,1.09631
59.9647,1.09632
59.9662,1.09632
59.9677,1.09633
59.9692,1.09633
59.9707,1.09634
59.9722,1.09634
59.9737,1.09635
59.9752,1.09635
59.9767,1.09636
59.9782,1.09636
59.9797,1.09637
59.9812,1.09638
59.9827,1.09638
59.9842,1.09639
59.9857,1.09639
59.9872,1.09639
59.9887,1.0964
59.9902,1.0964
59.9917,1.09641
59.9932,1.09641
59.9947,1.09642
59.9962,1.09642
59.9977,1.09643
59.9992,1.09643
60.0007,1.09644
60.0022,1.09644
60.0037,1.09645
60.0052,1.09645
60.0067,1.09645
60.0082,1.09646
60.0097,1.09646
60.0112,1.09647
60.0127,1.09647
60.0142,1.09648
60.0157,1.09648
60.0172,1.09648
60.0187,1.09649
60.0202,1.09649
60.0217,1.0965
60.0232,1.0965
60.0247,1.0965
60.0262,1.09651
60.0277,1.09651
60.0292,1.09652
60.0307,1.09652
60.0322,1.09652
60.0337,1.09653
60.0352,1.09653
60.0367,1.09653
60.0382,1.09654
60.0397,1.09654
60.0412,1.09655
60.0427,1.09655
60.0442,1.09655
60.0457,1.09656
60.0472,1.09656
60.0487,1.09656
60.0502,1.09657
60.0517,1.09657
60.0532,1.09657
60.0547,1.09658
60.0562,1.09658
60.0577,1.09658
60.0592,1.09659
60.0607,1.09659
60.0622,1.09659
60.0637,1.0966
60.0652,1.0966
60.0667,1.0966
60.0682,1.09661
60.0697,1.09661
60.0712,1.09661
60.0727,1.09662
60.0742,1.09662
60.0757,1.09662
60.0772,1.09662
60.0787,1.09663
60.0802,1.09663
60.0817,1.09663
60.0832,1.09664
60.0847,1.09664
60.0862,1.09664
60.0877,1.09664
60.0892,1.09665
60.0907,1.09665
60.0922,1.09665
60.0937,1.09666
60.0952,1.09666
60.0967,1.09666
60.0982,1.09666
60.0997,1.09666
60.1012,1.09667
60.1027,1.09667
60.1042,1.09667
60.1057,1.09667
60.1072,1.09668
60.1087,1.09668
60.1102,1.09668
60.1117,1.09668
60.1132,1.09668
60.1147,1.09669
60.1162,1.09669
60.1177,1.09669
60.1192,1.09669
60.1207,1.0967
60.1222,1.0967
60.1237,1.0967
60.1252,1.0967
60.1267,1.09671
60.1282,1.09671
60.1297,1.09671
60.1311,1.09671
60.1326,1.09671
60.1341,1.09672
60.1356,1.09672
60.1371,1.09672
60.1386,1.09672
60.1401,1.09672
60.1416,1.09673
60.1431,1.09673
60.1446,1.09673
60.1461,1.09673
60.1476,1.09674
60.1491,1.09674
60.1506,1.09674
60.1521,1.09674
60.1536,1.09674
60.1551,1.09675
60.1566,1.09675
60.1581,1.09675
60.1596,1.09675
60.1611,1.09675
60.1626,1.09676
60.1641,1.09676
60.1656,1.09676
60.1671,1.09676
60.1686,1.09677
60.1701,1.09677
60.1716,1.09677
60.1731,1.09677
60.1746,1.09677
60.1761,1.09678
60.1776,1.09678
60.1791,1.09678
60.1806,1.09678
60.1821,1.09678
60.1836,1.09679
60.1851,1.09679
60.1866,1.09679
60.1881,1.09679
60.1896,1.09679
60.1911,1.0968
60.1926,1.0968
60.1941,1.0968
60.1956,1.0968
60.1971,1.09681
60.1986,1.09681
60.2001,1.09681
60.2016,1.09681
60.2031,1.09681
60.2046,1.09682
60.2061,1.09682
60.2076,1.09682
60.2091,1.09682
60.2106,1.09683
60.2121,1.09683
60.2136,1.09683
60.2151,1.09683
60.2166,1.09683
60.2181,1.09683
60.2196,1.09684
60.2211,1.09684
60.2226,1.09684
60.2241,1.09684
60.2256,1.09684
60.2271,1.09685
60.2286,1.09685
60.2301,1.09685
60.2316,1.09685
60.2331,1.09685
60.2346,1.09685
60.2361,1.09686
60.2376,1.09686
60.2391,1.09686
60.2406,1.09686
60.2421,1.09686
60.2436,1.09686
60.2451,1.09686
60.2466,1.09686
60.2481,1.09686
60.2496,1.09687
60.2511,1.09687
60.2526,1.09687
60.2541,1.09687
60.2556,1.09687
60.2571,1.09687
60.2586,1.09687
60.2601,1.09687
60.2616,1.09687
60.2631,1.09687
60.2646,1.09687
60.2661,1.09687
60.2676,1.09687
60.2691,1.09687
60.2706,1.09687
60.2721,1.09687
60.2736,1.09687
60.2751,1.09687
60.2766,1.09687
60.2781,1.09687
60.2796,1.09687
60.2811,1.09687
60.2826,1.09687
60.2841,1.09687
60.2856,1.09687
60.2871,1.09687
60.2886,1.09687
60.2901,1.09687
60.2916,1.09687
60.2931,1.09687
60.2946,1.09687
60.2961,1.09687
60.2976,1.09687
60.2991,1.09687
60.3006,1.09687
60.3021,1.09687
60.3036,1.09687
60.3051,1.09687
60.3066,1.09687
60.3081,1.09687
60.3096,1.09688
60.3111,1.09688
60.3125,1.09688
60.314,1.09688
60.3155,1.09688
60.317,1.09688
60.3185,1.09689
60.32,1.09689
60.3215,1.09689
60.323,1.09689
60.3245,1.0969
60.326,1.0969
60.3275,1.09691
60.329,1.09691
60.3305,1.09692
60.332,1.09692
60.3335,1.09693
60.335,1.09693
60.3365,1.09694
60.338,1.09695
60.3395,1.09695
60.341,1.09696
60.3425,1.09697
60.344,1.09697
60.3455,1.09698
60.347,1.09699
60.3485,1.097
60.35,1.09701
60.3515,1.09702
60.353,1.09703
60.3545,1.09704
60.356,1.09705
60.3575,1.09706
60.359,1.09707
60.3605,1.09708
60.362,1.09709
60.3635,1.0971
60.365,1.09711
60.3665,1.09712
60.368,1.09714
60.3695,1.09715
60.371,1.09716
60.3725,1.09717
60.374,1.09719
60.3755,1.0972
60.377,1.09721
60.3785,1.09722
60.38,1.09723
60.3815,1.09724
60.383,1.09726
60.3845,1.09727
60.386,1.09728
60.3875,1.09729
60.389,1.0973
60.3905,1.09731
60.392,1.09732
60.3935,1.09733
60.395,1.09734
60.3965,1.09735
60.398,1.09736
60.3995,1.09737
60.401,1.09737
60.4025,1.09738
60.404,1.09739
60.4055,1.09739
60.407,1.0974
60.4085,1.09741
60.41,1.09741
60.4115,1.09742
60.413,1.09742
60.4145,1.09742
60.416,1.09743
60.4175,1.09743
60.419,1.09743
60.4205,1.09744
60.422,1.09744
60.4235,1.09744
60.425,1.09744
60.4265,1.09744
60.428,1.09744
60.4295,1.09744
60.431,1.09744
60.4325,1.09744
60.434,1.09744
60.4355,1.09744
60.437,1.09744
60.4385,1.09744
60.44,1.09744
60.4415,1.09744
60.443,1.09744
60.4445,1.09743
60.446,1.09743
60.4475,1.09743
60.449,1.09743
60.4505,1.09742
60.452,1.09742
60.4535,1.09742
60.455,1.09741
60.4565,1.09741
60.458,1.0974
60.4595,1.0974
60.461,1.0974
60.4625,1.09739
60.464,1.09739
60.4655,1.09738
60.467,1.09738
60.4685,1.09737
60.47,1.09737
60.4715,1.09736
60.473,1.09736
60.4745,1.09735
60.476,1.09734
60.4775,1.09734
60.479,1.09733
60.4805,1.09733
60.482,1.09732
60.4835,1.09731
60.485,1.09731
60.4865,1.0973
60.488,1.0973
60.4895,1.09729
60.491,1.09728
60.4925,1.09727
60.4939,1.09727
60.4954,1.09726
60.4969,1.09725
60.4984,1.09725
60.4999,1.09724
60.5014,1.09724
60.5029,1.09723
60.5044,1.09722
60.5059,1.09721
60.5074,1.09721
60.5089,1.0972
60.5104,1.0972
60.5119,1.09719
60.5134,1.09718
60.5149,1.09718
60.5164,1.09717
60.5179,1.09716
60.5194,1.09716
60.5209,1.09715
60.5224,1.09715
60.5239,1.09714
60.5254,1.09714
60.5269,1.09713
60.5284,1.09712
60.5299,1.09712
60.5314,1.09711
60.5329,1.09711
60.5344,1.0971
60.5359,1.0971
60.5374,1.09709
60.5389,1.09709
60.5404,1.09708
60.5419,1.09708
60.5434,1.09707
60.5449,1.09707
60.5464,1.09706
60.5479,1.09706
60.5494,1.09705
60.5509,1.09705
60.5524,1.09704
60.5539,1.09704
60.5554,1.09703
60.5569,1.09703
60.5584,1.09703
60.5599,1.09702
60.5614,1.09702
60.5629,1.09701
60.5644,1.09701
60.5659,1.097
60.5674,1.097
60.5689,1.097
60.5704,1.09699
60.5719,1.09699
60.5734,1.09698
60.5749,1.09698
60.5764,1.09698
60.5779,1.09697
60.5794,1.09697
60.5809,1.09696
60.5824,1.09696
60.5839,1.09695
60.5854,1.09695
60.5869,1.09694
60.5884,1.09694
60.5899,1.09694
60.5914,1.09693
60.5929,1.09693
60.5944,1.09692
60.5959,1.09691
60.5974,1.09691
60.5989,1.0969
60.6004,1.0969
60.6019,1.09689
60.6034,1.09689
60.6049,1.09688
60.6064,1.09687
60.6079,1.09687
60.6094,1.09686
60.6109,1.09686
60.6124,1.09685
60.6139,1.09684
60.6154,1.09683
60.6169,1.09683
60.6184,1.09682
60.6199,1.09681
60.6214,1.0968
60.6229,1.0968
60.6244,1.09679
60.6259,1.09678
60.6274,1.09677
60.6289,1.09676
60.6304,1.09675
60.6319,1.09674
60.6334,1.09674
60.6349,1.09673
60.6364,1.09672
60.6379,1.09671
60.6394,1.0967
60.6409,1.09669
60.6424,1.09668
60.6439,1.09667
60.6454,1.09666
60.6469,1.09665
60.6484,1.09664
60.6499,1.09663
60.6514,1.09662
60.6529,1.09661
60.6544,1.0966
60.6559,1.09659
60.6574,1.09658
60.6589,1.09657
60.6604,1.09656
60.6619,1.09655
60.6634,1.09653
60.6649,1.09652
60.6664,1.09651
60.6679,1.0965
60.6694,1.09649
60.6709,1.09648
60.6724,1.09647
60.6739,1.09646
60.6754,1.09645
60.6768,1.09644
60.6783,1.09643
60.6798,1.09642
60.6813,1.09641
60.6828,1.0964
60.6843,1.09639
60.6858,1.09638
60.6873,1.09637
60.6888,1.09636
60.6903,1.09635
60.6918,1.09634
60.6933,1.09633
60.6948,1.09632
60.6963,1.09631
60.6978,1.0963
60.6993,1.09629
60.7008,1.09628
60.7023,1.09627
60.7038,1.09626
60.7053,1.09625
60.7068,1.09624
60.7083,1.09623
60.7098,1.09622
60.7113,1.09621
60.7128,1.0962
60.7143,1.09619
60.7158,1.09618
60.7173,1.09617
60.7188,1.09617
60.7203,1.09616
60.7218,1.09615
60.7233,1.09614
60.7248,1.09613
60.7263,1.09612
60.7278,1.09612
60.7293,1.09611
60.7308,1.0961
60.7323,1.09609
60.7338,1.09608
60.7353,1.09608
60.7368,1.09607
60.7383,1.09606
60.7398,1.09605
60.7413,1.09605
60.7428,1.09604
60.7443,1.09603
60.7458,1.09602
60.7473,1.09602
60.7488,1.09601
60.7503,1.096
60.7518,1.096
60.7533,1.09599
60.7548,1.09598
60.7563,1.09598
60.7578,1.09597
60.7593,1.09597
60.7608,1.09596
60.7623,1.09595
60.7638,1.09595
60.7653,1.09594
60.7668,1.09594
60.7683,1.09593
60.7698,1.09592
60.7713,1.09592
60.7728,1.09591
60.7743,1.09591
60.7758,1.0959
60.7773,1.0959
60.7788,1.09589
60.7803,1.09589
60.7818,1.09588
60.7833,1.09588
60.7848,1.09587
60.7863,1.09587
60.7878,1.09586
60.7893,1.09586
60.7908,1.09585
60.7923,1.09585
60.7938,1.09585
60.7953,1.09584
60.7968,1.09584
60.7983,1.09583
60.7998,1.09583
60.8013,1.09583
60.8028,1.09582
60.8043,1.09582
60.8058,1.09581
60.8073,1.09581
60.8088,1.09581
60.8103,1.0958
60.8118,1.0958
60.8133,1.09579
60.8148,1.09579
60.8163,1.09579
60.8178,1.09578
60.8193,1.09578
60.8208,1.09577
60.8223,1.09577
60.8238,1.09577
60.8253,1.09576
60.8268,1.09576
60.8283,1.09576
60.8298,1.09575
60.8313,1.09575
60.8328,1.09575
60.8343,1.09574
60.8358,1.09574
60.8373,1.09574
60.8388,1.09573
60.8403,1.09573
60.8418,1.09573
60.8433,1.09572
60.8448,1.09572
60.8463,1.09572
60.8478,1.09571
60.8493,1.09571
60.8508,1.09571
60.8523,1.0957
60.8538,1.0957
60.8553,1.0957
60.8568,1.09569
60.8582,1.09569
60.8597,1.09568
60.8612,1.09568
60.8627,1.09568
60.8642,1.09568
60.8657,1.09567
60.8672,1.09567
60.8687,1.09566
60.8702,1.09566
60.8717,1.09566
60.8732,1.09566
60.8747,1.09565
60.8762,1.09565
60.8777,1.09565
60.8792,1.09564
60.8807,1.09564
60.8822,1.09564
60.8837,1.09563
60.8852,1.09563
60.8867,1.09563
60.8882,1.09562
60.8897,1.09562
60.8912,1.09562
60.8927,1.09562
60.8942,1.09561
60.8957,1.09561
60.8972,1.09561
60.8987,1.0956
60.9002,1.0956
60.9017,1.0956
60.9032,1.09559
60.9047,1.09559
60.9062,1.09559
60.9077,1.09559
60.9092,1.09558
60.9107,1.09558
60.9122,1.09558
60.9137,1.09557
60.9152,1.09557
60.9167,1.09557
60.9182,1.09557
60.9197,1.09556
60.9212,1.09556
60.9227,1.09556
60.9242,1.09556
60.9257,1.09555
60.9272,1.09555
60.9287,1.09555
60.9302,1.09555
60.9317,1.09554
60.9332,1.09554
60.9347,1.09554
60.9362,1.09554
60.9377,1.09553
60.9392,1.09553
60.9407,1.09553
60.9422,1.09553
60.9437,1.09552
60.9452,1.09552
60.9467,1.09552
60.9482,1.09552
60.9497,1.09551
60.9512,1.09551
60.9527,1.09551
60.9542,1.09551
60.9557,1.09551
60.9572,1.0955
60.9587,1.0955
60.9602,1.0955
60.9617,1.0955
60.9632,1.09549
60.9647,1.09549
60.9662,1.09549
60.9677,1.09549
60.9692,1.09549
60.9707,1.09548
60.9722,1.09548
60.9737,1.09548
60.9752,1.09548
60.9767,1.09547
60.9782,1.09547
60.9797,1.09547
60.9812,1.09547
60.9827,1.09546
60.9842,1.09546
60.9857,1.09546
60.9872,1.09546
60.9887,1.09546
60.9902,1.09545
60.9917,1.09545
60.9932,1.09545
60.9947,1.09545
60.9962,1.09544
60.9977,1.09544
60.9992,1.09544
61.0007,1.09544
61.0022,1.09543
61.0037,1.09543
61.0052,1.09543
61.0067,1.09542
61.0082,1.09542
61.0097,1.09542
61.0112,1.09542
61.0127,1.09541
61.0142,1.09541
61.0157,1.09541
61.0172,1.09541
61.0187,1.0954
61.0202,1.0954
61.0217,1.0954
61.0232,1.0954
61.0247,1.09539
61.0262,1.09539
61.0277,1.09539
61.0292,1.09538
61.0307,1.09538
61.0322,1.09538
61.0337,1.09538
61.0352,1.09537
61.0367,1.09537
61.0382,1.09537
61.0396,1.09536
61.0411,1.09536
61.0426,1.09536
61.0441,1.09536
61.0456,1.09535
61.0471,1.09535
61.0486,1.09535
61.0501,1.09535
61.0516,1.09534
61.0531,1.09534
61.0546,1.09534
61.0561,1.09533
61.0576,1.09533
61.0591,1.09533
61.0606,1.09533
61.0621,1.09532
61.0636,1.09532
61.0651,1.09532
61.0666,1.09531
61.0681,1.09531
61.0696,1.09531
61.0711,1.09531
61.0726,1.0953
61.0741,1.0953
61.0756,1.0953
61.0771,1.09529
61.0786,1.09529
61.0801,1.09529
61.0816,1.09529
61.0831,1.09528
61.0846,1.09528
61.0861,1.09528
61.0876,1.09527
61.0891,1.09527
61.0906,1.09527
61.0921,1.09526
61.0936,1.09526
61.0951,1.09526
61.0966,1.09525
61.0981,1.09525
61.0996,1.09525
61.1011,1.09524
61.1026,1.09524
61.1041,1.09524
61.1056,1.09524
61.1071,1.09523
61.1086,1.09523
61.1101,1.09522
61.1116,1.09522
61.1131,1.09522
61.1146,1.09521
61.1161,1.09521
61.1176,1.09521
61.1191,1.0952
61.1206,1.0952
61.1221,1.0952
61.1236,1.09519
61.1251,1.09519
61.1266,1.09518
61.1281,1.09518
61.1296,1.09518
61.1311,1.09518
61.1326,1.09517
61.1341,1.09517
61.1356,1.09516
61.1371,1.09516
61.1386,1.09516
61.1401,1.09515
61.1416,1.09515
61.1431,1.09514
61.1446,1.09514
61.1461,1.09514
61.1476,1.09513
61.1491,1.09513
61.1506,1.09512
61.1521,1.09512
61.1536,1.09512
61.1551,1.09511
61.1566,1.09511
61.1581,1.0951
61.1596,1.0951
61.1611,1.0951
61.1626,1.09509
61.1641,1.09509
61.1656,1.09509
61.1671,1.09508
61.1686,1.09508
61.1701,1.09507
61.1716,1.09507
61.1731,1.09507
61.1746,1.09506
61.1761,1.09506
61.1776,1.09505
61.1791,1.09505
61.1806,1.09505
61.1821,1.09504
61.1836,1.09504
61.1851,1.09503
61.1866,1.09503
61.1881,1.09503
61.1896,1.09502
61.1911,1.09502
61.1926,1.09502
61.1941,1.09501
61.1956,1.09501
61.1971,1.09501
61.1986,1.095
61.2001,1.095
61.2016,1.09499
61.2031,1.09499
61.2046,1.09499
61.2061,1.09498
61.2076,1.09498
61.2091,1.09498
61.2106,1.09497
61.2121,1.09497
61.2136,1.09497
61.2151,1.09496
61.2166,1.09496
61.2181,1.09496
61.2196,1.09495
61.2211,1.09495
61.2225,1.09495
61.224,1.09494
61.2255,1.09494
61.227,1.09494
61.2285,1.09493
61.23,1.09493
61.2315,1.09493
61.233,1.09493
61.2345,1.09492
61.236,1.09492
61.2375,1.09492
61.239,1.09491
61.2405,1.09491
61.242,1.09491
61.2435,1.09491
61.245,1.09491
61.2465,1.0949
61.248,1.0949
61.2495,1.0949
61.251,1.0949
61.2525,1.09489
61.254,1.09489
61.2555,1.09489
61.257,1.09489
61.2585,1.09489
61.26,1.09489
61.2615,1.09489
61.263,1.09488
61.2645,1.09488
61.266,1.09488
61.2675,1.09488
61.269,1.09488
61.2705,1.09488
61.272,1.09487
61.2735,1.09487
61.275,1.09487
61.2765,1.09487
61.278,1.09487
61.2795,1.09487
61.281,1.09487
61.2825,1.09487
61.284,1.09487
61.2855,1.09487
61.287,1.09487
61.2885,1.09487
61.29,1.09487
61.2915,1.09487
61.293,1.09487
61.2945,1.09487
61.296,1.09487
61.2975,1.09487
61.299,1.09487
61.3005,1.09487
61.302,1.09487
61.3035,1.09487
61.305,1.09487
61.3065,1.09487
61.308,1.09487
61.3095,1.09488
61.311,1.09488
61.3125,1.09488
61.314,1.09488
61.3155,1.09488
61.317,1.09488
61.3185,1.09489
61.32,1.09489
61.3215,1.09489
61.323,1.09489
61.3245,1.09489
61.326,1.0949
61.3275,1.0949
61.329,1.0949
61.3305,1.0949
61.332,1.09491
61.3335,1.09491
61.335,1.09491
61.3365,1.09491
61.338,1.09492
61.3395,1.09492
61.341,1.09492
61.3425,1.09493
61.344,1.09493
61.3455,1.09494
61.347,1.09494
61.3485,1.09494
61.35,1.09495
61.3515,1.09495
61.353,1.09496
61.3545,1.09496
61.356,1.09497
61.3575,1.09497
61.359,1.09498
61.3605,1.09498
61.362,1.09499
61.3635,1.09499
61.365,1.095
61.3665,1.095
61.368,1.09501
61.3695,1.09501
61.371,1.09502
61.3725,1.09503
61.374,1.09503
61.3755,1.09504
61.377,1.09504
61.3785,1.09505
61.38,1.09506
61.3815,1.09506
61.383,1.09507
61.3845,1.09508
61.386,1.09509
61.3875,1.09509
61.389,1.0951
61.3905,1.09511
61.392,1.09511
61.3935,1.09512
61.395,1.09513
61.3965,1.09514
61.398,1.09514
61.3995,1.09515
61.401,1.09516
61.4025,1.09517
61.4039,1.09517
61.4054,1.09518
61.4069,1.09519
61.4084,1.0952
61.4099,1.09521
61.4114,1.09522
61.4129,1.09522
61.4144,1.09523
61.4159,1.09524
61.4174,1.09525
61.4189,1.09526
61.4204,1.09527
61.4219,1.09528
61.4234,1.09528
61.4249,1.09529
61.4264,1.0953
61.4279,1.09531
61.4294,1.09532
61.4309,1.09533
61.4324,1.09534
61.4339,1.09535
61.4354,1.09536
61.4369,1.09536
61.4384,1.09538
61.4399,1.09538
61.4414,1.09539
61.4429,1.0954
61.4444,1.09541
61.4459,1.09542
61.4474,1.09543
61.4489,1.09544
61.4504,1.09545
61.4519,1.09546
61.4534,1.09547
61.4549,1.09548
61.4564,1.09549
61.4579,1.0955
61.4594,1.09551
61.4609,1.09552
61.4624,1.09553
61.4639,1.09554
61.4654,1.09555
61.4669,1.09556
61.4684,1.09557
61.4699,1.09557
61.4714,1.09558
61.4729,1.0956
61.4744,1.0956
61.4759,1.09561
61.4774,1.09562
61.4789,1.09563
61.4804,1.09564
61.4819,1.09565
61.4834,1.09566
61.4849,1.09567
61.4864,1.09568
61.4879,1.09569
61.4894,1.0957
61.4909,1.09571
61.4924,1.09572
61.4939,1.09573
61.4954,1.09574
61.4969,1.09575
61.4984,1.09576
61.4999,1.09577
61.5014,1.09577
61.5029,1.09578
61.5044,1.09579
61.5059,1.0958
61.5074,1.09581
61.5089,1.09582
61.5104,1.09583
61.5119,1.09584
61.5134,1.09585
61.5149,1.09586
61.5164,1.09586
61.5179,1.09587
61.5194,1.09588
61.5209,1.09589
61.5224,1.0959
61.5239,1.0959
61.5254,1.09591
61.5269,1.09592
61.5284,1.09593
61.5299,1.09594
61.5314,1.09594
61.5329,1.09595
61.5344,1.09596
61.5359,1.09597
61.5374,1.09597
61.5389,1.09598
61.5404,1.09599
61.5419,1.09599
61.5434,1.096
61.5449,1.09601
61.5464,1.09602
61.5479,1.09602
61.5494,1.09603
61.5509,1.09603
61.5524,1.09604
61.5539,1.09605
61.5554,1.09605
61.5569,1.09606
61.5584,1.09606
61.5599,1.09607
61.5614,1.09607
61.5629,1.09608
61.5644,1.09608
61.5659,1.09609
61.5674,1.09609
61.5689,1.09609
61.5704,1.0961
61.5719,1.0961
61.5734,1.09611
61.5749,1.09611
61.5764,1.09612
61.5779,1.09612
61.5794,1.09612
61.5809,1.09613
61.5824,1.09613
61.5839,1.09613
61.5854,1.09614
61.5868,1.09614
61.5883,1.09614
61.5898,1.09614
61.5913,1.09615
61.5928,1.09615
61.5943,1.09615
61.5958,1.09615
61.5973,1.09616
61.5988,1.09616
61.6003,1.09616
61.6018,1.09616
61.6033,1.09616
61.6048,1.09617
61.6063,1.09617
61.6078,1.09617
61.6093,1.09617
61.6108,1.09617
61.6123,1.09617
61.6138,1.09618
61.6153,1.09618
61.6168,1.09618
61.6183,1.09618
61.6198,1.09618
61.6213,1.09618
61.6228,1.09618
61.6243,1.09618
61.6258,1.09618
61.6273,1.09618
61.6288,1.09618
61.6303,1.09618
61.6318,1.09618
61.6333,1.09619
61.6348,1.09619
61.6363,1.09619
61.6378,1.09619
61.6393,1.09619
61.6408,1.09619
61.6423,1.09619
61.6438,1.09619
61.6453,1.09619
61.6468,1.09619
61.6483,1.09619
61.6498,1.09619
61.6513,1.09619
61.6528,1.09619
61.6543,1.09619
61.6558,1.09619
61.6573,1.09619
61.6588,1.09619
61.6603,1.09619
61.6618,1.09619
61.6633,1.09619
61.6648,1.09619
61.6663,1.09619
61.6678,1.09618
61.6693,1.09619
61.6708,1.09619
61.6723,1.09618
61.6738,1.09619
61.6753,1.09619
61.6768,1.09618
61.6783,1.09618
61.6798,1.09619
61.6813,1.09619
61.6828,1.09619
61.6843,1.09619
61.6858,1.09619
61.6873,1.09619
61.6888,1.09618
61.6903,1.09619
61.6918,1.09619
61.6933,1.09619
61.6948,1.09619
61.6963,1.09619
61.6978,1.09619
61.6993,1.09619
61.7008,1.09619
61.7023,1.09619
61.7038,1.09619
61.7053,1.09619
61.7068,1.09619
61.7083,1.09619
61.7098,1.09619
61.7113,1.09619
61.7128,1.09619
61.7143,1.0962
61.7158,1.0962
61.7173,1.0962
61.7188,1.0962
61.7203,1.0962
61.7218,1.0962
61.7233,1.0962
61.7248,1.09621
61.7263,1.09621
61.7278,1.09621
61.7293,1.09621
61.7308,1.09621
61.7323,1.09621
61.7338,1.09621
61.7353,1.09622
61.7368,1.09622
61.7383,1.09622
61.7398,1.09622
61.7413,1.09623
61.7428,1.09623
61.7443,1.09623
61.7458,1.09623
61.7473,1.09624
61.7488,1.09624
61.7503,1.09624
61.7518,1.09625
61.7533,1.09625
61.7548,1.09625
61.7563,1.09626
61.7578,1.09626
61.7593,1.09626
61.7608,1.09627
61.7623,1.09627
61.7638,1.09628
61.7653,1.09628
61.7668,1.09628
61.7682,1.09629
61.7697,1.09629
61.7712,1.0963
61.7727,1.0963
61.7742,1.09631
61.7757,1.09631
61.7772,1.09631
61.7787,1.09632
61.7802,1.09632
61.7817,1.09633
61.7832,1.09633
61.7847,1.09634
61.7862,1.09634
61.7877,1.09635
61.7892,1.09636
61.7907,1.09636
61.7922,1.09637
61.7937,1.09637
61.7952,1.09638
61.7967,1.09639
61.7982,1.09639
61.7997,1.0964
61.8012,1.09641
61.8027,1.09642
61.8042,1.09643
61.8057,1.09643
61.8072,1.09644
61.8087,1.09645
61.8102,1.09646
61.8117,1.09647
61.8132,1.09648
61.8147,1.09649
61.8162,1.0965
61.8177,1.09651
61.8192,1.09652
61.8207,1.09653
61.8222,1.09654
61.8237,1.09655
61.8252,1.09657
61.8267,1.09658
61.8282,1.09659
61.8297,1.0966
61.8312,1.09662
61.8327,1.09663
61.8342,1.09665
61.8357,1.09666
61.8372,1.09668
61.8387,1.09669
61.8402,1.09671
61.8417,1.09673
61.8432,1.09674
61.8447,1.09676
61.8462,1.09678
61.8477,1.0968
61.8492,1.09682
61.8507,1.09684
61.8522,1.09686
61.8537,1.09688
61.8552,1.0969
61.8567,1.09692
61.8582,1.09694
61.8597,1.09697
61.8612,1.09699
61.8627,1.09702
61.8642,1.09704
61.8657,1.09706
61.8672,1.09709
61.8687,1.09712
61.8702,1.09714
61.8717,1.09717
61.8732,1.0972
61.8747,1.09722
61.8762,1.09725
61.8777,1.09728
61.8792,1.09731
61.8807,1.09734
61.8822,1.09737
61.8837,1.0974
61.8852,1.09743
61.8867,1.09746
61.8882,1.09749
61.8897,1.09752
61.8912,1.09755
61.8927,1.09758
61.8942,1.09761
61.8957,1.09764
61.8972,1.09767
61.8987,1.0977
61.9002,1.09773
61.9017,1.09776
61.9032,1.09779
61.9047,1.09782
61.9062,1.09785
61.9077,1.09788
61.9092,1.09791
61.9107,1.09794
61.9122,1.09796
61.9137,1.09799
61.9152,1.09802
61.9167,1.09805
61.9182,1.09807
61.9197,1.0981
61.9212,1.09812
61.9227,1.09815
61.9242,1.09817
61.9257,1.0982
61.9272,1.09822
61.9287,1.09824
61.9302,1.09826
61.9317,1.09828
61.9332,1.0983
61.9347,1.09832
61.9362,1.09834
61.9377,1.09836
61.9392,1.09838
61.9407,1.09839
61.9422,1.09841
61.9437,1.09842
61.9452,1.09844
61.9467,1.09845
61.9482,1.09846
61.9496,1.09847
61.9511,1.09848
61.9526,1.09849
61.9541,1.0985
61.9556,1.09851
61.9571,1.09852
61.9586,1.09853
61.9601,1.09853
61.9616,1.09854
61.9631,1.09854
61.9646,1.09855
61.9661,1.09855
61.9676,1.09856
61.9691,1.09856
61.9706,1.09856
61.9721,1.09856
61.9736,1.09857
61.9751,1.09857
61.9766,1.09857
61.9781,1.09857
61.9796,1.09857
61.9811,1.09857
61.9826,1.09857
61.9841,1.09857
61.9856,1.09857
61.9871,1.09857
61.9886,1.09856
61.9901,1.09856
61.9916,1.09856
61.9931,1.09856
61.9946,1.09856
61.9961,1.09856
61.9976,1.09855
61.9991,1.09855
62.0006,1.09855
62.0021,1.09855
62.0036,1.09854
62.0051,1.09854
62.0066,1.09854
62.0081,1.09853
62.0096,1.09853
62.0111,1.09853
62.0126,1.09852
62.0141,1.09852
62.0156,1.09852
62.0171,1.09851
62.0186,1.09851
62.0201,1.09851
62.0216,1.0985
62.0231,1.0985
62.0246,1.0985
62.0261,1.09849
62.0276,1.09849
62.0291,1.09849
62.0306,1.09848
62.0321,1.09848
62.0336,1.09848
62.0351,1.09847
62.0366,1.09847
62.0381,1.09847
62.0396,1.09846
62.0411,1.09846
62.0426,1.09846
62.0441,1.09845
62.0456,1.09845
62.0471,1.09845
62.0486,1.09844
62.0501,1.09844
62.0516,1.09844
62.0531,1.09843
62.0546,1.09843
62.0561,1.09843
62.0576,1.09843
62.0591,1.09842
62.0606,1.09842
62.0621,1.09842
62.0636,1.09842
62.0651,1.09841
62.0666,1.09841
62.0681,1.09841
62.0696,1.09841
62.0711,1.0984
62.0726,1.0984
62.0741,1.0984
62.0756,1.0984
62.0771,1.0984
62.0786,1.09839
62.0801,1.09839
62.0816,1.09839
62.0831,1.09839
62.0846,1.09839
62.0861,1.09839
62.0876,1.09838
62.0891,1.09838
62.0906,1.09838
62.0921,1.09838
62.0936,1.09838
62.0951,1.09838
62.0966,1.09838
62.0981,1.09838
62.0996,1.09838
62.1011,1.09837
62.1026,1.09837
62.1041,1.09837
62.1056,1.09837
62.1071,1.09837
62.1086,1.09837
62.1101,1.09837
62.1116,1.09837
62.1131,1.09837
62.1146,1.09837
62.1161,1.09837
62.1176,1.09837
62.1191,1.09837
62.1206,1.09837
62.1221,1.09837
62.1236,1.09837
62.1251,1.09837
62.1266,1.09837
62.1281,1.09837
62.1296,1.09837
62.1311,1.09837
62.1325,1.09837
62.134,1.09837
62.1355,1.09837
62.137,1.09837
62.1385,1.09838
62.14,1.09838
62.1415,1.09838
62.143,1.09838
62.1445,1.09838
62.146,1.09838
62.1475,1.09838
62.149,1.09838
62.1505,1.09838
62.152,1.09838
62.1535,1.09838
62.155,1.09839
62.1565,1.09839
62.158,1.09839
62.1595,1.09839
62.161,1.09839
62.1625,1.09839
62.164,1.09839
62.1655,1.09839
62.167,1.0984
62.1685,1.0984
62.17,1.0984
62.1715,1.0984
62.173,1.0984
62.1745,1.0984
62.176,1.09841
62.1775,1.09841
62.179,1.09841
62.1805,1.09841
62.182,1.09841
62.1835,1.09841
62.185,1.09842
62.1865,1.09842
62.188,1.09842
62.1895,1.09842
62.191,1.09842
62.1925,1.09842
62.194,1.09842
62.1955,1.09843
62.197,1.09843
62.1985,1.09843
62.2,1.09843
62.2015,1.09843
62.203,1.09843
62.2045,1.09843
62.206,1.09843
62.2075,1.09843
62.209,1.09843
62.2105,1.09844
62.212,1.09844
62.2135,1.09844
62.215,1.09844
62.2165,1.09844
62.218,1.09844
62.2195,1.09844
62.221,1.09844
62.2225,1.09844
62.224,1.09844
62.2255,1.09844
62.227,1.09844
62.2285,1.09844
62.23,1.09844
62.2315,1.09844
62.233,1.09844
62.2345,1.09844
62.236,1.09844
62.2375,1.09844
62.239,1.09843
62.2405,1.09843
62.242,1.09843
62.2435,1.09843
62.245,1.09843
62.2465,1.09843
62.248,1.09843
62.2495,1.09843
62.251,1.09843
62.2525,1.09843
62.254,1.09843
62.2555,1.09843
62.257,1.09842
62.2585,1.09842
62.26,1.09842
62.2615,1.09842
62.263,1.09842
62.2645,1.09842
62.266,1.09842
62.2675,1.09842
62.269,1.09841
62.2705,1.09841
62.272,1.09841
62.2735,1.09841
62.275,1.09841
62.2765,1.09841
62.278,1.0984
62.2795,1.0984
62.281,1.0984
62.2825,1.0984
62.284,1.0984
62.2855,1.0984
62.287,1.09839
62.2885,1.09839
62.29,1.09839
62.2915,1.09839
62.293,1.09839
62.2945,1.09839
62.296,1.09838
62.2975,1.09838
62.299,1.09838
62.3005,1.09838
62.302,1.09838
62.3035,1.09837
62.305,1.09837
62.3065,1.09837
62.308,1.09837
62.3095,1.09836
62.311,1.09836
62.3125,1.09836
62.3139,1.09835
62.3154,1.09835
62.3169,1.09835
62.3184,1.09835
62.3199,1.09834
62.3214,1.09834
62.3229,1.09834
62.3244,1.09833
62.3259,1.09833
62.3274,1.09833
62.3289,1.09833
62.3304,1.09832
62.3319,1.09832
62.3334,1.09831
62.3349,1.09831
62.3364,1.09831
62.3379,1.0983
62.3394,1.0983
62.3409,1.0983
62.3424,1.09829
62.3439,1.09829
62.3454,1.09828
62.3469,1.09828
62.3484,1.09827
62.3499,1.09827
62.3514,1.09826
62.3529,1.09826
62.3544,1.09825
62.3559,1.09825
62.3574,1.09824
62.3589,1.09824
62.3604,1.09823
62.3619,1.09823
62.3634,1.09822
62.3649,1.09821
62.3664,1.09821
62.3679,1.0982
62.3694,1.0982
62.3709,1.09819
62.3724,1.09818
62.3739,1.09818
62.3754,1.09817
62.3769,1.09816
62.3784,1.09815
62.3799,1.09815
62.3814,1.09814
62.3829,1.09813
62.3844,1.09812
62.3859,1.09811
62.3874,1.09811
62.3889,1.0981
62.3904,1.09809
62.3919,1.09808
62.3934,1.09807
62.3949,1.09806
62.3964,1.09805
62.3979,1.09805
62.3994,1.09804
62.4009,1.09803
62.4024,1.09802
62.4039,1.09801
62.4054,1.098
62.4069,1.09799
62.4084,1.09798
62.4099,1.09797
62.4114,1.09795
62.4129,1.09795
62.4144,1.09793
62.4159,1.09792
62.4174,1.09791
62.4189,1.0979
62.4204,1.09789
62.4219,1.09788
62.4234,1.09787
62.4249,1.09786
62.4264,1.09784
62.4279,1.09783
62.4294,1.09782
62.4309,1.09781
62.4324,1.0978
62.4339,1.09778
62.4354,1.09777
62.4369,1.09776
62.4384,1.09774
62.4399,1.09773
62.4414,1.09772
62.4429,1.0977
62.4444,1.09769
62.4459,1.09768
62.4474,1.09766
62.4489,1.09765
62.4504,1.09764
62.4519,1.09762
62.4534,1.09761
62.4549,1.0976
62.4564,1.09758
62.4579,1.09757
62.4594,1.09755
62.4609,1.09754
62.4624,1.09752
62.4639,1.09751
62.4654,1.09749
62.4669,1.09748
62.4684,1.09747
62.4699,1.09745
62.4714,1.09744
62.4729,1.09742
62.4744,1.09741
62.4759,1.09739
62.4774,1.09738
62.4789,1.09736
62.4804,1.09735
62.4819,1.09733
62.4834,1.09732
62.4849,1.0973
62.4864,1.09729
62.4879,1.09727
62.4894,1.09726
62.4909,1.09724
62.4924,1.09723
62.4939,1.09721
62.4953,1.0972
62.4968,1.09718
62.4983,1.09716
62.4998,1.09715
62.5013,1.09713
62.5028,1.09712
62.5043,1.0971
62.5058,1.09709
62.5073,1.09707
62.5088,1.09706
62.5103,1.09704
62.5118,1.09703
62.5133,1.09701
62.5148,1.097
62.5163,1.09698
62.5178,1.09697
62.5193,1.09695
62.5208,1.09694
62.5223,1.09692
62.5238,1.0969
62.5253,1.09689
62.5268,1.09687
62.5283,1.09686
62.5298,1.09684
62.5313,1.09683
62.5328,1.09681
62.5343,1.0968
62.5358,1.09678
62.5373,1.09677
62.5388,1.09675
62.5403,1.09674
62.5418,1.09672
62.5433,1.09671
62.5448,1.09669
62.5463,1.09668
62.5478,1.09666
62.5493,1.09665
62.5508,1.09663
62.5523,1.09662
62.5538,1.0966
62.5553,1.09659
62.5568,1.09657
62.5583,1.09656
62.5598,1.09655
62.5613,1.09653
62.5628,1.09652
62.5643,1.0965
62.5658,1.09649
62.5673,1.09647
62.5688,1.09646
62.5703,1.09645
62.5718,1.09643
62.5733,1.09642
62.5748,1.0964
62.5763,1.09639
62.5778,1.09638
62.5793,1.09636
62.5808,1.09635
62.5823,1.09634
62.5838,1.09632
62.5853,1.09631
62.5868,1.09629
62.5883,1.09628
62.5898,1.09627
62.5913,1.09626
62.5928,1.09624
62.5943,1.09623
62.5958,1.09622
62.5973,1.0962
62.5988,1.09619
62.6003,1.09618
62.6018,1.09616
62.6033,1.09615
62.6048,1.09614
62.6063,1.09612
62.6078,1.09611
62.6093,1.0961
62.6108,1.09609
62.6123,1.09607
62.6138,1.09606
62.6153,1.09605
62.6168,1.09604
62.6183,1.09602
62.6198,1.09601
62.6213,1.096
62.6228,1.09599
62.6243,1.09597
62.6258,1.09596
62.6273,1.09595
62.6288,1.09594
62.6303,1.09592
62.6318,1.09591
62.6333,1.0959
62.6348,1.09589
62.6363,1.09588
62.6378,1.09586
62.6393,1.09585
62.6408,1.09584
62.6423,1.09583
62.6438,1.09581
62.6453,1.0958
62.6468,1.09579
62.6483,1.09578
62.6498,1.09576
62.6513,1.09575
62.6528,1.09574
62.6543,1.09573
62.6558,1.09572
62.6573,1.0957
62.6588,1.09569
62.6603,1.09568
62.6618,1.09567
62.6633,1.09565
62.6648,1.09564
62.6663,1.09563
62.6678,1.09562
62.6693,1.09561
62.6708,1.09559
62.6723,1.09558
62.6738,1.09557
62.6753,1.09556
62.6768,1.09554
62.6782,1.09553
62.6797,1.09552
62.6812,1.09551
62.6827,1.09549
62.6842,1.09548
62.6857,1.09547
62.6872,1.09546
62.6887,1.09544
62.6902,1.09543
62.6917,1.09542
62.6932,1.09541
62.6947,1.09539
62.6962,1.09538
62.6977,1.09537
62.6992,1.09536
62.7007,1.09534
62.7022,1.09533
62.7037,1.09532
62.7052,1.09531
62.7067,1.09529
62.7082,1.09528
62.7097,1.09527
62.7112,1.09526
62.7127,1.09524
62.7142,1.09523
62.7157,1.09522
62.7172,1.09521
62.7187,1.09519
62.7202,1.09518
62.7217,1.09517
62.7232,1.09516
62.7247,1.09514
62.7262,1.09513
62.7277,1.09512
62.7292,1.09511
62.7307,1.0951
62.7322,1.09508
62.7337,1.09507
62.7352,1.09506
62.7367,1.09505
62.7382,1.09504
62.7397,1.09502
62.7412,1.09501
62.7427,1.095
62.7442,1.09499
62.7457,1.09498
62.7472,1.09496
62.7487,1.09495
62.7502,1.09494
62.7517,1.09493
62.7532,1.09492
62.7547,1.09491
62.7562,1.0949
62.7577,1.09488
62.7592,1.09487
62.7607,1.09486
62.7622,1.09485
62.7637,1.09484
62.7652,1.09483
62.7667,1.09482
62.7682,1.09481
62.7697,1.0948
62.7712,1.09479
62.7727,1.09478
62.7742,1.09477
62.7757,1.09476
62.7772,1.09475
62.7787,1.09474
62.7802,1.09473
62.7817,1.09472
62.7832,1.09471
62.7847,1.0947
62.7862,1.09469
62.7877,1.09468
62.7892,1.09467
62.7907,1.09466
62.7922,1.09465
62.7937,1.09464
62.7952,1.09463
62.7967,1.09462
62.7982,1.09461
62.7997,1.0946
62.8012,1.0946
62.8027,1.09459
62.8042,1.09458
62.8057,1.09457
62.8072,1.09456
62.8087,1.09456
62.8102,1.09455
62.8117,1.09454
62.8132,1.09453
62.8147,1.09453
62.8162,1.09452
62.8177,1.09451
62.8192,1.0945
62.8207,1.0945
62.8222,1.09449
62.8237,1.09448
62.8252,1.09448
62.8267,1.09447
62.8282,1.09447
62.8297,1.09446
62.8312,1.09445
62.8327,1.09445
62.8342,1.09444
62.8357,1.09443
62.8372,1.09443
62.8387,1.09442
62.8402,1.09442
62.8417,1.09441
62.8432,1.09441
62.8447,1.0944
62.8462,1.0944
62.8477,1.09439
62.8492,1.09439
62.8507,1.09438
62.8522,1.09438
62.8537,1.09438
62.8552,1.09437
62.8567,1.09437
62.8582,1.09436
62.8596,1.09436
62.8611,1.09436
62.8626,1.09435
62.8641,1.09435
62.8656,1.09435
62.8671,1.09434
62.8686,1.09434
62.8701,1.09434
62.8716,1.09433
62.8731,1.09433
62.8746,1.09433
62.8761,1.09433
62.8776,1.09432
62.8791,1.09432
62.8806,1.09432
62.8821,1.09432
62.8836,1.09431
62.8851,1.09431
62.8866,1.09431
62.8881,1.09431
62.8896,1.09431
62.8911,1.0943
62.8926,1.0943
62.8941,1.0943
62.8956,1.0943
62.8971,1.0943
62.8986,1.0943
62.9001,1.0943
62.9016,1.09429
62.9031,1.09429
62.9046,1.09429
62.9061,1.09429
62.9076,1.09429
62.9091,1.09429
62.9106,1.09429
62.9121,1.09429
62.9136,1.09429
62.9151,1.09429
62.9166,1.09429
62.9181,1.09429
62.9196,1.09429
62.9211,1.09429
62.9226,1.09429
62.9241,1.09429
62.9256,1.09429
62.9271,1.09429
62.9286,1.09429
62.9301,1.09429
62.9316,1.09429
62.9331,1.09429
62.9346,1.09429
62.9361,1.09429
62.9376,1.09429
62.9391,1.09429
62.9406,1.09429
62.9421,1.09429
62.9436,1.09429
62.9451,1.0943
62.9466,1.0943
62.9481,1.0943
62.9496,1.0943
62.9511,1.0943
62.9526,1.0943
62.9541,1.0943
62.9556,1.09431
62.9571,1.09431
62.9586,1.09431
62.9601,1.09431
62.9616,1.09431
62.9631,1.09432
62.9646,1.09432
62.9661,1.09432
62.9676,1.09432
62.9691,1.09432
62.9706,1.09433
62.9721,1.09433
62.9736,1.09433
62.9751,1.09433
62.9766,1.09434
62.9781,1.09434
62.9796,1.09434
62.9811,1.09435
62.9826,1.09435
62.9841,1.09435
62.9856,1.09435
62.9871,1.09436
62.9886,1.09436
62.9901,1.09436
62.9916,1.09437
62.9931,1.09437
62.9946,1.09437
62.9961,1.09438
62.9976,1.09438
62.9991,1.09439
63.0006,1.09439
63.0021,1.09439
63.0036,1.0944
63.0051,1.0944
63.0066,1.09441
63.0081,1.09441
63.0096,1.09441
63.0111,1.09442
63.0126,1.09442
63.0141,1.09443
63.0156,1.09443
63.0171,1.09444
63.0186,1.09444
63.0201,1.09445
63.0216,1.09445
63.0231,1.09446
63.0246,1.09446
63.0261,1.09447
63.0276,1.09447
63.0291,1.09448
63.0306,1.09448
63.0321,1.09449
63.0336,1.09449
63.0351,1.0945
63.0366,1.09451
63.0381,1.09451
63.0396,1.09452
63.041,1.09452
63.0425,1.09453
63.044,1.09453
63.0455,1.09454
63.047,1.09454
63.0485,1.09455
63.05,1.09456
63.0515,1.09456
63.053,1.09457
63.0545,1.09458
63.056,1.09458
63.0575,1.09459
63.059,1.09459
63.0605,1.0946
63.062,1.09461
63.0635,1.09461
63.065,1.09462
63.0665,1.09463
63.068,1.09463
63.0695,1.09464
63.071,1.09465
63.0725,1.09465
63.074,1.09466
63.0755,1.09467
63.077,1.09467
63.0785,1.09468
63.08,1.09469
63.0815,1.09469
63.083,1.0947
63.0845,1.09471
63.086,1.09471
63.0875,1.09472
63.089,1.09473
63.0905,1.09473
63.092,1.09474
63.0935,1.09475
63.095,1.09476
63.0965,1.09476
63.098,1.09477
63.0995,1.09478
63.101,1.09478
63.1025,1.09479
63.104,1.0948
63.1055,1.09481
63.107,1.09481
63.1085,1.09482
63.11,1.09483
63.1115,1.09484
63.113,1.09484
63.1145,1.09485
63.116,1.09486
63.1175,1.09487
63.119,1.09488
63.1205,1.09488
63.122,1.09489
63.1235,1.0949
63.125,1.09491
63.1265,1.09492
63.128,1.09493
63.1295,1.09494
63.131,1.09494
63.1325,1.09495
63.134,1.09496
63.1355,1.09497
63.137,1.09498
63.1385,1.09499
63.14,1.09499
63.1415,1.095
63.143,1.09501
63.1445,1.09502
63.146,1.09503
63.1475,1.09504
63.149,1.09505
63.1505,1.09506
63.152,1.09507
63.1535,1.09508
63.155,1.09509
63.1565,1.0951
63.158,1.09511
63.1595,1.09512
63.161,1.09512
63.1625,1.09513
63.164,1.09514
63.1655,1.09516
63.167,1.09517
63.1685,1.09518
63.17,1.09519
63.1715,1.0952
63.173,1.09521
63.1745,1.09522
63.176,1.09523
63.1775,1.09524
63.179,1.09526
63.1805,1.09527
63.182,1.09528
63.1835,1.09529
63.185,1.09531
63.1865,1.09532
63.188,1.09534
63.1895,1.09535
63.191,1.09537
63.1925,1.09538
63.194,1.0954
63.1955,1.09541
63.197,1.09543
63.1985,1.09545
63.2,1.09546
63.2015,1.09548
63.203,1.0955
63.2045,1.09552
63.206,1.09554
63.2075,1.09556
63.209,1.09557
63.2105,1.0956
63.212,1.09562
63.2135,1.09564
63.215,1.09566
63.2165,1.09568
63.218,1.0957
63.2195,1.09573
63.221,1.09575
63.2225,1.09578
63.2239,1.0958
63.2254,1.09583
63.2269,1.09585
63.2284,1.09588
63.2299,1.09591
63.2314,1.09594
63.2329,1.09597
63.2344,1.09599
63.2359,1.09603
63.2374,1.09606
63.2389,1.09609
63.2404,1.09612
63.2419,1.09615
63.2434,1.09618
63.2449,1.09621
63.2464,1.09625
63.2479,1.09628
63.2494,1.09631
63.2509,1.09635
63.2524,1.09638
63.2539,1.09641
63.2554,1.09645
63.2569,1.09648
63.2584,1.09652
63.2599,1.09655
63.2614,1.09659
63.2629,1.09662
63.2644,1.09666
63.2659,1.09669
63.2674,1.09673
63.2689,1.09676
63.2704,1.0968
63.2719,1.09683
63.2734,1.09687
63.2749,1.0969
63.2764,1.09694
63.2779,1.09697
63.2794,1.09701
63.2809,1.09704
63.2824,1.09708
63.2839,1.09711
63.2854,1.09714
63.2869,1.09718
63.2884,1.09721
63.2899,1.09724
63.2914,1.09727
63.2929,1.0973
63.2944,1.09733
63.2959,1.09736
63.2974,1.09739
63.2989,1.09742
63.3004,1.09745
63.3019,1.09748
63.3034,1.09751
63.3049,1.09753
63.3064,1.09756
63.3079,1.09759
63.3094,1.09761
63.3109,1.09763
63.3124,1.09766
63.3139,1.09768
63.3154,1.0977
63.3169,1.09772
63.3184,1.09775
63.3199,1.09777
63.3214,1.09779
63.3229,1.09781
63.3244,1.09783
63.3259,1.09784
63.3274,1.09786
63.3289,1.09788
63.3304,1.0979
63.3319,1.09791
63.3334,1.09793
63.3349,1.09794
63.3364,1.09796
63.3379,1.09798
63.3394,1.09799
63.3409,1.098
63.3424,1.09802
63.3439,1.09803
63.3454,1.09805
63.3469,1.09806
63.3484,1.09807
63.3499,1.09809
63.3514,1.0981
63.3529,1.09812
63.3544,1.09813
63.3559,1.09814
63.3574,1.09816
63.3589,1.09817
63.3604,1.09818
63.3619,1.0982
63.3634,1.09821
63.3649,1.09822
63.3664,1.09824
63.3679,1.09825
63.3694,1.09826
63.3709,1.09828
63.3724,1.09829
63.3739,1.0983
63.3754,1.09831
63.3769,1.09833
63.3784,1.09834
63.3799,1.09835
63.3814,1.09836
63.3829,1.09838
63.3844,1.09839
63.3859,1.0984
63.3874,1.09842
63.3889,1.09843
63.3904,1.09844
63.3919,1.09845
63.3934,1.09847
63.3949,1.09848
63.3964,1.09849
63.3979,1.0985
63.3994,1.09852
63.4009,1.09853
63.4024,1.09854
63.4039,1.09855
63.4053,1.09856
63.4068,1.09857
63.4083,1.09859
63.4098,1.0986
63.4113,1.09861
63.4128,1.09862
63.4143,1.09863
63.4158,1.09864
63.4173,1.09865
63.4188,1.09866
63.4203,1.09868
63.4218,1.09869
63.4233,1.0987
63.4248,1.09871
63.4263,1.09872
63.4278,1.09873
63.4293,1.09874
63.4308,1.09875
63.4323,1.09875
63.4338,1.09877
63.4353,1.09877
63.4368,1.09878
63.4383,1.09879
63.4398,1.0988
63.4413,1.09881
63.4428,1.09882
63.4443,1.09883
63.4458,1.09883
63.4473,1.09884
63.4488,1.09885
63.4503,1.09886
63.4518,1.09886
63.4533,1.09887
63.4548,1.09888
63.4563,1.09889
63.4578,1.09889
63.4593,1.0989
63.4608,1.09891
63.4623,1.09891
63.4638,1.09892
63.4653,1.09893
63.4668,1.09893
63.4683,1.09894
63.4698,1.09894
63.4713,1.09895
63.4728,1.09895
63.4743,1.09896
63.4758,1.09896
63.4773,1.09897
63.4788,1.09897
63.4803,1.09898
63.4818,1.09898
63.4833,1.09899
63.4848,1.09899
63.4863,1.09899
63.4878,1.099
63.4893,1.099
63.4908,1.099
63.4923,1.09901
63.4938,1.09901
63.4953,1.09901
63.4968,1.09902
63.4983,1.09902
63.4998,1.09902
63.5013,1.09903
63.5028,1.09903
63.5043,1.09903
63.5058,1.09903
63.5073,1.09904
63.5088,1.09904
63.5103,1.09904
63.5118,1.09904
63.5133,1.09904
63.5148,1.09904
63.5163,1.09904
63.5178,1.09905
63.5193,1.09905
63.5208,1.09905
63.5223,1.09905
63.5238,1.09905
63.5253,1.09905
63.5268,1.09905
63.5283,1.09905
63.5298,1.09905
63.5313,1.09905
63.5328,1.09905
63.5343,1.09905
63.5358,1.09905
63.5373,1.09905
63.5388,1.09905
63.5403,1.09905
63.5418,1.09905
63.5433,1.09905
63.5448,1.09905
63.5463,1.09905
63.5478,1.09905
63.5493,1.09905
63.5508,1.09905
63.5523,1.09904
63.5538,1.09904
63.5553,1.09904
63.5568,1.09904
63.5583,1.09904
63.5598,1.09904
63.5613,1.09904
63.5628,1.09904
63.5643,1.09903
63.5658,1.09903
63.5673,1.09903
63.5688,1.09903
63.5703,1.09903
63.5718,1.09903
63.5733,1.09902
63.5748,1.09902
63.5763,1.09902
63.5778,1.09902
63.5793,1.09902
63.5808,1.09901
63.5823,1.09901
63.5838,1.09901
63.5853,1.09901
63.5868,1.09901
63.5882,1.099
63.5897,1.099
63.5912,1.099
63.5927,1.099
63.5942,1.09899
63.5957,1.09899
63.5972,1.09899
63.5987,1.09899
63.6002,1.09898
63.6017,1.09898
63.6032,1.09898
63.6047,1.09898
63.6062,1.09897
63.6077,1.09897
63.6092,1.09897
63.6107,1.09897
63.6122,1.09897
63.6137,1.09896
63.6152,1.09896
63.6167,1.09896
63.6182,1.09895
63.6197,1.09895
63.6212,1.09895
63.6227,1.09895
63.6242,1.09894
63.6257,1.09894
63.6272,1.09894
63.6287,1.09893
63.6302,1.09893
63.6317,1.09893
63.6332,1.09893
63.6347,1.09892
63.6362,1.09892
63.6377,1.09892
63.6392,1.09891
63.6407,1.09891
63.6422,1.09891
63.6437,1.09891
63.6452,1.0989
63.6467,1.0989
63.6482,1.0989
63.6497,1.0989
63.6512,1.09889
63.6527,1.09889
63.6542,1.09889
63.6557,1.09888
63.6572,1.09888
63.6587,1.09888
63.6602,1.09888
63.6617,1.09887
63.6632,1.09887
63.6647,1.09887
63.6662,1.09886
63.6677,1.09886
63.6692,1.09886
63.6707,1.09886
63.6722,1.09885
63.6737,1.09885
63.6752,1.09885
63.6767,1.09885
63.6782,1.09884
63.6797,1.09884
63.6812,1.09884
63.6827,1.09883
63.6842,1.09883
63.6857,1.09883
63.6872,1.09883
63.6887,1.09882
63.6902,1.09882
63.6917,1.09882
63.6932,1.09881
63.6947,1.09881
63.6962,1.09881
63.6977,1.0988
63.6992,1.0988
63.7007,1.0988
63.7022,1.09879
63.7037,1.09879
63.7052,1.09879
63.7067,1.09879
63.7082,1.09878
63.7097,1.09878
63.7112,1.09878
63.7127,1.09877
63.7142,1.09877
63.7157,1.09877
63.7172,1.09876
63.7187,1.09876
63.7202,1.09876
63.7217,1.09875
63.7232,1.09875
63.7247,1.09874
63.7262,1.09874
63.7277,1.09874
63.7292,1.09873
63.7307,1.09873
63.7322,1.09873
63.7337,1.09872
63.7352,1.09872
63.7367,1.09871
63.7382,1.09871
63.7397,1.09871
63.7412,1.0987
63.7427,1.0987
63.7442,1.09869
63.7457,1.09869
63.7472,1.09868
63.7487,1.09868
63.7502,1.09867
63.7517,1.09867
63.7532,1.09866
63.7547,1.09866
63.7562,1.09866
63.7577,1.09865
63.7592,1.09865
63.7607,1.09864
63.7622,1.09863
63.7637,1.09863
63.7652,1.09862
63.7667,1.09862
63.7682,1.09861
63.7696,1.09861
63.7711,1.0986
63.7726,1.0986
63.7741,1.09859
63.7756,1.09858
63.7771,1.09858
63.7786,1.09857
63.7801,1.09856
63.7816,1.09856
63.7831,1.09855
63.7846,1.09854
63.7861,1.09854
63.7876,1.09853
63.7891,1.09852
63.7906,1.09851
63.7921,1.09851
63.7936,1.0985
63.7951,1.09849
63.7966,1.09848
63.7981,1.09848
63.7996,1.09847
63.8011,1.09846
63.8026,1.09845
63.8041,1.09844
63.8056,1.09843
63.8071,1.09842
63.8086,1.09841
63.8101,1.09841
63.8116,1.0984
63.8131,1.09839
63.8146,1.09838
63.8161,1.09837
63.8176,1.09836
63.8191,1.09835
63.8206,1.09834
63.8221,1.09833
63.8236,1.09832
63.8251,1.09831
63.8266,1.0983
63.8281,1.09829
63.8296,1.09828
63.8311,1.09827
63.8326,1.09826
63.8341,1.09825
63.8356,1.09824
63.8371,1.09823
63.8386,1.09821
63.8401,1.0982
63.8416,1.09819
63.8431,1.09818
63.8446,1.09817
63.8461,1.09816
63.8476,1.09815
63.8491,1.09814
63.8506,1.09812
63.8521,1.09811
63.8536,1.0981
63.8551,1.09809
63.8566,1.09808
63.8581,1.09807
63.8596,1.09806
63.8611,1.09805
63.8626,1.09803
63.8641,1.09802
63.8656,1.09801
63.8671,1.098
63.8686,1.09799
63.8701,1.09798
63.8716,1.09796
63.8731,1.09795
63.8746,1.09794
63.8761,1.09793
63.8776,1.09792
63.8791,1.09791
63.8806,1.0979
63.8821,1.09789
63.8836,1.09787
63.8851,1.09786
63.8866,1.09785
63.8881,1.09784
63.8896,1.09783
63.8911,1.09782
63.8926,1.09781
63.8941,1.0978
63.8956,1.09779
63.8971,1.09778
63.8986,1.09776
63.9001,1.09775
63.9016,1.09774
63.9031,1.09773
63.9046,1.09772
63.9061,1.09771
63.9076,1.0977
63.9091,1.09769
63.9106,1.09768
63.9121,1.09767
63.9136,1.09766
63.9151,1.09765
63.9166,1.09764
63.9181,1.09763
63.9196,1.09762
63.9211,1.09761
63.9226,1.0976
63.9241,1.09759
63.9256,1.09758
63.9271,1.09757
63.9286,1.09756
63.9301,1.09755
63.9316,1.09754
63.9331,1.09753
63.9346,1.09752
63.9361,1.0975
63.9376,1.09749
63.9391,1.09748
63.9406,1.09747
63.9421,1.09746
63.9436,1.09745
63.9451,1.09744
63.9466,1.09742
63.9481,1.09741
63.9496,1.0974
63.951,1.09739
63.9525,1.09738
63.954,1.09736
63.9555,1.09735
63.957,1.09734
63.9585,1.09732
63.96,1.09731
63.9615,1.0973
63.963,1.09728
63.9645,1.09727
63.966,1.09725
63.9675,1.09724
63.969,1.09722
63.9705,1.09721
63.972,1.09719
63.9735,1.09717
63.975,1.09716
63.9765,1.09714
63.978,1.09713
63.9795,1.09711
63.981,1.09709
63.9825,1.09707
63.984,1.09706
63.9855,1.09704
63.987,1.09702
63.9885,1.09701
63.99,1.09699
63.9915,1.09697
63.993,1.09695
63.9945,1.09693
63.996,1.09691
63.9975,1.09689
63.999,1.09687
64.0005,1.09685
64.002,1.09683
64.0035,1.09681
64.005,1.09679
64.0065,1.09677
64.008,1.09675
64.0095,1.09673
64.011,1.09671
64.0126,1.09669
64.0141,1.09666
64.0156,1.09664
64.0171,1.09662
64.0186,1.0966
64.0201,1.09658
64.0216,1.09656
64.0231,1.09654
64.0246,1.09652
64.0261,1.09649
64.0276,1.09647
64.0291,1.09645
64.0306,1.09643
64.0321,1.09641
64.0336,1.09639
64.0351,1.09636
64.0366,1.09634
64.0381,1.09632
64.0396,1.0963
64.0411,1.09628
64.0426,1.09626
64.0441,1.09623
64.0456,1.09621
64.0471,1.09619
64.0486,1.09617
64.0501,1.09615
64.0516,1.09613
64.0531,1.09611
64.0546,1.09609
64.0561,1.09607
64.0576,1.09604
64.0591,1.09602
64.0606,1.096
64.0621,1.09598
64.0637,1.09596
64.0652,1.09594
64.0667,1.09592
64.0682,1.0959
64.0697,1.09588
64.0712,1.09586
64.0727,1.09584
64.0742,1.09582
64.0757,1.0958
64.0772,1.09578
64.0787,1.09577
64.0802,1.09575
64.0817,1.09573
64.0832,1.09571
64.0847,1.09569
64.0862,1.09567
64.0877,1.09566
64.0892,1.09563
64.0907,1.09562
64.0922,1.0956
64.0937,1.09558
64.0952,1.09557
64.0967,1.09555
64.0982,1.09553
64.0997,1.09552
64.1012,1.0955
64.1027,1.09548
64.1042,1.09547
64.1057,1.09545
64.1072,1.09544
64.1087,1.09542
64.1102,1.0954
64.1117,1.09539
64.1133,1.09537
64.1148,1.09536
64.1163,1.09534
64.1178,1.09533
64.1193,1.09532
64.1208,1.0953
64.1223,1.09529
64.1238,1.09527
64.1253,1.09526
64.1268,1.09525
64.1283,1.09523
64.1298,1.09522
64.1313,1.09521
64.1328,1.0952
64.1343,1.09518
64.1358,1.09517
64.1373,1.09516
64.1388,1.09515
64.1403,1.09513
64.1418,1.09512
64.1433,1.09511
64.1448,1.0951
64.1463,1.09509
64.1478,1.09508
64.1493,1.09507
64.1508,1.09506
64.1523,1.09505
64.1538,1.09504
64.1553,1.09503
64.1568,1.09502
64.1583,1.09501
64.1598,1.095
64.1613,1.09499
64.1628,1.09499
64.1644,1.09498
64.1659,1.09497
64.1674,1.09496
64.1689,1.09495
64.1704,1.09494
64.1719,1.09494
64.1734,1.09493
64.1749,1.09492
64.1764,1.09492
64.1779,1.09491
64.1794,1.0949
64.1809,1.0949
64.1824,1.09489
64.1839,1.09489
64.1854,1.09488
64.1869,1.09487
64.1884,1.09487
64.1899,1.09486
64.1914,1.09486
64.1929,1.09485
64.1944,1.09485
64.1959,1.09484
64.1974,1.09484
64.1989,1.09483
64.2004,1.09483
64.2019,1.09483
64.2034,1.09483
64.2049,1.09482
64.2064,1.09482
64.2079,1.09481
64.2094,1.09481
64.2109,1.09481
64.2124,1.09481
64.214,1.09481
64.2155,1.0948
64.217,1.0948
64.2185,1.0948
64.22,1.0948
64.2215,1.09479
64.223,1.09479
64.2245,1.09479
64.226,1.09479
64.2275,1.09479
64.229,1.09479
64.2305,1.09479
64.232,1.09479
64.2335,1.09479
64.235,1.09479
64.2365,1.09479
64.238,1.09479
64.2395,1.09479
64.241,1.09479
64.2425,1.09479
64.244,1.09479
64.2455,1.09479
64.247,1.09479
64.2485,1.09479
64.25,1.0948
64.2515,1.0948
64.253,1.0948
64.2545,1.0948
64.256,1.0948
64.2575,1.09481
64.259,1.09481
64.2605,1.09481
64.262,1.09481
64.2635,1.09481
64.2651,1.09482
64.2666,1.09482
64.2681,1.09482
64.2696,1.09483
64.2711,1.09483
64.2726,1.09483
64.2741,1.09484
64.2756,1.09484
64.2771,1.09484
64.2786,1.09485
64.2801,1.09485
64.2816,1.09486
64.2831,1.09486
64.2846,1.09486
64.2861,1.09487
64.2876,1.09487
64.2891,1.09488
64.2906,1.09488
64.2921,1.09489
64.2936,1.09489
64.2951,1.09489
64.2966,1.0949
64.2981,1.09491
64.2996,1.09491
64.3011,1.09492
64.3026,1.09492
64.3041,1.09493
64.3056,1.09493
64.3071,1.09494
64.3086,1.09494
64.3101,1.09495
64.3116,1.09495
64.3131,1.09496
64.3147,1.09497
64.3162,1.09497
64.3177,1.09498
64.3192,1.09498
64.3207,1.09499
64.3222,1.09499
64.3237,1.095
64.3252,1.09501
64.3267,1.09501
64.3282,1.09502
64.3297,1.09502
64.3312,1.09503
64.3327,1.09504
64.3342,1.09504
64.3357,1.09505
64.3372,1.09506
64.3387,1.09506
64.3402,1.09507
64.3417,1.09508
64.3432,1.09508
64.3447,1.09509
64.3462,1.0951
64.3477,1.0951
64.3492,1.09511
64.3507,1.09512
64.3522,1.09512
64.3537,1.09513
64.3552,1.09513
64.3567,1.09514
64.3582,1.09515
64.3597,1.09515
64.3612,1.09516
64.3627,1.09517
64.3643,1.09517
64.3658,1.09518
64.3673,1.09519
64.3688,1.09519
64.3703,1.0952
64.3718,1.09521
64.3733,1.09521
64.3748,1.09522
64.3763,1.09523
64.3778,1.09523
64.3793,1.09524
64.3808,1.09525
64.3823,1.09525
64.3838,1.09526
64.3853,1.09527
64.3868,1.09527
64.3883,1.09528
64.3898,1.09529
64.3913,1.09529
64.3928,1.0953
64.3943,1.09531
64.3958,1.09531
64.3973,1.09532
64.3988,1.09533
64.4003,1.09533
64.4018,1.09534
64.4033,1.09535
64.4048,1.09535
64.4063,1.09536
64.4078,1.09537
64.4093,1.09538
64.4108,1.09538
64.4123,1.09539
64.4138,1.0954
64.4154,1.0954
64.4169,1.09541
64.4184,1.09542
64.4199,1.09543
64.4214,1.09543
64.4229,1.09544
64.4244,1.09545
64.4259,1.09546
64.4274,1.09546
64.4289,1.09547
64.4304,1.09548
64.4319,1.09549
64.4334,1.0955
64.4349,1.0955
64.4364,1.09551
64.4379,1.09552
64.4394,1.09553
64.4409,1.09554
64.4424,1.09554
64.4439,1.09555
64.4454,1.09556
64.4469,1.09557
64.4484,1.09558
64.4499,1.09559
64.4514,1.0956
64.4529,1.09561
64.4544,1.09562
64.4559,1.09563
64.4574,1.09564
64.4589,1.09565
64.4604,1.09565
64.4619,1.09567
64.4634,1.09568
64.465,1.09569
64.4665,1.0957
64.468,1.09571
64.4695,1.09572
64.471,1.09573
64.4725,1.09574
64.474,1.09575
64.4755,1.09576
64.477,1.09577
64.4785,1.09579
64.48,1.0958
64.4815,1.09581
64.483,1.09582
64.4845,1.09583
64.486,1.09585
64.4875,1.09586
64.489,1.09587
64.4905,1.09589
64.492,1.0959
64.4935,1.09591
64.495,1.09593
64.4965,1.09594
64.498,1.09595
64.4995,1.09597
64.501,1.09598
64.5025,1.096
64.504,1.09601
64.5055,1.09603
64.507,1.09604
64.5085,1.09606
64.51,1.09607
64.5115,1.09609
64.513,1.0961
64.5145,1.09612
64.5161,1.09613
64.5176,1.09615
64.5191,1.09617
64.5206,1.09618
64.5221,1.0962
64.5236,1.09622
64.5251,1.09623
64.5266,1.09625
64.5281,1.09627
64.5296,1.09628
64.5311,1.0963
64.5326,1.09632
64.5341,1.09634
64.5356,1.09636
64.5371,1.09637
64.5386,1.09639
64.5401,1.09641
64.5416,1.09643
64.5431,1.09645
64.5446,1.09647
64.5461,1.09649
64.5476,1.0965
64.5491,1.09652
64.5506,1.09654
64.5521,1.09656
64.5536,1.09658
64.5551,1.0966
64.5566,1.09662
64.5581,1.09664
64.5596,1.09666
64.5611,1.09668
64.5626,1.0967
64.5641,1.09672
64.5657,1.09673
64.5672,1.09676
64.5687,1.09677
64.5702,1.09679
64.5717,1.09681
64.5732,1.09683
64.5747,1.09685
64.5762,1.09687
64.5777,1.09689
64.5792,1.09691
64.5807,1.09693
64.5822,1.09694
64.5837,1.09696
64.5852,1.09698
64.5867,1.097
64.5882,1.09702
64.5897,1.09704
64.5912,1.09706
64.5927,1.09708
64.5942,1.09709
64.5957,1.09711
64.5972,1.09713
64.5987,1.09715
64.6002,1.09717
64.6017,1.09718
64.6032,1.0972
64.6047,1.09722
64.6062,1.09724
64.6077,1.09725
64.6092,1.09727
64.6107,1.09729
64.6122,1.09731
64.6137,1.09732
64.6152,1.09734
64.6168,1.09736
64.6183,1.09737
64.6198,1.09739
64.6213,1.0974
64.6228,1.09742
64.6243,1.09744
64.6258,1.09745
64.6273,1.09747
64.6288,1.09748
64.6303,1.0975
64.6318,1.09751
64.6333,1.09753
64.6348,1.09754
64.6363,1.09756
64.6378,1.09757
64.6393,1.09759
64.6408,1.0976
64.6423,1.09762
64.6438,1.09763
64.6453,1.09764
64.6468,1.09766
64.6483,1.09767
64.6498,1.09768
64.6513,1.0977
64.6528,1.09771
64.6543,1.09772
64.6558,1.09774
64.6573,1.09775
64.6588,1.09776
64.6603,1.09777
64.6618,1.09779
64.6633,1.0978
64.6648,1.09781
64.6664,1.09782
64.6679,1.09783
64.6694,1.09785
64.6709,1.09786
64.6724,1.09787
64.6739,1.09788
64.6754,1.09789
64.6769,1.0979
64.6784,1.09791
64.6799,1.09792
64.6814,1.09793
64.6829,1.09794
64.6844,1.09795
64.6859,1.09796
64.6874,1.09797
64.6889,1.09798
64.6904,1.09799
64.6919,1.098
64.6934,1.09801
64.6949,1.09802
64.6964,1.09803
64.6979,1.09804
64.6994,1.09805
64.7009,1.09806
64.7024,1.09807
64.7039,1.09808
64.7054,1.09808
64.7069,1.09809
64.7084,1.0981
64.7099,1.09811
64.7114,1.09812
64.7129,1.09812
64.7144,1.09813
64.716,1.09814
64.7175,1.09815
64.719,1.09816
64.7205,1.09816
64.722,1.09817
64.7235,1.09818
64.725,1.09818
64.7265,1.09819
64.728,1.0982
64.7295,1.0982
64.731,1.09821
64.7325,1.09822
64.734,1.09822
64.7355,1.09823
64.737,1.09824
64.7385,1.09824
64.74,1.09825
64.7415,1.09825
64.743,1.09826
64.7445,1.09827
64.746,1.09827
64.7475,1.09828
64.749,1.09828
64.7505,1.09829
64.752,1.09829
64.7535,1.0983
64.755,1.0983
64.7565,1.09831
64.758,1.09831
64.7595,1.09832
64.761,1.09832
64.7625,1.09833
64.764,1.09833
64.7655,1.09834
64.7671,1.09834
64.7686,1.09835
64.7701,1.09835
64.7716,1.09836
64.7731,1.09836
64.7746,1.09837
64.7761,1.09837
64.7776,1.09838
64.7791,1.09838
64.7806,1.09838
64.7821,1.09839
64.7836,1.09839
64.7851,1.0984
64.7866,1.0984
64.7881,1.09841
64.7896,1.09841
64.7911,1.09841
64.7926,1.09842
64.7941,1.09842
64.7956,1.09843
64.7971,1.09843
64.7986,1.09844
64.8001,1.09844
64.8016,1.09844
64.8031,1.09845
64.8046,1.09845
64.8061,1.09846
64.8076,1.09846
64.8091,1.09846
64.8106,1.09847
64.8121,1.09847
64.8136,1.09848
64.8151,1.09848
64.8167,1.09849
64.8182,1.09849
64.8197,1.0985
64.8212,1.0985
64.8227,1.09851
64.8242,1.09851
64.8257,1.09852
64.8272,1.09853
64.8287,1.09853
64.8302,1.09854
64.8317,1.09855
64.8332,1.09856
64.8347,1.09856
64.8362,1.09857
64.8377,1.09858
64.8392,1.09859
64.8407,1.0986
64.8422,1.09861
64.8437,1.09862
64.8452,1.09864
64.8467,1.09865
64.8482,1.09866
64.8497,1.09868
64.8512,1.09869
64.8527,1.0987
64.8542,1.09872
64.8557,1.09874
64.8572,1.09875
64.8587,1.09877
64.8602,1.09879
64.8617,1.09881
64.8632,1.09883
64.8647,1.09885
64.8662,1.09887
64.8678,1.09889
64.8693,1.09891
64.8708,1.09894
64.8723,1.09896
64.8738,1.09899
64.8753,1.09901
64.8768,1.09903
64.8783,1.09906
64.8798,1.09909
64.8813,1.09911
64.8828,1.09914
64.8843,1.09917
64.8858,1.0992
64.8873,1.09922
64.8888,1.09925
64.8903,1.09928
64.8918,1.09931
64.8933,1.09934
64.8948,1.09937
64.8963,1.0994
64.8978,1.09943
64.8993,1.09946
64.9008,1.09949
64.9023,1.09952
64.9038,1.09954
64.9053,1.09957
64.9068,1.0996
64.9083,1.09963
64.9098,1.09966
64.9113,1.09968
64.9128,1.09971
64.9143,1.09974
64.9158,1.09976
64.9174,1.09979
64.9189,1.09981
64.9204,1.09983
64.9219,1.09986
64.9234,1.09988
64.9249,1.0999
64.9264,1.09992
64.9279,1.09994
64.9294,1.09996
64.9309,1.09998
64.9324,1.1
64.9339,1.10002
64.9354,1.10004
64.9369,1.10005
64.9384,1.10007
64.9399,1.10008
64.9414,1.1001
64.9429,1.10011
64.9444,1.10013
64.9459,1.10014
64.9474,1.10015
64.9489,1.10016
64.9504,1.10017
64.9519,1.10018
64.9534,1.1002
64.9549,1.10021
64.9564,1.10022
64.9579,1.10022
64.9594,1.10023
64.9609,1.10024
64.9624,1.10025
64.9639,1.10026
64.9654,1.10027
64.9669,1.10028
64.9685,1.10028
64.97,1.10029
64.9715,1.1003
64.973,1.1003
64.9745,1.10031
64.976,1.10032
64.9775,1.10032
64.979,1.10033
64.9805,1.10034
64.982,1.10034
64.9835,1.10035
64.985,1.10035
64.9865,1.10036
64.988,1.10037
64.9895,1.10037
64.991,1.10038
64.9925,1.10038
64.994,1.10039
64.9955,1.10039
64.997,1.1004
64.9985,1.1004
65,1.10041
65.0015,1.10041
65.003,1.10041
65.0045,1.10042
65.006,1.10042
65.0075,1.10043
65.009,1.10043
65.0105,1.10043
65.012,1.10044
65.0135,1.10044
65.015,1.10044
65.0165,1.10044
65.0181,1.10045
65.0196,1.10045
65.0211,1.10045
65.0226,1.10045
65.0241,1.10045
65.0256,1.10045
65.0271,1.10046
65.0286,1.10045
65.0301,1.10046
65.0316,1.10045
65.0331,1.10045
65.0346,1.10045
65.0361,1.10045
65.0376,1.10045
65.0391,1.10045
65.0406,1.10045
65.0421,1.10044
65.0436,1.10044
65.0451,1.10044
65.0466,1.10044
65.0481,1.10043
65.0496,1.10043
65.0511,1.10043
65.0526,1.10042
65.0541,1.10042
65.0556,1.10041
65.0571,1.10041
65.0586,1.1004
65.0601,1.1004
65.0616,1.10039
65.0631,1.10038
65.0646,1.10038
65.0661,1.10037
65.0676,1.10037
65.0692,1.10036
65.0707,1.10035
65.0722,1.10034
65.0737,1.10034
65.0752,1.10033
65.0767,1.10032
65.0782,1.10031
65.0797,1.1003
65.0812,1.1003
65.0827,1.10029
65.0842,1.10028
65.0857,1.10027
65.0872,1.10026
65.0887,1.10025
65.0902,1.10024
65.0917,1.10023
65.0932,1.10022
65.0947,1.10021
65.0962,1.1002
65.0977,1.10018
65.0992,1.10017
65.1007,1.10016
65.1022,1.10015
65.1037,1.10014
65.1052,1.10013
65.1067,1.10011
65.1082,1.1001
65.1097,1.10009
65.1112,1.10007
65.1127,1.10006
65.1142,1.10005
65.1157,1.10003
65.1172,1.10002
65.1188,1.10001
65.1203,1.09999
65.1218,1.09998
65.1233,1.09996
65.1248,1.09995
65.1263,1.09993
65.1278,1.09992
65.1293,1.0999
65.1308,1.09989
65.1323,1.09987
65.1338,1.09986
65.1353,1.09984
65.1368,1.09982
65.1383,1.0998
65.1398,1.09979
65.1413,1.09977
65.1428,1.09975
65.1443,1.09973
65.1458,1.09972
65.1473,1.0997
65.1488,1.09968
65.1503,1.09966
65.1518,1.09964
65.1533,1.09962
65.1548,1.0996
65.1563,1.09958
65.1578,1.09957
65.1593,1.09955
65.1608,1.09953
65.1623,1.09951
65.1638,1.09949
65.1653,1.09947
65.1668,1.09944
65.1684,1.09942
65.1699,1.0994
65.1714,1.09938
65.1729,1.09936
65.1744,1.09934
65.1759,1.09932
65.1774,1.09929
65.1789,1.09927
65.1804,1.09925
65.1819,1.09923
65.1834,1.0992
65.1849,1.09918
65.1864,1.09916
65.1879,1.09913
65.1894,1.09911
65.1909,1.09908
65.1924,1.09906
65.1939,1.09904
65.1954,1.09901
65.1969,1.09899
65.1984,1.09896
65.1999,1.09894
65.2014,1.09891
65.2029,1.09889
65.2044,1.09886
65.2059,1.09884
65.2074,1.09881
65.2089,1.09879
65.2104,1.09876
65.2119,1.09874
65.2134,1.09871
65.2149,1.09869
65.2164,1.09866
65.2179,1.09863
65.2195,1.09861
65.221,1.09858
65.2225,1.09856
65.224,1.09853
65.2255,1.0985
65.227,1.09848
65.2285,1.09845
65.23,1.09842
65.2315,1.09839
65.233,1.09837
65.2345,1.09834
65.236,1.09832
65.2375,1.09829
65.239,1.09826
65.2405,1.09823
65.242,1.09821
65.2435,1.09818
65.245,1.09815
65.2465,1.09813
65.248,1.0981
65.2495,1.09807
65.251,1.09804
65.2525,1.09802
65.254,1.09799
65.2555,1.09796
65.257,1.09794
65.2585,1.09791
65.26,1.09788
65.2615,1.09786
65.263,1.09783
65.2645,1.0978
65.266,1.09778
65.2675,1.09775
65.2691,1.09772
65.2706,1.0977
65.2721,1.09767
65.2736,1.09764
65.2751,1.09762
65.2766,1.09759
65.2781,1.09756
65.2796,1.09754
65.2811,1.09751
65.2826,1.09749
65.2841,1.09746
65.2856,1.09744
65.2871,1.09741
65.2886,1.09739
65.2901,1.09736
65.2916,1.09733
65.2931,1.09731
65.2946,1.09729
65.2961,1.09726
65.2976,1.09724
65.2991,1.09721
65.3006,1.09719
65.3021,1.09716
65.3036,1.09714
65.3051,1.09712
65.3066,1.09709
65.3081,1.09707
65.3096,1.09705
65.3111,1.09702
65.3126,1.097
65.3141,1.09698
65.3156,1.09695
65.3171,1.09693
65.3186,1.09691
65.3202,1.09689
65.3217,1.09687
65.3232,1.09684
65.3247,1.09682
65.3262,1.0968
65.3277,1.09678
65.3292,1.09676
65.3307,1.09674
65.3322,1.09672
65.3337,1.0967
65.3352,1.09668
65.3367,1.09666
65.3382,1.09664
65.3397,1.09662
65.3412,1.0966
65.3427,1.09658
65.3442,1.09656
65.3457,1.09654
65.3472,1.09652
65.3487,1.09651
65.3502,1.09649
65.3517,1.09647
65.3532,1.09645
65.3547,1.09643
65.3562,1.09642
65.3577,1.0964
65.3592,1.09638
65.3607,1.09637
65.3622,1.09635
65.3637,1.09633
65.3652,1.09632
65.3667,1.0963
65.3682,1.09629
65.3698,1.09627
65.3713,1.09625
65.3728,1.09624
65.3743,1.09623
65.3758,1.09621
65.3773,1.0962
65.3788,1.09618
65.3803,1.09617
65.3818,1.09615
65.3833,1.09614
65.3848,1.09613
65.3863,1.09611
65.3878,1.0961
65.3893,1.09609
65.3908,1.09607
65.3923,1.09606
65.3938,1.09605
65.3953,1.09604
65.3968,1.09603
65.3983,1.09601
65.3998,1.096
65.4013,1.09599
65.4028,1.09598
65.4043,1.09597
65.4058,1.09596
65.4073,1.09595
65.4088,1.09594
65.4103,1.09593
65.4118,1.09592
65.4133,1.09591
65.4148,1.0959
65.4163,1.09589
65.4178,1.09588
65.4193,1.09587
65.4209,1.09586
65.4224,1.09585
65.4239,1.09584
65.4254,1.09583
65.4269,1.09582
65.4284,1.09581
65.4299,1.09581
65.4314,1.0958
65.4329,1.09579
65.4344,1.09578
65.4359,1.09577
65.4374,1.09576
65.4389,1.09576
65.4404,1.09575
65.4419,1.09574
65.4434,1.09574
65.4449,1.09573
65.4464,1.09572
65.4479,1.09571
65.4494,1.0957
65.4509,1.0957
65.4524,1.09569
65.4539,1.09569
65.4554,1.09568
65.4569,1.09567
65.4584,1.09567
65.4599,1.09566
65.4614,1.09565
65.4629,1.09565
65.4644,1.09564
65.4659,1.09564
65.4674,1.09563
65.4689,1.09562
65.4705,1.09562
65.472,1.09561
65.4735,1.09561
65.475,1.0956
65.4765,1.09559
65.478,1.09559
65.4795,1.09558
65.481,1.09558
65.4825,1.09557
65.484,1.09557
65.4855,1.09556
65.487,1.09556
65.4885,1.09555
65.49,1.09554
65.4915,1.09554
65.493,1.09553
65.4945,1.09553
65.496,1.09552
65.4975,1.09552
65.499,1.09551
65.5005,1.09551
65.502,1.0955
65.5035,1.0955
65.505,1.09549
65.5065,1.09549
65.508,1.09548
65.5095,1.09547
65.511,1.09547
65.5125,1.09546
65.514,1.09546
65.5155,1.09545
65.517,1.09545
65.5185,1.09544
65.5201,1.09543
65.5216,1.09543
65.5231,1.09542
65.5246,1.09542
65.5261,1.09541
65.5276,1.0954
65.5291,1.0954
65.5306,1.09539
65.5321,1.09539
65.5336,1.09538
65.5351,1.09537
65.5366,1.09537
65.5381,1.09536
65.5396,1.09535
65.5411,1.09535
65.5426,1.09534
65.5441,1.09533
65.5456,1.09533
65.5471,1.09532
65.5486,1.09531
65.5501,1.0953
65.5516,1.0953
65.5531,1.09529
65.5546,1.09528
65.5561,1.09527
65.5576,1.09527
65.5591,1.09526
65.5606,1.09525
65.5621,1.09524
65.5636,1.09524
65.5651,1.09523
65.5666,1.09522
65.5681,1.09521
65.5696,1.0952
65.5712,1.0952
65.5727,1.09519
65.5742,1.09518
65.5757,1.09517
65.5772,1.09516
65.5787,1.09515
65.5802,1.09514
65.5817,1.09513
65.5832,1.09512
65.5847,1.09512
65.5862,1.09511
65.5877,1.0951
65.5892,1.09509
65.5907,1.09508
65.5922,1.09507
65.5937,1.09506
65.5952,1.09505
65.5967,1.09504
65.5982,1.09503
65.5997,1.09502
65.6012,1.09501
65.6027,1.095
65.6042,1.09499
65.6057,1.09498
65.6072,1.09497
65.6087,1.09496
65.6102,1.09495
65.6117,1.09494
65.6132,1.09493
65.6147,1.09492
65.6162,1.09491
65.6177,1.0949
65.6192,1.09489
65.6208,1.09488
65.6223,1.09487
65.6238,1.09486
65.6253,1.09485
65.6268,1.09484
65.6283,1.09483
65.6298,1.09482
65.6313,1.09481
65.6328,1.0948
65.6343,1.09479
65.6358,1.09478
65.6373,1.09477
65.6388,1.09476
65.6403,1.09474
65.6418,1.09473
65.6433,1.09472
65.6448,1.09471
65.6463,1.0947
65.6478,1.09469
65.6493,1.09468
65.6508,1.09467
65.6523,1.09466
65.6538,1.09465
65.6553,1.09464
65.6568,1.09463
65.6583,1.09462
65.6598,1.09461
65.6613,1.0946
65.6628,1.09459
65.6643,1.09458
65.6658,1.09457
65.6673,1.09456
65.6688,1.09455
65.6703,1.09454
65.6719,1.09453
65.6734,1.09452
65.6749,1.0945
65.6764,1.0945
65.6779,1.09449
65.6794,1.09448
65.6809,1.09446
65.6824,1.09446
65.6839,1.09445
65.6854,1.09443
65.6869,1.09443
65.6884,1.09442
65.6899,1.09441
65.6914,1.0944
65.6929,1.09439
65.6944,1.09438
65.6959,1.09437
65.6974,1.09436
65.6989,1.09435
65.7004,1.09434
65.7019,1.09433
65.7034,1.09432
65.7049,1.09431
65.7064,1.0943
65.7079,1.09429
65.7094,1.09428
65.7109,1.09427
65.7124,1.09426
65.7139,1.09425
65.7154,1.09424
65.7169,1.09423
65.7184,1.09422
65.7199,1.09421
65.7215,1.0942
65.723,1.09419
65.7245,1.09418
65.726,1.09417
65.7275,1.09416
65.729,1.09415
65.7305,1.09414
65.732,1.09413
65.7335,1.09412
65.735,1.09411
65.7365,1.0941
65.738,1.09409
65.7395,1.09408
65.741,1.09407
65.7425,1.09406
65.744,1.09405
65.7455,1.09404
65.747,1.09403
65.7485,1.09402
65.75,1.09401
65.7515,1.094
65.753,1.09399
65.7545,1.09398
65.756,1.09398
65.7575,1.09397
65.759,1.09396
65.7605,1.09395
65.762,1.09394
65.7635,1.09394
65.765,1.09393
65.7665,1.09392
65.768,1.09391
65.7695,1.09391
65.771,1.0939
65.7726,1.09389
65.7741,1.09389
65.7756,1.09388
65.7771,1.09387
65.7786,1.09387
65.7801,1.09386
65.7816,1.09386
65.7831,1.09385
65.7846,1.09385
65.7861,1.09384
65.7876,1.09384
65.7891,1.09383
65.7906,1.09383
65.7921,1.09383
65.7936,1.09382
65.7951,1.09382
65.7966,1.09382
65.7981,1.09381
65.7996,1.09381
65.8011,1.09381
65.8026,1.09381
65.8041,1.09381
65.8056,1.0938
65.8071,1.0938
65.8086,1.0938
65.8101,1.0938
65.8116,1.0938
65.8131,1.0938
65.8146,1.0938
65.8161,1.0938
65.8176,1.09381
65.8191,1.09381
65.8206,1.09381
65.8222,1.09381
65.8237,1.09381
65.8252,1.09382
65.8267,1.09382
65.8282,1.09382
65.8297,1.09383
65.8312,1.09383
65.8327,1.09384
65.8342,1.09384
65.8357,1.09385
65.8372,1.09385
65.8387,1.09386
65.8402,1.09386
65.8417,1.09387
65.8432,1.09388
65.8447,1.09388
65.8462,1.09389
65.8477,1.0939
65.8492,1.09391
65.8507,1.09391
65.8522,1.09392
65.8537,1.09393
65.8552,1.09394
65.8567,1.09395
65.8582,1.09396
65.8597,1.09397
65.8612,1.09398
65.8627,1.09399
65.8642,1.094
65.8657,1.09401
65.8672,1.09402
65.8687,1.09403
65.8702,1.09404
65.8717,1.09406
65.8733,1.09407
65.8748,1.09408
65.8763,1.09409
65.8778,1.09411
65.8793,1.09412
65.8808,1.09413
65.8823,1.09414
65.8838,1.09416
65.8853,1.09417
65.8868,1.09418
65.8883,1.0942
65.8898,1.09421
65.8913,1.09422
65.8928,1.09424
65.8943,1.09425
65.8958,1.09427
65.8973,1.09428
65.8988,1.0943
65.9003,1.09431
65.9018,1.09433
65.9033,1.09434
65.9048,1.09436
65.9063,1.09437
65.9078,1.09439
65.9093,1.0944
65.9108,1.09442
65.9123,1.09443
65.9138,1.09445
65.9153,1.09447
65.9168,1.09448
65.9183,1.0945
65.9198,1.09451
65.9213,1.09453
65.9229,1.09455
65.9244,1.09456
65.9259,1.09458
65.9274,1.09459
65.9289,1.09461
65.9304,1.09463
65.9319,1.09464
65.9334,1.09466
65.9349,1.09467
65.9364,1.09469
65.9379,1.09471
65.9394,1.09472
65.9409,1.09474
65.9424,1.09476
65.9439,1.09477
65.9454,1.09479
65.9469,1.09481
65.9484,1.09482
65.9499,1.09484
65.9514,1.09486
65.9529,1.09487
65.9544,1.09489
65.9559,1.09491
65.9574,1.09492
65.9589,1.09494
65.9604,1.09496
65.9619,1.09497
65.9634,1.09499
65.9649,1.09501
65.9664,1.09502
65.9679,1.09504
65.9694,1.09506
65.9709,1.09508
65.9725,1.09509
65.974,1.09511
65.9755,1.09513
65.977,1.09514
65.9785,1.09516
65.98,1.09518
65.9815,1.09519
65.983,1.09521
65.9845,1.09523
65.986,1.09524
65.9875,1.09526
65.989,1.09528
65.9905,1.09529
65.992,1.09531
65.9935,1.09533
65.995,1.09534
65.9965,1.09536
65.998,1.09538
65.9995,1.09539
66.001,1.09541
66.0025,1.09542
66.004,1.09544
66.0055,1.09545
66.007,1.09547
66.0085,1.09549
66.01,1.0955
66.0115,1.09552
66.013,1.09553
66.0145,1.09555
66.016,1.09556
66.0175,1.09558
66.019,1.09559
66.0205,1.09561
66.022,1.09562
66.0236,1.09564
66.0251,1.09565
66.0266,1.09567
66.0281,1.09568
66.0296,1.0957
66.0311,1.09571
66.0326,1.09572
66.0341,1.09574
66.0356,1.09575
66.0371,1.09577
66.0386,1.09578
66.0401,1.09579
66.0416,1.09581
66.0431,1.09582
66.0446,1.09583
66.0461,1.09585
66.0476,1.09586
66.0491,1.09587
66.0506,1.09589
66.0521,1.0959
66.0536,1.09591
66.0551,1.09592
66.0566,1.09594
66.0581,1.09595
66.0596,1.09596
66.0611,1.09597
66.0626,1.09599
66.0641,1.096
66.0656,1.09601
66.0671,1.09602
66.0686,1.09603
66.0701,1.09605
66.0716,1.09606
66.0732,1.09607
66.0747,1.09608
66.0762,1.09609
66.0777,1.0961
66.0792,1.09611
66.0807,1.09613
66.0822,1.09614
66.0837,1.09615
66.0852,1.09616
66.0867,1.09617
66.0882,1.09618
66.0897,1.09619
66.0912,1.09621
66.0927,1.09622
66.0942,1.09623
66.0957,1.09624
66.0972,1.09625
66.0987,1.09626
66.1002,1.09627
66.1017,1.09628
66.1032,1.09629
66.1047,1.0963
66.1062,1.09631
66.1077,1.09632
66.1092,1.09633
66.1107,1.09634
66.1122,1.09636
66.1137,1.09637
66.1152,1.09638
66.1167,1.09639
66.1182,1.0964
66.1197,1.09641
66.1212,1.09642
66.1227,1.09643
66.1243,1.09644
66.1258,1.09645
66.1273,1.09646
66.1288,1.09647
66.1303,1.09648
66.1318,1.09649
66.1333,1.0965
66.1348,1.09651
66.1363,1.09652
66.1378,1.09653
66.1393,1.09654
66.1408,1.09655
66.1423,1.09656
66.1438,1.09657
66.1453,1.09658
66.1468,1.09659
66.1483,1.0966
66.1498,1.09661
66.1513,1.09662
66.1528,1.09663
66.1543,1.09664
66.1558,1.09665
66.1573,1.09666
66.1588,1.09667
66.1603,1.09668
66.1618,1.09669
66.1633,1.09671
66.1648,1.09672
66.1663,1.09673
66.1678,1.09674
66.1693,1.09675
66.1708,1.09676
66.1723,1.09677
66.1739,1.09678
66.1754,1.09679
66.1769,1.0968
66.1784,1.09681
66.1799,1.09682
66.1814,1.09683
66.1829,1.09684
66.1844,1.09685
66.1859,1.09686
66.1874,1.09687
66.1889,1.09688
66.1904,1.09689
66.1919,1.0969
66.1934,1.09691
66.1949,1.09692
66.1964,1.09693
66.1979,1.09694
66.1994,1.09695
66.2009,1.09696
66.2024,1.09697
66.2039,1.09698
66.2054,1.09699
66.2069,1.097
66.2084,1.09701
66.2099,1.09702
66.2114,1.09703
66.2129,1.09704
66.2144,1.09705
66.2159,1.09706
66.2174,1.09707
66.2189,1.09708
66.2204,1.09709
66.2219,1.0971
66.2234,1.09711
66.225,1.09712
66.2265,1.09713
66.228,1.09714
66.2295,1.09715
66.231,1.09716
66.2325,1.09717
66.234,1.09718
66.2355,1.09719
66.237,1.0972
66.2385,1.09721
66.24,1.09722
66.2415,1.09723
66.243,1.09724
66.2445,1.09725
66.246,1.09726
66.2475,1.09727
66.249,1.09728
66.2505,1.09729
66.252,1.09731
66.2535,1.09732
66.255,1.09733
66.2565,1.09734
66.258,1.09735
66.2595,1.09736
66.261,1.09737
66.2625,1.09738
66.264,1.09739
66.2655,1.09741
66.267,1.09742
66.2685,1.09743
66.27,1.09744
66.2715,1.09745
66.273,1.09746
66.2746,1.09747
66.2761,1.09748
66.2776,1.0975
66.2791,1.09751
66.2806,1.09752
66.2821,1.09753
66.2836,1.09754
66.2851,1.09756
66.2866,1.09757
66.2881,1.09758
66.2896,1.09759
66.2911,1.0976
66.2926,1.09762
66.2941,1.09763
66.2956,1.09764
66.2971,1.09765
66.2986,1.09767
66.3001,1.09768
66.3016,1.09769
66.3031,1.0977
66.3046,1.09772
66.3061,1.09773
66.3076,1.09774
66.3091,1.09775
66.3106,1.09777
66.3121,1.09778
66.3136,1.09779
66.3151,1.09781
66.3166,1.09782
66.3181,1.09783
66.3196,1.09785
66.3211,1.09786
66.3226,1.09787
66.3242,1.09788
66.3257,1.0979
66.3272,1.09791
66.3287,1.09792
66.3302,1.09794
66.3317,1.09795
66.3332,1.09796
66.3347,1.09798
66.3362,1.09799
66.3377,1.098
66.3392,1.09801
66.3407,1.09803
66.3422,1.09804
66.3437,1.09806
66.3452,1.09807
66.3467,1.09808
66.3482,1.09809
66.3497,1.09811
66.3512,1.09812
66.3527,1.09813
66.3542,1.09815
66.3557,1.09816
66.3572,1.09817
66.3587,1.09819
66.3602,1.0982
66.3617,1.09821
66.3632,1.09823
66.3647,1.09824
66.3662,1.09825
66.3677,1.09826
66.3692,1.09828
66.3707,1.09829
66.3722,1.0983
66.3737,1.09831
66.3753,1.09833
66.3768,1.09834
66.3783,1.09835
66.3798,1.09836
66.3813,1.09837
66.3828,1.09839
66.3843,1.0984
66.3858,1.09841
66.3873,1.09842
66.3888,1.09843
66.3903,1.09845
66.3918,1.09846
66.3933,1.09847
66.3948,1.09848
66.3963,1.09849
66.3978,1.0985
66.3993,1.09851
66.4008,1.09852
66.4023,1.09854
66.4038,1.09855
66.4053,1.09855
66.4068,1.09856
66.4083,1.09858
66.4098,1.09859
66.4113,1.0986
66.4128,1.09861
66.4143,1.09862
66.4158,1.09862
66.4173,1.09863
66.4188,1.09864
66.4203,1.09865
66.4218,1.09866
66.4233,1.09867
66.4249,1.09868
66.4264,1.09869
66.4279,1.0987
66.4294,1.0987
66.4309,1.09871
66.4324,1.09872
66.4339,1.09873
66.4354,1.09873
66.4369,1.09874
66.4384,1.09875
66.4399,1.09876
66.4414,1.09876
66.4429,1.09877
66.4444,1.09878
66.4459,1.09878
66.4474,1.09879
66.4489,1.09879
66.4504,1.0988
66.4519,1.09881
66.4534,1.09881
66.4549,1.09882
66.4564,1.09882
66.4579,1.09883
66.4594,1.09883
66.4609,1.09883
66.4624,1.09884
66.4639,1.09884
66.4654,1.09885
66.4669,1.09885
66.4684,1.09885
66.4699,1.09886
66.4714,1.09886
66.4729,1.09886
66.4744,1.09887
66.476,1.09887
66.4775,1.09887
66.479,1.09888
66.4805,1.09888
66.482,1.09888
66.4835,1.09888
66.485,1.09889
66.4865,1.09889
66.488,1.09889
66.4895,1.09889
66.491,1.0989
66.4925,1.0989
66.494,1.0989
66.4955,1.0989
66.497,1.0989
66.4985,1.09891
66.5,1.09891
66.5015,1.09891
66.503,1.09892
66.5045,1.09892
66.506,1.09892
66.5075,1.09892
66.509,1.09892
66.5105,1.09893
66.512,1.09893
66.5135,1.09893
66.515,1.09893
66.5165,1.09894
66.518,1.09894
66.5195,1.09894
66.521,1.09895
66.5225,1.09895
66.524,1.09895
66.5256,1.09896
66.5271,1.09896
66.5286,1.09896
66.5301,1.09897
66.5316,1.09897
66.5331,1.09898
66.5346,1.09898
66.5361,1.09899
66.5376,1.09899
66.5391,1.099
66.5406,1.099
66.5421,1.09901
66.5436,1.09902
66.5451,1.09902
66.5466,1.09903
66.5481,1.09904
66.5496,1.09904
66.5511,1.09905
66.5526,1.09905
66.5541,1.09906
66.5556,1.09907
66.5571,1.09908
66.5586,1.09908
66.5601,1.09909
66.5616,1.0991
66.5631,1.09911
66.5646,1.09911
66.5661,1.09912
66.5676,1.09913
66.5691,1.09914
66.5706,1.09914
66.5721,1.09915
66.5736,1.09916
66.5751,1.09917
66.5767,1.09917
66.5782,1.09918
66.5797,1.09919
66.5812,1.09919
66.5827,1.0992
66.5842,1.09921
66.5857,1.09922
66.5872,1.09922
66.5887,1.09923
66.5902,1.09924
66.5917,1.09924
66.5932,1.09925
66.5947,1.09925
66.5962,1.09926
66.5977,1.09927
66.5992,1.09927
66.6007,1.09927
66.6022,1.09928
66.6037,1.09928
66.6052,1.09929
66.6067,1.09929
66.6082,1.09929
66.6097,1.09929
66.6112,1.0993
66.6127,1.0993
66.6142,1.0993
66.6157,1.0993
66.6172,1.0993
66.6187,1.0993
66.6202,1.09929
66.6217,1.09929
66.6232,1.09929
66.6247,1.09928
66.6263,1.09928
66.6278,1.09927
66.6293,1.09927
66.6308,1.09926
66.6323,1.09925
66.6338,1.09924
66.6353,1.09923
66.6368,1.09922
66.6383,1.09921
66.6398,1.0992
66.6413,1.09919
66.6428,1.09918
66.6443,1.09917
66.6458,1.09916
66.6473,1.09914
66.6488,1.09913
66.6503,1.09912
66.6518,1.0991
66.6533,1.09909
66.6548,1.09907
66.6563,1.09906
66.6578,1.09905
66.6593,1.09903
66.6608,1.09902
66.6623,1.099
66.6638,1.09899
66.6653,1.09897
66.6668,1.09896
66.6683,1.09894
66.6698,1.09893
66.6713,1.09891
66.6728,1.0989
66.6743,1.09888
66.6758,1.09887
66.6774,1.09885
66.6789,1.09884
66.6804,1.09882
66.6819,1.09881
66.6834,1.09879
66.6849,1.09878
66.6864,1.09877
66.6879,1.09875
66.6894,1.09874
66.6909,1.09873
66.6924,1.09871
66.6939,1.0987
66.6954,1.09869
66.6969,1.09867
66.6984,1.09866
66.6999,1.09865
66.7014,1.09864
66.7029,1.09863
66.7044,1.09861
66.7059,1.0986
66.7074,1.09859
66.7089,1.09858
66.7104,1.09857
66.7119,1.09856
66.7134,1.09855
66.7149,1.09854
66.7164,1.09853
66.7179,1.09852
66.7194,1.09851
66.7209,1.0985
66.7224,1.09849
66.7239,1.09848
66.7254,1.09847
66.727,1.09847
66.7285,1.09846
66.73,1.09845
66.7315,1.09844
66.733,1.09844
66.7345,1.09843
66.736,1.09842
66.7375,1.09842
66.739,1.09841
66.7405,1.0984
66.742,1.09839
66.7435,1.09839
66.745,1.09838
66.7465,1.09837
66.748,1.09837
66.7495,1.09836
66.751,1.09836
66.7525,1.09835
66.754,1.09835
66.7555,1.09834
66.757,1.09834
66.7585,1.09833
66.76,1.09832
66.7615,1.09832
66.763,1.09832
66.7645,1.09831
66.766,1.0983
66.7675,1.0983
66.769,1.09829
66.7705,1.09829
66.772,1.09828
66.7735,1.09828
66.775,1.09827
66.7766,1.09827
66.7781,1.09826
66.7796,1.09826
66.7811,1.09825
66.7826,1.09824
66.7841,1.09824
66.7856,1.09823
66.7871,1.09823
66.7886,1.09822
66.7901,1.09821
66.7916,1.09821
66.7931,1.0982
66.7946,1.0982
66.7961,1.09819
66.7976,1.09818
66.7991,1.09818
66.8006,1.09817
66.8021,1.09816
66.8036,1.09816
66.8051,1.09815
66.8066,1.09814
66.8081,1.09814
66.8096,1.09813
66.8111,1.09812
66.8126,1.09811
66.8141,1.09811
66.8156,1.0981
66.8171,1.09809
66.8186,1.09809
66.8201,1.09808
66.8216,1.09807
66.8231,1.09806
66.8246,1.09806
66.8261,1.09805
66.8277,1.09804
66.8292,1.09804
66.8307,1.09803
66.8322,1.09802
66.8337,1.09802
66.8352,1.09801
66.8367,1.098
66.8382,1.098
66.8397,1.09799
66.8412,1.09799
66.8427,1.09798
66.8442,1.09797
66.8457,1.09797
66.8472,1.09796
66.8487,1.09795
66.8502,1.09795
66.8517,1.09794
66.8532,1.09794
66.8547,1.09793
66.8562,1.09793
66.8577,1.09792
66.8592,1.09792
66.8607,1.09791
66.8622,1.0979
66.8637,1.0979
66.8652,1.09789
66.8667,1.09789
66.8682,1.09788
66.8697,1.09788
66.8712,1.09787
66.8727,1.09787
66.8742,1.09786
66.8757,1.09786
66.8773,1.09785
66.8788,1.09784
66.8803,1.09784
66.8818,1.09783
66.8833,1.09783
66.8848,1.09782
66.8863,1.09781
66.8878,1.09781
66.8893,1.0978
66.8908,1.0978
66.8923,1.09779
66.8938,1.09778
66.8953,1.09778
66.8968,1.09777
66.8983,1.09776
66.8998,1.09775
66.9013,1.09775
66.9028,1.09774
66.9043,1.09773
66.9058,1.09772
66.9073,1.09772
66.9088,1.09771
66.9103,1.0977
66.9118,1.09769
66.9133,1.09768
66.9148,1.09767
66.9163,1.09766
66.9178,1.09765
66.9193,1.09764
66.9208,1.09764
66.9223,1.09763
66.9238,1.09761
66.9253,1.0976
66.9268,1.09759
66.9284,1.09758
66.9299,1.09757
66.9314,1.09756
66.9329,1.09755
66.9344,1.09754
66.9359,1.09753
66.9374,1.09752
66.9389,1.0975
66.9404,1.09749
66.9419,1.09748
66.9434,1.09747
66.9449,1.09745
66.9464,1.09744
66.9479,1.09743
66.9494,1.09741
66.9509,1.0974
66.9524,1.09739
66.9539,1.09738
66.9554,1.09736
66.9569,1.09735
66.9584,1.09734
66.9599,1.09732
66.9614,1.09731
66.9629,1.0973
66.9644,1.09728
66.9659,1.09727
66.9674,1.09725
66.9689,1.09724
66.9704,1.09723
66.9719,1.09721
66.9734,1.0972
66.9749,1.09718
66.9764,1.09717
66.978,1.09716
66.9795,1.09714
66.981,1.09713
66.9825,1.09712
66.984,1.0971
66.9855,1.09709
66.987,1.09707
66.9885,1.09706
66.99,1.09704
66.9915,1.09703
66.993,1.09702
66.9945,1.097
66.996,1.09699
66.9975,1.09697
66.999,1.09696
67.0005,1.09695
67.002,1.09693
67.0035,1.09692
67.005,1.0969
67.0065,1.09689
67.008,1.09687
67.0095,1.09686
67.011,1.09685
67.0125,1.09683
67.014,1.09682
67.0155,1.0968
67.017,1.09679
67.0185,1.09678
67.02,1.09676
67.0215,1.09675
67.023,1.09674
67.0245,1.09672
67.026,1.09671
67.0275,1.09669
67.0291,1.09668
67.0306,1.09667
67.0321,1.09665
67.0336,1.09664
67.0351,1.09663
67.0366,1.09661
67.0381,1.0966
67.0396,1.09659
67.0411,1.09657
67.0426,1.09656
67.0441,1.09655
67.0456,1.09654
67.0471,1.09652
67.0486,1.09651
67.0501,1.0965
67.0516,1.09648
67.0531,1.09647
67.0546,1.09646
67.0561,1.09645
67.0576,1.09644
67.0591,1.09642
67.0606,1.09641
67.0621,1.0964
67.0636,1.09639
67.0651,1.09638
67.0666,1.09637
67.0681,1.09636
67.0696,1.09635
67.0711,1.09633
67.0726,1.09632
67.0741,1.09631
67.0756,1.0963
67.0771,1.09629
67.0787,1.09628
67.0802,1.09627
67.0817,1.09626
67.0832,1.09625
67.0847,1.09624
67.0862,1.09623
67.0877,1.09622
67.0892,1.09621
67.0907,1.0962
67.0922,1.09619
67.0937,1.09618
67.0952,1.09618
67.0967,1.09617
67.0982,1.09616
67.0997,1.09615
67.1012,1.09614
67.1027,1.09613
67.1042,1.09613
67.1057,1.09612
67.1072,1.09611
67.1087,1.0961
67.1102,1.0961
67.1117,1.09609
67.1132,1.09608
67.1147,1.09608
67.1162,1.09607
67.1177,1.09606
67.1192,1.09606
67.1207,1.09605
67.1222,1.09605
67.1237,1.09604
67.1252,1.09603
67.1267,1.09603
67.1283,1.09602
67.1298,1.09602
67.1313,1.09601
67.1328,1.09601
67.1343,1.096
67.1358,1.096
67.1373,1.09599
67.1388,1.09599
67.1403,1.09599
67.1418,1.09598
67.1433,1.09598
67.1448,1.09598
67.1463,1.09597
67.1478,1.09597
67.1493,1.09597
67.1508,1.09596
67.1523,1.09596
67.1538,1.09596
67.1553,1.09596
67.1568,1.09595
67.1583,1.09595
67.1598,1.09595
67.1613,1.09595
67.1628,1.09595
67.1643,1.09594
67.1658,1.09594
67.1673,1.09594
67.1688,1.09594
67.1703,1.09594
67.1718,1.09594
67.1733,1.09594
67.1748,1.09594
67.1763,1.09594
67.1778,1.09594
67.1794,1.09594
67.1809,1.09594
67.1824,1.09594
67.1839,1.09594
67.1854,1.09594
67.1869,1.09594
67.1884,1.09594
67.1899,1.09594
67.1914,1.09594
67.1929,1.09594
67.1944,1.09594
67.1959,1.09595
67.1974,1.09595
67.1989,1.09595
67.2004,1.09595
67.2019,1.09595
67.2034,1.09595
67.2049,1.09596
67.2064,1.09596
67.2079,1.09596
67.2094,1.09596
67.2109,1.09596
67.2124,1.09596
67.2139,1.09597
67.2154,1.09597
67.2169,1.09597
67.2184,1.09598
67.2199,1.09598
67.2214,1.09598
67.2229,1.09599
67.2244,1.09599
67.2259,1.09599
67.2274,1.096
67.229,1.096
67.2305,1.096
67.232,1.096
67.2335,1.09601
67.235,1.09601
67.2365,1.09602
67.238,1.09602
67.2395,1.09602
67.241,1.09603
67.2425,1.09603
67.244,1.09603
67.2455,1.09604
67.247,1.09604
67.2485,1.09605
67.25,1.09605
67.2515,1.09605
67.253,1.09606
67.2545,1.09606
67.256,1.09606
67.2575,1.09607
67.259,1.09607
67.2605,1.09608
67.262,1.09608
67.2635,1.09608
67.265,1.09609
67.2665,1.09609
67.268,1.0961
67.2695,1.0961
67.271,1.09611
67.2725,1.09611
67.274,1.09611
67.2755,1.09612
67.277,1.09612
67.2785,1.09613
67.2801,1.09613
67.2816,1.09613
67.2831,1.09614
67.2846,1.09614
67.2861,1.09615
67.2876,1.09615
67.2891,1.09615
67.2906,1.09616
67.2921,1.09616
67.2936,1.09617
67.2951,1.09617
67.2966,1.09618
67.2981,1.09618
67.2996,1.09619
67.3011,1.09619
67.3026,1.09619
67.3041,1.0962
67.3056,1.0962
67.3071,1.09621
67.3086,1.09621
67.3101,1.09621
67.3116,1.09622
67.3131,1.09622
67.3146,1.09622
67.3161,1.09623
67.3176,1.09623
67.3191,1.09624
67.3206,1.09624
67.3221,1.09624
67.3236,1.09625
67.3251,1.09625
67.3266,1.09625
67.3281,1.09626
67.3297,1.09626
67.3312,1.09626
67.3327,1.09627
67.3342,1.09627
67.3357,1.09627
67.3372,1.09628
67.3387,1.09628
67.3402,1.09628
67.3417,1.09629
67.3432,1.09629
67.3447,1.09629
67.3462,1.0963
67.3477,1.0963
67.3492,1.0963
67.3507,1.09631
67.3522,1.09631
67.3537,1.09631
67.3552,1.09631
67.3567,1.09632
67.3582,1.09632
67.3597,1.09632
67.3612,1.09633
67.3627,1.09633
67.3642,1.09633
67.3657,1.09633
67.3672,1.09634
67.3687,1.09634
67.3702,1.09634
67.3717,1.09634
67.3732,1.09635
67.3747,1.09635
67.3762,1.09635
67.3777,1.09635
67.3792,1.09635
67.3808,1.09636
67.3823,1.09636
67.3838,1.09636
67.3853,1.09636
67.3868,1.09636
67.3883,1.09637
67.3898,1.09637
67.3913,1.09637
67.3928,1.09637
67.3943,1.09637
67.3958,1.09637
67.3973,1.09637
67.3988,1.09638
67.4003,1.09638
67.4018,1.09638
67.4033,1.09638
67.4048,1.09638
67.4063,1.09638
67.4078,1.09639
67.4093,1.09639
67.4108,1.09639
67.4123,1.09639
67.4138,1.09639
67.4153,1.09639
67.4168,1.09639
67.4183,1.09639
67.4198,1.09639
67.4213,1.0964
67.4228,1.0964
67.4243,1.0964
67.4258,1.0964
67.4273,1.0964
67.4288,1.0964
67.4304,1.09641
67.4319,1.09641
67.4334,1.09641
67.4349,1.09641
67.4364,1.09641
67.4379,1.09641
67.4394,1.09641
67.4409,1.09642
67.4424,1.09642
67.4439,1.09642
67.4454,1.09642
67.4469,1.09643
67.4484,1.09643
67.4499,1.09643
67.4514,1.09643
67.4529,1.09644
67.4544,1.09644
67.4559,1.09644
67.4574,1.09644
67.4589,1.09645
67.4604,1.09645
67.4619,1.09645
67.4634,1.09646
67.4649,1.09646
67.4664,1.09646
67.4679,1.09647
67.4694,1.09647
67.4709,1.09647
67.4724,1.09648
67.4739,1.09648
67.4754,1.09648
67.4769,1.09649
67.4784,1.09649
67.4799,1.0965
67.4815,1.0965
67.483,1.09651
67.4845,1.09651
67.486,1.09652
67.4875,1.09652
67.489,1.09653
67.4905,1.09653
67.492,1.09654
67.4935,1.09654
67.495,1.09655
67.4965,1.09655
67.498,1.09656
67.4995,1.09656
67.501,1.09657
67.5025,1.09658
67.504,1.09658
67.5055,1.09659
67.507,1.0966
67.5085,1.0966
67.51,1.09661
67.5115,1.09662
67.513,1.09663
67.5145,1.09663
67.516,1.09664
67.5175,1.09665
67.519,1.09665
67.5205,1.09666
67.522,1.09667
67.5235,1.09668
67.525,1.09668
67.5265,1.09669
67.528,1.0967
67.5295,1.09671
67.5311,1.09672
67.5326,1.09672
67.5341,1.09673
67.5356,1.09674
67.5371,1.09675
67.5386,1.09676
67.5401,1.09677
67.5416,1.09677
67.5431,1.09678
67.5446,1.09679
67.5461,1.0968
67.5476,1.09681
67.5491,1.09681
67.5506,1.09682
67.5521,1.09683
67.5536,1.09684
67.5551,1.09685
67.5566,1.09685
67.5581,1.09686
67.5596,1.09687
67.5611,1.09688
67.5626,1.09689
67.5641,1.09689
67.5656,1.0969
67.5671,1.09691
67.5686,1.09692
67.5701,1.09692
67.5716,1.09693
67.5731,1.09694
67.5746,1.09695
67.5761,1.09695
67.5776,1.09696
67.5791,1.09697
67.5807,1.09698
67.5822,1.09698
67.5837,1.09699
67.5852,1.097
67.5867,1.097
67.5882,1.09701
67.5897,1.09702
67.5912,1.09702
67.5927,1.09703
67.5942,1.09704
67.5957,1.09705
67.5972,1.09705
67.5987,1.09706
67.6002,1.09707
67.6017,1.09707
67.6032,1.09708
67.6047,1.09708
67.6062,1.09709
67.6077,1.0971
67.6092,1.0971
67.6107,1.09711
67.6122,1.09712
67.6137,1.09712
67.6152,1.09713
67.6167,1.09713
67.6182,1.09714
67.6197,1.09715
67.6212,1.09715
67.6227,1.09716
67.6242,1.09716
67.6257,1.09717
67.6272,1.09717
67.6287,1.09718
67.6302,1.09719
67.6318,1.09719
67.6333,1.0972
67.6348,1.0972
67.6363,1.09721
67.6378,1.09722
67.6393,1.09722
67.6408,1.09723
67.6423,1.09723
67.6438,1.09724
67.6453,1.09724
67.6468,1.09725
67.6483,1.09726
67.6498,1.09726
67.6513,1.09727
67.6528,1.09727
67.6543,1.09728
67.6558,1.09729
67.6573,1.09729
67.6588,1.0973
67.6603,1.0973
67.6618,1.09731
67.6633,1.09732
67.6648,1.09732
67.6663,1.09733
67.6678,1.09733
67.6693,1.09734
67.6708,1.09735
67.6723,1.09735
67.6738,1.09736
67.6753,1.09737
67.6768,1.09737
67.6783,1.09738
67.6798,1.09739
67.6814,1.09739
67.6829,1.0974
67.6844,1.09741
67.6859,1.09741
67.6874,1.09742
67.6889,1.09743
67.6904,1.09743
67.6919,1.09744
67.6934,1.09744
67.6949,1.09745
67.6964,1.09746
67.6979,1.09746
67.6994,1.09747
67.7009,1.09748
67.7024,1.09749
67.7039,1.09749
67.7054,1.0975
67.7069,1.09751
67.7084,1.09751
67.7099,1.09752
67.7114,1.09753
67.7129,1.09753
67.7144,1.09754
67.7159,1.09755
67.7174,1.09755
67.7189,1.09756
67.7204,1.09757
67.7219,1.09758
67.7234,1.09758
67.7249,1.09759
67.7264,1.0976
67.7279,1.0976
67.7294,1.09761
67.7309,1.09762
67.7325,1.09763
67.734,1.09763
67.7355,1.09764
67.737,1.09765
67.7385,1.09765
67.74,1.09766
67.7415,1.09767
67.743,1.09768
67.7445,1.09768
67.746,1.09769
67.7475,1.0977
67.749,1.0977
67.7505,1.09771
67.752,1.09772
67.7535,1.09772
67.755,1.09773
67.7565,1.09774
67.758,1.09775
67.7595,1.09775
67.761,1.09776
67.7625,1.09777
67.764,1.09777
67.7655,1.09778
67.767,1.09779
67.7685,1.09779
67.77,1.0978
67.7715,1.09781
67.773,1.09781
67.7745,1.09782
67.776,1.09783
67.7775,1.09783
67.779,1.09784
67.7805,1.09784
67.7821,1.09785
67.7836,1.09786
67.7851,1.09786
67.7866,1.09787
67.7881,1.09788
67.7896,1.09788
67.7911,1.09789
67.7926,1.09789
67.7941,1.0979
67.7956,1.09791
67.7971,1.09791
67.7986,1.09792
67.8001,1.09792
67.8016,1.09793
67.8031,1.09793
67.8046,1.09794
67.8061,1.09794
67.8076,1.09795
67.8091,1.09795
67.8106,1.09796
67.8121,1.09796
67.8136,1.09797
67.8151,1.09797
67.8166,1.09798
67.8181,1.09798
67.8196,1.09798
67.8211,1.09799
67.8226,1.09799
67.8241,1.098
67.8256,1.098
67.8271,1.09801
67.8286,1.09801
67.8301,1.09801
67.8316,1.09802
67.8332,1.09802
67.8347,1.09803
67.8362,1.09803
67.8377,1.09803
67.8392,1.09804
67.8407,1.09804
67.8422,1.09804
67.8437,1.09805
67.8452,1.09805
67.8467,1.09805
67.8482,1.09805
67.8497,1.09806
67.8512,1.09806
67.8527,1.09806
67.8542,1.09806
67.8557,1.09807
67.8572,1.09807
67.8587,1.09807
67.8602,1.09808
67.8617,1.09808
67.8632,1.09808
67.8647,1.09808
67.8662,1.09808
67.8677,1.09809
67.8692,1.09809
67.8707,1.09809
67.8722,1.09809
67.8737,1.09809
67.8752,1.0981
67.8767,1.0981
67.8782,1.0981
67.8797,1.0981
67.8812,1.0981
67.8828,1.0981
67.8843,1.09811
67.8858,1.09811
67.8873,1.09811
67.8888,1.09811
67.8903,1.09811
67.8918,1.09811
67.8933,1.09811
67.8948,1.09811
67.8963,1.09811
67.8978,1.09812
67.8993,1.09812
67.9008,1.09812
67.9023,1.09812
67.9038,1.09812
67.9053,1.09812
67.9068,1.09812
67.9083,1.09812
67.9098,1.09812
67.9113,1.09812
67.9128,1.09812
67.9143,1.09812
67.9158,1.09812
67.9173,1.09813
67.9188,1.09812
67.9203,1.09813
67.9218,1.09812
67.9233,1.09813
67.9248,1.09813
67.9263,1.09813
67.9278,1.09813
67.9293,1.09813
67.9308,1.09813
67.9324,1.09813
67.9339,1.09813
67.9354,1.09813
67.9369,1.09813
67.9384,1.09812
67.9399,1.09812
67.9414,1.09813
67.9429,1.09812
67.9444,1.09812
67.9459,1.09812
67.9474,1.09812
67.9489,1.09812
67.9504,1.09812
67.9519,1.09812
67.9534,1.09812
67.9549,1.09812
67.9564,1.09812
67.9579,1.09812
67.9594,1.09812
67.9609,1.09812
67.9624,1.09812
67.9639,1.09812
67.9654,1.09812
67.9669,1.09812
67.9684,1.09812
67.9699,1.09812
67.9714,1.09812
67.9729,1.09812
67.9744,1.09812
67.9759,1.09812
67.9774,1.09811
67.9789,1.09811
67.9804,1.09811
67.9819,1.09811
67.9835,1.09811
67.985,1.09811
67.9865,1.09811
67.988,1.09811
67.9895,1.09811
67.991,1.09811
67.9925,1.09811
67.994,1.09811
67.9955,1.09811
67.997,1.09811
