time,average_density
0.0015,1.08459
0.003,1.08459
0.0045,1.08459
0.006,1.08459
0.0075,1.08459
0.009,1.08459
0.0105,1.08459
0.012,1.08459
0.0135,1.08459
0.015,1.08459
0.0165,1.08459
0.018,1.08459
0.0195,1.08459
0.021,1.08458
0.0225,1.08458
0.024,1.08458
0.0255,1.08457
0.027,1.08457
0.0285,1.08457
0.03,1.08457
0.0315,1.08457
0.033,1.08457
0.0345,1.08457
0.036,1.08457
0.0375,1.08457
0.039,1.08457
0.0405,1.08456
0.042,1.08456
0.0435,1.08456
0.045,1.08455
0.0465,1.08455
0.048,1.08455
0.0495,1.08455
0.051,1.08455
0.0525,1.08455
0.054,1.08455
0.0555,1.08454
0.057,1.08454
0.0585,1.08454
0.06,1.08453
0.0615,1.08453
0.063,1.08453
0.0645,1.08453
0.066,1.08452
0.0675,1.08452
0.069,1.08452
0.0705,1.08452
0.072,1.08451
0.0735,1.0845
0.075,1.0845
0.0765,1.0845
0.078,1.08449
0.0795,1.08449
0.081,1.08449
0.0825,1.08448
0.084,1.08448
0.0855,1.08447
0.087,1.08447
0.0885,1.08447
0.09,1.08447
0.0915,1.08447
0.093,1.08446
0.0945,1.08446
0.0960001,1.08446
0.0975001,1.08446
0.0990001,1.08445
0.1005,1.08445
0.102,1.08444
0.1035,1.08444
0.105,1.08444
0.1065,1.08443
0.108,1.08443
0.1095,1.08443
0.111,1.08443
0.1125,1.08442
0.114,1.08441
0.1155,1.08441
0.117,1.08441
0.1185,1.08441
0.12,1.0844
0.1215,1.0844
0.123,1.0844
0.1245,1.08439
0.126,1.08439
0.1275,1.08439
0.129,1.08438
0.1305,1.08438
0.132,1.08438
0.1335,1.08437
0.135,1.08437
0.1365,1.08436
0.138,1.08436
0.1395,1.08436
0.141,1.08435
0.1425,1.08435
0.144,1.08435
0.1455,1.08435
0.147,1.08434
0.1485,1.08434
0.15,1.08434
0.1515,1.08434
0.153,1.08433
0.1545,1.08433
0.156,1.08433
0.1575,1.08432
0.159,1.08432
0.1605,1.08432
0.162,1.08431
0.1635,1.08431
0.165,1.08431
0.1665,1.0843
0.168,1.0843
0.1695,1.0843
0.171,1.08429
0.1725,1.08429
0.174,1.08429
0.1755,1.08428
0.177,1.08428
0.1785,1.08428
0.18,1.08427
0.1815,1.08427
0.183,1.08427
0.1845,1.08427
0.186,1.08426
0.1875,1.08426
0.189,1.08426
0.1905,1.08425
0.192,1.08425
0.1935,1.08425
0.195,1.08425
0.1965,1.08425
0.198,1.08424
0.1995,1.08424
0.201,1.08424
0.2025,1.08423
0.204,1.08423
0.2055,1.08423
0.207,1.08423
0.2085,1.08423
0.21,1.08422
0.2115,1.08422
0.213,1.08422
0.2145,1.08422
0.216,1.08422
0.2175,1.08421
0.219,1.08421
0.2205,1.08421
0.222,1.0842
0.2235,1.0842
0.225,1.0842
0.2265,1.0842
0.228,1.0842
0.2295,1.08419
0.231,1.08419
0.2325,1.08419
0.234,1.08419
0.2355,1.08419
0.237,1.08418
0.2385,1.08418
0.24,1.08418
0.2415,1.08417
0.243,1.08417
0.2445,1.08417
0.246,1.08417
0.2475,1.08417
0.249,1.08417
0.2505,1.08417
0.252,1.08417
0.2535,1.08416
0.255,1.08416
0.2565,1.08416
0.258,1.08416
0.2595,1.08416
0.261,1.08416
0.2625,1.08415
0.264,1.08415
0.2655,1.08415
0.267,1.08415
0.2685,1.08415
0.27,1.08414
0.2715,1.08414
0.273,1.08414
0.2745,1.08414
0.276,1.08414
0.2775,1.08414
0.279,1.08414
0.2805,1.08414
0.282,1.08414
0.2835,1.08414
0.285,1.08414
0.2865,1.08413
0.288,1.08413
0.2895,1.08413
0.291,1.08413
0.2925,1.08413
0.294,1.08412
0.2955,1.08412
0.297,1.08412
0.2985,1.08412
0.3,1.08412
0.3015,1.08412
0.303,1.08412
0.3045,1.08412
0.306,1.08412
0.3075,1.08412
0.309,1.08412
0.3105,1.08412
0.312,1.08411
0.3135,1.08411
0.315,1.08411
0.3165,1.08411
0.318,1.08411
0.3195,1.08411
0.321,1.08411
0.3225,1.08411
0.324,1.08411
0.3255,1.08411
0.327,1.08411
0.3285,1.08411
0.33,1.08411
0.3315,1.08411
0.333,1.08411
0.3345,1.08411
0.336,1.08411
0.3375,1.08411
0.339,1.08411
0.3405,1.08411
0.342,1.08411
0.3435,1.08411
0.345,1.08411
0.3465,1.08411
0.348,1.08412
0.3495,1.08412
0.351,1.08412
0.3525,1.08412
0.354,1.08412
0.3555,1.08412
0.357,1.08412
0.358501,1.08412
0.360001,1.08412
0.361501,1.08412
0.363001,1.08412
0.364501,1.08412
0.366001,1.08412
0.367501,1.08412
0.369001,1.08412
0.370501,1.08413
0.372001,1.08413
0.373501,1.08413
0.375001,1.08413
0.376501,1.08413
0.378001,1.08413
0.379501,1.08413
0.381001,1.08413
0.382501,1.08413
0.384001,1.08413
0.385501,1.08414
0.387001,1.08414
0.388501,1.08414
0.390001,1.08414
0.391501,1.08415
0.393001,1.08415
0.394501,1.08415
0.396001,1.08415
0.397501,1.08415
0.399001,1.08416
0.400501,1.08416
0.402001,1.08416
0.403501,1.08416
0.405001,1.08416
0.406501,1.08417
0.408001,1.08417
0.409501,1.08417
0.411001,1.08417
0.412501,1.08418
0.414001,1.08418
0.415501,1.08418
0.417001,1.08419
0.418501,1.08419
0.420001,1.08419
0.421501,1.0842
0.423001,1.0842
0.424501,1.0842
0.426001,1.0842
0.427501,1.0842
0.429001,1.08421
0.430501,1.08421
0.432001,1.08422
0.433501,1.08422
0.435001,1.08422
0.436501,1.08423
0.438001,1.08423
0.439501,1.08424
0.441001,1.08424
0.442501,1.08424
0.444001,1.08425
0.445501,1.08425
0.447001,1.08426
0.448501,1.08426
0.450001,1.08427
0.451501,1.08427
0.453001,1.08427
0.454501,1.08428
0.456001,1.08429
0.457501,1.08429
0.459001,1.08429
0.460501,1.0843
0.462001,1.08431
0.463501,1.08431
0.465001,1.08432
0.466501,1.08432
0.468001,1.08433
0.469501,1.08433
0.471001,1.08434
0.472501,1.08434
0.474001,1.08435
0.475501,1.08435
0.477001,1.08436
0.478501,1.08437
0.480001,1.08437
0.481501,1.08438
0.483001,1.08439
0.484501,1.08439
0.486001,1.0844
0.487501,1.08441
0.489001,1.08441
0.490501,1.08442
0.492001,1.08443
0.493501,1.08443
0.495001,1.08444
0.496501,1.08445
0.498001,1.08445
0.499501,1.08446
0.501001,1.08447
0.502501,1.08448
0.504001,1.08449
0.505502,1.08449
0.507002,1.0845
0.508502,1.08451
0.510002,1.08452
0.511502,1.08453
0.513002,1.08453
0.514502,1.08454
0.516002,1.08455
0.517502,1.08456
0.519002,1.08457
0.520502,1.08458
0.522002,1.08459
0.523502,1.0846
0.525002,1.08461
0.526502,1.08461
0.528002,1.08462
0.529502,1.08463
0.531002,1.08464
0.532502,1.08465
0.534002,1.08466
0.535502,1.08467
0.537002,1.08468
0.538502,1.08469
0.540002,1.0847
0.541502,1.08471
0.543002,1.08472
0.544502,1.08474
0.546002,1.08475
0.547502,1.08476
0.549002,1.08477
0.550502,1.08478
0.552002,1.08479
0.553502,1.0848
0.555002,1.08482
0.556502,1.08483
0.558002,1.08484
0.559502,1.08485
0.561002,1.08487
0.562502,1.08488
0.564002,1.08489
0.565502,1.0849
0.567002,1.08492
0.568502,1.08493
0.570002,1.08494
0.571502,1.08495
0.573002,1.08497
0.574502,1.08498
0.576002,1.085
0.577502,1.08501
0.579002,1.08502
0.580502,1.08504
0.582002,1.08505
0.583502,1.08507
0.585002,1.08508
0.586502,1.0851
0.588002,1.08511
0.589502,1.08513
0.591002,1.08514
0.592502,1.08516
0.594002,1.08517
0.595502,1.08519
0.597002,1.08521
0.598502,1.08522
0.600002,1.08524
0.601502,1.08525
0.603002,1.08527
0.604502,1.08529
0.606002,1.0853
0.607502,1.08532
0.609002,1.08534
0.610502,1.08536
0.612002,1.08537
0.613502,1.08539
0.615002,1.08541
0.616502,1.08543
0.618002,1.08545
0.619502,1.08546
0.621002,1.08548
0.622502,1.0855
0.624002,1.08552
0.625502,1.08554
0.627002,1.08556
0.628502,1.08558
0.630002,1.0856
0.631502,1.08562
0.633002,1.08564
0.634502,1.08566
0.636002,1.08568
0.637502,1.0857
0.639002,1.08572
0.640502,1.08574
0.642002,1.08576
0.643502,1.08579
0.645002,1.08581
0.646502,1.08583
0.648003,1.08585
0.649503,1.08587
0.651003,1.0859
0.652503,1.08592
0.654003,1.08594
0.655503,1.08597
0.657003,1.08599
0.658503,1.08601
0.660003,1.08604
0.661503,1.08606
0.663003,1.08608
0.664503,1.08611
0.666003,1.08613
0.667503,1.08616
0.669003,1.08618
0.670503,1.08621
0.672003,1.08623
0.673503,1.08626
0.675003,1.08628
0.676503,1.08631
0.678003,1.08634
0.679503,1.08636
0.681003,1.08639
0.682503,1.08642
0.684003,1.08645
0.685503,1.08647
0.687003,1.0865
0.688503,1.08653
0.690003,1.08656
0.691503,1.08659
0.693003,1.08661
0.694503,1.08664
0.696003,1.08667
0.697503,1.0867
0.699003,1.08673
0.700503,1.08676
0.702003,1.08679
0.703503,1.08682
0.705003,1.08685
0.706503,1.08688
0.708003,1.08691
0.709503,1.08695
0.711003,1.08698
0.712503,1.08701
0.714003,1.08704
0.715503,1.08707
0.717003,1.08711
0.718503,1.08714
0.720003,1.08717
0.721503,1.0872
0.723003,1.08724
0.724503,1.08727
0.726003,1.08731
0.727503,1.08734
0.729003,1.08737
0.730503,1.08741
0.732003,1.08744
0.733503,1.08748
0.735003,1.08752
0.736503,1.08755
0.738003,1.08759
0.739503,1.08763
0.741003,1.08766
0.742503,1.0877
0.744003,1.08774
0.745503,1.08777
0.747003,1.08781
0.748503,1.08785
0.750003,1.08789
0.751503,1.08793
0.753003,1.08797
0.754503,1.088
0.756003,1.08804
0.757503,1.08808
0.759003,1.08812
0.760503,1.08816
0.762003,1.0882
0.763503,1.08825
0.765003,1.08829
0.766503,1.08833
0.768003,1.08837
0.769503,1.08841
0.771003,1.08846
0.772503,1.0885
0.774003,1.08854
0.775503,1.08858
0.777003,1.08863
0.778503,1.08867
0.780003,1.08872
0.781503,1.08876
0.783003,1.08881
0.784503,1.08886
0.786003,1.0889
0.787503,1.08895
0.789003,1.089
0.790504,1.08904
0.792004,1.08909
0.793504,1.08914
0.795004,1.08919
0.796504,1.08924
0.798004,1.08929
0.799504,1.08935
0.801004,1.0894
0.802504,1.08945
0.804004,1.0895
0.805504,1.08956
0.807004,1.08961
0.808504,1.08967
0.810004,1.08972
0.811504,1.08978
0.813004,1.08984
0.814504,1.0899
0.816004,1.08996
0.817504,1.09002
0.819004,1.09008
0.820504,1.09014
0.822004,1.0902
0.823504,1.09026
0.825004,1.09033
0.826504,1.09039
0.828004,1.09046
0.829504,1.09052
0.831004,1.09059
0.832504,1.09066
0.834004,1.09073
0.835504,1.0908
0.837004,1.09087
0.838504,1.09094
0.840004,1.09101
0.841504,1.09108
0.843004,1.09115
0.844504,1.09123
0.846004,1.0913
0.847504,1.09138
0.849004,1.09146
0.850504,1.09154
0.852004,1.09161
0.853504,1.09169
0.855004,1.09177
0.856504,1.09185
0.858004,1.09194
0.859504,1.09202
0.861004,1.0921
0.862504,1.09219
0.864004,1.09227
0.865504,1.09236
0.867004,1.09245
0.868504,1.09253
0.870004,1.09262
0.871504,1.09271
0.873004,1.0928
0.874504,1.09289
0.876004,1.09299
0.877504,1.09308
0.879004,1.09317
0.880504,1.09327
0.882004,1.09336
0.883504,1.09346
0.885004,1.09355
0.886504,1.09365
0.888004,1.09375
0.889504,1.09385
0.891004,1.09395
0.892504,1.09405
0.894004,1.09415
0.895504,1.09425
0.897004,1.09435
0.898504,1.09445
0.900004,1.09455
0.901504,1.09466
0.903004,1.09476
0.904504,1.09486
0.906004,1.09497
0.907504,1.09507
0.909004,1.09518
0.910504,1.09529
0.912004,1.09539
0.913504,1.0955
0.915004,1.09561
0.916504,1.09571
0.918004,1.09582
0.919504,1.09593
0.921004,1.09604
0.922504,1.09615
0.924004,1.09625
0.925504,1.09636
0.927004,1.09647
0.928504,1.09658
0.930004,1.09669
0.931504,1.0968
0.933004,1.09691
0.934505,1.09702
0.936005,1.09713
0.937505,1.09724
0.939005,1.09735
0.940505,1.09746
0.942005,1.09757
0.943505,1.09768
0.945005,1.09779
0.946505,1.0979
0.948005,1.09801
0.949505,1.09812
0.951005,1.09823
0.952505,1.09834
0.954005,1.09845
0.955505,1.09856
0.957005,1.09867
0.958505,1.09878
0.960005,1.09889
0.961505,1.099
0.963005,1.09911
0.964505,1.09922
0.966005,1.09933
0.967505,1.09944
0.969005,1.09955
0.970505,1.09966
0.972005,1.09977
0.973505,1.09988
0.975005,1.09998
0.976505,1.10009
0.978005,1.1002
0.979505,1.10031
0.981005,1.10042
0.982505,1.10053
0.984005,1.10063
0.985505,1.10074
0.987005,1.10085
0.988505,1.10096
0.990005,1.10106
0.991505,1.10117
0.993005,1.10128
0.994505,1.10138
0.996005,1.10149
0.997505,1.1016
0.999005,1.1017
1.0005,1.10181
1.002,1.10192
1.0035,1.10202
1.00501,1.10213
1.00651,1.10223
1.00801,1.10234
1.00951,1.10244
1.01101,1.10255
1.01251,1.10266
1.01401,1.10276
1.01551,1.10286
1.01701,1.10297
1.01851,1.10307
1.02001,1.10318
1.02151,1.10328
1.02301,1.10339
1.02451,1.10349
1.02601,1.10359
1.02751,1.1037
1.02901,1.1038
1.03051,1.10391
1.03201,1.10401
1.03351,1.10412
1.03501,1.10422
1.03651,1.10432
1.03801,1.10443
1.03951,1.10453
1.04101,1.10463
1.04251,1.10474
1.04401,1.10484
1.04551,1.10494
1.04701,1.10505
1.04851,1.10515
1.05001,1.10525
1.05151,1.10536
1.05301,1.10546
1.05451,1.10556
1.05601,1.10567
1.05751,1.10577
1.05901,1.10587
1.06051,1.10598
1.06201,1.10608
1.06351,1.10618
1.06501,1.10629
1.06651,1.10639
1.06801,1.10649
1.06951,1.1066
1.07101,1.1067
1.07251,1.1068
1.07401,1.10691
1.07551,1.10701
1.07701,1.10712
1.07851,1.10722
1.08001,1.10732
1.08151,1.10743
1.08301,1.10753
1.08451,1.10764
1.08601,1.10774
1.08751,1.10784
1.08901,1.10795
1.09051,1.10805
1.09201,1.10816
1.09351,1.10826
1.09501,1.10837
1.09651,1.10847
1.09801,1.10858
1.09951,1.10868
1.10101,1.10879
1.10251,1.10889
1.10401,1.109
1.10551,1.1091
1.10701,1.10921
1.10851,1.10931
1.11001,1.10942
1.11151,1.10952
1.11301,1.10963
1.11451,1.10973
1.11601,1.10984
1.11751,1.10995
1.11901,1.11005
1.12051,1.11016
1.12201,1.11026
1.12351,1.11037
1.12501,1.11048
1.12651,1.11058
1.12801,1.11069
1.12951,1.1108
1.13101,1.1109
1.13251,1.11101
1.13401,1.11112
1.13551,1.11123
1.13701,1.11133
1.13851,1.11144
1.14001,1.11155
1.14151,1.11166
1.14301,1.11176
1.14451,1.11187
1.14601,1.11198
1.14751,1.11209
1.14901,1.11219
1.15051,1.1123
1.15201,1.11241
1.15351,1.11252
1.15501,1.11263
1.15651,1.11274
1.15801,1.11285
1.15951,1.11296
1.16101,1.11307
1.16251,1.11317
1.16401,1.11328
1.16551,1.11339
1.16701,1.1135
1.16851,1.11361
1.17001,1.11372
1.17151,1.11383
1.17301,1.11394
1.17451,1.11405
1.17601,1.11416
1.17751,1.11427
1.17901,1.11438
1.18051,1.11449
1.18201,1.11461
1.18351,1.11472
1.18501,1.11483
1.18651,1.11494
1.18801,1.11505
1.18951,1.11516
1.19101,1.11527
1.19251,1.11538
1.19401,1.1155
1.19551,1.11561
1.19701,1.11572
1.19851,1.11583
1.20001,1.11594
1.20151,1.11606
1.20301,1.11617
1.20451,1.11628
1.20601,1.11639
1.20751,1.11651
1.20901,1.11662
1.21051,1.11673
1.21201,1.11685
1.21351,1.11696
1.21501,1.11707
1.21651,1.11719
1.21801,1.1173
1.21951,1.11741
1.22101,1.11753
1.22251,1.11764
1.22401,1.11776
1.22551,1.11787
1.22701,1.11798
1.22851,1.1181
1.23001,1.11821
1.23151,1.11833
1.23301,1.11844
1.23451,1.11856
1.23601,1.11867
1.23751,1.11879
1.23901,1.1189
1.24051,1.11902
1.24201,1.11914
1.24351,1.11925
1.24501,1.11937
1.24651,1.11948
1.24801,1.1196
1.24951,1.11971
1.25101,1.11983
1.25251,1.11995
1.25401,1.12006
1.25551,1.12018
1.25701,1.1203
1.25851,1.12041
1.26001,1.12053
1.26151,1.12065
1.26301,1.12076
1.26451,1.12088
1.26601,1.121
1.26751,1.12112
1.26901,1.12123
1.27051,1.12135
1.27201,1.12147
1.27351,1.12159
1.27501,1.1217
1.27651,1.12182
1.27801,1.12194
1.27951,1.12206
1.28101,1.12218
1.28251,1.12229
1.28401,1.12241
1.28551,1.12253
1.28701,1.12265
1.28851,1.12277
1.29001,1.12289
1.29151,1.123
1.29301,1.12312
1.29451,1.12324
1.29601,1.12336
1.29751,1.12348
1.29901,1.12359
1.30051,1.12371
1.30201,1.12383
1.30351,1.12395
1.30501,1.12407
1.30651,1.12419
1.30801,1.12431
1.30951,1.12442
1.31101,1.12454
1.31251,1.12466
1.31401,1.12478
1.31551,1.1249
1.31701,1.12502
1.31851,1.12514
1.32001,1.12526
1.32151,1.12538
1.32301,1.1255
1.32451,1.12561
1.32601,1.12573
1.32751,1.12585
1.32901,1.12597
1.33051,1.12609
1.33201,1.12621
1.33351,1.12633
1.33501,1.12645
1.33651,1.12657
1.33801,1.12669
1.33951,1.1268
1.34101,1.12692
1.34251,1.12704
1.34401,1.12716
1.34551,1.12728
1.34701,1.1274
1.34851,1.12752
1.35001,1.12764
1.35151,1.12776
1.35301,1.12788
1.35451,1.128
1.35601,1.12812
1.35751,1.12824
1.35901,1.12836
1.36051,1.12848
1.36201,1.1286
1.36351,1.12872
1.36501,1.12884
1.36651,1.12896
1.36801,1.12908
1.36951,1.1292
1.37101,1.12932
1.37251,1.12944
1.37401,1.12956
1.37551,1.12968
1.37701,1.1298
1.37851,1.12992
1.38001,1.13004
1.38151,1.13016
1.38301,1.13028
1.38451,1.1304
1.38601,1.13052
1.38751,1.13064
1.38901,1.13076
1.39051,1.13088
1.39201,1.131
1.39351,1.13112
1.39501,1.13124
1.39651,1.13136
1.39801,1.13148
1.39951,1.1316
1.40101,1.13172
1.40251,1.13184
1.40401,1.13197
1.40551,1.13209
1.40701,1.13221
1.40851,1.13233
1.41001,1.13245
1.41151,1.13257
1.41301,1.13269
1.41451,1.13282
1.41601,1.13294
1.41751,1.13306
1.41901,1.13318
1.42051,1.1333
1.42201,1.13342
1.42351,1.13354
1.42501,1.13367
1.42651,1.13379
1.42801,1.13391
1.42951,1.13403
1.43101,1.13416
1.43251,1.13428
1.43401,1.1344
1.43551,1.13452
1.43701,1.13464
1.43851,1.13477
1.44001,1.13489
1.44151,1.13501
1.44301,1.13514
1.44451,1.13526
1.44601,1.13538
1.44751,1.1355
1.44901,1.13563
1.45051,1.13575
1.45201,1.13587
1.45351,1.136
1.45501,1.13612
1.45651,1.13624
1.45801,1.13637
1.45951,1.13649
1.46101,1.13661
1.46251,1.13674
1.46401,1.13686
1.46551,1.13699
1.46701,1.13711
1.46851,1.13723
1.47001,1.13736
1.47151,1.13748
1.47301,1.13761
1.47451,1.13773
1.47601,1.13786
1.47751,1.13798
1.47901,1.13811
1.48051,1.13823
1.48201,1.13836
1.48351,1.13848
1.48501,1.1386
1.48651,1.13873
1.48801,1.13886
1.48951,1.13898
1.49101,1.13911
1.49251,1.13923
1.49401,1.13936
1.49551,1.13948
1.49701,1.13961
1.49851,1.13973
1.50001,1.13986
1.50151,1.13999
1.50301,1.14011
1.50451,1.14024
1.50601,1.14037
1.50751,1.14049
1.50901,1.14062
1.51051,1.14075
1.51201,1.14087
1.51351,1.141
1.51501,1.14112
1.51651,1.14125
1.51801,1.14138
1.51951,1.1415
1.52101,1.14163
1.52251,1.14176
1.52401,1.14189
1.52551,1.14201
1.52701,1.14214
1.52851,1.14227
1.53001,1.1424
1.53151,1.14252
1.53301,1.14265
1.53451,1.14278
1.53601,1.14291
1.53751,1.14303
1.53901,1.14316
1.54051,1.14329
1.54201,1.14342
1.54351,1.14355
1.54501,1.14368
1.54651,1.1438
1.54801,1.14393
1.54951,1.14406
1.55101,1.14419
1.55251,1.14432
1.55401,1.14445
1.55551,1.14458
1.55701,1.1447
1.55851,1.14483
1.56001,1.14496
1.56151,1.14509
1.56301,1.14522
1.56451,1.14535
1.56601,1.14548
1.56751,1.14561
1.56901,1.14574
1.57051,1.14587
1.57201,1.146
1.57351,1.14613
1.57501,1.14626
1.57651,1.14639
1.57801,1.14651
1.57951,1.14665
1.58101,1.14677
1.58251,1.1469
1.58401,1.14703
1.58551,1.14716
1.58701,1.14729
1.58851,1.14742
1.59001,1.14756
1.59151,1.14769
1.59301,1.14782
1.59451,1.14795
1.59601,1.14808
1.59751,1.14821
1.59901,1.14834
1.60051,1.14847
1.60201,1.1486
1.60351,1.14873
1.60501,1.14886
1.60651,1.14899
1.60801,1.14912
1.60951,1.14925
1.61101,1.14938
1.61251,1.14952
1.61401,1.14965
1.61551,1.14978
1.61701,1.14991
1.61851,1.15004
1.62001,1.15017
1.62151,1.1503
1.62301,1.15044
1.62451,1.15057
1.62601,1.1507
1.62751,1.15083
1.62901,1.15096
1.63051,1.1511
1.63201,1.15123
1.63351,1.15136
1.63501,1.15149
1.63651,1.15162
1.63801,1.15176
1.63951,1.15189
1.64101,1.15202
1.64251,1.15215
1.64401,1.15228
1.64551,1.15242
1.64701,1.15255
1.64851,1.15268
1.65001,1.15282
1.65151,1.15295
1.65301,1.15308
1.65451,1.15321
1.65601,1.15335
1.65751,1.15348
1.65901,1.15361
1.66051,1.15375
1.66201,1.15388
1.66351,1.15401
1.66501,1.15415
1.66651,1.15428
1.66801,1.15441
1.66951,1.15455
1.67101,1.15468
1.67251,1.15481
1.67401,1.15495
1.67551,1.15508
1.67701,1.15521
1.67851,1.15535
1.68001,1.15548
1.68151,1.15562
1.68301,1.15575
1.68451,1.15589
1.68601,1.15602
1.68751,1.15616
1.68901,1.15629
1.69051,1.15642
1.69201,1.15656
1.69351,1.15669
1.69501,1.15683
1.69651,1.15696
1.69801,1.1571
1.69951,1.15723
1.70101,1.15737
1.70251,1.1575
1.70401,1.15764
1.70551,1.15777
1.70701,1.15791
1.70851,1.15804
1.71001,1.15818
1.71151,1.15831
1.71301,1.15845
1.71451,1.15859
1.71601,1.15872
1.71751,1.15886
1.71901,1.15899
1.72051,1.15913
1.72201,1.15927
1.72351,1.1594
1.72501,1.15954
1.72651,1.15967
1.72801,1.15981
1.72951,1.15995
1.73101,1.16009
1.73251,1.16022
1.73401,1.16036
1.73551,1.1605
1.73701,1.16063
1.73851,1.16077
1.74001,1.16091
1.74151,1.16104
1.74301,1.16118
1.74451,1.16132
1.74601,1.16146
1.74751,1.1616
1.74901,1.16173
1.75051,1.16187
1.75201,1.16201
1.75351,1.16215
1.75501,1.16229
1.75651,1.16243
1.75801,1.16256
1.75951,1.1627
1.76101,1.16284
1.76251,1.16298
1.76401,1.16312
1.76551,1.16326
1.76701,1.16339
1.76851,1.16353
1.77001,1.16367
1.77151,1.16381
1.77301,1.16395
1.77451,1.16409
1.77601,1.16423
1.77751,1.16437
1.77901,1.16451
1.78051,1.16465
1.78201,1.16479
1.78351,1.16493
1.78501,1.16507
1.78651,1.16521
1.78801,1.16535
1.78951,1.16549
1.79101,1.16563
1.79251,1.16577
1.79401,1.16591
1.79551,1.16605
1.79701,1.16619
1.79851,1.16633
1.80001,1.16647
1.80151,1.16661
1.80301,1.16675
1.80451,1.16689
1.80601,1.16703
1.80751,1.16717
1.80901,1.16731
1.81051,1.16746
1.81201,1.1676
1.81351,1.16774
1.81501,1.16788
1.81651,1.16802
1.81801,1.16816
1.81951,1.1683
1.82101,1.16844
1.82251,1.16858
1.82401,1.16872
1.82551,1.16886
1.82701,1.169
1.82851,1.16914
1.83001,1.16929
1.83151,1.16943
1.83301,1.16957
1.83451,1.16971
1.83601,1.16985
1.83751,1.16999
1.83901,1.17013
1.84051,1.17027
1.84201,1.17041
1.84351,1.17055
1.84501,1.17069
1.84651,1.17083
1.84801,1.17097
1.84951,1.17111
1.85101,1.17125
1.85251,1.17139
1.85401,1.17153
1.85551,1.17166
1.85701,1.1718
1.85851,1.17194
1.86001,1.17208
1.86151,1.17222
1.86301,1.17236
1.86451,1.1725
1.86601,1.17263
1.86751,1.17277
1.86901,1.17291
1.87051,1.17304
1.87201,1.17318
1.87351,1.17332
1.87501,1.17345
1.87651,1.17359
1.87801,1.17372
1.87951,1.17386
1.88101,1.17399
1.88251,1.17412
1.88401,1.17426
1.88551,1.17439
1.88701,1.17452
1.88851,1.17466
1.89001,1.17479
1.89151,1.17492
1.89301,1.17505
1.89451,1.17518
1.89601,1.17531
1.89751,1.17544
1.89901,1.17557
1.90051,1.1757
1.90201,1.17583
1.90351,1.17595
1.90501,1.17608
1.90651,1.17621
1.90801,1.17633
1.90951,1.17646
1.91101,1.17658
1.91251,1.1767
1.91401,1.17683
1.91551,1.17695
1.91701,1.17707
1.91851,1.17719
1.92001,1.17731
1.92151,1.17743
1.92301,1.17754
1.92451,1.17766
1.92601,1.17778
1.92751,1.17789
1.92901,1.17801
1.93051,1.17812
1.93201,1.17823
1.93351,1.17834
1.93501,1.17845
1.93651,1.17856
1.93801,1.17867
1.93951,1.17878
1.94101,1.17889
1.94251,1.17899
1.94401,1.17909
1.94551,1.1792
1.94701,1.1793
1.94851,1.1794
1.95001,1.1795
1.95151,1.1796
1.95301,1.1797
1.95451,1.17979
1.95601,1.17989
1.95751,1.17998
1.95901,1.18007
1.96051,1.18017
1.96201,1.18026
1.96351,1.18034
1.96501,1.18043
1.96651,1.18052
1.96801,1.1806
1.96951,1.18068
1.97101,1.18077
1.97251,1.18085
1.97401,1.18093
1.97551,1.181
1.97701,1.18108
1.97851,1.18115
1.98001,1.18123
1.98151,1.1813
1.98301,1.18137
1.98451,1.18144
1.98601,1.18151
1.98751,1.18157
1.98901,1.18164
1.99051,1.1817
1.99201,1.18176
1.99351,1.18182
1.99501,1.18188
1.99651,1.18194
1.99801,1.18199
1.99951,1.18205
2.00101,1.1821
2.00251,1.18215
2.00401,1.1822
2.00551,1.18225
2.00701,1.1823
2.00851,1.18234
2.01001,1.18238
2.01151,1.18242
2.01301,1.18246
2.01451,1.1825
2.01601,1.18254
2.01751,1.18258
2.01901,1.18261
2.02051,1.18264
2.02201,1.18267
2.02351,1.1827
2.02501,1.18273
2.02651,1.18276
2.02801,1.18278
2.02951,1.18281
2.03101,1.18283
2.03251,1.18285
2.03401,1.18287
2.03551,1.18289
2.03701,1.1829
2.03851,1.18292
2.04001,1.18293
2.04151,1.18295
2.04301,1.18296
2.04451,1.18297
2.04601,1.18298
2.04751,1.18298
2.04901,1.18299
2.05051,1.183
2.05201,1.183
2.05351,1.183
2.05501,1.183
2.05651,1.183
2.05801,1.183
2.05951,1.183
2.06101,1.183
2.06251,1.18299
2.06401,1.18299
2.06551,1.18298
2.06701,1.18297
2.06851,1.18297
2.07001,1.18296
2.07151,1.18295
2.07301,1.18294
2.07451,1.18292
2.07601,1.18291
2.07751,1.1829
2.07901,1.18289
2.08051,1.18287
2.08201,1.18286
2.08351,1.18284
2.08501,1.18282
2.08651,1.18281
2.08801,1.18278
2.08951,1.18277
2.09101,1.18275
2.09251,1.18273
2.09401,1.18271
2.0955,1.18269
2.097,1.18266
2.0985,1.18264
2.1,1.18262
2.1015,1.1826
2.103,1.18257
2.1045,1.18255
2.106,1.18252
2.1075,1.1825
2.109,1.18247
2.1105,1.18245
2.112,1.18243
2.1135,1.1824
2.115,1.18237
2.1165,1.18235
2.118,1.18232
2.1195,1.1823
2.121,1.18227
2.1225,1.18225
2.124,1.18222
2.1255,1.18219
2.127,1.18217
2.1285,1.18214
2.13,1.18211
2.1315,1.18209
2.133,1.18206
2.1345,1.18204
2.136,1.18201
2.1375,1.18198
2.139,1.18195
2.1405,1.18193
2.142,1.1819
2.1435,1.18188
2.145,1.18185
2.1465,1.18182
2.148,1.1818
2.1495,1.18177
2.151,1.18175
2.1525,1.18172
2.154,1.1817
2.1555,1.18167
2.157,1.18165
2.1585,1.18162
2.16,1.1816
2.1615,1.18157
2.163,1.18155
2.1645,1.18152
2.166,1.1815
2.1675,1.18147
2.169,1.18145
2.1705,1.18142
2.172,1.1814
2.1735,1.18137
2.175,1.18135
2.1765,1.18133
2.178,1.1813
2.1795,1.18128
2.181,1.18126
2.1825,1.18123
2.184,1.18121
2.1855,1.18119
2.187,1.18116
2.1885,1.18114
2.19,1.18111
2.1915,1.18109
2.193,1.18107
2.1945,1.18105
2.196,1.18102
2.1975,1.181
2.199,1.18098
2.2005,1.18095
2.202,1.18093
2.2035,1.18091
2.205,1.18089
2.2065,1.18087
2.208,1.18084
2.2095,1.18082
2.211,1.1808
2.2125,1.18078
2.214,1.18076
2.2155,1.18074
2.217,1.18071
2.2185,1.18069
2.22,1.18067
2.2215,1.18065
2.223,1.18063
2.2245,1.18061
2.226,1.18059
2.2275,1.18056
2.229,1.18054
2.2305,1.18052
2.232,1.1805
2.23349,1.18048
2.23499,1.18046
2.23649,1.18044
2.23799,1.18041
2.23949,1.18039
2.24099,1.18037
2.24249,1.18035
2.24399,1.18033
2.24549,1.18031
2.24699,1.18029
2.24849,1.18026
2.24999,1.18024
2.25149,1.18022
2.25299,1.1802
2.25449,1.18018
2.25599,1.18016
2.25749,1.18013
2.25899,1.18011
2.26049,1.18009
2.26199,1.18007
2.26349,1.18004
2.26499,1.18002
2.26649,1.18
2.26799,1.17997
2.26949,1.17995
2.27099,1.17992
2.27249,1.1799
2.27399,1.17987
2.27549,1.17985
2.27699,1.17982
2.27849,1.1798
2.27999,1.17977
2.28149,1.17975
2.28299,1.17972
2.28449,1.17969
2.28599,1.17967
2.28749,1.17964
2.28899,1.17961
2.29049,1.17958
2.29199,1.17955
2.29349,1.17952
2.29499,1.17949
2.29649,1.17946
2.29799,1.17943
2.29949,1.1794
2.30099,1.17937
2.30249,1.17934
2.30399,1.1793
2.30549,1.17927
2.30699,1.17924
2.30849,1.1792
2.30999,1.17917
2.31149,1.17913
2.31299,1.1791
2.31449,1.17906
2.31599,1.17902
2.31749,1.17898
2.31899,1.17894
2.32049,1.17891
2.32199,1.17887
2.32349,1.17882
2.32499,1.17879
2.32649,1.17874
2.32799,1.1787
2.32949,1.17866
2.33099,1.17862
2.33249,1.17857
2.33399,1.17852
2.33549,1.17848
2.33699,1.17843
2.33849,1.17839
2.33999,1.17834
2.34149,1.17829
2.34299,1.17824
2.34449,1.17819
2.34599,1.17814
2.34749,1.17809
2.34899,1.17804
2.35049,1.17799
2.35199,1.17794
2.35349,1.17789
2.35499,1.17783
2.35649,1.17778
2.35799,1.17772
2.35949,1.17767
2.36099,1.17761
2.36249,1.17755
2.36399,1.1775
2.36549,1.17744
2.36699,1.17738
2.36849,1.17732
2.36999,1.17726
2.37148,1.1772
2.37298,1.17714
2.37448,1.17708
2.37598,1.17702
2.37748,1.17696
2.37898,1.17689
2.38048,1.17683
2.38198,1.17677
2.38348,1.17671
2.38498,1.17664
2.38648,1.17658
2.38798,1.17651
2.38948,1.17645
2.39098,1.17638
2.39248,1.17631
2.39398,1.17625
2.39548,1.17618
2.39698,1.17611
2.39848,1.17605
2.39998,1.17598
2.40148,1.17591
2.40298,1.17584
2.40448,1.17578
2.40598,1.17571
2.40748,1.17564
2.40898,1.17557
2.41048,1.1755
2.41198,1.17543
2.41348,1.17536
2.41498,1.17529
2.41648,1.17522
2.41798,1.17515
2.41948,1.17508
2.42098,1.17501
2.42248,1.17494
2.42398,1.17487
2.42548,1.1748
2.42698,1.17472
2.42848,1.17465
2.42998,1.17458
2.43148,1.17451
2.43298,1.17444
2.43448,1.17437
2.43598,1.1743
2.43748,1.17422
2.43898,1.17415
2.44048,1.17408
2.44198,1.17401
2.44348,1.17394
2.44498,1.17386
2.44648,1.17379
2.44798,1.17372
2.44948,1.17365
2.45098,1.17358
2.45248,1.1735
2.45398,1.17343
2.45548,1.17336
2.45698,1.17329
2.45848,1.17322
2.45998,1.17314
2.46148,1.17307
2.46298,1.173
2.46448,1.17293
2.46598,1.17286
2.46748,1.17279
2.46898,1.17271
2.47048,1.17264
2.47198,1.17257
2.47348,1.1725
2.47498,1.17243
2.47648,1.17235
2.47798,1.17228
2.47948,1.17221
2.48098,1.17214
2.48248,1.17207
2.48398,1.172
2.48548,1.17193
2.48698,1.17185
2.48848,1.17178
2.48998,1.17171
2.49148,1.17164
2.49298,1.17157
2.49448,1.1715
2.49598,1.17143
2.49748,1.17136
2.49898,1.17128
2.50048,1.17121
2.50198,1.17114
2.50348,1.17107
2.50498,1.171
2.50648,1.17093
2.50798,1.17086
2.50947,1.17079
2.51097,1.17072
2.51247,1.17065
2.51397,1.17058
2.51547,1.17051
2.51697,1.17044
2.51847,1.17037
2.51997,1.1703
2.52147,1.17023
2.52297,1.17016
2.52447,1.17009
2.52597,1.17002
2.52747,1.16995
2.52897,1.16988
2.53047,1.16981
2.53197,1.16974
2.53347,1.16967
2.53497,1.1696
2.53647,1.16953
2.53797,1.16946
2.53947,1.16939
2.54097,1.16933
2.54247,1.16926
2.54397,1.16919
2.54547,1.16912
2.54697,1.16905
2.54847,1.16898
2.54997,1.16891
2.55147,1.16885
2.55297,1.16878
2.55447,1.16871
2.55597,1.16864
2.55747,1.16857
2.55897,1.16851
2.56047,1.16844
2.56197,1.16837
2.56347,1.1683
2.56497,1.16823
2.56647,1.16817
2.56797,1.1681
2.56947,1.16803
2.57097,1.16796
2.57247,1.1679
2.57397,1.16783
2.57547,1.16776
2.57697,1.16769
2.57847,1.16763
2.57997,1.16756
2.58147,1.16749
2.58297,1.16743
2.58447,1.16736
2.58597,1.16729
2.58747,1.16723
2.58897,1.16716
2.59047,1.16709
2.59197,1.16703
2.59347,1.16696
2.59497,1.16689
2.59647,1.16683
2.59797,1.16676
2.59947,1.16669
2.60097,1.16663
2.60247,1.16656
2.60397,1.16649
2.60547,1.16643
2.60697,1.16636
2.60847,1.16629
2.60997,1.16623
2.61147,1.16616
2.61297,1.1661
2.61447,1.16603
2.61597,1.16596
2.61747,1.1659
2.61897,1.16583
2.62047,1.16577
2.62197,1.1657
2.62347,1.16563
2.62497,1.16557
2.62647,1.1655
2.62797,1.16544
2.62947,1.16537
2.63097,1.16531
2.63247,1.16524
2.63397,1.16517
2.63547,1.16511
2.63697,1.16504
2.63847,1.16498
2.63997,1.16491
2.64147,1.16484
2.64297,1.16478
2.64447,1.16471
2.64597,1.16465
2.64746,1.16458
2.64896,1.16452
2.65046,1.16445
2.65196,1.16439
2.65346,1.16432
2.65496,1.16426
2.65646,1.16419
2.65796,1.16412
2.65946,1.16406
2.66096,1.16399
2.66246,1.16393
2.66396,1.16386
2.66546,1.1638
2.66696,1.16373
2.66846,1.16366
2.66996,1.1636
2.67146,1.16353
2.67296,1.16347
2.67446,1.1634
2.67596,1.16334
2.67746,1.16327
2.67896,1.16321
2.68046,1.16314
2.68196,1.16308
2.68346,1.16301
2.68496,1.16295
2.68646,1.16288
2.68796,1.16282
2.68946,1.16275
2.69096,1.16269
2.69246,1.16262
2.69396,1.16256
2.69546,1.16249
2.69696,1.16243
2.69846,1.16236
2.69996,1.1623
2.70146,1.16224
2.70296,1.16217
2.70446,1.16211
2.70596,1.16204
2.70746,1.16198
2.70896,1.16192
2.71046,1.16185
2.71196,1.16179
2.71346,1.16172
2.71496,1.16166
2.71646,1.1616
2.71796,1.16153
2.71946,1.16147
2.72096,1.16141
2.72246,1.16134
2.72396,1.16128
2.72546,1.16122
2.72696,1.16115
2.72846,1.16109
2.72996,1.16103
2.73146,1.16097
2.73296,1.1609
2.73446,1.16084
2.73596,1.16078
2.73746,1.16072
2.73896,1.16066
2.74046,1.16059
2.74196,1.16053
2.74346,1.16047
2.74496,1.16041
2.74646,1.16035
2.74796,1.16029
2.74946,1.16022
2.75096,1.16017
2.75246,1.1601
2.75396,1.16004
2.75546,1.15998
2.75696,1.15992
2.75846,1.15986
2.75996,1.1598
2.76146,1.15974
2.76296,1.15968
2.76446,1.15962
2.76596,1.15956
2.76746,1.1595
2.76896,1.15944
2.77046,1.15938
2.77196,1.15932
2.77346,1.15926
2.77496,1.15921
2.77646,1.15915
2.77796,1.15909
2.77946,1.15903
2.78096,1.15897
2.78246,1.15891
2.78396,1.15885
2.78545,1.1588
2.78695,1.15874
2.78845,1.15868
2.78995,1.15862
2.79145,1.15856
2.79295,1.1585
2.79445,1.15845
2.79595,1.15839
2.79745,1.15833
2.79895,1.15828
2.80045,1.15822
2.80195,1.15816
2.80345,1.15811
2.80495,1.15805
2.80645,1.15799
2.80795,1.15793
2.80945,1.15788
2.81095,1.15782
2.81245,1.15777
2.81395,1.15771
2.81545,1.15765
2.81695,1.15759
2.81845,1.15754
2.81995,1.15748
2.82145,1.15743
2.82295,1.15737
2.82445,1.15732
2.82595,1.15726
2.82745,1.1572
2.82895,1.15715
2.83045,1.15709
2.83195,1.15704
2.83345,1.15698
2.83495,1.15693
2.83645,1.15687
2.83795,1.15682
2.83945,1.15676
2.84095,1.15671
2.84245,1.15665
2.84395,1.1566
2.84545,1.15654
2.84695,1.15649
2.84845,1.15643
2.84995,1.15638
2.85145,1.15632
2.85295,1.15627
2.85445,1.15621
2.85595,1.15616
2.85745,1.15611
2.85895,1.15605
2.86045,1.156
2.86195,1.15594
2.86345,1.15589
2.86495,1.15583
2.86645,1.15578
2.86795,1.15573
2.86945,1.15567
2.87095,1.15562
2.87245,1.15556
2.87395,1.15551
2.87545,1.15545
2.87695,1.1554
2.87845,1.15535
2.87995,1.15529
2.88145,1.15524
2.88295,1.15518
2.88445,1.15513
2.88595,1.15508
2.88745,1.15503
2.88895,1.15497
2.89045,1.15492
2.89195,1.15486
2.89345,1.15481
2.89495,1.15476
2.89645,1.1547
2.89795,1.15465
2.89945,1.1546
2.90095,1.15454
2.90245,1.15449
2.90395,1.15444
2.90545,1.15438
2.90695,1.15433
2.90845,1.15428
2.90995,1.15423
2.91145,1.15417
2.91295,1.15412
2.91445,1.15407
2.91595,1.15401
2.91745,1.15396
2.91895,1.15391
2.92045,1.15386
2.92195,1.15381
2.92344,1.15375
2.92494,1.1537
2.92644,1.15365
2.92794,1.1536
2.92944,1.15355
2.93094,1.15349
2.93244,1.15344
2.93394,1.15339
2.93544,1.15334
2.93694,1.15329
2.93844,1.15324
2.93994,1.15319
2.94144,1.15314
2.94294,1.15309
2.94444,1.15304
2.94594,1.15299
2.94744,1.15294
2.94894,1.15289
2.95044,1.15284
2.95194,1.15279
2.95344,1.15274
2.95494,1.15269
2.95644,1.15264
2.95794,1.15259
2.95944,1.15254
2.96094,1.15249
2.96244,1.15244
2.96394,1.1524
2.96544,1.15235
2.96694,1.1523
2.96844,1.15225
2.96994,1.1522
2.97144,1.15216
2.97294,1.15211
2.97444,1.15206
2.97594,1.15202
2.97744,1.15197
2.97894,1.15192
2.98044,1.15188
2.98194,1.15183
2.98344,1.15179
2.98494,1.15174
2.98644,1.1517
2.98794,1.15165
2.98944,1.15161
2.99094,1.15156
2.99244,1.15152
2.99394,1.15147
2.99544,1.15143
2.99694,1.15139
2.99844,1.15134
2.99994,1.1513
3.00144,1.15126
3.00294,1.15121
3.00444,1.15117
3.00594,1.15113
3.00744,1.15109
3.00894,1.15105
3.01044,1.15101
3.01194,1.15096
3.01344,1.15092
3.01494,1.15088
3.01644,1.15084
3.01794,1.1508
3.01944,1.15076
3.02094,1.15072
3.02244,1.15068
3.02394,1.15064
3.02544,1.1506
3.02694,1.15056
3.02844,1.15053
3.02994,1.15049
3.03144,1.15045
3.03294,1.15041
3.03444,1.15037
3.03594,1.15033
3.03744,1.1503
3.03894,1.15026
3.04044,1.15022
3.04194,1.15018
3.04344,1.15015
3.04494,1.15011
3.04644,1.15008
3.04794,1.15004
3.04944,1.15
3.05094,1.14997
3.05244,1.14993
3.05394,1.1499
3.05544,1.14986
3.05694,1.14983
3.05844,1.14979
3.05994,1.14975
3.06143,1.14972
3.06293,1.14968
3.06443,1.14965
3.06593,1.14961
3.06743,1.14958
3.06893,1.14955
3.07043,1.14951
3.07193,1.14948
3.07343,1.14944
3.07493,1.1494
3.07643,1.14937
3.07793,1.14934
3.07943,1.1493
3.08093,1.14927
3.08243,1.14923
3.08393,1.1492
3.08543,1.14916
3.08693,1.14913
3.08843,1.14909
3.08993,1.14906
3.09143,1.14902
3.09293,1.14899
3.09443,1.14895
3.09593,1.14892
3.09743,1.14888
3.09893,1.14885
3.10043,1.14881
3.10193,1.14878
3.10343,1.14874
3.10493,1.14871
3.10643,1.14867
3.10793,1.14863
3.10943,1.1486
3.11093,1.14856
3.11243,1.14852
3.11393,1.14849
3.11543,1.14845
3.11693,1.14841
3.11843,1.14837
3.11993,1.14833
3.12143,1.1483
3.12293,1.14826
3.12443,1.14822
3.12593,1.14818
3.12743,1.14814
3.12893,1.1481
3.13043,1.14806
3.13193,1.14802
3.13343,1.14798
3.13493,1.14793
3.13643,1.14789
3.13793,1.14785
3.13943,1.14781
3.14093,1.14776
3.14243,1.14772
3.14393,1.14768
3.14543,1.14763
3.14693,1.14758
3.14843,1.14754
3.14993,1.1475
3.15143,1.14745
3.15293,1.1474
3.15443,1.14736
3.15593,1.14731
3.15743,1.14726
3.15893,1.14721
3.16043,1.14717
3.16193,1.14712
3.16343,1.14707
3.16493,1.14702
3.16643,1.14697
3.16793,1.14692
3.16943,1.14687
3.17093,1.14682
3.17243,1.14677
3.17393,1.14672
3.17543,1.14667
3.17693,1.14662
3.17843,1.14656
3.17993,1.14651
3.18143,1.14646
3.18293,1.1464
3.18443,1.14635
3.18593,1.1463
3.18743,1.14624
3.18893,1.14619
3.19043,1.14613
3.19193,1.14608
3.19343,1.14602
3.19493,1.14596
3.19643,1.14591
3.19793,1.14585
3.19942,1.14579
3.20092,1.14574
3.20242,1.14568
3.20392,1.14562
3.20542,1.14556
3.20692,1.1455
3.20842,1.14544
3.20992,1.14539
3.21142,1.14532
3.21292,1.14526
3.21442,1.1452
3.21592,1.14514
3.21742,1.14508
3.21892,1.14502
3.22042,1.14496
3.22192,1.1449
3.22342,1.14483
3.22492,1.14477
3.22642,1.14471
3.22792,1.14465
3.22942,1.14458
3.23092,1.14452
3.23242,1.14446
3.23392,1.14439
3.23542,1.14433
3.23692,1.14427
3.23842,1.1442
3.23992,1.14414
3.24142,1.14407
3.24292,1.14401
3.24442,1.14394
3.24592,1.14387
3.24742,1.14381
3.24892,1.14374
3.25042,1.14368
3.25192,1.14361
3.25342,1.14354
3.25492,1.14348
3.25642,1.14341
3.25792,1.14334
3.25942,1.14327
3.26092,1.1432
3.26242,1.14313
3.26392,1.14306
3.26542,1.14299
3.26692,1.14292
3.26842,1.14285
3.26992,1.14278
3.27142,1.14271
3.27292,1.14264
3.27442,1.14257
3.27592,1.14249
3.27742,1.14242
3.27892,1.14235
3.28042,1.14227
3.28192,1.1422
3.28342,1.14213
3.28492,1.14205
3.28642,1.14198
3.28792,1.1419
3.28942,1.14183
3.29092,1.14175
3.29242,1.14168
3.29392,1.1416
3.29542,1.14152
3.29692,1.14145
3.29842,1.14137
3.29992,1.1413
3.30142,1.14122
3.30292,1.14114
3.30442,1.14107
3.30592,1.14099
3.30742,1.14091
3.30892,1.14083
3.31042,1.14076
3.31192,1.14068
3.31342,1.1406
3.31492,1.14053
3.31642,1.14045
3.31792,1.14037
3.31942,1.1403
3.32092,1.14022
3.32242,1.14014
3.32392,1.14007
3.32542,1.13999
3.32692,1.13991
3.32842,1.13984
3.32992,1.13976
3.33142,1.13969
3.33292,1.13961
3.33442,1.13954
3.33592,1.13946
3.33741,1.13939
3.33891,1.13932
3.34041,1.13924
3.34191,1.13917
3.34341,1.1391
3.34491,1.13902
3.34641,1.13895
3.34791,1.13888
3.34941,1.13881
3.35091,1.13874
3.35241,1.13866
3.35391,1.1386
3.35541,1.13852
3.35691,1.13845
3.35841,1.13838
3.35991,1.13831
3.36141,1.13824
3.36291,1.13817
3.36441,1.1381
3.36591,1.13804
3.36741,1.13797
3.36891,1.1379
3.37041,1.13783
3.37191,1.13776
3.37341,1.13769
3.37491,1.13762
3.37641,1.13755
3.37791,1.13748
3.37941,1.13741
3.38091,1.13734
3.38241,1.13728
3.38391,1.13721
3.38541,1.13714
3.38691,1.13707
3.38841,1.13699
3.38991,1.13693
3.39141,1.13686
3.39291,1.13678
3.39441,1.13671
3.39591,1.13664
3.39741,1.13657
3.39891,1.1365
3.40041,1.13643
3.40191,1.13635
3.40341,1.13628
3.40491,1.13621
3.40641,1.13614
3.40791,1.13606
3.40941,1.13599
3.41091,1.13592
3.41241,1.13584
3.41391,1.13577
3.41541,1.13569
3.41691,1.13562
3.41841,1.13554
3.41991,1.13547
3.42141,1.13539
3.42291,1.13532
3.42441,1.13524
3.42591,1.13517
3.42741,1.13509
3.42891,1.13502
3.43041,1.13494
3.43191,1.13487
3.43341,1.13479
3.43491,1.13472
3.43641,1.13464
3.43791,1.13457
3.43941,1.1345
3.44091,1.13442
3.44241,1.13435
3.44391,1.13428
3.44541,1.13421
3.44691,1.13414
3.44841,1.13406
3.44991,1.13399
3.45141,1.13392
3.45291,1.13386
3.45441,1.13379
3.45591,1.13372
3.45741,1.13365
3.45891,1.13358
3.46041,1.13351
3.46191,1.13345
3.46341,1.13338
3.46491,1.13331
3.46641,1.13325
3.46791,1.13318
3.46941,1.13311
3.47091,1.13305
3.47241,1.13298
3.47391,1.13292
3.4754,1.13285
3.4769,1.13279
3.4784,1.13272
3.4799,1.13266
3.4814,1.13259
3.4829,1.13253
3.4844,1.13247
3.4859,1.1324
3.4874,1.13234
3.4889,1.13227
3.4904,1.13221
3.4919,1.13214
3.4934,1.13207
3.4949,1.13201
3.4964,1.13194
3.4979,1.13187
3.4994,1.13181
3.5009,1.13174
3.5024,1.13167
3.5039,1.1316
3.5054,1.13153
3.5069,1.13146
3.5084,1.13139
3.5099,1.13132
3.5114,1.13125
3.5129,1.13118
3.5144,1.13111
3.5159,1.13104
3.5174,1.13097
3.5189,1.13089
3.5204,1.13082
3.5219,1.13075
3.5234,1.13068
3.5249,1.1306
3.5264,1.13053
3.5279,1.13046
3.5294,1.13039
3.5309,1.13031
3.5324,1.13024
3.5339,1.13017
3.5354,1.13009
3.5369,1.13002
3.5384,1.12995
3.5399,1.12988
3.5414,1.1298
3.5429,1.12973
3.5444,1.12966
3.5459,1.12959
3.5474,1.12952
3.5489,1.12945
3.5504,1.12938
3.5519,1.12931
3.5534,1.12924
3.5549,1.12918
3.5564,1.12911
3.5579,1.12904
3.5594,1.12897
3.5609,1.1289
3.5624,1.12884
3.5639,1.12877
3.5654,1.1287
3.5669,1.12863
3.5684,1.12857
3.5699,1.1285
3.5714,1.12843
3.5729,1.12836
3.5744,1.12829
3.5759,1.12822
3.5774,1.12815
3.5789,1.12808
3.5804,1.12801
3.5819,1.12794
3.5834,1.12787
3.5849,1.12779
3.5864,1.12772
3.5879,1.12764
3.5894,1.12757
3.5909,1.12749
3.5924,1.12741
3.5939,1.12734
3.5954,1.12726
3.5969,1.12718
3.5984,1.1271
3.5999,1.12702
3.6014,1.12694
3.6029,1.12686
3.6044,1.12677
3.6059,1.12669
3.6074,1.12661
3.6089,1.12653
3.6104,1.12644
3.6119,1.12636
3.61339,1.12628
3.61489,1.1262
3.61639,1.12611
3.61789,1.12603
3.61939,1.12595
3.62089,1.12586
3.62239,1.12578
3.62389,1.1257
3.62539,1.12562
3.62689,1.12554
3.62839,1.12545
3.62989,1.12537
3.63139,1.12529
3.63289,1.12521
3.63439,1.12513
3.63589,1.12505
3.63739,1.12497
3.63889,1.12489
3.64039,1.12481
3.64189,1.12473
3.64339,1.12465
3.64489,1.12457
3.64639,1.12449
3.64789,1.12441
3.64939,1.12434
3.65089,1.12426
3.65239,1.12418
3.65389,1.1241
3.65539,1.12402
3.65689,1.12394
3.65839,1.12386
3.65989,1.12379
3.66139,1.12371
3.66289,1.12363
3.66439,1.12355
3.66589,1.12348
3.66739,1.1234
3.66889,1.12332
3.67039,1.12324
3.67189,1.12317
3.67339,1.12309
3.67489,1.12302
3.67639,1.12294
3.67789,1.12286
3.67939,1.12279
3.68089,1.12271
3.68239,1.12263
3.68389,1.12256
3.68539,1.12248
3.68689,1.12241
3.68839,1.12233
3.68989,1.12226
3.69139,1.12218
3.69289,1.12211
3.69439,1.12203
3.69589,1.12196
3.69739,1.12189
3.69889,1.12181
3.70039,1.12174
3.70189,1.12167
3.70339,1.12159
3.70489,1.12152
3.70639,1.12145
3.70789,1.12138
3.70939,1.12131
3.71089,1.12124
3.71239,1.12117
3.71389,1.1211
3.71539,1.12103
3.71689,1.12097
3.71839,1.1209
3.71989,1.12083
3.72139,1.12077
3.72289,1.1207
3.72439,1.12064
3.72589,1.12058
3.72739,1.12052
3.72889,1.12046
3.73039,1.12039
3.73189,1.12033
3.73339,1.12028
3.73489,1.12022
3.73639,1.12016
3.73789,1.1201
3.73939,1.12004
3.74089,1.11999
3.74239,1.11993
3.74389,1.11988
3.74539,1.11982
3.74689,1.11977
3.74839,1.11972
3.74989,1.11966
3.75138,1.11961
3.75288,1.11955
3.75438,1.1195
3.75588,1.11945
3.75738,1.11939
3.75888,1.11934
3.76038,1.11928
3.76188,1.11923
3.76338,1.11917
3.76488,1.11912
3.76638,1.11906
3.76788,1.119
3.76938,1.11895
3.77088,1.11889
3.77238,1.11883
3.77388,1.11877
3.77538,1.11872
3.77688,1.11865
3.77838,1.1186
3.77988,1.11853
3.78138,1.11847
3.78288,1.11841
3.78438,1.11835
3.78588,1.11829
3.78738,1.11822
3.78888,1.11815
3.79038,1.11809
3.79188,1.11802
3.79338,1.11796
3.79488,1.11789
3.79638,1.11782
3.79788,1.11775
3.79938,1.11768
3.80088,1.11761
3.80238,1.11754
3.80388,1.11747
3.80538,1.1174
3.80688,1.11732
3.80838,1.11725
3.80988,1.11718
3.81138,1.1171
3.81288,1.11703
3.81438,1.11696
3.81588,1.11688
3.81738,1.11681
3.81888,1.11673
3.82038,1.11666
3.82188,1.11658
3.82338,1.11651
3.82488,1.11643
3.82638,1.11635
3.82788,1.11628
3.82938,1.1162
3.83088,1.11613
3.83238,1.11605
3.83388,1.11597
3.83538,1.11589
3.83688,1.11582
3.83838,1.11574
3.83988,1.11566
3.84138,1.11559
3.84288,1.11551
3.84438,1.11543
3.84588,1.11536
3.84738,1.11528
3.84888,1.1152
3.85038,1.11513
3.85188,1.11505
3.85338,1.11497
3.85488,1.1149
3.85638,1.11482
3.85788,1.11474
3.85938,1.11466
3.86088,1.11459
3.86238,1.11451
3.86388,1.11444
3.86538,1.11436
3.86688,1.11428
3.86838,1.11421
3.86988,1.11413
3.87138,1.11406
3.87288,1.11398
3.87438,1.11391
3.87588,1.11384
3.87738,1.11377
3.87888,1.11369
3.88038,1.11362
3.88188,1.11355
3.88338,1.11348
3.88488,1.11341
3.88638,1.11334
3.88788,1.11327
3.88937,1.1132
3.89087,1.11313
3.89237,1.11306
3.89387,1.113
3.89537,1.11293
3.89687,1.11286
3.89837,1.1128
3.89987,1.11273
3.90137,1.11267
3.90287,1.1126
3.90437,1.11254
3.90587,1.11247
3.90737,1.11241
3.90887,1.11235
3.91037,1.11229
3.91187,1.11223
3.91337,1.11216
3.91487,1.1121
3.91637,1.11204
3.91787,1.11198
3.91937,1.11192
3.92087,1.11186
3.92237,1.1118
3.92387,1.11174
3.92537,1.11168
3.92687,1.11162
3.92837,1.11156
3.92987,1.1115
3.93137,1.11145
3.93287,1.11139
3.93437,1.11133
3.93587,1.11127
3.93737,1.11121
3.93887,1.11115
3.94037,1.1111
3.94187,1.11104
3.94337,1.11098
3.94487,1.11092
3.94637,1.11087
3.94787,1.11081
3.94937,1.11075
3.95087,1.11069
3.95237,1.11064
3.95387,1.11058
3.95537,1.11052
3.95687,1.11047
3.95837,1.11041
3.95987,1.11035
3.96137,1.1103
3.96287,1.11024
3.96437,1.11018
3.96587,1.11013
3.96737,1.11007
3.96887,1.11001
3.97037,1.10996
3.97187,1.1099
3.97337,1.10985
3.97487,1.10979
3.97637,1.10974
3.97787,1.10968
3.97937,1.10963
3.98087,1.10957
3.98237,1.10952
3.98387,1.10947
3.98537,1.10942
3.98687,1.10936
3.98837,1.10931
3.98987,1.10926
3.99137,1.10921
3.99287,1.10916
3.99437,1.10911
3.99587,1.10906
3.99737,1.10901
3.99887,1.10897
4.00037,1.10892
4.00187,1.10887
4.00337,1.10883
4.00487,1.10878
4.00637,1.10874
4.00787,1.10869
4.00937,1.10865
4.01087,1.1086
4.01237,1.10856
4.01387,1.10852
4.01537,1.10847
4.01687,1.10843
4.01837,1.10839
4.01987,1.10835
4.02137,1.1083
4.02287,1.10826
4.02437,1.10822
4.02587,1.10818
4.02737,1.10814
4.02887,1.1081
4.03037,1.10806
4.03187,1.10801
4.03337,1.10797
4.03487,1.10793
4.03637,1.10789
4.03787,1.10785
4.03937,1.10781
4.04087,1.10776
4.04237,1.10772
4.04387,1.10768
4.04537,1.10763
4.04687,1.10759
4.04837,1.10754
4.04987,1.1075
4.05137,1.10745
4.05287,1.10741
4.05437,1.10736
4.05587,1.10731
4.05737,1.10726
4.05887,1.10721
4.06037,1.10716
4.06187,1.10711
4.06337,1.10706
4.06487,1.10701
4.06637,1.10696
4.06787,1.10691
4.06937,1.10686
4.07087,1.1068
4.07237,1.10675
4.07387,1.10669
4.07537,1.10664
4.07687,1.10658
4.07837,1.10653
4.07987,1.10647
4.08137,1.10642
4.08287,1.10636
4.08437,1.1063
4.08587,1.10625
4.08737,1.10619
4.08887,1.10613
4.09037,1.10607
4.09188,1.10602
4.09338,1.10596
4.09488,1.1059
4.09638,1.10584
4.09788,1.10579
4.09938,1.10573
4.10088,1.10567
4.10238,1.10562
4.10388,1.10556
4.10538,1.1055
4.10688,1.10545
4.10838,1.10539
4.10988,1.10534
4.11138,1.10528
4.11288,1.10523
4.11438,1.10517
4.11588,1.10512
4.11738,1.10507
4.11888,1.10502
4.12038,1.10497
4.12188,1.10491
4.12338,1.10486
4.12488,1.10481
4.12638,1.10476
4.12788,1.10471
4.12938,1.10467
4.13088,1.10462
4.13238,1.10457
4.13388,1.10452
4.13538,1.10448
4.13688,1.10443
4.13838,1.10439
4.13988,1.10434
4.14138,1.1043
4.14288,1.10425
4.14438,1.10421
4.14588,1.10416
4.14738,1.10412
4.14888,1.10408
4.15038,1.10403
4.15188,1.10399
4.15338,1.10395
4.15488,1.1039
4.15638,1.10386
4.15788,1.10382
4.15938,1.10378
4.16088,1.10373
4.16238,1.10369
4.16388,1.10366
4.16538,1.10361
4.16688,1.10357
4.16838,1.10353
4.16988,1.10349
4.17138,1.10345
4.17288,1.10341
4.17438,1.10337
4.17588,1.10333
4.17738,1.10329
4.17888,1.10325
4.18038,1.1032
4.18188,1.10316
4.18338,1.10312
4.18488,1.10308
4.18638,1.10304
4.18788,1.103
4.18938,1.10296
4.19088,1.10292
4.19238,1.10288
4.19388,1.10284
4.19538,1.1028
4.19688,1.10275
4.19838,1.10271
4.19988,1.10267
4.20138,1.10262
4.20288,1.10258
4.20438,1.10254
4.20588,1.10249
4.20739,1.10245
4.20889,1.10241
4.21039,1.10236
4.21189,1.10231
4.21339,1.10227
4.21489,1.10222
4.21639,1.10217
4.21789,1.10212
4.21939,1.10208
4.22089,1.10203
4.22239,1.10198
4.22389,1.10193
4.22539,1.10188
4.22689,1.10183
4.22839,1.10178
4.22989,1.10173
4.23139,1.10168
4.23289,1.10163
4.23439,1.10158
4.23589,1.10153
4.23739,1.10147
4.23889,1.10142
4.24039,1.10137
4.24189,1.10132
4.24339,1.10126
4.24489,1.10121
4.24639,1.10116
4.24789,1.10111
4.24939,1.10105
4.25089,1.101
4.25239,1.10094
4.25389,1.10089
4.25539,1.10084
4.25689,1.10079
4.25839,1.10073
4.25989,1.10068
4.26139,1.10062
4.26289,1.10057
4.26439,1.10052
4.26589,1.10046
4.26739,1.10041
4.26889,1.10036
4.27039,1.1003
4.27189,1.10025
4.27339,1.10019
4.27489,1.10014
4.27639,1.10008
4.27789,1.10003
4.27939,1.09998
4.28089,1.09992
4.28239,1.09987
4.28389,1.09981
4.28539,1.09976
4.28689,1.09971
4.28839,1.09965
4.28989,1.0996
4.29139,1.09954
4.29289,1.09949
4.29439,1.09944
4.29589,1.09938
4.29739,1.09933
4.29889,1.09927
4.30039,1.09922
4.30189,1.09917
4.30339,1.09911
4.30489,1.09906
4.30639,1.09901
4.30789,1.09896
4.30939,1.0989
4.31089,1.09885
4.31239,1.0988
4.31389,1.09875
4.31539,1.09869
4.31689,1.09864
4.31839,1.09859
4.31989,1.09854
4.32139,1.09849
4.3229,1.09844
4.3244,1.09839
4.3259,1.09833
4.3274,1.09828
4.3289,1.09823
4.3304,1.09818
4.3319,1.09813
4.3334,1.09808
4.3349,1.09803
4.3364,1.09799
4.3379,1.09794
4.3394,1.09789
4.3409,1.09784
4.3424,1.09779
4.3439,1.09774
4.3454,1.09769
4.3469,1.09765
4.3484,1.0976
4.3499,1.09755
4.3514,1.0975
4.3529,1.09746
4.3544,1.09741
4.3559,1.09736
4.3574,1.09732
4.3589,1.09727
4.3604,1.09722
4.3619,1.09718
4.3634,1.09713
4.3649,1.09709
4.3664,1.09704
4.3679,1.097
4.3694,1.09696
4.3709,1.09691
4.3724,1.09687
4.3739,1.09682
4.3754,1.09678
4.3769,1.09674
4.3784,1.09669
4.3799,1.09665
4.3814,1.09661
4.3829,1.09657
4.3844,1.09652
4.3859,1.09648
4.3874,1.09644
4.3889,1.0964
4.3904,1.09636
4.3919,1.09632
4.3934,1.09628
4.3949,1.09623
4.3964,1.09619
4.3979,1.09615
4.3994,1.09611
4.4009,1.09607
4.4024,1.09603
4.4039,1.09599
4.4054,1.09596
4.4069,1.09592
4.4084,1.09588
4.4099,1.09584
4.4114,1.0958
4.4129,1.09576
4.4144,1.09572
4.4159,1.09569
4.4174,1.09565
4.4189,1.09561
4.4204,1.09557
4.4219,1.09554
4.4234,1.0955
4.4249,1.09546
4.4264,1.09543
4.4279,1.09539
4.4294,1.09536
4.4309,1.09532
4.4324,1.09528
4.4339,1.09525
4.4354,1.09522
4.4369,1.09518
4.43841,1.09515
4.43991,1.09511
4.44141,1.09508
4.44291,1.09505
4.44441,1.09501
4.44591,1.09498
4.44741,1.09495
4.44891,1.09492
4.45041,1.09489
4.45191,1.09486
4.45341,1.09483
4.45491,1.0948
4.45641,1.09476
4.45791,1.09473
4.45941,1.0947
4.46091,1.09468
4.46241,1.09465
4.46391,1.09462
4.46541,1.09459
4.46691,1.09456
4.46841,1.09453
4.46991,1.09451
4.47141,1.09448
4.47291,1.09445
4.47441,1.09443
4.47591,1.0944
4.47741,1.09437
4.47891,1.09435
4.48041,1.09432
4.48191,1.0943
4.48341,1.09427
4.48491,1.09425
4.48641,1.09423
4.48791,1.0942
4.48941,1.09418
4.49091,1.09415
4.49241,1.09413
4.49391,1.09411
4.49541,1.09408
4.49691,1.09406
4.49841,1.09404
4.49991,1.09401
4.50141,1.09399
4.50291,1.09397
4.50441,1.09395
4.50591,1.09393
4.50741,1.0939
4.50891,1.09388
4.51041,1.09386
4.51191,1.09384
4.51341,1.09382
4.51491,1.09379
4.51641,1.09377
4.51791,1.09375
4.51941,1.09373
4.52091,1.09371
4.52241,1.09369
4.52391,1.09367
4.52541,1.09365
4.52691,1.09363
4.52841,1.09361
4.52991,1.09359
4.53141,1.09357
4.53291,1.09355
4.53441,1.09353
4.53591,1.09351
4.53741,1.09349
4.53891,1.09347
4.54041,1.09345
4.54191,1.09343
4.54341,1.09341
4.54491,1.09339
4.54641,1.09337
4.54791,1.09335
4.54941,1.09333
4.55091,1.09331
4.55241,1.09329
4.55392,1.09327
4.55542,1.09326
4.55692,1.09324
4.55842,1.09322
4.55992,1.0932
4.56142,1.09318
4.56292,1.09317
4.56442,1.09315
4.56592,1.09313
4.56742,1.09311
4.56892,1.0931
4.57042,1.09308
4.57192,1.09306
4.57342,1.09304
4.57492,1.09303
4.57642,1.09301
4.57792,1.09299
4.57942,1.09298
4.58092,1.09296
4.58242,1.09295
4.58392,1.09293
4.58542,1.09291
4.58692,1.0929
4.58842,1.09288
4.58992,1.09287
4.59142,1.09285
4.59292,1.09284
4.59442,1.09282
4.59592,1.09281
4.59742,1.09279
4.59892,1.09278
4.60042,1.09276
4.60192,1.09275
4.60342,1.09274
4.60492,1.09272
4.60642,1.09271
4.60792,1.09269
4.60942,1.09268
4.61092,1.09267
4.61242,1.09265
4.61392,1.09264
4.61542,1.09263
4.61692,1.09261
4.61842,1.0926
4.61992,1.09259
4.62142,1.09258
4.62292,1.09256
4.62442,1.09255
4.62592,1.09254
4.62742,1.09253
4.62892,1.09251
4.63042,1.0925
4.63192,1.09249
4.63342,1.09248
4.63492,1.09247
4.63642,1.09245
4.63792,1.09244
4.63942,1.09243
4.64092,1.09242
4.64242,1.09241
4.64392,1.0924
4.64542,1.09239
4.64692,1.09238
4.64842,1.09237
4.64992,1.09236
4.65142,1.09235
4.65292,1.09234
4.65442,1.09233
4.65592,1.09232
4.65742,1.09232
4.65892,1.09231
4.66042,1.0923
4.66192,1.09229
4.66342,1.09229
4.66492,1.09228
4.66642,1.09227
4.66792,1.09226
4.66943,1.09226
4.67093,1.09225
4.67243,1.09225
4.67393,1.09224
4.67543,1.09224
4.67693,1.09223
4.67843,1.09223
4.67993,1.09222
4.68143,1.09222
4.68293,1.09222
4.68443,1.09222
4.68593,1.09221
4.68743,1.09221
4.68893,1.09221
4.69043,1.09221
4.69193,1.0922
4.69343,1.0922
4.69493,1.0922
4.69643,1.0922
4.69793,1.0922
4.69943,1.0922
4.70093,1.0922
4.70243,1.09221
4.70393,1.09221
4.70543,1.09221
4.70693,1.09221
4.70843,1.09221
4.70993,1.09222
4.71143,1.09222
4.71293,1.09222
4.71443,1.09223
4.71593,1.09223
4.71743,1.09224
4.71893,1.09224
4.72043,1.09225
4.72193,1.09225
4.72343,1.09226
4.72493,1.09227
4.72643,1.09227
4.72793,1.09228
4.72943,1.09229
4.73093,1.0923
4.73243,1.0923
4.73393,1.09231
4.73543,1.09232
4.73693,1.09233
4.73843,1.09234
4.73993,1.09235
4.74143,1.09236
4.74293,1.09237
4.74443,1.09238
4.74593,1.09239
4.74743,1.0924
4.74893,1.09241
4.75043,1.09243
4.75193,1.09244
4.75343,1.09245
4.75493,1.09246
4.75643,1.09248
4.75793,1.09249
4.75943,1.0925
4.76093,1.09252
4.76243,1.09253
4.76393,1.09255
4.76543,1.09256
4.76693,1.09258
4.76843,1.09259
4.76993,1.09261
4.77143,1.09263
4.77293,1.09264
4.77443,1.09266
4.77593,1.09268
4.77743,1.09269
4.77893,1.09271
4.78043,1.09273
4.78193,1.09275
4.78343,1.09277
4.78493,1.09279
4.78644,1.09281
4.78794,1.09283
4.78944,1.09285
4.79094,1.09287
4.79244,1.09289
4.79394,1.09292
4.79544,1.09294
4.79694,1.09296
4.79844,1.09298
4.79994,1.09301
4.80144,1.09303
4.80294,1.09305
4.80444,1.09308
4.80594,1.0931
4.80744,1.09313
4.80894,1.09315
4.81044,1.09318
4.81194,1.0932
4.81344,1.09323
4.81494,1.09326
4.81644,1.09328
4.81794,1.09331
4.81944,1.09334
4.82094,1.09337
4.82244,1.0934
4.82394,1.09342
4.82544,1.09345
4.82694,1.09348
4.82844,1.09351
4.82994,1.09354
4.83144,1.09357
4.83294,1.0936
4.83444,1.09363
4.83594,1.09367
4.83744,1.0937
4.83894,1.09373
4.84044,1.09376
4.84194,1.09379
4.84344,1.09383
4.84494,1.09386
4.84644,1.09389
4.84794,1.09392
4.84944,1.09396
4.85094,1.09399
4.85244,1.09402
4.85394,1.09406
4.85544,1.09409
4.85694,1.09412
4.85844,1.09415
4.85994,1.09419
4.86144,1.09422
4.86294,1.09425
4.86444,1.09429
4.86594,1.09432
4.86744,1.09435
4.86894,1.09439
4.87044,1.09442
4.87194,1.09445
4.87344,1.09449
4.87494,1.09452
4.87644,1.09455
4.87794,1.09459
4.87944,1.09462
4.88094,1.09465
4.88244,1.09468
4.88394,1.09472
4.88544,1.09475
4.88694,1.09478
4.88844,1.09482
4.88994,1.09485
4.89144,1.09488
4.89294,1.09491
4.89444,1.09495
4.89594,1.09498
4.89744,1.09502
4.89894,1.09505
4.90044,1.09508
4.90195,1.09512
4.90345,1.09515
4.90495,1.09518
4.90645,1.09522
4.90795,1.09525
4.90945,1.09529
4.91095,1.09532
4.91245,1.09536
4.91395,1.09539
4.91545,1.09543
4.91695,1.09546
4.91845,1.0955
4.91995,1.09554
4.92145,1.09557
4.92295,1.09561
4.92445,1.09564
4.92595,1.09568
4.92745,1.09572
4.92895,1.09575
4.93045,1.09579
4.93195,1.09583
4.93345,1.09586
4.93495,1.0959
4.93645,1.09594
4.93795,1.09597
4.93945,1.09601
4.94095,1.09605
4.94245,1.09609
4.94395,1.09613
4.94545,1.09616
4.94695,1.0962
4.94845,1.09624
4.94995,1.09628
4.95145,1.09632
4.95295,1.09636
4.95445,1.09639
4.95595,1.09643
4.95745,1.09647
4.95895,1.09651
4.96045,1.09655
4.96195,1.09659
4.96345,1.09663
4.96495,1.09667
4.96645,1.09671
4.96795,1.09675
4.96945,1.09679
4.97095,1.09684
4.97245,1.09688
4.97395,1.09692
4.97545,1.09696
4.97695,1.09701
4.97845,1.09705
4.97995,1.09709
4.98145,1.09713
4.98295,1.09718
4.98445,1.09722
4.98595,1.09727
4.98745,1.09731
4.98895,1.09736
4.99045,1.0974
4.99195,1.09745
4.99345,1.09749
4.99495,1.09754
4.99645,1.09758
4.99795,1.09763
4.99945,1.09768
5.00095,1.09773
5.00245,1.09777
5.00395,1.09782
5.00545,1.09787
5.00695,1.09792
5.00845,1.09797
5.00995,1.09802
5.01145,1.09807
5.01295,1.09811
5.01445,1.09817
5.01595,1.09822
5.01746,1.09827
5.01896,1.09832
5.02046,1.09837
5.02196,1.09842
5.02346,1.09847
5.02496,1.09852
5.02646,1.09857
5.02796,1.09862
5.02946,1.09868
5.03096,1.09873
5.03246,1.09878
5.03396,1.09883
5.03546,1.09888
5.03696,1.09894
5.03846,1.09899
5.03996,1.09904
5.04146,1.0991
5.04296,1.09915
5.04446,1.0992
5.04596,1.09926
5.04746,1.09931
5.04896,1.09937
5.05046,1.09942
5.05196,1.09947
5.05346,1.09953
5.05496,1.09958
5.05646,1.09964
5.05796,1.09969
5.05946,1.09975
5.06096,1.09981
5.06246,1.09986
5.06396,1.09992
5.06546,1.09997
5.06696,1.10003
5.06846,1.10008
5.06996,1.10014
5.07146,1.1002
5.07296,1.10025
5.07446,1.10031
5.07596,1.10037
5.07746,1.10042
5.07896,1.10048
5.08046,1.10054
5.08196,1.10059
5.08346,1.10065
5.08496,1.10071
5.08646,1.10077
5.08796,1.10083
5.08946,1.10088
5.09096,1.10094
5.09246,1.101
5.09396,1.10106
5.09546,1.10112
5.09696,1.10118
5.09846,1.10124
5.09996,1.1013
5.10146,1.10136
5.10296,1.10142
5.10446,1.10148
5.10596,1.10153
5.10746,1.1016
5.10896,1.10165
5.11046,1.10171
5.11196,1.10177
5.11346,1.10184
5.11496,1.1019
5.11646,1.10196
5.11796,1.10202
5.11946,1.10208
5.12096,1.10214
5.12246,1.1022
5.12396,1.10226
5.12546,1.10232
5.12696,1.10238
5.12846,1.10245
5.12996,1.10251
5.13146,1.10257
5.13297,1.10263
5.13447,1.10269
5.13597,1.10275
5.13747,1.10282
5.13897,1.10288
5.14047,1.10294
5.14197,1.103
5.14347,1.10306
5.14497,1.10312
5.14647,1.10319
5.14797,1.10325
5.14947,1.10331
5.15097,1.10337
5.15247,1.10343
5.15397,1.10349
5.15547,1.10355
5.15697,1.10362
5.15847,1.10368
5.15997,1.10374
5.16147,1.1038
5.16297,1.10386
5.16447,1.10392
5.16597,1.10398
5.16747,1.10404
5.16897,1.1041
5.17047,1.10416
5.17197,1.10423
5.17347,1.10429
5.17497,1.10435
5.17647,1.10441
5.17797,1.10447
5.17947,1.10453
5.18097,1.10459
5.18247,1.10465
5.18397,1.10471
5.18547,1.10477
5.18697,1.10483
5.18847,1.10489
5.18997,1.10495
5.19147,1.105
5.19297,1.10506
5.19447,1.10512
5.19597,1.10518
5.19747,1.10524
5.19897,1.1053
5.20047,1.10536
5.20197,1.10542
5.20347,1.10548
5.20497,1.10554
5.20647,1.1056
5.20797,1.10565
5.20947,1.10571
5.21097,1.10577
5.21247,1.10583
5.21397,1.10589
5.21547,1.10595
5.21697,1.10601
5.21847,1.10607
5.21997,1.10613
5.22147,1.10619
5.22297,1.10625
5.22447,1.10631
5.22597,1.10637
5.22747,1.10643
5.22897,1.10649
5.23047,1.10655
5.23197,1.10661
5.23347,1.10667
5.23497,1.10673
5.23647,1.10678
5.23797,1.10684
5.23947,1.10691
5.24097,1.10697
5.24247,1.10703
5.24397,1.10709
5.24547,1.10715
5.24697,1.10721
5.24848,1.10727
5.24998,1.10733
5.25148,1.10739
5.25298,1.10745
5.25448,1.10751
5.25598,1.10758
5.25748,1.10764
5.25898,1.1077
5.26048,1.10776
5.26198,1.10782
5.26348,1.10788
5.26498,1.10794
5.26648,1.10801
5.26798,1.10807
5.26948,1.10813
5.27098,1.10819
5.27248,1.10825
5.27398,1.10831
5.27548,1.10838
5.27698,1.10844
5.27848,1.1085
5.27998,1.10856
5.28148,1.10862
5.28298,1.10869
5.28448,1.10875
5.28598,1.10881
5.28748,1.10887
5.28898,1.10893
5.29048,1.10899
5.29198,1.10906
5.29348,1.10912
5.29498,1.10918
5.29648,1.10924
5.29798,1.1093
5.29948,1.10937
5.30098,1.10943
5.30248,1.10949
5.30398,1.10955
5.30548,1.10962
5.30698,1.10968
5.30848,1.10974
5.30998,1.1098
5.31148,1.10987
5.31298,1.10993
5.31448,1.10999
5.31598,1.11006
5.31748,1.11012
5.31898,1.11018
5.32048,1.11025
5.32198,1.11031
5.32348,1.11037
5.32498,1.11044
5.32648,1.1105
5.32798,1.11057
5.32948,1.11063
5.33098,1.1107
5.33248,1.11076
5.33398,1.11083
5.33548,1.11089
5.33698,1.11096
5.33848,1.11102
5.33998,1.11109
5.34148,1.11116
5.34298,1.11122
5.34448,1.11129
5.34598,1.11136
5.34748,1.11143
5.34898,1.1115
5.35048,1.11156
5.35198,1.11163
5.35348,1.1117
5.35498,1.11177
5.35648,1.11184
5.35798,1.11191
5.35948,1.11198
5.36098,1.11205
5.36248,1.11212
5.36399,1.11219
5.36549,1.11226
5.36699,1.11234
5.36849,1.11241
5.36999,1.11248
5.37149,1.11256
5.37299,1.11263
5.37449,1.1127
5.37599,1.11277
5.37749,1.11285
5.37899,1.11292
5.38049,1.11299
5.38199,1.11307
5.38349,1.11314
5.38499,1.11322
5.38649,1.11329
5.38799,1.11337
5.38949,1.11344
5.39099,1.11351
5.39249,1.11359
5.39399,1.11366
5.39549,1.11374
5.39699,1.11381
5.39849,1.11389
5.39999,1.11396
5.40149,1.11404
5.40299,1.11411
5.40449,1.11419
5.40599,1.11426
5.40749,1.11434
5.40899,1.11441
5.41049,1.11449
5.41199,1.11456
5.41349,1.11464
5.41499,1.11471
5.41649,1.11479
5.41799,1.11486
5.41949,1.11493
5.42099,1.11501
5.42249,1.11508
5.42399,1.11516
5.42549,1.11523
5.42699,1.1153
5.42849,1.11538
5.42999,1.11545
5.43149,1.11553
5.43299,1.1156
5.43449,1.11567
5.43599,1.11575
5.43749,1.11582
5.43899,1.1159
5.44049,1.11597
5.44199,1.11604
5.44349,1.11612
5.44499,1.11619
5.44649,1.11626
5.44799,1.11633
5.44949,1.11641
5.45099,1.11648
5.45249,1.11655
5.45399,1.11662
5.45549,1.1167
5.45699,1.11677
5.45849,1.11684
5.45999,1.11691
5.46149,1.11698
5.46299,1.11705
5.46449,1.11713
5.46599,1.1172
5.46749,1.11727
5.46899,1.11734
5.47049,1.11741
5.47199,1.11748
5.47349,1.11755
5.47499,1.11762
5.47649,1.11769
5.47799,1.11776
5.4795,1.11783
5.481,1.1179
5.4825,1.11796
5.484,1.11803
5.4855,1.1181
5.487,1.11817
5.4885,1.11824
5.49,1.1183
5.4915,1.11837
5.493,1.11844
5.4945,1.11851
5.496,1.11857
5.4975,1.11864
5.499,1.1187
5.5005,1.11877
5.502,1.11884
5.5035,1.1189
5.505,1.11897
5.5065,1.11903
5.508,1.1191
5.5095,1.11916
5.511,1.11923
5.5125,1.11929
5.514,1.11935
5.5155,1.11942
5.517,1.11948
5.5185,1.11954
5.52,1.11961
5.5215,1.11967
5.523,1.11973
5.5245,1.11979
5.526,1.11986
5.5275,1.11992
5.529,1.11998
5.5305,1.12004
5.532,1.1201
5.5335,1.12017
5.535,1.12023
5.5365,1.12029
5.538,1.12035
5.5395,1.12041
5.541,1.12047
5.5425,1.12053
5.544,1.12059
5.5455,1.12065
5.547,1.12071
5.5485,1.12077
5.55,1.12083
5.5515,1.12089
5.553,1.12095
5.5545,1.12101
5.556,1.12107
5.5575,1.12113
5.559,1.12118
5.5605,1.12124
5.562,1.1213
5.5635,1.12136
5.565,1.12142
5.5665,1.12148
5.568,1.12153
5.5695,1.12159
5.571,1.12165
5.5725,1.12171
5.574,1.12177
5.5755,1.12182
5.577,1.12188
5.5785,1.12194
5.58,1.122
5.5815,1.12206
5.583,1.12211
5.5845,1.12217
5.586,1.12223
5.5875,1.12229
5.589,1.12234
5.5905,1.1224
5.592,1.12246
5.5935,1.12252
5.59501,1.12257
5.59651,1.12263
5.59801,1.12268
5.59951,1.12274
5.60101,1.1228
5.60251,1.12285
5.60401,1.12291
5.60551,1.12297
5.60701,1.12302
5.60851,1.12308
5.61001,1.12313
5.61151,1.12319
5.61301,1.12324
5.61451,1.1233
5.61601,1.12335
5.61751,1.12341
5.61901,1.12346
5.62051,1.12352
5.62201,1.12357
5.62351,1.12363
5.62501,1.12368
5.62651,1.12374
5.62801,1.12379
5.62951,1.12384
5.63101,1.1239
5.63251,1.12395
5.63401,1.124
5.63551,1.12406
5.63701,1.12411
5.63851,1.12416
5.64001,1.12421
5.64151,1.12426
5.64301,1.12432
5.64451,1.12437
5.64601,1.12442
5.64751,1.12447
5.64901,1.12452
5.65051,1.12458
5.65201,1.12463
5.65351,1.12468
5.65501,1.12473
5.65651,1.12478
5.65801,1.12483
5.65951,1.12488
5.66101,1.12493
5.66251,1.12497
5.66401,1.12502
5.66551,1.12507
5.66701,1.12512
5.66851,1.12517
5.67001,1.12522
5.67151,1.12527
5.67301,1.12531
5.67451,1.12536
5.67601,1.12541
5.67751,1.12546
5.67901,1.12551
5.68051,1.12555
5.68201,1.1256
5.68351,1.12565
5.68501,1.1257
5.68651,1.12574
5.68801,1.12579
5.68951,1.12584
5.69101,1.12588
5.69251,1.12593
5.69401,1.12598
5.69551,1.12602
5.69701,1.12607
5.69851,1.12612
5.70001,1.12616
5.70151,1.12621
5.70301,1.12626
5.70451,1.1263
5.70601,1.12635
5.70751,1.1264
5.70901,1.12644
5.71052,1.12649
5.71202,1.12654
5.71352,1.12658
5.71502,1.12663
5.71652,1.12668
5.71802,1.12673
5.71952,1.12677
5.72102,1.12682
5.72252,1.12687
5.72402,1.12692
5.72552,1.12697
5.72702,1.12701
5.72852,1.12706
5.73002,1.12711
5.73152,1.12716
5.73302,1.12721
5.73452,1.12726
5.73602,1.12731
5.73752,1.12736
5.73902,1.1274
5.74052,1.12746
5.74202,1.1275
5.74352,1.12755
5.74502,1.1276
5.74652,1.12765
5.74802,1.1277
5.74952,1.12775
5.75102,1.1278
5.75252,1.12785
5.75402,1.1279
5.75552,1.12795
5.75702,1.128
5.75852,1.12805
5.76002,1.1281
5.76152,1.12815
5.76302,1.1282
5.76452,1.12825
5.76602,1.1283
5.76752,1.12836
5.76902,1.1284
5.77052,1.12846
5.77202,1.12851
5.77352,1.12856
5.77502,1.12861
5.77652,1.12866
5.77802,1.12871
5.77952,1.12876
5.78102,1.12881
5.78252,1.12886
5.78402,1.12891
5.78552,1.12896
5.78702,1.12901
5.78852,1.12906
5.79002,1.12911
5.79152,1.12917
5.79302,1.12922
5.79452,1.12927
5.79602,1.12932
5.79752,1.12937
5.79902,1.12942
5.80052,1.12947
5.80202,1.12952
5.80352,1.12957
5.80502,1.12962
5.80652,1.12967
5.80802,1.12972
5.80952,1.12978
5.81102,1.12983
5.81252,1.12988
5.81402,1.12993
5.81552,1.12998
5.81702,1.13003
5.81852,1.13008
5.82002,1.13013
5.82152,1.13018
5.82302,1.13024
5.82452,1.13029
5.82603,1.13034
5.82753,1.13039
5.82903,1.13044
5.83053,1.13049
5.83203,1.13054
5.83353,1.13059
5.83503,1.13064
5.83653,1.1307
5.83803,1.13075
5.83953,1.1308
5.84103,1.13085
5.84253,1.1309
5.84403,1.13095
5.84553,1.131
5.84703,1.13106
5.84853,1.13111
5.85003,1.13116
5.85153,1.13121
5.85303,1.13126
5.85453,1.13131
5.85603,1.13136
5.85753,1.13141
5.85903,1.13146
5.86053,1.13152
5.86203,1.13157
5.86353,1.13162
5.86503,1.13167
5.86653,1.13172
5.86803,1.13177
5.86953,1.13182
5.87103,1.13188
5.87253,1.13193
5.87403,1.13198
5.87553,1.13203
5.87703,1.13208
5.87853,1.13214
5.88003,1.13219
5.88153,1.13224
5.88303,1.13229
5.88453,1.13235
5.88603,1.1324
5.88753,1.13245
5.88903,1.1325
5.89053,1.13256
5.89203,1.13261
5.89353,1.13267
5.89503,1.13272
5.89653,1.13277
5.89803,1.13282
5.89953,1.13288
5.90103,1.13293
5.90253,1.13299
5.90403,1.13304
5.90553,1.13309
5.90703,1.13315
5.90853,1.1332
5.91003,1.13326
5.91153,1.13331
5.91303,1.13336
5.91453,1.13342
5.91603,1.13347
5.91753,1.13353
5.91903,1.13358
5.92053,1.13363
5.92203,1.13369
5.92353,1.13374
5.92503,1.1338
5.92653,1.13385
5.92803,1.1339
5.92953,1.13396
5.93103,1.13401
5.93253,1.13406
5.93403,1.13412
5.93553,1.13417
5.93703,1.13422
5.93853,1.13428
5.94003,1.13433
5.94153,1.13438
5.94304,1.13444
5.94454,1.13449
5.94604,1.13455
5.94754,1.1346
5.94904,1.13465
5.95054,1.13471
5.95204,1.13476
5.95354,1.13481
5.95504,1.13487
5.95654,1.13492
5.95804,1.13497
5.95954,1.13503
5.96104,1.13508
5.96254,1.13514
5.96404,1.13519
5.96554,1.13525
5.96704,1.1353
5.96854,1.13536
5.97004,1.13541
5.97154,1.13547
5.97304,1.13552
5.97454,1.13557
5.97604,1.13563
5.97754,1.13569
5.97904,1.13574
5.98054,1.1358
5.98204,1.13585
5.98354,1.13591
5.98504,1.13596
5.98654,1.13602
5.98804,1.13608
5.98954,1.13613
5.99104,1.13619
5.99254,1.13625
5.99404,1.1363
5.99554,1.13636
5.99704,1.13641
5.99854,1.13647
6.00004,1.13653
6.00154,1.13658
6.00304,1.13664
6.00454,1.1367
6.00604,1.13676
6.00754,1.13681
6.00904,1.13687
6.01054,1.13692
6.01204,1.13698
6.01354,1.13704
6.01504,1.13709
6.01654,1.13715
6.01804,1.13721
6.01954,1.13726
6.02104,1.13732
6.02254,1.13738
6.02404,1.13743
6.02554,1.13749
6.02704,1.13755
6.02854,1.1376
6.03004,1.13766
6.03154,1.13771
6.03304,1.13777
6.03454,1.13782
6.03604,1.13788
6.03754,1.13793
6.03904,1.13799
6.04054,1.13804
6.04204,1.1381
6.04354,1.13815
6.04504,1.13821
6.04654,1.13826
6.04804,1.13831
6.04954,1.13837
6.05104,1.13842
6.05254,1.13847
6.05404,1.13853
6.05554,1.13858
6.05704,1.13863
6.05855,1.13869
6.06005,1.13874
6.06155,1.13879
6.06305,1.13884
6.06455,1.13889
6.06605,1.13895
6.06755,1.13899
6.06905,1.13905
6.07055,1.1391
6.07205,1.13915
6.07355,1.1392
6.07505,1.13924
6.07655,1.13929
6.07805,1.13934
6.07955,1.13939
6.08105,1.13944
6.08255,1.13949
6.08405,1.13954
6.08555,1.13958
6.08705,1.13963
6.08855,1.13968
6.09005,1.13972
6.09155,1.13977
6.09305,1.13982
6.09455,1.13986
6.09605,1.13991
6.09755,1.13995
6.09905,1.14
6.10055,1.14004
6.10205,1.14009
6.10355,1.14013
6.10505,1.14018
6.10655,1.14022
6.10805,1.14027
6.10955,1.14031
6.11105,1.14035
6.11255,1.1404
6.11405,1.14044
6.11555,1.14049
6.11705,1.14053
6.11855,1.14057
6.12005,1.14061
6.12155,1.14066
6.12305,1.1407
6.12455,1.14074
6.12605,1.14078
6.12755,1.14082
6.12905,1.14086
6.13055,1.1409
6.13205,1.14094
6.13355,1.14098
6.13505,1.14103
6.13655,1.14107
6.13805,1.1411
6.13955,1.14114
6.14105,1.14118
6.14255,1.14122
6.14405,1.14126
6.14555,1.1413
6.14705,1.14133
6.14855,1.14137
6.15005,1.1414
6.15155,1.14144
6.15305,1.14148
6.15455,1.14151
6.15605,1.14155
6.15755,1.14158
6.15905,1.14161
6.16055,1.14165
6.16205,1.14168
6.16355,1.14171
6.16505,1.14174
6.16655,1.14177
6.16805,1.1418
6.16955,1.14183
6.17105,1.14186
6.17255,1.14189
6.17406,1.14192
6.17556,1.14194
6.17706,1.14197
6.17856,1.14199
6.18006,1.14202
6.18156,1.14204
6.18306,1.14207
6.18456,1.14209
6.18606,1.14212
6.18756,1.14214
6.18906,1.14216
6.19056,1.14218
6.19206,1.1422
6.19356,1.14222
6.19506,1.14224
6.19656,1.14226
6.19806,1.14228
6.19956,1.1423
6.20106,1.14232
6.20256,1.14233
6.20406,1.14235
6.20556,1.14237
6.20706,1.14238
6.20856,1.14239
6.21006,1.14241
6.21156,1.14242
6.21306,1.14243
6.21456,1.14244
6.21606,1.14245
6.21756,1.14246
6.21906,1.14247
6.22056,1.14248
6.22206,1.14249
6.22356,1.14249
6.22506,1.1425
6.22656,1.1425
6.22806,1.14251
6.22956,1.14251
6.23106,1.14251
6.23256,1.14251
6.23406,1.14251
6.23556,1.14251
6.23706,1.14251
6.23856,1.14251
6.24006,1.1425
6.24156,1.1425
6.24306,1.14249
6.24456,1.14249
6.24606,1.14248
6.24756,1.14247
6.24906,1.14246
6.25056,1.14245
6.25206,1.14244
6.25356,1.14242
6.25506,1.14241
6.25656,1.14239
6.25806,1.14238
6.25956,1.14236
6.26106,1.14234
6.26256,1.14233
6.26406,1.14231
6.26556,1.14229
6.26706,1.14226
6.26856,1.14224
6.27006,1.14222
6.27156,1.14219
6.27306,1.14217
6.27456,1.14214
6.27606,1.14211
6.27756,1.14209
6.27906,1.14206
6.28056,1.14203
6.28206,1.142
6.28356,1.14197
6.28506,1.14194
6.28656,1.1419
6.28806,1.14187
6.28957,1.14184
6.29107,1.1418
6.29257,1.14177
6.29407,1.14173
6.29557,1.14169
6.29707,1.14166
6.29857,1.14162
6.30007,1.14158
6.30157,1.14154
6.30307,1.1415
6.30457,1.14146
6.30607,1.14142
6.30757,1.14138
6.30907,1.14134
6.31057,1.1413
6.31207,1.14126
6.31357,1.14121
6.31507,1.14117
6.31657,1.14113
6.31807,1.14108
6.31957,1.14104
6.32107,1.14099
6.32257,1.14095
6.32407,1.1409
6.32557,1.14086
6.32707,1.14081
6.32857,1.14076
6.33007,1.14072
6.33157,1.14067
6.33307,1.14062
6.33457,1.14057
6.33607,1.14053
6.33757,1.14048
6.33907,1.14043
6.34057,1.14038
6.34207,1.14033
6.34357,1.14028
6.34507,1.14024
6.34657,1.14019
6.34807,1.14013
6.34957,1.14009
6.35107,1.14004
6.35257,1.13999
6.35407,1.13994
6.35557,1.13989
6.35707,1.13984
6.35857,1.13979
6.36007,1.13973
6.36157,1.13968
6.36307,1.13963
6.36457,1.13958
6.36607,1.13953
6.36757,1.13948
6.36907,1.13943
6.37057,1.13938
6.37207,1.13933
6.37357,1.13928
6.37507,1.13923
6.37657,1.13918
6.37807,1.13913
6.37957,1.13908
6.38107,1.13903
6.38257,1.13898
6.38407,1.13893
6.38557,1.13888
6.38707,1.13883
6.38857,1.13878
6.39007,1.13873
6.39157,1.13868
6.39307,1.13863
6.39457,1.13858
6.39607,1.13853
6.39757,1.13848
6.39907,1.13843
6.40057,1.13838
6.40207,1.13833
6.40357,1.13828
6.40508,1.13823
6.40658,1.13818
6.40808,1.13814
6.40958,1.13809
6.41108,1.13804
6.41258,1.13799
6.41408,1.13794
6.41558,1.13789
6.41708,1.13784
6.41858,1.13779
6.42008,1.13775
6.42158,1.1377
6.42308,1.13765
6.42458,1.1376
6.42608,1.13755
6.42758,1.13751
6.42908,1.13746
6.43058,1.13741
6.43208,1.13736
6.43358,1.13731
6.43508,1.13726
6.43658,1.13722
6.43808,1.13717
6.43958,1.13712
6.44108,1.13707
6.44258,1.13703
6.44408,1.13698
6.44558,1.13693
6.44708,1.13688
6.44858,1.13683
6.45008,1.13678
6.45158,1.13673
6.45308,1.13668
6.45458,1.13664
6.45608,1.13659
6.45758,1.13654
6.45908,1.13649
6.46058,1.13644
6.46208,1.13639
6.46358,1.13634
6.46508,1.13629
6.46658,1.13624
6.46808,1.13619
6.46958,1.13614
6.47108,1.13609
6.47258,1.13604
6.47408,1.13599
6.47558,1.13594
6.47708,1.13589
6.47858,1.13584
6.48008,1.13579
6.48158,1.13574
6.48308,1.13569
6.48458,1.13564
6.48608,1.13559
6.48758,1.13554
6.48908,1.13549
6.49058,1.13544
6.49208,1.13539
6.49358,1.13533
6.49508,1.13528
6.49658,1.13523
6.49808,1.13518
6.49958,1.13513
6.50108,1.13508
6.50258,1.13503
6.50408,1.13498
6.50558,1.13493
6.50708,1.13487
6.50858,1.13482
6.51008,1.13477
6.51158,1.13472
6.51308,1.13467
6.51458,1.13462
6.51608,1.13457
6.51758,1.13451
6.51908,1.13446
6.52059,1.13441
6.52209,1.13436
6.52359,1.13431
6.52509,1.13426
6.52659,1.13421
6.52809,1.13415
6.52959,1.1341
6.53109,1.13405
6.53259,1.134
6.53409,1.13394
6.53559,1.13389
6.53709,1.13384
6.53859,1.13378
6.54009,1.13373
6.54159,1.13368
6.54309,1.13363
6.54459,1.13357
6.54609,1.13352
6.54759,1.13347
6.54909,1.13341
6.55059,1.13336
6.55209,1.1333
6.55359,1.13325
6.55509,1.13319
6.55659,1.13314
6.55809,1.13309
6.55959,1.13303
6.56109,1.13298
6.56259,1.13292
6.56409,1.13287
6.56559,1.13281
6.56709,1.13276
6.56859,1.1327
6.57009,1.13264
6.57159,1.13259
6.57309,1.13253
6.57459,1.13248
6.57609,1.13242
6.57759,1.13236
6.57909,1.13231
6.58059,1.13225
6.58209,1.13219
6.58359,1.13214
6.58509,1.13208
6.58659,1.13202
6.58809,1.13196
6.58959,1.1319
6.59109,1.13185
6.59259,1.13179
6.59409,1.13173
6.59559,1.13167
6.59709,1.13161
6.59859,1.13155
6.60009,1.13149
6.60159,1.13143
6.60309,1.13137
6.60459,1.13132
6.60609,1.13126
6.60759,1.1312
6.60909,1.13114
6.61059,1.13107
6.61209,1.13101
6.61359,1.13095
6.61509,1.13089
6.61659,1.13083
6.61809,1.13077
6.61959,1.13071
6.62109,1.13065
6.62259,1.13058
6.62409,1.13052
6.62559,1.13046
6.62709,1.1304
6.62859,1.13034
6.63009,1.13027
6.63159,1.13021
6.63309,1.13015
6.63459,1.13008
6.6361,1.13002
6.6376,1.12996
6.6391,1.12989
6.6406,1.12983
6.6421,1.12977
6.6436,1.1297
6.6451,1.12964
6.6466,1.12958
6.6481,1.12951
6.6496,1.12945
6.6511,1.12938
6.6526,1.12932
6.6541,1.12926
6.6556,1.12919
6.6571,1.12913
6.6586,1.12907
6.6601,1.12901
6.6616,1.12894
6.6631,1.12888
6.6646,1.12881
6.6661,1.12875
6.6676,1.12869
6.6691,1.12862
6.6706,1.12856
6.6721,1.1285
6.6736,1.12843
6.6751,1.12837
6.6766,1.12831
6.6781,1.12825
6.6796,1.12818
6.6811,1.12812
6.6826,1.12806
6.6841,1.128
6.6856,1.12793
6.6871,1.12787
6.6886,1.12781
6.6901,1.12775
6.6916,1.12769
6.6931,1.12763
6.6946,1.12757
6.6961,1.12751
6.6976,1.12745
6.6991,1.12739
6.7006,1.12733
6.7021,1.12727
6.7036,1.12721
6.7051,1.12715
6.7066,1.1271
6.7081,1.12704
6.7096,1.12698
6.7111,1.12692
6.7126,1.12687
6.7141,1.12681
6.7156,1.12676
6.7171,1.1267
6.7186,1.12664
6.7201,1.12659
6.7216,1.12654
6.7231,1.12648
6.7246,1.12643
6.7261,1.12637
6.7276,1.12632
6.7291,1.12627
6.7306,1.12622
6.7321,1.12617
6.7336,1.12612
6.7351,1.12606
6.7366,1.12601
6.7381,1.12596
6.7396,1.12591
6.7411,1.12587
6.7426,1.12582
6.7441,1.12577
6.7456,1.12572
6.7471,1.12567
6.7486,1.12562
6.7501,1.12557
6.75161,1.12553
6.75311,1.12548
6.75461,1.12544
6.75611,1.12539
6.75761,1.12535
6.75911,1.1253
6.76061,1.12526
6.76211,1.12521
6.76361,1.12517
6.76511,1.12512
6.76661,1.12508
6.76811,1.12504
6.76961,1.12499
6.77111,1.12495
6.77261,1.12491
6.77411,1.12486
6.77561,1.12482
6.77711,1.12478
6.77861,1.12474
6.78011,1.1247
6.78161,1.12465
6.78311,1.12461
6.78461,1.12457
6.78611,1.12453
6.78761,1.12449
6.78911,1.12445
6.79061,1.12441
6.79211,1.12437
6.79361,1.12433
6.79511,1.12429
6.79661,1.12425
6.79811,1.12421
6.79961,1.12417
6.80111,1.12413
6.80261,1.12408
6.80411,1.12405
6.80561,1.124
6.80711,1.12396
6.80861,1.12392
6.81011,1.12388
6.81161,1.12384
6.81311,1.1238
6.81461,1.12376
6.81611,1.12372
6.81761,1.12368
6.81911,1.12364
6.82061,1.1236
6.82211,1.12356
6.82361,1.12352
6.82511,1.12348
6.82661,1.12343
6.82811,1.12339
6.82961,1.12335
6.83111,1.12331
6.83261,1.12326
6.83411,1.12322
6.83561,1.12318
6.83711,1.12313
6.83861,1.12309
6.84011,1.12305
6.84161,1.123
6.84311,1.12296
6.84461,1.12291
6.84611,1.12287
6.84761,1.12283
6.84911,1.12278
6.85061,1.12273
6.85211,1.12269
6.85361,1.12264
6.85511,1.1226
6.85661,1.12255
6.85811,1.1225
6.85961,1.12245
6.86111,1.12241
6.86261,1.12236
6.86411,1.12231
6.86561,1.12226
6.86712,1.12221
6.86862,1.12217
6.87012,1.12212
6.87162,1.12207
6.87312,1.12202
6.87462,1.12197
6.87612,1.12192
6.87762,1.12187
6.87912,1.12182
6.88062,1.12177
6.88212,1.12172
6.88362,1.12167
6.88512,1.12162
6.88662,1.12157
6.88812,1.12152
6.88962,1.12147
6.89112,1.12142
6.89262,1.12137
6.89412,1.12132
6.89562,1.12126
6.89712,1.12121
6.89862,1.12116
6.90012,1.12111
6.90162,1.12106
6.90312,1.12101
6.90462,1.12096
6.90612,1.12091
6.90762,1.12086
6.90912,1.12081
6.91062,1.12075
6.91212,1.1207
6.91362,1.12065
6.91512,1.1206
6.91662,1.12055
6.91812,1.1205
6.91962,1.12045
6.92112,1.1204
6.92262,1.12035
6.92412,1.1203
6.92562,1.12025
6.92712,1.1202
6.92862,1.12015
6.93012,1.1201
6.93162,1.12005
6.93312,1.12
6.93462,1.11995
6.93612,1.1199
6.93762,1.11985
6.93912,1.1198
6.94062,1.11975
6.94212,1.1197
6.94362,1.11965
6.94512,1.1196
6.94662,1.11955
6.94812,1.1195
6.94962,1.11945
6.95112,1.1194
6.95262,1.11936
6.95412,1.11931
6.95562,1.11926
6.95712,1.11921
6.95862,1.11916
6.96012,1.11911
6.96162,1.11907
6.96312,1.11902
6.96462,1.11897
6.96612,1.11892
6.96762,1.11888
6.96912,1.11883
6.97062,1.11878
6.97212,1.11873
6.97362,1.11868
6.97512,1.11864
6.97662,1.11859
6.97812,1.11854
6.97962,1.1185
6.98112,1.11845
6.98263,1.1184
6.98413,1.11836
6.98563,1.11831
6.98713,1.11827
6.98863,1.11822
6.99013,1.11817
6.99163,1.11813
6.99313,1.11808
6.99463,1.11803
6.99613,1.11799
6.99763,1.11794
6.99913,1.1179
7.00063,1.11785
7.00213,1.11781
7.00363,1.11776
7.00513,1.11771
7.00663,1.11767
7.00813,1.11762
7.00963,1.11758
7.01113,1.11753
7.01263,1.11749
7.01413,1.11744
7.01563,1.1174
7.01713,1.11735
7.01863,1.1173
7.02013,1.11726
7.02163,1.11722
7.02313,1.11717
7.02463,1.11713
7.02613,1.11708
7.02763,1.11703
7.02913,1.11699
7.03063,1.11694
7.03213,1.1169
7.03363,1.11685
7.03513,1.11681
7.03663,1.11677
7.03813,1.11672
7.03963,1.11668
7.04113,1.11663
7.04263,1.11659
7.04413,1.11654
7.04563,1.1165
7.04713,1.11645
7.04863,1.11641
7.05013,1.11637
7.05163,1.11632
7.05313,1.11628
7.05463,1.11623
7.05613,1.11619
7.05763,1.11615
7.05913,1.1161
7.06063,1.11606
7.06213,1.11601
7.06363,1.11597
7.06513,1.11593
7.06663,1.11588
7.06813,1.11584
7.06963,1.1158
7.07113,1.11575
7.07263,1.11571
7.07413,1.11567
7.07563,1.11562
7.07713,1.11558
7.07863,1.11554
7.08013,1.1155
7.08163,1.11545
7.08313,1.11541
7.08463,1.11537
7.08613,1.11533
7.08763,1.11529
7.08913,1.11524
7.09063,1.1152
7.09213,1.11516
7.09363,1.11512
7.09513,1.11507
7.09663,1.11503
7.09813,1.11499
7.09964,1.11495
7.10114,1.11491
7.10264,1.11486
7.10414,1.11482
7.10564,1.11478
7.10714,1.11474
7.10864,1.1147
7.11014,1.11466
7.11164,1.11462
7.11314,1.11457
7.11464,1.11453
7.11614,1.11449
7.11764,1.11445
7.11914,1.11441
7.12064,1.11437
7.12214,1.11432
7.12364,1.11428
7.12514,1.11424
7.12664,1.1142
7.12814,1.11416
7.12964,1.11412
7.13114,1.11408
7.13264,1.11403
7.13414,1.11399
7.13564,1.11395
7.13714,1.11391
7.13864,1.11387
7.14014,1.11382
7.14164,1.11378
7.14314,1.11374
7.14464,1.1137
7.14614,1.11366
7.14764,1.11361
7.14914,1.11357
7.15064,1.11353
7.15214,1.11349
7.15364,1.11344
7.15514,1.1134
7.15664,1.11336
7.15814,1.11332
7.15964,1.11327
7.16114,1.11323
7.16264,1.11319
7.16414,1.11314
7.16564,1.1131
7.16714,1.11306
7.16864,1.11302
7.17014,1.11297
7.17164,1.11293
7.17314,1.11289
7.17464,1.11284
7.17614,1.1128
7.17764,1.11276
7.17914,1.11271
7.18064,1.11267
7.18214,1.11263
7.18364,1.11258
7.18514,1.11254
7.18664,1.1125
7.18814,1.11245
7.18964,1.11241
7.19114,1.11236
7.19264,1.11232
7.19414,1.11227
7.19564,1.11223
7.19714,1.11219
7.19864,1.11214
7.20014,1.1121
7.20164,1.11205
7.20314,1.11201
7.20464,1.11196
7.20614,1.11192
7.20764,1.11187
7.20914,1.11183
7.21064,1.11178
7.21214,1.11174
7.21364,1.11169
7.21515,1.11164
7.21665,1.1116
7.21815,1.11155
7.21965,1.11151
7.22115,1.11146
7.22265,1.11141
7.22415,1.11137
7.22565,1.11132
7.22715,1.11127
7.22865,1.11123
7.23015,1.11118
7.23165,1.11113
7.23315,1.11109
7.23465,1.11104
7.23615,1.11099
7.23765,1.11094
7.23915,1.1109
7.24065,1.11085
7.24215,1.1108
7.24365,1.11075
7.24515,1.11071
7.24665,1.11066
7.24815,1.11061
7.24965,1.11056
7.25115,1.11051
7.25265,1.11046
7.25415,1.11042
7.25565,1.11037
7.25715,1.11032
7.25865,1.11027
7.26015,1.11022
7.26165,1.11017
7.26315,1.11012
7.26465,1.11007
7.26615,1.11002
7.26765,1.10998
7.26915,1.10993
7.27065,1.10988
7.27215,1.10983
7.27365,1.10978
7.27515,1.10973
7.27665,1.10968
7.27815,1.10963
7.27965,1.10958
7.28115,1.10953
7.28265,1.10948
7.28415,1.10943
7.28565,1.10938
7.28715,1.10933
7.28865,1.10928
7.29015,1.10924
7.29165,1.10919
7.29315,1.10914
7.29465,1.10909
7.29615,1.10904
7.29765,1.10899
7.29915,1.10894
7.30065,1.10889
7.30215,1.10884
7.30365,1.10879
7.30515,1.10874
7.30665,1.1087
7.30815,1.10865
7.30965,1.1086
7.31115,1.10855
7.31265,1.1085
7.31415,1.10845
7.31565,1.1084
7.31715,1.10836
7.31865,1.10831
7.32015,1.10826
7.32165,1.10821
7.32315,1.10816
7.32465,1.10811
7.32615,1.10806
7.32765,1.10802
7.32915,1.10797
7.33066,1.10792
7.33216,1.10787
7.33366,1.10782
7.33516,1.10778
7.33666,1.10773
7.33816,1.10768
7.33966,1.10763
7.34116,1.10759
7.34266,1.10754
7.34416,1.10749
7.34566,1.10744
7.34716,1.10739
7.34866,1.10735
7.35016,1.1073
7.35166,1.10725
7.35316,1.1072
7.35466,1.10716
7.35616,1.10711
7.35766,1.10706
7.35916,1.10702
7.36066,1.10697
7.36216,1.10692
7.36366,1.10688
7.36516,1.10683
7.36666,1.10678
7.36816,1.10674
7.36966,1.10669
7.37116,1.10664
7.37266,1.1066
7.37416,1.10655
7.37566,1.10651
7.37716,1.10646
7.37866,1.10642
7.38016,1.10637
7.38166,1.10633
7.38316,1.10628
7.38466,1.10624
7.38616,1.10619
7.38766,1.10615
7.38916,1.1061
7.39066,1.10606
7.39216,1.10601
7.39366,1.10597
7.39516,1.10593
7.39666,1.10588
7.39816,1.10584
7.39966,1.10579
7.40116,1.10575
7.40266,1.10571
7.40416,1.10566
7.40566,1.10562
7.40716,1.10558
7.40866,1.10553
7.41016,1.10549
7.41166,1.10545
7.41316,1.1054
7.41466,1.10536
7.41616,1.10532
7.41766,1.10528
7.41916,1.10523
7.42066,1.10519
7.42216,1.10515
7.42366,1.10511
7.42516,1.10506
7.42666,1.10502
7.42816,1.10498
7.42966,1.10494
7.43116,1.1049
7.43266,1.10485
7.43416,1.10481
7.43566,1.10477
7.43716,1.10473
7.43866,1.10469
7.44016,1.10465
7.44166,1.10461
7.44316,1.10457
7.44466,1.10453
7.44617,1.10449
7.44767,1.10445
7.44917,1.10441
7.45067,1.10437
7.45217,1.10433
7.45367,1.10429
7.45517,1.10425
7.45667,1.10421
7.45817,1.10417
7.45967,1.10414
7.46117,1.1041
7.46267,1.10406
7.46417,1.10402
7.46567,1.10398
7.46717,1.10394
7.46867,1.10391
7.47017,1.10387
7.47167,1.10383
7.47317,1.10379
7.47467,1.10376
7.47617,1.10372
7.47767,1.10368
7.47917,1.10365
7.48067,1.10361
7.48217,1.10357
7.48367,1.10354
7.48517,1.1035
7.48667,1.10346
7.48817,1.10343
7.48967,1.10339
7.49117,1.10336
7.49267,1.10332
7.49417,1.10329
7.49567,1.10325
7.49717,1.10321
7.49867,1.10318
7.50017,1.10314
7.50167,1.10311
7.50317,1.10308
7.50467,1.10304
7.50617,1.10301
7.50767,1.10298
7.50917,1.10294
7.51067,1.10291
7.51217,1.10288
7.51367,1.10284
7.51517,1.10281
7.51667,1.10278
7.51817,1.10275
7.51967,1.10271
7.52117,1.10268
7.52267,1.10265
7.52417,1.10262
7.52567,1.10259
7.52717,1.10256
7.52867,1.10253
7.53017,1.1025
7.53167,1.10247
7.53317,1.10244
7.53467,1.10241
7.53617,1.10238
7.53767,1.10235
7.53917,1.10232
7.54067,1.10229
7.54217,1.10227
7.54367,1.10224
7.54517,1.10221
7.54667,1.10218
7.54817,1.10216
7.54967,1.10213
7.55117,1.1021
7.55267,1.10207
7.55417,1.10205
7.55567,1.10202
7.55717,1.102
7.55867,1.10197
7.56017,1.10194
7.56168,1.10192
7.56318,1.10189
7.56468,1.10187
7.56618,1.10184
7.56768,1.10182
7.56918,1.10179
7.57068,1.10177
7.57218,1.10174
7.57368,1.10172
7.57518,1.10169
7.57668,1.10167
7.57818,1.10164
7.57968,1.10162
7.58118,1.10159
7.58268,1.10157
7.58418,1.10154
7.58568,1.10152
7.58718,1.1015
7.58868,1.10147
7.59018,1.10145
7.59168,1.10143
7.59318,1.1014
7.59468,1.10138
7.59618,1.10136
7.59768,1.10134
7.59918,1.10131
7.60068,1.10129
7.60218,1.10127
7.60368,1.10125
7.60518,1.10123
7.60668,1.10121
7.60818,1.10119
7.60968,1.10117
7.61118,1.10115
7.61268,1.10113
7.61418,1.10111
7.61568,1.10109
7.61718,1.10107
7.61868,1.10106
7.62018,1.10104
7.62168,1.10103
7.62318,1.10101
7.62468,1.10099
7.62618,1.10098
7.62768,1.10097
7.62918,1.10095
7.63068,1.10094
7.63218,1.10093
7.63368,1.10092
7.63518,1.10091
7.63668,1.1009
7.63818,1.10089
7.63968,1.10088
7.64118,1.10087
7.64268,1.10087
7.64418,1.10086
7.64568,1.10085
7.64718,1.10085
7.64868,1.10084
7.65018,1.10084
7.65168,1.10083
7.65318,1.10083
7.65468,1.10082
7.65618,1.10082
7.65768,1.10081
7.65918,1.10081
7.66068,1.10081
7.66218,1.1008
7.66368,1.1008
7.66518,1.1008
7.66668,1.10079
7.66818,1.10079
7.66968,1.10079
7.67118,1.10078
7.67268,1.10078
7.67418,1.10077
7.67568,1.10077
7.67719,1.10076
7.67869,1.10076
7.68019,1.10075
7.68169,1.10075
7.68319,1.10074
7.68469,1.10074
7.68619,1.10073
7.68769,1.10072
7.68919,1.10071
7.69069,1.10071
7.69219,1.1007
7.69369,1.10069
7.69519,1.10068
7.69669,1.10067
7.69819,1.10066
7.69969,1.10065
7.70119,1.10064
7.70269,1.10062
7.70419,1.10061
7.70569,1.1006
7.70719,1.10058
7.70869,1.10057
7.71019,1.10056
7.71169,1.10054
7.71319,1.10053
7.71469,1.10051
7.71619,1.10049
7.71769,1.10048
7.71919,1.10046
7.72069,1.10044
7.72219,1.10042
7.72369,1.10041
7.72519,1.10039
7.72669,1.10037
7.72819,1.10035
7.72969,1.10033
7.73119,1.10031
7.73269,1.10028
7.73419,1.10026
7.73569,1.10024
7.73719,1.10022
7.73869,1.1002
7.74019,1.10017
7.74169,1.10015
7.74319,1.10012
7.74469,1.1001
7.74619,1.10007
7.74769,1.10005
7.74919,1.10002
7.75069,1.1
7.75219,1.09997
7.75369,1.09994
7.75519,1.09991
7.75669,1.09988
7.75819,1.09985
7.75969,1.09982
7.76119,1.09979
7.76269,1.09975
7.76419,1.09972
7.76569,1.09969
7.76719,1.09965
7.76869,1.09961
7.77019,1.09958
7.77169,1.09954
7.77319,1.09951
7.77469,1.09947
7.77619,1.09943
7.77769,1.09939
7.77919,1.09935
7.78069,1.09931
7.78219,1.09927
7.78369,1.09923
7.78519,1.09919
7.78669,1.09915
7.78819,1.09911
7.78969,1.09907
7.79119,1.09903
7.7927,1.09899
7.7942,1.09895
7.7957,1.09891
7.7972,1.09887
7.7987,1.09883
7.8002,1.0988
7.8017,1.09876
7.8032,1.09872
7.8047,1.09868
7.8062,1.09864
7.8077,1.0986
7.8092,1.09856
7.8107,1.09853
7.8122,1.09849
7.8137,1.09845
7.8152,1.09842
7.8167,1.09838
7.8182,1.09834
7.8197,1.09831
7.8212,1.09827
7.8227,1.09823
7.8242,1.09819
7.8257,1.09816
7.8272,1.09812
7.8287,1.09808
7.8302,1.09805
7.8317,1.09801
7.8332,1.09797
7.8347,1.09794
7.8362,1.0979
7.8377,1.09786
7.8392,1.09782
7.8407,1.09778
7.8422,1.09775
7.8437,1.09771
7.8452,1.09767
7.8467,1.09763
7.8482,1.09759
7.8497,1.09755
7.8512,1.09751
7.8527,1.09747
7.8542,1.09743
7.8557,1.09739
7.8572,1.09735
7.8587,1.09731
7.8602,1.09727
7.8617,1.09722
7.8632,1.09718
7.8647,1.09714
7.8662,1.0971
7.8677,1.09705
7.8692,1.09701
7.8707,1.09697
7.8722,1.09693
7.8737,1.09688
7.8752,1.09684
7.8767,1.0968
7.8782,1.09676
7.8797,1.09671
7.8812,1.09667
7.8827,1.09663
7.8842,1.09658
7.8857,1.09654
7.8872,1.0965
7.8887,1.09645
7.8902,1.09641
7.8917,1.09637
7.8932,1.09632
7.8947,1.09628
7.8962,1.09624
7.8977,1.09619
7.8992,1.09615
7.9007,1.09611
7.9022,1.09606
7.9037,1.09602
7.9052,1.09598
7.9067,1.09594
7.90821,1.09589
7.90971,1.09585
7.91121,1.09581
7.91271,1.09577
7.91421,1.09573
7.91571,1.09569
7.91721,1.09564
7.91871,1.0956
7.92021,1.09556
7.92171,1.09552
7.92321,1.09548
7.92471,1.09544
7.92621,1.0954
7.92771,1.09536
7.92921,1.09532
7.93071,1.09528
7.93221,1.09524
7.93371,1.0952
7.93521,1.09516
7.93671,1.09512
7.93821,1.09508
7.93971,1.09504
7.94121,1.095
7.94271,1.09496
7.94421,1.09492
7.94571,1.09488
7.94721,1.09484
7.94871,1.0948
7.95021,1.09476
7.95171,1.09472
7.95321,1.09468
7.95471,1.09464
7.95621,1.0946
7.95771,1.09457
7.95921,1.09453
7.96071,1.09449
7.96221,1.09445
7.96371,1.09441
7.96521,1.09437
7.96671,1.09434
7.96821,1.0943
7.96971,1.09426
7.97121,1.09422
7.97271,1.09419
7.97421,1.09415
7.97571,1.09412
7.97721,1.09408
7.97871,1.09405
7.98021,1.09401
7.98171,1.09397
7.98321,1.09394
7.98471,1.09391
7.98621,1.09387
7.98771,1.09384
7.98921,1.0938
7.99071,1.09377
7.99221,1.09374
7.99371,1.09371
7.99521,1.09367
7.99671,1.09364
7.99821,1.09361
7.99971,1.09358
8.00121,1.09355
8.00271,1.09352
8.00421,1.09349
8.00571,1.09346
8.00721,1.09343
8.00871,1.0934
8.01021,1.09337
8.01171,1.09335
8.01321,1.09332
8.01471,1.0933
8.01621,1.09327
8.01771,1.09324
8.01921,1.09322
8.02071,1.0932
8.02221,1.09317
8.02372,1.09315
8.02522,1.09313
8.02672,1.09311
8.02822,1.09309
8.02972,1.09307
8.03122,1.09305
8.03272,1.09304
8.03422,1.09302
8.03572,1.093
8.03722,1.09299
8.03872,1.09297
8.04022,1.09296
8.04172,1.09295
8.04322,1.09293
8.04472,1.09292
8.04622,1.09291
8.04772,1.0929
8.04922,1.09289
8.05072,1.09288
8.05222,1.09287
8.05372,1.09286
8.05522,1.09286
8.05672,1.09285
8.05822,1.09284
8.05972,1.09284
8.06122,1.09283
8.06272,1.09282
8.06422,1.09282
8.06572,1.09281
8.06722,1.09281
8.06872,1.0928
8.07022,1.0928
8.07172,1.09279
8.07322,1.09278
8.07472,1.09278
8.07622,1.09277
8.07772,1.09276
8.07922,1.09276
8.08072,1.09275
8.08222,1.09275
8.08372,1.09274
8.08522,1.09273
8.08672,1.09273
8.08822,1.09272
8.08972,1.09271
8.09122,1.0927
8.09272,1.0927
8.09422,1.09269
8.09572,1.09268
8.09722,1.09267
8.09872,1.09267
8.10022,1.09266
8.10172,1.09265
8.10322,1.09264
8.10472,1.09264
8.10622,1.09263
8.10772,1.09262
8.10922,1.09261
8.11072,1.09261
8.11222,1.0926
8.11372,1.09259
8.11522,1.09259
8.11672,1.09258
8.11822,1.09257
8.11972,1.09257
8.12122,1.09256
8.12272,1.09256
8.12422,1.09255
8.12572,1.09255
8.12722,1.09254
8.12872,1.09254
8.13022,1.09254
8.13172,1.09253
8.13322,1.09253
8.13472,1.09253
8.13622,1.09252
8.13772,1.09252
8.13923,1.09252
8.14073,1.09251
8.14223,1.09251
8.14373,1.09251
8.14523,1.09251
8.14673,1.09251
8.14823,1.0925
8.14973,1.0925
8.15123,1.0925
8.15273,1.0925
8.15423,1.09249
8.15573,1.09249
8.15723,1.09249
8.15873,1.09248
8.16023,1.09248
8.16173,1.09248
8.16323,1.09247
8.16473,1.09247
8.16623,1.09246
8.16773,1.09246
8.16923,1.09245
8.17073,1.09244
8.17223,1.09244
8.17373,1.09243
8.17523,1.09242
8.17673,1.09242
8.17823,1.09241
8.17973,1.0924
8.18123,1.09239
8.18273,1.09238
8.18423,1.09237
8.18573,1.09236
8.18723,1.09235
8.18873,1.09234
8.19023,1.09233
8.19173,1.09232
8.19323,1.09231
8.19473,1.0923
8.19623,1.09229
8.19773,1.09228
8.19923,1.09227
8.20073,1.09225
8.20223,1.09224
8.20373,1.09223
8.20523,1.09222
8.20673,1.09221
8.20823,1.0922
8.20973,1.09219
8.21123,1.09218
8.21273,1.09216
8.21423,1.09215
8.21573,1.09214
8.21723,1.09213
8.21873,1.09212
8.22023,1.09211
8.22173,1.0921
8.22323,1.0921
8.22473,1.09209
8.22623,1.09208
8.22773,1.09207
8.22923,1.09206
8.23073,1.09205
8.23223,1.09205
8.23373,1.09204
8.23523,1.09203
8.23673,1.09203
8.23823,1.09202
8.23973,1.09202
8.24123,1.09201
8.24273,1.09201
8.24423,1.092
8.24573,1.092
8.24723,1.092
8.24873,1.09199
8.25023,1.09199
8.25173,1.09199
8.25323,1.09198
8.25473,1.09198
8.25624,1.09198
8.25774,1.09198
8.25924,1.09198
8.26074,1.09198
8.26224,1.09198
8.26374,1.09198
8.26524,1.09198
8.26674,1.09198
8.26824,1.09198
8.26974,1.09198
8.27124,1.09199
8.27274,1.09199
8.27424,1.09199
8.27574,1.09199
8.27724,1.092
8.27874,1.092
8.28024,1.092
8.28174,1.09201
8.28324,1.09201
8.28474,1.09202
8.28624,1.09202
8.28774,1.09203
8.28924,1.09203
8.29074,1.09204
8.29224,1.09204
8.29374,1.09205
8.29524,1.09205
8.29674,1.09206
8.29824,1.09207
8.29974,1.09207
8.30124,1.09208
8.30274,1.09209
8.30424,1.0921
8.30574,1.0921
8.30724,1.09211
8.30874,1.09212
8.31024,1.09213
8.31174,1.09214
8.31324,1.09214
8.31474,1.09215
8.31624,1.09216
8.31774,1.09217
8.31924,1.09218
8.32074,1.09219
8.32224,1.0922
8.32374,1.09221
8.32524,1.09223
8.32674,1.09224
8.32824,1.09225
8.32974,1.09226
8.33124,1.09227
8.33274,1.09229
8.33424,1.0923
8.33574,1.09231
8.33724,1.09233
8.33874,1.09234
8.34024,1.09235
8.34174,1.09237
8.34324,1.09238
8.34474,1.0924
8.34624,1.09241
8.34774,1.09243
8.34924,1.09245
8.35074,1.09247
8.35224,1.09248
8.35374,1.0925
8.35524,1.09252
8.35674,1.09254
8.35824,1.09256
8.35974,1.09258
8.36124,1.0926
8.36274,1.09262
8.36424,1.09264
8.36574,1.09266
8.36724,1.09269
8.36874,1.09271
8.37024,1.09273
8.37175,1.09276
8.37325,1.09278
8.37475,1.09281
8.37625,1.09283
8.37775,1.09286
8.37925,1.09289
8.38075,1.09291
8.38225,1.09294
8.38375,1.09297
8.38525,1.093
8.38675,1.09303
8.38825,1.09306
8.38975,1.09309
8.39125,1.09312
8.39275,1.09315
8.39425,1.09318
8.39575,1.09321
8.39725,1.09325
8.39875,1.09328
8.40025,1.09331
8.40175,1.09335
8.40325,1.09339
8.40475,1.09342
8.40625,1.09346
8.40775,1.09349
8.40925,1.09353
8.41075,1.09357
8.41225,1.09361
8.41375,1.09365
8.41525,1.09368
8.41675,1.09372
8.41825,1.09376
8.41975,1.0938
8.42125,1.09384
8.42275,1.09389
8.42425,1.09393
8.42575,1.09397
8.42725,1.09401
8.42875,1.09405
8.43025,1.0941
8.43175,1.09414
8.43325,1.09419
8.43475,1.09423
8.43625,1.09427
8.43775,1.09432
8.43925,1.09436
8.44075,1.09441
8.44225,1.09446
8.44375,1.0945
8.44525,1.09455
8.44675,1.0946
8.44825,1.09464
8.44975,1.09469
8.45125,1.09474
8.45275,1.09479
8.45425,1.09483
8.45575,1.09488
8.45725,1.09493
8.45875,1.09498
8.46025,1.09503
8.46175,1.09508
8.46325,1.09513
8.46475,1.09518
8.46625,1.09523
8.46775,1.09528
8.46925,1.09533
8.47075,1.09538
8.47225,1.09543
8.47375,1.09548
8.47525,1.09554
8.47675,1.09559
8.47825,1.09564
8.47975,1.09569
8.48125,1.09574
8.48275,1.09579
8.48425,1.09584
8.48575,1.0959
8.48726,1.09595
8.48876,1.096
8.49026,1.09605
8.49176,1.0961
8.49326,1.09616
8.49476,1.0962
8.49626,1.09626
8.49776,1.09631
8.49926,1.09636
8.50076,1.09641
8.50226,1.09646
8.50376,1.09652
8.50526,1.09657
8.50676,1.09662
8.50826,1.09667
8.50976,1.09672
8.51126,1.09677
8.51276,1.09683
8.51426,1.09688
8.51576,1.09693
8.51726,1.09698
8.51876,1.09703
8.52026,1.09708
8.52176,1.09713
8.52326,1.09718
8.52476,1.09723
8.52626,1.09728
8.52776,1.09733
8.52926,1.09738
8.53076,1.09743
8.53226,1.09749
8.53376,1.09753
8.53526,1.09759
8.53676,1.09764
8.53826,1.09768
8.53976,1.09773
8.54126,1.09778
8.54276,1.09783
8.54426,1.09788
8.54576,1.09793
8.54726,1.09798
8.54876,1.09803
8.55026,1.09808
8.55176,1.09813
8.55326,1.09818
8.55476,1.09823
8.55626,1.09828
8.55776,1.09833
8.55926,1.09838
8.56076,1.09843
8.56226,1.09848
8.56376,1.09853
8.56526,1.09858
8.56676,1.09863
8.56826,1.09868
8.56976,1.09873
8.57126,1.09878
8.57276,1.09883
8.57426,1.09888
8.57576,1.09893
8.57726,1.09898
8.57876,1.09903
8.58026,1.09908
8.58176,1.09913
8.58326,1.09918
8.58476,1.09923
8.58626,1.09929
8.58776,1.09934
8.58926,1.09939
8.59076,1.09944
8.59226,1.0995
8.59376,1.09955
8.59526,1.0996
8.59676,1.09966
8.59826,1.09971
8.59976,1.09977
8.60126,1.09982
8.60277,1.09988
8.60427,1.09993
8.60577,1.09999
8.60727,1.10005
8.60877,1.10011
8.61027,1.10016
8.61177,1.10022
8.61327,1.10028
8.61477,1.10034
8.61627,1.1004
8.61777,1.10046
8.61927,1.10052
8.62077,1.10058
8.62227,1.10064
8.62377,1.1007
8.62527,1.10076
8.62677,1.10082
8.62827,1.10089
8.62977,1.10095
8.63127,1.10101
8.63277,1.10108
8.63427,1.10114
8.63577,1.10121
8.63727,1.10127
8.63877,1.10134
8.64027,1.10141
8.64177,1.10147
8.64327,1.10154
8.64477,1.10161
8.64627,1.10167
8.64777,1.10174
8.64927,1.10181
8.65077,1.10188
8.65227,1.10195
8.65377,1.10202
8.65527,1.10209
8.65677,1.10216
8.65827,1.10223
8.65977,1.1023
8.66127,1.10238
8.66277,1.10245
8.66427,1.10252
8.66577,1.10259
8.66727,1.10267
8.66877,1.10274
8.67027,1.10281
8.67177,1.10289
8.67327,1.10296
8.67477,1.10304
8.67627,1.10311
8.67777,1.10319
8.67927,1.10327
8.68077,1.10334
8.68227,1.10342
8.68377,1.1035
8.68527,1.10357
8.68677,1.10365
8.68827,1.10373
8.68977,1.1038
8.69127,1.10388
8.69277,1.10396
8.69427,1.10404
8.69577,1.10412
8.69727,1.1042
8.69877,1.10428
8.70027,1.10436
8.70177,1.10444
8.70327,1.10452
8.70477,1.1046
8.70627,1.10468
8.70777,1.10476
8.70927,1.10484
8.71077,1.10492
8.71227,1.105
8.71377,1.10509
8.71527,1.10517
8.71677,1.10525
8.71828,1.10533
8.71978,1.10541
8.72128,1.1055
8.72278,1.10558
8.72428,1.10566
8.72578,1.10574
8.72728,1.10582
8.72878,1.10591
8.73028,1.10599
8.73178,1.10607
8.73328,1.10615
8.73478,1.10624
8.73628,1.10632
8.73778,1.1064
8.73928,1.10648
8.74078,1.10657
8.74228,1.10665
8.74378,1.10673
8.74528,1.10681
8.74678,1.1069
8.74828,1.10698
8.74978,1.10706
8.75128,1.10714
8.75278,1.10723
8.75428,1.10731
8.75578,1.10739
8.75728,1.10747
8.75878,1.10755
8.76028,1.10763
8.76178,1.10771
8.76328,1.10779
8.76478,1.10788
8.76628,1.10795
8.76778,1.10803
8.76928,1.10812
8.77078,1.1082
8.77228,1.10828
8.77378,1.10836
8.77528,1.10843
8.77678,1.10851
8.77828,1.10859
8.77978,1.10867
8.78128,1.10875
8.78278,1.10883
8.78428,1.10891
8.78578,1.10899
8.78728,1.10906
8.78878,1.10914
8.79028,1.10922
8.79178,1.1093
8.79328,1.10938
8.79478,1.10945
8.79628,1.10953
8.79778,1.10961
8.79928,1.10968
8.80078,1.10976
8.80228,1.10984
8.80378,1.10992
8.80528,1.10999
8.80678,1.11007
8.80828,1.11014
8.80978,1.11022
8.81128,1.1103
8.81278,1.11037
8.81428,1.11045
8.81578,1.11053
8.81728,1.1106
8.81878,1.11068
8.82028,1.11075
8.82178,1.11083
8.82328,1.1109
8.82478,1.11098
8.82628,1.11105
8.82778,1.11113
8.82928,1.1112
8.83078,1.11128
8.83228,1.11136
8.83379,1.11143
8.83529,1.1115
8.83679,1.11158
8.83829,1.11165
8.83979,1.11173
8.84129,1.1118
8.84279,1.11187
8.84429,1.11195
8.84579,1.11202
8.84729,1.11209
8.84879,1.11217
8.85029,1.11224
8.85179,1.11231
8.85329,1.11238
8.85479,1.11245
8.85629,1.11253
8.85779,1.1126
8.85929,1.11267
8.86079,1.11274
8.86229,1.11281
8.86379,1.11288
8.86529,1.11295
8.86679,1.11302
8.86829,1.11309
8.86979,1.11316
8.87129,1.11323
8.87279,1.1133
8.87429,1.11336
8.87579,1.11343
8.87729,1.1135
8.87879,1.11356
8.88029,1.11363
8.88179,1.11369
8.88329,1.11376
8.88479,1.11383
8.88629,1.11389
8.88779,1.11395
8.88929,1.11402
8.89079,1.11408
8.89229,1.11414
8.89379,1.11421
8.89529,1.11427
8.89679,1.11433
8.89829,1.11439
8.89979,1.11445
8.90129,1.11451
8.90279,1.11457
8.90429,1.11463
8.90579,1.11469
8.90729,1.11475
8.90879,1.11481
8.91029,1.11486
8.91179,1.11492
8.91329,1.11498
8.91479,1.11503
8.91629,1.11509
8.91779,1.11514
8.91929,1.1152
8.92079,1.11525
8.92229,1.11531
8.92379,1.11536
8.92529,1.11542
8.92679,1.11547
8.92829,1.11552
8.92979,1.11557
8.93129,1.11563
8.93279,1.11568
8.93429,1.11573
8.93579,1.11578
8.93729,1.11584
8.93879,1.11589
8.94029,1.11594
8.94179,1.11599
8.94329,1.11604
8.94479,1.11609
8.94629,1.11614
8.94779,1.11619
8.9493,1.11624
8.9508,1.11629
8.9523,1.11634
8.9538,1.11639
8.9553,1.11644
8.9568,1.11649
8.9583,1.11654
8.9598,1.11659
8.9613,1.11664
8.9628,1.11668
8.9643,1.11673
8.9658,1.11678
8.9673,1.11683
8.9688,1.11688
8.9703,1.11692
8.9718,1.11697
8.9733,1.11702
8.9748,1.11707
8.9763,1.11712
8.9778,1.11716
8.9793,1.11721
8.9808,1.11726
8.9823,1.1173
8.9838,1.11735
8.9853,1.1174
8.9868,1.11744
8.9883,1.11749
8.9898,1.11754
8.9913,1.11758
8.9928,1.11763
8.9943,1.11768
8.9958,1.11772
8.9973,1.11777
8.9988,1.11781
9.0003,1.11786
9.0018,1.1179
9.0033,1.11795
9.0048,1.118
9.0063,1.11804
9.0078,1.11809
9.0093,1.11813
9.0108,1.11818
9.0123,1.11822
9.0138,1.11826
9.0153,1.11831
9.0168,1.11835
9.0183,1.1184
9.0198,1.11844
9.0213,1.11849
9.0228,1.11853
9.0243,1.11858
9.0258,1.11862
9.0273,1.11866
9.0288,1.11871
9.0303,1.11875
9.0318,1.1188
9.0333,1.11884
9.0348,1.11889
9.0363,1.11893
9.0378,1.11897
9.0393,1.11902
9.0408,1.11906
9.0423,1.11911
9.0438,1.11915
9.0453,1.11919
9.0468,1.11924
9.0483,1.11928
9.0498,1.11933
9.0513,1.11937
9.0528,1.11942
9.0543,1.11946
9.0558,1.11951
9.0573,1.11955
9.0588,1.1196
9.0603,1.11964
9.0618,1.11969
9.0633,1.11973
9.06481,1.11978
9.06631,1.11982
9.06781,1.11987
9.06931,1.11992
9.07081,1.11996
9.07231,1.12001
9.07381,1.12006
9.07531,1.1201
9.07681,1.12015
9.07831,1.12019
9.07981,1.12024
9.08131,1.12029
9.08281,1.12034
9.08431,1.12038
9.08581,1.12043
9.08731,1.12048
9.08881,1.12053
9.09031,1.12058
9.09181,1.12063
9.09331,1.12068
9.09481,1.12072
9.09631,1.12077
9.09781,1.12082
9.09931,1.12087
9.10081,1.12092
9.10231,1.12097
9.10381,1.12102
9.10531,1.12107
9.10681,1.12112
9.10831,1.12117
9.10981,1.12122
9.11131,1.12127
9.11281,1.12132
9.11431,1.12137
9.11581,1.12142
9.11731,1.12147
9.11881,1.12152
9.12031,1.12157
9.12181,1.12162
9.12331,1.12167
9.12481,1.12173
9.12631,1.12178
9.12781,1.12183
9.12931,1.12188
9.13081,1.12193
9.13231,1.12198
9.13381,1.12203
9.13531,1.12208
9.13681,1.12213
9.13831,1.12219
9.13981,1.12224
9.14131,1.12229
9.14281,1.12234
9.14431,1.12239
9.14581,1.12244
9.14731,1.12249
9.14881,1.12254
9.15031,1.12259
9.15181,1.12264
9.15331,1.12269
9.15481,1.12274
9.15631,1.12279
9.15781,1.12284
9.15931,1.12289
9.16081,1.12295
9.16231,1.123
9.16381,1.12305
9.16531,1.1231
9.16681,1.12315
9.16831,1.1232
9.16981,1.12325
9.17131,1.1233
9.17281,1.12335
9.17431,1.1234
9.17581,1.12345
9.17731,1.1235
9.17881,1.12354
9.18032,1.12359
9.18182,1.12364
9.18332,1.12369
9.18482,1.12374
9.18632,1.12379
9.18782,1.12384
9.18932,1.12389
9.19082,1.12394
9.19232,1.12399
9.19382,1.12403
9.19532,1.12408
9.19682,1.12413
9.19832,1.12418
9.19982,1.12423
9.20132,1.12428
9.20282,1.12432
9.20432,1.12437
9.20582,1.12442
9.20732,1.12447
9.20882,1.12452
9.21032,1.12456
9.21182,1.12461
9.21332,1.12466
9.21482,1.1247
9.21632,1.12475
9.21782,1.1248
9.21932,1.12484
9.22082,1.12489
9.22232,1.12493
9.22382,1.12498
9.22532,1.12502
9.22682,1.12507
9.22832,1.12511
9.22982,1.12516
9.23132,1.1252
9.23282,1.12525
9.23432,1.12529
9.23582,1.12534
9.23732,1.12538
9.23882,1.12543
9.24032,1.12547
9.24182,1.12551
9.24332,1.12556
9.24482,1.1256
9.24632,1.12564
9.24782,1.12568
9.24932,1.12573
9.25082,1.12577
9.25232,1.12581
9.25382,1.12585
9.25532,1.1259
9.25682,1.12594
9.25832,1.12598
9.25982,1.12602
9.26132,1.12606
9.26282,1.1261
9.26432,1.12614
9.26582,1.12618
9.26732,1.12622
9.26882,1.12626
9.27032,1.1263
9.27182,1.12635
9.27332,1.12638
9.27482,1.12642
9.27632,1.12646
9.27782,1.1265
9.27932,1.12654
9.28082,1.12658
9.28232,1.12662
9.28382,1.12666
9.28532,1.1267
9.28682,1.12674
9.28832,1.12678
9.28982,1.12682
9.29132,1.12685
9.29282,1.12689
9.29432,1.12693
9.29583,1.12697
9.29733,1.127
9.29883,1.12704
9.30033,1.12708
9.30183,1.12712
9.30333,1.12716
9.30483,1.12719
9.30633,1.12723
9.30783,1.12727
9.30933,1.1273
9.31083,1.12734
9.31233,1.12738
9.31383,1.12741
9.31533,1.12745
9.31683,1.12748
9.31833,1.12752
9.31983,1.12756
9.32133,1.12759
9.32283,1.12763
9.32433,1.12766
9.32583,1.1277
9.32733,1.12773
9.32883,1.12777
9.33033,1.1278
9.33183,1.12783
9.33333,1.12787
9.33483,1.1279
9.33633,1.12794
9.33783,1.12797
9.33933,1.12801
9.34083,1.12804
9.34233,1.12807
9.34383,1.1281
9.34533,1.12814
9.34683,1.12817
9.34833,1.1282
9.34983,1.12824
9.35133,1.12827
9.35283,1.1283
9.35433,1.12833
9.35583,1.12836
9.35733,1.12839
9.35883,1.12843
9.36033,1.12846
9.36183,1.12849
9.36333,1.12852
9.36483,1.12855
9.36633,1.12858
9.36783,1.12861
9.36933,1.12864
9.37083,1.12867
9.37233,1.1287
9.37383,1.12873
9.37533,1.12876
9.37683,1.12878
9.37833,1.12881
9.37983,1.12884
9.38133,1.12887
9.38283,1.12889
9.38433,1.12892
9.38583,1.12895
9.38733,1.12898
9.38883,1.129
9.39033,1.12903
9.39183,1.12906
9.39333,1.12908
9.39483,1.12911
9.39633,1.12913
9.39783,1.12916
9.39933,1.12918
9.40083,1.12921
9.40233,1.12923
9.40383,1.12926
9.40533,1.12928
9.40683,1.12931
9.40833,1.12933
9.40983,1.12935
9.41133,1.12938
9.41284,1.1294
9.41434,1.12942
9.41584,1.12944
9.41734,1.12947
9.41884,1.12949
9.42034,1.12951
9.42184,1.12953
9.42334,1.12956
9.42484,1.12958
9.42634,1.1296
9.42784,1.12962
9.42934,1.12964
9.43084,1.12966
9.43234,1.12968
9.43384,1.1297
9.43534,1.12972
9.43684,1.12974
9.43834,1.12976
9.43984,1.12978
9.44134,1.1298
9.44284,1.12982
9.44434,1.12984
9.44584,1.12986
9.44734,1.12988
9.44884,1.1299
9.45034,1.12991
9.45184,1.12993
9.45334,1.12995
9.45484,1.12997
9.45634,1.12999
9.45784,1.13001
9.45934,1.13002
9.46084,1.13004
9.46234,1.13006
9.46384,1.13007
9.46534,1.13009
9.46684,1.13011
9.46834,1.13012
9.46984,1.13014
9.47134,1.13016
9.47284,1.13017
9.47434,1.13019
9.47584,1.1302
9.47734,1.13022
9.47884,1.13023
9.48034,1.13025
9.48184,1.13026
9.48334,1.13028
9.48484,1.13029
9.48634,1.13031
9.48784,1.13032
9.48934,1.13033
9.49084,1.13035
9.49234,1.13036
9.49384,1.13037
9.49534,1.13039
9.49684,1.1304
9.49834,1.13041
9.49984,1.13043
9.50134,1.13044
9.50284,1.13045
9.50434,1.13046
9.50584,1.13047
9.50734,1.13048
9.50884,1.13049
9.51034,1.1305
9.51184,1.13051
9.51334,1.13052
9.51484,1.13053
9.51634,1.13054
9.51784,1.13055
9.51934,1.13056
9.52084,1.13057
9.52234,1.13058
9.52384,1.13058
9.52534,1.13059
9.52684,1.1306
9.52835,1.1306
9.52985,1.13061
9.53135,1.13062
9.53285,1.13062
9.53435,1.13063
9.53585,1.13063
9.53735,1.13064
9.53885,1.13064
9.54035,1.13064
9.54185,1.13065
9.54335,1.13065
9.54485,1.13065
9.54635,1.13065
9.54785,1.13066
9.54935,1.13066
9.55085,1.13066
9.55235,1.13066
9.55385,1.13065
9.55535,1.13065
9.55685,1.13065
9.55835,1.13065
9.55985,1.13065
9.56135,1.13064
9.56285,1.13064
9.56435,1.13064
9.56585,1.13063
9.56735,1.13062
9.56885,1.13062
9.57035,1.13061
9.57185,1.13061
9.57335,1.1306
9.57485,1.13059
9.57635,1.13058
9.57785,1.13057
9.57935,1.13056
9.58085,1.13055
9.58235,1.13055
9.58385,1.13053
9.58535,1.13052
9.58685,1.13051
9.58835,1.1305
9.58985,1.13049
9.59135,1.13047
9.59285,1.13046
9.59435,1.13045
9.59585,1.13043
9.59735,1.13042
9.59885,1.1304
9.60035,1.13039
9.60185,1.13037
9.60335,1.13035
9.60485,1.13034
9.60635,1.13032
9.60785,1.1303
9.60935,1.13028
9.61085,1.13026
9.61235,1.13025
9.61385,1.13022
9.61535,1.13021
9.61685,1.13019
9.61835,1.13017
9.61985,1.13015
9.62135,1.13013
9.62285,1.1301
9.62435,1.13008
9.62585,1.13006
9.62735,1.13004
9.62885,1.13002
9.63035,1.13
9.63185,1.12998
9.63335,1.12995
9.63485,1.12993
9.63635,1.12991
9.63785,1.12988
9.63935,1.12986
9.64085,1.12984
9.64235,1.12982
9.64386,1.12979
9.64536,1.12977
9.64686,1.12975
9.64836,1.12972
9.64986,1.1297
9.65136,1.12968
9.65286,1.12965
9.65436,1.12963
9.65586,1.1296
9.65736,1.12958
9.65886,1.12956
9.66036,1.12953
9.66186,1.12951
9.66336,1.12949
9.66486,1.12946
9.66636,1.12944
9.66786,1.12941
9.66936,1.12939
9.67086,1.12937
9.67236,1.12934
9.67386,1.12932
9.67536,1.1293
9.67686,1.12927
9.67836,1.12925
9.67986,1.12922
9.68136,1.1292
9.68286,1.12917
9.68436,1.12915
9.68586,1.12913
9.68736,1.1291
9.68886,1.12908
9.69036,1.12905
9.69186,1.12903
9.69336,1.12901
9.69486,1.12898
9.69636,1.12896
9.69786,1.12893
9.69936,1.12891
9.70086,1.12888
9.70236,1.12886
9.70386,1.12883
9.70536,1.12881
9.70686,1.12879
9.70836,1.12876
9.70986,1.12874
9.71136,1.12871
9.71286,1.12869
9.71436,1.12866
9.71586,1.12864
9.71736,1.12861
9.71886,1.12859
9.72036,1.12856
9.72186,1.12854
9.72336,1.12851
9.72486,1.12849
9.72636,1.12846
9.72786,1.12844
9.72936,1.12841
9.73086,1.12839
9.73236,1.12836
9.73386,1.12833
9.73536,1.12831
9.73686,1.12828
9.73836,1.12826
9.73986,1.12823
9.74136,1.12821
9.74286,1.12818
9.74436,1.12816
9.74586,1.12813
9.74736,1.12811
9.74886,1.12808
9.75036,1.12806
9.75186,1.12803
9.75336,1.128
9.75486,1.12798
9.75636,1.12795
9.75786,1.12793
9.75937,1.1279
9.76087,1.12788
9.76237,1.12785
9.76387,1.12782
9.76537,1.1278
9.76687,1.12777
9.76837,1.12775
9.76987,1.12772
9.77137,1.1277
9.77287,1.12767
9.77437,1.12764
9.77587,1.12762
9.77737,1.12759
9.77887,1.12757
9.78037,1.12754
9.78187,1.12752
9.78337,1.12749
9.78487,1.12747
9.78637,1.12744
9.78787,1.12742
9.78937,1.12739
9.79087,1.12737
9.79237,1.12734
9.79387,1.12732
9.79537,1.12729
9.79687,1.12727
9.79837,1.12724
9.79987,1.12722
9.80137,1.12719
9.80287,1.12717
9.80437,1.12714
9.80587,1.12712
9.80737,1.12709
9.80887,1.12707
9.81037,1.12704
9.81187,1.12702
9.81337,1.12699
9.81487,1.12697
9.81637,1.12694
9.81787,1.12692
9.81937,1.12689
9.82087,1.12687
9.82237,1.12684
9.82387,1.12682
9.82537,1.1268
9.82687,1.12677
9.82837,1.12675
9.82987,1.12672
9.83137,1.1267
9.83287,1.12667
9.83437,1.12665
9.83587,1.12662
9.83737,1.12659
9.83887,1.12657
9.84037,1.12655
9.84187,1.12652
9.84337,1.1265
9.84487,1.12647
9.84637,1.12644
9.84787,1.12642
9.84937,1.12639
9.85087,1.12637
9.85237,1.12634
9.85387,1.12632
9.85537,1.12629
9.85687,1.12627
9.85837,1.12624
9.85987,1.12622
9.86137,1.12619
9.86287,1.12617
9.86437,1.12614
9.86587,1.12611
9.86737,1.12609
9.86887,1.12606
9.87037,1.12604
9.87187,1.12601
9.87337,1.12598
9.87488,1.12596
9.87638,1.12593
9.87788,1.1259
9.87938,1.12588
9.88088,1.12585
9.88238,1.12582
9.88388,1.1258
9.88538,1.12577
9.88688,1.12574
9.88838,1.12572
9.88988,1.12569
9.89138,1.12566
9.89288,1.12564
9.89438,1.12561
9.89588,1.12558
9.89738,1.12555
9.89888,1.12552
9.90038,1.1255
9.90188,1.12547
9.90338,1.12544
9.90488,1.12541
9.90638,1.12538
9.90788,1.12535
9.90938,1.12532
9.91088,1.1253
9.91238,1.12527
9.91388,1.12524
9.91538,1.12521
9.91688,1.12518
9.91838,1.12515
9.91988,1.12512
9.92138,1.12509
9.92288,1.12506
9.92438,1.12503
9.92588,1.125
9.92738,1.12497
9.92888,1.12494
9.93038,1.12491
9.93188,1.12488
9.93338,1.12485
9.93488,1.12482
9.93638,1.12478
9.93788,1.12475
9.93938,1.12472
9.94088,1.12469
9.94238,1.12466
9.94388,1.12462
9.94538,1.12459
9.94688,1.12456
9.94838,1.12452
9.94988,1.12449
9.95138,1.12446
9.95288,1.12443
9.95438,1.12439
9.95588,1.12435
9.95738,1.12432
9.95888,1.12429
9.96038,1.12425
9.96188,1.12422
9.96338,1.12418
9.96488,1.12414
9.96638,1.12411
9.96788,1.12407
9.96938,1.12403
9.97088,1.124
9.97238,1.12396
9.97388,1.12392
9.97538,1.12388
9.97688,1.12385
9.97838,1.12381
9.97988,1.12377
9.98138,1.12373
9.98288,1.12369
9.98438,1.12365
9.98588,1.12361
9.98738,1.12357
9.98888,1.12353
9.99039,1.12349
9.99189,1.12345
9.99339,1.1234
9.99489,1.12336
9.99639,1.12332
9.99789,1.12328
9.99939,1.12324
10.0009,1.12319
10.0024,1.12315
10.0039,1.12311
10.0054,1.12306
10.0069,1.12302
10.0084,1.12298
10.0099,1.12293
10.0114,1.12289
10.0129,1.12284
10.0144,1.1228
10.0159,1.12275
10.0174,1.12271
10.0189,1.12266
10.0204,1.12262
10.0219,1.12257
10.0234,1.12253
10.0249,1.12248
10.0264,1.12243
10.0279,1.12239
10.0294,1.12234
10.0309,1.1223
10.0324,1.12225
10.0339,1.1222
10.0354,1.12216
10.0369,1.12211
10.0384,1.12206
10.0399,1.12202
10.0414,1.12197
10.0429,1.12192
10.0444,1.12187
10.0459,1.12182
10.0474,1.12178
10.0489,1.12173
10.0504,1.12168
10.0519,1.12163
10.0534,1.12158
10.0549,1.12154
10.0564,1.12149
10.0579,1.12144
10.0594,1.12139
10.0609,1.12134
10.0624,1.12129
10.0639,1.12125
10.0654,1.1212
10.0669,1.12115
10.0684,1.1211
10.0699,1.12105
10.0714,1.121
10.0729,1.12095
10.0744,1.1209
10.0759,1.12085
10.0774,1.1208
10.0789,1.12076
10.0804,1.12071
10.0819,1.12066
10.0834,1.12061
10.0849,1.12056
10.0864,1.12051
10.0879,1.12046
10.0894,1.12041
10.0909,1.12036
10.0924,1.12031
10.0939,1.12026
10.0954,1.12021
10.0969,1.12016
10.0984,1.12011
10.0999,1.12006
10.1014,1.12001
10.1029,1.11996
10.1044,1.11991
10.1059,1.11986
10.1074,1.11981
10.1089,1.11976
10.1104,1.11971
10.1119,1.11966
10.1134,1.11961
10.1149,1.11956
10.1164,1.11951
10.1179,1.11946
10.1194,1.11941
10.1209,1.11936
10.1224,1.11931
10.1239,1.11926
10.1254,1.11921
10.1269,1.11915
10.1284,1.1191
10.1299,1.11905
10.1314,1.119
10.1329,1.11895
10.1344,1.1189
10.1359,1.11885
10.1374,1.11879
10.1389,1.11874
10.1404,1.11869
10.1419,1.11864
10.1434,1.11859
10.1449,1.11854
10.1464,1.11849
10.1479,1.11843
10.1494,1.11838
10.1509,1.11833
10.1524,1.11828
10.1539,1.11823
10.1554,1.11817
10.1569,1.11812
10.1584,1.11807
10.1599,1.11802
10.1614,1.11797
10.1629,1.11792
10.1644,1.11786
10.1659,1.11781
10.1674,1.11776
10.1689,1.11771
10.1704,1.11766
10.1719,1.1176
10.1734,1.11755
10.1749,1.1175
10.1764,1.11745
10.1779,1.1174
10.1794,1.11734
10.1809,1.11729
10.1824,1.11724
10.1839,1.11719
10.1854,1.11714
10.1869,1.11709
10.1884,1.11703
10.1899,1.11698
10.1914,1.11693
10.1929,1.11688
10.1944,1.11683
10.1959,1.11678
10.1974,1.11672
10.1989,1.11667
10.2004,1.11662
10.2019,1.11657
10.2034,1.11652
10.2049,1.11647
10.2064,1.11641
10.2079,1.11636
10.2094,1.11631
10.2109,1.11626
10.2124,1.11621
10.2139,1.11616
10.2154,1.11611
10.2169,1.11605
10.2184,1.116
10.2199,1.11595
10.2214,1.1159
10.2229,1.11585
10.2244,1.1158
10.2259,1.11575
10.2274,1.11569
10.2289,1.11564
10.2304,1.11559
10.2319,1.11554
10.2334,1.11549
10.2349,1.11544
10.2364,1.11539
10.2379,1.11533
10.2394,1.11528
10.2409,1.11523
10.2424,1.11518
10.2439,1.11513
10.2454,1.11508
10.2469,1.11503
10.2484,1.11498
10.2499,1.11493
10.2514,1.11487
10.2529,1.11482
10.2544,1.11477
10.2559,1.11472
10.2574,1.11467
10.2589,1.11462
10.2604,1.11457
10.2619,1.11452
10.2634,1.11447
10.2649,1.11441
10.2664,1.11437
10.2679,1.11431
10.2694,1.11426
10.2709,1.11421
10.2724,1.11416
10.2739,1.11411
10.2754,1.11406
10.2769,1.11401
10.2784,1.11396
10.2799,1.11391
10.2814,1.11386
10.2829,1.11381
10.2844,1.11375
10.2859,1.1137
10.2874,1.11365
10.2889,1.1136
10.2904,1.11355
10.2919,1.1135
10.2934,1.11345
10.2949,1.1134
10.2964,1.11335
10.2979,1.1133
10.2994,1.11325
10.3009,1.1132
10.3024,1.11314
10.3039,1.11309
10.3054,1.11304
10.3069,1.11299
10.3084,1.11294
10.3099,1.11289
10.3114,1.11284
10.3129,1.11279
10.3144,1.11274
10.3159,1.11269
10.3174,1.11263
10.3189,1.11258
10.3204,1.11253
10.3219,1.11248
10.3234,1.11243
10.3249,1.11238
10.3264,1.11233
10.3279,1.11227
10.3294,1.11222
10.3309,1.11217
10.3324,1.11212
10.3339,1.11207
10.3354,1.11202
10.3369,1.11196
10.3384,1.11191
10.3399,1.11186
10.3414,1.11181
10.3429,1.11176
10.3444,1.1117
10.3459,1.11165
10.3474,1.1116
10.3489,1.11155
10.3504,1.11149
10.3519,1.11144
10.3534,1.11139
10.3549,1.11134
10.3564,1.11129
10.3579,1.11123
10.3594,1.11118
10.3609,1.11113
10.3624,1.11108
10.3639,1.11103
10.3654,1.11097
10.3669,1.11092
10.3684,1.11087
10.3699,1.11082
10.3714,1.11077
10.3729,1.11071
10.3744,1.11066
10.3759,1.11061
10.3774,1.11056
10.3789,1.11051
10.3804,1.11046
10.3819,1.1104
10.3834,1.11035
10.3849,1.1103
10.3864,1.11025
10.3879,1.1102
10.3894,1.11015
10.3909,1.1101
10.3924,1.11005
10.3939,1.11
10.3954,1.10995
10.3969,1.1099
10.3984,1.10985
10.3999,1.1098
10.4014,1.10975
10.4029,1.1097
10.4044,1.10965
10.4059,1.1096
10.4074,1.10955
10.4089,1.1095
10.4104,1.10946
10.4119,1.10941
10.4134,1.10936
10.4149,1.10931
10.4164,1.10926
10.4179,1.10922
10.4194,1.10917
10.4209,1.10912
10.4224,1.10907
10.4239,1.10903
10.4254,1.10898
10.4269,1.10893
10.4284,1.10889
10.4299,1.10884
10.4314,1.1088
10.4329,1.10875
10.4344,1.1087
10.4359,1.10866
10.4374,1.10861
10.4389,1.10857
10.4404,1.10852
10.4419,1.10848
10.4434,1.10844
10.4449,1.10839
10.4464,1.10835
10.4479,1.1083
10.4494,1.10826
10.4509,1.10822
10.4524,1.10818
10.4539,1.10813
10.4554,1.10809
10.4569,1.10805
10.4584,1.10801
10.4599,1.10797
10.4614,1.10792
10.4629,1.10788
10.4644,1.10784
10.4659,1.1078
10.4674,1.10776
10.4689,1.10772
10.4704,1.10768
10.4719,1.10764
10.4734,1.1076
10.4749,1.10756
10.4764,1.10752
10.4779,1.10749
10.4794,1.10745
10.4809,1.10741
10.4824,1.10737
10.4839,1.10733
10.4854,1.1073
10.4869,1.10726
10.4884,1.10722
10.4899,1.10718
10.4914,1.10715
10.4929,1.10711
10.4944,1.10707
10.4959,1.10704
10.4974,1.107
10.4989,1.10696
10.5004,1.10693
10.5019,1.10689
10.5034,1.10686
10.5049,1.10682
10.5064,1.10679
10.5079,1.10675
10.5094,1.10672
10.5109,1.10669
10.5124,1.10665
10.5139,1.10662
10.5154,1.10658
10.5169,1.10655
10.5184,1.10652
10.5199,1.10648
10.5214,1.10645
10.5229,1.10642
10.5244,1.10638
10.5259,1.10635
10.5274,1.10632
10.5289,1.10629
10.5304,1.10625
10.5319,1.10622
10.5334,1.10619
10.5349,1.10616
10.5364,1.10613
10.5379,1.1061
10.5394,1.10606
10.5409,1.10603
10.5424,1.106
10.5439,1.10597
10.5454,1.10594
10.5469,1.10591
10.5484,1.10588
10.5499,1.10585
10.5514,1.10582
10.5529,1.10578
10.5544,1.10575
10.5559,1.10572
10.5574,1.10569
10.5589,1.10566
10.5604,1.10563
10.5619,1.1056
10.5634,1.10557
10.5649,1.10554
10.5664,1.10551
10.5679,1.10548
10.5694,1.10545
10.5709,1.10542
10.5724,1.10539
10.5739,1.10536
10.5754,1.10533
10.5769,1.1053
10.5784,1.10527
10.5799,1.10524
10.5814,1.10521
10.5829,1.10518
10.5844,1.10515
10.5859,1.10512
10.5874,1.10509
10.5889,1.10507
10.5904,1.10504
10.5919,1.10501
10.5934,1.10498
10.5949,1.10495
10.5964,1.10492
10.5979,1.10489
10.5994,1.10486
10.6009,1.10483
10.6024,1.10481
10.6039,1.10478
10.6054,1.10475
10.6069,1.10472
10.6084,1.10469
10.6099,1.10466
10.6114,1.10464
10.6129,1.10461
10.6144,1.10458
10.6159,1.10455
10.6174,1.10453
10.6189,1.1045
10.6204,1.10447
10.6219,1.10445
10.6234,1.10442
10.6249,1.10439
10.6264,1.10437
10.6279,1.10434
10.6294,1.10431
10.6309,1.10429
10.6324,1.10426
10.6339,1.10423
10.6354,1.10421
10.6369,1.10418
10.6384,1.10416
10.6399,1.10413
10.6414,1.1041
10.6429,1.10408
10.6444,1.10405
10.6459,1.10403
10.6474,1.104
10.6489,1.10398
10.6504,1.10395
10.6519,1.10392
10.6534,1.1039
10.6549,1.10387
10.6564,1.10385
10.6579,1.10382
10.6594,1.10379
10.6609,1.10377
10.6624,1.10374
10.6639,1.10371
10.6654,1.10369
10.6669,1.10366
10.6684,1.10364
10.6699,1.10361
10.6714,1.10358
10.6729,1.10356
10.6744,1.10353
10.6759,1.1035
10.6774,1.10348
10.6789,1.10345
10.6804,1.10342
10.6819,1.1034
10.6834,1.10337
10.6849,1.10334
10.6864,1.10331
10.6879,1.10328
10.6894,1.10326
10.6909,1.10322
10.6924,1.1032
10.6939,1.10317
10.6954,1.10314
10.6969,1.10311
10.6984,1.10308
10.6999,1.10305
10.7014,1.10302
10.7029,1.10299
10.7044,1.10296
10.7059,1.10293
10.7074,1.1029
10.7089,1.10287
10.7104,1.10284
10.7119,1.10281
10.7134,1.10278
10.7149,1.10275
10.7164,1.10272
10.7179,1.10269
10.7194,1.10266
10.7209,1.10262
10.7224,1.10259
10.7239,1.10256
10.7254,1.10253
10.7269,1.1025
10.7284,1.10247
10.7299,1.10243
10.7314,1.1024
10.7329,1.10237
10.7344,1.10234
10.7359,1.1023
10.7374,1.10227
10.7389,1.10224
10.7404,1.10221
10.742,1.10217
10.7435,1.10214
10.745,1.10211
10.7465,1.10207
10.748,1.10204
10.7495,1.10201
10.751,1.10197
10.7525,1.10194
10.754,1.10191
10.7555,1.10187
10.757,1.10184
10.7585,1.10181
10.76,1.10177
10.7615,1.10174
10.763,1.1017
10.7645,1.10167
10.766,1.10164
10.7675,1.1016
10.769,1.10157
10.7705,1.10154
10.772,1.1015
10.7735,1.10147
10.775,1.10144
10.7765,1.1014
10.778,1.10137
10.7795,1.10134
10.781,1.1013
10.7825,1.10127
10.784,1.10124
10.7855,1.10121
10.787,1.10117
10.7885,1.10114
10.79,1.10111
10.7915,1.10107
10.793,1.10104
10.7945,1.10101
10.796,1.10098
10.7975,1.10094
10.799,1.10091
10.8005,1.10088
10.802,1.10085
10.8035,1.10082
10.805,1.10079
10.8065,1.10075
10.808,1.10072
10.8095,1.10069
10.811,1.10066
10.8125,1.10063
10.814,1.1006
10.8155,1.10057
10.817,1.10054
10.8185,1.10051
10.82,1.10048
10.8215,1.10045
10.823,1.10042
10.8245,1.10039
10.826,1.10036
10.8275,1.10033
10.829,1.1003
10.8305,1.10027
10.832,1.10024
10.8335,1.10021
10.835,1.10019
10.8365,1.10016
10.838,1.10013
10.8395,1.1001
10.841,1.10008
10.8425,1.10005
10.844,1.10002
10.8455,1.1
10.847,1.09997
10.8485,1.09994
10.85,1.09992
10.8515,1.09989
10.853,1.09987
10.8545,1.09984
10.856,1.09982
10.8575,1.09979
10.859,1.09977
10.8605,1.09975
10.862,1.09972
10.8635,1.0997
10.865,1.09968
10.8665,1.09965
10.868,1.09963
10.8695,1.09961
10.871,1.09959
10.8725,1.09957
10.874,1.09955
10.8755,1.09953
10.877,1.0995
10.8785,1.09948
10.88,1.09947
10.8815,1.09944
10.883,1.09943
10.8845,1.09941
10.886,1.09939
10.8875,1.09937
10.889,1.09935
10.8905,1.09933
10.892,1.09932
10.8935,1.0993
10.895,1.09928
10.8965,1.09926
10.898,1.09925
10.8995,1.09923
10.901,1.09922
10.9025,1.0992
10.904,1.09919
10.9055,1.09917
10.907,1.09915
10.9085,1.09914
10.91,1.09913
10.9115,1.09911
10.913,1.0991
10.9145,1.09909
10.916,1.09907
10.9175,1.09906
10.919,1.09905
10.9205,1.09903
10.922,1.09902
10.9235,1.09901
10.925,1.099
10.9265,1.09899
10.928,1.09898
10.9295,1.09897
10.931,1.09896
10.9325,1.09895
10.934,1.09894
10.9355,1.09893
10.937,1.09892
10.9385,1.09891
10.94,1.0989
10.9415,1.09889
10.943,1.09888
10.9445,1.09888
10.946,1.09887
10.9475,1.09886
10.949,1.09886
10.9505,1.09885
10.952,1.09884
10.9535,1.09884
10.955,1.09883
10.9565,1.09883
10.958,1.09882
10.9595,1.09882
10.961,1.09881
10.9625,1.09881
10.964,1.0988
10.9655,1.0988
10.967,1.09879
10.9685,1.09879
10.97,1.09879
10.9715,1.09878
10.973,1.09878
10.9745,1.09878
10.976,1.09878
10.9775,1.09878
10.979,1.09877
10.9805,1.09877
10.982,1.09877
10.9835,1.09877
10.985,1.09877
10.9865,1.09877
10.988,1.09877
10.9895,1.09877
10.991,1.09877
10.9925,1.09877
10.994,1.09877
10.9955,1.09877
10.997,1.09877
10.9985,1.09878
11,1.09878
11.0015,1.09878
11.003,1.09878
11.0045,1.09879
11.006,1.09879
11.0075,1.09879
11.009,1.09879
11.0105,1.0988
11.012,1.0988
11.0135,1.0988
11.015,1.09881
11.0165,1.09881
11.018,1.09882
11.0195,1.09882
11.021,1.09883
11.0225,1.09883
11.024,1.09884
11.0255,1.09884
11.027,1.09885
11.0285,1.09885
11.03,1.09886
11.0315,1.09887
11.033,1.09887
11.0345,1.09888
11.036,1.09889
11.0375,1.09889
11.039,1.0989
11.0405,1.09891
11.042,1.09891
11.0435,1.09892
11.045,1.09893
11.0465,1.09894
11.048,1.09894
11.0495,1.09895
11.051,1.09896
11.0525,1.09897
11.054,1.09898
11.0555,1.09898
11.057,1.09899
11.0585,1.099
11.06,1.09901
11.0615,1.09902
11.063,1.09903
11.0645,1.09904
11.066,1.09905
11.0675,1.09906
11.069,1.09907
11.0705,1.09908
11.072,1.09909
11.0735,1.0991
11.075,1.09911
11.0765,1.09912
11.078,1.09913
11.0795,1.09914
11.081,1.09915
11.0825,1.09916
11.084,1.09917
11.0855,1.09918
11.087,1.0992
11.0885,1.09921
11.09,1.09922
11.0915,1.09923
11.093,1.09924
11.0945,1.09925
11.096,1.09926
11.0975,1.09928
11.099,1.09929
11.1005,1.0993
11.102,1.09931
11.1035,1.09933
11.105,1.09934
11.1065,1.09935
11.108,1.09936
11.1095,1.09938
11.111,1.09939
11.1125,1.0994
11.114,1.09941
11.1155,1.09943
11.117,1.09944
11.1185,1.09945
11.12,1.09947
11.1215,1.09948
11.123,1.09949
11.1245,1.09951
11.126,1.09952
11.1275,1.09953
11.129,1.09955
11.1305,1.09956
11.132,1.09957
11.1335,1.09959
11.135,1.0996
11.1365,1.09962
11.138,1.09963
11.1395,1.09964
11.141,1.09966
11.1425,1.09967
11.144,1.09969
11.1455,1.0997
11.147,1.09972
11.1485,1.09973
11.15,1.09975
11.1515,1.09976
11.153,1.09978
11.1545,1.09979
11.156,1.09981
11.1575,1.09982
11.159,1.09984
11.1605,1.09985
11.162,1.09987
11.1635,1.09988
11.165,1.0999
11.1665,1.09991
11.168,1.09993
11.1695,1.09994
11.171,1.09996
11.1725,1.09997
11.174,1.09999
11.1755,1.10001
11.177,1.10002
11.1785,1.10004
11.18,1.10006
11.1815,1.10007
11.183,1.10009
11.1845,1.1001
11.186,1.10012
11.1875,1.10013
11.189,1.10015
11.1905,1.10017
11.192,1.10018
11.1935,1.1002
11.195,1.10022
11.1965,1.10023
11.198,1.10025
11.1995,1.10027
11.201,1.10028
11.2025,1.1003
11.204,1.10032
11.2055,1.10033
11.207,1.10035
11.2085,1.10037
11.21,1.10038
11.2115,1.1004
11.213,1.10041
11.2145,1.10043
11.216,1.10045
11.2175,1.10046
11.219,1.10048
11.2205,1.10049
11.222,1.10051
11.2235,1.10053
11.225,1.10054
11.2265,1.10056
11.228,1.10058
11.2295,1.10059
11.231,1.10061
11.2325,1.10062
11.234,1.10064
11.2355,1.10066
11.237,1.10067
11.2385,1.10069
11.24,1.1007
11.2415,1.10072
11.243,1.10073
11.2445,1.10075
11.246,1.10076
11.2475,1.10078
11.249,1.10079
11.2505,1.10081
11.252,1.10082
11.2535,1.10084
11.255,1.10085
11.2565,1.10087
11.258,1.10088
11.2595,1.1009
11.261,1.10091
11.2625,1.10093
11.264,1.10094
11.2655,1.10096
11.267,1.10097
11.2685,1.10098
11.27,1.101
11.2715,1.10101
11.273,1.10103
11.2745,1.10104
11.276,1.10105
11.2775,1.10107
11.279,1.10108
11.2805,1.10109
11.282,1.10111
11.2835,1.10112
11.285,1.10113
11.2865,1.10115
11.288,1.10116
11.2895,1.10117
11.291,1.10118
11.2925,1.1012
11.294,1.10121
11.2955,1.10122
11.297,1.10124
11.2985,1.10125
11.3,1.10126
11.3015,1.10128
11.303,1.10129
11.3045,1.1013
11.306,1.10131
11.3075,1.10133
11.309,1.10134
11.3105,1.10135
11.312,1.10136
11.3135,1.10138
11.315,1.10139
11.3165,1.1014
11.318,1.10142
11.3195,1.10143
11.321,1.10144
11.3225,1.10146
11.324,1.10147
11.3255,1.10148
11.327,1.1015
11.3285,1.10151
11.33,1.10153
11.3315,1.10154
11.333,1.10156
11.3345,1.10157
11.336,1.10158
11.3375,1.1016
11.339,1.10161
11.3405,1.10163
11.342,1.10164
11.3435,1.10166
11.345,1.10168
11.3465,1.10169
11.348,1.10171
11.3495,1.10172
11.351,1.10174
11.3525,1.10176
11.354,1.10178
11.3555,1.10179
11.357,1.10181
11.3585,1.10183
11.36,1.10184
11.3615,1.10186
11.363,1.10188
11.3645,1.1019
11.366,1.10192
11.3675,1.10194
11.369,1.10196
11.3705,1.10198
11.372,1.102
11.3735,1.10202
11.375,1.10204
11.3765,1.10206
11.378,1.10208
11.3795,1.1021
11.381,1.10212
11.3825,1.10214
11.384,1.10217
11.3855,1.10219
11.387,1.10221
11.3885,1.10223
11.39,1.10226
11.3915,1.10228
11.393,1.1023
11.3945,1.10233
11.396,1.10235
11.3975,1.10238
11.399,1.1024
11.4005,1.10243
11.402,1.10245
11.4035,1.10248
11.405,1.1025
11.4065,1.10253
11.408,1.10255
11.4095,1.10258
11.411,1.10261
11.4125,1.10264
11.414,1.10266
11.4155,1.10269
11.417,1.10272
11.4185,1.10275
11.42,1.10277
11.4215,1.1028
11.423,1.10283
11.4245,1.10286
11.426,1.10289
11.4275,1.10292
11.429,1.10295
11.4305,1.10298
11.432,1.10301
11.4335,1.10304
11.435,1.10307
11.4365,1.1031
11.438,1.10314
11.4395,1.10317
11.441,1.1032
11.4425,1.10323
11.444,1.10326
11.4455,1.1033
11.447,1.10333
11.4485,1.10336
11.45,1.1034
11.4515,1.10343
11.453,1.10347
11.4545,1.1035
11.456,1.10354
11.4575,1.10357
11.459,1.10361
11.4605,1.10364
11.462,1.10368
11.4635,1.10371
11.465,1.10375
11.4665,1.10379
11.468,1.10382
11.4695,1.10386
11.471,1.1039
11.4725,1.10393
11.474,1.10397
11.4755,1.10401
11.477,1.10405
11.4785,1.10409
11.48,1.10413
11.4815,1.10416
11.483,1.1042
11.4845,1.10424
11.486,1.10428
11.4875,1.10432
11.489,1.10436
11.4905,1.1044
11.492,1.10444
11.4935,1.10448
11.495,1.10452
11.4965,1.10456
11.498,1.1046
11.4995,1.10464
11.501,1.10468
11.5025,1.10472
11.504,1.10476
11.5055,1.1048
11.507,1.10484
11.5085,1.10489
11.51,1.10493
11.5115,1.10497
11.513,1.10501
11.5145,1.10505
11.516,1.10509
11.5175,1.10514
11.519,1.10518
11.5205,1.10522
11.522,1.10526
11.5235,1.10531
11.525,1.10535
11.5265,1.10539
11.528,1.10543
11.5295,1.10547
11.531,1.10552
11.5325,1.10556
11.534,1.1056
11.5355,1.10564
11.537,1.10569
11.5385,1.10573
11.54,1.10577
11.5415,1.10581
11.543,1.10585
11.5445,1.10589
11.546,1.10594
11.5475,1.10598
11.549,1.10602
11.5505,1.10606
11.552,1.1061
11.5535,1.10614
11.555,1.10618
11.5565,1.10622
11.558,1.10627
11.5595,1.10631
11.561,1.10635
11.5625,1.10639
11.564,1.10643
11.5655,1.10647
11.567,1.10651
11.5685,1.10655
11.57,1.10659
11.5715,1.10663
11.573,1.10667
11.5745,1.1067
11.576,1.10674
11.5775,1.10678
11.579,1.10682
11.5805,1.10686
11.582,1.1069
11.5835,1.10694
11.585,1.10697
11.5865,1.10701
11.588,1.10705
11.5895,1.10709
11.591,1.10713
11.5925,1.10716
11.594,1.1072
11.5955,1.10724
11.597,1.10728
11.5985,1.10731
11.6,1.10735
11.6015,1.10739
11.603,1.10742
11.6045,1.10746
11.606,1.10749
11.6075,1.10753
11.609,1.10757
11.6105,1.1076
11.612,1.10764
11.6135,1.10767
11.615,1.10771
11.6165,1.10775
11.618,1.10778
11.6195,1.10782
11.621,1.10785
11.6225,1.10789
11.624,1.10792
11.6255,1.10796
11.627,1.10799
11.6285,1.10803
11.63,1.10807
11.6315,1.1081
11.633,1.10813
11.6345,1.10817
11.636,1.10821
11.6375,1.10824
11.639,1.10828
11.6405,1.10831
11.642,1.10835
11.6435,1.10838
11.645,1.10842
11.6465,1.10845
11.648,1.10849
11.6495,1.10852
11.651,1.10856
11.6525,1.1086
11.654,1.10863
11.6555,1.10867
11.657,1.10871
11.6585,1.10874
11.66,1.10878
11.6615,1.10881
11.663,1.10885
11.6645,1.10889
11.666,1.10892
11.6675,1.10896
11.669,1.109
11.6705,1.10904
11.672,1.10907
11.6735,1.10911
11.675,1.10915
11.6765,1.10919
11.678,1.10923
11.6795,1.10927
11.681,1.1093
11.6825,1.10934
11.684,1.10938
11.6855,1.10942
11.687,1.10946
11.6885,1.1095
11.69,1.10954
11.6915,1.10958
11.693,1.10962
11.6945,1.10966
11.696,1.1097
11.6975,1.10974
11.699,1.10978
11.7005,1.10982
11.702,1.10986
11.7035,1.10991
11.705,1.10995
11.7065,1.10999
11.708,1.11003
11.7095,1.11007
11.711,1.11012
11.7125,1.11016
11.714,1.1102
11.7155,1.11025
11.717,1.11029
11.7185,1.11033
11.72,1.11038
11.7215,1.11042
11.723,1.11047
11.7245,1.11051
11.726,1.11056
11.7275,1.1106
11.729,1.11065
11.7305,1.11069
11.732,1.11074
11.7335,1.11079
11.735,1.11083
11.7365,1.11088
11.738,1.11093
11.7395,1.11097
11.741,1.11102
11.7425,1.11107
11.744,1.11112
11.7455,1.11117
11.747,1.11121
11.7485,1.11126
11.75,1.11131
11.7515,1.11136
11.753,1.11141
11.7545,1.11146
11.756,1.11151
11.7575,1.11156
11.759,1.11161
11.7605,1.11166
11.762,1.11171
11.7635,1.11176
11.765,1.11181
11.7665,1.11186
11.768,1.11192
11.7695,1.11197
11.771,1.11202
11.7725,1.11207
11.774,1.11212
11.7755,1.11218
11.777,1.11223
11.7785,1.11228
11.78,1.11233
11.7815,1.11239
11.783,1.11244
11.7845,1.11249
11.786,1.11255
11.7875,1.1126
11.789,1.11266
11.7905,1.11271
11.792,1.11276
11.7935,1.11282
11.795,1.11287
11.7965,1.11293
11.798,1.11298
11.7995,1.11304
11.801,1.11309
11.8025,1.11315
11.804,1.1132
11.8055,1.11326
11.807,1.11331
11.8085,1.11337
11.81,1.11342
11.8115,1.11348
11.813,1.11353
11.8145,1.11359
11.816,1.11365
11.8175,1.1137
11.819,1.11376
11.8205,1.11381
11.822,1.11387
11.8235,1.11392
11.825,1.11398
11.8265,1.11404
11.828,1.11409
11.8295,1.11415
11.831,1.1142
11.8325,1.11426
11.834,1.11431
11.8355,1.11437
11.837,1.11442
11.8385,1.11448
11.84,1.11453
11.8415,1.11459
11.843,1.11464
11.8445,1.1147
11.846,1.11475
11.8475,1.11481
11.849,1.11486
11.8505,1.11492
11.852,1.11497
11.8535,1.11503
11.855,1.11508
11.8565,1.11514
11.858,1.11519
11.8595,1.11524
11.861,1.1153
11.8625,1.11535
11.864,1.11541
11.8655,1.11546
11.867,1.11552
11.8685,1.11557
11.87,1.11562
11.8715,1.11568
11.873,1.11573
11.8745,1.11578
11.876,1.11584
11.8775,1.11589
11.879,1.11595
11.8805,1.116
11.882,1.11605
11.8835,1.1161
11.885,1.11616
11.8865,1.11621
11.888,1.11626
11.8895,1.11632
11.891,1.11637
11.8925,1.11642
11.894,1.11647
11.8955,1.11652
11.897,1.11658
11.8986,1.11663
11.9001,1.11668
11.9016,1.11673
11.9031,1.11678
11.9046,1.11684
11.9061,1.11689
11.9076,1.11694
11.9091,1.11699
11.9106,1.11704
11.9121,1.11709
11.9136,1.11714
11.9151,1.11719
11.9166,1.11725
11.9181,1.1173
11.9196,1.11735
11.9211,1.1174
11.9226,1.11745
11.9241,1.1175
11.9256,1.11755
11.9271,1.1176
11.9286,1.11765
11.9301,1.1177
11.9316,1.11775
11.9331,1.1178
11.9346,1.11785
11.9361,1.1179
11.9376,1.11795
11.9391,1.118
11.9406,1.11805
11.9421,1.1181
11.9436,1.11815
11.9451,1.1182
11.9466,1.11825
11.9481,1.11829
11.9496,1.11834
11.9511,1.11839
11.9526,1.11844
11.9541,1.11849
11.9556,1.11854
11.9571,1.11859
11.9586,1.11864
11.9601,1.11869
11.9616,1.11873
11.9631,1.11878
11.9646,1.11883
11.9661,1.11888
11.9676,1.11893
11.9691,1.11898
11.9706,1.11903
11.9721,1.11907
11.9736,1.11912
11.9751,1.11917
11.9766,1.11922
11.9781,1.11927
11.9796,1.11931
11.9811,1.11936
11.9826,1.11941
11.9841,1.11946
11.9856,1.11951
11.9871,1.11955
11.9886,1.1196
11.9901,1.11965
11.9916,1.1197
11.9931,1.11974
11.9946,1.11979
11.9961,1.11984
11.9976,1.11989
11.9991,1.11993
12.0006,1.11998
12.0021,1.12003
12.0036,1.12008
12.0051,1.12013
12.0066,1.12017
12.0081,1.12022
12.0096,1.12027
12.0111,1.12031
12.0126,1.12036
12.0141,1.12041
12.0156,1.12046
12.0171,1.1205
12.0186,1.12055
12.0201,1.1206
12.0216,1.12064
12.0231,1.12069
12.0246,1.12074
12.0261,1.12078
12.0276,1.12083
12.0291,1.12088
12.0306,1.12092
12.0321,1.12097
12.0336,1.12101
12.0351,1.12106
12.0366,1.12111
12.0381,1.12115
12.0396,1.1212
12.0411,1.12125
12.0426,1.12129
12.0441,1.12134
12.0456,1.12138
12.0471,1.12143
12.0486,1.12148
12.0501,1.12152
12.0516,1.12157
12.0531,1.12161
12.0546,1.12166
12.0561,1.1217
12.0576,1.12175
12.0591,1.1218
12.0606,1.12184
12.0621,1.12189
12.0636,1.12193
12.0651,1.12198
12.0666,1.12202
12.0681,1.12207
12.0696,1.12211
12.0711,1.12216
12.0726,1.1222
12.0741,1.12225
12.0756,1.12229
12.0771,1.12233
12.0786,1.12238
12.0801,1.12242
12.0816,1.12247
12.0831,1.12251
12.0846,1.12256
12.0861,1.1226
12.0876,1.12265
12.0891,1.12269
12.0906,1.12273
12.0921,1.12278
12.0936,1.12282
12.0951,1.12286
12.0966,1.12291
12.0981,1.12295
12.0996,1.12299
12.1011,1.12303
12.1026,1.12308
12.1041,1.12312
12.1056,1.12316
12.1071,1.1232
12.1086,1.12325
12.1101,1.12329
12.1116,1.12333
12.1131,1.12337
12.1146,1.12341
12.1161,1.12345
12.1176,1.1235
12.1191,1.12354
12.1206,1.12358
12.1221,1.12362
12.1236,1.12366
12.1251,1.1237
12.1266,1.12374
12.1281,1.12378
12.1296,1.12382
12.1311,1.12386
12.1326,1.1239
12.1341,1.12393
12.1356,1.12397
12.1371,1.12401
12.1386,1.12405
12.1401,1.12409
12.1416,1.12412
12.1431,1.12416
12.1446,1.1242
12.1461,1.12424
12.1476,1.12427
12.1491,1.12431
12.1506,1.12435
12.1521,1.12438
12.1536,1.12442
12.1551,1.12445
12.1566,1.12449
12.1581,1.12452
12.1596,1.12456
12.1611,1.12459
12.1626,1.12462
12.1641,1.12466
12.1656,1.12469
12.1671,1.12472
12.1686,1.12476
12.1701,1.12479
12.1716,1.12482
12.1731,1.12485
12.1746,1.12489
12.1761,1.12492
12.1776,1.12495
12.1791,1.12498
12.1806,1.12501
12.1821,1.12504
12.1836,1.12507
12.1851,1.1251
12.1866,1.12513
12.1881,1.12516
12.1896,1.12519
12.1911,1.12521
12.1926,1.12524
12.1941,1.12527
12.1956,1.1253
12.1971,1.12533
12.1986,1.12535
12.2001,1.12538
12.2016,1.12541
12.2031,1.12543
12.2046,1.12546
12.2061,1.12549
12.2076,1.12551
12.2091,1.12554
12.2106,1.12556
12.2121,1.12559
12.2136,1.12561
12.2151,1.12564
12.2166,1.12566
12.2181,1.12569
12.2196,1.12571
12.2211,1.12573
12.2226,1.12576
12.2241,1.12578
12.2256,1.1258
12.2271,1.12583
12.2286,1.12585
12.2301,1.12587
12.2316,1.1259
12.2331,1.12592
12.2346,1.12594
12.2361,1.12596
12.2376,1.12599
12.2391,1.12601
12.2406,1.12603
12.2421,1.12605
12.2436,1.12607
12.2451,1.1261
12.2466,1.12612
12.2481,1.12614
12.2496,1.12616
12.2511,1.12618
12.2526,1.1262
12.2541,1.12622
12.2556,1.12624
12.2571,1.12626
12.2586,1.12629
12.2601,1.12631
12.2616,1.12633
12.2631,1.12635
12.2646,1.12637
12.2661,1.12639
12.2676,1.12641
12.2691,1.12643
12.2706,1.12645
12.2721,1.12647
12.2736,1.12649
12.2751,1.12651
12.2766,1.12653
12.2781,1.12655
12.2796,1.12657
12.2811,1.12659
12.2826,1.12661
12.2841,1.12663
12.2856,1.12665
12.2871,1.12667
12.2886,1.12669
12.2901,1.12671
12.2916,1.12673
12.2931,1.12675
12.2946,1.12677
12.2961,1.12679
12.2976,1.12681
12.2991,1.12683
12.3006,1.12685
12.3021,1.12687
12.3036,1.12689
12.3051,1.12691
12.3066,1.12693
12.3081,1.12695
12.3096,1.12697
12.3111,1.12699
12.3126,1.127
12.3141,1.12702
12.3156,1.12704
12.3171,1.12706
12.3186,1.12708
12.3201,1.1271
12.3216,1.12712
12.3231,1.12714
12.3246,1.12715
12.3261,1.12717
12.3276,1.12719
12.3291,1.12721
12.3306,1.12723
12.3321,1.12725
12.3336,1.12726
12.3351,1.12728
12.3366,1.1273
12.3381,1.12732
12.3396,1.12734
12.3411,1.12735
12.3426,1.12737
12.3441,1.12739
12.3456,1.12741
12.3471,1.12742
12.3486,1.12744
12.3501,1.12746
12.3516,1.12747
12.3531,1.12749
12.3546,1.12751
12.3561,1.12752
12.3576,1.12754
12.3591,1.12756
12.3606,1.12757
12.3621,1.12759
12.3636,1.1276
12.3651,1.12762
12.3666,1.12764
12.3681,1.12765
12.3696,1.12767
12.3711,1.12768
12.3726,1.1277
12.3741,1.12771
12.3756,1.12773
12.3771,1.12774
12.3786,1.12776
12.3801,1.12777
12.3816,1.12779
12.3831,1.1278
12.3846,1.12782
12.3861,1.12783
12.3876,1.12785
12.3891,1.12786
12.3906,1.12787
12.3921,1.12789
12.3936,1.1279
12.3951,1.12791
12.3966,1.12793
12.3981,1.12794
12.3996,1.12795
12.4011,1.12797
12.4026,1.12798
12.4041,1.128
12.4056,1.12801
12.4071,1.12802
12.4086,1.12803
12.4101,1.12805
12.4116,1.12806
12.4131,1.12807
12.4146,1.12808
12.4161,1.1281
12.4176,1.12811
12.4191,1.12812
12.4206,1.12813
12.4221,1.12815
12.4236,1.12816
12.4251,1.12817
12.4266,1.12818
12.4281,1.12819
12.4296,1.1282
12.4311,1.12822
12.4326,1.12823
12.4341,1.12824
12.4356,1.12825
12.4371,1.12826
12.4386,1.12827
12.4401,1.12828
12.4416,1.1283
12.4431,1.12831
12.4446,1.12832
12.4461,1.12833
12.4476,1.12834
12.4491,1.12835
12.4506,1.12836
12.4521,1.12837
12.4536,1.12838
12.4551,1.12839
12.4566,1.1284
12.4581,1.12841
12.4596,1.12842
12.4611,1.12843
12.4626,1.12844
12.4641,1.12846
12.4656,1.12846
12.4671,1.12848
12.4686,1.12848
12.4701,1.12849
12.4716,1.1285
12.4731,1.12851
12.4746,1.12852
12.4761,1.12853
12.4776,1.12854
12.4791,1.12855
12.4806,1.12856
12.4821,1.12857
12.4836,1.12858
12.4851,1.12859
12.4866,1.1286
12.4881,1.1286
12.4896,1.12861
12.4911,1.12862
12.4926,1.12863
12.4941,1.12864
12.4956,1.12865
12.4971,1.12865
12.4986,1.12866
12.5001,1.12867
12.5016,1.12868
12.5031,1.12869
12.5046,1.12869
12.5061,1.1287
12.5076,1.12871
12.5091,1.12872
12.5106,1.12872
12.5121,1.12873
12.5136,1.12874
12.5151,1.12874
12.5166,1.12875
12.5181,1.12876
12.5196,1.12876
12.5211,1.12877
12.5226,1.12877
12.5241,1.12878
12.5256,1.12879
12.5271,1.12879
12.5286,1.1288
12.5301,1.1288
12.5316,1.12881
12.5331,1.12881
12.5346,1.12882
12.5361,1.12882
12.5376,1.12883
12.5391,1.12883
12.5406,1.12884
12.5421,1.12884
12.5436,1.12884
12.5451,1.12885
12.5466,1.12885
12.5481,1.12886
12.5496,1.12886
12.5511,1.12886
12.5526,1.12886
12.5541,1.12887
12.5556,1.12887
12.5571,1.12887
12.5586,1.12887
12.5601,1.12887
12.5616,1.12888
12.5631,1.12888
12.5646,1.12888
12.5661,1.12888
12.5676,1.12888
12.5691,1.12888
12.5706,1.12888
12.5721,1.12888
12.5736,1.12888
12.5751,1.12888
12.5766,1.12888
12.5781,1.12887
12.5796,1.12887
12.5811,1.12887
12.5826,1.12887
12.5841,1.12887
12.5856,1.12886
12.5871,1.12886
12.5886,1.12886
12.5901,1.12885
12.5916,1.12885
12.5931,1.12885
12.5946,1.12884
12.5961,1.12884
12.5976,1.12883
12.5991,1.12883
12.6006,1.12882
12.6021,1.12882
12.6036,1.12881
12.6051,1.1288
12.6066,1.1288
12.6081,1.12879
12.6096,1.12878
12.6111,1.12877
12.6126,1.12876
12.6141,1.12876
12.6156,1.12875
12.6171,1.12874
12.6186,1.12873
12.6201,1.12872
12.6216,1.12871
12.6231,1.1287
12.6246,1.12868
12.6261,1.12867
12.6276,1.12866
12.6291,1.12865
12.6306,1.12864
12.6321,1.12862
12.6336,1.12861
12.6351,1.1286
12.6366,1.12858
12.6381,1.12857
12.6396,1.12855
12.6411,1.12854
12.6426,1.12852
12.6441,1.1285
12.6456,1.12849
12.6471,1.12847
12.6486,1.12845
12.6501,1.12844
12.6516,1.12842
12.6531,1.1284
12.6546,1.12838
12.6561,1.12836
12.6576,1.12834
12.6591,1.12832
12.6606,1.1283
12.6621,1.12828
12.6636,1.12826
12.6651,1.12824
12.6666,1.12822
12.6681,1.1282
12.6696,1.12817
12.6711,1.12815
12.6726,1.12813
12.6741,1.1281
12.6756,1.12808
12.6771,1.12806
12.6786,1.12803
12.6801,1.12801
12.6816,1.12798
12.6831,1.12796
12.6846,1.12793
12.6861,1.1279
12.6876,1.12788
12.6891,1.12785
12.6906,1.12782
12.6921,1.1278
12.6936,1.12777
12.6951,1.12774
12.6966,1.12771
12.6981,1.12768
12.6996,1.12765
12.7011,1.12762
12.7026,1.12759
12.7041,1.12756
12.7056,1.12754
12.7071,1.1275
12.7086,1.12747
12.7101,1.12744
12.7116,1.12741
12.7131,1.12738
12.7146,1.12735
12.7161,1.12732
12.7176,1.12729
12.7191,1.12726
12.7206,1.12722
12.7221,1.12719
12.7236,1.12716
12.7251,1.12713
12.7266,1.1271
12.7281,1.12706
12.7296,1.12703
12.7311,1.127
12.7326,1.12697
12.7341,1.12694
12.7356,1.1269
12.7371,1.12687
12.7386,1.12684
12.7401,1.1268
12.7416,1.12677
12.7431,1.12674
12.7446,1.12671
12.7461,1.12668
12.7476,1.12664
12.7491,1.12661
12.7506,1.12658
12.7521,1.12655
12.7536,1.12651
12.7551,1.12648
12.7566,1.12645
12.7581,1.12641
12.7596,1.12638
12.7611,1.12635
12.7626,1.12632
12.7641,1.12629
12.7656,1.12625
12.7671,1.12622
12.7686,1.12619
12.7701,1.12616
12.7716,1.12612
12.7731,1.12609
12.7746,1.12606
12.7761,1.12603
12.7776,1.126
12.7791,1.12597
12.7806,1.12593
12.7821,1.1259
12.7836,1.12587
12.7851,1.12584
12.7866,1.12581
12.7881,1.12578
12.7896,1.12574
12.7911,1.12571
12.7926,1.12568
12.7941,1.12565
12.7956,1.12562
12.7971,1.12559
12.7986,1.12556
12.8001,1.12553
12.8016,1.1255
12.8031,1.12546
12.8046,1.12544
12.8061,1.1254
12.8076,1.12537
12.8091,1.12534
12.8106,1.12531
12.8121,1.12528
12.8136,1.12525
12.8151,1.12522
12.8166,1.12519
12.8181,1.12516
12.8196,1.12513
12.8211,1.1251
12.8226,1.12506
12.8241,1.12503
12.8256,1.125
12.8271,1.12497
12.8286,1.12494
12.8301,1.12491
12.8316,1.12488
12.8331,1.12485
12.8346,1.12482
12.8361,1.12479
12.8376,1.12476
12.8391,1.12473
12.8406,1.12469
12.8421,1.12466
12.8436,1.12463
12.8451,1.1246
12.8466,1.12457
12.8481,1.12453
12.8496,1.1245
12.8511,1.12447
12.8526,1.12444
12.8541,1.12441
12.8556,1.12438
12.8571,1.12434
12.8586,1.12431
12.8601,1.12428
12.8616,1.12425
12.8631,1.12421
12.8646,1.12418
12.8661,1.12415
12.8676,1.12411
12.8691,1.12408
12.8706,1.12405
12.8721,1.12401
12.8736,1.12398
12.8751,1.12395
12.8766,1.12391
12.8781,1.12388
12.8796,1.12385
12.8811,1.12381
12.8826,1.12378
12.8841,1.12374
12.8856,1.12371
12.8871,1.12368
12.8886,1.12364
12.8901,1.12361
12.8916,1.12357
12.8931,1.12354
12.8946,1.1235
12.8961,1.12347
12.8976,1.12343
12.8991,1.1234
12.9006,1.12336
12.9021,1.12332
12.9036,1.12329
12.9051,1.12325
12.9066,1.12322
12.9081,1.12318
12.9096,1.12315
12.9111,1.12311
12.9126,1.12307
12.9141,1.12304
12.9156,1.123
12.9171,1.12296
12.9186,1.12293
12.9201,1.12289
12.9216,1.12285
12.9231,1.12282
12.9246,1.12278
12.9261,1.12274
12.9276,1.1227
12.9291,1.12267
12.9306,1.12263
12.9321,1.12259
12.9336,1.12255
12.9351,1.12251
12.9366,1.12248
12.9381,1.12244
12.9396,1.1224
12.9411,1.12236
12.9426,1.12232
12.9441,1.12228
12.9456,1.12225
12.9471,1.12221
12.9486,1.12217
12.9501,1.12213
12.9516,1.12209
12.9531,1.12205
12.9546,1.12201
12.9561,1.12197
12.9576,1.12193
12.9591,1.12189
12.9606,1.12185
12.9621,1.12182
12.9636,1.12177
12.9651,1.12174
12.9666,1.1217
12.9681,1.12166
12.9696,1.12162
12.9711,1.12158
12.9726,1.12154
12.9741,1.1215
12.9756,1.12146
12.9771,1.12142
12.9786,1.12138
12.9801,1.12134
12.9816,1.1213
12.9831,1.12126
12.9846,1.12122
12.9861,1.12118
12.9876,1.12114
12.9891,1.1211
12.9906,1.12106
12.9921,1.12102
12.9936,1.12098
12.9951,1.12094
12.9966,1.1209
12.9981,1.12086
12.9996,1.12082
13.0011,1.12078
13.0026,1.12074
13.0041,1.1207
13.0056,1.12066
13.0071,1.12062
13.0086,1.12058
13.0101,1.12054
13.0116,1.1205
13.0131,1.12046
13.0146,1.12043
13.0161,1.12039
13.0176,1.12035
13.0191,1.12031
13.0206,1.12027
13.0221,1.12023
13.0236,1.12019
13.0251,1.12015
13.0266,1.12012
13.0281,1.12008
13.0296,1.12004
13.0311,1.12
13.0326,1.11996
13.0341,1.11993
13.0356,1.11989
13.0371,1.11985
13.0386,1.11981
13.0401,1.11977
13.0416,1.11974
13.0431,1.1197
13.0446,1.11966
13.0461,1.11963
13.0476,1.11959
13.0491,1.11955
13.0506,1.11952
13.0521,1.11948
13.0536,1.11944
13.0552,1.11941
13.0567,1.11937
13.0582,1.11933
13.0597,1.1193
13.0612,1.11926
13.0627,1.11922
13.0642,1.11919
13.0657,1.11915
13.0672,1.11911
13.0687,1.11908
13.0702,1.11904
13.0717,1.11901
13.0732,1.11897
13.0747,1.11894
13.0762,1.1189
13.0777,1.11887
13.0792,1.11883
13.0807,1.1188
13.0822,1.11876
13.0837,1.11872
13.0852,1.11869
13.0867,1.11865
13.0882,1.11862
13.0897,1.11858
13.0912,1.11855
13.0927,1.11851
13.0942,1.11848
13.0957,1.11844
13.0972,1.11841
13.0987,1.11837
13.1002,1.11834
13.1017,1.1183
13.1032,1.11827
13.1047,1.11823
13.1062,1.1182
13.1077,1.11816
13.1092,1.11813
13.1107,1.11809
13.1122,1.11806
13.1137,1.11802
13.1152,1.11799
13.1167,1.11795
13.1182,1.11792
13.1197,1.11788
13.1212,1.11785
13.1227,1.11781
13.1242,1.11777
13.1257,1.11774
13.1272,1.1177
13.1287,1.11767
13.1302,1.11763
13.1317,1.1176
13.1332,1.11756
13.1347,1.11752
13.1362,1.11749
13.1377,1.11745
13.1392,1.11741
13.1407,1.11738
13.1422,1.11734
13.1437,1.11731
13.1452,1.11727
13.1467,1.11723
13.1482,1.1172
13.1497,1.11716
13.1512,1.11712
13.1527,1.11709
13.1542,1.11705
13.1557,1.11701
13.1572,1.11697
13.1587,1.11694
13.1602,1.1169
13.1617,1.11686
13.1632,1.11682
13.1647,1.11679
13.1662,1.11675
13.1677,1.11671
13.1692,1.11667
13.1707,1.11663
13.1722,1.11659
13.1737,1.11655
13.1752,1.11651
13.1767,1.11647
13.1782,1.11643
13.1797,1.11639
13.1812,1.11635
13.1827,1.11631
13.1842,1.11627
13.1857,1.11623
13.1872,1.11619
13.1887,1.11615
13.1902,1.11611
13.1917,1.11607
13.1932,1.11603
13.1947,1.11598
13.1962,1.11594
13.1977,1.1159
13.1992,1.11586
13.2007,1.11582
13.2022,1.11577
13.2037,1.11573
13.2052,1.11569
13.2067,1.11565
13.2082,1.1156
13.2097,1.11556
13.2112,1.11552
13.2127,1.11548
13.2142,1.11543
13.2157,1.11539
13.2172,1.11535
13.2187,1.1153
13.2202,1.11526
13.2217,1.11521
13.2232,1.11517
13.2247,1.11513
13.2262,1.11508
13.2277,1.11504
13.2292,1.11499
13.2307,1.11495
13.2322,1.11491
13.2337,1.11486
13.2352,1.11482
13.2367,1.11477
13.2382,1.11473
13.2397,1.11468
13.2412,1.11464
13.2427,1.1146
13.2442,1.11455
13.2457,1.11451
13.2472,1.11446
13.2487,1.11442
13.2502,1.11438
13.2517,1.11433
13.2532,1.11429
13.2547,1.11424
13.2562,1.1142
13.2577,1.11416
13.2592,1.11411
13.2607,1.11407
13.2622,1.11402
13.2637,1.11398
13.2652,1.11394
13.2667,1.11389
13.2682,1.11385
13.2697,1.1138
13.2712,1.11376
13.2727,1.11372
13.2742,1.11367
13.2757,1.11363
13.2772,1.11359
13.2787,1.11354
13.2802,1.1135
13.2817,1.11346
13.2832,1.11341
13.2847,1.11337
13.2862,1.11333
13.2877,1.11328
13.2892,1.11324
13.2907,1.1132
13.2922,1.11316
13.2937,1.11311
13.2952,1.11307
13.2967,1.11303
13.2982,1.11299
13.2997,1.11294
13.3012,1.1129
13.3027,1.11286
13.3042,1.11282
13.3057,1.11278
13.3072,1.11273
13.3087,1.11269
13.3102,1.11265
13.3117,1.11261
13.3132,1.11257
13.3147,1.11253
13.3162,1.11248
13.3177,1.11244
13.3192,1.1124
13.3207,1.11236
13.3222,1.11232
13.3237,1.11228
13.3252,1.11224
13.3267,1.1122
13.3282,1.11216
13.3297,1.11212
13.3312,1.11208
13.3327,1.11204
13.3342,1.112
13.3357,1.11196
13.3372,1.11192
13.3387,1.11189
13.3402,1.11185
13.3417,1.11181
13.3432,1.11177
13.3447,1.11173
13.3462,1.11169
13.3477,1.11165
13.3492,1.11162
13.3507,1.11158
13.3522,1.11154
13.3537,1.1115
13.3552,1.11147
13.3567,1.11143
13.3582,1.11139
13.3597,1.11136
13.3612,1.11132
13.3627,1.11128
13.3642,1.11125
13.3657,1.11121
13.3672,1.11118
13.3687,1.11114
13.3702,1.1111
13.3717,1.11107
13.3732,1.11103
13.3747,1.111
13.3762,1.11096
13.3777,1.11093
13.3792,1.11089
13.3807,1.11086
13.3822,1.11083
13.3837,1.11079
13.3852,1.11076
13.3867,1.11072
13.3882,1.11069
13.3897,1.11066
13.3912,1.11062
13.3927,1.11059
13.3942,1.11056
13.3957,1.11052
13.3972,1.11049
13.3987,1.11046
13.4002,1.11042
13.4017,1.11039
13.4032,1.11036
13.4047,1.11032
13.4062,1.11029
13.4077,1.11026
13.4092,1.11023
13.4107,1.11019
13.4122,1.11016
13.4137,1.11013
13.4152,1.1101
13.4167,1.11006
13.4182,1.11003
13.4197,1.11
13.4212,1.10997
13.4227,1.10993
13.4242,1.1099
13.4257,1.10987
13.4272,1.10983
13.4287,1.1098
13.4302,1.10977
13.4317,1.10974
13.4332,1.1097
13.4347,1.10967
13.4362,1.10964
13.4377,1.10961
13.4392,1.10957
13.4407,1.10954
13.4422,1.10951
13.4437,1.10947
13.4452,1.10944
13.4467,1.10941
13.4482,1.10937
13.4497,1.10934
13.4512,1.10931
13.4527,1.10927
13.4542,1.10924
13.4557,1.10921
13.4572,1.10917
13.4587,1.10914
13.4602,1.10911
13.4617,1.10907
13.4632,1.10904
13.4647,1.10901
13.4662,1.10898
13.4677,1.10894
13.4692,1.10891
13.4707,1.10887
13.4722,1.10884
13.4737,1.10881
13.4752,1.10877
13.4767,1.10874
13.4782,1.10871
13.4797,1.10867
13.4812,1.10864
13.4827,1.10861
13.4842,1.10857
13.4857,1.10854
13.4872,1.10851
13.4887,1.10848
13.4902,1.10844
13.4917,1.10841
13.4932,1.10838
13.4947,1.10835
13.4962,1.10831
13.4977,1.10828
13.4992,1.10825
13.5007,1.10821
13.5022,1.10818
13.5037,1.10815
13.5052,1.10812
13.5067,1.10809
13.5082,1.10806
13.5097,1.10802
13.5112,1.10799
13.5127,1.10796
13.5142,1.10793
13.5157,1.1079
13.5172,1.10787
13.5187,1.10784
13.5202,1.10781
13.5217,1.10778
13.5232,1.10775
13.5247,1.10772
13.5262,1.10769
13.5277,1.10766
13.5292,1.10763
13.5307,1.10761
13.5322,1.10758
13.5337,1.10755
13.5352,1.10752
13.5367,1.10749
13.5382,1.10747
13.5397,1.10744
13.5412,1.10741
13.5427,1.10739
13.5442,1.10736
13.5457,1.10733
13.5472,1.10731
13.5487,1.10728
13.5502,1.10726
13.5517,1.10723
13.5532,1.1072
13.5547,1.10718
13.5562,1.10716
13.5577,1.10713
13.5592,1.10711
13.5607,1.10709
13.5622,1.10706
13.5637,1.10704
13.5652,1.10702
13.5667,1.10699
13.5682,1.10697
13.5697,1.10695
13.5712,1.10693
13.5727,1.10691
13.5742,1.10689
13.5757,1.10687
13.5772,1.10685
13.5787,1.10683
13.5802,1.10681
13.5817,1.10679
13.5832,1.10677
13.5847,1.10675
13.5862,1.10673
13.5877,1.10671
13.5892,1.1067
13.5907,1.10668
13.5922,1.10666
13.5937,1.10664
13.5952,1.10663
13.5967,1.10661
13.5982,1.1066
13.5997,1.10658
13.6012,1.10656
13.6027,1.10655
13.6042,1.10653
13.6057,1.10652
13.6072,1.10651
13.6087,1.10649
13.6102,1.10648
13.6117,1.10647
13.6132,1.10645
13.6147,1.10644
13.6162,1.10643
13.6177,1.10641
13.6192,1.1064
13.6207,1.10639
13.6222,1.10638
13.6237,1.10637
13.6252,1.10636
13.6267,1.10635
13.6282,1.10634
13.6297,1.10633
13.6312,1.10632
13.6327,1.10631
13.6342,1.1063
13.6357,1.10629
13.6372,1.10628
13.6387,1.10627
13.6402,1.10627
13.6417,1.10626
13.6432,1.10625
13.6447,1.10624
13.6462,1.10624
13.6477,1.10623
13.6492,1.10622
13.6507,1.10622
13.6522,1.10621
13.6537,1.1062
13.6552,1.1062
13.6567,1.10619
13.6582,1.10619
13.6597,1.10618
13.6612,1.10618
13.6627,1.10617
13.6642,1.10617
13.6657,1.10616
13.6672,1.10616
13.6687,1.10616
13.6702,1.10615
13.6717,1.10615
13.6732,1.10614
13.6747,1.10614
13.6762,1.10614
13.6777,1.10613
13.6792,1.10613
13.6807,1.10613
13.6822,1.10612
13.6837,1.10612
13.6852,1.10612
13.6867,1.10611
13.6882,1.10611
13.6897,1.10611
13.6912,1.10611
13.6927,1.1061
13.6942,1.1061
13.6957,1.1061
13.6972,1.1061
13.6987,1.10609
13.7002,1.10609
13.7017,1.10609
13.7032,1.10609
13.7047,1.10609
13.7062,1.10608
13.7077,1.10608
13.7092,1.10608
13.7107,1.10608
13.7122,1.10607
13.7137,1.10607
13.7152,1.10607
13.7167,1.10606
13.7182,1.10606
13.7197,1.10606
13.7212,1.10606
13.7227,1.10605
13.7242,1.10605
13.7257,1.10605
13.7272,1.10604
13.7287,1.10604
13.7302,1.10604
13.7317,1.10603
13.7332,1.10603
13.7347,1.10603
13.7362,1.10602
13.7377,1.10602
13.7392,1.10601
13.7407,1.10601
13.7422,1.106
13.7437,1.106
13.7452,1.106
13.7467,1.10599
13.7482,1.10598
13.7497,1.10598
13.7512,1.10597
13.7527,1.10597
13.7542,1.10596
13.7557,1.10596
13.7572,1.10595
13.7587,1.10594
13.7602,1.10594
13.7617,1.10593
13.7632,1.10592
13.7647,1.10592
13.7662,1.10591
13.7677,1.1059
13.7692,1.1059
13.7707,1.10589
13.7722,1.10588
13.7737,1.10587
13.7752,1.10586
13.7767,1.10586
13.7782,1.10585
13.7797,1.10584
13.7812,1.10583
13.7827,1.10582
13.7842,1.10582
13.7857,1.10581
13.7872,1.1058
13.7887,1.10579
13.7902,1.10578
13.7917,1.10577
13.7932,1.10577
13.7947,1.10576
13.7962,1.10575
13.7977,1.10574
13.7992,1.10573
13.8007,1.10572
13.8022,1.10571
13.8037,1.1057
13.8052,1.1057
13.8067,1.10569
13.8082,1.10568
13.8097,1.10567
13.8112,1.10566
13.8127,1.10565
13.8142,1.10564
13.8157,1.10563
13.8172,1.10562
13.8187,1.10561
13.8202,1.10561
13.8217,1.1056
13.8232,1.10559
13.8247,1.10558
13.8262,1.10557
13.8277,1.10556
13.8292,1.10555
13.8307,1.10554
13.8322,1.10553
13.8337,1.10553
13.8352,1.10552
13.8367,1.10551
13.8382,1.1055
13.8397,1.10549
13.8412,1.10548
13.8427,1.10547
13.8442,1.10546
13.8457,1.10545
13.8472,1.10544
13.8487,1.10543
13.8502,1.10542
13.8517,1.10541
13.8532,1.1054
13.8547,1.1054
13.8562,1.10539
13.8577,1.10538
13.8592,1.10537
13.8607,1.10536
13.8622,1.10535
13.8637,1.10534
13.8652,1.10533
13.8667,1.10532
13.8682,1.10531
13.8697,1.1053
13.8712,1.10529
13.8727,1.10528
13.8742,1.10527
13.8757,1.10526
13.8772,1.10526
13.8787,1.10525
13.8802,1.10524
13.8817,1.10523
13.8832,1.10522
13.8847,1.10521
13.8862,1.1052
13.8877,1.10519
13.8892,1.10518
13.8907,1.10518
13.8922,1.10517
13.8937,1.10516
13.8952,1.10515
13.8967,1.10514
13.8982,1.10513
13.8997,1.10513
13.9012,1.10512
13.9027,1.10511
13.9042,1.1051
13.9057,1.1051
13.9072,1.10509
13.9087,1.10508
13.9102,1.10508
13.9117,1.10507
13.9132,1.10506
13.9147,1.10506
13.9162,1.10505
13.9177,1.10504
13.9192,1.10503
13.9207,1.10503
13.9222,1.10502
13.9237,1.10502
13.9252,1.10501
13.9267,1.10501
13.9282,1.105
13.9297,1.105
13.9312,1.10499
13.9327,1.10499
13.9342,1.10498
13.9357,1.10498
13.9372,1.10498
13.9387,1.10497
13.9402,1.10497
13.9417,1.10497
13.9432,1.10496
13.9447,1.10496
13.9462,1.10496
13.9477,1.10495
13.9492,1.10495
13.9507,1.10495
13.9522,1.10495
13.9537,1.10495
13.9552,1.10494
13.9567,1.10494
13.9582,1.10494
13.9597,1.10494
13.9612,1.10494
13.9627,1.10494
13.9642,1.10494
13.9657,1.10494
13.9672,1.10494
13.9687,1.10494
13.9702,1.10494
13.9717,1.10494
13.9732,1.10495
13.9747,1.10495
13.9762,1.10495
13.9777,1.10495
13.9792,1.10495
13.9807,1.10496
13.9822,1.10496
13.9837,1.10496
13.9852,1.10496
13.9867,1.10497
13.9882,1.10497
13.9897,1.10497
13.9912,1.10498
13.9927,1.10498
13.9942,1.10499
13.9957,1.10499
13.9972,1.105
13.9987,1.105
14.0002,1.10501
14.0017,1.10501
14.0032,1.10502
14.0047,1.10502
14.0062,1.10503
14.0077,1.10504
14.0092,1.10504
14.0107,1.10505
14.0122,1.10506
14.0137,1.10506
14.0152,1.10507
14.0167,1.10508
14.0182,1.10508
14.0197,1.10509
14.0212,1.1051
14.0227,1.10511
14.0242,1.10512
14.0257,1.10512
14.0272,1.10513
14.0287,1.10514
14.0302,1.10515
14.0317,1.10516
14.0332,1.10517
14.0347,1.10518
14.0362,1.10519
14.0377,1.1052
14.0392,1.10521
14.0407,1.10522
14.0422,1.10523
14.0437,1.10524
14.0452,1.10525
14.0467,1.10526
14.0482,1.10527
14.0497,1.10528
14.0512,1.10529
14.0527,1.10531
14.0542,1.10532
14.0557,1.10533
14.0572,1.10534
14.0587,1.10535
14.0602,1.10536
14.0617,1.10538
14.0632,1.10539
14.0647,1.1054
14.0662,1.10541
14.0677,1.10543
14.0692,1.10544
14.0707,1.10545
14.0722,1.10547
14.0737,1.10548
14.0752,1.10549
14.0767,1.10551
14.0782,1.10552
14.0797,1.10554
14.0812,1.10555
14.0827,1.10556
14.0842,1.10558
14.0857,1.10559
14.0872,1.10561
14.0887,1.10562
14.0902,1.10564
14.0917,1.10565
14.0932,1.10567
14.0947,1.10568
14.0962,1.1057
14.0977,1.10571
14.0992,1.10573
14.1007,1.10574
14.1022,1.10576
14.1037,1.10578
14.1052,1.10579
14.1067,1.10581
14.1082,1.10582
14.1097,1.10584
14.1112,1.10586
14.1127,1.10588
14.1142,1.10589
14.1157,1.10591
14.1172,1.10593
14.1187,1.10594
14.1202,1.10596
14.1217,1.10598
14.1232,1.106
14.1247,1.10602
14.1262,1.10603
14.1277,1.10605
14.1292,1.10607
14.1307,1.10609
14.1322,1.10611
14.1337,1.10613
14.1352,1.10615
14.1367,1.10617
14.1382,1.10619
14.1397,1.1062
14.1412,1.10623
14.1427,1.10625
14.1442,1.10626
14.1457,1.10628
14.1472,1.1063
14.1487,1.10633
14.1502,1.10635
14.1517,1.10637
14.1532,1.10639
14.1547,1.10641
14.1562,1.10643
14.1577,1.10645
14.1592,1.10647
14.1607,1.1065
14.1622,1.10652
14.1637,1.10654
14.1652,1.10656
14.1667,1.10658
14.1682,1.1066
14.1697,1.10663
14.1712,1.10665
14.1727,1.10667
14.1742,1.10669
14.1757,1.10672
14.1772,1.10674
14.1787,1.10676
14.1802,1.10678
14.1817,1.10681
14.1832,1.10683
14.1847,1.10685
14.1862,1.10687
14.1877,1.10689
14.1892,1.10692
14.1907,1.10694
14.1922,1.10696
14.1937,1.10699
14.1952,1.10701
14.1967,1.10703
14.1982,1.10705
14.1997,1.10707
14.2012,1.1071
14.2027,1.10712
14.2042,1.10714
14.2057,1.10716
14.2072,1.10719
14.2087,1.10721
14.2102,1.10723
14.2118,1.10725
14.2133,1.10728
14.2148,1.1073
14.2163,1.10732
14.2178,1.10734
14.2193,1.10736
14.2208,1.10738
14.2223,1.10741
14.2238,1.10743
14.2253,1.10745
14.2268,1.10747
14.2283,1.10749
14.2298,1.10751
14.2313,1.10753
14.2328,1.10756
14.2343,1.10758
14.2358,1.1076
14.2373,1.10762
14.2388,1.10764
14.2403,1.10766
14.2418,1.10768
14.2433,1.1077
14.2448,1.10773
14.2463,1.10775
14.2478,1.10777
14.2493,1.10779
14.2508,1.10781
14.2523,1.10783
14.2538,1.10785
14.2553,1.10787
14.2568,1.1079
14.2583,1.10792
14.2598,1.10794
14.2613,1.10796
14.2628,1.10798
14.2643,1.108
14.2658,1.10802
14.2673,1.10805
14.2688,1.10807
14.2703,1.10809
14.2718,1.10811
14.2733,1.10813
14.2748,1.10816
14.2763,1.10818
14.2778,1.1082
14.2793,1.10822
14.2808,1.10825
14.2823,1.10827
14.2838,1.10829
14.2853,1.10832
14.2868,1.10834
14.2883,1.10836
14.2898,1.10839
14.2913,1.10841
14.2928,1.10843
14.2943,1.10846
14.2958,1.10848
14.2973,1.10851
14.2988,1.10853
14.3003,1.10855
14.3018,1.10858
14.3033,1.1086
14.3048,1.10863
14.3063,1.10865
14.3078,1.10868
14.3093,1.1087
14.3108,1.10873
14.3123,1.10876
14.3138,1.10878
14.3153,1.10881
14.3168,1.10883
14.3183,1.10886
14.3198,1.10889
14.3213,1.10891
14.3228,1.10894
14.3243,1.10897
14.3258,1.109
14.3273,1.10902
14.3288,1.10905
14.3303,1.10908
14.3318,1.10911
14.3333,1.10914
14.3348,1.10916
14.3363,1.10919
14.3378,1.10922
14.3393,1.10925
14.3408,1.10928
14.3423,1.10931
14.3438,1.10934
14.3453,1.10937
14.3468,1.1094
14.3483,1.10943
14.3498,1.10946
14.3513,1.10949
14.3528,1.10952
14.3543,1.10956
14.3558,1.10959
14.3573,1.10962
14.3588,1.10965
14.3603,1.10968
14.3618,1.10972
14.3633,1.10975
14.3648,1.10978
14.3663,1.10982
14.3678,1.10985
14.3693,1.10988
14.3708,1.10991
14.3723,1.10995
14.3738,1.10998
14.3753,1.11001
14.3768,1.11005
14.3783,1.11008
14.3798,1.11012
14.3813,1.11015
14.3828,1.11019
14.3843,1.11023
14.3858,1.11026
14.3873,1.1103
14.3888,1.11033
14.3903,1.11037
14.3918,1.11041
14.3933,1.11044
14.3948,1.11048
14.3963,1.11052
14.3978,1.11055
14.3993,1.11059
14.4008,1.11063
14.4023,1.11067
14.4038,1.11071
14.4053,1.11074
14.4068,1.11078
14.4083,1.11082
14.4098,1.11086
14.4113,1.1109
14.4128,1.11094
14.4143,1.11098
14.4158,1.11102
14.4173,1.11106
14.4188,1.1111
14.4203,1.11114
14.4218,1.11118
14.4233,1.11122
14.4248,1.11126
14.4263,1.1113
14.4278,1.11134
14.4293,1.11138
14.4308,1.11142
14.4323,1.11146
14.4338,1.1115
14.4353,1.11154
14.4368,1.11158
14.4383,1.11162
14.4398,1.11167
14.4413,1.11171
14.4428,1.11175
14.4443,1.11179
14.4458,1.11183
14.4473,1.11187
14.4488,1.11191
14.4503,1.11195
14.4518,1.112
14.4533,1.11204
14.4548,1.11208
14.4563,1.11212
14.4578,1.11216
14.4593,1.1122
14.4608,1.11224
14.4623,1.11228
14.4638,1.11232
14.4653,1.11236
14.4668,1.1124
14.4683,1.11244
14.4698,1.11248
14.4713,1.11252
14.4728,1.11256
14.4743,1.1126
14.4758,1.11264
14.4773,1.11268
14.4788,1.11272
14.4803,1.11275
14.4818,1.11279
14.4833,1.11283
14.4848,1.11286
14.4863,1.1129
14.4878,1.11294
14.4893,1.11298
14.4908,1.11301
14.4923,1.11305
14.4938,1.11308
14.4953,1.11312
14.4968,1.11315
14.4983,1.11319
14.4998,1.11322
14.5013,1.11325
14.5028,1.11329
14.5043,1.11332
14.5058,1.11335
14.5073,1.11339
14.5088,1.11342
14.5103,1.11345
14.5118,1.11348
14.5133,1.11351
14.5148,1.11355
14.5163,1.11358
14.5178,1.11361
14.5193,1.11364
14.5208,1.11367
14.5223,1.1137
14.5238,1.11373
14.5253,1.11376
14.5268,1.11379
14.5283,1.11382
14.5298,1.11385
14.5313,1.11388
14.5328,1.11391
14.5343,1.11394
14.5358,1.11397
14.5373,1.114
14.5388,1.11403
14.5403,1.11406
14.5418,1.11409
14.5433,1.11412
14.5448,1.11415
14.5463,1.11418
14.5478,1.11421
14.5493,1.11424
14.5508,1.11427
14.5523,1.1143
14.5538,1.11433
14.5553,1.11436
14.5568,1.11439
14.5583,1.11442
14.5598,1.11445
14.5613,1.11448
14.5628,1.11451
14.5643,1.11454
14.5658,1.11457
14.5673,1.1146
14.5688,1.11463
14.5703,1.11466
14.5718,1.11469
14.5733,1.11472
14.5748,1.11475
14.5763,1.11478
14.5778,1.11481
14.5793,1.11484
14.5808,1.11487
14.5823,1.1149
14.5838,1.11493
14.5853,1.11496
14.5868,1.11499
14.5883,1.11502
14.5898,1.11505
14.5913,1.11508
14.5928,1.11511
14.5943,1.11514
14.5958,1.11517
14.5973,1.1152
14.5988,1.11523
14.6003,1.11526
14.6018,1.11529
14.6033,1.11532
14.6048,1.11535
14.6063,1.11538
14.6078,1.11541
14.6093,1.11544
14.6108,1.11547
14.6123,1.1155
14.6138,1.11553
14.6153,1.11556
14.6168,1.11559
14.6183,1.11562
14.6198,1.11565
14.6213,1.11568
14.6228,1.11571
14.6243,1.11574
14.6258,1.11577
14.6273,1.1158
14.6288,1.11584
14.6303,1.11587
14.6318,1.1159
14.6333,1.11593
14.6348,1.11596
14.6363,1.11599
14.6378,1.11602
14.6393,1.11605
14.6408,1.11608
14.6423,1.11611
14.6438,1.11614
14.6453,1.11617
14.6468,1.1162
14.6483,1.11624
14.6498,1.11626
14.6513,1.1163
14.6528,1.11633
14.6543,1.11636
14.6558,1.11639
14.6573,1.11642
14.6588,1.11645
14.6603,1.11648
14.6618,1.11651
14.6633,1.11654
14.6648,1.11657
14.6663,1.1166
14.6678,1.11663
14.6693,1.11666
14.6708,1.11669
14.6723,1.11672
14.6738,1.11675
14.6753,1.11678
14.6768,1.11681
14.6783,1.11684
14.6798,1.11687
14.6813,1.1169
14.6828,1.11692
14.6843,1.11696
14.6858,1.11698
14.6873,1.11701
14.6888,1.11704
14.6903,1.11707
14.6918,1.1171
14.6933,1.11713
14.6948,1.11715
14.6963,1.11718
14.6978,1.11721
14.6993,1.11724
14.7008,1.11727
14.7023,1.11729
14.7038,1.11732
14.7053,1.11735
14.7068,1.11737
14.7083,1.1174
14.7098,1.11743
14.7113,1.11745
14.7128,1.11748
14.7143,1.11751
14.7158,1.11753
14.7173,1.11756
14.7188,1.11758
14.7203,1.11761
14.7218,1.11764
14.7233,1.11766
14.7248,1.11769
14.7263,1.11772
14.7278,1.11774
14.7293,1.11777
14.7308,1.11779
14.7323,1.11782
14.7338,1.11784
14.7353,1.11787
14.7368,1.11789
14.7383,1.11792
14.7398,1.11795
14.7413,1.11797
14.7428,1.11799
14.7443,1.11802
14.7458,1.11805
14.7473,1.11807
14.7488,1.1181
14.7503,1.11812
14.7518,1.11815
14.7533,1.11817
14.7548,1.1182
14.7563,1.11822
14.7578,1.11825
14.7593,1.11828
14.7608,1.1183
14.7623,1.11833
14.7638,1.11835
14.7653,1.11838
14.7668,1.11841
14.7683,1.11843
14.7698,1.11846
14.7713,1.11848
14.7728,1.11851
14.7743,1.11854
14.7758,1.11856
14.7773,1.11859
14.7788,1.11862
14.7803,1.11865
14.7818,1.11867
14.7833,1.1187
14.7848,1.11873
14.7863,1.11875
14.7878,1.11878
14.7893,1.11881
14.7908,1.11884
14.7923,1.11886
14.7938,1.11889
14.7953,1.11892
14.7968,1.11895
14.7983,1.11897
14.7998,1.119
14.8013,1.11903
14.8028,1.11906
14.8043,1.11909
14.8058,1.11911
14.8073,1.11914
14.8088,1.11917
14.8103,1.1192
14.8118,1.11922
14.8133,1.11925
14.8148,1.11928
14.8163,1.11931
14.8178,1.11933
14.8193,1.11936
14.8208,1.11939
14.8223,1.11942
14.8238,1.11944
14.8253,1.11947
14.8268,1.1195
14.8283,1.11953
14.8298,1.11955
14.8313,1.11958
14.8328,1.11961
14.8343,1.11963
14.8358,1.11966
14.8373,1.11968
14.8388,1.11971
14.8403,1.11973
14.8418,1.11976
14.8433,1.11979
14.8448,1.11981
14.8463,1.11983
14.8478,1.11986
14.8493,1.11988
14.8508,1.11991
14.8523,1.11993
14.8538,1.11996
14.8553,1.11998
14.8568,1.12
14.8583,1.12003
14.8598,1.12005
14.8613,1.12007
14.8628,1.1201
14.8643,1.12012
14.8658,1.12014
14.8673,1.12016
14.8688,1.12019
14.8703,1.12021
14.8718,1.12023
14.8733,1.12025
14.8748,1.12027
14.8763,1.1203
14.8778,1.12032
14.8793,1.12034
14.8808,1.12036
14.8823,1.12038
14.8838,1.1204
14.8853,1.12042
14.8868,1.12044
14.8883,1.12046
14.8898,1.12049
14.8913,1.12051
14.8928,1.12053
14.8943,1.12055
14.8958,1.12057
14.8973,1.12059
14.8988,1.12061
14.9003,1.12062
14.9018,1.12065
14.9033,1.12067
14.9048,1.12069
14.9063,1.1207
14.9078,1.12073
14.9093,1.12075
14.9108,1.12076
14.9123,1.12078
14.9138,1.1208
14.9153,1.12082
14.9168,1.12084
14.9183,1.12086
14.9198,1.12088
14.9213,1.1209
14.9228,1.12092
14.9243,1.12094
14.9258,1.12096
14.9273,1.12098
14.9288,1.121
14.9303,1.12102
14.9318,1.12104
14.9333,1.12106
14.9348,1.12107
14.9363,1.12109
14.9378,1.12111
14.9393,1.12113
14.9408,1.12115
14.9423,1.12117
14.9438,1.12119
14.9453,1.12121
14.9468,1.12122
14.9483,1.12124
14.9498,1.12126
14.9513,1.12128
14.9528,1.1213
14.9543,1.12132
14.9558,1.12133
14.9573,1.12135
14.9588,1.12137
14.9603,1.12139
14.9618,1.12141
14.9633,1.12142
14.9648,1.12144
14.9663,1.12146
14.9678,1.12147
14.9693,1.12149
14.9708,1.12151
14.9723,1.12153
14.9738,1.12154
14.9753,1.12156
14.9768,1.12158
14.9783,1.1216
14.9798,1.12161
14.9813,1.12163
14.9828,1.12165
14.9843,1.12166
14.9858,1.12168
14.9873,1.1217
14.9888,1.12171
14.9903,1.12173
14.9918,1.12175
14.9933,1.12176
14.9948,1.12178
14.9963,1.12179
14.9978,1.12181
14.9993,1.12183
15.0008,1.12184
15.0023,1.12186
15.0038,1.12187
15.0053,1.12189
15.0068,1.1219
15.0083,1.12192
15.0098,1.12194
15.0113,1.12195
15.0128,1.12197
15.0143,1.12198
15.0158,1.122
15.0173,1.12201
15.0188,1.12203
15.0203,1.12204
15.0218,1.12206
15.0233,1.12207
15.0248,1.12208
15.0263,1.1221
15.0278,1.12211
15.0293,1.12213
15.0308,1.12214
15.0323,1.12216
15.0338,1.12217
15.0353,1.12218
15.0368,1.1222
15.0383,1.12221
15.0398,1.12222
15.0413,1.12224
15.0428,1.12225
15.0443,1.12226
15.0458,1.12227
15.0473,1.12229
15.0488,1.1223
15.0503,1.12231
15.0518,1.12233
15.0533,1.12234
15.0548,1.12235
15.0563,1.12236
15.0578,1.12237
15.0593,1.12238
15.0608,1.12239
15.0623,1.1224
15.0638,1.12242
15.0653,1.12243
15.0668,1.12244
15.0683,1.12244
15.0698,1.12245
15.0713,1.12246
15.0728,1.12247
15.0743,1.12248
15.0758,1.12249
15.0773,1.1225
15.0788,1.12251
15.0803,1.12251
15.0818,1.12252
15.0833,1.12253
15.0848,1.12254
15.0863,1.12254
15.0878,1.12255
15.0893,1.12256
15.0908,1.12256
15.0923,1.12257
15.0938,1.12258
15.0953,1.12258
15.0968,1.12259
15.0983,1.12259
15.0998,1.12259
15.1013,1.1226
15.1028,1.1226
15.1043,1.12261
15.1058,1.12261
15.1073,1.12262
15.1088,1.12262
15.1103,1.12262
15.1118,1.12262
15.1133,1.12263
15.1148,1.12263
15.1163,1.12263
15.1178,1.12264
15.1193,1.12264
15.1208,1.12264
15.1223,1.12264
15.1238,1.12265
15.1253,1.12265
15.1268,1.12265
15.1283,1.12265
15.1298,1.12265
15.1313,1.12266
15.1328,1.12266
15.1343,1.12266
15.1358,1.12266
15.1373,1.12266
15.1388,1.12267
15.1403,1.12267
15.1418,1.12267
15.1433,1.12267
15.1448,1.12267
15.1463,1.12267
15.1478,1.12268
15.1493,1.12268
15.1508,1.12268
15.1523,1.12268
15.1538,1.12268
15.1553,1.12268
15.1568,1.12268
15.1583,1.12268
15.1598,1.12268
15.1613,1.12269
15.1628,1.12269
15.1643,1.12269
15.1658,1.12269
15.1673,1.12269
15.1688,1.12269
15.1703,1.12269
15.1718,1.12269
15.1733,1.12269
15.1748,1.12269
15.1763,1.12269
15.1778,1.12269
15.1793,1.12269
15.1808,1.12269
15.1823,1.1227
15.1838,1.1227
15.1853,1.1227
15.1868,1.1227
15.1883,1.1227
15.1898,1.1227
15.1913,1.1227
15.1928,1.1227
15.1943,1.1227
15.1958,1.12269
15.1973,1.1227
15.1988,1.1227
15.2003,1.1227
15.2018,1.1227
15.2033,1.12269
15.2048,1.1227
15.2063,1.12269
15.2078,1.1227
15.2093,1.12269
15.2108,1.12269
15.2123,1.12269
15.2138,1.12269
15.2153,1.12269
15.2168,1.12269
15.2183,1.12269
15.2198,1.12269
15.2213,1.12269
15.2228,1.12268
15.2243,1.12268
15.2258,1.12268
15.2273,1.12268
15.2288,1.12268
15.2303,1.12268
15.2318,1.12268
15.2333,1.12267
15.2348,1.12267
15.2363,1.12267
15.2378,1.12267
15.2393,1.12267
15.2408,1.12267
15.2423,1.12266
15.2438,1.12266
15.2453,1.12266
15.2468,1.12266
15.2483,1.12266
15.2498,1.12266
15.2513,1.12265
15.2528,1.12265
15.2543,1.12265
15.2558,1.12265
15.2573,1.12265
15.2588,1.12264
15.2603,1.12264
15.2618,1.12264
15.2633,1.12264
15.2648,1.12264
15.2663,1.12264
15.2678,1.12263
15.2693,1.12263
15.2708,1.12263
15.2723,1.12263
15.2738,1.12263
15.2753,1.12263
15.2768,1.12262
15.2783,1.12262
15.2798,1.12262
15.2813,1.12262
15.2828,1.12262
15.2843,1.12261
15.2858,1.12261
15.2873,1.12261
15.2888,1.12261
15.2903,1.12261
15.2918,1.12261
15.2933,1.12261
15.2948,1.12261
15.2963,1.12261
15.2978,1.1226
15.2993,1.1226
15.3008,1.1226
15.3023,1.1226
15.3038,1.1226
15.3053,1.1226
15.3068,1.1226
15.3083,1.1226
15.3098,1.1226
15.3113,1.12259
15.3128,1.12259
15.3143,1.12259
15.3158,1.12259
15.3173,1.12259
15.3188,1.12259
15.3203,1.12259
15.3218,1.12259
15.3233,1.12259
15.3248,1.12259
15.3263,1.12259
15.3278,1.12259
15.3293,1.12258
15.3308,1.12258
15.3323,1.12258
15.3338,1.12258
15.3353,1.12258
15.3368,1.12258
15.3383,1.12258
15.3398,1.12257
15.3413,1.12257
15.3428,1.12257
15.3443,1.12257
15.3458,1.12257
15.3473,1.12256
15.3488,1.12256
15.3503,1.12256
15.3518,1.12256
15.3533,1.12255
15.3548,1.12255
15.3563,1.12255
15.3578,1.12254
15.3593,1.12254
15.3608,1.12254
15.3623,1.12253
15.3638,1.12253
15.3653,1.12252
15.3668,1.12252
15.3684,1.12252
15.3699,1.12251
15.3714,1.12251
15.3729,1.1225
15.3744,1.12249
15.3759,1.12249
15.3774,1.12248
15.3789,1.12247
15.3804,1.12247
15.3819,1.12246
15.3834,1.12245
15.3849,1.12244
15.3864,1.12244
15.3879,1.12243
15.3894,1.12242
15.3909,1.12241
15.3924,1.1224
15.3939,1.12239
15.3954,1.12238
15.3969,1.12237
15.3984,1.12236
15.3999,1.12235
15.4014,1.12233
15.4029,1.12232
15.4044,1.12231
15.4059,1.1223
15.4074,1.12228
15.4089,1.12227
15.4104,1.12226
15.4119,1.12224
15.4134,1.12223
15.4149,1.12221
15.4164,1.1222
15.4179,1.12218
15.4194,1.12217
15.4209,1.12215
15.4224,1.12213
15.4239,1.12212
15.4254,1.1221
15.4269,1.12208
15.4284,1.12206
15.4299,1.12205
15.4314,1.12203
15.4329,1.12201
15.4344,1.12199
15.4359,1.12197
15.4374,1.12195
15.4389,1.12193
15.4404,1.12191
15.4419,1.12189
15.4434,1.12187
15.4449,1.12185
15.4464,1.12183
15.4479,1.12181
15.4494,1.12179
15.4509,1.12177
15.4524,1.12175
15.4539,1.12173
15.4554,1.12171
15.4569,1.12168
15.4584,1.12166
15.4599,1.12164
15.4614,1.12162
15.4629,1.12159
15.4644,1.12157
15.4659,1.12155
15.4674,1.12152
15.4689,1.1215
15.4704,1.12148
15.4719,1.12145
15.4734,1.12143
15.4749,1.1214
15.4764,1.12138
15.4779,1.12136
15.4794,1.12133
15.4809,1.12131
15.4824,1.12128
15.4839,1.12126
15.4854,1.12123
15.4869,1.12121
15.4884,1.12118
15.4899,1.12116
15.4914,1.12113
15.4929,1.12111
15.4944,1.12108
15.4959,1.12106
15.4974,1.12103
15.4989,1.12101
15.5004,1.12098
15.5019,1.12095
15.5034,1.12093
15.5049,1.1209
15.5064,1.12088
15.5079,1.12085
15.5094,1.12082
15.5109,1.1208
15.5124,1.12077
15.5139,1.12075
15.5154,1.12072
15.5169,1.12069
15.5184,1.12067
15.5199,1.12064
15.5214,1.12061
15.5229,1.12059
15.5244,1.12056
15.5259,1.12053
15.5274,1.12051
15.5289,1.12048
15.5304,1.12045
15.5319,1.12043
15.5334,1.1204
15.5349,1.12038
15.5364,1.12035
15.5379,1.12032
15.5394,1.1203
15.5409,1.12027
15.5424,1.12024
15.5439,1.12022
15.5454,1.12019
15.5469,1.12016
15.5484,1.12014
15.5499,1.12011
15.5514,1.12008
15.5529,1.12006
15.5544,1.12003
15.5559,1.12
15.5574,1.11998
15.5589,1.11995
15.5604,1.11992
15.5619,1.1199
15.5634,1.11987
15.5649,1.11984
15.5664,1.11982
15.5679,1.11979
15.5694,1.11976
15.5709,1.11974
15.5724,1.11971
15.5739,1.11968
15.5754,1.11966
15.5769,1.11963
15.5784,1.1196
15.5799,1.11958
15.5814,1.11955
15.5829,1.11952
15.5844,1.1195
15.5859,1.11947
15.5874,1.11944
15.5889,1.11942
15.5904,1.11939
15.5919,1.11936
15.5934,1.11934
15.5949,1.11931
15.5964,1.11928
15.5979,1.11926
15.5994,1.11923
15.6009,1.11921
15.6024,1.11918
15.6039,1.11915
15.6054,1.11913
15.6069,1.1191
15.6084,1.11908
15.6099,1.11905
15.6114,1.11902
15.6129,1.119
15.6144,1.11897
15.6159,1.11894
15.6174,1.11892
15.6189,1.11889
15.6204,1.11887
15.6219,1.11884
15.6234,1.11882
15.6249,1.11879
15.6264,1.11877
15.6279,1.11874
15.6294,1.11872
15.6309,1.11869
15.6324,1.11867
15.6339,1.11865
15.6354,1.11862
15.6369,1.1186
15.6384,1.11857
15.6399,1.11855
15.6414,1.11853
15.6429,1.1185
15.6444,1.11848
15.6459,1.11846
15.6474,1.11843
15.6489,1.11841
15.6504,1.11839
15.6519,1.11836
15.6534,1.11834
15.6549,1.11832
15.6564,1.1183
15.6579,1.11827
15.6594,1.11825
15.6609,1.11823
15.6624,1.11821
15.6639,1.11819
15.6654,1.11817
15.6669,1.11815
15.6684,1.11813
15.6699,1.1181
15.6714,1.11809
15.6729,1.11807
15.6744,1.11805
15.6759,1.11803
15.6774,1.11801
15.6789,1.11799
15.6804,1.11797
15.6819,1.11795
15.6834,1.11793
15.6849,1.11792
15.6864,1.1179
15.6879,1.11788
15.6894,1.11786
15.6909,1.11785
15.6924,1.11783
15.6939,1.11781
15.6954,1.1178
15.6969,1.11778
15.6984,1.11776
15.6999,1.11775
15.7014,1.11773
15.7029,1.11772
15.7044,1.1177
15.7059,1.11769
15.7074,1.11767
15.7089,1.11766
15.7104,1.11764
15.7119,1.11763
15.7134,1.11761
15.7149,1.1176
15.7164,1.11758
15.7179,1.11757
15.7194,1.11756
15.7209,1.11754
15.7224,1.11753
15.7239,1.11752
15.7254,1.1175
15.7269,1.11749
15.7284,1.11748
15.7299,1.11746
15.7314,1.11745
15.7329,1.11744
15.7344,1.11742
15.7359,1.11741
15.7374,1.1174
15.7389,1.11739
15.7404,1.11738
15.7419,1.11737
15.7434,1.11735
15.7449,1.11734
15.7464,1.11733
15.7479,1.11732
15.7494,1.11731
15.7509,1.1173
15.7524,1.11728
15.7539,1.11727
15.7554,1.11726
15.7569,1.11725
15.7584,1.11724
15.7599,1.11723
15.7614,1.11722
15.7629,1.11721
15.7644,1.1172
15.7659,1.11719
15.7674,1.11718
15.7689,1.11717
15.7704,1.11716
15.7719,1.11715
15.7734,1.11714
15.7749,1.11713
15.7764,1.11712
15.7779,1.11711
15.7794,1.1171
15.7809,1.11709
15.7824,1.11708
15.7839,1.11707
15.7854,1.11706
15.7869,1.11705
15.7884,1.11704
15.7899,1.11703
15.7914,1.11702
15.7929,1.11701
15.7944,1.117
15.7959,1.11699
15.7974,1.11698
15.7989,1.11698
15.8004,1.11697
15.8019,1.11696
15.8034,1.11695
15.8049,1.11694
15.8064,1.11693
15.8079,1.11692
15.8094,1.11691
15.8109,1.1169
15.8124,1.11689
15.8139,1.11688
15.8154,1.11687
15.8169,1.11687
15.8184,1.11686
15.8199,1.11685
15.8214,1.11684
15.8229,1.11683
15.8244,1.11682
15.8259,1.11681
15.8274,1.1168
15.8289,1.11679
15.8304,1.11678
15.8319,1.11677
15.8334,1.11676
15.8349,1.11675
15.8364,1.11674
15.8379,1.11673
15.8394,1.11672
15.8409,1.11671
15.8424,1.1167
15.8439,1.11669
15.8454,1.11668
15.8469,1.11667
15.8484,1.11666
15.8499,1.11665
15.8514,1.11665
15.8529,1.11664
15.8544,1.11663
15.8559,1.11662
15.8574,1.11661
15.8589,1.1166
15.8604,1.11659
15.8619,1.11658
15.8634,1.11657
15.8649,1.11656
15.8664,1.11655
15.8679,1.11654
15.8694,1.11653
15.8709,1.11652
15.8724,1.11651
15.8739,1.1165
15.8754,1.11649
15.8769,1.11648
15.8784,1.11647
15.8799,1.11646
15.8814,1.11646
15.8829,1.11645
15.8844,1.11644
15.8859,1.11643
15.8874,1.11642
15.8889,1.11641
15.8904,1.11641
15.8919,1.1164
15.8934,1.11639
15.8949,1.11638
15.8964,1.11638
15.8979,1.11637
15.8994,1.11637
15.9009,1.11636
15.9024,1.11635
15.9039,1.11635
15.9054,1.11634
15.9069,1.11634
15.9084,1.11633
15.9099,1.11633
15.9114,1.11633
15.9129,1.11632
15.9144,1.11632
15.9159,1.11632
15.9174,1.11631
15.9189,1.11631
15.9204,1.11631
15.9219,1.11631
15.9234,1.11631
15.9249,1.11631
15.9264,1.1163
15.9279,1.1163
15.9294,1.1163
15.9309,1.1163
15.9324,1.1163
15.9339,1.1163
15.9354,1.1163
15.9369,1.1163
15.9384,1.1163
15.9399,1.1163
15.9414,1.1163
15.9429,1.1163
15.9444,1.1163
15.9459,1.1163
15.9474,1.11631
15.9489,1.11631
15.9504,1.11631
15.9519,1.11631
15.9534,1.11631
15.9549,1.11631
15.9564,1.11631
15.9579,1.11631
15.9594,1.11631
15.9609,1.1163
15.9624,1.1163
15.9639,1.1163
15.9654,1.1163
15.9669,1.1163
15.9684,1.11629
15.9699,1.11629
15.9714,1.11629
15.9729,1.11629
15.9744,1.11628
15.9759,1.11628
15.9774,1.11627
15.9789,1.11627
15.9804,1.11626
15.9819,1.11626
15.9834,1.11625
15.9849,1.11625
15.9864,1.11624
15.9879,1.11623
15.9894,1.11622
15.9909,1.11622
15.9924,1.11621
15.9939,1.1162
15.9954,1.11619
15.9969,1.11618
15.9984,1.11617
15.9999,1.11616
16.0014,1.11615
16.0029,1.11614
16.0044,1.11613
16.0059,1.11612
16.0074,1.11611
16.0089,1.1161
16.0104,1.11609
16.0119,1.11608
16.0134,1.11606
16.0149,1.11605
16.0164,1.11604
16.0179,1.11603
16.0194,1.11601
16.0209,1.116
16.0224,1.11599
16.0239,1.11597
16.0254,1.11596
16.0269,1.11594
16.0284,1.11593
16.0299,1.11591
16.0314,1.1159
16.0329,1.11588
16.0344,1.11586
16.0359,1.11585
16.0374,1.11583
16.0389,1.11581
16.0404,1.1158
16.0419,1.11578
16.0434,1.11576
16.0449,1.11574
16.0464,1.11572
16.0479,1.1157
16.0494,1.11569
16.0509,1.11567
16.0524,1.11565
16.0539,1.11563
16.0554,1.1156
16.0569,1.11559
16.0584,1.11556
16.0599,1.11554
16.0614,1.11552
16.0629,1.1155
16.0644,1.11548
16.0659,1.11546
16.0674,1.11544
16.0689,1.11541
16.0704,1.11539
16.0719,1.11537
16.0734,1.11535
16.0749,1.11532
16.0764,1.1153
16.0779,1.11528
16.0794,1.11525
16.0809,1.11523
16.0824,1.1152
16.0839,1.11518
16.0854,1.11516
16.0869,1.11513
16.0884,1.11511
16.0899,1.11508
16.0914,1.11506
16.0929,1.11503
16.0944,1.11501
16.0959,1.11498
16.0974,1.11496
16.0989,1.11493
16.1003,1.1149
16.1018,1.11488
16.1033,1.11485
16.1048,1.11483
16.1063,1.1148
16.1078,1.11477
16.1093,1.11475
16.1108,1.11472
16.1123,1.11469
16.1138,1.11466
16.1153,1.11464
16.1168,1.11461
16.1183,1.11458
16.1198,1.11456
16.1213,1.11453
16.1228,1.1145
16.1243,1.11447
16.1258,1.11444
16.1273,1.11442
16.1288,1.11439
16.1303,1.11436
16.1318,1.11433
16.1333,1.1143
16.1348,1.11428
16.1363,1.11425
16.1378,1.11422
16.1393,1.11419
16.1408,1.11416
16.1423,1.11413
16.1438,1.1141
16.1453,1.11407
16.1468,1.11405
16.1483,1.11402
16.1498,1.11399
16.1513,1.11396
16.1528,1.11393
16.1543,1.1139
16.1558,1.11387
16.1573,1.11384
16.1588,1.11381
16.1603,1.11378
16.1618,1.11376
16.1633,1.11373
16.1648,1.1137
16.1663,1.11367
16.1678,1.11364
16.1693,1.11361
16.1708,1.11358
16.1723,1.11355
16.1738,1.11352
16.1753,1.11349
16.1768,1.11346
16.1783,1.11343
16.1798,1.1134
16.1813,1.11337
16.1828,1.11334
16.1843,1.11331
16.1858,1.11328
16.1873,1.11325
16.1888,1.11322
16.1903,1.11319
16.1918,1.11316
16.1933,1.11313
16.1948,1.1131
16.1963,1.11307
16.1978,1.11304
16.1993,1.11301
16.2008,1.11298
16.2023,1.11295
16.2038,1.11292
16.2053,1.11289
16.2068,1.11286
16.2083,1.11283
16.2098,1.1128
16.2113,1.11277
16.2128,1.11274
16.2143,1.11271
16.2158,1.11268
16.2173,1.11264
16.2188,1.11261
16.2203,1.11258
16.2218,1.11255
16.2233,1.11252
16.2248,1.11249
16.2263,1.11246
16.2278,1.11242
16.2293,1.11239
16.2308,1.11236
16.2323,1.11233
16.2338,1.1123
16.2353,1.11226
16.2368,1.11223
16.2383,1.1122
16.2398,1.11217
16.2413,1.11214
16.2428,1.1121
16.2443,1.11207
16.2458,1.11204
16.2473,1.11201
16.2488,1.11197
16.2503,1.11194
16.2518,1.11191
16.2533,1.11188
16.2548,1.11185
16.2563,1.11181
16.2578,1.11178
16.2593,1.11175
16.2608,1.11172
16.2623,1.11168
16.2638,1.11165
16.2653,1.11162
16.2668,1.11159
16.2683,1.11156
16.2698,1.11152
16.2713,1.11149
16.2728,1.11146
16.2743,1.11143
16.2758,1.1114
16.2773,1.11137
16.2788,1.11134
16.2803,1.1113
16.2817,1.11127
16.2832,1.11124
16.2847,1.11121
16.2862,1.11119
16.2877,1.11115
16.2892,1.11113
16.2907,1.1111
16.2922,1.11107
16.2937,1.11104
16.2952,1.11101
16.2967,1.11098
16.2982,1.11095
16.2997,1.11093
16.3012,1.1109
16.3027,1.11087
16.3042,1.11084
16.3057,1.11082
16.3072,1.11079
16.3087,1.11076
16.3102,1.11074
16.3117,1.11071
16.3132,1.11069
16.3147,1.11066
16.3162,1.11064
16.3177,1.11061
16.3192,1.11059
16.3207,1.11056
16.3222,1.11054
16.3237,1.11052
16.3252,1.11049
16.3267,1.11047
16.3282,1.11045
16.3297,1.11043
16.3312,1.11041
16.3327,1.11038
16.3342,1.11036
16.3357,1.11034
16.3372,1.11032
16.3387,1.1103
16.3402,1.11028
16.3417,1.11026
16.3432,1.11024
16.3447,1.11022
16.3462,1.1102
16.3477,1.11018
16.3492,1.11016
16.3507,1.11014
16.3522,1.11013
16.3537,1.11011
16.3552,1.11009
16.3567,1.11007
16.3582,1.11006
16.3597,1.11004
16.3612,1.11002
16.3627,1.11001
16.3642,1.10999
16.3657,1.10997
16.3672,1.10996
16.3687,1.10994
16.3702,1.10993
16.3717,1.10991
16.3732,1.1099
16.3747,1.10989
16.3762,1.10987
16.3777,1.10986
16.3792,1.10984
16.3807,1.10983
16.3822,1.10982
16.3837,1.1098
16.3852,1.10979
16.3867,1.10978
16.3882,1.10977
16.3897,1.10975
16.3912,1.10974
16.3927,1.10973
16.3942,1.10972
16.3957,1.10971
16.3972,1.10969
16.3987,1.10968
16.4002,1.10967
16.4017,1.10966
16.4032,1.10965
16.4047,1.10964
16.4062,1.10963
16.4077,1.10962
16.4092,1.10961
16.4107,1.1096
16.4122,1.10959
16.4137,1.10958
16.4152,1.10957
16.4167,1.10956
16.4182,1.10955
16.4197,1.10954
16.4212,1.10953
16.4227,1.10952
16.4242,1.10951
16.4257,1.1095
16.4272,1.10949
16.4287,1.10948
16.4302,1.10947
16.4317,1.10946
16.4332,1.10946
16.4347,1.10945
16.4362,1.10944
16.4377,1.10943
16.4392,1.10942
16.4407,1.10941
16.4422,1.10941
16.4437,1.1094
16.4452,1.10939
16.4467,1.10938
16.4482,1.10937
16.4497,1.10937
16.4512,1.10936
16.4527,1.10935
16.4542,1.10934
16.4557,1.10934
16.4572,1.10933
16.4587,1.10932
16.4602,1.10932
16.4617,1.10931
16.4632,1.1093
16.4646,1.10929
16.4661,1.10929
16.4676,1.10928
16.4691,1.10928
16.4706,1.10927
16.4721,1.10926
16.4736,1.10926
16.4751,1.10925
16.4766,1.10925
16.4781,1.10924
16.4796,1.10924
16.4811,1.10923
16.4826,1.10923
16.4841,1.10922
16.4856,1.10922
16.4871,1.10921
16.4886,1.10921
16.4901,1.10921
16.4916,1.1092
16.4931,1.1092
16.4946,1.1092
16.4961,1.10919
16.4976,1.10919
16.4991,1.10919
16.5006,1.10919
16.5021,1.10918
16.5036,1.10918
16.5051,1.10918
16.5066,1.10918
16.5081,1.10918
16.5096,1.10918
16.5111,1.10918
16.5126,1.10918
16.5141,1.10918
16.5156,1.10918
16.5171,1.10918
16.5186,1.10918
16.5201,1.10918
16.5216,1.10918
16.5231,1.10918
16.5246,1.10918
16.5261,1.10919
16.5276,1.10919
16.5291,1.10919
16.5306,1.10919
16.5321,1.1092
16.5336,1.1092
16.5351,1.1092
16.5366,1.10921
16.5381,1.10921
16.5396,1.10922
16.5411,1.10922
16.5426,1.10923
16.5441,1.10923
16.5456,1.10924
16.5471,1.10924
16.5486,1.10925
16.5501,1.10925
16.5516,1.10926
16.5531,1.10927
16.5546,1.10927
16.5561,1.10928
16.5576,1.10929
16.5591,1.10929
16.5606,1.1093
16.5621,1.10931
16.5636,1.10932
16.5651,1.10933
16.5666,1.10934
16.5681,1.10934
16.5696,1.10935
16.5711,1.10936
16.5726,1.10937
16.5741,1.10938
16.5756,1.10939
16.5771,1.1094
16.5786,1.10941
16.5801,1.10942
16.5816,1.10943
16.5831,1.10944
16.5846,1.10945
16.5861,1.10946
16.5876,1.10947
16.5891,1.10948
16.5906,1.1095
16.5921,1.10951
16.5936,1.10952
16.5951,1.10953
16.5966,1.10954
16.5981,1.10955
16.5996,1.10957
16.6011,1.10958
16.6026,1.10959
16.6041,1.1096
16.6056,1.10961
16.6071,1.10963
16.6086,1.10964
16.6101,1.10965
16.6116,1.10966
16.6131,1.10968
16.6146,1.10969
16.6161,1.1097
16.6176,1.10972
16.6191,1.10973
16.6206,1.10974
16.6221,1.10976
16.6236,1.10977
16.6251,1.10978
16.6266,1.1098
16.6281,1.10981
16.6296,1.10982
16.6311,1.10984
16.6326,1.10985
16.6341,1.10987
16.6356,1.10988
16.6371,1.10989
16.6386,1.10991
16.6401,1.10992
16.6416,1.10993
16.6431,1.10995
16.6446,1.10996
16.646,1.10998
16.6475,1.10999
16.649,1.11001
16.6505,1.11002
16.652,1.11003
16.6535,1.11005
16.655,1.11006
16.6565,1.11008
16.658,1.11009
16.6595,1.1101
16.661,1.11012
16.6625,1.11013
16.664,1.11015
16.6655,1.11016
16.667,1.11018
16.6685,1.11019
16.67,1.11021
16.6715,1.11022
16.673,1.11023
16.6745,1.11025
16.676,1.11026
16.6775,1.11028
16.679,1.11029
16.6805,1.1103
16.682,1.11032
16.6835,1.11033
16.685,1.11034
16.6865,1.11036
16.688,1.11037
16.6895,1.11039
16.691,1.1104
16.6925,1.11041
16.694,1.11043
16.6955,1.11044
16.697,1.11045
16.6985,1.11046
16.7,1.11048
16.7015,1.11049
16.703,1.1105
16.7045,1.11052
16.706,1.11053
16.7075,1.11054
16.709,1.11056
16.7105,1.11057
16.712,1.11058
16.7135,1.11059
16.715,1.11061
16.7165,1.11062
16.718,1.11063
16.7195,1.11064
16.721,1.11066
16.7225,1.11067
16.724,1.11068
16.7255,1.11069
16.727,1.11071
16.7285,1.11072
16.73,1.11073
16.7315,1.11074
16.733,1.11076
16.7345,1.11077
16.736,1.11078
16.7375,1.1108
16.739,1.11081
16.7405,1.11082
16.742,1.11084
16.7435,1.11085
16.745,1.11086
16.7465,1.11088
16.748,1.11089
16.7495,1.1109
16.751,1.11092
16.7525,1.11093
16.754,1.11095
16.7555,1.11096
16.757,1.11097
16.7585,1.11099
16.76,1.111
16.7615,1.11102
16.763,1.11103
16.7645,1.11105
16.766,1.11106
16.7675,1.11108
16.769,1.1111
16.7705,1.11111
16.772,1.11113
16.7735,1.11115
16.775,1.11116
16.7765,1.11118
16.778,1.11119
16.7795,1.11121
16.781,1.11123
16.7825,1.11125
16.784,1.11126
16.7855,1.11128
16.787,1.1113
16.7885,1.11132
16.79,1.11134
16.7915,1.11136
16.793,1.11138
16.7945,1.1114
16.796,1.11142
16.7975,1.11144
16.799,1.11146
16.8005,1.11148
16.802,1.1115
16.8035,1.11152
16.805,1.11154
16.8065,1.11156
16.808,1.11158
16.8095,1.1116
16.811,1.11163
16.8125,1.11165
16.814,1.11167
16.8155,1.11169
16.817,1.11171
16.8185,1.11174
16.82,1.11176
16.8215,1.11178
16.823,1.11181
16.8245,1.11183
16.826,1.11186
16.8274,1.11188
16.8289,1.1119
16.8304,1.11193
16.8319,1.11195
16.8334,1.11197
16.8349,1.112
16.8364,1.11202
16.8379,1.11205
16.8394,1.11207
16.8409,1.1121
16.8424,1.11213
16.8439,1.11215
16.8454,1.11218
16.8469,1.1122
16.8484,1.11223
16.8499,1.11226
16.8514,1.11228
16.8529,1.11231
16.8544,1.11234
16.8559,1.11237
16.8574,1.1124
16.8589,1.11242
16.8604,1.11245
16.8619,1.11248
16.8634,1.11251
16.8649,1.11254
16.8664,1.11257
16.8679,1.11261
16.8694,1.11264
16.8709,1.11267
16.8724,1.1127
16.8739,1.11273
16.8754,1.11277
16.8769,1.1128
16.8784,1.11283
16.8799,1.11287
16.8814,1.1129
16.8829,1.11294
16.8844,1.11297
16.8859,1.11301
16.8874,1.11304
16.8889,1.11308
16.8904,1.11312
16.8919,1.11316
16.8934,1.1132
16.8949,1.11324
16.8964,1.11327
16.8979,1.11331
16.8994,1.11336
16.9009,1.11339
16.9024,1.11343
16.9039,1.11348
16.9054,1.11352
16.9069,1.11356
16.9084,1.1136
16.9099,1.11364
16.9114,1.11368
16.9129,1.11372
16.9144,1.11376
16.9159,1.11381
16.9174,1.11385
16.9189,1.11389
16.9204,1.11393
16.9219,1.11397
16.9234,1.11402
16.9249,1.11406
16.9264,1.1141
16.9279,1.11414
16.9294,1.11418
16.9309,1.11422
16.9324,1.11426
16.9339,1.1143
16.9354,1.11434
16.9369,1.11438
16.9384,1.11442
16.9399,1.11446
16.9414,1.11449
16.9429,1.11453
16.9444,1.11457
16.9459,1.1146
16.9474,1.11464
16.9489,1.11468
16.9504,1.11471
16.9519,1.11475
16.9534,1.11478
16.9549,1.11481
16.9564,1.11485
16.9579,1.11488
16.9594,1.11491
16.9609,1.11494
16.9624,1.11498
16.9639,1.11501
16.9654,1.11504
16.9669,1.11507
16.9684,1.1151
16.9699,1.11513
16.9714,1.11516
16.9729,1.11519
16.9744,1.11521
16.9759,1.11524
16.9774,1.11527
16.9789,1.1153
16.9804,1.11532
16.9819,1.11535
16.9834,1.11538
16.9849,1.1154
16.9864,1.11543
16.9879,1.11546
16.9894,1.11548
16.9909,1.11551
16.9924,1.11553
16.9939,1.11556
16.9954,1.11558
16.9969,1.11561
16.9984,1.11563
16.9999,1.11566
17.0014,1.11568
17.0029,1.11571
17.0044,1.11573
17.0059,1.11575
17.0074,1.11578
17.0089,1.1158
17.0103,1.11582
17.0118,1.11585
17.0133,1.11587
17.0148,1.11589
17.0163,1.11592
17.0178,1.11594
17.0193,1.11596
17.0208,1.11598
17.0223,1.116
17.0238,1.11603
17.0253,1.11605
17.0268,1.11607
17.0283,1.11609
17.0298,1.11611
17.0313,1.11613
17.0328,1.11615
17.0343,1.11617
17.0358,1.11619
17.0373,1.11621
17.0388,1.11623
17.0403,1.11626
17.0418,1.11628
17.0433,1.11629
17.0448,1.11631
17.0463,1.11633
17.0478,1.11635
17.0493,1.11637
17.0508,1.11639
17.0523,1.11641
17.0538,1.11643
17.0553,1.11645
17.0568,1.11646
17.0583,1.11648
17.0598,1.1165
17.0613,1.11652
17.0628,1.11654
17.0643,1.11655
17.0658,1.11657
17.0673,1.11659
17.0688,1.11661
17.0703,1.11662
17.0718,1.11664
17.0733,1.11666
17.0748,1.11667
17.0763,1.11669
17.0778,1.11671
17.0793,1.11672
17.0808,1.11674
17.0823,1.11676
17.0838,1.11677
17.0853,1.11679
17.0868,1.11681
17.0883,1.11682
17.0898,1.11684
17.0913,1.11685
17.0928,1.11687
17.0943,1.11689
17.0958,1.1169
17.0973,1.11692
17.0988,1.11693
17.1003,1.11695
17.1018,1.11696
17.1033,1.11698
17.1048,1.117
17.1063,1.11701
17.1078,1.11703
17.1093,1.11704
17.1108,1.11706
17.1123,1.11707
17.1138,1.11709
17.1153,1.1171
17.1168,1.11712
17.1183,1.11713
17.1198,1.11715
17.1213,1.11717
17.1228,1.11718
17.1243,1.1172
17.1258,1.11721
17.1273,1.11723
17.1288,1.11724
17.1303,1.11726
17.1318,1.11728
17.1333,1.11729
17.1348,1.11731
17.1363,1.11732
17.1378,1.11734
17.1393,1.11736
17.1408,1.11737
17.1423,1.11739
17.1438,1.1174
17.1453,1.11742
17.1468,1.11743
17.1483,1.11745
17.1498,1.11747
17.1513,1.11748
17.1528,1.1175
17.1543,1.11751
17.1558,1.11753
17.1573,1.11755
17.1588,1.11756
17.1603,1.11758
17.1618,1.1176
17.1633,1.11761
17.1648,1.11763
17.1663,1.11764
17.1678,1.11766
17.1693,1.11768
17.1708,1.11769
17.1723,1.11771
17.1738,1.11773
17.1753,1.11774
17.1768,1.11776
17.1783,1.11778
17.1798,1.11779
17.1813,1.11781
17.1828,1.11783
17.1843,1.11784
17.1858,1.11786
17.1873,1.11788
17.1888,1.11789
17.1903,1.11791
17.1917,1.11793
17.1932,1.11794
17.1947,1.11796
17.1962,1.11798
17.1977,1.11799
17.1992,1.11801
17.2007,1.11803
17.2022,1.11804
17.2037,1.11806
17.2052,1.11808
17.2067,1.11809
17.2082,1.11811
17.2097,1.11812
17.2112,1.11814
17.2127,1.11816
17.2142,1.11817
17.2157,1.11819
17.2172,1.11821
17.2187,1.11822
17.2202,1.11824
17.2217,1.11825
17.2232,1.11827
17.2247,1.11829
17.2262,1.1183
17.2277,1.11832
17.2292,1.11834
17.2307,1.11835
17.2322,1.11837
17.2337,1.11839
17.2352,1.1184
17.2367,1.11842
17.2382,1.11843
17.2397,1.11845
17.2412,1.11847
17.2427,1.11848
17.2442,1.1185
17.2457,1.11852
17.2472,1.11853
17.2487,1.11855
17.2502,1.11856
17.2517,1.11858
17.2532,1.1186
17.2547,1.11861
17.2562,1.11863
17.2577,1.11864
17.2592,1.11866
17.2607,1.11867
17.2622,1.11869
17.2637,1.11871
17.2652,1.11872
17.2667,1.11874
17.2682,1.11875
17.2697,1.11876
17.2712,1.11878
17.2727,1.1188
17.2742,1.11881
17.2757,1.11882
17.2772,1.11884
17.2787,1.11885
17.2802,1.11887
17.2817,1.11888
17.2832,1.1189
17.2847,1.11891
17.2862,1.11893
17.2877,1.11894
17.2892,1.11896
17.2907,1.11897
17.2922,1.11898
17.2937,1.119
17.2952,1.11901
17.2967,1.11903
17.2982,1.11904
17.2997,1.11905
17.3012,1.11907
17.3027,1.11908
17.3042,1.1191
17.3057,1.11911
17.3072,1.11913
17.3087,1.11914
17.3102,1.11916
17.3117,1.11917
17.3132,1.11919
17.3147,1.1192
17.3162,1.11922
17.3177,1.11923
17.3192,1.11925
17.3207,1.11926
17.3222,1.11928
17.3237,1.11929
17.3252,1.11931
17.3267,1.11932
17.3282,1.11934
17.3297,1.11935
17.3312,1.11937
17.3327,1.11939
17.3342,1.11941
17.3357,1.11942
17.3372,1.11944
17.3387,1.11946
17.3402,1.11948
17.3417,1.1195
17.3432,1.11952
17.3447,1.11953
17.3462,1.11956
17.3477,1.11958
17.3492,1.1196
17.3507,1.11962
17.3522,1.11964
17.3537,1.11966
17.3552,1.11969
17.3567,1.11971
17.3582,1.11973
17.3597,1.11976
17.3612,1.11978
17.3627,1.11981
17.3642,1.11984
17.3657,1.11986
17.3672,1.11989
17.3687,1.11992
17.3702,1.11995
17.3717,1.11997
17.3731,1.12
17.3746,1.12003
17.3761,1.12006
17.3776,1.12009
17.3791,1.12012
17.3806,1.12015
17.3821,1.12018
17.3836,1.12022
17.3851,1.12025
17.3866,1.12028
17.3881,1.12031
17.3896,1.12034
17.3911,1.12037
17.3926,1.12041
17.3941,1.12044
17.3956,1.12047
17.3971,1.1205
17.3986,1.12054
17.4001,1.12057
17.4016,1.1206
17.4031,1.12063
17.4046,1.12066
17.4061,1.1207
17.4076,1.12073
17.4091,1.12076
17.4106,1.12079
17.4121,1.12082
17.4136,1.12085
17.4151,1.12088
17.4166,1.12091
17.4181,1.12094
17.4196,1.12097
17.4211,1.121
17.4226,1.12103
17.4241,1.12106
17.4256,1.12109
17.4271,1.12111
17.4286,1.12114
17.4301,1.12117
17.4316,1.12119
17.4331,1.12122
17.4346,1.12125
17.4361,1.12127
17.4376,1.1213
17.4391,1.12132
17.4406,1.12135
17.4421,1.12137
17.4436,1.12139
17.4451,1.12141
17.4466,1.12144
17.4481,1.12146
17.4496,1.12148
17.4511,1.1215
17.4526,1.12152
17.4541,1.12154
17.4556,1.12156
17.4571,1.12158
17.4586,1.1216
17.4601,1.12162
17.4616,1.12163
17.4631,1.12165
17.4646,1.12167
17.4661,1.12169
17.4676,1.1217
17.4691,1.12172
17.4706,1.12173
17.4721,1.12175
17.4736,1.12177
17.4751,1.12178
17.4766,1.12179
17.4781,1.12181
17.4796,1.12182
17.4811,1.12183
17.4826,1.12185
17.4841,1.12186
17.4856,1.12187
17.4871,1.12188
17.4886,1.12189
17.4901,1.1219
17.4916,1.12191
17.4931,1.12192
17.4946,1.12192
17.4961,1.12193
17.4976,1.12194
17.4991,1.12194
17.5006,1.12195
17.5021,1.12195
17.5036,1.12195
17.5051,1.12196
17.5066,1.12196
17.5081,1.12196
17.5096,1.12196
17.5111,1.12196
17.5126,1.12196
17.5141,1.12196
17.5156,1.12196
17.5171,1.12196
17.5186,1.12196
17.5201,1.12196
17.5216,1.12195
17.5231,1.12195
17.5246,1.12194
17.5261,1.12194
17.5276,1.12193
17.5291,1.12193
17.5306,1.12192
17.5321,1.12192
17.5336,1.12191
17.5351,1.1219
17.5366,1.1219
17.5381,1.12189
17.5396,1.12188
17.5411,1.12187
17.5426,1.12187
17.5441,1.12186
17.5456,1.12185
17.5471,1.12184
17.5486,1.12183
17.5501,1.12183
17.5516,1.12182
17.5531,1.12181
17.5546,1.1218
17.556,1.12179
17.5575,1.12179
17.559,1.12178
17.5605,1.12177
17.562,1.12176
17.5635,1.12175
17.565,1.12175
17.5665,1.12174
17.568,1.12173
17.5695,1.12172
17.571,1.12172
17.5725,1.12171
17.574,1.12171
17.5755,1.1217
17.577,1.12169
17.5785,1.12169
17.58,1.12168
17.5815,1.12168
17.583,1.12167
17.5845,1.12166
17.586,1.12166
17.5875,1.12166
17.589,1.12165
17.5905,1.12165
17.592,1.12165
17.5935,1.12164
17.595,1.12164
17.5965,1.12164
17.598,1.12163
17.5995,1.12163
17.601,1.12163
17.6025,1.12163
17.604,1.12162
17.6055,1.12162
17.607,1.12162
17.6085,1.12162
17.61,1.12162
17.6115,1.12162
17.613,1.12162
17.6145,1.12161
17.616,1.12161
17.6175,1.12161
17.619,1.12161
17.6205,1.12161
17.622,1.12161
17.6235,1.12161
17.625,1.12161
17.6265,1.12161
17.628,1.12161
17.6295,1.12161
17.631,1.12161
17.6325,1.12161
17.634,1.12162
17.6355,1.12162
17.637,1.12162
17.6385,1.12162
17.64,1.12162
17.6415,1.12162
17.643,1.12162
17.6445,1.12162
17.646,1.12162
17.6475,1.12162
17.649,1.12162
17.6505,1.12163
17.652,1.12163
17.6535,1.12163
17.655,1.12163
17.6565,1.12163
17.658,1.12163
17.6595,1.12164
17.661,1.12164
17.6625,1.12164
17.664,1.12164
17.6655,1.12164
17.667,1.12164
17.6685,1.12164
17.67,1.12164
17.6715,1.12164
17.673,1.12165
17.6745,1.12165
17.676,1.12165
17.6775,1.12165
17.679,1.12165
17.6805,1.12165
17.682,1.12166
17.6835,1.12166
17.685,1.12166
17.6865,1.12166
17.688,1.12166
17.6895,1.12166
17.691,1.12167
17.6925,1.12167
17.694,1.12167
17.6955,1.12167
17.697,1.12167
17.6985,1.12167
17.7,1.12167
17.7015,1.12167
17.703,1.12168
17.7045,1.12168
17.706,1.12168
17.7075,1.12168
17.709,1.12168
17.7105,1.12168
17.712,1.12168
17.7135,1.12169
17.715,1.12169
17.7165,1.12169
17.718,1.12169
17.7195,1.12169
17.721,1.12169
17.7225,1.12169
17.724,1.12169
17.7255,1.1217
17.727,1.1217
17.7285,1.1217
17.73,1.1217
17.7315,1.1217
17.733,1.1217
17.7345,1.1217
17.736,1.12171
17.7374,1.12171
17.7389,1.12171
17.7404,1.12171
17.7419,1.12171
17.7434,1.12172
17.7449,1.12172
17.7464,1.12172
17.7479,1.12172
17.7494,1.12172
17.7509,1.12172
17.7524,1.12173
17.7539,1.12173
17.7554,1.12173
17.7569,1.12174
17.7584,1.12174
17.7599,1.12174
17.7614,1.12174
17.7629,1.12175
17.7644,1.12175
17.7659,1.12175
17.7674,1.12175
17.7689,1.12176
17.7704,1.12176
17.7719,1.12177
17.7734,1.12177
17.7749,1.12177
17.7764,1.12178
17.7779,1.12178
17.7794,1.12178
17.7809,1.12179
17.7824,1.12179
17.7839,1.1218
17.7854,1.1218
17.7869,1.12181
17.7884,1.12181
17.7899,1.12182
17.7914,1.12182
17.7929,1.12183
17.7944,1.12184
17.7959,1.12184
17.7974,1.12185
17.7989,1.12185
17.8004,1.12186
17.8019,1.12187
17.8034,1.12187
17.8049,1.12188
17.8064,1.12189
17.8079,1.1219
17.8094,1.1219
17.8109,1.12191
17.8124,1.12192
17.8139,1.12193
17.8154,1.12194
17.8169,1.12195
17.8184,1.12196
17.8199,1.12197
17.8214,1.12197
17.8229,1.12198
17.8244,1.12199
17.8259,1.122
17.8274,1.12201
17.8289,1.12202
17.8304,1.12204
17.8319,1.12205
17.8334,1.12206
17.8349,1.12207
17.8364,1.12208
17.8379,1.12209
17.8394,1.1221
17.8409,1.12211
17.8424,1.12213
17.8439,1.12214
17.8454,1.12215
17.8469,1.12216
17.8484,1.12218
17.8499,1.12219
17.8514,1.1222
17.8529,1.12221
17.8544,1.12223
17.8559,1.12224
17.8574,1.12225
17.8589,1.12227
17.8604,1.12228
17.8619,1.1223
17.8634,1.12231
17.8649,1.12233
17.8664,1.12234
17.8679,1.12235
17.8694,1.12237
17.8709,1.12238
17.8724,1.1224
17.8739,1.12242
17.8754,1.12243
17.8769,1.12244
17.8784,1.12246
17.8799,1.12248
17.8814,1.12249
17.8829,1.12251
17.8844,1.12252
17.8859,1.12254
17.8874,1.12256
17.8889,1.12257
17.8904,1.12259
17.8919,1.1226
17.8934,1.12262
17.8949,1.12264
17.8964,1.12265
17.8979,1.12267
17.8994,1.12268
17.9009,1.1227
17.9024,1.12272
17.9039,1.12273
17.9054,1.12275
17.9069,1.12276
17.9084,1.12278
17.9099,1.12279
17.9114,1.12281
17.9129,1.12282
17.9144,1.12284
17.9159,1.12285
17.9174,1.12287
17.9188,1.12288
17.9203,1.1229
17.9218,1.12291
17.9233,1.12293
17.9248,1.12294
17.9263,1.12295
17.9278,1.12297
17.9293,1.12298
17.9308,1.12299
17.9323,1.12301
17.9338,1.12302
17.9353,1.12303
17.9368,1.12304
17.9383,1.12305
17.9398,1.12307
17.9413,1.12308
17.9428,1.12309
17.9443,1.1231
17.9458,1.12311
17.9473,1.12312
17.9488,1.12313
17.9503,1.12314
17.9518,1.12315
17.9533,1.12316
17.9548,1.12317
17.9563,1.12318
17.9578,1.12318
17.9593,1.12319
17.9608,1.1232
17.9623,1.12321
17.9638,1.12321
17.9653,1.12322
17.9668,1.12323
17.9683,1.12323
17.9698,1.12324
17.9713,1.12324
17.9728,1.12325
17.9743,1.12325
17.9758,1.12326
17.9773,1.12326
17.9788,1.12327
17.9803,1.12327
17.9818,1.12328
17.9833,1.12328
17.9848,1.12329
17.9863,1.12329
17.9878,1.12329
17.9893,1.1233
17.9908,1.1233
17.9923,1.12331
17.9938,1.12331
17.9953,1.12331
17.9968,1.12331
17.9983,1.12332
17.9998,1.12332
18.0013,1.12332
18.0028,1.12332
18.0043,1.12333
18.0058,1.12333
18.0073,1.12333
18.0088,1.12333
18.0103,1.12334
18.0118,1.12334
18.0133,1.12334
18.0148,1.12334
18.0163,1.12334
18.0178,1.12334
18.0193,1.12334
18.0208,1.12334
18.0223,1.12335
18.0238,1.12335
18.0253,1.12335
18.0268,1.12335
18.0283,1.12335
18.0298,1.12335
18.0313,1.12335
18.0328,1.12335
18.0343,1.12335
18.0358,1.12334
18.0373,1.12334
18.0388,1.12334
18.0403,1.12334
18.0418,1.12334
18.0433,1.12334
18.0448,1.12334
18.0463,1.12334
18.0478,1.12333
18.0493,1.12333
18.0508,1.12333
18.0523,1.12333
18.0538,1.12333
18.0553,1.12332
18.0568,1.12332
18.0583,1.12332
18.0598,1.12332
18.0613,1.12331
18.0628,1.12331
18.0643,1.12331
18.0658,1.1233
18.0673,1.1233
18.0688,1.1233
18.0703,1.12329
18.0718,1.12329
18.0733,1.12329
18.0748,1.12328
18.0763,1.12328
18.0778,1.12328
18.0793,1.12328
18.0808,1.12327
18.0823,1.12327
18.0838,1.12326
18.0853,1.12326
18.0868,1.12326
18.0883,1.12325
18.0898,1.12325
18.0913,1.12325
18.0928,1.12324
18.0943,1.12324
18.0958,1.12323
18.0973,1.12323
18.0988,1.12323
18.1003,1.12322
18.1017,1.12322
18.1032,1.12321
18.1047,1.12321
18.1062,1.12321
18.1077,1.1232
18.1092,1.1232
18.1107,1.12319
18.1122,1.12319
18.1137,1.12318
18.1152,1.12318
18.1167,1.12317
18.1182,1.12317
18.1197,1.12316
18.1212,1.12316
18.1227,1.12316
18.1242,1.12315
18.1257,1.12315
18.1272,1.12314
18.1287,1.12314
18.1302,1.12313
18.1317,1.12313
18.1332,1.12312
18.1347,1.12312
18.1362,1.12311
18.1377,1.12311
18.1392,1.1231
18.1407,1.1231
18.1422,1.12309
18.1437,1.12309
18.1452,1.12308
18.1467,1.12307
18.1482,1.12307
18.1497,1.12306
18.1512,1.12306
18.1527,1.12305
18.1542,1.12304
18.1557,1.12304
18.1572,1.12303
18.1587,1.12302
18.1602,1.12302
18.1617,1.12301
18.1632,1.123
18.1647,1.123
18.1662,1.12299
18.1677,1.12298
18.1692,1.12297
18.1707,1.12297
18.1722,1.12296
18.1737,1.12295
18.1752,1.12294
18.1767,1.12294
18.1782,1.12293
18.1797,1.12292
18.1812,1.12291
18.1827,1.1229
18.1842,1.12289
18.1857,1.12288
18.1872,1.12288
18.1887,1.12287
18.1902,1.12286
18.1917,1.12285
18.1932,1.12284
18.1947,1.12283
18.1962,1.12282
18.1977,1.12281
18.1992,1.1228
18.2007,1.12279
18.2022,1.12278
18.2037,1.12277
18.2052,1.12276
18.2067,1.12275
18.2082,1.12274
18.2097,1.12273
18.2112,1.12271
18.2127,1.1227
18.2142,1.12269
18.2157,1.12268
18.2172,1.12267
18.2187,1.12266
18.2202,1.12264
18.2217,1.12263
18.2232,1.12262
18.2247,1.12261
18.2262,1.1226
18.2277,1.12258
18.2292,1.12257
18.2307,1.12256
18.2322,1.12255
18.2337,1.12253
18.2352,1.12252
18.2367,1.12251
18.2382,1.12249
18.2397,1.12248
18.2412,1.12247
18.2427,1.12245
18.2442,1.12244
18.2457,1.12243
18.2472,1.12241
18.2487,1.1224
18.2502,1.12238
18.2517,1.12237
18.2532,1.12236
18.2547,1.12234
18.2562,1.12233
18.2577,1.12231
18.2592,1.1223
18.2607,1.12229
18.2622,1.12227
18.2637,1.12226
18.2652,1.12224
18.2667,1.12223
18.2682,1.12221
18.2697,1.1222
18.2712,1.12218
18.2727,1.12217
18.2742,1.12216
18.2757,1.12214
18.2772,1.12213
18.2787,1.12211
18.2802,1.1221
18.2817,1.12208
18.2831,1.12207
18.2846,1.12205
18.2861,1.12204
18.2876,1.12202
18.2891,1.12201
18.2906,1.122
18.2921,1.12198
18.2936,1.12197
18.2951,1.12195
18.2966,1.12194
18.2981,1.12192
18.2996,1.12191
18.3011,1.12189
18.3026,1.12188
18.3041,1.12186
18.3056,1.12185
18.3071,1.12184
18.3086,1.12182
18.3101,1.12181
18.3116,1.12179
18.3131,1.12178
18.3146,1.12177
18.3161,1.12175
18.3176,1.12174
18.3191,1.12172
18.3206,1.12171
18.3221,1.1217
18.3236,1.12168
18.3251,1.12167
18.3266,1.12165
18.3281,1.12164
18.3296,1.12163
18.3311,1.12161
18.3326,1.1216
18.3341,1.12159
18.3356,1.12157
18.3371,1.12156
18.3386,1.12154
18.3401,1.12153
18.3416,1.12152
18.3431,1.1215
18.3446,1.12149
18.3461,1.12148
18.3476,1.12146
18.3491,1.12145
18.3506,1.12144
18.3521,1.12142
18.3536,1.12141
18.3551,1.12139
18.3566,1.12138
18.3581,1.12137
18.3596,1.12135
18.3611,1.12134
18.3626,1.12133
18.3641,1.12131
18.3656,1.1213
18.3671,1.12129
18.3686,1.12127
18.3701,1.12126
18.3716,1.12125
18.3731,1.12124
18.3746,1.12122
18.3761,1.12121
18.3776,1.12119
18.3791,1.12118
18.3806,1.12117
18.3821,1.12115
18.3836,1.12114
18.3851,1.12113
18.3866,1.12111
18.3881,1.1211
18.3896,1.12109
18.3911,1.12107
18.3926,1.12106
18.3941,1.12104
18.3956,1.12103
18.3971,1.12102
18.3986,1.121
18.4001,1.12099
18.4016,1.12097
18.4031,1.12096
18.4046,1.12095
18.4061,1.12093
18.4076,1.12092
18.4091,1.1209
18.4106,1.12089
18.4121,1.12087
18.4136,1.12086
18.4151,1.12084
18.4166,1.12083
18.4181,1.12081
18.4196,1.1208
18.4211,1.12078
18.4226,1.12077
18.4241,1.12075
18.4256,1.12073
18.4271,1.12072
18.4286,1.1207
18.4301,1.12068
18.4316,1.12067
18.4331,1.12065
18.4346,1.12063
18.4361,1.12062
18.4376,1.1206
18.4391,1.12059
18.4406,1.12057
18.4421,1.12055
18.4436,1.12054
18.4451,1.12052
18.4466,1.1205
18.4481,1.12048
18.4496,1.12047
18.4511,1.12045
18.4526,1.12043
18.4541,1.12041
18.4556,1.1204
18.4571,1.12038
18.4586,1.12036
18.4601,1.12034
18.4616,1.12033
18.4631,1.12031
18.4646,1.12029
18.466,1.12027
18.4675,1.12025
18.469,1.12024
18.4705,1.12022
18.472,1.1202
18.4735,1.12018
18.475,1.12016
18.4765,1.12014
18.478,1.12013
18.4795,1.12011
18.481,1.12009
18.4825,1.12007
18.484,1.12005
18.4855,1.12004
18.487,1.12002
18.4885,1.12
18.49,1.11998
18.4915,1.11996
18.493,1.11994
18.4945,1.11992
18.496,1.11991
18.4975,1.11989
18.499,1.11987
18.5005,1.11985
18.502,1.11983
18.5035,1.11981
18.505,1.11979
18.5065,1.11977
18.508,1.11976
18.5095,1.11974
18.511,1.11972
18.5125,1.1197
18.514,1.11968
18.5155,1.11966
18.517,1.11964
18.5185,1.11963
18.52,1.11961
18.5215,1.11959
18.523,1.11957
18.5245,1.11955
18.526,1.11953
18.5275,1.11951
18.529,1.1195
18.5305,1.11948
18.532,1.11946
18.5335,1.11944
18.535,1.11942
18.5365,1.1194
18.538,1.11939
18.5395,1.11937
18.541,1.11935
18.5425,1.11933
18.544,1.11931
18.5455,1.11929
18.547,1.11928
18.5485,1.11926
18.55,1.11924
18.5515,1.11922
18.553,1.11921
18.5545,1.11919
18.556,1.11917
18.5575,1.11915
18.559,1.11913
18.5605,1.11911
18.562,1.1191
18.5635,1.11908
18.565,1.11906
18.5665,1.11904
18.568,1.11903
18.5695,1.11901
18.571,1.11899
18.5725,1.11898
18.574,1.11896
18.5755,1.11894
18.577,1.11893
18.5785,1.11891
18.58,1.11889
18.5815,1.11888
18.583,1.11886
18.5845,1.11884
18.586,1.11883
18.5875,1.11881
18.589,1.11879
18.5905,1.11878
18.592,1.11876
18.5935,1.11875
18.595,1.11873
18.5965,1.11872
18.598,1.1187
18.5995,1.11868
18.601,1.11867
18.6025,1.11866
18.604,1.11864
18.6055,1.11862
18.607,1.11861
18.6085,1.1186
18.61,1.11858
18.6115,1.11857
18.613,1.11855
18.6145,1.11854
18.616,1.11853
18.6175,1.11851
18.619,1.1185
18.6205,1.11849
18.622,1.11848
18.6235,1.11846
18.625,1.11845
18.6265,1.11844
18.628,1.11843
18.6295,1.11841
18.631,1.1184
18.6325,1.11839
18.634,1.11838
18.6355,1.11837
18.637,1.11836
18.6385,1.11834
18.64,1.11833
18.6415,1.11832
18.643,1.11831
18.6445,1.1183
18.646,1.11829
18.6474,1.11828
18.6489,1.11827
18.6504,1.11826
18.6519,1.11825
18.6534,1.11825
18.6549,1.11824
18.6564,1.11823
18.6579,1.11822
18.6594,1.11821
18.6609,1.1182
18.6624,1.11819
18.6639,1.11819
18.6654,1.11818
18.6669,1.11817
18.6684,1.11816
18.6699,1.11816
18.6714,1.11815
18.6729,1.11814
18.6744,1.11813
18.6759,1.11813
18.6774,1.11812
18.6789,1.11811
18.6804,1.11811
18.6819,1.1181
18.6834,1.11809
18.6849,1.11809
18.6864,1.11808
18.6879,1.11808
18.6894,1.11807
18.6909,1.11806
18.6924,1.11806
18.6939,1.11805
18.6954,1.11805
18.6969,1.11804
18.6984,1.11804
18.6999,1.11803
18.7014,1.11803
18.7029,1.11802
18.7044,1.11801
18.7059,1.11801
18.7074,1.118
18.7089,1.118
18.7104,1.11799
18.7119,1.11799
18.7134,1.11798
18.7149,1.11798
18.7164,1.11797
18.7179,1.11797
18.7194,1.11796
18.7209,1.11796
18.7224,1.11795
18.7239,1.11795
18.7254,1.11794
18.7269,1.11794
18.7284,1.11793
18.7299,1.11793
18.7314,1.11792
18.7329,1.11792
18.7344,1.11791
18.7359,1.11791
18.7374,1.1179
18.7389,1.1179
18.7404,1.11789
18.7419,1.11789
18.7434,1.11788
18.7449,1.11788
18.7464,1.11787
18.7479,1.11787
18.7494,1.11786
18.7509,1.11786
18.7524,1.11785
18.7539,1.11785
18.7554,1.11784
18.7569,1.11784
18.7584,1.11784
18.7599,1.11783
18.7614,1.11783
18.7629,1.11782
18.7644,1.11782
18.7659,1.11781
18.7674,1.11781
18.7689,1.1178
18.7704,1.1178
18.7719,1.11779
18.7734,1.11779
18.7749,1.11778
18.7764,1.11778
18.7779,1.11777
18.7794,1.11777
18.7809,1.11776
18.7824,1.11776
18.7839,1.11775
18.7854,1.11775
18.7869,1.11775
18.7884,1.11774
18.7899,1.11774
18.7914,1.11773
18.7929,1.11773
18.7944,1.11772
18.7959,1.11772
18.7974,1.11771
18.7989,1.11771
18.8004,1.1177
18.8019,1.1177
18.8034,1.1177
18.8049,1.11769
18.8064,1.11769
18.8079,1.11768
18.8094,1.11768
18.8109,1.11767
18.8124,1.11767
18.8139,1.11767
18.8154,1.11766
18.8169,1.11766
18.8184,1.11765
18.8199,1.11765
18.8214,1.11765
18.8229,1.11764
18.8244,1.11764
18.8259,1.11764
18.8274,1.11763
18.8288,1.11763
18.8303,1.11763
18.8318,1.11762
18.8333,1.11762
18.8348,1.11762
18.8363,1.11761
18.8378,1.11761
18.8393,1.11761
18.8408,1.11761
18.8423,1.1176
18.8438,1.1176
18.8453,1.1176
18.8468,1.1176
18.8483,1.11759
18.8498,1.11759
18.8513,1.11759
18.8528,1.11759
18.8543,1.11759
18.8558,1.11759
18.8573,1.11759
18.8588,1.11758
18.8603,1.11758
18.8618,1.11758
18.8633,1.11758
18.8648,1.11758
18.8663,1.11758
18.8678,1.11758
18.8693,1.11758
18.8708,1.11758
18.8723,1.11758
18.8738,1.11758
18.8753,1.11758
18.8768,1.11758
18.8783,1.11758
18.8798,1.11758
18.8813,1.11759
18.8828,1.11759
18.8843,1.11759
18.8858,1.11759
18.8873,1.11759
18.8888,1.11759
18.8903,1.11759
18.8918,1.11759
18.8933,1.11759
18.8948,1.1176
18.8963,1.1176
18.8978,1.1176
18.8993,1.1176
18.9008,1.1176
18.9023,1.11761
18.9038,1.11761
18.9053,1.11761
18.9068,1.11761
18.9083,1.11762
18.9098,1.11762
18.9113,1.11762
18.9128,1.11762
18.9143,1.11763
18.9158,1.11763
18.9173,1.11763
18.9188,1.11763
18.9203,1.11764
18.9218,1.11764
18.9233,1.11764
18.9248,1.11765
18.9263,1.11765
18.9278,1.11765
18.9293,1.11765
18.9308,1.11766
18.9323,1.11766
18.9338,1.11766
18.9353,1.11766
18.9368,1.11767
18.9383,1.11767
18.9398,1.11767
18.9413,1.11767
18.9428,1.11767
18.9443,1.11768
18.9458,1.11768
18.9473,1.11768
18.9488,1.11768
18.9503,1.11769
18.9518,1.11769
18.9533,1.11769
18.9548,1.11769
18.9563,1.11769
18.9578,1.11769
18.9593,1.11769
18.9608,1.11769
18.9623,1.11769
18.9638,1.11769
18.9653,1.1177
18.9668,1.1177
18.9683,1.1177
18.9698,1.1177
18.9713,1.11769
18.9728,1.11769
18.9743,1.11769
18.9758,1.11769
18.9773,1.11769
18.9788,1.11769
18.9803,1.11769
18.9818,1.11769
18.9833,1.11769
18.9848,1.11769
18.9863,1.11768
18.9878,1.11768
18.9893,1.11768
18.9908,1.11768
18.9923,1.11768
18.9938,1.11767
18.9953,1.11767
18.9968,1.11767
18.9983,1.11766
18.9998,1.11766
19.0013,1.11766
19.0028,1.11765
19.0043,1.11765
19.0058,1.11765
19.0073,1.11764
19.0088,1.11764
19.0103,1.11764
19.0117,1.11763
19.0132,1.11763
19.0147,1.11762
19.0162,1.11762
19.0177,1.11761
19.0192,1.11761
19.0207,1.11761
19.0222,1.1176
19.0237,1.1176
19.0252,1.11759
19.0267,1.11758
19.0282,1.11758
19.0297,1.11757
19.0312,1.11757
19.0327,1.11756
19.0342,1.11756
19.0357,1.11755
19.0372,1.11755
19.0387,1.11754
19.0402,1.11753
19.0417,1.11753
19.0432,1.11752
19.0447,1.11752
19.0462,1.11751
19.0477,1.1175
19.0492,1.1175
19.0507,1.11749
19.0522,1.11749
19.0537,1.11748
19.0552,1.11747
19.0567,1.11747
19.0582,1.11746
19.0597,1.11745
19.0612,1.11745
19.0627,1.11744
19.0642,1.11743
19.0657,1.11743
19.0672,1.11742
19.0687,1.11741
19.0702,1.1174
19.0717,1.1174
19.0732,1.11739
19.0747,1.11738
19.0762,1.11738
19.0777,1.11737
19.0792,1.11736
19.0807,1.11735
19.0822,1.11735
19.0837,1.11734
19.0852,1.11733
19.0867,1.11732
19.0882,1.11731
19.0897,1.11731
19.0912,1.1173
19.0927,1.11729
19.0942,1.11729
19.0957,1.11728
19.0972,1.11727
19.0987,1.11726
19.1002,1.11726
19.1017,1.11725
19.1032,1.11724
19.1047,1.11724
19.1062,1.11723
19.1077,1.11722
19.1092,1.11721
19.1107,1.11721
19.1122,1.1172
19.1137,1.11719
19.1152,1.11719
19.1167,1.11718
19.1182,1.11717
19.1197,1.11717
19.1212,1.11716
19.1227,1.11715
19.1242,1.11714
19.1257,1.11714
19.1272,1.11713
19.1287,1.11713
19.1302,1.11712
19.1317,1.11711
19.1332,1.11711
19.1347,1.1171
19.1362,1.11709
19.1377,1.11709
19.1392,1.11708
19.1407,1.11708
19.1422,1.11707
19.1437,1.11707
19.1452,1.11706
19.1467,1.11706
19.1482,1.11705
19.1497,1.11705
19.1512,1.11704
19.1527,1.11704
19.1542,1.11703
19.1557,1.11703
19.1572,1.11702
19.1587,1.11702
19.1602,1.11701
19.1617,1.11701
19.1632,1.117
19.1647,1.117
19.1662,1.11699
19.1677,1.11699
19.1692,1.11698
19.1707,1.11698
19.1722,1.11697
19.1737,1.11697
19.1752,1.11697
19.1767,1.11696
19.1782,1.11696
19.1797,1.11695
19.1812,1.11695
19.1827,1.11694
19.1842,1.11694
19.1857,1.11694
19.1872,1.11693
19.1887,1.11693
19.1902,1.11692
19.1917,1.11692
19.1931,1.11692
19.1946,1.11691
19.1961,1.11691
19.1976,1.11691
19.1991,1.1169
19.2006,1.1169
19.2021,1.1169
19.2036,1.11689
19.2051,1.11689
19.2066,1.11688
19.2081,1.11688
19.2096,1.11688
19.2111,1.11688
19.2126,1.11687
19.2141,1.11687
19.2156,1.11687
19.2171,1.11686
19.2186,1.11686
19.2201,1.11686
19.2216,1.11686
19.2231,1.11685
19.2246,1.11685
19.2261,1.11685
19.2276,1.11685
19.2291,1.11684
19.2306,1.11684
19.2321,1.11684
19.2336,1.11684
19.2351,1.11683
19.2366,1.11683
19.2381,1.11683
19.2396,1.11683
19.2411,1.11683
19.2426,1.11683
19.2441,1.11682
19.2456,1.11682
19.2471,1.11682
19.2486,1.11682
19.2501,1.11682
19.2516,1.11682
19.2531,1.11682
19.2546,1.11682
19.2561,1.11682
19.2576,1.11681
19.2591,1.11681
19.2606,1.11681
19.2621,1.11681
19.2636,1.11681
19.2651,1.11681
19.2666,1.11681
19.2681,1.11681
19.2696,1.11681
19.2711,1.11681
19.2726,1.11681
19.2741,1.11681
19.2756,1.11681
19.2771,1.11681
19.2786,1.11681
19.2801,1.11681
19.2816,1.11681
19.2831,1.11681
19.2846,1.11681
19.2861,1.11681
19.2876,1.11681
19.2891,1.11681
19.2906,1.11681
19.2921,1.11681
19.2936,1.11681
19.2951,1.11681
19.2966,1.11682
19.2981,1.11682
19.2996,1.11682
19.3011,1.11682
19.3026,1.11682
19.3041,1.11682
19.3056,1.11682
19.3071,1.11682
19.3086,1.11682
19.3101,1.11683
19.3116,1.11683
19.3131,1.11683
19.3146,1.11683
19.3161,1.11683
19.3176,1.11684
19.3191,1.11684
19.3206,1.11684
19.3221,1.11684
19.3236,1.11684
19.3251,1.11685
19.3266,1.11685
19.3281,1.11685
19.3296,1.11686
19.3311,1.11686
19.3326,1.11686
19.3341,1.11686
19.3356,1.11687
19.3371,1.11687
19.3386,1.11687
19.3401,1.11688
19.3416,1.11688
19.3431,1.11688
19.3446,1.11689
19.3461,1.11689
19.3476,1.11689
19.3491,1.1169
19.3506,1.1169
19.3521,1.1169
19.3536,1.11691
19.3551,1.11691
19.3566,1.11692
19.3581,1.11692
19.3596,1.11693
19.3611,1.11693
19.3626,1.11694
19.3641,1.11694
19.3656,1.11695
19.3671,1.11695
19.3686,1.11696
19.3701,1.11696
19.3716,1.11697
19.3731,1.11697
19.3745,1.11698
19.376,1.11698
19.3775,1.11699
19.379,1.117
19.3805,1.117
19.382,1.11701
19.3835,1.11702
19.385,1.11702
19.3865,1.11703
19.388,1.11703
19.3895,1.11704
19.391,1.11705
19.3925,1.11705
19.394,1.11706
19.3955,1.11707
19.397,1.11707
19.3985,1.11708
19.4,1.11709
19.4015,1.11709
19.403,1.1171
19.4045,1.11711
19.406,1.11712
19.4075,1.11712
19.409,1.11713
19.4105,1.11714
19.412,1.11714
19.4135,1.11715
19.415,1.11716
19.4165,1.11717
19.418,1.11717
19.4195,1.11718
19.421,1.11719
19.4225,1.1172
19.424,1.11721
19.4255,1.11721
19.427,1.11722
19.4285,1.11723
19.43,1.11724
19.4315,1.11724
19.433,1.11725
19.4345,1.11726
19.436,1.11727
19.4375,1.11728
19.439,1.11728
19.4405,1.11729
19.442,1.1173
19.4435,1.11731
19.445,1.11731
19.4465,1.11732
19.448,1.11733
19.4495,1.11734
19.451,1.11734
19.4525,1.11735
19.454,1.11736
19.4555,1.11737
19.457,1.11738
19.4585,1.11738
19.46,1.11739
19.4615,1.1174
19.463,1.11741
19.4645,1.11741
19.466,1.11742
19.4675,1.11743
19.469,1.11744
19.4705,1.11744
19.472,1.11745
19.4735,1.11746
19.475,1.11747
19.4765,1.11747
19.478,1.11748
19.4795,1.11749
19.481,1.1175
19.4825,1.1175
19.484,1.11751
19.4855,1.11752
19.487,1.11753
19.4885,1.11753
19.49,1.11754
19.4915,1.11755
19.493,1.11755
19.4945,1.11756
19.496,1.11757
19.4975,1.11757
19.499,1.11758
19.5005,1.11759
19.502,1.11759
19.5035,1.1176
19.505,1.11761
19.5065,1.11762
19.508,1.11762
19.5095,1.11763
19.511,1.11764
19.5125,1.11765
19.514,1.11765
19.5155,1.11766
19.517,1.11767
19.5185,1.11768
19.52,1.11769
19.5215,1.1177
19.523,1.11771
19.5245,1.11772
19.526,1.11773
19.5275,1.11774
19.529,1.11775
19.5305,1.11776
19.532,1.11777
19.5335,1.11778
19.535,1.1178
19.5365,1.11781
19.538,1.11782
19.5395,1.11784
19.541,1.11785
19.5425,1.11787
19.544,1.11789
19.5455,1.1179
19.547,1.11792
19.5485,1.11794
19.55,1.11796
19.5515,1.11798
19.553,1.118
19.5545,1.11802
19.556,1.11805
19.5574,1.11807
19.5589,1.1181
19.5604,1.11812
19.5619,1.11815
19.5634,1.11818
19.5649,1.1182
19.5664,1.11823
19.5679,1.11826
19.5694,1.11829
19.5709,1.11832
19.5724,1.11835
19.5739,1.11838
19.5754,1.1184
19.5769,1.11844
19.5784,1.11847
19.5799,1.11849
19.5814,1.11853
19.5829,1.11855
19.5844,1.11859
19.5859,1.11861
19.5874,1.11864
19.5889,1.11867
19.5904,1.1187
19.5919,1.11873
19.5934,1.11875
19.5949,1.11878
19.5964,1.1188
19.5979,1.11883
19.5994,1.11885
19.6009,1.11888
19.6024,1.1189
19.6039,1.11892
19.6054,1.11894
19.6069,1.11896
19.6084,1.11898
19.6099,1.11899
19.6114,1.11901
19.6129,1.11903
19.6144,1.11904
19.6159,1.11905
19.6174,1.11907
19.6189,1.11908
19.6204,1.11909
19.6219,1.1191
19.6234,1.11911
19.6249,1.11912
19.6264,1.11913
19.6279,1.11914
19.6294,1.11914
19.6309,1.11915
19.6324,1.11916
19.6339,1.11917
19.6354,1.11918
19.6369,1.11918
19.6384,1.11919
19.6399,1.1192
19.6414,1.11921
19.6429,1.11921
19.6444,1.11922
19.6459,1.11923
19.6474,1.11923
19.6489,1.11924
19.6504,1.11925
19.6519,1.11926
19.6534,1.11927
19.6549,1.11927
19.6564,1.11928
19.6579,1.11929
19.6594,1.1193
19.6609,1.11931
19.6624,1.11932
19.6639,1.11933
19.6654,1.11934
19.6669,1.11935
19.6684,1.11936
19.6699,1.11937
19.6714,1.11938
19.6729,1.11939
19.6744,1.1194
19.6759,1.11941
19.6774,1.11942
19.6789,1.11943
19.6804,1.11945
19.6819,1.11946
19.6834,1.11947
19.6849,1.11948
19.6864,1.11949
19.6879,1.11951
19.6894,1.11952
19.6909,1.11953
19.6924,1.11954
19.6939,1.11955
19.6954,1.11957
19.6969,1.11958
19.6984,1.11959
19.6999,1.1196
19.7014,1.11962
19.7029,1.11963
19.7044,1.11964
19.7059,1.11965
19.7074,1.11966
19.7089,1.11968
19.7104,1.11969
19.7119,1.1197
19.7134,1.11971
19.7149,1.11973
19.7164,1.11974
19.7179,1.11975
19.7194,1.11976
19.7209,1.11978
19.7224,1.11979
19.7239,1.1198
19.7254,1.11981
19.7269,1.11983
19.7284,1.11984
19.7299,1.11985
19.7314,1.11986
19.7329,1.11987
19.7344,1.11989
19.7359,1.1199
19.7374,1.11991
19.7388,1.11992
19.7403,1.11994
19.7418,1.11995
19.7433,1.11996
19.7448,1.11997
19.7463,1.11998
19.7478,1.12
19.7493,1.12001
19.7508,1.12002
19.7523,1.12003
19.7538,1.12005
19.7553,1.12006
19.7568,1.12007
19.7583,1.12008
19.7598,1.12009
19.7613,1.1201
19.7628,1.12012
19.7643,1.12013
19.7658,1.12014
19.7673,1.12015
19.7688,1.12016
19.7703,1.12017
19.7718,1.12019
19.7733,1.1202
19.7748,1.12021
19.7763,1.12022
19.7778,1.12023
19.7793,1.12024
19.7808,1.12025
19.7823,1.12026
19.7838,1.12027
19.7853,1.12028
19.7868,1.12029
19.7883,1.1203
19.7898,1.12031
19.7913,1.12032
19.7928,1.12033
19.7943,1.12034
19.7958,1.12035
19.7973,1.12036
19.7988,1.12037
19.8003,1.12038
19.8018,1.12039
19.8033,1.1204
19.8048,1.12041
19.8063,1.12042
19.8078,1.12042
19.8093,1.12043
19.8108,1.12044
19.8123,1.12045
19.8138,1.12046
19.8153,1.12047
19.8168,1.12048
19.8183,1.12049
19.8198,1.1205
19.8213,1.12051
19.8228,1.12051
19.8243,1.12052
19.8258,1.12053
19.8273,1.12054
19.8288,1.12055
19.8303,1.12056
19.8318,1.12057
19.8333,1.12058
19.8348,1.12059
19.8363,1.1206
19.8378,1.12061
19.8393,1.12062
19.8408,1.12063
19.8423,1.12064
19.8438,1.12065
19.8453,1.12066
19.8468,1.12067
19.8483,1.12068
19.8498,1.12069
19.8513,1.1207
19.8528,1.12071
19.8543,1.12072
19.8558,1.12073
19.8573,1.12074
19.8588,1.12075
19.8603,1.12076
19.8618,1.12077
19.8633,1.12078
19.8648,1.1208
19.8663,1.12081
19.8678,1.12082
19.8693,1.12083
19.8708,1.12084
19.8723,1.12086
19.8738,1.12087
19.8753,1.12088
19.8768,1.12089
19.8783,1.12091
19.8798,1.12092
19.8813,1.12093
19.8828,1.12094
19.8843,1.12096
19.8858,1.12097
19.8873,1.12098
19.8888,1.121
19.8903,1.12101
19.8918,1.12103
19.8933,1.12104
19.8948,1.12106
19.8963,1.12107
19.8978,1.12109
19.8993,1.1211
19.9008,1.12112
19.9023,1.12113
19.9038,1.12115
19.9053,1.12117
19.9068,1.12118
19.9083,1.1212
19.9098,1.12122
19.9113,1.12124
19.9128,1.12125
19.9143,1.12127
19.9158,1.12129
19.9173,1.12131
19.9188,1.12133
19.9202,1.12135
19.9217,1.12137
19.9232,1.12139
19.9247,1.12141
19.9262,1.12143
19.9277,1.12146
19.9292,1.12148
19.9307,1.1215
19.9322,1.12152
19.9337,1.12155
19.9352,1.12157
19.9367,1.12159
19.9382,1.12162
19.9397,1.12164
19.9412,1.12167
19.9427,1.12169
19.9442,1.12172
19.9457,1.12174
19.9472,1.12177
19.9487,1.1218
19.9502,1.12183
19.9517,1.12185
19.9532,1.12188
19.9547,1.12191
19.9562,1.12194
19.9577,1.12197
19.9592,1.12199
19.9607,1.12202
19.9622,1.12205
19.9637,1.12208
19.9652,1.12211
19.9667,1.12213
19.9682,1.12216
19.9697,1.12219
19.9712,1.12222
19.9727,1.12224
19.9742,1.12227
19.9757,1.12229
19.9772,1.12232
19.9787,1.12235
19.9802,1.12237
19.9817,1.12239
19.9832,1.12242
19.9847,1.12244
19.9862,1.12246
19.9877,1.12248
19.9892,1.1225
19.9907,1.12252
19.9922,1.12254
19.9937,1.12255
19.9952,1.12257
19.9967,1.12259
19.9982,1.1226
19.9997,1.12262
20.0012,1.12263
20.0027,1.12264
20.0042,1.12265
20.0057,1.12267
20.0072,1.12268
20.0087,1.12269
20.0102,1.1227
20.0117,1.12271
20.0132,1.12271
20.0147,1.12272
20.0162,1.12272
20.0177,1.12273
20.0192,1.12274
20.0207,1.12274
20.0222,1.12275
20.0237,1.12275
20.0252,1.12275
20.0267,1.12275
20.0282,1.12275
20.0297,1.12276
20.0312,1.12276
20.0327,1.12276
20.0342,1.12276
20.0357,1.12276
20.0372,1.12276
20.0387,1.12276
20.0402,1.12276
20.0417,1.12276
20.0432,1.12276
20.0447,1.12275
20.0462,1.12275
20.0477,1.12275
20.0492,1.12275
20.0507,1.12274
20.0522,1.12274
20.0537,1.12274
20.0552,1.12273
20.0567,1.12273
20.0582,1.12272
20.0597,1.12272
20.0612,1.12272
20.0627,1.12271
20.0642,1.12271
20.0657,1.1227
20.0672,1.1227
20.0687,1.12269
20.0702,1.12269
20.0717,1.12268
20.0732,1.12268
20.0747,1.12267
20.0762,1.12267
20.0777,1.12266
20.0792,1.12266
20.0807,1.12265
20.0822,1.12265
20.0837,1.12264
20.0852,1.12264
20.0867,1.12263
20.0882,1.12263
20.0897,1.12262
20.0912,1.12262
20.0927,1.12261
20.0942,1.1226
20.0957,1.1226
20.0972,1.12259
20.0987,1.12259
20.1002,1.12258
20.1017,1.12258
20.1031,1.12257
20.1046,1.12257
20.1061,1.12256
20.1076,1.12256
20.1091,1.12255
20.1106,1.12255
20.1121,1.12254
20.1136,1.12254
20.1151,1.12253
20.1166,1.12253
20.1181,1.12252
20.1196,1.12252
20.1211,1.12251
20.1226,1.12251
20.1241,1.1225
20.1256,1.1225
20.1271,1.12249
20.1286,1.12249
20.1301,1.12249
20.1316,1.12248
20.1331,1.12247
20.1346,1.12247
20.1361,1.12247
20.1376,1.12246
20.1391,1.12246
20.1406,1.12245
20.1421,1.12245
20.1436,1.12245
20.1451,1.12244
20.1466,1.12244
20.1481,1.12243
20.1496,1.12243
20.1511,1.12243
20.1526,1.12242
20.1541,1.12242
20.1556,1.12241
20.1571,1.12241
20.1586,1.12241
20.1601,1.1224
20.1616,1.1224
20.1631,1.1224
20.1646,1.12239
20.1661,1.12239
20.1676,1.12239
20.1691,1.12238
20.1706,1.12238
20.1721,1.12238
20.1736,1.12237
20.1751,1.12237
20.1766,1.12237
20.1781,1.12237
20.1796,1.12236
20.1811,1.12236
20.1826,1.12236
20.1841,1.12235
20.1856,1.12235
20.1871,1.12235
20.1886,1.12235
20.1901,1.12234
20.1916,1.12234
20.1931,1.12234
20.1946,1.12234
20.1961,1.12233
20.1976,1.12233
20.1991,1.12233
20.2006,1.12232
20.2021,1.12232
20.2036,1.12232
20.2051,1.12231
20.2066,1.12231
20.2081,1.12231
20.2096,1.1223
20.2111,1.1223
20.2126,1.1223
20.2141,1.12229
20.2156,1.12229
20.2171,1.12229
20.2186,1.12228
20.2201,1.12228
20.2216,1.12227
20.2231,1.12227
20.2246,1.12227
20.2261,1.12226
20.2276,1.12226
20.2291,1.12225
20.2306,1.12225
20.2321,1.12224
20.2336,1.12224
20.2351,1.12223
20.2366,1.12223
20.2381,1.12222
20.2396,1.12222
20.2411,1.12221
20.2426,1.12221
20.2441,1.1222
20.2456,1.12219
20.2471,1.12219
20.2486,1.12218
20.2501,1.12217
20.2516,1.12217
20.2531,1.12216
20.2546,1.12215
20.2561,1.12215
20.2576,1.12214
20.2591,1.12213
20.2606,1.12213
20.2621,1.12212
20.2636,1.12211
20.2651,1.1221
20.2666,1.12209
20.2681,1.12208
20.2696,1.12207
20.2711,1.12207
20.2726,1.12206
20.2741,1.12205
20.2756,1.12204
20.2771,1.12203
20.2786,1.12202
20.2801,1.12201
20.2816,1.122
20.2831,1.12199
20.2845,1.12198
20.286,1.12197
20.2875,1.12196
20.289,1.12195
20.2905,1.12193
20.292,1.12192
20.2935,1.12191
20.295,1.1219
20.2965,1.12189
20.298,1.12188
20.2995,1.12187
20.301,1.12186
20.3025,1.12184
20.304,1.12183
20.3055,1.12182
20.307,1.12181
20.3085,1.1218
20.31,1.12178
20.3115,1.12177
20.313,1.12176
20.3145,1.12175
20.316,1.12173
20.3175,1.12172
20.319,1.12171
20.3205,1.1217
20.322,1.12168
20.3235,1.12167
20.325,1.12166
20.3265,1.12165
20.328,1.12163
20.3295,1.12162
20.331,1.12161
20.3325,1.1216
20.334,1.12158
20.3355,1.12157
20.337,1.12156
20.3385,1.12155
20.34,1.12153
20.3415,1.12152
20.343,1.12151
20.3445,1.1215
20.346,1.12149
20.3475,1.12147
20.349,1.12146
20.3505,1.12145
20.352,1.12144
20.3535,1.12143
20.355,1.12142
20.3565,1.12141
20.358,1.1214
20.3595,1.12139
20.361,1.12138
20.3625,1.12136
20.364,1.12136
20.3655,1.12135
20.367,1.12134
20.3685,1.12133
20.37,1.12132
20.3715,1.12131
20.373,1.1213
20.3745,1.12129
20.376,1.12129
20.3775,1.12128
20.379,1.12127
20.3805,1.12127
20.382,1.12126
20.3835,1.12125
20.385,1.12125
20.3865,1.12124
20.388,1.12124
20.3895,1.12123
20.391,1.12123
20.3925,1.12122
20.394,1.12122
20.3955,1.12122
20.397,1.12121
20.3985,1.12121
20.4,1.1212
20.4015,1.1212
20.403,1.1212
20.4045,1.1212
20.406,1.12119
20.4075,1.12119
20.409,1.12119
20.4105,1.12119
20.412,1.12119
20.4135,1.12118
20.415,1.12118
20.4165,1.12118
20.418,1.12118
20.4195,1.12118
20.421,1.12117
20.4225,1.12117
20.424,1.12117
20.4255,1.12117
20.427,1.12117
20.4285,1.12116
20.43,1.12116
20.4315,1.12116
20.433,1.12115
20.4345,1.12115
20.436,1.12115
20.4375,1.12115
20.439,1.12114
20.4405,1.12114
20.442,1.12113
20.4435,1.12113
20.445,1.12112
20.4465,1.12112
20.448,1.12111
20.4495,1.12111
20.451,1.1211
20.4525,1.1211
20.454,1.12109
20.4555,1.12108
20.457,1.12108
20.4585,1.12107
20.46,1.12106
20.4615,1.12105
20.463,1.12105
20.4645,1.12104
20.466,1.12103
20.4674,1.12102
20.4689,1.12101
20.4704,1.121
20.4719,1.12099
20.4734,1.12098
20.4749,1.12097
20.4764,1.12096
20.4779,1.12095
20.4794,1.12094
20.4809,1.12093
20.4824,1.12092
20.4839,1.12091
20.4854,1.1209
20.4869,1.12088
20.4884,1.12087
20.4899,1.12086
20.4914,1.12085
20.4929,1.12084
20.4944,1.12082
20.4959,1.12081
20.4974,1.1208
20.4989,1.12078
20.5004,1.12077
20.5019,1.12076
20.5034,1.12075
20.5049,1.12073
20.5064,1.12072
20.5079,1.12071
20.5094,1.12069
20.5109,1.12068
20.5124,1.12066
20.5139,1.12065
20.5154,1.12064
20.5169,1.12062
20.5184,1.12061
20.5199,1.12059
20.5214,1.12058
20.5229,1.12057
20.5244,1.12055
20.5259,1.12054
20.5274,1.12052
20.5289,1.12051
20.5304,1.12049
20.5319,1.12048
20.5334,1.12046
20.5349,1.12045
20.5364,1.12044
20.5379,1.12042
20.5394,1.12041
20.5409,1.12039
20.5424,1.12038
20.5439,1.12036
20.5454,1.12035
20.5469,1.12033
20.5484,1.12032
20.5499,1.1203
20.5514,1.12029
20.5529,1.12028
20.5544,1.12026
20.5559,1.12024
20.5574,1.12023
20.5589,1.12021
20.5604,1.1202
20.5619,1.12019
20.5634,1.12017
20.5649,1.12016
20.5664,1.12014
20.5679,1.12013
20.5694,1.12011
20.5709,1.1201
20.5724,1.12008
20.5739,1.12007
20.5754,1.12005
20.5769,1.12004
20.5784,1.12002
20.5799,1.12001
20.5814,1.11999
20.5829,1.11998
20.5844,1.11996
20.5859,1.11995
20.5874,1.11993
20.5889,1.11992
20.5904,1.11991
20.5919,1.11989
20.5934,1.11988
20.5949,1.11986
20.5964,1.11985
20.5979,1.11983
20.5994,1.11982
20.6009,1.1198
20.6024,1.11979
20.6039,1.11977
20.6054,1.11976
20.6069,1.11975
20.6084,1.11973
20.6099,1.11972
20.6114,1.1197
20.6129,1.11969
20.6144,1.11967
20.6159,1.11966
20.6174,1.11965
20.6189,1.11963
20.6204,1.11962
20.6219,1.11961
20.6234,1.11959
20.6249,1.11958
20.6264,1.11957
20.6279,1.11955
20.6294,1.11954
20.6309,1.11953
20.6324,1.11951
20.6339,1.1195
20.6354,1.11949
20.6369,1.11947
20.6384,1.11946
20.6399,1.11945
20.6414,1.11943
20.6429,1.11942
20.6444,1.11941
20.6459,1.1194
20.6474,1.11939
20.6488,1.11937
20.6503,1.11936
20.6518,1.11935
20.6533,1.11934
20.6548,1.11932
20.6563,1.11931
20.6578,1.1193
20.6593,1.11929
20.6608,1.11928
20.6623,1.11926
20.6638,1.11925
20.6653,1.11924
20.6668,1.11923
20.6683,1.11922
20.6698,1.11921
20.6713,1.11919
20.6728,1.11918
20.6743,1.11917
20.6758,1.11916
20.6773,1.11915
20.6788,1.11914
20.6803,1.11913
20.6818,1.11912
20.6833,1.11911
20.6848,1.1191
20.6863,1.11908
20.6878,1.11907
20.6893,1.11906
20.6908,1.11905
20.6923,1.11904
20.6938,1.11903
20.6953,1.11902
20.6968,1.11901
20.6983,1.119
20.6998,1.11899
20.7013,1.11898
20.7028,1.11897
20.7043,1.11896
20.7058,1.11895
20.7073,1.11894
20.7088,1.11893
20.7103,1.11892
20.7118,1.11891
20.7133,1.1189
20.7148,1.11889
20.7163,1.11888
20.7178,1.11887
20.7193,1.11886
20.7208,1.11885
20.7223,1.11884
20.7238,1.11883
20.7253,1.11882
20.7268,1.11881
20.7283,1.1188
20.7298,1.11879
20.7313,1.11878
20.7328,1.11878
20.7343,1.11877
20.7358,1.11876
20.7373,1.11875
20.7388,1.11874
20.7403,1.11873
20.7418,1.11872
20.7433,1.11871
20.7448,1.1187
20.7463,1.11869
20.7478,1.11868
20.7493,1.11867
20.7508,1.11866
20.7523,1.11865
20.7538,1.11865
20.7553,1.11864
20.7568,1.11863
20.7583,1.11862
20.7598,1.11861
20.7613,1.1186
20.7628,1.11859
20.7643,1.11858
20.7658,1.11857
20.7673,1.11856
20.7688,1.11856
20.7703,1.11855
20.7718,1.11854
20.7733,1.11853
20.7748,1.11852
20.7763,1.11851
20.7778,1.1185
20.7793,1.11849
20.7808,1.11848
20.7823,1.11847
20.7838,1.11847
20.7853,1.11846
20.7868,1.11845
20.7883,1.11844
20.7898,1.11843
20.7913,1.11842
20.7928,1.11841
20.7943,1.1184
20.7958,1.11839
20.7973,1.11838
20.7988,1.11837
20.8003,1.11837
20.8018,1.11835
20.8033,1.11835
20.8048,1.11834
20.8063,1.11833
20.8078,1.11832
20.8093,1.11831
20.8108,1.1183
20.8123,1.11829
20.8138,1.11828
20.8153,1.11827
20.8168,1.11826
20.8183,1.11825
20.8198,1.11824
20.8213,1.11823
20.8228,1.11822
20.8243,1.11821
20.8258,1.1182
20.8273,1.1182
20.8288,1.11819
20.8302,1.11818
20.8317,1.11817
20.8332,1.11816
20.8347,1.11815
20.8362,1.11814
20.8377,1.11813
20.8392,1.11812
20.8407,1.11811
20.8422,1.1181
20.8437,1.11809
20.8452,1.11808
20.8467,1.11807
20.8482,1.11806
20.8497,1.11805
20.8512,1.11804
20.8527,1.11803
20.8542,1.11802
20.8557,1.11801
20.8572,1.118
20.8587,1.11799
20.8602,1.11798
20.8617,1.11797
20.8632,1.11796
20.8647,1.11795
20.8662,1.11795
20.8677,1.11794
20.8692,1.11793
20.8707,1.11791
20.8722,1.11791
20.8737,1.1179
20.8752,1.11789
20.8767,1.11788
20.8782,1.11787
20.8797,1.11786
20.8812,1.11785
20.8827,1.11784
20.8842,1.11783
20.8857,1.11782
20.8872,1.11781
20.8887,1.1178
20.8902,1.11779
20.8917,1.11778
20.8932,1.11777
20.8947,1.11776
20.8962,1.11775
20.8977,1.11774
20.8992,1.11773
20.9007,1.11773
20.9022,1.11772
20.9037,1.11771
20.9052,1.1177
20.9067,1.11769
20.9082,1.11768
20.9097,1.11767
20.9112,1.11766
20.9127,1.11765
20.9142,1.11764
20.9157,1.11764
20.9172,1.11763
20.9187,1.11762
20.9202,1.11761
20.9217,1.1176
20.9232,1.11759
20.9247,1.11758
20.9262,1.11757
20.9277,1.11756
20.9292,1.11756
20.9307,1.11755
20.9322,1.11754
20.9337,1.11753
20.9352,1.11752
20.9367,1.11751
20.9382,1.1175
20.9397,1.1175
20.9412,1.11749
20.9427,1.11748
20.9442,1.11747
20.9457,1.11746
20.9472,1.11745
20.9487,1.11744
20.9502,1.11743
20.9517,1.11742
20.9532,1.11741
20.9547,1.11741
20.9562,1.1174
20.9577,1.11739
20.9592,1.11738
20.9607,1.11737
20.9622,1.11736
20.9637,1.11735
20.9652,1.11734
20.9667,1.11733
20.9682,1.11732
20.9697,1.11731
20.9712,1.1173
20.9727,1.11729
20.9742,1.11728
20.9757,1.11727
20.9772,1.11726
20.9787,1.11725
20.9802,1.11724
20.9817,1.11723
20.9832,1.11722
20.9847,1.11721
20.9862,1.1172
20.9877,1.11719
20.9892,1.11718
20.9907,1.11717
20.9922,1.11716
20.9937,1.11714
20.9952,1.11713
20.9967,1.11712
20.9982,1.11711
20.9997,1.1171
21.0012,1.11709
21.0027,1.11708
21.0042,1.11706
21.0057,1.11705
21.0072,1.11704
21.0087,1.11703
21.0102,1.11702
21.0117,1.11701
21.0131,1.11699
21.0146,1.11698
21.0161,1.11697
21.0176,1.11696
21.0191,1.11695
21.0206,1.11693
21.0221,1.11692
21.0236,1.11691
21.0251,1.1169
21.0266,1.11688
21.0281,1.11687
21.0296,1.11686
21.0311,1.11685
21.0326,1.11684
21.0341,1.11682
21.0356,1.11681
21.0371,1.1168
21.0386,1.11679
21.0401,1.11678
21.0416,1.11677
21.0431,1.11675
21.0446,1.11674
21.0461,1.11673
21.0476,1.11672
21.0491,1.11671
21.0506,1.1167
21.0521,1.11669
21.0536,1.11667
21.0551,1.11666
21.0566,1.11665
21.0581,1.11664
21.0596,1.11663
21.0611,1.11662
21.0626,1.11661
21.0641,1.1166
21.0656,1.11659
21.0671,1.11658
21.0686,1.11657
21.0701,1.11655
21.0716,1.11654
21.0731,1.11653
21.0746,1.11652
21.0761,1.11651
21.0776,1.1165
21.0791,1.11649
21.0806,1.11648
21.0821,1.11647
21.0836,1.11646
21.0851,1.11646
21.0866,1.11645
21.0881,1.11644
21.0896,1.11643
21.0911,1.11642
21.0926,1.11641
21.0941,1.1164
21.0956,1.11639
21.0971,1.11638
21.0986,1.11638
21.1001,1.11637
21.1016,1.11636
21.1031,1.11635
21.1046,1.11634
21.1061,1.11633
21.1076,1.11633
21.1091,1.11632
21.1106,1.11631
21.1121,1.1163
21.1136,1.1163
21.1151,1.11629
21.1166,1.11628
21.1181,1.11627
21.1196,1.11627
21.1211,1.11626
21.1226,1.11625
21.1241,1.11625
21.1256,1.11624
21.1271,1.11623
21.1286,1.11623
21.1301,1.11622
21.1316,1.11621
21.1331,1.11621
21.1346,1.1162
21.1361,1.1162
21.1376,1.11619
21.1391,1.11618
21.1406,1.11618
21.1421,1.11617
21.1436,1.11617
21.1451,1.11616
21.1466,1.11615
21.1481,1.11615
21.1496,1.11614
21.1511,1.11614
21.1526,1.11613
21.1541,1.11613
21.1556,1.11612
21.1571,1.11612
21.1586,1.11611
21.1601,1.11611
21.1616,1.11611
21.1631,1.1161
21.1646,1.11609
21.1661,1.11609
21.1676,1.11609
21.1691,1.11608
21.1706,1.11608
21.1721,1.11607
21.1736,1.11607
21.1751,1.11606
21.1766,1.11606
21.1781,1.11606
21.1796,1.11605
21.1811,1.11605
21.1826,1.11604
21.1841,1.11604
21.1856,1.11604
21.1871,1.11603
21.1886,1.11603
21.1901,1.11602
21.1916,1.11602
21.1931,1.11601
21.1945,1.11601
21.196,1.11601
21.1975,1.116
21.199,1.116
21.2005,1.116
21.202,1.11599
21.2035,1.11599
21.205,1.11599
21.2065,1.11598
21.208,1.11598
21.2095,1.11598
21.211,1.11597
21.2125,1.11597
21.214,1.11597
21.2155,1.11596
21.217,1.11596
21.2185,1.11595
21.22,1.11595
21.2215,1.11595
21.223,1.11595
21.2245,1.11594
21.226,1.11594
21.2275,1.11594
21.229,1.11593
21.2305,1.11593
21.232,1.11593
21.2335,1.11593
21.235,1.11592
21.2365,1.11592
21.238,1.11592
21.2395,1.11591
21.241,1.11591
21.2425,1.11591
21.244,1.11591
21.2455,1.11591
21.247,1.1159
21.2485,1.1159
21.25,1.1159
21.2515,1.1159
21.253,1.1159
21.2545,1.11589
21.256,1.11589
21.2575,1.11589
21.259,1.11589
21.2605,1.11589
21.262,1.11589
21.2635,1.11588
21.265,1.11588
21.2665,1.11588
21.268,1.11588
21.2695,1.11588
21.271,1.11588
21.2725,1.11588
21.274,1.11588
21.2755,1.11587
21.277,1.11587
21.2785,1.11587
21.28,1.11587
21.2815,1.11587
21.283,1.11587
21.2845,1.11587
21.286,1.11587
21.2875,1.11587
21.289,1.11587
21.2905,1.11587
21.292,1.11587
21.2935,1.11587
21.295,1.11587
21.2965,1.11587
21.298,1.11587
21.2995,1.11587
21.301,1.11587
21.3025,1.11587
21.304,1.11587
21.3055,1.11587
21.307,1.11586
21.3085,1.11587
21.31,1.11587
21.3115,1.11587
21.313,1.11587
21.3145,1.11587
21.316,1.11587
21.3175,1.11587
21.319,1.11587
21.3205,1.11587
21.322,1.11587
21.3235,1.11587
21.325,1.11587
21.3265,1.11587
21.328,1.11587
21.3295,1.11587
21.331,1.11587
21.3325,1.11587
21.334,1.11587
21.3355,1.11587
21.337,1.11587
21.3385,1.11587
21.34,1.11587
21.3415,1.11587
21.343,1.11587
21.3445,1.11587
21.346,1.11587
21.3475,1.11587
21.349,1.11587
21.3505,1.11587
21.352,1.11587
21.3535,1.11587
21.355,1.11587
21.3565,1.11587
21.358,1.11587
21.3595,1.11587
21.361,1.11588
21.3625,1.11588
21.364,1.11588
21.3655,1.11588
21.367,1.11588
21.3685,1.11588
21.37,1.11588
21.3715,1.11588
21.373,1.11588
21.3745,1.11588
21.3759,1.11588
21.3774,1.11588
21.3789,1.11588
21.3804,1.11588
21.3819,1.11589
21.3834,1.11589
21.3849,1.11589
21.3864,1.11589
21.3879,1.11589
21.3894,1.11589
21.3909,1.11589
21.3924,1.11589
21.3939,1.11589
21.3954,1.11589
21.3969,1.1159
21.3984,1.1159
21.3999,1.1159
21.4014,1.1159
21.4029,1.1159
21.4044,1.1159
21.4059,1.1159
21.4074,1.1159
21.4089,1.11591
21.4104,1.11591
21.4119,1.11591
21.4134,1.11591
21.4149,1.11591
21.4164,1.11591
21.4179,1.11592
21.4194,1.11592
21.4209,1.11592
21.4224,1.11592
21.4239,1.11592
21.4254,1.11593
21.4269,1.11593
21.4284,1.11593
21.4299,1.11593
21.4314,1.11594
21.4329,1.11594
21.4344,1.11594
21.4359,1.11594
21.4374,1.11594
21.4389,1.11595
21.4404,1.11595
21.4419,1.11595
21.4434,1.11596
21.4449,1.11596
21.4464,1.11596
21.4479,1.11597
21.4494,1.11597
21.4509,1.11597
21.4524,1.11597
21.4539,1.11598
21.4554,1.11598
21.4569,1.11599
21.4584,1.11599
21.4599,1.11599
21.4614,1.116
21.4629,1.116
21.4644,1.116
21.4659,1.11601
21.4674,1.11601
21.4689,1.11602
21.4704,1.11602
21.4719,1.11602
21.4734,1.11603
21.4749,1.11603
21.4764,1.11604
21.4779,1.11604
21.4794,1.11605
21.4809,1.11605
21.4824,1.11606
21.4839,1.11606
21.4854,1.11606
21.4869,1.11607
21.4884,1.11607
21.4899,1.11608
21.4914,1.11608
21.4929,1.11609
21.4944,1.11609
21.4959,1.1161
21.4974,1.1161
21.4989,1.11611
21.5004,1.11611
21.5019,1.11611
21.5034,1.11612
21.5049,1.11612
21.5064,1.11613
21.5079,1.11613
21.5094,1.11614
21.5109,1.11614
21.5124,1.11615
21.5139,1.11615
21.5154,1.11616
21.5169,1.11616
21.5184,1.11616
21.5199,1.11617
21.5214,1.11617
21.5229,1.11618
21.5244,1.11618
21.5259,1.11619
21.5274,1.11619
21.5289,1.1162
21.5304,1.1162
21.5319,1.1162
21.5334,1.11621
21.5349,1.11621
21.5364,1.11622
21.5379,1.11622
21.5394,1.11623
21.5409,1.11623
21.5424,1.11623
21.5439,1.11624
21.5454,1.11624
21.5469,1.11625
21.5484,1.11625
21.5499,1.11625
21.5514,1.11626
21.5529,1.11626
21.5544,1.11627
21.5559,1.11627
21.5574,1.11627
21.5588,1.11628
21.5603,1.11628
21.5618,1.11628
21.5633,1.11629
21.5648,1.11629
21.5663,1.1163
21.5678,1.1163
21.5693,1.1163
21.5708,1.11631
21.5723,1.11631
21.5738,1.11631
21.5753,1.11632
21.5768,1.11632
21.5783,1.11632
21.5798,1.11633
21.5813,1.11633
21.5828,1.11633
21.5843,1.11634
21.5858,1.11634
21.5873,1.11634
21.5888,1.11634
21.5903,1.11635
21.5918,1.11635
21.5933,1.11635
21.5948,1.11636
21.5963,1.11636
21.5978,1.11636
21.5993,1.11636
21.6008,1.11637
21.6023,1.11637
21.6038,1.11637
21.6053,1.11637
21.6068,1.11637
21.6083,1.11638
21.6098,1.11638
21.6113,1.11638
21.6128,1.11638
21.6143,1.11638
21.6158,1.11638
21.6173,1.11639
21.6188,1.11639
21.6203,1.11639
21.6218,1.11639
21.6233,1.11639
21.6248,1.11639
21.6263,1.11639
21.6278,1.11639
21.6293,1.11639
21.6308,1.11639
21.6323,1.11639
21.6338,1.11639
21.6353,1.11639
21.6368,1.11639
21.6383,1.11639
21.6398,1.11639
21.6413,1.11639
21.6428,1.11639
21.6443,1.11638
21.6458,1.11638
21.6473,1.11638
21.6488,1.11638
21.6503,1.11638
21.6518,1.11638
21.6533,1.11637
21.6548,1.11637
21.6563,1.11637
21.6578,1.11637
21.6593,1.11636
21.6608,1.11636
21.6623,1.11636
21.6638,1.11636
21.6653,1.11635
21.6668,1.11635
21.6683,1.11635
21.6698,1.11634
21.6713,1.11634
21.6728,1.11633
21.6743,1.11633
21.6758,1.11633
21.6773,1.11632
21.6788,1.11632
21.6803,1.11631
21.6818,1.11631
21.6833,1.1163
21.6848,1.1163
21.6863,1.11629
21.6878,1.11629
21.6893,1.11628
21.6908,1.11628
21.6923,1.11627
21.6938,1.11626
21.6953,1.11626
21.6968,1.11625
21.6983,1.11625
21.6998,1.11624
21.7013,1.11623
21.7028,1.11623
21.7043,1.11622
21.7058,1.11622
21.7073,1.11621
21.7088,1.1162
21.7103,1.1162
21.7118,1.11619
21.7133,1.11618
21.7148,1.11617
21.7163,1.11617
21.7178,1.11616
21.7193,1.11615
21.7208,1.11615
21.7223,1.11614
21.7238,1.11613
21.7253,1.11612
21.7268,1.11612
21.7283,1.11611
21.7298,1.1161
21.7313,1.11609
21.7328,1.11609
21.7343,1.11608
21.7358,1.11607
21.7373,1.11607
21.7388,1.11606
21.7402,1.11605
21.7417,1.11604
21.7432,1.11604
21.7447,1.11603
21.7462,1.11602
21.7477,1.11601
21.7492,1.11601
21.7507,1.116
21.7522,1.11599
21.7537,1.11599
21.7552,1.11598
21.7567,1.11597
21.7582,1.11597
21.7597,1.11596
21.7612,1.11595
21.7627,1.11594
21.7642,1.11594
21.7657,1.11593
21.7672,1.11592
21.7687,1.11592
21.7702,1.11591
21.7717,1.11591
21.7732,1.1159
21.7747,1.11589
21.7762,1.11589
21.7777,1.11588
21.7792,1.11587
21.7807,1.11587
21.7822,1.11586
21.7837,1.11586
21.7852,1.11585
21.7867,1.11585
21.7882,1.11584
21.7897,1.11584
21.7912,1.11583
21.7927,1.11583
21.7942,1.11582
21.7957,1.11582
21.7972,1.11581
21.7987,1.11581
21.8002,1.1158
21.8017,1.1158
21.8032,1.11579
21.8047,1.11579
21.8062,1.11578
21.8077,1.11578
21.8092,1.11578
21.8107,1.11577
21.8122,1.11577
21.8137,1.11577
21.8152,1.11576
21.8167,1.11576
21.8182,1.11576
21.8197,1.11575
21.8212,1.11575
21.8227,1.11575
21.8242,1.11575
21.8257,1.11574
21.8272,1.11574
21.8287,1.11574
21.8302,1.11574
21.8317,1.11574
21.8332,1.11573
21.8347,1.11573
21.8362,1.11573
21.8377,1.11573
21.8392,1.11573
21.8407,1.11573
21.8422,1.11573
21.8437,1.11573
21.8452,1.11573
21.8467,1.11572
21.8482,1.11573
21.8497,1.11573
21.8512,1.11572
21.8527,1.11573
21.8542,1.11573
21.8557,1.11573
21.8572,1.11573
21.8587,1.11573
21.8602,1.11573
21.8617,1.11573
21.8632,1.11573
21.8647,1.11573
21.8662,1.11574
21.8677,1.11574
21.8692,1.11574
21.8707,1.11574
21.8722,1.11575
21.8737,1.11575
21.8752,1.11575
21.8767,1.11576
21.8782,1.11576
21.8797,1.11576
21.8812,1.11576
21.8827,1.11577
21.8842,1.11577
21.8857,1.11578
21.8872,1.11578
21.8887,1.11579
21.8902,1.11579
21.8917,1.1158
21.8932,1.1158
21.8947,1.11581
21.8962,1.11581
21.8977,1.11582
21.8992,1.11582
21.9007,1.11583
21.9022,1.11584
21.9037,1.11584
21.9052,1.11585
21.9067,1.11586
21.9082,1.11586
21.9097,1.11587
21.9112,1.11588
21.9127,1.11589
21.9142,1.11589
21.9157,1.1159
21.9172,1.11591
21.9187,1.11592
21.9202,1.11593
21.9216,1.11593
21.9231,1.11594
21.9246,1.11595
21.9261,1.11596
21.9276,1.11597
21.9291,1.11598
21.9306,1.11599
21.9321,1.116
21.9336,1.11601
21.9351,1.11601
21.9366,1.11603
21.9381,1.11603
21.9396,1.11604
21.9411,1.11605
21.9426,1.11606
21.9441,1.11607
21.9456,1.11608
21.9471,1.11609
21.9486,1.1161
21.9501,1.11612
21.9516,1.11612
21.9531,1.11614
21.9546,1.11615
21.9561,1.11616
21.9576,1.11617
21.9591,1.11618
21.9606,1.11619
21.9621,1.1162
21.9636,1.11621
21.9651,1.11622
21.9666,1.11623
21.9681,1.11625
21.9696,1.11626
21.9711,1.11627
21.9726,1.11628
21.9741,1.11629
21.9756,1.1163
21.9771,1.11632
21.9786,1.11633
21.9801,1.11634
21.9816,1.11635
21.9831,1.11636
21.9846,1.11637
21.9861,1.11638
21.9876,1.1164
21.9891,1.11641
21.9906,1.11642
21.9921,1.11643
21.9936,1.11644
21.9951,1.11645
21.9966,1.11647
21.9981,1.11648
21.9996,1.11649
22.0011,1.1165
22.0026,1.11651
22.0041,1.11653
22.0056,1.11654
22.0071,1.11655
22.0086,1.11656
22.0101,1.11657
22.0116,1.11659
22.0131,1.1166
22.0146,1.11661
22.0161,1.11662
22.0176,1.11663
22.0191,1.11665
22.0206,1.11666
22.0221,1.11667
22.0236,1.11668
22.0251,1.11669
22.0266,1.1167
22.0281,1.11672
22.0296,1.11673
22.0311,1.11674
22.0326,1.11675
22.0341,1.11676
22.0356,1.11678
22.0371,1.11679
22.0386,1.1168
22.0401,1.11681
22.0416,1.11682
22.0431,1.11683
22.0446,1.11685
22.0461,1.11686
22.0476,1.11687
22.0491,1.11688
22.0506,1.11689
22.0521,1.1169
22.0536,1.11692
22.0551,1.11693
22.0566,1.11694
22.0581,1.11695
22.0596,1.11696
22.0611,1.11697
22.0626,1.11698
22.0641,1.117
22.0656,1.11701
22.0671,1.11702
22.0686,1.11703
22.0701,1.11704
22.0716,1.11705
22.0731,1.11706
22.0746,1.11708
22.0761,1.11709
22.0776,1.1171
22.0791,1.11711
22.0806,1.11712
22.0821,1.11713
22.0836,1.11714
22.0851,1.11715
22.0866,1.11717
22.0881,1.11718
22.0896,1.11719
22.0911,1.1172
22.0926,1.11721
22.0941,1.11722
22.0956,1.11723
22.0971,1.11725
22.0986,1.11726
22.1001,1.11727
22.1016,1.11728
22.1031,1.11729
22.1045,1.1173
22.106,1.11732
22.1075,1.11733
22.109,1.11734
22.1105,1.11735
22.112,1.11736
22.1135,1.11738
22.115,1.11739
22.1165,1.1174
22.118,1.11741
22.1195,1.11743
22.121,1.11744
22.1225,1.11745
22.124,1.11746
22.1255,1.11747
22.127,1.11749
22.1285,1.1175
22.13,1.11751
22.1315,1.11753
22.133,1.11754
22.1345,1.11755
22.136,1.11757
22.1375,1.11758
22.139,1.11759
22.1405,1.1176
22.142,1.11762
22.1435,1.11763
22.145,1.11765
22.1465,1.11766
22.148,1.11767
22.1495,1.11769
22.151,1.1177
22.1525,1.11771
22.154,1.11773
22.1555,1.11774
22.157,1.11776
22.1585,1.11777
22.16,1.11778
22.1615,1.1178
22.163,1.11781
22.1645,1.11783
22.166,1.11784
22.1675,1.11786
22.169,1.11787
22.1705,1.11788
22.172,1.1179
22.1735,1.11791
22.175,1.11793
22.1765,1.11794
22.178,1.11796
22.1795,1.11797
22.181,1.11799
22.1825,1.118
22.184,1.11802
22.1855,1.11803
22.187,1.11804
22.1885,1.11806
22.19,1.11808
22.1915,1.11809
22.193,1.11811
22.1945,1.11812
22.196,1.11814
22.1975,1.11815
22.199,1.11816
22.2005,1.11818
22.202,1.11819
22.2035,1.11821
22.205,1.11822
22.2065,1.11824
22.208,1.11825
22.2095,1.11827
22.211,1.11828
22.2125,1.11829
22.214,1.11831
22.2155,1.11832
22.217,1.11834
22.2185,1.11835
22.22,1.11837
22.2215,1.11838
22.223,1.11839
22.2245,1.11841
22.226,1.11842
22.2275,1.11844
22.229,1.11845
22.2305,1.11846
22.232,1.11848
22.2335,1.11849
22.235,1.11851
22.2365,1.11852
22.238,1.11853
22.2395,1.11855
22.241,1.11856
22.2425,1.11857
22.244,1.11859
22.2455,1.1186
22.247,1.11861
22.2485,1.11863
22.25,1.11864
22.2515,1.11865
22.253,1.11866
22.2545,1.11868
22.256,1.11869
22.2575,1.1187
22.259,1.11871
22.2605,1.11873
22.262,1.11874
22.2635,1.11875
22.265,1.11877
22.2665,1.11878
22.268,1.11879
22.2695,1.1188
22.271,1.11881
22.2725,1.11883
22.274,1.11884
22.2755,1.11885
22.277,1.11886
22.2785,1.11887
22.28,1.11888
22.2815,1.1189
22.283,1.11891
22.2845,1.11892
22.2859,1.11893
22.2874,1.11894
22.2889,1.11896
22.2904,1.11897
22.2919,1.11898
22.2934,1.11899
22.2949,1.119
22.2964,1.11901
22.2979,1.11902
22.2994,1.11903
22.3009,1.11904
22.3024,1.11906
22.3039,1.11907
22.3054,1.11908
22.3069,1.11909
22.3084,1.1191
22.3099,1.11911
22.3114,1.11912
22.3129,1.11913
22.3144,1.11914
22.3159,1.11916
22.3174,1.11917
22.3189,1.11918
22.3204,1.11919
22.3219,1.1192
22.3234,1.11921
22.3249,1.11922
22.3264,1.11923
22.3279,1.11924
22.3294,1.11925
22.3309,1.11926
22.3324,1.11927
22.3339,1.11929
22.3354,1.1193
22.3369,1.11931
22.3384,1.11932
22.3399,1.11933
22.3414,1.11934
22.3429,1.11935
22.3444,1.11936
22.3459,1.11937
22.3474,1.11938
22.3489,1.11939
22.3504,1.1194
22.3519,1.11941
22.3534,1.11942
22.3549,1.11943
22.3564,1.11944
22.3579,1.11944
22.3594,1.11945
22.3609,1.11946
22.3624,1.11947
22.3639,1.11948
22.3654,1.11949
22.3669,1.1195
22.3684,1.11951
22.3699,1.11952
22.3714,1.11953
22.3729,1.11954
22.3744,1.11954
22.3759,1.11955
22.3774,1.11956
22.3789,1.11957
22.3804,1.11958
22.3819,1.11958
22.3834,1.11959
22.3849,1.1196
22.3864,1.11961
22.3879,1.11961
22.3894,1.11962
22.3909,1.11963
22.3924,1.11963
22.3939,1.11964
22.3954,1.11965
22.3969,1.11966
22.3984,1.11966
22.3999,1.11967
22.4014,1.11967
22.4029,1.11968
22.4044,1.11969
22.4059,1.11969
22.4074,1.1197
22.4089,1.1197
22.4104,1.11971
22.4119,1.11971
22.4134,1.11972
22.4149,1.11973
22.4164,1.11973
22.4179,1.11974
22.4194,1.11974
22.4209,1.11975
22.4224,1.11975
22.4239,1.11976
22.4254,1.11976
22.4269,1.11976
22.4284,1.11977
22.4299,1.11977
22.4314,1.11978
22.4329,1.11978
22.4344,1.11978
22.4359,1.11979
22.4374,1.11979
22.4389,1.1198
22.4404,1.1198
22.4419,1.11981
22.4434,1.11981
22.4449,1.11981
22.4464,1.11981
22.4479,1.11982
22.4494,1.11982
22.4509,1.11983
22.4524,1.11983
22.4539,1.11983
22.4554,1.11984
22.4569,1.11984
22.4584,1.11984
22.4599,1.11985
22.4614,1.11985
22.4629,1.11985
22.4644,1.11986
22.4659,1.11986
22.4674,1.11986
22.4688,1.11987
22.4703,1.11987
22.4718,1.11987
22.4733,1.11987
22.4748,1.11988
22.4763,1.11988
22.4778,1.11988
22.4793,1.11989
22.4808,1.11989
22.4823,1.11989
22.4838,1.1199
22.4853,1.1199
22.4868,1.1199
22.4883,1.1199
22.4898,1.11991
22.4913,1.11991
22.4928,1.11991
22.4943,1.11992
22.4958,1.11992
22.4973,1.11992
22.4988,1.11993
22.5003,1.11993
22.5018,1.11993
22.5033,1.11994
22.5048,1.11994
22.5063,1.11994
22.5078,1.11994
22.5093,1.11995
22.5108,1.11995
22.5123,1.11995
22.5138,1.11996
22.5153,1.11996
22.5168,1.11996
22.5183,1.11997
22.5198,1.11997
22.5213,1.11997
22.5228,1.11998
22.5243,1.11998
22.5258,1.11998
22.5273,1.11999
22.5288,1.11999
22.5303,1.11999
22.5318,1.12
22.5333,1.12
22.5348,1.12
22.5363,1.12
22.5378,1.12001
22.5393,1.12001
22.5408,1.12001
22.5423,1.12002
22.5438,1.12002
22.5453,1.12002
22.5468,1.12003
22.5483,1.12003
22.5498,1.12003
22.5513,1.12004
22.5528,1.12004
22.5543,1.12004
22.5558,1.12005
22.5573,1.12005
22.5588,1.12005
22.5603,1.12005
22.5618,1.12006
22.5633,1.12006
22.5648,1.12006
22.5663,1.12007
22.5678,1.12007
22.5693,1.12007
22.5708,1.12008
22.5723,1.12008
22.5738,1.12008
22.5753,1.12009
22.5768,1.12009
22.5783,1.12009
22.5798,1.1201
22.5813,1.1201
22.5828,1.1201
22.5843,1.1201
22.5858,1.12011
22.5873,1.12011
22.5888,1.12011
22.5903,1.12012
22.5918,1.12012
22.5933,1.12012
22.5948,1.12012
22.5963,1.12013
22.5978,1.12013
22.5993,1.12013
22.6008,1.12014
22.6023,1.12014
22.6038,1.12014
22.6053,1.12014
22.6068,1.12015
22.6083,1.12015
22.6098,1.12015
22.6113,1.12016
22.6128,1.12016
22.6143,1.12016
22.6158,1.12016
22.6173,1.12017
22.6188,1.12017
22.6203,1.12017
22.6218,1.12018
22.6233,1.12018
22.6248,1.12018
22.6263,1.12019
22.6278,1.12019
22.6293,1.12019
22.6308,1.12019
22.6323,1.1202
22.6338,1.1202
22.6353,1.1202
22.6368,1.1202
22.6383,1.12021
22.6398,1.12021
22.6413,1.12021
22.6428,1.12022
22.6443,1.12022
22.6458,1.12022
22.6473,1.12023
22.6488,1.12023
22.6502,1.12023
22.6517,1.12023
22.6532,1.12024
22.6547,1.12024
22.6562,1.12024
22.6577,1.12025
22.6592,1.12025
22.6607,1.12025
22.6622,1.12026
22.6637,1.12026
22.6652,1.12026
22.6667,1.12026
22.6682,1.12027
22.6697,1.12027
22.6712,1.12027
22.6727,1.12028
22.6742,1.12028
22.6757,1.12028
22.6772,1.12029
22.6787,1.12029
22.6802,1.12029
22.6817,1.1203
22.6832,1.1203
22.6847,1.1203
22.6862,1.12031
22.6877,1.12031
22.6892,1.12031
22.6907,1.12032
22.6922,1.12032
22.6937,1.12032
22.6952,1.12033
22.6967,1.12033
22.6982,1.12033
22.6997,1.12034
22.7012,1.12034
22.7027,1.12034
22.7042,1.12035
22.7057,1.12035
22.7072,1.12035
22.7087,1.12036
22.7102,1.12036
22.7117,1.12036
22.7132,1.12037
22.7147,1.12037
22.7162,1.12037
22.7177,1.12037
22.7192,1.12038
22.7207,1.12038
22.7222,1.12038
22.7237,1.12039
22.7252,1.12039
22.7267,1.12039
22.7282,1.12039
22.7297,1.1204
22.7312,1.1204
22.7327,1.1204
22.7342,1.1204
22.7357,1.12041
22.7372,1.12041
22.7387,1.12041
22.7402,1.12041
22.7417,1.12041
22.7432,1.12042
22.7447,1.12042
22.7462,1.12042
22.7477,1.12042
22.7492,1.12043
22.7507,1.12043
22.7522,1.12043
22.7537,1.12043
22.7552,1.12043
22.7567,1.12044
22.7582,1.12044
22.7597,1.12044
22.7612,1.12044
22.7627,1.12044
22.7642,1.12044
22.7657,1.12045
22.7672,1.12045
22.7687,1.12045
22.7702,1.12045
22.7717,1.12045
22.7732,1.12046
22.7747,1.12046
22.7762,1.12046
22.7777,1.12046
22.7792,1.12046
22.7807,1.12046
22.7822,1.12047
22.7837,1.12047
22.7852,1.12047
22.7867,1.12047
22.7882,1.12047
22.7897,1.12047
22.7912,1.12047
22.7927,1.12047
22.7942,1.12048
22.7957,1.12048
22.7972,1.12048
22.7987,1.12048
22.8002,1.12048
22.8017,1.12048
22.8032,1.12048
22.8047,1.12048
22.8062,1.12048
22.8077,1.12048
22.8092,1.12048
22.8107,1.12048
22.8122,1.12048
22.8137,1.12048
22.8152,1.12048
22.8167,1.12048
22.8182,1.12048
22.8197,1.12048
22.8212,1.12048
22.8227,1.12048
22.8242,1.12048
22.8257,1.12048
22.8272,1.12048
22.8287,1.12048
22.8302,1.12048
22.8316,1.12048
22.8331,1.12048
22.8346,1.12048
22.8361,1.12048
22.8376,1.12048
22.8391,1.12048
22.8406,1.12048
22.8421,1.12048
22.8436,1.12047
22.8451,1.12047
22.8466,1.12047
22.8481,1.12047
22.8496,1.12047
22.8511,1.12047
22.8526,1.12047
22.8541,1.12046
22.8556,1.12046
22.8571,1.12046
22.8586,1.12046
22.8601,1.12046
22.8616,1.12046
22.8631,1.12045
22.8646,1.12045
22.8661,1.12045
22.8676,1.12045
22.8691,1.12044
22.8706,1.12044
22.8721,1.12044
22.8736,1.12044
22.8751,1.12044
22.8766,1.12043
22.8781,1.12043
22.8796,1.12043
22.8811,1.12043
22.8826,1.12042
22.8841,1.12042
22.8856,1.12042
22.8871,1.12041
22.8886,1.12041
22.8901,1.12041
22.8916,1.12041
22.8931,1.1204
22.8946,1.1204
22.8961,1.1204
22.8976,1.12039
22.8991,1.12039
22.9006,1.12039
22.9021,1.12038
22.9036,1.12038
22.9051,1.12038
22.9066,1.12038
22.9081,1.12037
22.9096,1.12037
22.9111,1.12037
22.9126,1.12036
22.9141,1.12036
22.9156,1.12036
22.9171,1.12035
22.9186,1.12035
22.9201,1.12035
22.9216,1.12034
22.9231,1.12034
22.9246,1.12034
22.9261,1.12033
22.9276,1.12033
22.9291,1.12033
22.9306,1.12032
22.9321,1.12032
22.9336,1.12032
22.9351,1.12031
22.9366,1.12031
22.9381,1.12031
22.9396,1.1203
22.9411,1.1203
22.9426,1.1203
22.9441,1.1203
22.9456,1.12029
22.9471,1.12029
22.9486,1.12029
22.9501,1.12028
22.9516,1.12028
22.9531,1.12028
22.9546,1.12028
22.9561,1.12027
22.9576,1.12027
22.9591,1.12027
22.9606,1.12026
22.9621,1.12026
22.9636,1.12026
22.9651,1.12026
22.9666,1.12026
22.9681,1.12025
22.9696,1.12025
22.9711,1.12025
22.9726,1.12025
22.9741,1.12025
22.9756,1.12024
22.9771,1.12024
22.9786,1.12024
22.9801,1.12024
22.9816,1.12024
22.9831,1.12024
22.9846,1.12023
22.9861,1.12023
22.9876,1.12023
22.9891,1.12023
22.9906,1.12023
22.9921,1.12023
22.9936,1.12023
22.9951,1.12023
22.9966,1.12023
22.9981,1.12022
22.9996,1.12022
23.0011,1.12022
23.0026,1.12022
23.0041,1.12022
23.0056,1.12022
23.0071,1.12022
23.0086,1.12022
23.0101,1.12022
23.0116,1.12022
23.0131,1.12022
23.0145,1.12022
23.016,1.12022
23.0175,1.12022
23.019,1.12022
23.0205,1.12022
23.022,1.12022
23.0235,1.12022
23.025,1.12023
23.0265,1.12023
23.028,1.12023
23.0295,1.12023
23.031,1.12023
23.0325,1.12023
23.034,1.12023
23.0355,1.12024
23.037,1.12024
23.0385,1.12024
23.04,1.12024
23.0415,1.12024
23.043,1.12024
23.0445,1.12025
23.046,1.12025
23.0475,1.12025
23.049,1.12025
23.0505,1.12025
23.052,1.12026
23.0535,1.12026
23.055,1.12026
23.0565,1.12027
23.058,1.12027
23.0595,1.12027
23.061,1.12027
23.0625,1.12028
23.064,1.12028
23.0655,1.12028
23.067,1.12029
23.0685,1.12029
23.07,1.12029
23.0715,1.1203
23.073,1.1203
23.0745,1.12031
23.076,1.12031
23.0775,1.12031
23.079,1.12032
23.0805,1.12032
23.082,1.12033
23.0835,1.12033
23.085,1.12034
23.0865,1.12034
23.088,1.12035
23.0895,1.12035
23.091,1.12036
23.0925,1.12036
23.094,1.12037
23.0955,1.12037
23.097,1.12038
23.0985,1.12038
23.1,1.12039
23.1015,1.1204
23.103,1.1204
23.1045,1.12041
23.106,1.12041
23.1075,1.12042
23.109,1.12043
23.1105,1.12043
23.112,1.12044
23.1135,1.12045
23.115,1.12045
23.1165,1.12046
23.118,1.12047
23.1195,1.12047
23.121,1.12048
23.1225,1.12049
23.124,1.12049
23.1255,1.1205
23.127,1.12051
23.1285,1.12052
23.13,1.12052
23.1315,1.12053
23.133,1.12054
23.1345,1.12055
23.136,1.12055
23.1375,1.12056
23.139,1.12057
23.1405,1.12058
23.142,1.12059
23.1435,1.12059
23.145,1.1206
23.1465,1.12061
23.148,1.12062
23.1495,1.12063
23.151,1.12063
23.1525,1.12064
23.154,1.12065
23.1555,1.12066
23.157,1.12067
23.1585,1.12068
23.16,1.12069
23.1615,1.12069
23.163,1.1207
23.1645,1.12071
23.166,1.12072
23.1675,1.12073
23.169,1.12074
23.1705,1.12075
23.172,1.12076
23.1735,1.12077
23.175,1.12078
23.1765,1.12079
23.178,1.1208
23.1795,1.12081
23.181,1.12082
23.1825,1.12083
23.184,1.12084
23.1855,1.12085
23.187,1.12086
23.1885,1.12087
23.19,1.12088
23.1915,1.12089
23.193,1.12089
23.1945,1.12091
23.1959,1.12092
23.1974,1.12093
23.1989,1.12094
23.2004,1.12095
23.2019,1.12096
23.2034,1.12097
23.2049,1.12098
23.2064,1.12099
23.2079,1.121
23.2094,1.12101
23.2109,1.12102
23.2124,1.12103
23.2139,1.12104
23.2154,1.12105
23.2169,1.12106
23.2184,1.12107
23.2199,1.12108
23.2214,1.12109
23.2229,1.12111
23.2244,1.12112
23.2259,1.12113
23.2274,1.12114
23.2289,1.12115
23.2304,1.12116
23.2319,1.12117
23.2334,1.12118
23.2349,1.12119
23.2364,1.12121
23.2379,1.12122
23.2394,1.12123
23.2409,1.12124
23.2424,1.12125
23.2439,1.12126
23.2454,1.12127
23.2469,1.12128
23.2484,1.12129
23.2499,1.12131
23.2514,1.12132
23.2529,1.12133
23.2544,1.12134
23.2559,1.12135
23.2574,1.12136
23.2589,1.12137
23.2604,1.12139
23.2619,1.1214
23.2634,1.12141
23.2649,1.12142
23.2664,1.12143
23.2679,1.12144
23.2694,1.12145
23.2709,1.12146
23.2724,1.12148
23.2739,1.12149
23.2754,1.1215
23.2769,1.12151
23.2784,1.12152
23.2799,1.12153
23.2814,1.12154
23.2829,1.12155
23.2844,1.12157
23.2859,1.12158
23.2874,1.12159
23.2889,1.1216
23.2904,1.12161
23.2919,1.12162
23.2934,1.12164
23.2949,1.12165
23.2964,1.12166
23.2979,1.12167
23.2994,1.12168
23.3009,1.12169
23.3024,1.1217
23.3039,1.12171
23.3054,1.12172
23.3069,1.12174
23.3084,1.12175
23.3099,1.12176
23.3114,1.12177
23.3129,1.12178
23.3144,1.12179
23.3159,1.1218
23.3174,1.12181
23.3189,1.12182
23.3204,1.12183
23.3219,1.12184
23.3234,1.12186
23.3249,1.12187
23.3264,1.12188
23.3279,1.12189
23.3294,1.1219
23.3309,1.12191
23.3324,1.12192
23.3339,1.12193
23.3354,1.12194
23.3369,1.12195
23.3384,1.12196
23.3399,1.12197
23.3414,1.12198
23.3429,1.12199
23.3444,1.122
23.3459,1.12201
23.3474,1.12201
23.3489,1.12202
23.3504,1.12203
23.3519,1.12204
23.3534,1.12205
23.3549,1.12206
23.3564,1.12207
23.3579,1.12208
23.3594,1.12209
23.3609,1.12209
23.3624,1.1221
23.3639,1.12211
23.3654,1.12212
23.3669,1.12213
23.3684,1.12213
23.3699,1.12214
23.3714,1.12215
23.3729,1.12215
23.3744,1.12216
23.3759,1.12217
23.3773,1.12218
23.3788,1.12218
23.3803,1.12219
23.3818,1.1222
23.3833,1.1222
23.3848,1.12221
23.3863,1.12221
23.3878,1.12222
23.3893,1.12222
23.3908,1.12223
23.3923,1.12224
23.3938,1.12224
23.3953,1.12224
23.3968,1.12225
23.3983,1.12225
23.3998,1.12226
23.4013,1.12226
23.4028,1.12227
23.4043,1.12227
23.4058,1.12227
23.4073,1.12228
23.4088,1.12228
23.4103,1.12229
23.4118,1.12229
23.4133,1.12229
23.4148,1.1223
23.4163,1.1223
23.4178,1.1223
23.4193,1.1223
23.4208,1.12231
23.4223,1.12231
23.4238,1.12231
23.4253,1.12231
23.4268,1.12231
23.4283,1.12232
23.4298,1.12232
23.4313,1.12232
23.4328,1.12232
23.4343,1.12232
23.4358,1.12232
23.4373,1.12232
23.4388,1.12233
23.4403,1.12232
23.4418,1.12233
23.4433,1.12233
23.4448,1.12233
23.4463,1.12233
23.4478,1.12233
23.4493,1.12233
23.4508,1.12233
23.4523,1.12232
23.4538,1.12232
23.4553,1.12232
23.4568,1.12232
23.4583,1.12232
23.4598,1.12232
23.4613,1.12232
23.4628,1.12232
23.4643,1.12232
23.4658,1.12232
23.4673,1.12231
23.4688,1.12231
23.4703,1.12231
23.4718,1.12231
23.4733,1.1223
23.4748,1.1223
23.4763,1.1223
23.4778,1.1223
23.4793,1.1223
23.4808,1.12229
23.4823,1.12229
23.4838,1.12229
23.4853,1.12228
23.4868,1.12228
23.4883,1.12228
23.4898,1.12228
23.4913,1.12227
23.4928,1.12227
23.4943,1.12227
23.4958,1.12226
23.4973,1.12226
23.4988,1.12226
23.5003,1.12225
23.5018,1.12225
23.5033,1.12224
23.5048,1.12224
23.5063,1.12224
23.5078,1.12223
23.5093,1.12223
23.5108,1.12222
23.5123,1.12222
23.5138,1.12222
23.5153,1.12221
23.5168,1.12221
23.5183,1.1222
23.5198,1.1222
23.5213,1.1222
23.5228,1.12219
23.5243,1.12218
23.5258,1.12218
23.5273,1.12217
23.5288,1.12217
23.5303,1.12217
23.5318,1.12216
23.5333,1.12216
23.5348,1.12215
23.5363,1.12215
23.5378,1.12214
23.5393,1.12214
23.5408,1.12213
23.5423,1.12213
23.5438,1.12212
23.5453,1.12212
23.5468,1.12211
23.5483,1.12211
23.5498,1.1221
23.5513,1.1221
23.5528,1.12209
23.5543,1.12209
23.5558,1.12208
23.5573,1.12208
23.5588,1.12207
23.5602,1.12207
23.5617,1.12206
23.5632,1.12206
23.5647,1.12205
23.5662,1.12204
23.5677,1.12204
23.5692,1.12203
23.5707,1.12203
23.5722,1.12202
23.5737,1.12202
23.5752,1.12201
23.5767,1.122
23.5782,1.122
23.5797,1.12199
23.5812,1.12199
23.5827,1.12198
23.5842,1.12198
23.5857,1.12197
23.5872,1.12196
23.5887,1.12196
23.5902,1.12195
23.5917,1.12195
23.5932,1.12194
23.5947,1.12194
23.5962,1.12193
23.5977,1.12192
23.5992,1.12192
23.6007,1.12191
23.6022,1.1219
23.6037,1.1219
23.6052,1.12189
23.6067,1.12189
23.6082,1.12188
23.6097,1.12188
23.6112,1.12187
23.6127,1.12186
23.6142,1.12186
23.6157,1.12185
23.6172,1.12185
23.6187,1.12184
23.6202,1.12183
23.6217,1.12183
23.6232,1.12182
23.6247,1.12182
23.6262,1.12181
23.6277,1.12181
23.6292,1.1218
23.6307,1.12179
23.6322,1.12179
23.6337,1.12178
23.6352,1.12178
23.6367,1.12177
23.6382,1.12176
23.6397,1.12176
23.6412,1.12175
23.6427,1.12175
23.6442,1.12174
23.6457,1.12173
23.6472,1.12173
23.6487,1.12172
23.6502,1.12172
23.6517,1.12171
23.6532,1.1217
23.6547,1.1217
23.6562,1.12169
23.6577,1.12169
23.6592,1.12168
23.6607,1.12167
23.6622,1.12167
23.6637,1.12166
23.6652,1.12165
23.6667,1.12165
23.6682,1.12164
23.6697,1.12164
23.6712,1.12163
23.6727,1.12162
23.6742,1.12162
23.6757,1.12161
23.6772,1.1216
23.6787,1.1216
23.6802,1.12159
23.6817,1.12159
23.6832,1.12158
23.6847,1.12157
23.6862,1.12156
23.6877,1.12156
23.6892,1.12155
23.6907,1.12154
23.6922,1.12154
23.6937,1.12153
23.6952,1.12152
23.6967,1.12152
23.6982,1.12151
23.6997,1.1215
23.7012,1.12149
23.7027,1.12149
23.7042,1.12148
23.7057,1.12147
23.7072,1.12146
23.7087,1.12146
23.7102,1.12145
23.7117,1.12144
23.7132,1.12143
23.7147,1.12143
23.7162,1.12142
23.7177,1.12141
23.7192,1.1214
23.7207,1.12139
23.7222,1.12139
23.7237,1.12138
23.7252,1.12137
23.7267,1.12136
23.7282,1.12135
23.7297,1.12135
23.7312,1.12134
23.7327,1.12133
23.7342,1.12132
23.7357,1.12131
23.7372,1.1213
23.7387,1.1213
23.7402,1.12129
23.7416,1.12128
23.7431,1.12127
23.7446,1.12126
23.7461,1.12125
23.7476,1.12124
23.7491,1.12123
23.7506,1.12122
23.7521,1.12121
23.7536,1.12121
23.7551,1.1212
23.7566,1.12119
23.7581,1.12118
23.7596,1.12117
23.7611,1.12116
23.7626,1.12115
23.7641,1.12114
23.7656,1.12113
23.7671,1.12113
23.7686,1.12112
23.7701,1.12111
23.7716,1.1211
23.7731,1.12109
23.7746,1.12108
23.7761,1.12107
23.7776,1.12106
23.7791,1.12106
23.7806,1.12105
23.7821,1.12104
23.7836,1.12103
23.7851,1.12102
23.7866,1.12101
23.7881,1.12101
23.7896,1.121
23.7911,1.12099
23.7926,1.12098
23.7941,1.12097
23.7956,1.12097
23.7971,1.12096
23.7986,1.12095
23.8001,1.12094
23.8016,1.12094
23.8031,1.12093
23.8046,1.12092
23.8061,1.12092
23.8076,1.12091
23.8091,1.1209
23.8106,1.12089
23.8121,1.12089
23.8136,1.12088
23.8151,1.12087
23.8166,1.12087
23.8181,1.12086
23.8196,1.12085
23.8211,1.12085
23.8226,1.12084
23.8241,1.12084
23.8256,1.12083
23.8271,1.12083
23.8286,1.12082
23.8301,1.12082
23.8316,1.12081
23.8331,1.1208
23.8346,1.1208
23.8361,1.12079
23.8376,1.12079
23.8391,1.12079
23.8406,1.12078
23.8421,1.12078
23.8436,1.12077
23.8451,1.12077
23.8466,1.12077
23.8481,1.12076
23.8496,1.12076
23.8511,1.12076
23.8526,1.12075
23.8541,1.12075
23.8556,1.12075
23.8571,1.12074
23.8586,1.12074
23.8601,1.12074
23.8616,1.12074
23.8631,1.12074
23.8646,1.12073
23.8661,1.12073
23.8676,1.12073
23.8691,1.12073
23.8706,1.12073
23.8721,1.12072
23.8736,1.12072
23.8751,1.12072
23.8766,1.12072
23.8781,1.12072
23.8796,1.12072
23.8811,1.12072
23.8826,1.12072
23.8841,1.12072
23.8856,1.12072
23.8871,1.12072
23.8886,1.12072
23.8901,1.12072
23.8916,1.12072
23.8931,1.12072
23.8946,1.12072
23.8961,1.12072
23.8976,1.12072
23.8991,1.12072
23.9006,1.12072
23.9021,1.12072
23.9036,1.12072
23.9051,1.12072
23.9066,1.12072
23.9081,1.12072
23.9096,1.12072
23.9111,1.12072
23.9126,1.12073
23.9141,1.12073
23.9156,1.12073
23.9171,1.12073
23.9186,1.12073
23.9201,1.12073
23.9216,1.12073
23.923,1.12073
23.9245,1.12074
23.926,1.12074
23.9275,1.12074
23.929,1.12074
23.9305,1.12074
23.932,1.12074
23.9335,1.12075
23.935,1.12075
23.9365,1.12075
23.938,1.12075
23.9395,1.12075
23.941,1.12076
23.9425,1.12076
23.944,1.12076
23.9455,1.12076
23.947,1.12076
23.9485,1.12076
23.95,1.12077
23.9515,1.12077
23.953,1.12077
23.9545,1.12077
23.956,1.12077
23.9575,1.12077
23.959,1.12078
23.9605,1.12078
23.962,1.12078
23.9635,1.12078
23.965,1.12078
23.9665,1.12078
23.968,1.12079
23.9695,1.12079
23.971,1.12079
23.9725,1.12079
23.974,1.12079
23.9755,1.12079
23.977,1.12079
23.9785,1.12079
23.98,1.12079
23.9815,1.12079
23.983,1.12079
23.9845,1.12079
23.986,1.12079
23.9875,1.12079
23.989,1.12079
23.9905,1.12079
23.992,1.12079
23.9935,1.12079
23.995,1.12079
23.9965,1.12079
23.998,1.12079
23.9995,1.12079
24.001,1.12079
24.0025,1.12079
24.004,1.12079
24.0055,1.12079
24.007,1.12078
24.0085,1.12078
24.01,1.12078
24.0115,1.12078
24.013,1.12078
24.0145,1.12078
24.016,1.12078
24.0175,1.12077
24.019,1.12077
24.0205,1.12077
24.022,1.12077
24.0235,1.12077
24.025,1.12076
24.0265,1.12076
24.028,1.12076
24.0295,1.12075
24.031,1.12075
24.0325,1.12075
24.034,1.12075
24.0355,1.12074
24.037,1.12074
24.0385,1.12073
24.04,1.12073
24.0415,1.12073
24.043,1.12072
24.0445,1.12072
24.046,1.12072
24.0475,1.12071
24.049,1.12071
24.0505,1.1207
24.052,1.1207
24.0535,1.12069
24.055,1.12069
24.0565,1.12068
24.058,1.12068
24.0595,1.12067
24.061,1.12067
24.0625,1.12066
24.064,1.12066
24.0655,1.12065
24.067,1.12064
24.0685,1.12064
24.07,1.12063
24.0715,1.12063
24.073,1.12062
24.0745,1.12061
24.076,1.12061
24.0775,1.1206
24.079,1.12059
24.0805,1.12059
24.082,1.12058
24.0835,1.12057
24.085,1.12057
24.0865,1.12056
24.088,1.12055
24.0895,1.12054
24.091,1.12054
24.0925,1.12053
24.094,1.12052
24.0955,1.12051
24.097,1.12051
24.0985,1.1205
24.1,1.12049
24.1015,1.12048
24.103,1.12047
24.1045,1.12047
24.1059,1.12046
24.1074,1.12045
24.1089,1.12044
24.1104,1.12043
24.1119,1.12042
24.1134,1.12042
24.1149,1.12041
24.1164,1.1204
24.1179,1.12039
24.1194,1.12038
24.1209,1.12037
24.1224,1.12036
24.1239,1.12035
24.1254,1.12034
24.1269,1.12034
24.1284,1.12033
24.1299,1.12032
24.1314,1.12031
24.1329,1.1203
24.1344,1.12029
24.1359,1.12028
24.1374,1.12027
24.1389,1.12026
24.1404,1.12025
24.1419,1.12024
24.1434,1.12023
24.1449,1.12022
24.1464,1.12021
24.1479,1.1202
24.1494,1.12019
24.1509,1.12018
24.1524,1.12017
24.1539,1.12016
24.1554,1.12015
24.1569,1.12014
24.1584,1.12013
24.1599,1.12013
24.1614,1.12012
24.1629,1.12011
24.1644,1.1201
24.1659,1.12009
24.1674,1.12008
24.1689,1.12007
24.1704,1.12006
24.1719,1.12005
24.1734,1.12004
24.1749,1.12003
24.1764,1.12002
24.1779,1.12001
24.1794,1.12
24.1809,1.11999
24.1824,1.11998
24.1839,1.11997
24.1854,1.11996
24.1869,1.11995
24.1884,1.11994
24.1899,1.11993
24.1914,1.11992
24.1929,1.11992
24.1944,1.1199
24.1959,1.1199
24.1974,1.11989
24.1989,1.11988
24.2004,1.11987
24.2019,1.11986
24.2034,1.11985
24.2049,1.11984
24.2064,1.11983
24.2079,1.11982
24.2094,1.11981
24.2109,1.1198
24.2124,1.1198
24.2139,1.11979
24.2154,1.11978
24.2169,1.11977
24.2184,1.11976
24.2199,1.11975
24.2214,1.11974
24.2229,1.11973
24.2244,1.11973
24.2259,1.11972
24.2274,1.11971
24.2289,1.1197
24.2304,1.11969
24.2319,1.11968
24.2334,1.11968
24.2349,1.11967
24.2364,1.11966
24.2379,1.11965
24.2394,1.11964
24.2409,1.11963
24.2424,1.11963
24.2439,1.11962
24.2454,1.11961
24.2469,1.1196
24.2484,1.1196
24.2499,1.11959
24.2514,1.11958
24.2529,1.11957
24.2544,1.11957
24.2559,1.11956
24.2574,1.11955
24.2589,1.11955
24.2604,1.11954
24.2619,1.11953
24.2634,1.11953
24.2649,1.11952
24.2664,1.11951
24.2679,1.1195
24.2694,1.1195
24.2709,1.11949
24.2724,1.11949
24.2739,1.11948
24.2754,1.11947
24.2769,1.11947
24.2784,1.11946
24.2799,1.11945
24.2814,1.11945
24.2829,1.11944
24.2844,1.11944
24.2859,1.11943
24.2873,1.11942
24.2888,1.11942
24.2903,1.11941
24.2918,1.11941
24.2933,1.1194
24.2948,1.1194
24.2963,1.11939
24.2978,1.11938
24.2993,1.11938
24.3008,1.11937
24.3023,1.11937
24.3038,1.11936
24.3053,1.11936
24.3068,1.11935
24.3083,1.11935
24.3098,1.11934
24.3113,1.11934
24.3128,1.11933
24.3143,1.11933
24.3158,1.11932
24.3173,1.11932
24.3188,1.11932
24.3203,1.11931
24.3218,1.11931
24.3233,1.1193
24.3248,1.1193
24.3263,1.1193
24.3278,1.11929
24.3293,1.11929
24.3308,1.11928
24.3323,1.11928
24.3338,1.11927
24.3353,1.11927
24.3368,1.11927
24.3383,1.11926
24.3398,1.11926
24.3413,1.11926
24.3428,1.11925
24.3443,1.11925
24.3458,1.11925
24.3473,1.11924
24.3488,1.11924
24.3503,1.11924
24.3518,1.11923
24.3533,1.11923
24.3548,1.11923
24.3563,1.11923
24.3578,1.11922
24.3593,1.11922
24.3608,1.11922
24.3623,1.11922
24.3638,1.11921
24.3653,1.11921
24.3668,1.11921
24.3683,1.11921
24.3698,1.1192
24.3713,1.1192
24.3728,1.1192
24.3743,1.1192
24.3758,1.11919
24.3773,1.11919
24.3788,1.11919
24.3803,1.11919
24.3818,1.11919
24.3833,1.11919
24.3848,1.11919
24.3863,1.11918
24.3878,1.11918
24.3893,1.11918
24.3908,1.11918
24.3923,1.11918
24.3938,1.11918
24.3953,1.11918
24.3968,1.11918
24.3983,1.11918
24.3998,1.11918
24.4013,1.11918
24.4028,1.11917
24.4043,1.11917
24.4058,1.11917
24.4073,1.11917
24.4088,1.11917
24.4103,1.11917
24.4118,1.11917
24.4133,1.11917
24.4148,1.11917
24.4163,1.11917
24.4178,1.11917
24.4193,1.11917
24.4208,1.11917
24.4223,1.11918
24.4238,1.11918
24.4253,1.11918
24.4268,1.11918
24.4283,1.11918
24.4298,1.11918
24.4313,1.11918
24.4328,1.11918
24.4343,1.11918
24.4358,1.11918
24.4373,1.11918
24.4388,1.11919
24.4403,1.11919
24.4418,1.11919
24.4433,1.11919
24.4448,1.11919
24.4463,1.11919
24.4478,1.1192
24.4493,1.1192
24.4508,1.1192
24.4523,1.1192
24.4538,1.1192
24.4553,1.1192
24.4568,1.11921
24.4583,1.11921
24.4598,1.11921
24.4613,1.11921
24.4628,1.11922
24.4643,1.11922
24.4658,1.11922
24.4673,1.11922
24.4688,1.11922
24.4702,1.11923
24.4717,1.11923
24.4732,1.11923
24.4747,1.11923
24.4762,1.11924
24.4777,1.11924
24.4792,1.11924
24.4807,1.11925
24.4822,1.11925
24.4837,1.11925
24.4852,1.11925
24.4867,1.11926
24.4882,1.11926
24.4897,1.11926
24.4912,1.11927
24.4927,1.11927
24.4942,1.11927
24.4957,1.11928
24.4972,1.11928
24.4987,1.11928
24.5002,1.11928
24.5017,1.11929
24.5032,1.11929
24.5047,1.11929
24.5062,1.1193
24.5077,1.1193
24.5092,1.1193
24.5107,1.11931
24.5122,1.11931
24.5137,1.11931
24.5152,1.11932
24.5167,1.11932
24.5182,1.11932
24.5197,1.11933
24.5212,1.11933
24.5227,1.11933
24.5242,1.11934
24.5257,1.11934
24.5272,1.11934
24.5287,1.11935
24.5302,1.11935
24.5317,1.11935
24.5332,1.11936
24.5347,1.11936
24.5362,1.11937
24.5377,1.11937
24.5392,1.11937
24.5407,1.11938
24.5422,1.11938
24.5437,1.11938
24.5452,1.11939
24.5467,1.11939
24.5482,1.1194
24.5497,1.1194
24.5512,1.11941
24.5527,1.11941
24.5542,1.11941
24.5557,1.11942
24.5572,1.11942
24.5587,1.11943
24.5602,1.11943
24.5617,1.11944
24.5632,1.11944
24.5647,1.11945
24.5662,1.11945
24.5677,1.11946
24.5692,1.11946
24.5707,1.11947
24.5722,1.11947
24.5737,1.11947
24.5752,1.11948
24.5767,1.11948
24.5782,1.11949
24.5797,1.11949
24.5812,1.1195
24.5827,1.1195
24.5842,1.11951
24.5857,1.11951
24.5872,1.11952
24.5887,1.11953
24.5902,1.11953
24.5917,1.11954
24.5932,1.11954
24.5947,1.11955
24.5962,1.11955
24.5977,1.11956
24.5992,1.11956
24.6007,1.11957
24.6022,1.11957
24.6037,1.11958
24.6052,1.11958
24.6067,1.11959
24.6082,1.11959
24.6097,1.1196
24.6112,1.1196
24.6127,1.11961
24.6142,1.11961
24.6157,1.11962
24.6172,1.11962
24.6187,1.11963
24.6202,1.11963
24.6217,1.11964
24.6232,1.11964
24.6247,1.11965
24.6262,1.11965
24.6277,1.11966
24.6292,1.11966
24.6307,1.11967
24.6322,1.11967
24.6337,1.11968
24.6352,1.11968
24.6367,1.11969
24.6382,1.11969
24.6397,1.1197
24.6412,1.1197
24.6427,1.1197
24.6442,1.11971
24.6457,1.11971
24.6472,1.11971
24.6487,1.11972
24.6502,1.11972
24.6516,1.11973
24.6531,1.11973
24.6546,1.11973
24.6561,1.11974
24.6576,1.11974
24.6591,1.11974
24.6606,1.11975
24.6621,1.11975
24.6636,1.11975
24.6651,1.11976
24.6666,1.11976
24.6681,1.11976
24.6696,1.11976
24.6711,1.11977
24.6726,1.11977
24.6741,1.11977
24.6756,1.11978
24.6771,1.11978
24.6786,1.11978
24.6801,1.11978
24.6816,1.11978
24.6831,1.11978
24.6846,1.11979
24.6861,1.11979
24.6876,1.11979
24.6891,1.11979
24.6906,1.11979
24.6921,1.11979
24.6936,1.11979
24.6951,1.1198
24.6966,1.1198
24.6981,1.1198
24.6996,1.1198
24.7011,1.1198
24.7026,1.1198
24.7041,1.1198
24.7056,1.1198
24.7071,1.1198
24.7086,1.1198
24.7101,1.1198
24.7116,1.1198
24.7131,1.1198
24.7146,1.1198
24.7161,1.1198
24.7176,1.1198
24.7191,1.1198
24.7206,1.1198
24.7221,1.1198
24.7236,1.1198
24.7251,1.1198
24.7266,1.1198
24.7281,1.1198
24.7296,1.1198
24.7311,1.1198
24.7326,1.1198
24.7341,1.1198
24.7356,1.1198
24.7371,1.1198
24.7386,1.1198
24.7401,1.1198
24.7416,1.11979
24.7431,1.11979
24.7446,1.11979
24.7461,1.11979
24.7476,1.11979
24.7491,1.11979
24.7506,1.11979
24.7521,1.11979
24.7536,1.11978
24.7551,1.11978
24.7566,1.11978
24.7581,1.11978
24.7596,1.11978
24.7611,1.11978
24.7626,1.11978
24.7641,1.11978
24.7656,1.11977
24.7671,1.11977
24.7686,1.11977
24.7701,1.11977
24.7716,1.11977
24.7731,1.11977
24.7746,1.11976
24.7761,1.11976
24.7776,1.11976
24.7791,1.11976
24.7806,1.11976
24.7821,1.11976
24.7836,1.11976
24.7851,1.11975
24.7866,1.11975
24.7881,1.11975
24.7896,1.11975
24.7911,1.11975
24.7926,1.11974
24.7941,1.11974
24.7956,1.11974
24.7971,1.11974
24.7986,1.11974
24.8001,1.11974
24.8016,1.11973
24.8031,1.11973
24.8046,1.11973
24.8061,1.11973
24.8076,1.11973
24.8091,1.11972
24.8106,1.11972
24.8121,1.11972
24.8136,1.11972
24.8151,1.11972
24.8166,1.11971
24.8181,1.11971
24.8196,1.11971
24.8211,1.11971
24.8226,1.1197
24.8241,1.1197
24.8256,1.1197
24.8271,1.1197
24.8286,1.1197
24.8301,1.11969
24.8316,1.11969
24.833,1.11969
24.8345,1.11969
24.836,1.11969
24.8375,1.11968
24.839,1.11968
24.8405,1.11968
24.842,1.11968
24.8435,1.11967
24.845,1.11967
24.8465,1.11967
24.848,1.11967
24.8495,1.11966
24.851,1.11966
24.8525,1.11966
24.854,1.11966
24.8555,1.11965
24.857,1.11965
24.8585,1.11965
24.86,1.11965
24.8615,1.11965
24.863,1.11964
24.8645,1.11964
24.866,1.11964
24.8675,1.11964
24.869,1.11963
24.8705,1.11963
24.872,1.11963
24.8735,1.11963
24.875,1.11962
24.8765,1.11962
24.878,1.11962
24.8795,1.11961
24.881,1.11961
24.8825,1.11961
24.884,1.11961
24.8855,1.1196
24.887,1.1196
24.8885,1.1196
24.89,1.1196
24.8915,1.11959
24.893,1.11959
24.8945,1.11959
24.896,1.11958
24.8975,1.11958
24.899,1.11958
24.9005,1.11958
24.902,1.11957
24.9035,1.11957
24.905,1.11957
24.9065,1.11956
24.908,1.11956
24.9095,1.11956
24.911,1.11955
24.9125,1.11955
24.914,1.11955
24.9155,1.11955
24.917,1.11954
24.9185,1.11954
24.92,1.11954
24.9215,1.11953
24.923,1.11953
24.9245,1.11953
24.926,1.11952
24.9275,1.11952
24.929,1.11952
24.9305,1.11951
24.932,1.11951
24.9335,1.11951
24.935,1.1195
24.9365,1.1195
24.938,1.1195
24.9395,1.1195
24.941,1.11949
24.9425,1.11949
24.944,1.11949
24.9455,1.11948
24.947,1.11948
24.9485,1.11948
24.95,1.11948
24.9515,1.11947
24.953,1.11947
24.9545,1.11947
24.956,1.11946
24.9575,1.11946
24.959,1.11946
24.9605,1.11946
24.962,1.11945
24.9635,1.11945
24.965,1.11945
24.9665,1.11944
24.968,1.11944
24.9695,1.11944
24.971,1.11944
24.9725,1.11944
24.974,1.11943
24.9755,1.11943
24.977,1.11943
24.9785,1.11942
24.98,1.11942
24.9815,1.11942
24.983,1.11942
24.9845,1.11942
24.986,1.11941
24.9875,1.11941
24.989,1.11941
24.9905,1.11941
24.992,1.11941
24.9935,1.1194
24.995,1.1194
24.9965,1.1194
24.998,1.1194
24.9995,1.11939
25.001,1.11939
25.0025,1.11939
25.004,1.11939
25.0055,1.11939
25.007,1.11938
25.0085,1.11938
25.01,1.11938
25.0115,1.11938
25.013,1.11938
25.0145,1.11938
25.0159,1.11938
25.0174,1.11937
25.0189,1.11937
25.0204,1.11937
25.0219,1.11937
25.0234,1.11937
25.0249,1.11937
25.0264,1.11937
25.0279,1.11936
25.0294,1.11936
25.0309,1.11936
25.0324,1.11936
25.0339,1.11936
25.0354,1.11936
25.0369,1.11936
25.0384,1.11935
25.0399,1.11935
25.0414,1.11935
25.0429,1.11935
25.0444,1.11935
25.0459,1.11935
25.0474,1.11935
25.0489,1.11935
25.0504,1.11934
25.0519,1.11934
25.0534,1.11934
25.0549,1.11934
25.0564,1.11934
25.0579,1.11934
25.0594,1.11934
25.0609,1.11934
25.0624,1.11934
25.0639,1.11934
25.0654,1.11933
25.0669,1.11933
25.0684,1.11933
25.0699,1.11933
25.0714,1.11933
25.0729,1.11933
25.0744,1.11933
25.0759,1.11933
25.0774,1.11933
25.0789,1.11932
25.0804,1.11932
25.0819,1.11932
25.0834,1.11932
25.0849,1.11932
25.0864,1.11932
25.0879,1.11932
25.0894,1.11932
25.0909,1.11932
25.0924,1.11932
25.0939,1.11931
25.0954,1.11931
25.0969,1.11931
25.0984,1.11931
25.0999,1.11931
25.1014,1.11931
25.1029,1.11931
25.1044,1.11931
25.1059,1.11931
25.1074,1.11931
25.1089,1.11931
25.1104,1.11931
25.1119,1.11931
25.1134,1.11931
25.1149,1.11931
25.1164,1.11931
25.1179,1.11931
25.1194,1.1193
25.1209,1.1193
25.1224,1.1193
25.1239,1.1193
25.1254,1.1193
25.1269,1.1193
25.1284,1.1193
25.1299,1.1193
25.1314,1.1193
25.1329,1.1193
25.1344,1.1193
25.1359,1.1193
25.1374,1.1193
25.1389,1.1193
25.1404,1.1193
25.1419,1.1193
25.1434,1.1193
25.1449,1.1193
25.1464,1.1193
25.1479,1.1193
25.1494,1.1193
25.1509,1.1193
25.1524,1.1193
25.1539,1.1193
25.1554,1.1193
25.1569,1.1193
25.1584,1.1193
25.1599,1.1193
25.1614,1.1193
25.1629,1.1193
25.1644,1.1193
25.1659,1.1193
25.1674,1.1193
25.1689,1.1193
25.1704,1.1193
25.1719,1.1193
25.1734,1.1193
25.1749,1.11931
25.1764,1.11931
25.1779,1.11931
25.1794,1.11931
25.1809,1.11931
25.1824,1.11931
25.1839,1.11931
25.1854,1.11931
25.1869,1.11932
25.1884,1.11932
25.1899,1.11932
25.1914,1.11932
25.1929,1.11932
25.1944,1.11932
25.1959,1.11933
25.1973,1.11933
25.1988,1.11933
25.2003,1.11933
25.2018,1.11933
25.2033,1.11934
25.2048,1.11934
25.2063,1.11934
25.2078,1.11934
25.2093,1.11935
25.2108,1.11935
25.2123,1.11935
25.2138,1.11935
25.2153,1.11936
25.2168,1.11936
25.2183,1.11936
25.2198,1.11937
25.2213,1.11937
25.2228,1.11937
25.2243,1.11938
25.2258,1.11938
25.2273,1.11938
25.2288,1.11939
25.2303,1.11939
25.2318,1.11939
25.2333,1.1194
25.2348,1.1194
25.2363,1.11941
25.2378,1.11941
25.2393,1.11941
25.2408,1.11942
25.2423,1.11942
25.2438,1.11943
25.2453,1.11943
25.2468,1.11944
25.2483,1.11944
25.2498,1.11945
25.2513,1.11945
25.2528,1.11946
25.2543,1.11946
25.2558,1.11946
25.2573,1.11947
25.2588,1.11948
25.2603,1.11948
25.2618,1.11949
25.2633,1.11949
25.2648,1.1195
25.2663,1.1195
25.2678,1.11951
25.2693,1.11952
25.2708,1.11952
25.2723,1.11953
25.2738,1.11953
25.2753,1.11954
25.2768,1.11955
25.2783,1.11955
25.2798,1.11956
25.2813,1.11956
25.2828,1.11957
25.2843,1.11957
25.2858,1.11958
25.2873,1.11959
25.2888,1.1196
25.2903,1.1196
25.2918,1.11961
25.2933,1.11961
25.2948,1.11962
25.2963,1.11963
25.2978,1.11964
25.2993,1.11964
25.3008,1.11965
25.3023,1.11966
25.3038,1.11966
25.3053,1.11967
25.3068,1.11968
25.3083,1.11969
25.3098,1.11969
25.3113,1.1197
25.3128,1.11971
25.3143,1.11972
25.3158,1.11972
25.3173,1.11973
25.3188,1.11974
25.3203,1.11974
25.3218,1.11975
25.3233,1.11976
25.3248,1.11977
25.3263,1.11978
25.3278,1.11978
25.3293,1.11979
25.3308,1.1198
25.3323,1.11981
25.3338,1.11981
25.3353,1.11982
25.3368,1.11983
25.3383,1.11984
25.3398,1.11985
25.3413,1.11986
25.3428,1.11986
25.3443,1.11987
25.3458,1.11988
25.3473,1.11989
25.3488,1.11989
25.3503,1.1199
25.3518,1.11991
25.3533,1.11992
25.3548,1.11993
25.3563,1.11994
25.3578,1.11994
25.3593,1.11995
25.3608,1.11996
25.3623,1.11997
25.3638,1.11998
25.3653,1.11999
25.3668,1.12
25.3683,1.12
25.3698,1.12002
25.3713,1.12002
25.3728,1.12003
25.3743,1.12004
25.3758,1.12005
25.3773,1.12006
25.3787,1.12007
25.3802,1.12007
25.3817,1.12008
25.3832,1.12009
25.3847,1.1201
25.3862,1.12011
25.3877,1.12012
25.3892,1.12013
25.3907,1.12014
25.3922,1.12015
25.3937,1.12015
25.3952,1.12016
25.3967,1.12017
25.3982,1.12018
25.3997,1.12019
25.4012,1.1202
25.4027,1.12021
25.4042,1.12022
25.4057,1.12022
25.4072,1.12023
25.4087,1.12024
25.4102,1.12025
25.4117,1.12026
25.4132,1.12027
25.4147,1.12028
25.4162,1.12029
25.4177,1.1203
25.4192,1.1203
25.4207,1.12031
25.4222,1.12032
25.4237,1.12033
25.4252,1.12034
25.4267,1.12035
25.4282,1.12036
25.4297,1.12036
25.4312,1.12037
25.4327,1.12038
25.4342,1.12039
25.4357,1.1204
25.4372,1.12041
25.4387,1.12042
25.4402,1.12042
25.4417,1.12043
25.4432,1.12044
25.4447,1.12045
25.4462,1.12046
25.4477,1.12047
25.4492,1.12048
25.4507,1.12048
25.4522,1.12049
25.4537,1.1205
25.4552,1.12051
25.4567,1.12052
25.4582,1.12053
25.4597,1.12053
25.4612,1.12054
25.4627,1.12055
25.4642,1.12056
25.4657,1.12057
25.4672,1.12058
25.4687,1.12058
25.4702,1.12059
25.4717,1.1206
25.4732,1.12061
25.4747,1.12062
25.4762,1.12063
25.4777,1.12063
25.4792,1.12064
25.4807,1.12065
25.4822,1.12066
25.4837,1.12067
25.4852,1.12067
25.4867,1.12068
25.4882,1.12069
25.4897,1.1207
25.4912,1.12071
25.4927,1.12072
25.4942,1.12073
25.4957,1.12073
25.4972,1.12074
25.4987,1.12075
25.5002,1.12076
25.5017,1.12077
25.5032,1.12077
25.5047,1.12078
25.5062,1.12079
25.5077,1.1208
25.5092,1.12081
25.5107,1.12082
25.5122,1.12083
25.5137,1.12083
25.5152,1.12084
25.5167,1.12085
25.5182,1.12086
25.5197,1.12087
25.5212,1.12088
25.5227,1.12089
25.5242,1.12089
25.5257,1.1209
25.5272,1.12091
25.5287,1.12092
25.5302,1.12093
25.5317,1.12094
25.5332,1.12095
25.5347,1.12096
25.5362,1.12097
25.5377,1.12098
25.5392,1.12098
25.5407,1.12099
25.5422,1.121
25.5437,1.12101
25.5452,1.12102
25.5467,1.12103
25.5482,1.12104
25.5497,1.12105
25.5512,1.12106
25.5527,1.12107
25.5542,1.12108
25.5557,1.12108
25.5572,1.12109
25.5587,1.1211
25.5602,1.12111
25.5616,1.12112
25.5631,1.12113
25.5646,1.12114
25.5661,1.12115
25.5676,1.12116
25.5691,1.12117
25.5706,1.12118
25.5721,1.12119
25.5736,1.1212
25.5751,1.12121
25.5766,1.12122
25.5781,1.12123
25.5796,1.12124
25.5811,1.12125
25.5826,1.12126
25.5841,1.12127
25.5856,1.12128
25.5871,1.12129
25.5886,1.1213
25.5901,1.12131
25.5916,1.12132
25.5931,1.12133
25.5946,1.12134
25.5961,1.12135
25.5976,1.12136
25.5991,1.12137
25.6006,1.12138
25.6021,1.12139
25.6036,1.1214
25.6051,1.12141
25.6066,1.12142
25.6081,1.12143
25.6096,1.12144
25.6111,1.12145
25.6126,1.12146
25.6141,1.12147
25.6156,1.12148
25.6171,1.12149
25.6186,1.1215
25.6201,1.12151
25.6216,1.12152
25.6231,1.12153
25.6246,1.12154
25.6261,1.12155
25.6276,1.12156
25.6291,1.12157
25.6306,1.12158
25.6321,1.12159
25.6336,1.1216
25.6351,1.12161
25.6366,1.12161
25.6381,1.12162
25.6396,1.12163
25.6411,1.12164
25.6426,1.12165
25.6441,1.12166
25.6456,1.12167
25.6471,1.12168
25.6486,1.12169
25.6501,1.1217
25.6516,1.12171
25.6531,1.12172
25.6546,1.12173
25.6561,1.12174
25.6576,1.12175
25.6591,1.12175
25.6606,1.12176
25.6621,1.12177
25.6636,1.12178
25.6651,1.12179
25.6666,1.1218
25.6681,1.12181
25.6696,1.12182
25.6711,1.12183
25.6726,1.12184
25.6741,1.12185
25.6756,1.12185
25.6771,1.12186
25.6786,1.12187
25.6801,1.12188
25.6816,1.12189
25.6831,1.1219
25.6846,1.12191
25.6861,1.12192
25.6876,1.12192
25.6891,1.12194
25.6906,1.12194
25.6921,1.12195
25.6936,1.12196
25.6951,1.12197
25.6966,1.12198
25.6981,1.12199
25.6996,1.122
25.7011,1.12201
25.7026,1.12202
25.7041,1.12203
25.7056,1.12204
25.7071,1.12204
25.7086,1.12205
25.7101,1.12206
25.7116,1.12207
25.7131,1.12208
25.7146,1.12209
25.7161,1.1221
25.7176,1.12211
25.7191,1.12212
25.7206,1.12213
25.7221,1.12214
25.7236,1.12215
25.7251,1.12216
25.7266,1.12217
25.7281,1.12218
25.7296,1.12219
25.7311,1.1222
25.7326,1.12221
25.7341,1.12222
25.7356,1.12223
25.7371,1.12224
25.7386,1.12225
25.7401,1.12226
25.7416,1.12227
25.743,1.12228
25.7445,1.12229
25.746,1.1223
25.7475,1.12231
25.749,1.12232
25.7505,1.12233
25.752,1.12234
25.7535,1.12235
25.755,1.12236
25.7565,1.12237
25.758,1.12238
25.7595,1.12239
25.761,1.1224
25.7625,1.12241
25.764,1.12242
25.7655,1.12243
25.767,1.12244
25.7685,1.12245
25.77,1.12246
25.7715,1.12247
25.773,1.12249
25.7745,1.1225
25.776,1.12251
25.7775,1.12252
25.779,1.12253
25.7805,1.12254
25.782,1.12255
25.7835,1.12256
25.785,1.12257
25.7865,1.12258
25.788,1.12259
25.7895,1.1226
25.791,1.12261
25.7925,1.12262
25.794,1.12263
25.7955,1.12263
25.797,1.12265
25.7985,1.12265
25.8,1.12266
25.8015,1.12267
25.803,1.12268
25.8045,1.12269
25.806,1.1227
25.8075,1.12271
25.809,1.12272
25.8105,1.12273
25.812,1.12274
25.8135,1.12274
25.815,1.12275
25.8165,1.12276
25.818,1.12277
25.8195,1.12278
25.821,1.12279
25.8225,1.1228
25.824,1.1228
25.8255,1.12281
25.827,1.12282
25.8285,1.12283
25.83,1.12283
25.8315,1.12284
25.833,1.12285
25.8345,1.12286
25.836,1.12286
25.8375,1.12287
25.839,1.12288
25.8405,1.12288
25.842,1.12289
25.8435,1.1229
25.845,1.1229
25.8465,1.12291
25.848,1.12292
25.8495,1.12292
25.851,1.12293
25.8525,1.12293
25.854,1.12294
25.8555,1.12295
25.857,1.12295
25.8585,1.12296
25.86,1.12296
25.8615,1.12297
25.863,1.12298
25.8645,1.12298
25.866,1.12299
25.8675,1.12299
25.869,1.123
25.8705,1.123
25.872,1.12301
25.8735,1.12301
25.875,1.12302
25.8765,1.12302
25.878,1.12303
25.8795,1.12303
25.881,1.12304
25.8825,1.12304
25.884,1.12305
25.8855,1.12305
25.887,1.12306
25.8885,1.12306
25.89,1.12306
25.8915,1.12307
25.893,1.12307
25.8945,1.12308
25.896,1.12308
25.8975,1.12309
25.899,1.12309
25.9005,1.1231
25.902,1.1231
25.9035,1.1231
25.905,1.12311
25.9065,1.12311
25.908,1.12311
25.9095,1.12312
25.911,1.12312
25.9125,1.12313
25.914,1.12313
25.9155,1.12313
25.917,1.12314
25.9185,1.12314
25.92,1.12315
25.9215,1.12315
25.923,1.12315
25.9244,1.12316
25.9259,1.12316
25.9274,1.12316
25.9289,1.12317
25.9304,1.12317
25.9319,1.12317
25.9334,1.12318
25.9349,1.12318
25.9364,1.12318
25.9379,1.12319
25.9394,1.12319
25.9409,1.1232
25.9424,1.1232
25.9439,1.1232
25.9454,1.1232
25.9469,1.12321
25.9484,1.12321
25.9499,1.12322
25.9514,1.12322
25.9529,1.12322
25.9544,1.12323
25.9559,1.12323
25.9574,1.12323
25.9589,1.12324
25.9604,1.12324
25.9619,1.12324
25.9634,1.12324
25.9649,1.12325
25.9664,1.12325
25.9679,1.12325
25.9694,1.12326
25.9709,1.12326
25.9724,1.12326
25.9739,1.12327
25.9754,1.12327
25.9769,1.12327
25.9784,1.12327
25.9799,1.12328
25.9814,1.12328
25.9829,1.12328
25.9844,1.12329
25.9859,1.12329
25.9874,1.12329
25.9889,1.1233
25.9904,1.1233
25.9919,1.1233
25.9934,1.1233
25.9949,1.1233
25.9964,1.12331
25.9979,1.12331
25.9994,1.12331
26.0009,1.12331
26.0024,1.12332
26.0039,1.12332
26.0054,1.12332
26.0069,1.12333
26.0084,1.12333
26.0099,1.12333
26.0114,1.12333
26.0129,1.12333
26.0144,1.12334
26.0159,1.12334
26.0174,1.12334
26.0189,1.12334
26.0204,1.12335
26.0219,1.12335
26.0234,1.12335
26.0249,1.12335
26.0264,1.12335
26.0279,1.12336
26.0294,1.12336
26.0309,1.12336
26.0324,1.12336
26.0339,1.12336
26.0354,1.12337
26.0369,1.12337
26.0384,1.12337
26.0399,1.12338
26.0414,1.12338
26.0429,1.12338
26.0444,1.12338
26.0459,1.12338
26.0474,1.12339
26.0489,1.12339
26.0504,1.12339
26.0519,1.12339
26.0534,1.12339
26.0549,1.1234
26.0564,1.1234
26.0579,1.1234
26.0594,1.1234
26.0609,1.12341
26.0624,1.12341
26.0639,1.12341
26.0654,1.12341
26.0669,1.12342
26.0684,1.12342
26.0699,1.12342
26.0714,1.12342
26.0729,1.12342
26.0744,1.12343
26.0759,1.12343
26.0774,1.12343
26.0789,1.12343
26.0804,1.12343
26.0819,1.12344
26.0834,1.12344
26.0849,1.12344
26.0864,1.12345
26.0879,1.12345
26.0894,1.12345
26.0909,1.12345
26.0924,1.12345
26.0939,1.12345
26.0954,1.12346
26.0969,1.12346
26.0984,1.12346
26.0999,1.12346
26.1014,1.12346
26.1029,1.12346
26.1044,1.12347
26.1059,1.12347
26.1073,1.12347
26.1088,1.12347
26.1103,1.12347
26.1118,1.12347
26.1133,1.12347
26.1148,1.12348
26.1163,1.12348
26.1178,1.12348
26.1193,1.12348
26.1208,1.12348
26.1223,1.12348
26.1238,1.12348
26.1253,1.12348
26.1268,1.12348
26.1283,1.12348
26.1298,1.12348
26.1313,1.12348
26.1328,1.12348
26.1343,1.12349
26.1358,1.12349
26.1373,1.12349
26.1388,1.12349
26.1403,1.12349
26.1418,1.12349
26.1433,1.12349
26.1448,1.12349
26.1463,1.12349
26.1478,1.12349
26.1493,1.12349
26.1508,1.12349
26.1523,1.12348
26.1538,1.12348
26.1553,1.12348
26.1568,1.12348
26.1583,1.12348
26.1598,1.12348
26.1613,1.12348
26.1628,1.12348
26.1643,1.12348
26.1658,1.12348
26.1673,1.12348
26.1688,1.12348
26.1703,1.12347
26.1718,1.12347
26.1733,1.12347
26.1748,1.12347
26.1763,1.12347
26.1778,1.12347
26.1793,1.12346
26.1808,1.12346
26.1823,1.12346
26.1838,1.12346
26.1853,1.12346
26.1868,1.12345
26.1883,1.12345
26.1898,1.12345
26.1913,1.12345
26.1928,1.12344
26.1943,1.12344
26.1958,1.12344
26.1973,1.12343
26.1988,1.12343
26.2003,1.12343
26.2018,1.12342
26.2033,1.12342
26.2048,1.12342
26.2063,1.12341
26.2078,1.12341
26.2093,1.12341
26.2108,1.1234
26.2123,1.1234
26.2138,1.12339
26.2153,1.12339
26.2168,1.12339
26.2183,1.12338
26.2198,1.12338
26.2213,1.12337
26.2228,1.12337
26.2243,1.12336
26.2258,1.12336
26.2273,1.12335
26.2288,1.12335
26.2303,1.12334
26.2318,1.12333
26.2333,1.12333
26.2348,1.12332
26.2363,1.12332
26.2378,1.12331
26.2393,1.12331
26.2408,1.1233
26.2423,1.12329
26.2438,1.12329
26.2453,1.12328
26.2468,1.12327
26.2483,1.12327
26.2498,1.12326
26.2513,1.12325
26.2528,1.12325
26.2543,1.12324
26.2558,1.12323
26.2573,1.12322
26.2588,1.12322
26.2603,1.12321
26.2618,1.1232
26.2633,1.12319
26.2648,1.12319
26.2663,1.12318
26.2678,1.12317
26.2693,1.12316
26.2708,1.12315
26.2723,1.12315
26.2738,1.12314
26.2753,1.12313
26.2768,1.12312
26.2783,1.12311
26.2798,1.1231
26.2813,1.12309
26.2828,1.12309
26.2843,1.12308
26.2858,1.12307
26.2873,1.12306
26.2887,1.12305
26.2902,1.12304
26.2917,1.12303
26.2932,1.12302
26.2947,1.12302
26.2962,1.12301
26.2977,1.123
26.2992,1.12299
26.3007,1.12298
26.3022,1.12297
26.3037,1.12296
26.3052,1.12295
26.3067,1.12294
26.3082,1.12293
26.3097,1.12293
26.3112,1.12292
26.3127,1.12291
26.3142,1.1229
26.3157,1.12289
26.3172,1.12288
26.3187,1.12287
26.3202,1.12286
26.3217,1.12285
26.3232,1.12284
26.3247,1.12284
26.3262,1.12283
26.3277,1.12282
26.3292,1.12281
26.3307,1.1228
26.3322,1.12279
26.3337,1.12278
26.3352,1.12277
26.3367,1.12276
26.3382,1.12276
26.3397,1.12275
26.3412,1.12274
26.3427,1.12273
26.3442,1.12272
26.3457,1.12271
26.3472,1.1227
26.3487,1.12269
26.3502,1.12269
26.3517,1.12268
26.3532,1.12267
26.3547,1.12266
26.3562,1.12265
26.3577,1.12265
26.3592,1.12264
26.3607,1.12263
26.3622,1.12262
26.3637,1.12261
26.3652,1.12261
26.3667,1.1226
26.3682,1.12259
26.3697,1.12258
26.3712,1.12257
26.3727,1.12257
26.3742,1.12256
26.3757,1.12255
26.3772,1.12255
26.3787,1.12254
26.3802,1.12253
26.3817,1.12252
26.3832,1.12252
26.3847,1.12251
26.3862,1.1225
26.3877,1.1225
26.3892,1.12249
26.3907,1.12248
26.3922,1.12247
26.3937,1.12246
26.3952,1.12246
26.3967,1.12245
26.3982,1.12244
26.3997,1.12244
26.4012,1.12243
26.4027,1.12242
26.4042,1.12242
26.4057,1.12241
26.4072,1.1224
26.4087,1.1224
26.4102,1.12239
26.4117,1.12238
26.4132,1.12238
26.4147,1.12237
26.4162,1.12236
26.4177,1.12236
26.4192,1.12235
26.4207,1.12234
26.4222,1.12234
26.4237,1.12233
26.4252,1.12232
26.4267,1.12232
26.4282,1.12231
26.4297,1.12231
26.4312,1.1223
26.4327,1.12229
26.4342,1.12229
26.4357,1.12228
26.4372,1.12228
26.4387,1.12227
26.4402,1.12226
26.4417,1.12226
26.4432,1.12225
26.4447,1.12225
26.4462,1.12224
26.4477,1.12223
26.4492,1.12223
26.4507,1.12222
26.4522,1.12222
26.4537,1.12221
26.4552,1.12221
26.4567,1.1222
26.4582,1.1222
26.4597,1.12219
26.4612,1.12219
26.4627,1.12218
26.4642,1.12218
26.4657,1.12217
26.4672,1.12217
26.4687,1.12216
26.4701,1.12216
26.4716,1.12215
26.4731,1.12215
26.4746,1.12214
26.4761,1.12214
26.4776,1.12214
26.4791,1.12213
26.4806,1.12213
26.4821,1.12213
26.4836,1.12212
26.4851,1.12212
26.4866,1.12211
26.4881,1.12211
26.4896,1.12211
26.4911,1.1221
26.4926,1.1221
26.4941,1.1221
26.4956,1.12209
26.4971,1.12209
26.4986,1.12209
26.5001,1.12209
26.5016,1.12208
26.5031,1.12208
26.5046,1.12208
26.5061,1.12208
26.5076,1.12207
26.5091,1.12207
26.5106,1.12207
26.5121,1.12207
26.5136,1.12207
26.5151,1.12207
26.5166,1.12206
26.5181,1.12206
26.5196,1.12206
26.5211,1.12206
26.5226,1.12206
26.5241,1.12206
26.5256,1.12206
26.5271,1.12206
26.5286,1.12206
26.5301,1.12206
26.5316,1.12206
26.5331,1.12206
26.5346,1.12206
26.5361,1.12206
26.5376,1.12206
26.5391,1.12206
26.5406,1.12206
26.5421,1.12206
26.5436,1.12206
26.5451,1.12206
26.5466,1.12206
26.5481,1.12206
26.5496,1.12206
26.5511,1.12206
26.5526,1.12207
26.5541,1.12207
26.5556,1.12207
26.5571,1.12207
26.5586,1.12207
26.5601,1.12207
26.5616,1.12207
26.5631,1.12208
26.5646,1.12208
26.5661,1.12208
26.5676,1.12208
26.5691,1.12208
26.5706,1.12208
26.5721,1.12209
26.5736,1.12209
26.5751,1.12209
26.5766,1.12209
26.5781,1.1221
26.5796,1.1221
26.5811,1.1221
26.5826,1.1221
26.5841,1.12211
26.5856,1.12211
26.5871,1.12211
26.5886,1.12211
26.5901,1.12211
26.5916,1.12212
26.5931,1.12212
26.5946,1.12212
26.5961,1.12212
26.5976,1.12212
26.5991,1.12213
26.6006,1.12213
26.6021,1.12213
26.6036,1.12214
26.6051,1.12214
26.6066,1.12214
26.6081,1.12214
26.6096,1.12214
26.6111,1.12214
26.6126,1.12215
26.6141,1.12215
26.6156,1.12215
26.6171,1.12215
26.6186,1.12216
26.6201,1.12216
26.6216,1.12216
26.6231,1.12216
26.6246,1.12216
26.6261,1.12216
26.6276,1.12216
26.6291,1.12217
26.6306,1.12217
26.6321,1.12217
26.6336,1.12217
26.6351,1.12217
26.6366,1.12217
26.6381,1.12217
26.6396,1.12217
26.6411,1.12217
26.6426,1.12217
26.6441,1.12217
26.6456,1.12217
26.6471,1.12217
26.6486,1.12217
26.6501,1.12217
26.6516,1.12217
26.653,1.12217
26.6545,1.12217
26.656,1.12217
26.6575,1.12217
26.659,1.12217
26.6605,1.12216
26.662,1.12216
26.6635,1.12216
26.665,1.12216
26.6665,1.12216
26.668,1.12215
26.6695,1.12215
26.671,1.12215
26.6725,1.12215
26.674,1.12214
26.6755,1.12214
26.677,1.12214
26.6785,1.12213
26.68,1.12213
26.6815,1.12213
26.683,1.12212
26.6845,1.12212
26.686,1.12211
26.6875,1.12211
26.689,1.1221
26.6905,1.1221
26.692,1.12209
26.6935,1.12209
26.695,1.12208
26.6965,1.12208
26.698,1.12207
26.6995,1.12207
26.701,1.12206
26.7025,1.12205
26.704,1.12205
26.7055,1.12204
26.707,1.12203
26.7085,1.12203
26.71,1.12202
26.7115,1.12201
26.713,1.12201
26.7145,1.122
26.716,1.12199
26.7175,1.12198
26.719,1.12198
26.7205,1.12197
26.722,1.12196
26.7235,1.12195
26.725,1.12194
26.7265,1.12193
26.728,1.12193
26.7295,1.12192
26.731,1.12191
26.7325,1.1219
26.734,1.12189
26.7355,1.12188
26.737,1.12187
26.7385,1.12186
26.74,1.12185
26.7415,1.12184
26.743,1.12183
26.7445,1.12182
26.746,1.12181
26.7475,1.1218
26.749,1.12179
26.7505,1.12178
26.752,1.12177
26.7535,1.12176
26.755,1.12175
26.7565,1.12174
26.758,1.12173
26.7595,1.12172
26.761,1.1217
26.7625,1.12169
26.764,1.12168
26.7655,1.12167
26.767,1.12166
26.7685,1.12165
26.77,1.12163
26.7715,1.12162
26.773,1.12161
26.7745,1.1216
26.776,1.12159
26.7775,1.12158
26.779,1.12156
26.7805,1.12155
26.782,1.12154
26.7835,1.12153
26.785,1.12151
26.7865,1.1215
26.788,1.12149
26.7895,1.12148
26.791,1.12146
26.7925,1.12145
26.794,1.12144
26.7955,1.12142
26.797,1.12141
26.7985,1.1214
26.8,1.12139
26.8015,1.12137
26.803,1.12136
26.8045,1.12135
26.806,1.12134
26.8075,1.12132
26.809,1.12131
26.8105,1.1213
26.812,1.12128
26.8135,1.12127
26.815,1.12126
26.8165,1.12124
26.818,1.12123
26.8195,1.12122
26.821,1.1212
26.8225,1.12119
26.824,1.12118
26.8255,1.12117
26.827,1.12115
26.8285,1.12114
26.83,1.12113
26.8315,1.12111
26.833,1.1211
26.8344,1.12109
26.8359,1.12107
26.8374,1.12106
26.8389,1.12105
26.8404,1.12104
26.8419,1.12102
26.8434,1.12101
26.8449,1.121
26.8464,1.12098
26.8479,1.12097
26.8494,1.12096
26.8509,1.12094
26.8524,1.12093
26.8539,1.12092
26.8554,1.1209
26.8569,1.12089
26.8584,1.12088
26.8599,1.12087
26.8614,1.12085
26.8629,1.12084
26.8644,1.12083
26.8659,1.12082
26.8674,1.1208
26.8689,1.12079
26.8704,1.12078
26.8719,1.12077
26.8734,1.12075
26.8749,1.12074
26.8764,1.12073
26.8779,1.12072
26.8794,1.1207
26.8809,1.12069
26.8824,1.12068
26.8839,1.12067
26.8854,1.12065
26.8869,1.12064
26.8884,1.12063
26.8899,1.12062
26.8914,1.12061
26.8929,1.12059
26.8944,1.12058
26.8959,1.12057
26.8974,1.12056
26.8989,1.12055
26.9004,1.12054
26.9019,1.12053
26.9034,1.12051
26.9049,1.1205
26.9064,1.12049
26.9079,1.12048
26.9094,1.12047
26.9109,1.12046
26.9124,1.12045
26.9139,1.12043
26.9154,1.12042
26.9169,1.12041
26.9184,1.1204
26.9199,1.12039
26.9214,1.12038
26.9229,1.12037
26.9244,1.12036
26.9259,1.12035
26.9274,1.12034
26.9289,1.12032
26.9304,1.12031
26.9319,1.1203
26.9334,1.12029
26.9349,1.12028
26.9364,1.12027
26.9379,1.12026
26.9394,1.12025
26.9409,1.12024
26.9424,1.12023
26.9439,1.12022
26.9454,1.12021
26.9469,1.1202
26.9484,1.12019
26.9499,1.12018
26.9514,1.12017
26.9529,1.12016
26.9544,1.12015
26.9559,1.12014
26.9574,1.12013
26.9589,1.12012
26.9604,1.12011
26.9619,1.1201
26.9634,1.12009
26.9649,1.12008
26.9664,1.12007
26.9679,1.12006
26.9694,1.12005
26.9709,1.12004
26.9724,1.12003
26.9739,1.12002
26.9754,1.12001
26.9769,1.12
26.9784,1.11999
26.9799,1.11999
26.9814,1.11998
26.9829,1.11997
26.9844,1.11996
26.9859,1.11995
26.9874,1.11994
26.9889,1.11993
26.9904,1.11992
26.9919,1.11991
26.9934,1.1199
26.9949,1.11989
26.9964,1.11988
26.9979,1.11988
26.9994,1.11987
27.0009,1.11986
27.0024,1.11985
27.0039,1.11984
27.0054,1.11983
27.0069,1.11982
27.0084,1.11982
27.0099,1.11981
27.0114,1.1198
27.0129,1.11979
27.0144,1.11978
27.0159,1.11977
27.0173,1.11977
27.0188,1.11976
27.0203,1.11975
27.0218,1.11974
27.0233,1.11973
27.0248,1.11972
27.0263,1.11972
27.0278,1.11971
27.0293,1.1197
27.0308,1.11969
27.0323,1.11968
27.0338,1.11967
27.0353,1.11967
27.0368,1.11966
27.0383,1.11965
27.0398,1.11964
27.0413,1.11963
27.0428,1.11962
27.0443,1.11962
27.0458,1.11961
27.0473,1.1196
27.0488,1.11959
27.0503,1.11958
27.0518,1.11957
27.0533,1.11956
27.0548,1.11956
27.0563,1.11955
27.0578,1.11954
27.0593,1.11953
27.0608,1.11952
27.0623,1.11951
27.0638,1.11951
27.0653,1.1195
27.0668,1.11949
27.0683,1.11948
27.0698,1.11947
27.0713,1.11946
27.0728,1.11945
27.0743,1.11944
27.0758,1.11944
27.0773,1.11943
27.0788,1.11942
27.0803,1.11941
27.0818,1.1194
27.0833,1.11939
27.0848,1.11938
27.0863,1.11937
27.0878,1.11936
27.0893,1.11935
27.0908,1.11934
27.0923,1.11934
27.0938,1.11933
27.0953,1.11932
27.0968,1.11931
27.0983,1.1193
27.0998,1.11929
27.1013,1.11928
27.1028,1.11927
27.1043,1.11926
27.1058,1.11925
27.1073,1.11924
27.1088,1.11923
27.1103,1.11922
27.1118,1.11921
27.1133,1.11921
27.1148,1.1192
27.1163,1.11919
27.1178,1.11918
27.1193,1.11917
27.1208,1.11916
27.1223,1.11915
27.1238,1.11914
27.1253,1.11913
27.1268,1.11912
27.1283,1.11911
27.1298,1.1191
27.1313,1.11909
27.1328,1.11908
27.1343,1.11907
27.1358,1.11906
27.1373,1.11905
27.1388,1.11904
27.1403,1.11903
27.1418,1.11902
27.1433,1.11901
27.1448,1.119
27.1463,1.11899
27.1478,1.11898
27.1493,1.11897
27.1508,1.11896
27.1523,1.11895
27.1538,1.11894
27.1553,1.11892
27.1568,1.11891
27.1583,1.1189
27.1598,1.11889
27.1613,1.11888
27.1628,1.11887
27.1643,1.11886
27.1658,1.11885
27.1673,1.11884
27.1688,1.11883
27.1703,1.11882
27.1718,1.11881
27.1733,1.1188
27.1748,1.11879
27.1763,1.11878
27.1778,1.11877
27.1793,1.11876
27.1808,1.11875
27.1823,1.11874
27.1838,1.11873
27.1853,1.11872
27.1868,1.1187
27.1883,1.11869
27.1898,1.11868
27.1913,1.11867
27.1928,1.11866
27.1943,1.11865
27.1958,1.11864
27.1973,1.11863
27.1987,1.11862
27.2002,1.11861
27.2017,1.1186
27.2032,1.11859
27.2047,1.11858
27.2062,1.11857
27.2077,1.11856
27.2092,1.11855
27.2107,1.11853
27.2122,1.11852
27.2137,1.11851
27.2152,1.1185
27.2167,1.11849
27.2182,1.11848
27.2197,1.11847
27.2212,1.11846
27.2227,1.11845
27.2242,1.11844
27.2257,1.11843
27.2272,1.11842
27.2287,1.11841
27.2302,1.1184
27.2317,1.11839
27.2332,1.11838
27.2347,1.11837
27.2362,1.11836
27.2377,1.11835
27.2392,1.11834
27.2407,1.11833
27.2422,1.11832
27.2437,1.11831
27.2452,1.1183
27.2467,1.11829
27.2482,1.11828
27.2497,1.11827
27.2512,1.11826
27.2527,1.11825
27.2542,1.11824
27.2557,1.11823
27.2572,1.11822
27.2587,1.11821
27.2602,1.1182
27.2617,1.11819
27.2632,1.11818
27.2647,1.11817
27.2662,1.11816
27.2677,1.11815
27.2692,1.11814
27.2707,1.11813
27.2722,1.11813
27.2737,1.11812
27.2752,1.11811
27.2767,1.1181
27.2782,1.11809
27.2797,1.11808
27.2812,1.11807
27.2827,1.11806
27.2842,1.11805
27.2857,1.11804
27.2872,1.11803
27.2887,1.11803
27.2902,1.11802
27.2917,1.11801
27.2932,1.118
27.2947,1.11799
27.2962,1.11798
27.2977,1.11797
27.2992,1.11797
27.3007,1.11796
27.3022,1.11795
27.3037,1.11794
27.3052,1.11793
27.3067,1.11793
27.3082,1.11792
27.3097,1.11791
27.3112,1.1179
27.3127,1.11789
27.3142,1.11788
27.3157,1.11788
27.3172,1.11787
27.3187,1.11786
27.3202,1.11785
27.3217,1.11784
27.3232,1.11784
27.3247,1.11783
27.3262,1.11782
27.3277,1.11782
27.3292,1.11781
27.3307,1.1178
27.3322,1.1178
27.3337,1.11779
27.3352,1.11778
27.3367,1.11778
27.3382,1.11777
27.3397,1.11776
27.3412,1.11776
27.3427,1.11775
27.3442,1.11774
27.3457,1.11774
27.3472,1.11773
27.3487,1.11772
27.3502,1.11772
27.3517,1.11771
27.3532,1.11771
27.3547,1.1177
27.3562,1.1177
27.3577,1.11769
27.3592,1.11768
27.3607,1.11768
27.3622,1.11767
27.3637,1.11767
27.3652,1.11767
27.3667,1.11766
27.3682,1.11766
27.3697,1.11765
27.3712,1.11765
27.3727,1.11764
27.3742,1.11764
27.3757,1.11763
27.3772,1.11763
27.3787,1.11763
27.3801,1.11762
27.3816,1.11762
27.3831,1.11762
27.3846,1.11761
27.3861,1.11761
27.3876,1.11761
27.3891,1.11761
27.3906,1.11761
27.3921,1.1176
27.3936,1.1176
27.3951,1.1176
27.3966,1.11759
27.3981,1.11759
27.3996,1.11759
27.4011,1.11759
27.4026,1.11759
27.4041,1.11759
27.4056,1.11759
27.4071,1.11758
27.4086,1.11758
27.4101,1.11758
27.4116,1.11758
27.4131,1.11758
27.4146,1.11758
27.4161,1.11758
27.4176,1.11758
27.4191,1.11758
27.4206,1.11758
27.4221,1.11758
27.4236,1.11758
27.4251,1.11758
27.4266,1.11758
27.4281,1.11758
27.4296,1.11758
27.4311,1.11759
27.4326,1.11759
27.4341,1.11759
27.4356,1.11759
27.4371,1.11759
27.4386,1.11759
27.4401,1.11759
27.4416,1.1176
27.4431,1.1176
27.4446,1.1176
27.4461,1.1176
27.4476,1.1176
27.4491,1.1176
27.4506,1.11761
27.4521,1.11761
27.4536,1.11761
27.4551,1.11761
27.4566,1.11762
27.4581,1.11762
27.4596,1.11762
27.4611,1.11762
27.4626,1.11762
27.4641,1.11763
27.4656,1.11763
27.4671,1.11763
27.4686,1.11764
27.4701,1.11764
27.4716,1.11764
27.4731,1.11764
27.4746,1.11765
27.4761,1.11765
27.4776,1.11765
27.4791,1.11765
27.4806,1.11766
27.4821,1.11766
27.4836,1.11766
27.4851,1.11767
27.4866,1.11767
27.4881,1.11767
27.4896,1.11768
27.4911,1.11768
27.4926,1.11768
27.4941,1.11769
27.4956,1.11769
27.4971,1.11769
27.4986,1.1177
27.5001,1.1177
27.5016,1.1177
27.5031,1.1177
27.5046,1.11771
27.5061,1.11771
27.5076,1.11772
27.5091,1.11772
27.5106,1.11772
27.5121,1.11772
27.5136,1.11773
27.5151,1.11773
27.5166,1.11774
27.5181,1.11774
27.5196,1.11774
27.5211,1.11775
27.5226,1.11775
27.5241,1.11775
27.5256,1.11776
27.5271,1.11776
27.5286,1.11776
27.5301,1.11777
27.5316,1.11777
27.5331,1.11777
27.5346,1.11778
27.5361,1.11778
27.5376,1.11778
27.5391,1.11779
27.5406,1.11779
27.5421,1.1178
27.5436,1.1178
27.5451,1.1178
27.5466,1.11781
27.5481,1.11781
27.5496,1.11782
27.5511,1.11782
27.5526,1.11782
27.5541,1.11783
27.5556,1.11783
27.5571,1.11784
27.5586,1.11784
27.5601,1.11784
27.5616,1.11785
27.563,1.11786
27.5645,1.11786
27.566,1.11786
27.5675,1.11787
27.569,1.11787
27.5705,1.11788
27.572,1.11788
27.5735,1.11789
27.575,1.11789
27.5765,1.1179
27.578,1.1179
27.5795,1.11791
27.581,1.11791
27.5825,1.11792
27.584,1.11792
27.5855,1.11793
27.587,1.11793
27.5885,1.11794
27.59,1.11794
27.5915,1.11795
27.593,1.11796
27.5945,1.11796
27.596,1.11796
27.5975,1.11797
27.599,1.11798
27.6005,1.11798
27.602,1.11799
27.6035,1.11799
27.605,1.118
27.6065,1.118
27.608,1.11801
27.6095,1.11802
27.611,1.11802
27.6125,1.11803
27.614,1.11803
27.6155,1.11804
27.617,1.11805
27.6185,1.11805
27.62,1.11806
27.6215,1.11807
27.623,1.11807
27.6245,1.11808
27.626,1.11808
27.6275,1.11809
27.629,1.1181
27.6305,1.1181
27.632,1.11811
27.6335,1.11811
27.635,1.11812
27.6365,1.11812
27.638,1.11813
27.6395,1.11814
27.641,1.11814
27.6425,1.11815
27.644,1.11816
27.6455,1.11816
27.647,1.11817
27.6485,1.11817
27.65,1.11818
27.6515,1.11819
27.653,1.11819
27.6545,1.1182
27.656,1.1182
27.6575,1.11821
27.659,1.11822
27.6605,1.11822
27.662,1.11823
27.6635,1.11823
27.665,1.11824
27.6665,1.11824
27.668,1.11825
27.6695,1.11826
27.671,1.11826
27.6725,1.11827
27.674,1.11827
27.6755,1.11828
27.677,1.11828
27.6785,1.11829
27.68,1.11829
27.6815,1.1183
27.683,1.1183
27.6845,1.11831
27.686,1.11832
27.6875,1.11832
27.689,1.11832
27.6905,1.11833
27.692,1.11833
27.6935,1.11834
27.695,1.11834
27.6965,1.11835
27.698,1.11835
27.6995,1.11836
27.701,1.11836
27.7025,1.11837
27.704,1.11837
27.7055,1.11838
27.707,1.11838
27.7085,1.11839
27.71,1.11839
27.7115,1.1184
27.713,1.1184
27.7145,1.1184
27.716,1.11841
27.7175,1.11841
27.719,1.11842
27.7205,1.11842
27.722,1.11843
27.7235,1.11843
27.725,1.11844
27.7265,1.11844
27.728,1.11844
27.7295,1.11845
27.731,1.11845
27.7325,1.11846
27.734,1.11846
27.7355,1.11847
27.737,1.11847
27.7385,1.11847
27.74,1.11848
27.7415,1.11848
27.743,1.11849
27.7444,1.11849
27.7459,1.1185
27.7474,1.1185
27.7489,1.1185
27.7504,1.11851
27.7519,1.11851
27.7534,1.11852
27.7549,1.11852
27.7564,1.11853
27.7579,1.11853
27.7594,1.11853
27.7609,1.11854
27.7624,1.11854
27.7639,1.11855
27.7654,1.11855
27.7669,1.11856
27.7684,1.11856
27.7699,1.11857
27.7714,1.11857
27.7729,1.11857
27.7744,1.11858
27.7759,1.11859
27.7774,1.11859
27.7789,1.11859
27.7804,1.1186
27.7819,1.1186
27.7834,1.11861
27.7849,1.11862
27.7864,1.11862
27.7879,1.11863
27.7894,1.11863
27.7909,1.11864
27.7924,1.11864
27.7939,1.11865
27.7954,1.11865
27.7969,1.11866
27.7984,1.11866
27.7999,1.11867
27.8014,1.11868
27.8029,1.11868
27.8044,1.11869
27.8059,1.11869
27.8074,1.1187
27.8089,1.11871
27.8104,1.11872
27.8119,1.11872
27.8134,1.11873
27.8149,1.11873
27.8164,1.11874
27.8179,1.11875
27.8194,1.11875
27.8209,1.11876
27.8224,1.11877
27.8239,1.11878
27.8254,1.11878
27.8269,1.11879
27.8284,1.1188
27.8299,1.11881
27.8314,1.11882
27.8329,1.11882
27.8344,1.11883
27.8359,1.11884
27.8374,1.11885
27.8389,1.11886
27.8404,1.11886
27.8419,1.11887
27.8434,1.11888
27.8449,1.11889
27.8464,1.1189
27.8479,1.11891
27.8494,1.11892
27.8509,1.11892
27.8524,1.11893
27.8539,1.11894
27.8554,1.11895
27.8569,1.11896
27.8584,1.11897
27.8599,1.11898
27.8614,1.11899
27.8629,1.119
27.8644,1.11901
27.8659,1.11901
27.8674,1.11903
27.8689,1.11904
27.8704,1.11904
27.8719,1.11905
27.8734,1.11906
27.8749,1.11907
27.8764,1.11908
27.8779,1.11909
27.8794,1.1191
27.8809,1.11911
27.8824,1.11912
27.8839,1.11913
27.8854,1.11914
27.8869,1.11915
27.8884,1.11916
27.8899,1.11917
27.8914,1.11918
27.8929,1.11919
27.8944,1.1192
27.8959,1.11921
27.8974,1.11922
27.8989,1.11923
27.9004,1.11924
27.9019,1.11925
27.9034,1.11926
27.9049,1.11927
27.9064,1.11928
27.9079,1.11929
27.9094,1.1193
27.9109,1.11931
27.9124,1.11932
27.9139,1.11933
27.9154,1.11934
27.9169,1.11935
27.9184,1.11936
27.9199,1.11937
27.9214,1.11938
27.9229,1.11939
27.9244,1.1194
27.9258,1.11941
27.9273,1.11942
27.9288,1.11943
27.9303,1.11944
27.9318,1.11945
27.9333,1.11946
27.9348,1.11947
27.9363,1.11948
27.9378,1.11949
27.9393,1.1195
27.9408,1.11951
27.9423,1.11952
27.9438,1.11953
27.9453,1.11954
27.9468,1.11955
27.9483,1.11956
27.9498,1.11957
27.9513,1.11958
27.9528,1.11959
27.9543,1.1196
27.9558,1.11961
27.9573,1.11962
27.9588,1.11963
27.9603,1.11964
27.9618,1.11965
27.9633,1.11966
27.9648,1.11967
27.9663,1.11968
27.9678,1.11969
27.9693,1.1197
27.9708,1.1197
27.9723,1.11971
27.9738,1.11972
27.9753,1.11973
27.9768,1.11974
27.9783,1.11975
27.9798,1.11976
27.9813,1.11977
27.9828,1.11978
27.9843,1.11979
27.9858,1.1198
27.9873,1.11981
27.9888,1.11981
27.9903,1.11982
27.9918,1.11983
27.9933,1.11984
27.9948,1.11985
27.9963,1.11986
27.9978,1.11987
27.9993,1.11987
28.0008,1.11988
28.0023,1.11989
28.0038,1.1199
28.0053,1.11991
28.0068,1.11992
28.0083,1.11992
28.0098,1.11993
28.0113,1.11994
28.0128,1.11995
28.0143,1.11996
28.0158,1.11997
28.0173,1.11997
28.0188,1.11998
28.0203,1.11999
28.0218,1.12
28.0233,1.12
28.0248,1.12001
28.0263,1.12002
28.0278,1.12003
28.0293,1.12004
28.0308,1.12004
28.0323,1.12005
28.0338,1.12006
28.0353,1.12007
28.0368,1.12007
28.0383,1.12008
28.0398,1.12009
28.0413,1.1201
28.0428,1.1201
28.0443,1.12011
28.0458,1.12012
28.0473,1.12012
28.0488,1.12013
28.0503,1.12014
28.0518,1.12015
28.0533,1.12015
28.0548,1.12016
28.0563,1.12017
28.0578,1.12017
28.0593,1.12018
28.0608,1.12019
28.0623,1.1202
28.0638,1.1202
28.0653,1.12021
28.0668,1.12022
28.0683,1.12022
28.0698,1.12023
28.0713,1.12024
28.0728,1.12024
28.0743,1.12025
28.0758,1.12026
28.0773,1.12027
28.0788,1.12027
28.0803,1.12028
28.0818,1.12028
28.0833,1.12029
28.0848,1.1203
28.0863,1.12031
28.0878,1.12031
28.0893,1.12032
28.0908,1.12033
28.0923,1.12033
28.0938,1.12034
28.0953,1.12035
28.0968,1.12036
28.0983,1.12036
28.0998,1.12037
28.1013,1.12038
28.1028,1.12039
28.1043,1.12039
28.1058,1.1204
28.1073,1.12041
28.1087,1.12041
28.1102,1.12042
28.1117,1.12043
28.1132,1.12044
28.1147,1.12044
28.1162,1.12045
28.1177,1.12046
28.1192,1.12047
28.1207,1.12047
28.1222,1.12048
28.1237,1.12049
28.1252,1.1205
28.1267,1.1205
28.1282,1.12051
28.1297,1.12052
28.1312,1.12053
28.1327,1.12053
28.1342,1.12054
28.1357,1.12055
28.1372,1.12056
28.1387,1.12057
28.1402,1.12057
28.1417,1.12058
28.1432,1.12059
28.1447,1.1206
28.1462,1.12061
28.1477,1.12062
28.1492,1.12062
28.1507,1.12063
28.1522,1.12064
28.1537,1.12065
28.1552,1.12066
28.1567,1.12067
28.1582,1.12068
28.1597,1.12068
28.1612,1.12069
28.1627,1.1207
28.1642,1.12071
28.1657,1.12072
28.1672,1.12073
28.1687,1.12074
28.1702,1.12075
28.1717,1.12076
28.1732,1.12077
28.1747,1.12078
28.1762,1.12078
28.1777,1.12079
28.1792,1.1208
28.1807,1.12081
28.1822,1.12082
28.1837,1.12083
28.1852,1.12084
28.1867,1.12085
28.1882,1.12086
28.1897,1.12087
28.1912,1.12088
28.1927,1.12089
28.1942,1.1209
28.1957,1.12091
28.1972,1.12092
28.1987,1.12093
28.2002,1.12094
28.2017,1.12095
28.2032,1.12096
28.2047,1.12097
28.2062,1.12098
28.2077,1.12099
28.2092,1.121
28.2107,1.12101
28.2122,1.12102
28.2137,1.12103
28.2152,1.12104
28.2167,1.12105
28.2182,1.12106
28.2197,1.12107
28.2212,1.12108
28.2227,1.12109
28.2242,1.1211
28.2257,1.12111
28.2272,1.12112
28.2287,1.12113
28.2302,1.12114
28.2317,1.12115
28.2332,1.12116
28.2347,1.12117
28.2362,1.12118
28.2377,1.12119
28.2392,1.1212
28.2407,1.12121
28.2422,1.12122
28.2437,1.12123
28.2452,1.12124
28.2467,1.12125
28.2482,1.12126
28.2497,1.12127
28.2512,1.12128
28.2527,1.12129
28.2542,1.1213
28.2557,1.1213
28.2572,1.12131
28.2587,1.12132
28.2602,1.12133
28.2617,1.12134
28.2632,1.12135
28.2647,1.12136
28.2662,1.12137
28.2677,1.12138
28.2692,1.12139
28.2707,1.1214
28.2722,1.1214
28.2737,1.12141
28.2752,1.12142
28.2767,1.12143
28.2782,1.12144
28.2797,1.12145
28.2812,1.12146
28.2827,1.12147
28.2842,1.12147
28.2857,1.12148
28.2872,1.12149
28.2887,1.1215
28.2901,1.12151
28.2916,1.12151
28.2931,1.12152
28.2946,1.12153
28.2961,1.12154
28.2976,1.12155
28.2991,1.12156
28.3006,1.12156
28.3021,1.12157
28.3036,1.12158
28.3051,1.12159
28.3066,1.12159
28.3081,1.1216
28.3096,1.12161
28.3111,1.12162
28.3126,1.12162
28.3141,1.12163
28.3156,1.12164
28.3171,1.12165
28.3186,1.12165
28.3201,1.12166
28.3216,1.12167
28.3231,1.12168
28.3246,1.12168
28.3261,1.12169
28.3276,1.1217
28.3291,1.12171
28.3306,1.12171
28.3321,1.12172
28.3336,1.12173
28.3351,1.12173
28.3366,1.12174
28.3381,1.12175
28.3396,1.12175
28.3411,1.12176
28.3426,1.12177
28.3441,1.12178
28.3456,1.12178
28.3471,1.12179
28.3486,1.1218
28.3501,1.1218
28.3516,1.12181
28.3531,1.12182
28.3546,1.12182
28.3561,1.12183
28.3576,1.12184
28.3591,1.12184
28.3606,1.12185
28.3621,1.12186
28.3636,1.12187
28.3651,1.12187
28.3666,1.12188
28.3681,1.12189
28.3696,1.12189
28.3711,1.1219
28.3726,1.12191
28.3741,1.12191
28.3756,1.12192
28.3771,1.12193
28.3786,1.12193
28.3801,1.12194
28.3816,1.12194
28.3831,1.12195
28.3846,1.12196
28.3861,1.12196
28.3876,1.12197
28.3891,1.12198
28.3906,1.12198
28.3921,1.12199
28.3936,1.122
28.3951,1.122
28.3966,1.12201
28.3981,1.12202
28.3996,1.12202
28.4011,1.12203
28.4026,1.12204
28.4041,1.12204
28.4056,1.12205
28.4071,1.12206
28.4086,1.12206
28.4101,1.12207
28.4116,1.12207
28.4131,1.12208
28.4146,1.12209
28.4161,1.12209
28.4176,1.1221
28.4191,1.12211
28.4206,1.12211
28.4221,1.12212
28.4236,1.12213
28.4251,1.12213
28.4266,1.12214
28.4281,1.12214
28.4296,1.12215
28.4311,1.12215
28.4326,1.12216
28.4341,1.12217
28.4356,1.12217
28.4371,1.12218
28.4386,1.12218
28.4401,1.12219
28.4416,1.1222
28.4431,1.1222
28.4446,1.12221
28.4461,1.12221
28.4476,1.12222
28.4491,1.12222
28.4506,1.12223
28.4521,1.12224
28.4536,1.12224
28.4551,1.12224
28.4566,1.12225
28.4581,1.12226
28.4596,1.12226
28.4611,1.12227
28.4626,1.12227
28.4641,1.12228
28.4656,1.12228
28.4671,1.12229
28.4686,1.12229
28.4701,1.1223
28.4715,1.1223
28.473,1.12231
28.4745,1.12231
28.476,1.12231
28.4775,1.12232
28.479,1.12232
28.4805,1.12233
28.482,1.12233
28.4835,1.12234
28.485,1.12234
28.4865,1.12235
28.488,1.12235
28.4895,1.12235
28.491,1.12236
28.4925,1.12236
28.494,1.12236
28.4955,1.12237
28.497,1.12237
28.4985,1.12238
28.5,1.12238
28.5015,1.12238
28.503,1.12239
28.5045,1.12239
28.506,1.12239
28.5075,1.1224
28.509,1.1224
28.5105,1.1224
28.512,1.12241
28.5135,1.12241
28.515,1.12241
28.5165,1.12242
28.518,1.12242
28.5195,1.12242
28.521,1.12243
28.5225,1.12243
28.524,1.12243
28.5255,1.12244
28.527,1.12244
28.5285,1.12244
28.53,1.12244
28.5315,1.12245
28.533,1.12245
28.5345,1.12245
28.536,1.12245
28.5375,1.12246
28.539,1.12246
28.5405,1.12246
28.542,1.12246
28.5435,1.12247
28.545,1.12247
28.5465,1.12247
28.548,1.12247
28.5495,1.12247
28.551,1.12248
28.5525,1.12248
28.554,1.12248
28.5555,1.12248
28.557,1.12249
28.5585,1.12249
28.56,1.12249
28.5615,1.12249
28.563,1.12249
28.5645,1.1225
28.566,1.1225
28.5675,1.1225
28.569,1.1225
28.5705,1.1225
28.572,1.12251
28.5735,1.12251
28.575,1.12251
28.5765,1.12251
28.578,1.12251
28.5795,1.12251
28.581,1.12251
28.5825,1.12251
28.584,1.12252
28.5855,1.12252
28.587,1.12252
28.5885,1.12252
28.59,1.12252
28.5915,1.12252
28.593,1.12252
28.5945,1.12252
28.596,1.12252
28.5975,1.12252
28.599,1.12252
28.6005,1.12253
28.602,1.12253
28.6035,1.12253
28.605,1.12253
28.6065,1.12253
28.608,1.12253
28.6095,1.12253
28.611,1.12253
28.6125,1.12253
28.614,1.12253
28.6155,1.12253
28.617,1.12252
28.6185,1.12253
28.62,1.12252
28.6215,1.12252
28.623,1.12252
28.6245,1.12252
28.626,1.12252
28.6275,1.12252
28.629,1.12252
28.6305,1.12252
28.632,1.12252
28.6335,1.12252
28.635,1.12251
28.6365,1.12251
28.638,1.12251
28.6395,1.12251
28.641,1.12251
28.6425,1.12251
28.644,1.1225
28.6455,1.1225
28.647,1.1225
28.6485,1.1225
28.65,1.1225
28.6515,1.12249
28.653,1.12249
28.6544,1.12249
28.6559,1.12249
28.6574,1.12248
28.6589,1.12248
28.6604,1.12248
28.6619,1.12247
28.6634,1.12247
28.6649,1.12247
28.6664,1.12246
28.6679,1.12246
28.6694,1.12246
28.6709,1.12245
28.6724,1.12245
28.6739,1.12245
28.6754,1.12244
28.6769,1.12244
28.6784,1.12244
28.6799,1.12243
28.6814,1.12243
28.6829,1.12242
28.6844,1.12242
28.6859,1.12242
28.6874,1.12241
28.6889,1.12241
28.6904,1.1224
28.6919,1.1224
28.6934,1.1224
28.6949,1.12239
28.6964,1.12239
28.6979,1.12238
28.6994,1.12238
28.7009,1.12237
28.7024,1.12237
28.7039,1.12236
28.7054,1.12236
28.7069,1.12235
28.7084,1.12235
28.7099,1.12234
28.7114,1.12234
28.7129,1.12233
28.7144,1.12233
28.7159,1.12232
28.7174,1.12232
28.7189,1.12232
28.7204,1.12231
28.7219,1.1223
28.7234,1.1223
28.7249,1.12229
28.7264,1.12229
28.7279,1.12228
28.7294,1.12228
28.7309,1.12227
28.7324,1.12227
28.7339,1.12226
28.7354,1.12226
28.7369,1.12225
28.7384,1.12225
28.7399,1.12224
28.7414,1.12224
28.7429,1.12223
28.7444,1.12223
28.7459,1.12222
28.7474,1.12222
28.7489,1.12221
28.7504,1.12221
28.7519,1.1222
28.7534,1.1222
28.7549,1.12219
28.7564,1.12219
28.7579,1.12218
28.7594,1.12218
28.7609,1.12217
28.7624,1.12217
28.7639,1.12216
28.7654,1.12216
28.7669,1.12215
28.7684,1.12215
28.7699,1.12214
28.7714,1.12214
28.7729,1.12213
28.7744,1.12213
28.7759,1.12212
28.7774,1.12212
28.7789,1.12211
28.7804,1.12211
28.7819,1.1221
28.7834,1.1221
28.7849,1.12209
28.7864,1.12209
28.7879,1.12208
28.7894,1.12208
28.7909,1.12208
28.7924,1.12207
28.7939,1.12207
28.7954,1.12206
28.7969,1.12206
28.7984,1.12205
28.7999,1.12205
28.8014,1.12204
28.8029,1.12204
28.8044,1.12204
28.8059,1.12203
28.8074,1.12203
28.8089,1.12202
28.8104,1.12202
28.8119,1.12202
28.8134,1.12201
28.8149,1.12201
28.8164,1.122
28.8179,1.122
28.8194,1.12199
28.8209,1.12199
28.8224,1.12198
28.8239,1.12198
28.8254,1.12198
28.8269,1.12197
28.8284,1.12197
28.8299,1.12196
28.8314,1.12196
28.8329,1.12195
28.8344,1.12195
28.8358,1.12194
28.8373,1.12194
28.8388,1.12193
28.8403,1.12193
28.8418,1.12193
28.8433,1.12192
28.8448,1.12192
28.8463,1.12191
28.8478,1.12191
28.8493,1.1219
28.8508,1.1219
28.8523,1.12189
28.8538,1.12189
28.8553,1.12188
28.8568,1.12188
28.8583,1.12187
28.8598,1.12187
28.8613,1.12186
28.8628,1.12186
28.8643,1.12185
28.8658,1.12184
28.8673,1.12184
28.8688,1.12183
28.8703,1.12183
28.8718,1.12182
28.8733,1.12182
28.8748,1.12181
28.8763,1.1218
28.8778,1.1218
28.8793,1.12179
28.8808,1.12178
28.8823,1.12178
28.8838,1.12177
28.8853,1.12177
28.8868,1.12176
28.8883,1.12175
28.8898,1.12175
28.8913,1.12174
28.8928,1.12173
28.8943,1.12173
28.8958,1.12172
28.8973,1.12171
28.8988,1.1217
28.9003,1.1217
28.9018,1.12169
28.9033,1.12168
28.9048,1.12168
28.9063,1.12167
28.9078,1.12166
28.9093,1.12165
28.9108,1.12165
28.9123,1.12164
28.9138,1.12163
28.9153,1.12162
28.9168,1.12162
28.9183,1.12161
28.9198,1.1216
28.9213,1.1216
28.9228,1.12159
28.9243,1.12158
28.9258,1.12157
28.9273,1.12156
28.9288,1.12156
28.9303,1.12155
28.9318,1.12154
28.9333,1.12153
28.9348,1.12153
28.9363,1.12152
28.9378,1.12151
28.9393,1.1215
28.9408,1.1215
28.9423,1.12149
28.9438,1.12148
28.9453,1.12147
28.9468,1.12146
28.9483,1.12146
28.9498,1.12145
28.9513,1.12144
28.9528,1.12144
28.9543,1.12143
28.9558,1.12142
28.9573,1.12141
28.9588,1.12141
28.9603,1.1214
28.9618,1.12139
28.9633,1.12138
28.9648,1.12138
28.9663,1.12137
28.9678,1.12136
28.9693,1.12136
28.9708,1.12135
28.9723,1.12134
28.9738,1.12134
28.9753,1.12133
28.9768,1.12132
28.9783,1.12132
28.9798,1.12131
28.9813,1.1213
28.9828,1.1213
28.9843,1.12129
28.9858,1.12128
28.9873,1.12128
28.9888,1.12127
28.9903,1.12127
28.9918,1.12126
28.9933,1.12125
28.9948,1.12125
28.9963,1.12124
28.9978,1.12124
28.9993,1.12123
29.0008,1.12123
29.0023,1.12122
29.0038,1.12121
29.0053,1.12121
29.0068,1.1212
29.0083,1.1212
29.0098,1.12119
29.0113,1.12119
29.0128,1.12118
29.0143,1.12118
29.0158,1.12117
29.0173,1.12117
29.0187,1.12116
29.0202,1.12116
29.0217,1.12115
29.0232,1.12115
29.0247,1.12114
29.0262,1.12114
29.0277,1.12113
29.0292,1.12113
29.0307,1.12112
29.0322,1.12112
29.0337,1.12111
29.0352,1.12111
29.0367,1.12111
29.0382,1.1211
29.0397,1.1211
29.0412,1.12109
29.0427,1.12109
29.0442,1.12108
29.0457,1.12108
29.0472,1.12107
29.0487,1.12107
29.0502,1.12107
29.0517,1.12106
29.0532,1.12106
29.0547,1.12105
29.0562,1.12105
29.0577,1.12105
29.0592,1.12104
29.0607,1.12104
29.0622,1.12103
29.0637,1.12103
29.0652,1.12102
29.0667,1.12102
29.0682,1.12102
29.0697,1.12101
29.0712,1.12101
29.0727,1.121
29.0742,1.121
29.0757,1.12099
29.0772,1.12099
29.0787,1.12098
29.0802,1.12098
29.0817,1.12098
29.0832,1.12097
29.0847,1.12096
29.0862,1.12096
29.0877,1.12095
29.0892,1.12095
29.0907,1.12094
29.0922,1.12094
29.0937,1.12093
29.0952,1.12093
29.0967,1.12092
29.0982,1.12092
29.0997,1.12091
29.1012,1.1209
29.1027,1.1209
29.1042,1.12089
29.1057,1.12089
29.1072,1.12088
29.1087,1.12087
29.1102,1.12087
29.1117,1.12086
29.1132,1.12085
29.1147,1.12085
29.1162,1.12084
29.1177,1.12083
29.1192,1.12083
29.1207,1.12082
29.1222,1.12081
29.1237,1.1208
29.1252,1.12079
29.1267,1.12079
29.1282,1.12078
29.1297,1.12077
29.1312,1.12076
29.1327,1.12075
29.1342,1.12074
29.1357,1.12074
29.1372,1.12073
29.1387,1.12072
29.1402,1.12071
29.1417,1.1207
29.1432,1.12069
29.1447,1.12068
29.1462,1.12067
29.1477,1.12066
29.1492,1.12065
29.1507,1.12064
29.1522,1.12063
29.1537,1.12062
29.1552,1.12061
29.1567,1.1206
29.1582,1.12059
29.1597,1.12058
29.1612,1.12057
29.1627,1.12056
29.1642,1.12055
29.1657,1.12053
29.1672,1.12052
29.1687,1.12051
29.1702,1.1205
29.1717,1.12049
29.1732,1.12048
29.1747,1.12046
29.1762,1.12045
29.1777,1.12044
29.1792,1.12043
29.1807,1.12042
29.1822,1.1204
29.1837,1.12039
29.1852,1.12038
29.1867,1.12037
29.1882,1.12036
29.1897,1.12034
29.1912,1.12033
29.1927,1.12032
29.1942,1.12031
29.1957,1.12029
29.1972,1.12028
29.1987,1.12027
29.2001,1.12026
29.2016,1.12025
29.2031,1.12023
29.2046,1.12022
29.2061,1.12021
29.2076,1.1202
29.2091,1.12018
29.2106,1.12017
29.2121,1.12016
29.2136,1.12015
29.2151,1.12013
29.2166,1.12012
29.2181,1.12011
29.2196,1.1201
29.2211,1.12008
29.2226,1.12007
29.2241,1.12006
29.2256,1.12005
29.2271,1.12004
29.2286,1.12002
29.2301,1.12001
29.2316,1.12
29.2331,1.11999
29.2346,1.11997
29.2361,1.11996
29.2376,1.11995
29.2391,1.11994
29.2406,1.11993
29.2421,1.11991
29.2436,1.1199
29.2451,1.11989
29.2466,1.11988
29.2481,1.11987
29.2496,1.11986
29.2511,1.11985
29.2526,1.11983
29.2541,1.11982
29.2556,1.11981
29.2571,1.1198
29.2586,1.11979
29.2601,1.11978
29.2616,1.11977
29.2631,1.11976
29.2646,1.11974
29.2661,1.11973
29.2676,1.11972
29.2691,1.11971
29.2706,1.1197
29.2721,1.11969
29.2736,1.11968
29.2751,1.11967
29.2766,1.11966
29.2781,1.11965
29.2796,1.11964
29.2811,1.11963
29.2826,1.11962
29.2841,1.11961
29.2856,1.1196
29.2871,1.11959
29.2886,1.11958
29.2901,1.11957
29.2916,1.11956
29.2931,1.11955
29.2946,1.11954
29.2961,1.11953
29.2976,1.11952
29.2991,1.11951
29.3006,1.1195
29.3021,1.11949
29.3036,1.11948
29.3051,1.11947
29.3066,1.11946
29.3081,1.11945
29.3096,1.11944
29.3111,1.11944
29.3126,1.11943
29.3141,1.11942
29.3156,1.11941
29.3171,1.1194
29.3186,1.11939
29.3201,1.11938
29.3216,1.11937
29.3231,1.11936
29.3246,1.11936
29.3261,1.11935
29.3276,1.11934
29.3291,1.11933
29.3306,1.11932
29.3321,1.11931
29.3336,1.11931
29.3351,1.1193
29.3366,1.11929
29.3381,1.11928
29.3396,1.11927
29.3411,1.11926
29.3426,1.11926
29.3441,1.11925
29.3456,1.11924
29.3471,1.11923
29.3486,1.11922
29.3501,1.11922
29.3516,1.11921
29.3531,1.1192
29.3546,1.11919
29.3561,1.11919
29.3576,1.11918
29.3591,1.11917
29.3606,1.11916
29.3621,1.11916
29.3636,1.11915
29.3651,1.11914
29.3666,1.11914
29.3681,1.11913
29.3696,1.11912
29.3711,1.11911
29.3726,1.11911
29.3741,1.1191
29.3756,1.11909
29.3771,1.11908
29.3786,1.11908
29.3801,1.11907
29.3815,1.11906
29.383,1.11906
29.3845,1.11905
29.386,1.11904
29.3875,1.11903
29.389,1.11903
29.3905,1.11902
29.392,1.11902
29.3935,1.11901
29.395,1.119
29.3965,1.11899
29.398,1.11899
29.3995,1.11898
29.401,1.11897
29.4025,1.11897
29.404,1.11896
29.4055,1.11895
29.407,1.11895
29.4085,1.11894
29.41,1.11893
29.4115,1.11893
29.413,1.11892
29.4145,1.11892
29.416,1.11891
29.4175,1.1189
29.419,1.11889
29.4205,1.11889
29.422,1.11888
29.4235,1.11887
29.425,1.11887
29.4265,1.11886
29.428,1.11886
29.4295,1.11885
29.431,1.11884
29.4325,1.11883
29.434,1.11883
29.4355,1.11882
29.437,1.11881
29.4385,1.11881
29.44,1.1188
29.4415,1.11879
29.443,1.11879
29.4445,1.11878
29.446,1.11877
29.4475,1.11877
29.449,1.11876
29.4505,1.11875
29.452,1.11875
29.4535,1.11874
29.455,1.11873
29.4565,1.11873
29.458,1.11872
29.4595,1.11871
29.461,1.11871
29.4625,1.1187
29.464,1.11869
29.4655,1.11869
29.467,1.11868
29.4685,1.11867
29.47,1.11867
29.4715,1.11866
29.473,1.11865
29.4745,1.11865
29.476,1.11864
29.4775,1.11863
29.479,1.11863
29.4805,1.11862
29.482,1.11861
29.4835,1.11861
29.485,1.1186
29.4865,1.11859
29.488,1.11859
29.4895,1.11858
29.491,1.11857
29.4925,1.11857
29.494,1.11856
29.4955,1.11855
29.497,1.11855
29.4985,1.11854
29.5,1.11853
29.5015,1.11853
29.503,1.11852
29.5045,1.11852
29.506,1.11851
29.5075,1.1185
29.509,1.11849
29.5105,1.11849
29.512,1.11848
29.5135,1.11848
29.515,1.11847
29.5165,1.11846
29.518,1.11846
29.5195,1.11845
29.521,1.11844
29.5225,1.11844
29.524,1.11843
29.5255,1.11842
29.527,1.11842
29.5285,1.11841
29.53,1.11841
29.5315,1.1184
29.533,1.11839
29.5345,1.11838
29.536,1.11838
29.5375,1.11837
29.539,1.11837
29.5405,1.11836
29.542,1.11835
29.5435,1.11835
29.545,1.11834
29.5465,1.11833
29.548,1.11833
29.5495,1.11832
29.551,1.11831
29.5525,1.11831
29.554,1.1183
29.5555,1.11829
29.557,1.11829
29.5585,1.11828
29.56,1.11828
29.5615,1.11827
29.563,1.11826
29.5644,1.11826
29.5659,1.11825
29.5674,1.11824
29.5689,1.11824
29.5704,1.11823
29.5719,1.11822
29.5734,1.11822
29.5749,1.11821
29.5764,1.11821
29.5779,1.1182
29.5794,1.11819
29.5809,1.11819
29.5824,1.11818
29.5839,1.11817
29.5854,1.11817
29.5869,1.11816
29.5884,1.11815
29.5899,1.11815
29.5914,1.11814
29.5929,1.11813
29.5944,1.11813
29.5959,1.11812
29.5974,1.11811
29.5989,1.11811
29.6004,1.1181
29.6019,1.1181
29.6034,1.11809
29.6049,1.11808
29.6064,1.11807
29.6079,1.11807
29.6094,1.11806
29.6109,1.11806
29.6124,1.11805
29.6139,1.11804
29.6154,1.11804
29.6169,1.11803
29.6184,1.11802
29.6199,1.11802
29.6214,1.11801
29.6229,1.11801
29.6244,1.118
29.6259,1.11799
29.6274,1.11799
29.6289,1.11798
29.6304,1.11797
29.6319,1.11797
29.6334,1.11796
29.6349,1.11795
29.6364,1.11795
29.6379,1.11794
29.6394,1.11793
29.6409,1.11793
29.6424,1.11792
29.6439,1.11792
29.6454,1.11791
29.6469,1.1179
29.6484,1.1179
29.6499,1.11789
29.6514,1.11789
29.6529,1.11788
29.6544,1.11788
29.6559,1.11787
29.6574,1.11786
29.6589,1.11786
29.6604,1.11785
29.6619,1.11785
29.6634,1.11784
29.6649,1.11784
29.6664,1.11783
29.6679,1.11783
29.6694,1.11782
29.6709,1.11782
29.6724,1.11781
29.6739,1.11781
29.6754,1.1178
29.6769,1.1178
29.6784,1.11779
29.6799,1.11779
29.6814,1.11779
29.6829,1.11778
29.6844,1.11778
29.6859,1.11777
29.6874,1.11777
29.6889,1.11777
29.6904,1.11776
29.6919,1.11776
29.6934,1.11776
29.6949,1.11775
29.6964,1.11775
29.6979,1.11774
29.6994,1.11774
29.7009,1.11774
29.7024,1.11774
29.7039,1.11773
29.7054,1.11773
29.7069,1.11773
29.7084,1.11772
29.7099,1.11772
29.7114,1.11772
29.7129,1.11772
29.7144,1.11771
29.7159,1.11771
29.7174,1.11771
29.7189,1.11771
29.7204,1.11771
29.7219,1.1177
29.7234,1.1177
29.7249,1.1177
29.7264,1.1177
29.7279,1.1177
29.7294,1.11769
29.7309,1.11769
29.7324,1.11769
29.7339,1.11769
29.7354,1.11769
29.7369,1.11769
29.7384,1.11769
29.7399,1.11769
29.7414,1.11768
29.7429,1.11768
29.7444,1.11768
29.7458,1.11768
29.7473,1.11768
29.7488,1.11768
29.7503,1.11768
29.7518,1.11768
29.7533,1.11767
29.7548,1.11767
29.7563,1.11767
29.7578,1.11767
29.7593,1.11767
29.7608,1.11767
29.7623,1.11767
29.7638,1.11767
29.7653,1.11767
29.7668,1.11767
29.7683,1.11767
29.7698,1.11766
29.7713,1.11766
29.7728,1.11766
29.7743,1.11766
29.7758,1.11766
29.7773,1.11766
29.7788,1.11766
29.7803,1.11766
29.7818,1.11766
29.7833,1.11766
29.7848,1.11766
29.7863,1.11765
29.7878,1.11765
29.7893,1.11765
29.7908,1.11765
29.7923,1.11765
29.7938,1.11765
29.7953,1.11765
29.7968,1.11765
29.7983,1.11765
29.7998,1.11764
29.8013,1.11764
29.8028,1.11764
29.8043,1.11764
29.8058,1.11764
29.8073,1.11764
29.8088,1.11764
29.8103,1.11764
29.8118,1.11764
29.8133,1.11763
29.8148,1.11763
29.8163,1.11763
29.8178,1.11763
29.8193,1.11763
29.8208,1.11763
29.8223,1.11763
29.8238,1.11763
29.8253,1.11763
29.8268,1.11762
29.8283,1.11762
29.8298,1.11762
29.8313,1.11762
29.8328,1.11762
29.8343,1.11762
29.8358,1.11762
29.8373,1.11762
29.8388,1.11762
29.8403,1.11762
29.8418,1.11762
29.8433,1.11762
29.8448,1.11762
29.8463,1.11762
29.8478,1.11761
29.8493,1.11761
29.8508,1.11761
29.8523,1.11761
29.8538,1.11761
29.8553,1.11761
29.8568,1.11761
29.8583,1.11761
29.8598,1.11761
29.8613,1.11761
29.8628,1.11762
29.8643,1.11762
29.8658,1.11762
29.8673,1.11761
29.8688,1.11762
29.8703,1.11762
29.8718,1.11762
29.8733,1.11762
29.8748,1.11762
29.8763,1.11762
29.8778,1.11762
29.8793,1.11762
29.8808,1.11762
29.8823,1.11763
29.8838,1.11763
29.8853,1.11763
29.8868,1.11763
29.8883,1.11763
29.8898,1.11764
29.8913,1.11764
29.8928,1.11764
29.8943,1.11764
29.8958,1.11764
29.8973,1.11765
29.8988,1.11765
29.9003,1.11765
29.9018,1.11765
29.9033,1.11766
29.9048,1.11766
29.9063,1.11766
29.9078,1.11767
29.9093,1.11767
29.9108,1.11767
29.9123,1.11768
29.9138,1.11768
29.9153,1.11768
29.9168,1.11769
29.9183,1.11769
29.9198,1.11769
29.9213,1.1177
29.9228,1.1177
29.9243,1.11771
29.9258,1.11771
29.9272,1.11771
29.9287,1.11772
29.9302,1.11772
29.9317,1.11773
29.9332,1.11773
29.9347,1.11774
29.9362,1.11774
29.9377,1.11775
29.9392,1.11775
29.9407,1.11776
29.9422,1.11776
29.9437,1.11777
29.9452,1.11777
29.9467,1.11778
29.9482,1.11778
29.9497,1.11779
29.9512,1.1178
29.9527,1.1178
29.9542,1.1178
29.9557,1.11781
29.9572,1.11782
29.9587,1.11782
29.9602,1.11783
29.9617,1.11783
29.9632,1.11784
29.9647,1.11785
29.9662,1.11785
29.9677,1.11786
29.9692,1.11786
29.9707,1.11787
29.9722,1.11788
29.9737,1.11788
29.9752,1.11789
29.9767,1.1179
29.9782,1.1179
29.9797,1.11791
29.9812,1.11792
29.9827,1.11792
29.9842,1.11793
29.9857,1.11794
29.9872,1.11794
29.9887,1.11795
29.9902,1.11796
29.9917,1.11796
29.9932,1.11797
29.9947,1.11798
29.9962,1.11798
29.9977,1.11799
29.9992,1.11799
30.0007,1.118
30.0022,1.11801
30.0037,1.11801
30.0052,1.11802
30.0067,1.11803
30.0082,1.11803
30.0097,1.11804
30.0112,1.11805
30.0127,1.11805
30.0142,1.11806
30.0157,1.11807
30.0172,1.11808
30.0187,1.11808
30.0202,1.11809
30.0217,1.1181
30.0232,1.1181
30.0247,1.11811
30.0262,1.11811
30.0277,1.11812
30.0292,1.11813
30.0307,1.11813
30.0322,1.11814
30.0337,1.11815
30.0352,1.11815
30.0367,1.11816
30.0382,1.11817
30.0397,1.11817
30.0412,1.11818
30.0427,1.11819
30.0442,1.11819
30.0457,1.1182
30.0472,1.1182
30.0487,1.11821
30.0502,1.11822
30.0517,1.11822
30.0532,1.11823
30.0547,1.11823
30.0562,1.11824
30.0577,1.11825
30.0592,1.11825
30.0607,1.11826
30.0622,1.11827
30.0637,1.11827
30.0652,1.11828
30.0667,1.11828
30.0682,1.11829
30.0697,1.11829
30.0712,1.1183
30.0727,1.11831
30.0742,1.11831
30.0757,1.11832
30.0772,1.11832
30.0787,1.11833
30.0802,1.11833
30.0817,1.11834
30.0832,1.11834
30.0847,1.11835
30.0862,1.11835
30.0877,1.11836
30.0892,1.11837
30.0907,1.11837
30.0922,1.11838
30.0937,1.11838
30.0952,1.11839
30.0967,1.11839
30.0982,1.1184
30.0997,1.1184
30.1012,1.11841
30.1027,1.11841
30.1042,1.11842
30.1057,1.11842
30.1072,1.11843
30.1087,1.11843
30.1101,1.11844
30.1116,1.11844
30.1131,1.11845
30.1146,1.11845
30.1161,1.11846
30.1176,1.11846
30.1191,1.11846
30.1206,1.11847
30.1221,1.11847
30.1236,1.11848
30.1251,1.11848
30.1266,1.11848
30.1281,1.11849
30.1296,1.11849
30.1311,1.1185
30.1326,1.1185
30.1341,1.1185
30.1356,1.11851
30.1371,1.11851
30.1386,1.11851
30.1401,1.11852
30.1416,1.11852
30.1431,1.11852
30.1446,1.11853
30.1461,1.11853
30.1476,1.11853
30.1491,1.11854
30.1506,1.11854
30.1521,1.11854
30.1536,1.11854
30.1551,1.11855
30.1566,1.11855
30.1581,1.11855
30.1596,1.11855
30.1611,1.11855
30.1626,1.11856
30.1641,1.11856
30.1656,1.11856
30.1671,1.11856
30.1686,1.11857
30.1701,1.11857
30.1716,1.11857
30.1731,1.11857
30.1746,1.11858
30.1761,1.11858
30.1776,1.11858
30.1791,1.11858
30.1806,1.11858
30.1821,1.11858
30.1836,1.11858
30.1851,1.11859
30.1866,1.11859
30.1881,1.11859
30.1896,1.11859
30.1911,1.11859
30.1926,1.11859
30.1941,1.11859
30.1956,1.1186
30.1971,1.1186
30.1986,1.1186
30.2001,1.1186
30.2016,1.1186
30.2031,1.1186
30.2046,1.1186
30.2061,1.1186
30.2076,1.11861
30.2091,1.11861
30.2106,1.11861
30.2121,1.11861
30.2136,1.11861
30.2151,1.11861
30.2166,1.11861
30.2181,1.11861
30.2196,1.11861
30.2211,1.11861
30.2226,1.11862
30.2241,1.11862
30.2256,1.11862
30.2271,1.11862
30.2286,1.11862
30.2301,1.11862
30.2316,1.11862
30.2331,1.11862
30.2346,1.11863
30.2361,1.11863
30.2376,1.11863
30.2391,1.11863
30.2406,1.11863
30.2421,1.11863
30.2436,1.11863
30.2451,1.11863
30.2466,1.11863
30.2481,1.11863
30.2496,1.11863
30.2511,1.11864
30.2526,1.11864
30.2541,1.11864
30.2556,1.11864
30.2571,1.11864
30.2586,1.11864
30.2601,1.11865
30.2616,1.11865
30.2631,1.11865
30.2646,1.11865
30.2661,1.11865
30.2676,1.11865
30.2691,1.11866
30.2706,1.11866
30.2721,1.11866
30.2736,1.11866
30.2751,1.11866
30.2766,1.11866
30.2781,1.11867
30.2796,1.11867
30.2811,1.11867
30.2826,1.11867
30.2841,1.11868
30.2856,1.11868
30.2871,1.11868
30.2886,1.11868
30.2901,1.11868
30.2915,1.11869
30.293,1.11869
30.2945,1.11869
30.296,1.11869
30.2975,1.1187
30.299,1.1187
30.3005,1.1187
30.302,1.1187
30.3035,1.11871
30.305,1.11871
30.3065,1.11871
30.308,1.11872
30.3095,1.11872
30.311,1.11872
30.3125,1.11872
30.314,1.11873
30.3155,1.11873
30.317,1.11873
30.3185,1.11874
30.32,1.11874
30.3215,1.11875
30.323,1.11875
30.3245,1.11875
30.326,1.11875
30.3275,1.11876
30.329,1.11876
30.3305,1.11876
30.332,1.11877
30.3335,1.11877
30.335,1.11878
30.3365,1.11878
30.338,1.11878
30.3395,1.11879
30.341,1.11879
30.3425,1.11879
30.344,1.1188
30.3455,1.1188
30.347,1.1188
30.3485,1.11881
30.35,1.11881
30.3515,1.11882
30.353,1.11882
30.3545,1.11882
30.356,1.11883
30.3575,1.11883
30.359,1.11883
30.3605,1.11884
30.362,1.11884
30.3635,1.11885
30.365,1.11885
30.3665,1.11885
30.368,1.11886
30.3695,1.11886
30.371,1.11887
30.3725,1.11887
30.374,1.11887
30.3755,1.11888
30.377,1.11888
30.3785,1.11889
30.38,1.11889
30.3815,1.11889
30.383,1.1189
30.3845,1.1189
30.386,1.11891
30.3875,1.11891
30.389,1.11892
30.3905,1.11892
30.392,1.11892
30.3935,1.11893
30.395,1.11893
30.3965,1.11894
30.398,1.11894
30.3995,1.11895
30.401,1.11895
30.4025,1.11896
30.404,1.11896
30.4055,1.11897
30.407,1.11897
30.4085,1.11897
30.41,1.11898
30.4115,1.11898
30.413,1.11899
30.4145,1.11899
30.416,1.119
30.4175,1.119
30.419,1.11901
30.4205,1.11901
30.422,1.11902
30.4235,1.11902
30.425,1.11903
30.4265,1.11903
30.428,1.11904
30.4295,1.11904
30.431,1.11905
30.4325,1.11906
30.434,1.11906
30.4355,1.11907
30.437,1.11907
30.4385,1.11908
30.44,1.11908
30.4415,1.11909
30.443,1.11909
30.4445,1.1191
30.446,1.11911
30.4475,1.11911
30.449,1.11912
30.4505,1.11913
30.452,1.11913
30.4535,1.11914
30.455,1.11914
30.4565,1.11915
30.458,1.11916
30.4595,1.11916
30.461,1.11917
30.4625,1.11918
30.464,1.11919
30.4655,1.11919
30.467,1.1192
30.4685,1.11921
30.47,1.11921
30.4715,1.11922
30.4729,1.11923
30.4744,1.11924
30.4759,1.11924
30.4774,1.11925
30.4789,1.11926
30.4804,1.11926
30.4819,1.11927
30.4834,1.11928
30.4849,1.11929
30.4864,1.1193
30.4879,1.11931
30.4894,1.11931
30.4909,1.11932
30.4924,1.11933
30.4939,1.11934
30.4954,1.11935
30.4969,1.11935
30.4984,1.11936
30.4999,1.11937
30.5014,1.11938
30.5029,1.11939
30.5044,1.1194
30.5059,1.11941
30.5074,1.11941
30.5089,1.11942
30.5104,1.11943
30.5119,1.11944
30.5134,1.11945
30.5149,1.11946
30.5164,1.11947
30.5179,1.11948
30.5194,1.11949
30.5209,1.1195
30.5224,1.11951
30.5239,1.11952
30.5254,1.11953
30.5269,1.11954
30.5284,1.11955
30.5299,1.11956
30.5314,1.11957
30.5329,1.11958
30.5344,1.11959
30.5359,1.11959
30.5374,1.11961
30.5389,1.11962
30.5404,1.11963
30.5419,1.11964
30.5434,1.11965
30.5449,1.11966
30.5464,1.11967
30.5479,1.11968
30.5494,1.11969
30.5509,1.1197
30.5524,1.11971
30.5539,1.11972
30.5554,1.11973
30.5569,1.11974
30.5584,1.11975
30.5599,1.11976
30.5614,1.11977
30.5629,1.11978
30.5644,1.11978
30.5659,1.1198
30.5674,1.11981
30.5689,1.11982
30.5704,1.11983
30.5719,1.11984
30.5734,1.11985
30.5749,1.11986
30.5764,1.11987
30.5779,1.11988
30.5794,1.11989
30.5809,1.1199
30.5824,1.11991
30.5839,1.11991
30.5854,1.11992
30.5869,1.11993
30.5884,1.11994
30.5899,1.11995
30.5914,1.11996
30.5929,1.11997
30.5944,1.11998
30.5959,1.11999
30.5974,1.12
30.5989,1.12001
30.6004,1.12002
30.6019,1.12003
30.6034,1.12004
30.6049,1.12004
30.6064,1.12005
30.6079,1.12006
30.6094,1.12007
30.6109,1.12008
30.6124,1.12009
30.6139,1.1201
30.6154,1.1201
30.6169,1.12011
30.6184,1.12012
30.6199,1.12013
30.6214,1.12014
30.6229,1.12014
30.6244,1.12015
30.6259,1.12016
30.6274,1.12017
30.6289,1.12018
30.6304,1.12018
30.6319,1.12019
30.6334,1.1202
30.6349,1.1202
30.6364,1.12021
30.6379,1.12022
30.6394,1.12023
30.6409,1.12023
30.6424,1.12024
30.6439,1.12025
30.6454,1.12025
30.6469,1.12026
30.6484,1.12027
30.6499,1.12028
30.6514,1.12028
30.6529,1.12029
30.6544,1.12029
30.6558,1.1203
30.6573,1.12031
30.6588,1.12031
30.6603,1.12032
30.6618,1.12033
30.6633,1.12033
30.6648,1.12034
30.6663,1.12035
30.6678,1.12035
30.6693,1.12036
30.6708,1.12036
30.6723,1.12037
30.6738,1.12037
30.6753,1.12038
30.6768,1.12039
30.6783,1.12039
30.6798,1.1204
30.6813,1.1204
30.6828,1.12041
30.6843,1.12041
30.6858,1.12042
30.6873,1.12042
30.6888,1.12043
30.6903,1.12043
30.6918,1.12044
30.6933,1.12045
30.6948,1.12045
30.6963,1.12046
30.6978,1.12046
30.6993,1.12047
30.7008,1.12047
30.7023,1.12048
30.7038,1.12049
30.7053,1.12049
30.7068,1.1205
30.7083,1.1205
30.7098,1.12051
30.7113,1.12051
30.7128,1.12052
30.7143,1.12052
30.7158,1.12053
30.7173,1.12053
30.7188,1.12054
30.7203,1.12054
30.7218,1.12055
30.7233,1.12055
30.7248,1.12056
30.7263,1.12056
30.7278,1.12057
30.7293,1.12058
30.7308,1.12058
30.7323,1.12059
30.7338,1.12059
30.7353,1.1206
30.7368,1.1206
30.7383,1.12061
30.7398,1.12061
30.7413,1.12062
30.7428,1.12062
30.7443,1.12063
30.7458,1.12063
30.7473,1.12064
30.7488,1.12065
30.7503,1.12065
30.7518,1.12066
30.7533,1.12066
30.7548,1.12067
30.7563,1.12067
30.7578,1.12068
30.7593,1.12068
30.7608,1.12069
30.7623,1.12069
30.7638,1.1207
30.7653,1.12071
30.7668,1.12071
30.7683,1.12072
30.7698,1.12072
30.7713,1.12073
30.7728,1.12073
30.7743,1.12074
30.7758,1.12074
30.7773,1.12075
30.7788,1.12076
30.7803,1.12076
30.7818,1.12077
30.7833,1.12077
30.7848,1.12078
30.7863,1.12078
30.7878,1.12079
30.7893,1.1208
30.7908,1.1208
30.7923,1.12081
30.7938,1.12081
30.7953,1.12082
30.7968,1.12082
30.7983,1.12083
30.7998,1.12084
30.8013,1.12084
30.8028,1.12085
30.8043,1.12085
30.8058,1.12086
30.8073,1.12086
30.8088,1.12087
30.8103,1.12088
30.8118,1.12088
30.8133,1.12089
30.8148,1.12089
30.8163,1.1209
30.8178,1.12091
30.8193,1.12091
30.8208,1.12092
30.8223,1.12092
30.8238,1.12093
30.8253,1.12094
30.8268,1.12094
30.8283,1.12095
30.8298,1.12095
30.8313,1.12096
30.8328,1.12096
30.8343,1.12097
30.8358,1.12097
30.8372,1.12098
30.8387,1.12099
30.8402,1.12099
30.8417,1.121
30.8432,1.121
30.8447,1.12101
30.8462,1.12101
30.8477,1.12102
30.8492,1.12103
30.8507,1.12103
30.8522,1.12104
30.8537,1.12104
30.8552,1.12105
30.8567,1.12105
30.8582,1.12106
30.8597,1.12106
30.8612,1.12107
30.8627,1.12107
30.8642,1.12108
30.8657,1.12108
30.8672,1.12109
30.8687,1.12109
30.8702,1.1211
30.8717,1.1211
30.8732,1.12111
30.8747,1.12111
30.8762,1.12112
30.8777,1.12112
30.8792,1.12113
30.8807,1.12113
30.8822,1.12114
30.8837,1.12114
30.8852,1.12115
30.8867,1.12115
30.8882,1.12116
30.8897,1.12116
30.8912,1.12116
30.8927,1.12117
30.8942,1.12117
30.8957,1.12118
30.8972,1.12118
30.8987,1.12118
30.9002,1.12119
30.9017,1.12119
30.9032,1.1212
30.9047,1.1212
30.9062,1.1212
30.9077,1.12121
30.9092,1.12121
30.9107,1.12122
30.9122,1.12122
30.9137,1.12122
30.9152,1.12123
30.9167,1.12123
30.9182,1.12123
30.9197,1.12124
30.9212,1.12124
30.9227,1.12124
30.9242,1.12125
30.9257,1.12125
30.9272,1.12125
30.9287,1.12126
30.9302,1.12126
30.9317,1.12126
30.9332,1.12126
30.9347,1.12127
30.9362,1.12127
30.9377,1.12127
30.9392,1.12128
30.9407,1.12128
30.9422,1.12128
30.9437,1.12128
30.9452,1.12128
30.9467,1.12129
30.9482,1.12129
30.9497,1.12129
30.9512,1.12129
30.9527,1.1213
30.9542,1.1213
30.9557,1.1213
30.9572,1.1213
30.9587,1.12131
30.9602,1.12131
30.9617,1.12131
30.9632,1.12131
30.9647,1.12131
30.9662,1.12131
30.9677,1.12132
30.9692,1.12132
30.9707,1.12132
30.9722,1.12132
30.9737,1.12132
30.9752,1.12133
30.9767,1.12133
30.9782,1.12133
30.9797,1.12133
30.9812,1.12133
30.9827,1.12133
30.9842,1.12133
30.9857,1.12133
30.9872,1.12134
30.9887,1.12134
30.9902,1.12134
30.9917,1.12134
30.9932,1.12134
30.9947,1.12134
30.9962,1.12134
30.9977,1.12134
30.9992,1.12134
31.0007,1.12134
31.0022,1.12135
31.0037,1.12135
31.0052,1.12135
31.0067,1.12135
31.0082,1.12135
31.0097,1.12135
31.0112,1.12135
31.0127,1.12135
31.0142,1.12135
31.0157,1.12135
31.0172,1.12135
31.0187,1.12135
31.0201,1.12135
31.0216,1.12135
31.0231,1.12135
31.0246,1.12135
31.0261,1.12135
31.0276,1.12136
31.0291,1.12136
31.0306,1.12136
31.0321,1.12136
31.0336,1.12136
31.0351,1.12136
31.0366,1.12136
31.0381,1.12136
31.0396,1.12136
31.0411,1.12136
31.0426,1.12136
31.0441,1.12136
31.0456,1.12136
31.0471,1.12136
31.0486,1.12136
31.0501,1.12136
31.0516,1.12136
31.0531,1.12136
31.0546,1.12136
31.0561,1.12136
31.0576,1.12136
31.0591,1.12136
31.0606,1.12136
31.0621,1.12136
31.0636,1.12136
31.0651,1.12136
31.0666,1.12136
31.0681,1.12136
31.0696,1.12136
31.0711,1.12136
31.0726,1.12136
31.0741,1.12136
31.0756,1.12136
31.0771,1.12136
31.0786,1.12136
31.0801,1.12136
31.0816,1.12136
31.0831,1.12135
31.0846,1.12135
31.0861,1.12135
31.0876,1.12135
31.0891,1.12135
31.0906,1.12135
31.0921,1.12135
31.0936,1.12135
31.0951,1.12135
31.0966,1.12135
31.0981,1.12135
31.0996,1.12134
31.1011,1.12134
31.1026,1.12134
31.1041,1.12134
31.1056,1.12134
31.1071,1.12134
31.1086,1.12133
31.1101,1.12133
31.1116,1.12133
31.1131,1.12133
31.1146,1.12133
31.1161,1.12133
31.1176,1.12132
31.1191,1.12132
31.1206,1.12132
31.1221,1.12132
31.1236,1.12131
31.1251,1.12131
31.1266,1.12131
31.1281,1.12131
31.1296,1.1213
31.1311,1.1213
31.1326,1.1213
31.1341,1.12129
31.1356,1.12129
31.1371,1.12129
31.1386,1.12128
31.1401,1.12128
31.1416,1.12128
31.1431,1.12127
31.1446,1.12127
31.1461,1.12127
31.1476,1.12126
31.1491,1.12126
31.1506,1.12126
31.1521,1.12125
31.1536,1.12125
31.1551,1.12125
31.1566,1.12124
31.1581,1.12124
31.1596,1.12123
31.1611,1.12123
31.1626,1.12122
31.1641,1.12122
31.1656,1.12122
31.1671,1.12121
31.1686,1.12121
31.1701,1.1212
31.1716,1.1212
31.1731,1.1212
31.1746,1.12119
31.1761,1.12119
31.1776,1.12118
31.1791,1.12118
31.1806,1.12117
31.1821,1.12117
31.1836,1.12116
31.1851,1.12115
31.1866,1.12115
31.1881,1.12114
31.1896,1.12114
31.1911,1.12113
31.1926,1.12113
31.1941,1.12112
31.1956,1.12112
31.1971,1.12111
31.1986,1.12111
31.2001,1.1211
31.2015,1.1211
31.203,1.12109
31.2045,1.12108
31.206,1.12108
31.2075,1.12107
31.209,1.12107
31.2105,1.12106
31.212,1.12105
31.2135,1.12105
31.215,1.12104
31.2165,1.12103
31.218,1.12103
31.2195,1.12102
31.221,1.12102
31.2225,1.12101
31.224,1.121
31.2255,1.121
31.227,1.12099
31.2285,1.12098
31.23,1.12097
31.2315,1.12097
31.233,1.12096
31.2345,1.12095
31.236,1.12094
31.2375,1.12094
31.239,1.12093
31.2405,1.12092
31.242,1.12091
31.2435,1.12091
31.245,1.1209
31.2465,1.12089
31.248,1.12088
31.2495,1.12087
31.251,1.12087
31.2525,1.12086
31.254,1.12085
31.2555,1.12084
31.257,1.12083
31.2585,1.12083
31.26,1.12082
31.2615,1.12081
31.263,1.1208
31.2645,1.12079
31.266,1.12078
31.2675,1.12077
31.269,1.12076
31.2705,1.12075
31.272,1.12075
31.2735,1.12074
31.275,1.12073
31.2765,1.12072
31.278,1.12071
31.2795,1.1207
31.281,1.12069
31.2825,1.12068
31.284,1.12067
31.2855,1.12066
31.287,1.12065
31.2885,1.12064
31.29,1.12063
31.2915,1.12062
31.293,1.1206
31.2945,1.12059
31.296,1.12058
31.2975,1.12057
31.299,1.12056
31.3005,1.12055
31.302,1.12054
31.3035,1.12053
31.305,1.12052
31.3065,1.12051
31.308,1.1205
31.3095,1.12048
31.311,1.12047
31.3125,1.12046
31.314,1.12045
31.3155,1.12044
31.317,1.12043
31.3185,1.12041
31.32,1.1204
31.3215,1.12039
31.323,1.12038
31.3245,1.12036
31.326,1.12035
31.3275,1.12034
31.329,1.12032
31.3305,1.12031
31.332,1.1203
31.3335,1.12029
31.335,1.12027
31.3365,1.12026
31.338,1.12024
31.3395,1.12023
31.341,1.12022
31.3425,1.1202
31.344,1.12019
31.3455,1.12017
31.347,1.12016
31.3485,1.12015
31.35,1.12013
31.3515,1.12012
31.353,1.1201
31.3545,1.12009
31.356,1.12007
31.3575,1.12006
31.359,1.12004
31.3605,1.12003
31.362,1.12001
31.3635,1.12
31.365,1.11998
31.3665,1.11996
31.368,1.11995
31.3695,1.11993
31.371,1.11991
31.3725,1.1199
31.374,1.11988
31.3755,1.11987
31.377,1.11985
31.3785,1.11983
31.38,1.11981
31.3815,1.1198
31.3829,1.11978
31.3844,1.11976
31.3859,1.11975
31.3874,1.11973
31.3889,1.11971
31.3904,1.11969
31.3919,1.11968
31.3934,1.11966
31.3949,1.11964
31.3964,1.11962
31.3979,1.11961
31.3994,1.11959
31.4009,1.11957
31.4024,1.11955
31.4039,1.11953
31.4054,1.11952
31.4069,1.1195
31.4084,1.11948
31.4099,1.11946
31.4114,1.11944
31.4129,1.11943
31.4144,1.11941
31.4159,1.11939
31.4174,1.11937
31.4189,1.11935
31.4204,1.11933
31.4219,1.11932
31.4234,1.1193
31.4249,1.11928
31.4264,1.11926
31.4279,1.11925
31.4294,1.11923
31.4309,1.11921
31.4324,1.11919
31.4339,1.11917
31.4354,1.11916
31.4369,1.11914
31.4384,1.11912
31.4399,1.1191
31.4414,1.11908
31.4429,1.11907
31.4444,1.11905
31.4459,1.11903
31.4474,1.11902
31.4489,1.119
31.4504,1.11898
31.4519,1.11897
31.4534,1.11895
31.4549,1.11893
31.4564,1.11892
31.4579,1.1189
31.4594,1.11889
31.4609,1.11887
31.4624,1.11885
31.4639,1.11884
31.4654,1.11882
31.4669,1.11881
31.4684,1.1188
31.4699,1.11878
31.4714,1.11876
31.4729,1.11875
31.4744,1.11874
31.4759,1.11872
31.4774,1.11871
31.4789,1.1187
31.4804,1.11868
31.4819,1.11867
31.4834,1.11866
31.4849,1.11865
31.4864,1.11863
31.4879,1.11862
31.4894,1.11861
31.4909,1.1186
31.4924,1.11859
31.4939,1.11858
31.4954,1.11856
31.4969,1.11855
31.4984,1.11854
31.4999,1.11853
31.5014,1.11852
31.5029,1.11851
31.5044,1.1185
31.5059,1.11849
31.5074,1.11849
31.5089,1.11848
31.5104,1.11847
31.5119,1.11846
31.5134,1.11845
31.5149,1.11844
31.5164,1.11843
31.5179,1.11843
31.5194,1.11842
31.5209,1.11841
31.5224,1.11841
31.5239,1.1184
31.5254,1.11839
31.5269,1.11838
31.5284,1.11838
31.5299,1.11837
31.5314,1.11837
31.5329,1.11836
31.5344,1.11835
31.5359,1.11835
31.5374,1.11834
31.5389,1.11834
31.5404,1.11833
31.5419,1.11833
31.5434,1.11832
31.5449,1.11832
31.5464,1.11831
31.5479,1.11831
31.5494,1.1183
31.5509,1.1183
31.5524,1.11829
31.5539,1.11829
31.5554,1.11829
31.5569,1.11828
31.5584,1.11828
31.5599,1.11827
31.5614,1.11827
31.5629,1.11827
31.5644,1.11826
31.5658,1.11826
31.5673,1.11825
31.5688,1.11825
31.5703,1.11824
31.5718,1.11824
31.5733,1.11824
31.5748,1.11823
31.5763,1.11823
31.5778,1.11822
31.5793,1.11822
31.5808,1.11821
31.5823,1.11821
31.5838,1.1182
31.5853,1.1182
31.5868,1.11819
31.5883,1.11819
31.5898,1.11818
31.5913,1.11818
31.5928,1.11817
31.5943,1.11817
31.5958,1.11816
31.5973,1.11816
31.5988,1.11815
31.6003,1.11814
31.6018,1.11814
31.6033,1.11813
31.6048,1.11812
31.6063,1.11812
31.6078,1.11811
31.6093,1.1181
31.6108,1.1181
31.6123,1.11809
31.6138,1.11808
31.6153,1.11807
31.6168,1.11807
31.6183,1.11806
31.6198,1.11805
31.6213,1.11804
31.6228,1.11803
31.6243,1.11802
31.6258,1.11801
31.6273,1.118
31.6288,1.118
31.6303,1.11799
31.6318,1.11798
31.6333,1.11797
31.6348,1.11796
31.6363,1.11795
31.6378,1.11794
31.6393,1.11793
31.6408,1.11792
31.6423,1.11791
31.6438,1.1179
31.6453,1.11789
31.6468,1.11788
31.6483,1.11787
31.6498,1.11786
31.6513,1.11785
31.6528,1.11784
31.6543,1.11783
31.6558,1.11782
31.6573,1.1178
31.6588,1.11779
31.6603,1.11778
31.6618,1.11777
31.6633,1.11776
31.6648,1.11775
31.6663,1.11774
31.6678,1.11773
31.6693,1.11772
31.6708,1.11771
31.6723,1.11769
31.6738,1.11768
31.6753,1.11767
31.6768,1.11766
31.6783,1.11765
31.6798,1.11764
31.6813,1.11763
31.6828,1.11762
31.6843,1.1176
31.6858,1.11759
31.6873,1.11758
31.6888,1.11757
31.6903,1.11756
31.6918,1.11754
31.6933,1.11753
31.6948,1.11752
31.6963,1.11751
31.6978,1.1175
31.6993,1.11748
31.7008,1.11747
31.7023,1.11746
31.7038,1.11745
31.7053,1.11744
31.7068,1.11743
31.7083,1.11741
31.7098,1.1174
31.7113,1.11739
31.7128,1.11738
31.7143,1.11736
31.7158,1.11735
31.7173,1.11734
31.7188,1.11733
31.7203,1.11732
31.7218,1.1173
31.7233,1.11729
31.7248,1.11728
31.7263,1.11727
31.7278,1.11726
31.7293,1.11725
31.7308,1.11723
31.7323,1.11722
31.7338,1.11721
31.7353,1.11719
31.7368,1.11718
31.7383,1.11717
31.7398,1.11716
31.7413,1.11715
31.7428,1.11714
31.7443,1.11712
31.7458,1.11711
31.7472,1.1171
31.7487,1.11709
31.7502,1.11708
31.7517,1.11706
31.7532,1.11705
31.7547,1.11704
31.7562,1.11703
31.7577,1.11702
31.7592,1.11701
31.7607,1.117
31.7622,1.11698
31.7637,1.11697
31.7652,1.11696
31.7667,1.11695
31.7682,1.11694
31.7697,1.11693
31.7712,1.11692
31.7727,1.11691
31.7742,1.1169
31.7757,1.11689
31.7772,1.11688
31.7787,1.11686
31.7802,1.11685
31.7817,1.11684
31.7832,1.11683
31.7847,1.11682
31.7862,1.11681
31.7877,1.1168
31.7892,1.11679
31.7907,1.11678
31.7922,1.11677
31.7937,1.11677
31.7952,1.11676
31.7967,1.11675
31.7982,1.11674
31.7997,1.11673
31.8012,1.11672
31.8027,1.11671
31.8042,1.1167
31.8057,1.11669
31.8072,1.11669
31.8087,1.11668
31.8102,1.11667
31.8117,1.11666
31.8132,1.11665
31.8147,1.11665
31.8162,1.11664
31.8177,1.11663
31.8192,1.11662
31.8207,1.11662
31.8222,1.11661
31.8237,1.1166
31.8252,1.11659
31.8267,1.11659
31.8282,1.11658
31.8297,1.11658
31.8312,1.11657
31.8327,1.11656
31.8342,1.11656
31.8357,1.11655
31.8372,1.11654
31.8387,1.11654
31.8402,1.11653
31.8417,1.11653
31.8432,1.11652
31.8447,1.11652
31.8462,1.11651
31.8477,1.11651
31.8492,1.1165
31.8507,1.1165
31.8522,1.11649
31.8537,1.11649
31.8552,1.11648
31.8567,1.11648
31.8582,1.11647
31.8597,1.11647
31.8612,1.11647
31.8627,1.11646
31.8642,1.11646
31.8657,1.11645
31.8672,1.11645
31.8687,1.11645
31.8702,1.11644
31.8717,1.11644
31.8732,1.11644
31.8747,1.11643
31.8762,1.11643
31.8777,1.11643
31.8792,1.11642
31.8807,1.11642
31.8822,1.11642
31.8837,1.11641
31.8852,1.11641
31.8867,1.11641
31.8882,1.1164
31.8897,1.1164
31.8912,1.1164
31.8927,1.1164
31.8942,1.11639
31.8957,1.11639
31.8972,1.11639
31.8987,1.11639
31.9002,1.11638
31.9017,1.11638
31.9032,1.11638
31.9047,1.11638
31.9062,1.11638
31.9077,1.11637
31.9092,1.11637
31.9107,1.11637
31.9122,1.11637
31.9137,1.11636
31.9152,1.11636
31.9167,1.11636
31.9182,1.11636
31.9197,1.11635
31.9212,1.11635
31.9227,1.11635
31.9242,1.11635
31.9257,1.11635
31.9272,1.11634
31.9286,1.11634
31.9301,1.11634
31.9316,1.11634
31.9331,1.11633
31.9346,1.11633
31.9361,1.11633
31.9376,1.11633
31.9391,1.11633
31.9406,1.11632
31.9421,1.11632
31.9436,1.11632
31.9451,1.11632
31.9466,1.11631
31.9481,1.11631
31.9496,1.11631
31.9511,1.11631
31.9526,1.1163
31.9541,1.1163
31.9556,1.1163
31.9571,1.1163
31.9586,1.1163
31.9601,1.11629
31.9616,1.11629
31.9631,1.11629
31.9646,1.11629
31.9661,1.11629
31.9676,1.11628
31.9691,1.11628
31.9706,1.11628
31.9721,1.11628
31.9736,1.11627
31.9751,1.11627
31.9766,1.11627
31.9781,1.11627
31.9796,1.11626
31.9811,1.11626
31.9826,1.11626
31.9841,1.11626
31.9856,1.11626
31.9871,1.11625
31.9886,1.11625
31.9901,1.11625
31.9916,1.11625
31.9931,1.11624
31.9946,1.11624
31.9961,1.11624
31.9976,1.11624
31.9991,1.11624
32.0006,1.11624
32.0021,1.11623
32.0036,1.11623
32.0051,1.11623
32.0066,1.11623
32.0081,1.11623
32.0096,1.11623
32.0111,1.11622
32.0126,1.11622
32.0141,1.11622
32.0156,1.11622
32.0171,1.11622
32.0186,1.11622
32.0201,1.11621
32.0216,1.11621
32.0231,1.11621
32.0246,1.11621
32.0261,1.11621
32.0276,1.11621
32.0291,1.11621
32.0306,1.11621
32.0321,1.11621
32.0336,1.11621
32.0351,1.1162
32.0366,1.1162
32.0381,1.1162
32.0396,1.1162
32.0411,1.1162
32.0426,1.1162
32.0441,1.1162
32.0456,1.1162
32.0471,1.1162
32.0486,1.1162
32.0501,1.1162
32.0516,1.1162
32.0531,1.1162
32.0546,1.1162
32.0561,1.1162
32.0576,1.1162
32.0591,1.1162
32.0606,1.1162
32.0621,1.1162
32.0636,1.1162
32.0651,1.1162
32.0666,1.1162
32.0681,1.1162
32.0696,1.1162
32.0711,1.1162
32.0726,1.1162
32.0741,1.1162
32.0756,1.1162
32.0771,1.1162
32.0786,1.1162
32.0801,1.1162
32.0816,1.1162
32.0831,1.1162
32.0846,1.1162
32.0861,1.1162
32.0876,1.1162
32.0891,1.1162
32.0906,1.1162
32.0921,1.1162
32.0936,1.1162
32.0951,1.11621
32.0966,1.11621
32.0981,1.11621
32.0996,1.11621
32.1011,1.11621
32.1026,1.11621
32.1041,1.11621
32.1056,1.11621
32.1071,1.11621
32.1086,1.11621
32.1101,1.11621
32.1115,1.11621
32.113,1.11621
32.1145,1.11621
32.116,1.11621
32.1175,1.11621
32.119,1.11621
32.1205,1.11621
32.122,1.11621
32.1235,1.11621
32.125,1.11621
32.1265,1.11622
32.128,1.11622
32.1295,1.11622
32.131,1.11622
32.1325,1.11622
32.134,1.11622
32.1355,1.11622
32.137,1.11622
32.1385,1.11622
32.14,1.11622
32.1415,1.11622
32.143,1.11622
32.1445,1.11622
32.146,1.11622
32.1475,1.11622
32.149,1.11622
32.1505,1.11622
32.152,1.11622
32.1535,1.11622
32.155,1.11622
32.1565,1.11622
32.158,1.11622
32.1595,1.11622
32.161,1.11622
32.1625,1.11622
32.164,1.11622
32.1655,1.11621
32.167,1.11621
32.1685,1.11621
32.17,1.11621
32.1715,1.11621
32.173,1.11621
32.1745,1.11621
32.176,1.11621
32.1775,1.11621
32.179,1.11621
32.1805,1.11621
32.182,1.11621
32.1835,1.11621
32.185,1.11621
32.1865,1.11621
32.188,1.11621
32.1895,1.11621
32.191,1.11621
32.1925,1.11621
32.194,1.1162
32.1955,1.1162
32.197,1.1162
32.1985,1.1162
32.2,1.1162
32.2015,1.1162
32.203,1.1162
32.2045,1.1162
32.206,1.11619
32.2075,1.11619
32.209,1.11619
32.2105,1.11619
32.212,1.11619
32.2135,1.11619
32.215,1.11619
32.2165,1.11619
32.218,1.11618
32.2195,1.11618
32.221,1.11618
32.2225,1.11618
32.224,1.11618
32.2255,1.11618
32.227,1.11618
32.2285,1.11617
32.23,1.11617
32.2315,1.11617
32.233,1.11617
32.2345,1.11617
32.236,1.11617
32.2375,1.11616
32.239,1.11616
32.2405,1.11616
32.242,1.11616
32.2435,1.11616
32.245,1.11615
32.2465,1.11615
32.248,1.11615
32.2495,1.11615
32.251,1.11615
32.2525,1.11615
32.254,1.11614
32.2555,1.11614
32.257,1.11614
32.2585,1.11614
32.26,1.11614
32.2615,1.11613
32.263,1.11613
32.2645,1.11613
32.266,1.11613
32.2675,1.11613
32.269,1.11612
32.2705,1.11612
32.272,1.11612
32.2735,1.11612
32.275,1.11611
32.2765,1.11611
32.278,1.11611
32.2795,1.11611
32.281,1.11611
32.2825,1.1161
32.284,1.1161
32.2855,1.1161
32.287,1.1161
32.2885,1.1161
32.29,1.11609
32.2915,1.11609
32.2929,1.11609
32.2944,1.11609
32.2959,1.11609
32.2974,1.11608
32.2989,1.11608
32.3004,1.11608
32.3019,1.11608
32.3034,1.11607
32.3049,1.11607
32.3064,1.11607
32.3079,1.11607
32.3094,1.11606
32.3109,1.11606
32.3124,1.11606
32.3139,1.11606
32.3154,1.11605
32.3169,1.11605
32.3184,1.11605
32.3199,1.11605
32.3214,1.11604
32.3229,1.11604
32.3244,1.11604
32.3259,1.11604
32.3274,1.11603
32.3289,1.11603
32.3304,1.11603
32.3319,1.11603
32.3334,1.11602
32.3349,1.11602
32.3364,1.11602
32.3379,1.11602
32.3394,1.11601
32.3409,1.11601
32.3424,1.11601
32.3439,1.11601
32.3454,1.116
32.3469,1.116
32.3484,1.116
32.3499,1.116
32.3514,1.11599
32.3529,1.11599
32.3544,1.11599
32.3559,1.11599
32.3574,1.11598
32.3589,1.11598
32.3604,1.11598
32.3619,1.11598
32.3634,1.11597
32.3649,1.11597
32.3664,1.11597
32.3679,1.11597
32.3694,1.11596
32.3709,1.11596
32.3724,1.11596
32.3739,1.11596
32.3754,1.11595
32.3769,1.11595
32.3784,1.11595
32.3799,1.11595
32.3814,1.11594
32.3829,1.11594
32.3844,1.11594
32.3859,1.11594
32.3874,1.11594
32.3889,1.11593
32.3904,1.11593
32.3919,1.11593
32.3934,1.11593
32.3949,1.11593
32.3964,1.11592
32.3979,1.11592
32.3994,1.11592
32.4009,1.11592
32.4024,1.11592
32.4039,1.11591
32.4054,1.11591
32.4069,1.11591
32.4084,1.11591
32.4099,1.11591
32.4114,1.11591
32.4129,1.11591
32.4144,1.11591
32.4159,1.11591
32.4174,1.1159
32.4189,1.1159
32.4204,1.1159
32.4219,1.1159
32.4234,1.1159
32.4249,1.1159
32.4264,1.1159
32.4279,1.1159
32.4294,1.1159
32.4309,1.1159
32.4324,1.1159
32.4339,1.1159
32.4354,1.1159
32.4369,1.1159
32.4384,1.1159
32.4399,1.1159
32.4414,1.1159
32.4429,1.1159
32.4444,1.1159
32.4459,1.1159
32.4474,1.1159
32.4489,1.1159
32.4504,1.1159
32.4519,1.1159
32.4534,1.1159
32.4549,1.11591
32.4564,1.11591
32.4579,1.11591
32.4594,1.11591
32.4609,1.11591
32.4624,1.11591
32.4639,1.11591
32.4654,1.11592
32.4669,1.11592
32.4684,1.11592
32.4699,1.11592
32.4714,1.11593
32.4729,1.11593
32.4743,1.11593
32.4758,1.11594
32.4773,1.11594
32.4788,1.11594
32.4803,1.11594
32.4818,1.11595
32.4833,1.11595
32.4848,1.11595
32.4863,1.11596
32.4878,1.11596
32.4893,1.11597
32.4908,1.11597
32.4923,1.11597
32.4938,1.11598
32.4953,1.11598
32.4968,1.11599
32.4983,1.11599
32.4998,1.116
32.5013,1.116
32.5028,1.11601
32.5043,1.11601
32.5058,1.11602
32.5073,1.11602
32.5088,1.11603
32.5103,1.11603
32.5118,1.11604
32.5133,1.11604
32.5148,1.11605
32.5163,1.11605
32.5178,1.11606
32.5193,1.11607
32.5208,1.11607
32.5223,1.11608
32.5238,1.11608
32.5253,1.11609
32.5268,1.1161
32.5283,1.1161
32.5298,1.11611
32.5313,1.11612
32.5328,1.11612
32.5343,1.11613
32.5358,1.11614
32.5373,1.11614
32.5388,1.11615
32.5403,1.11616
32.5418,1.11617
32.5433,1.11617
32.5448,1.11618
32.5463,1.11619
32.5478,1.1162
32.5493,1.1162
32.5508,1.11621
32.5523,1.11622
32.5538,1.11623
32.5553,1.11624
32.5568,1.11624
32.5583,1.11625
32.5598,1.11626
32.5613,1.11627
32.5628,1.11628
32.5643,1.11628
32.5658,1.11629
32.5673,1.1163
32.5688,1.11631
32.5703,1.11632
32.5718,1.11633
32.5733,1.11634
32.5748,1.11635
32.5763,1.11635
32.5778,1.11636
32.5793,1.11637
32.5808,1.11638
32.5823,1.11639
32.5838,1.1164
32.5853,1.11641
32.5868,1.11642
32.5883,1.11643
32.5898,1.11644
32.5913,1.11645
32.5928,1.11646
32.5943,1.11647
32.5958,1.11647
32.5973,1.11648
32.5988,1.11649
32.6003,1.1165
32.6018,1.11651
32.6033,1.11652
32.6048,1.11653
32.6063,1.11654
32.6078,1.11655
32.6093,1.11656
32.6108,1.11657
32.6123,1.11658
32.6138,1.11659
32.6153,1.1166
32.6168,1.11661
32.6183,1.11662
32.6198,1.11663
32.6213,1.11664
32.6228,1.11665
32.6243,1.11666
32.6258,1.11667
32.6273,1.11668
32.6288,1.11669
32.6303,1.1167
32.6318,1.11671
32.6333,1.11672
32.6348,1.11673
32.6363,1.11674
32.6378,1.11675
32.6393,1.11676
32.6408,1.11677
32.6423,1.11678
32.6438,1.11678
32.6453,1.1168
32.6468,1.11681
32.6483,1.11681
32.6498,1.11682
32.6513,1.11683
32.6528,1.11684
32.6543,1.11685
32.6558,1.11686
32.6572,1.11687
32.6587,1.11688
32.6602,1.11689
32.6617,1.1169
32.6632,1.11691
32.6647,1.11691
32.6662,1.11692
32.6677,1.11693
32.6692,1.11694
32.6707,1.11695
32.6722,1.11696
32.6737,1.11696
32.6752,1.11697
32.6767,1.11698
32.6782,1.11699
32.6797,1.117
32.6812,1.117
32.6827,1.11701
32.6842,1.11702
32.6857,1.11703
32.6872,1.11703
32.6887,1.11704
32.6902,1.11705
32.6917,1.11706
32.6932,1.11706
32.6947,1.11707
32.6962,1.11708
32.6977,1.11708
32.6992,1.11709
32.7007,1.1171
32.7022,1.1171
32.7037,1.11711
32.7052,1.11712
32.7067,1.11712
32.7082,1.11713
32.7097,1.11713
32.7112,1.11714
32.7127,1.11715
32.7142,1.11715
32.7157,1.11716
32.7172,1.11716
32.7187,1.11717
32.7202,1.11717
32.7217,1.11718
32.7232,1.11718
32.7247,1.11719
32.7262,1.11719
32.7277,1.1172
32.7292,1.1172
32.7307,1.11721
32.7322,1.11721
32.7337,1.11722
32.7352,1.11722
32.7367,1.11723
32.7382,1.11723
32.7397,1.11724
32.7412,1.11724
32.7427,1.11724
32.7442,1.11725
32.7457,1.11725
32.7472,1.11726
32.7487,1.11726
32.7502,1.11727
32.7517,1.11727
32.7532,1.11727
32.7547,1.11728
32.7562,1.11728
32.7577,1.11729
32.7592,1.11729
32.7607,1.1173
32.7622,1.1173
32.7637,1.1173
32.7652,1.11731
32.7667,1.11731
32.7682,1.11731
32.7697,1.11732
32.7712,1.11732
32.7727,1.11733
32.7742,1.11733
32.7757,1.11733
32.7772,1.11734
32.7787,1.11734
32.7802,1.11735
32.7817,1.11735
32.7832,1.11735
32.7847,1.11736
32.7862,1.11736
32.7877,1.11737
32.7892,1.11737
32.7907,1.11738
32.7922,1.11738
32.7937,1.11738
32.7952,1.11739
32.7967,1.11739
32.7982,1.1174
32.7997,1.1174
32.8012,1.11741
32.8027,1.11741
32.8042,1.11741
32.8057,1.11742
32.8072,1.11742
32.8087,1.11743
32.8102,1.11743
32.8117,1.11744
32.8132,1.11744
32.8147,1.11744
32.8162,1.11745
32.8177,1.11746
32.8192,1.11746
32.8207,1.11746
32.8222,1.11747
32.8237,1.11747
32.8252,1.11748
32.8267,1.11748
32.8282,1.11749
32.8297,1.11749
32.8312,1.1175
32.8327,1.1175
32.8342,1.11751
32.8357,1.11751
32.8372,1.11752
32.8386,1.11752
32.8401,1.11753
32.8416,1.11753
32.8431,1.11754
32.8446,1.11754
32.8461,1.11755
32.8476,1.11756
32.8491,1.11756
32.8506,1.11757
32.8521,1.11757
32.8536,1.11758
32.8551,1.11758
32.8566,1.11759
32.8581,1.11759
32.8596,1.1176
32.8611,1.11761
32.8626,1.11761
32.8641,1.11762
32.8656,1.11763
32.8671,1.11763
32.8686,1.11764
32.8701,1.11764
32.8716,1.11765
32.8731,1.11766
32.8746,1.11766
32.8761,1.11767
32.8776,1.11767
32.8791,1.11768
32.8806,1.11769
32.8821,1.11769
32.8836,1.1177
32.8851,1.11771
32.8866,1.11771
32.8881,1.11772
32.8896,1.11773
32.8911,1.11773
32.8926,1.11774
32.8941,1.11775
32.8956,1.11776
32.8971,1.11776
32.8986,1.11777
32.9001,1.11778
32.9016,1.11778
32.9031,1.11779
32.9046,1.1178
32.9061,1.11781
32.9076,1.11781
32.9091,1.11782
32.9106,1.11783
32.9121,1.11783
32.9136,1.11784
32.9151,1.11785
32.9166,1.11786
32.9181,1.11786
32.9196,1.11787
32.9211,1.11788
32.9226,1.11789
32.9241,1.1179
32.9256,1.1179
32.9271,1.11791
32.9286,1.11792
32.9301,1.11793
32.9316,1.11793
32.9331,1.11794
32.9346,1.11795
32.9361,1.11796
32.9376,1.11796
32.9391,1.11797
32.9406,1.11798
32.9421,1.11799
32.9436,1.118
32.9451,1.11801
32.9466,1.11801
32.9481,1.11802
32.9496,1.11803
32.9511,1.11804
32.9526,1.11805
32.9541,1.11805
32.9556,1.11806
32.9571,1.11807
32.9586,1.11808
32.9601,1.11809
32.9616,1.1181
32.9631,1.1181
32.9646,1.11811
32.9661,1.11812
32.9676,1.11813
32.9691,1.11814
32.9706,1.11814
32.9721,1.11815
32.9736,1.11816
32.9751,1.11817
32.9766,1.11817
32.9781,1.11818
32.9796,1.11819
32.9811,1.1182
32.9826,1.11821
32.9841,1.11821
32.9856,1.11822
32.9871,1.11823
32.9886,1.11824
32.9901,1.11824
32.9916,1.11825
32.9931,1.11826
32.9946,1.11827
32.9961,1.11827
32.9976,1.11828
32.9991,1.11829
33.0006,1.11829
33.0021,1.1183
33.0036,1.11831
33.0051,1.11832
33.0066,1.11832
33.0081,1.11833
33.0096,1.11834
33.0111,1.11834
33.0126,1.11835
33.0141,1.11836
33.0156,1.11836
33.0171,1.11837
33.0186,1.11838
33.0201,1.11838
33.0215,1.11839
33.023,1.1184
33.0245,1.1184
33.026,1.11841
33.0275,1.11841
33.029,1.11842
33.0305,1.11842
33.032,1.11843
33.0335,1.11843
33.035,1.11844
33.0365,1.11845
33.038,1.11845
33.0395,1.11846
33.041,1.11846
33.0425,1.11847
33.044,1.11847
33.0455,1.11848
33.047,1.11848
33.0485,1.11848
33.05,1.11849
33.0515,1.11849
33.053,1.1185
33.0545,1.1185
33.056,1.1185
33.0575,1.11851
33.059,1.11851
33.0605,1.11852
33.062,1.11852
33.0635,1.11852
33.065,1.11853
33.0665,1.11853
33.068,1.11853
33.0695,1.11854
33.071,1.11854
33.0725,1.11854
33.074,1.11854
33.0755,1.11855
33.077,1.11855
33.0785,1.11855
33.08,1.11855
33.0815,1.11855
33.083,1.11856
33.0845,1.11856
33.086,1.11856
33.0875,1.11856
33.089,1.11856
33.0905,1.11857
33.092,1.11857
33.0935,1.11857
33.095,1.11857
33.0965,1.11857
33.098,1.11857
33.0995,1.11857
33.101,1.11857
33.1025,1.11857
33.104,1.11858
33.1055,1.11858
33.107,1.11858
33.1085,1.11858
33.11,1.11858
33.1115,1.11858
33.113,1.11858
33.1145,1.11858
33.116,1.11858
33.1175,1.11858
33.119,1.11858
33.1205,1.11858
33.122,1.11858
33.1235,1.11858
33.125,1.11858
33.1265,1.11858
33.128,1.11858
33.1295,1.11858
33.131,1.11858
33.1325,1.11858
33.134,1.11858
33.1355,1.11858
33.137,1.11858
33.1385,1.11858
33.14,1.11858
33.1415,1.11858
33.143,1.11858
33.1445,1.11858
33.146,1.11858
33.1475,1.11858
33.149,1.11858
33.1505,1.11858
33.152,1.11858
33.1535,1.11858
33.155,1.11858
33.1565,1.11858
33.158,1.11858
33.1595,1.11858
33.161,1.11858
33.1625,1.11858
33.164,1.11858
33.1655,1.11858
33.167,1.11858
33.1685,1.11858
33.17,1.11858
33.1715,1.11858
33.173,1.11858
33.1745,1.11858
33.176,1.11858
33.1775,1.11858
33.179,1.11858
33.1805,1.11858
33.182,1.11858
33.1835,1.11858
33.185,1.11858
33.1865,1.11858
33.188,1.11858
33.1895,1.11858
33.191,1.11858
33.1925,1.11858
33.194,1.11858
33.1955,1.11858
33.197,1.11858
33.1985,1.11858
33.2,1.11858
33.2015,1.11858
33.2029,1.11858
33.2044,1.11858
33.2059,1.11858
33.2074,1.11858
33.2089,1.11858
33.2104,1.11858
33.2119,1.11858
33.2134,1.11858
33.2149,1.11858
33.2164,1.11858
33.2179,1.11858
33.2194,1.11858
33.2209,1.11858
33.2224,1.11858
33.2239,1.11858
33.2254,1.11858
33.2269,1.11858
33.2284,1.11858
33.2299,1.11858
33.2314,1.11858
33.2329,1.11858
33.2344,1.11858
33.2359,1.11858
33.2374,1.11858
33.2389,1.11857
33.2404,1.11858
33.2419,1.11857
33.2434,1.11857
33.2449,1.11857
33.2464,1.11857
33.2479,1.11857
33.2494,1.11857
33.2509,1.11857
33.2524,1.11856
33.2539,1.11856
33.2554,1.11856
33.2569,1.11856
33.2584,1.11856
33.2599,1.11856
33.2614,1.11855
33.2629,1.11855
33.2644,1.11855
33.2659,1.11855
33.2674,1.11855
33.2689,1.11854
33.2704,1.11854
33.2719,1.11854
33.2734,1.11853
33.2749,1.11853
33.2764,1.11853
33.2779,1.11852
33.2794,1.11852
33.2809,1.11852
33.2824,1.11851
33.2839,1.11851
33.2854,1.1185
33.2869,1.1185
33.2884,1.1185
33.2899,1.11849
33.2914,1.11849
33.2929,1.11848
33.2944,1.11848
33.2959,1.11847
33.2974,1.11847
33.2989,1.11846
33.3004,1.11846
33.3019,1.11845
33.3034,1.11845
33.3049,1.11844
33.3064,1.11843
33.3079,1.11843
33.3094,1.11842
33.3109,1.11841
33.3124,1.11841
33.3139,1.1184
33.3154,1.1184
33.3169,1.11839
33.3184,1.11838
33.3199,1.11837
33.3214,1.11837
33.3229,1.11836
33.3244,1.11835
33.3259,1.11834
33.3274,1.11834
33.3289,1.11833
33.3304,1.11832
33.3319,1.11831
33.3334,1.1183
33.3349,1.11829
33.3364,1.11828
33.3379,1.11828
33.3394,1.11827
33.3409,1.11826
33.3424,1.11825
33.3439,1.11824
33.3454,1.11823
33.3469,1.11822
33.3484,1.11821
33.3499,1.1182
33.3514,1.11819
33.3529,1.11818
33.3544,1.11817
33.3559,1.11816
33.3574,1.11815
33.3589,1.11814
33.3604,1.11813
33.3619,1.11812
33.3634,1.11811
33.3649,1.1181
33.3664,1.11809
33.3679,1.11807
33.3694,1.11806
33.3709,1.11805
33.3724,1.11804
33.3739,1.11803
33.3754,1.11802
33.3769,1.11801
33.3784,1.118
33.3799,1.11798
33.3814,1.11797
33.3829,1.11796
33.3843,1.11795
33.3858,1.11794
33.3873,1.11792
33.3888,1.11791
33.3903,1.1179
33.3918,1.11789
33.3933,1.11788
33.3948,1.11786
33.3963,1.11785
33.3978,1.11784
33.3993,1.11783
33.4008,1.11781
33.4023,1.1178
33.4038,1.11779
33.4053,1.11778
33.4068,1.11777
33.4083,1.11775
33.4098,1.11774
33.4113,1.11773
33.4128,1.11771
33.4143,1.1177
33.4158,1.11769
33.4173,1.11768
33.4188,1.11767
33.4203,1.11765
33.4218,1.11764
33.4233,1.11763
33.4248,1.11761
33.4263,1.1176
33.4278,1.11759
33.4293,1.11758
33.4308,1.11756
33.4323,1.11755
33.4338,1.11754
33.4353,1.11753
33.4368,1.11752
33.4383,1.1175
33.4398,1.11749
33.4413,1.11748
33.4428,1.11746
33.4443,1.11745
33.4458,1.11744
33.4473,1.11743
33.4488,1.11742
33.4503,1.1174
33.4518,1.11739
33.4533,1.11738
33.4548,1.11737
33.4563,1.11736
33.4578,1.11734
33.4593,1.11733
33.4608,1.11732
33.4623,1.11731
33.4638,1.11729
33.4653,1.11728
33.4668,1.11727
33.4683,1.11726
33.4698,1.11725
33.4713,1.11723
33.4728,1.11722
33.4743,1.11721
33.4758,1.1172
33.4773,1.11719
33.4788,1.11718
33.4803,1.11716
33.4818,1.11715
33.4833,1.11714
33.4848,1.11713
33.4863,1.11712
33.4878,1.11711
33.4893,1.11709
33.4908,1.11708
33.4923,1.11707
33.4938,1.11706
33.4953,1.11705
33.4968,1.11704
33.4983,1.11703
33.4998,1.11701
33.5013,1.117
33.5028,1.11699
33.5043,1.11698
33.5058,1.11697
33.5073,1.11696
33.5088,1.11695
33.5103,1.11694
33.5118,1.11692
33.5133,1.11691
33.5148,1.1169
33.5163,1.11689
33.5178,1.11688
33.5193,1.11687
33.5208,1.11686
33.5223,1.11685
33.5238,1.11684
33.5253,1.11683
33.5268,1.11682
33.5283,1.11681
33.5298,1.1168
33.5313,1.11679
33.5328,1.11677
33.5343,1.11676
33.5358,1.11675
33.5373,1.11674
33.5388,1.11673
33.5403,1.11672
33.5418,1.11671
33.5433,1.1167
33.5448,1.11669
33.5463,1.11669
33.5478,1.11668
33.5493,1.11667
33.5508,1.11666
33.5523,1.11665
33.5538,1.11664
33.5553,1.11663
33.5568,1.11662
33.5583,1.11661
33.5598,1.1166
33.5613,1.11659
33.5628,1.11658
33.5643,1.11658
33.5658,1.11657
33.5672,1.11656
33.5687,1.11655
33.5702,1.11654
33.5717,1.11653
33.5732,1.11653
33.5747,1.11652
33.5762,1.11651
33.5777,1.1165
33.5792,1.1165
33.5807,1.11649
33.5822,1.11648
33.5837,1.11647
33.5852,1.11647
33.5867,1.11646
33.5882,1.11645
33.5897,1.11645
33.5912,1.11644
33.5927,1.11643
33.5942,1.11643
33.5957,1.11642
33.5972,1.11641
33.5987,1.11641
33.6002,1.1164
33.6017,1.1164
33.6032,1.11639
33.6047,1.11638
33.6062,1.11638
33.6077,1.11637
33.6092,1.11637
33.6107,1.11636
33.6122,1.11636
33.6137,1.11635
33.6152,1.11635
33.6167,1.11634
33.6182,1.11634
33.6197,1.11633
33.6212,1.11633
33.6227,1.11632
33.6242,1.11632
33.6257,1.11632
33.6272,1.11631
33.6287,1.11631
33.6302,1.1163
33.6317,1.1163
33.6332,1.11629
33.6347,1.11629
33.6362,1.11629
33.6377,1.11628
33.6392,1.11628
33.6407,1.11627
33.6422,1.11627
33.6437,1.11627
33.6452,1.11626
33.6467,1.11626
33.6482,1.11626
33.6497,1.11625
33.6512,1.11625
33.6527,1.11625
33.6542,1.11625
33.6557,1.11624
33.6572,1.11624
33.6587,1.11624
33.6602,1.11623
33.6617,1.11623
33.6632,1.11623
33.6647,1.11623
33.6662,1.11622
33.6677,1.11622
33.6692,1.11622
33.6707,1.11622
33.6722,1.11621
33.6737,1.11621
33.6752,1.11621
33.6767,1.11621
33.6782,1.1162
33.6797,1.1162
33.6812,1.1162
33.6827,1.1162
33.6842,1.1162
33.6857,1.11619
33.6872,1.11619
33.6887,1.11619
33.6902,1.11619
33.6917,1.11619
33.6932,1.11618
33.6947,1.11618
33.6962,1.11618
33.6977,1.11618
33.6992,1.11618
33.7007,1.11618
33.7022,1.11617
33.7037,1.11617
33.7052,1.11617
33.7067,1.11617
33.7082,1.11617
33.7097,1.11616
33.7112,1.11616
33.7127,1.11616
33.7142,1.11616
33.7157,1.11616
33.7172,1.11616
33.7187,1.11615
33.7202,1.11615
33.7217,1.11615
33.7232,1.11615
33.7247,1.11615
33.7262,1.11615
33.7277,1.11614
33.7292,1.11614
33.7307,1.11614
33.7322,1.11614
33.7337,1.11614
33.7352,1.11614
33.7367,1.11614
33.7382,1.11613
33.7397,1.11613
33.7412,1.11613
33.7427,1.11613
33.7442,1.11613
33.7457,1.11613
33.7472,1.11612
33.7486,1.11612
33.7501,1.11612
33.7516,1.11612
33.7531,1.11612
33.7546,1.11612
33.7561,1.11611
33.7576,1.11611
33.7591,1.11611
33.7606,1.11611
33.7621,1.11611
33.7636,1.11611
33.7651,1.11611
33.7666,1.1161
33.7681,1.1161
33.7696,1.1161
33.7711,1.1161
33.7726,1.1161
33.7741,1.1161
33.7756,1.1161
33.7771,1.11609
33.7786,1.11609
33.7801,1.11609
33.7816,1.11609
33.7831,1.11609
33.7846,1.11608
33.7861,1.11608
33.7876,1.11608
33.7891,1.11608
33.7906,1.11608
33.7921,1.11608
33.7936,1.11608
33.7951,1.11607
33.7966,1.11607
33.7981,1.11607
33.7996,1.11607
33.8011,1.11607
33.8026,1.11606
33.8041,1.11606
33.8056,1.11606
33.8071,1.11606
33.8086,1.11606
33.8101,1.11605
33.8116,1.11605
33.8131,1.11605
33.8146,1.11605
33.8161,1.11604
33.8176,1.11604
33.8191,1.11604
33.8206,1.11604
33.8221,1.11603
33.8236,1.11603
33.8251,1.11603
33.8266,1.11603
33.8281,1.11602
33.8296,1.11602
33.8311,1.11602
33.8326,1.11601
33.8341,1.11601
33.8356,1.11601
33.8371,1.11601
33.8386,1.116
33.8401,1.116
33.8416,1.116
33.8431,1.11599
33.8446,1.11599
33.8461,1.11599
33.8476,1.11599
33.8491,1.11598
33.8506,1.11598
33.8521,1.11597
33.8536,1.11597
33.8551,1.11597
33.8566,1.11597
33.8581,1.11596
33.8596,1.11596
33.8611,1.11595
33.8626,1.11595
33.8641,1.11595
33.8656,1.11594
33.8671,1.11594
33.8686,1.11594
33.8701,1.11593
33.8716,1.11593
33.8731,1.11592
33.8746,1.11592
33.8761,1.11592
33.8776,1.11591
33.8791,1.11591
33.8806,1.11591
33.8821,1.1159
33.8836,1.1159
33.8851,1.11589
33.8866,1.11589
33.8881,1.11589
33.8896,1.11588
33.8911,1.11588
33.8926,1.11587
33.8941,1.11587
33.8956,1.11587
33.8971,1.11586
33.8986,1.11586
33.9001,1.11585
33.9016,1.11585
33.9031,1.11585
33.9046,1.11584
33.9061,1.11584
33.9076,1.11584
33.9091,1.11583
33.9106,1.11583
33.9121,1.11582
33.9136,1.11582
33.9151,1.11582
33.9166,1.11581
33.9181,1.11581
33.9196,1.11581
33.9211,1.1158
33.9226,1.1158
33.9241,1.11579
33.9256,1.11579
33.9271,1.11579
33.9286,1.11578
33.93,1.11578
33.9315,1.11578
33.933,1.11577
33.9345,1.11577
33.936,1.11577
33.9375,1.11576
33.939,1.11576
33.9405,1.11576
33.942,1.11576
33.9435,1.11575
33.945,1.11575
33.9465,1.11575
33.948,1.11574
33.9495,1.11574
33.951,1.11574
33.9525,1.11574
33.954,1.11574
33.9555,1.11573
33.957,1.11573
33.9585,1.11573
33.96,1.11573
33.9615,1.11573
33.963,1.11573
33.9645,1.11572
33.966,1.11572
33.9675,1.11572
33.969,1.11572
33.9705,1.11572
33.972,1.11572
33.9735,1.11572
33.975,1.11572
33.9765,1.11572
33.978,1.11572
33.9795,1.11572
33.981,1.11572
33.9825,1.11572
33.984,1.11572
33.9855,1.11572
33.987,1.11572
33.9885,1.11572
33.99,1.11572
33.9915,1.11572
33.993,1.11572
33.9945,1.11572
33.996,1.11572
33.9975,1.11572
33.999,1.11573
34.0005,1.11573
34.002,1.11573
34.0035,1.11573
34.005,1.11573
34.0065,1.11573
34.008,1.11574
34.0095,1.11574
34.011,1.11574
34.0125,1.11574
34.014,1.11574
34.0155,1.11575
34.017,1.11575
34.0185,1.11575
34.02,1.11575
34.0215,1.11575
34.023,1.11576
34.0245,1.11576
34.026,1.11576
34.0275,1.11576
34.029,1.11576
34.0305,1.11577
34.032,1.11577
34.0335,1.11577
34.035,1.11577
34.0365,1.11578
34.038,1.11578
34.0395,1.11578
34.041,1.11579
34.0425,1.11579
34.044,1.11579
34.0455,1.11579
34.047,1.1158
34.0485,1.1158
34.05,1.1158
34.0515,1.1158
34.053,1.11581
34.0545,1.11581
34.056,1.11581
34.0575,1.11582
34.059,1.11582
34.0605,1.11582
34.062,1.11582
34.0635,1.11583
34.065,1.11583
34.0665,1.11583
34.068,1.11584
34.0695,1.11584
34.071,1.11584
34.0725,1.11584
34.074,1.11585
34.0755,1.11585
34.077,1.11585
34.0785,1.11585
34.08,1.11586
34.0815,1.11586
34.083,1.11586
34.0845,1.11587
34.086,1.11587
34.0875,1.11587
34.089,1.11587
34.0905,1.11588
34.092,1.11588
34.0935,1.11588
34.095,1.11588
34.0965,1.11589
34.098,1.11589
34.0995,1.11589
34.101,1.11589
34.1025,1.1159
34.104,1.1159
34.1055,1.1159
34.107,1.11591
34.1085,1.11591
34.11,1.11591
34.1115,1.11591
34.1129,1.11592
34.1144,1.11592
34.1159,1.11592
34.1174,1.11593
34.1189,1.11593
34.1204,1.11593
34.1219,1.11593
34.1234,1.11594
34.1249,1.11594
34.1264,1.11594
34.1279,1.11595
34.1294,1.11595
34.1309,1.11595
34.1324,1.11595
34.1339,1.11596
34.1354,1.11596
34.1369,1.11597
34.1384,1.11597
34.1399,1.11597
34.1414,1.11597
34.1429,1.11598
34.1444,1.11598
34.1459,1.11598
34.1474,1.11598
34.1489,1.11599
34.1504,1.11599
34.1519,1.11599
34.1534,1.116
34.1549,1.116
34.1564,1.116
34.1579,1.116
34.1594,1.11601
34.1609,1.11601
34.1624,1.11601
34.1639,1.11601
34.1654,1.11602
34.1669,1.11602
34.1684,1.11602
34.1699,1.11602
34.1714,1.11602
34.1729,1.11603
34.1744,1.11603
34.1759,1.11603
34.1774,1.11603
34.1789,1.11603
34.1804,1.11603
34.1819,1.11603
34.1834,1.11603
34.1849,1.11604
34.1864,1.11604
34.1879,1.11604
34.1894,1.11604
34.1909,1.11604
34.1924,1.11604
34.1939,1.11604
34.1954,1.11604
34.1969,1.11604
34.1984,1.11604
34.1999,1.11604
34.2014,1.11604
34.2029,1.11604
34.2044,1.11604
34.2059,1.11604
34.2074,1.11604
34.2089,1.11604
34.2104,1.11604
34.2119,1.11604
34.2134,1.11603
34.2149,1.11603
34.2164,1.11603
34.2179,1.11603
34.2194,1.11603
34.2209,1.11603
34.2224,1.11603
34.2239,1.11603
34.2254,1.11603
34.2269,1.11603
34.2284,1.11603
34.2299,1.11603
34.2314,1.11603
34.2329,1.11603
34.2344,1.11603
34.2359,1.11602
34.2374,1.11602
34.2389,1.11602
34.2404,1.11602
34.2419,1.11602
34.2434,1.11602
34.2449,1.11602
34.2464,1.11602
34.2479,1.11602
34.2494,1.11602
34.2509,1.11602
34.2524,1.11602
34.2539,1.11602
34.2554,1.11602
34.2569,1.11602
34.2584,1.11602
34.2599,1.11602
34.2614,1.11602
34.2629,1.11602
34.2644,1.11602
34.2659,1.11602
34.2674,1.11602
34.2689,1.11602
34.2704,1.11602
34.2719,1.11602
34.2734,1.11602
34.2749,1.11602
34.2764,1.11602
34.2779,1.11602
34.2794,1.11602
34.2809,1.11602
34.2824,1.11602
34.2839,1.11602
34.2854,1.11602
34.2869,1.11602
34.2884,1.11602
34.2899,1.11602
34.2914,1.11602
34.2929,1.11602
34.2943,1.11601
34.2958,1.11601
34.2973,1.11602
34.2988,1.11601
34.3003,1.11601
34.3018,1.11601
34.3033,1.11601
34.3048,1.11601
34.3063,1.11601
34.3078,1.11601
34.3093,1.11601
34.3108,1.11601
34.3123,1.11601
34.3138,1.11601
34.3153,1.11601
34.3168,1.11601
34.3183,1.11601
34.3198,1.11601
34.3213,1.11601
34.3228,1.11601
34.3243,1.11601
34.3258,1.11601
34.3273,1.11602
34.3288,1.11602
34.3303,1.11602
34.3318,1.11602
34.3333,1.11602
34.3348,1.11602
34.3363,1.11602
34.3378,1.11602
34.3393,1.11602
34.3408,1.11602
34.3423,1.11602
34.3438,1.11602
34.3453,1.11602
34.3468,1.11602
34.3483,1.11602
34.3498,1.11603
34.3513,1.11603
34.3528,1.11603
34.3543,1.11603
34.3558,1.11603
34.3573,1.11603
34.3588,1.11603
34.3603,1.11603
34.3618,1.11603
34.3633,1.11604
34.3648,1.11604
34.3663,1.11604
34.3678,1.11604
34.3693,1.11604
34.3708,1.11604
34.3723,1.11604
34.3738,1.11605
34.3753,1.11605
34.3768,1.11605
34.3783,1.11605
34.3798,1.11605
34.3813,1.11605
34.3828,1.11606
34.3843,1.11606
34.3858,1.11606
34.3873,1.11606
34.3888,1.11606
34.3903,1.11606
34.3918,1.11607
34.3933,1.11607
34.3948,1.11607
34.3963,1.11607
34.3978,1.11607
34.3993,1.11607
34.4008,1.11608
34.4023,1.11608
34.4038,1.11608
34.4053,1.11608
34.4068,1.11608
34.4083,1.11609
34.4098,1.11609
34.4113,1.11609
34.4128,1.11609
34.4143,1.11609
34.4158,1.11609
34.4173,1.11609
34.4188,1.11609
34.4203,1.1161
34.4218,1.1161
34.4233,1.1161
34.4248,1.1161
34.4263,1.1161
34.4278,1.1161
34.4293,1.1161
34.4308,1.1161
34.4323,1.1161
34.4338,1.11611
34.4353,1.11611
34.4368,1.11611
34.4383,1.11611
34.4398,1.11611
34.4413,1.11611
34.4428,1.11611
34.4443,1.11611
34.4458,1.11612
34.4473,1.11612
34.4488,1.11612
34.4503,1.11612
34.4518,1.11612
34.4533,1.11612
34.4548,1.11612
34.4563,1.11612
34.4578,1.11612
34.4593,1.11612
34.4608,1.11612
34.4623,1.11613
34.4638,1.11613
34.4653,1.11613
34.4668,1.11613
34.4683,1.11613
34.4698,1.11613
34.4713,1.11613
34.4728,1.11613
34.4743,1.11614
34.4757,1.11614
34.4772,1.11614
34.4787,1.11614
34.4802,1.11614
34.4817,1.11614
34.4832,1.11614
34.4847,1.11614
34.4862,1.11615
34.4877,1.11615
34.4892,1.11615
34.4907,1.11615
34.4922,1.11615
34.4937,1.11615
34.4952,1.11616
34.4967,1.11616
34.4982,1.11616
34.4997,1.11616
34.5012,1.11616
34.5027,1.11616
34.5042,1.11617
34.5057,1.11617
34.5072,1.11617
34.5087,1.11617
34.5102,1.11617
34.5117,1.11617
34.5132,1.11618
34.5147,1.11618
34.5162,1.11618
34.5177,1.11618
34.5192,1.11618
34.5207,1.11618
34.5222,1.11618
34.5237,1.11619
34.5252,1.11619
34.5267,1.11619
34.5282,1.11619
34.5297,1.11619
34.5312,1.11619
34.5327,1.11619
34.5342,1.1162
34.5357,1.1162
34.5372,1.1162
34.5387,1.1162
34.5402,1.1162
34.5417,1.1162
34.5432,1.1162
34.5447,1.1162
34.5462,1.1162
34.5477,1.11621
34.5492,1.11621
34.5507,1.11621
34.5522,1.11621
34.5537,1.11621
34.5552,1.11621
34.5567,1.11621
34.5582,1.11621
34.5597,1.11621
34.5612,1.11621
34.5627,1.11621
34.5642,1.11621
34.5657,1.11621
34.5672,1.11621
34.5687,1.11621
34.5702,1.11621
34.5717,1.11621
34.5732,1.11621
34.5747,1.11621
34.5762,1.11621
34.5777,1.11621
34.5792,1.11621
34.5807,1.11621
34.5822,1.11621
34.5837,1.11621
34.5852,1.11621
34.5867,1.11621
34.5882,1.1162
34.5897,1.1162
34.5912,1.1162
34.5927,1.1162
34.5942,1.1162
34.5957,1.1162
34.5972,1.1162
34.5987,1.1162
34.6002,1.1162
34.6017,1.1162
34.6032,1.1162
34.6047,1.1162
34.6062,1.1162
34.6077,1.1162
34.6092,1.1162
34.6107,1.11619
34.6122,1.11619
34.6137,1.11619
34.6152,1.11619
34.6167,1.11619
34.6182,1.11619
34.6197,1.11619
34.6212,1.11619
34.6227,1.11619
34.6242,1.11618
34.6257,1.11618
34.6272,1.11618
34.6287,1.11618
34.6302,1.11618
34.6317,1.11618
34.6332,1.11618
34.6347,1.11618
34.6362,1.11618
34.6377,1.11617
34.6392,1.11617
34.6407,1.11617
34.6422,1.11617
34.6437,1.11617
34.6452,1.11617
34.6467,1.11616
34.6482,1.11616
34.6497,1.11616
34.6512,1.11616
34.6527,1.11616
34.6542,1.11616
34.6557,1.11616
34.6572,1.11615
34.6586,1.11615
34.6601,1.11615
34.6616,1.11615
34.6631,1.11615
34.6646,1.11615
34.6661,1.11614
34.6676,1.11614
34.6691,1.11614
34.6706,1.11614
34.6721,1.11614
34.6736,1.11613
34.6751,1.11613
34.6766,1.11613
34.6781,1.11613
34.6796,1.11613
34.6811,1.11613
34.6826,1.11613
34.6841,1.11612
34.6856,1.11612
34.6871,1.11612
34.6886,1.11612
34.6901,1.11612
34.6916,1.11612
34.6931,1.11611
34.6946,1.11611
34.6961,1.11611
34.6976,1.11611
34.6991,1.11611
34.7006,1.11611
34.7021,1.11611
34.7036,1.1161
34.7051,1.1161
34.7066,1.1161
34.7081,1.1161
34.7096,1.1161
34.7111,1.1161
34.7126,1.1161
34.7141,1.11609
34.7156,1.11609
34.7171,1.11609
34.7186,1.11609
34.7201,1.11609
34.7216,1.11609
34.7231,1.11609
34.7246,1.11609
34.7261,1.11608
34.7276,1.11608
34.7291,1.11608
34.7306,1.11608
34.7321,1.11608
34.7336,1.11608
34.7351,1.11608
34.7366,1.11607
34.7381,1.11607
34.7396,1.11607
34.7411,1.11607
34.7426,1.11607
34.7441,1.11607
34.7456,1.11607
34.7471,1.11606
34.7486,1.11606
34.7501,1.11606
34.7516,1.11606
34.7531,1.11606
34.7546,1.11606
34.7561,1.11606
34.7576,1.11605
34.7591,1.11605
34.7606,1.11605
34.7621,1.11605
34.7636,1.11605
34.7651,1.11605
34.7666,1.11604
34.7681,1.11604
34.7696,1.11604
34.7711,1.11604
34.7726,1.11604
34.7741,1.11604
34.7756,1.11604
34.7771,1.11603
34.7786,1.11603
34.7801,1.11603
34.7816,1.11603
34.7831,1.11603
34.7846,1.11603
34.7861,1.11602
34.7876,1.11602
34.7891,1.11602
34.7906,1.11602
34.7921,1.11602
34.7936,1.11601
34.7951,1.11601
34.7966,1.11601
34.7981,1.11601
34.7996,1.11601
34.8011,1.11601
34.8026,1.11601
34.8041,1.116
34.8056,1.116
34.8071,1.116
34.8086,1.116
34.8101,1.11599
34.8116,1.11599
34.8131,1.11599
34.8146,1.11599
34.8161,1.11599
34.8176,1.11599
34.8191,1.11598
34.8206,1.11598
34.8221,1.11598
34.8236,1.11598
34.8251,1.11598
34.8266,1.11597
34.8281,1.11597
34.8296,1.11597
34.8311,1.11597
34.8326,1.11597
34.8341,1.11597
34.8356,1.11596
34.8371,1.11596
34.8386,1.11596
34.84,1.11596
34.8415,1.11596
34.843,1.11596
34.8445,1.11595
34.846,1.11595
34.8475,1.11595
34.849,1.11595
34.8505,1.11595
34.852,1.11594
34.8535,1.11594
34.855,1.11594
34.8565,1.11594
34.858,1.11594
34.8595,1.11594
34.861,1.11594
34.8625,1.11593
34.864,1.11593
34.8655,1.11593
34.867,1.11593
34.8685,1.11593
34.87,1.11593
34.8715,1.11593
34.873,1.11593
34.8745,1.11592
34.876,1.11592
34.8775,1.11592
34.879,1.11592
34.8805,1.11592
34.882,1.11592
34.8835,1.11592
34.885,1.11592
34.8865,1.11591
34.888,1.11591
34.8895,1.11591
34.891,1.11591
34.8925,1.11591
34.894,1.11591
34.8955,1.11591
34.897,1.11591
34.8985,1.1159
34.9,1.1159
34.9015,1.1159
34.903,1.1159
34.9045,1.1159
34.906,1.1159
34.9075,1.1159
34.909,1.1159
34.9105,1.1159
34.912,1.11589
34.9135,1.11589
34.915,1.11589
34.9165,1.11589
34.918,1.11589
34.9195,1.11589
34.921,1.11589
34.9225,1.11589
34.924,1.11588
34.9255,1.11588
34.927,1.11588
34.9285,1.11588
34.93,1.11588
34.9315,1.11588
34.933,1.11588
34.9345,1.11587
34.936,1.11587
34.9375,1.11587
34.939,1.11587
34.9405,1.11587
34.942,1.11587
34.9435,1.11586
34.945,1.11586
34.9465,1.11586
34.948,1.11586
34.9495,1.11586
34.951,1.11586
34.9525,1.11586
34.954,1.11585
34.9555,1.11585
34.957,1.11585
34.9585,1.11585
34.96,1.11585
34.9615,1.11585
34.963,1.11584
34.9645,1.11584
34.966,1.11584
34.9675,1.11584
34.969,1.11584
34.9705,1.11583
34.972,1.11583
34.9735,1.11583
34.975,1.11583
34.9765,1.11582
34.978,1.11582
34.9795,1.11582
34.981,1.11582
34.9825,1.11582
34.984,1.11581
34.9855,1.11581
34.987,1.11581
34.9885,1.11581
34.99,1.11581
34.9915,1.1158
34.993,1.1158
34.9945,1.1158
34.996,1.1158
34.9975,1.1158
34.999,1.11579
35.0005,1.11579
35.002,1.11579
35.0035,1.11579
35.005,1.11578
35.0065,1.11578
35.008,1.11578
35.0095,1.11578
35.011,1.11578
35.0125,1.11577
35.014,1.11577
35.0155,1.11577
35.017,1.11577
35.0185,1.11577
35.02,1.11577
35.0215,1.11576
35.0229,1.11576
35.0244,1.11576
35.0259,1.11576
35.0274,1.11576
35.0289,1.11576
35.0304,1.11575
35.0319,1.11575
35.0334,1.11575
35.0349,1.11575
35.0364,1.11575
35.0379,1.11575
35.0394,1.11575
35.0409,1.11575
35.0424,1.11574
35.0439,1.11574
35.0454,1.11574
35.0469,1.11574
35.0484,1.11574
35.0499,1.11574
35.0514,1.11574
35.0529,1.11574
35.0544,1.11574
35.0559,1.11574
35.0574,1.11573
35.0589,1.11573
35.0604,1.11573
35.0619,1.11573
35.0634,1.11573
35.0649,1.11573
35.0664,1.11573
35.0679,1.11573
35.0694,1.11573
35.0709,1.11573
35.0724,1.11573
35.0739,1.11573
35.0754,1.11573
35.0769,1.11573
35.0784,1.11573
35.0799,1.11573
35.0814,1.11573
35.0829,1.11573
35.0844,1.11573
35.0859,1.11573
35.0874,1.11573
35.0889,1.11573
35.0904,1.11574
35.0919,1.11574
35.0934,1.11574
35.0949,1.11574
35.0964,1.11574
35.0979,1.11574
35.0994,1.11574
35.1009,1.11574
35.1024,1.11574
35.1039,1.11574
35.1054,1.11575
35.1069,1.11575
35.1084,1.11575
35.1099,1.11575
35.1114,1.11575
35.1129,1.11575
35.1144,1.11576
35.1159,1.11576
35.1174,1.11576
35.1189,1.11576
35.1204,1.11576
35.1219,1.11577
35.1234,1.11577
35.1249,1.11577
35.1264,1.11577
35.1279,1.11577
35.1294,1.11578
35.1309,1.11578
35.1324,1.11578
35.1339,1.11579
35.1354,1.11579
35.1369,1.11579
35.1384,1.11579
35.1399,1.1158
35.1414,1.1158
35.1429,1.1158
35.1444,1.11581
35.1459,1.11581
35.1474,1.11581
35.1489,1.11582
35.1504,1.11582
35.1519,1.11582
35.1534,1.11583
35.1549,1.11583
35.1564,1.11584
35.1579,1.11584
35.1594,1.11584
35.1609,1.11585
35.1624,1.11585
35.1639,1.11586
35.1654,1.11586
35.1669,1.11586
35.1684,1.11587
35.1699,1.11587
35.1714,1.11588
35.1729,1.11588
35.1744,1.11589
35.1759,1.11589
35.1774,1.1159
35.1789,1.1159
35.1804,1.1159
35.1819,1.11591
35.1834,1.11591
35.1849,1.11592
35.1864,1.11592
35.1879,1.11593
35.1894,1.11593
35.1909,1.11594
35.1924,1.11594
35.1939,1.11595
35.1954,1.11595
35.1969,1.11595
35.1984,1.11596
35.1999,1.11596
35.2014,1.11597
35.2029,1.11597
35.2043,1.11598
35.2058,1.11598
35.2073,1.11599
35.2088,1.11599
35.2103,1.11599
35.2118,1.116
35.2133,1.116
35.2148,1.11601
35.2163,1.11601
35.2178,1.11601
35.2193,1.11602
35.2208,1.11602
35.2223,1.11603
35.2238,1.11603
35.2253,1.11603
35.2268,1.11604
35.2283,1.11604
35.2298,1.11604
35.2313,1.11605
35.2328,1.11605
35.2343,1.11606
35.2358,1.11606
35.2373,1.11606
35.2388,1.11606
35.2403,1.11607
35.2418,1.11607
35.2433,1.11607
35.2448,1.11607
35.2463,1.11608
35.2478,1.11608
35.2493,1.11608
35.2508,1.11609
35.2523,1.11609
35.2538,1.11609
35.2553,1.11609
35.2568,1.11609
35.2583,1.1161
35.2598,1.1161
35.2613,1.1161
35.2628,1.1161
35.2643,1.1161
35.2658,1.1161
35.2673,1.11611
35.2688,1.11611
35.2703,1.11611
35.2718,1.11611
35.2733,1.11611
35.2748,1.11611
35.2763,1.11612
35.2778,1.11612
35.2793,1.11612
35.2808,1.11612
35.2823,1.11612
35.2838,1.11612
35.2853,1.11612
35.2868,1.11613
35.2883,1.11613
35.2898,1.11613
35.2913,1.11613
35.2928,1.11613
35.2943,1.11613
35.2958,1.11613
35.2973,1.11614
35.2988,1.11614
35.3003,1.11614
35.3018,1.11614
35.3033,1.11614
35.3048,1.11614
35.3063,1.11615
35.3078,1.11615
35.3093,1.11615
35.3108,1.11615
35.3123,1.11615
35.3138,1.11615
35.3153,1.11616
35.3168,1.11616
35.3183,1.11616
35.3198,1.11616
35.3213,1.11616
35.3228,1.11617
35.3243,1.11617
35.3258,1.11617
35.3273,1.11617
35.3288,1.11617
35.3303,1.11618
35.3318,1.11618
35.3333,1.11618
35.3348,1.11618
35.3363,1.11619
35.3378,1.11619
35.3393,1.11619
35.3408,1.1162
35.3423,1.1162
35.3438,1.1162
35.3453,1.1162
35.3468,1.11621
35.3483,1.11621
35.3498,1.11621
35.3513,1.11621
35.3528,1.11622
35.3543,1.11622
35.3558,1.11622
35.3573,1.11622
35.3588,1.11623
35.3603,1.11623
35.3618,1.11623
35.3633,1.11624
35.3648,1.11624
35.3663,1.11624
35.3678,1.11625
35.3693,1.11625
35.3708,1.11625
35.3723,1.11625
35.3738,1.11626
35.3753,1.11626
35.3768,1.11626
35.3783,1.11627
35.3798,1.11627
35.3813,1.11627
35.3828,1.11628
35.3843,1.11628
35.3857,1.11628
35.3872,1.11628
35.3887,1.11629
35.3902,1.11629
35.3917,1.11629
35.3932,1.1163
35.3947,1.1163
35.3962,1.11631
35.3977,1.11631
35.3992,1.11631
35.4007,1.11631
35.4022,1.11632
35.4037,1.11632
35.4052,1.11633
35.4067,1.11633
35.4082,1.11633
35.4097,1.11634
35.4112,1.11634
35.4127,1.11634
35.4142,1.11635
35.4157,1.11635
35.4172,1.11635
35.4187,1.11636
35.4202,1.11636
35.4217,1.11636
35.4232,1.11637
35.4247,1.11637
35.4262,1.11637
35.4277,1.11637
35.4292,1.11638
35.4307,1.11638
35.4322,1.11638
35.4337,1.11639
35.4352,1.11639
35.4367,1.11639
35.4382,1.11639
35.4397,1.11639
35.4412,1.1164
35.4427,1.1164
35.4442,1.1164
35.4457,1.1164
35.4472,1.1164
35.4487,1.11641
35.4502,1.11641
35.4517,1.11641
35.4532,1.11641
35.4547,1.11641
35.4562,1.11641
35.4577,1.11642
35.4592,1.11642
35.4607,1.11642
35.4622,1.11642
35.4637,1.11642
35.4652,1.11642
35.4667,1.11642
35.4682,1.11643
35.4697,1.11643
35.4712,1.11643
35.4727,1.11643
35.4742,1.11643
35.4757,1.11643
35.4772,1.11643
35.4787,1.11643
35.4802,1.11643
35.4817,1.11643
35.4832,1.11644
35.4847,1.11644
35.4862,1.11644
35.4877,1.11644
35.4892,1.11644
35.4907,1.11644
35.4922,1.11644
35.4937,1.11644
35.4952,1.11645
35.4967,1.11645
35.4982,1.11645
35.4997,1.11645
35.5012,1.11645
35.5027,1.11645
35.5042,1.11645
35.5057,1.11646
35.5072,1.11646
35.5087,1.11646
35.5102,1.11646
35.5117,1.11646
35.5132,1.11647
35.5147,1.11647
35.5162,1.11647
35.5177,1.11647
35.5192,1.11648
35.5207,1.11648
35.5222,1.11648
35.5237,1.11649
35.5252,1.11649
35.5267,1.11649
35.5282,1.1165
35.5297,1.1165
35.5312,1.1165
35.5327,1.1165
35.5342,1.11651
35.5357,1.11651
35.5372,1.11651
35.5387,1.11652
35.5402,1.11652
35.5417,1.11653
35.5432,1.11653
35.5447,1.11653
35.5462,1.11654
35.5477,1.11654
35.5492,1.11654
35.5507,1.11655
35.5522,1.11655
35.5537,1.11655
35.5552,1.11656
35.5567,1.11656
35.5582,1.11656
35.5597,1.11657
35.5612,1.11657
35.5627,1.11657
35.5642,1.11658
35.5657,1.11658
35.5672,1.11658
35.5686,1.11659
35.5701,1.11659
35.5716,1.11659
35.5731,1.1166
35.5746,1.1166
35.5761,1.1166
35.5776,1.11661
35.5791,1.11661
35.5806,1.11662
35.5821,1.11662
35.5836,1.11662
35.5851,1.11663
35.5866,1.11663
35.5881,1.11663
35.5896,1.11664
35.5911,1.11664
35.5926,1.11665
35.5941,1.11665
35.5956,1.11666
35.5971,1.11666
35.5986,1.11666
35.6001,1.11667
35.6016,1.11667
35.6031,1.11668
35.6046,1.11668
35.6061,1.11669
35.6076,1.11669
35.6091,1.1167
35.6106,1.11671
35.6121,1.11671
35.6136,1.11672
35.6151,1.11672
35.6166,1.11673
35.6181,1.11673
35.6196,1.11674
35.6211,1.11674
35.6226,1.11675
35.6241,1.11676
35.6256,1.11676
35.6271,1.11677
35.6286,1.11678
35.6301,1.11678
35.6316,1.11679
35.6331,1.1168
35.6346,1.1168
35.6361,1.11681
35.6376,1.11682
35.6391,1.11682
35.6406,1.11683
35.6421,1.11684
35.6436,1.11685
35.6451,1.11685
35.6466,1.11686
35.6481,1.11687
35.6496,1.11687
35.6511,1.11688
35.6526,1.11689
35.6541,1.1169
35.6556,1.1169
35.6571,1.11691
35.6586,1.11692
35.6601,1.11693
35.6616,1.11693
35.6631,1.11694
35.6646,1.11695
35.6661,1.11696
35.6676,1.11696
35.6691,1.11697
35.6706,1.11698
35.6721,1.11699
35.6736,1.11699
35.6751,1.117
35.6766,1.11701
35.6781,1.11702
35.6796,1.11702
35.6811,1.11703
35.6826,1.11704
35.6841,1.11705
35.6856,1.11705
35.6871,1.11706
35.6886,1.11707
35.6901,1.11707
35.6916,1.11708
35.6931,1.11709
35.6946,1.1171
35.6961,1.1171
35.6976,1.11711
35.6991,1.11712
35.7006,1.11713
35.7021,1.11713
35.7036,1.11714
35.7051,1.11715
35.7066,1.11716
35.7081,1.11716
35.7096,1.11717
35.7111,1.11718
35.7126,1.11719
35.7141,1.11719
35.7156,1.1172
35.7171,1.11721
35.7186,1.11722
35.7201,1.11723
35.7216,1.11724
35.7231,1.11724
35.7246,1.11725
35.7261,1.11726
35.7276,1.11727
35.7291,1.11728
35.7306,1.11729
35.7321,1.1173
35.7336,1.11731
35.7351,1.11732
35.7366,1.11733
35.7381,1.11734
35.7396,1.11735
35.7411,1.11736
35.7426,1.11737
35.7441,1.11738
35.7456,1.11739
35.7471,1.1174
35.7486,1.11741
35.75,1.11742
35.7515,1.11744
35.753,1.11745
35.7545,1.11746
35.756,1.11747
35.7575,1.11748
35.759,1.1175
35.7605,1.11751
35.762,1.11752
35.7635,1.11753
35.765,1.11755
35.7665,1.11756
35.768,1.11757
35.7695,1.11758
35.771,1.1176
35.7725,1.11761
35.774,1.11763
35.7755,1.11764
35.777,1.11765
35.7785,1.11767
35.78,1.11768
35.7815,1.11769
35.783,1.11771
35.7845,1.11772
35.786,1.11774
35.7875,1.11775
35.789,1.11776
35.7905,1.11778
35.792,1.11779
35.7935,1.11781
35.795,1.11782
35.7965,1.11784
35.798,1.11785
35.7995,1.11786
35.801,1.11788
35.8025,1.11789
35.804,1.11791
35.8055,1.11792
35.807,1.11794
35.8085,1.11795
35.81,1.11797
35.8115,1.11798
35.813,1.118
35.8145,1.11801
35.816,1.11803
35.8175,1.11804
35.819,1.11805
35.8205,1.11807
35.822,1.11808
35.8235,1.1181
35.825,1.11811
35.8265,1.11813
35.828,1.11814
35.8295,1.11815
35.831,1.11817
35.8325,1.11818
35.834,1.11819
35.8355,1.11821
35.837,1.11822
35.8385,1.11824
35.84,1.11825
35.8415,1.11826
35.843,1.11828
35.8445,1.11829
35.846,1.1183
35.8475,1.11832
35.849,1.11833
35.8505,1.11834
35.852,1.11836
35.8535,1.11837
35.855,1.11838
35.8565,1.1184
35.858,1.11841
35.8595,1.11842
35.861,1.11843
35.8625,1.11845
35.864,1.11846
35.8655,1.11847
35.867,1.11848
35.8685,1.1185
35.87,1.11851
35.8715,1.11852
35.873,1.11853
35.8745,1.11854
35.876,1.11856
35.8775,1.11857
35.879,1.11858
35.8805,1.11859
35.882,1.1186
35.8835,1.11861
35.885,1.11863
35.8865,1.11864
35.888,1.11865
35.8895,1.11866
35.891,1.11867
35.8925,1.11868
35.894,1.11869
35.8955,1.1187
35.897,1.11871
35.8985,1.11873
35.9,1.11874
35.9015,1.11875
35.903,1.11876
35.9045,1.11877
35.906,1.11878
35.9075,1.11879
35.909,1.1188
35.9105,1.11881
35.912,1.11882
35.9135,1.11883
35.915,1.11884
35.9165,1.11885
35.918,1.11886
35.9195,1.11887
35.921,1.11888
35.9225,1.11889
35.924,1.11891
35.9255,1.11892
35.927,1.11893
35.9285,1.11894
35.93,1.11895
35.9314,1.11896
35.9329,1.11897
35.9344,1.11898
35.9359,1.11899
35.9374,1.119
35.9389,1.11901
35.9404,1.11902
35.9419,1.11903
35.9434,1.11904
35.9449,1.11906
35.9464,1.11907
35.9479,1.11908
35.9494,1.11909
35.9509,1.1191
35.9524,1.11911
35.9539,1.11912
35.9554,1.11913
35.9569,1.11914
35.9584,1.11915
35.9599,1.11916
35.9614,1.11918
35.9629,1.11919
35.9644,1.1192
35.9659,1.11921
35.9674,1.11922
35.9689,1.11923
35.9704,1.11925
35.9719,1.11926
35.9734,1.11927
35.9749,1.11928
35.9764,1.11929
35.9779,1.1193
35.9794,1.11932
35.9809,1.11933
35.9824,1.11934
35.9839,1.11935
35.9854,1.11936
35.9869,1.11937
35.9884,1.11938
35.9899,1.1194
35.9914,1.11941
35.9929,1.11942
35.9944,1.11943
35.9959,1.11944
35.9974,1.11946
35.9989,1.11947
36.0004,1.11948
36.0019,1.11949
36.0034,1.1195
36.0049,1.11951
36.0064,1.11952
36.0079,1.11954
36.0094,1.11955
36.0109,1.11956
36.0124,1.11957
36.0139,1.11958
36.0154,1.11959
36.0169,1.1196
36.0184,1.11961
36.0199,1.11962
36.0214,1.11963
36.0229,1.11964
36.0244,1.11965
36.0259,1.11967
36.0274,1.11968
36.0289,1.11969
36.0304,1.11969
36.0319,1.1197
36.0334,1.11971
36.0349,1.11972
36.0364,1.11973
36.0379,1.11974
36.0394,1.11975
36.0409,1.11976
36.0424,1.11977
36.0439,1.11978
36.0454,1.11979
36.0469,1.11979
36.0484,1.1198
36.0499,1.11981
36.0514,1.11982
36.0529,1.11982
36.0544,1.11983
36.0559,1.11984
36.0574,1.11985
36.0589,1.11985
36.0604,1.11986
36.0619,1.11986
36.0634,1.11987
36.0649,1.11987
36.0664,1.11988
36.0679,1.11988
36.0694,1.11989
36.0709,1.11989
36.0724,1.1199
36.0739,1.1199
36.0754,1.1199
36.0769,1.11991
36.0784,1.11991
36.0799,1.11991
36.0814,1.11992
36.0829,1.11992
36.0844,1.11992
36.0859,1.11992
36.0874,1.11992
36.0889,1.11993
36.0904,1.11993
36.0919,1.11993
36.0934,1.11993
36.0949,1.11993
36.0964,1.11993
36.0979,1.11993
36.0994,1.11993
36.1009,1.11993
36.1024,1.11993
36.1039,1.11993
36.1054,1.11993
36.1069,1.11992
36.1084,1.11992
36.1099,1.11992
36.1114,1.11992
36.1129,1.11992
36.1143,1.11991
36.1158,1.11991
36.1173,1.11991
36.1188,1.11991
36.1203,1.11991
36.1218,1.1199
36.1233,1.1199
36.1248,1.1199
36.1263,1.1199
36.1278,1.11989
36.1293,1.11989
36.1308,1.11989
36.1323,1.11988
36.1338,1.11988
36.1353,1.11988
36.1368,1.11988
36.1383,1.11987
36.1398,1.11987
36.1413,1.11987
36.1428,1.11986
36.1443,1.11986
36.1458,1.11986
36.1473,1.11986
36.1488,1.11985
36.1503,1.11985
36.1518,1.11985
36.1533,1.11985
36.1548,1.11984
36.1563,1.11984
36.1578,1.11984
36.1593,1.11983
36.1608,1.11983
36.1623,1.11983
36.1638,1.11983
36.1653,1.11983
36.1668,1.11982
36.1683,1.11982
36.1698,1.11982
36.1713,1.11982
36.1728,1.11982
36.1743,1.11982
36.1758,1.11981
36.1773,1.11981
36.1788,1.11981
36.1803,1.11981
36.1818,1.11981
36.1833,1.1198
36.1848,1.1198
36.1863,1.1198
36.1878,1.1198
36.1893,1.1198
36.1908,1.1198
36.1923,1.1198
36.1938,1.1198
36.1953,1.11979
36.1968,1.11979
36.1983,1.11979
36.1998,1.11979
36.2013,1.11979
36.2028,1.11979
36.2043,1.11979
36.2058,1.11979
36.2073,1.11979
36.2088,1.11979
36.2103,1.11979
36.2118,1.11979
36.2133,1.11979
36.2148,1.11979
36.2163,1.11979
36.2178,1.11979
36.2193,1.11979
36.2208,1.11979
36.2223,1.11979
36.2238,1.11979
36.2253,1.11979
36.2268,1.11979
36.2283,1.11979
36.2298,1.11979
36.2313,1.11979
36.2328,1.11979
36.2343,1.11979
36.2358,1.11979
36.2373,1.11979
36.2388,1.11979
36.2403,1.11979
36.2418,1.11979
36.2433,1.11979
36.2448,1.11979
36.2463,1.11979
36.2478,1.11979
36.2493,1.11979
36.2508,1.11979
36.2523,1.11979
36.2538,1.11979
36.2553,1.11979
36.2568,1.11979
36.2583,1.11979
36.2598,1.11979
36.2613,1.1198
36.2628,1.1198
36.2643,1.1198
36.2658,1.1198
36.2673,1.1198
36.2688,1.1198
36.2703,1.1198
36.2718,1.1198
36.2733,1.1198
36.2748,1.11981
36.2763,1.11981
36.2778,1.11981
36.2793,1.11981
36.2808,1.11981
36.2823,1.11981
36.2838,1.11982
36.2853,1.11982
36.2868,1.11982
36.2883,1.11982
36.2898,1.11982
36.2913,1.11983
36.2928,1.11983
36.2943,1.11983
36.2957,1.11983
36.2972,1.11984
36.2987,1.11984
36.3002,1.11984
36.3017,1.11984
36.3032,1.11984
36.3047,1.11985
36.3062,1.11985
36.3077,1.11985
36.3092,1.11986
36.3107,1.11986
36.3122,1.11986
36.3137,1.11986
36.3152,1.11987
36.3167,1.11987
36.3182,1.11987
36.3197,1.11988
36.3212,1.11988
36.3227,1.11988
36.3242,1.11989
36.3257,1.11989
36.3272,1.11989
36.3287,1.1199
36.3302,1.1199
36.3317,1.1199
36.3332,1.11991
36.3347,1.11991
36.3362,1.11991
36.3377,1.11992
36.3392,1.11992
36.3407,1.11992
36.3422,1.11993
36.3437,1.11993
36.3452,1.11993
36.3467,1.11994
36.3482,1.11994
36.3497,1.11994
36.3512,1.11995
36.3527,1.11995
36.3542,1.11995
36.3557,1.11996
36.3572,1.11996
36.3587,1.11996
36.3602,1.11997
36.3617,1.11997
36.3632,1.11997
36.3647,1.11997
36.3662,1.11998
36.3677,1.11998
36.3692,1.11998
36.3707,1.11998
36.3722,1.11999
36.3737,1.11999
36.3752,1.11999
36.3767,1.11999
36.3782,1.11999
36.3797,1.12
36.3812,1.12
36.3827,1.12
36.3842,1.12
36.3857,1.12
36.3872,1.12001
36.3887,1.12001
36.3902,1.12
36.3917,1.12001
36.3932,1.12001
36.3947,1.12001
36.3962,1.12001
36.3977,1.12001
36.3992,1.12001
36.4007,1.12001
36.4022,1.12001
36.4037,1.12001
36.4052,1.12001
36.4067,1.12001
36.4082,1.12001
36.4097,1.12001
36.4112,1.12
36.4127,1.12
36.4142,1.12
36.4157,1.12
36.4172,1.12
36.4187,1.12
36.4202,1.12
36.4217,1.11999
36.4232,1.11999
36.4247,1.11999
36.4262,1.11999
36.4277,1.11999
36.4292,1.11999
36.4307,1.11998
36.4322,1.11998
36.4337,1.11998
36.4352,1.11998
36.4367,1.11998
36.4382,1.11998
36.4397,1.11997
36.4412,1.11997
36.4427,1.11997
36.4442,1.11997
36.4457,1.11996
36.4472,1.11996
36.4487,1.11996
36.4502,1.11996
36.4517,1.11995
36.4532,1.11995
36.4547,1.11995
36.4562,1.11995
36.4577,1.11995
36.4592,1.11994
36.4607,1.11994
36.4622,1.11994
36.4637,1.11994
36.4652,1.11993
36.4667,1.11993
36.4682,1.11993
36.4697,1.11993
36.4712,1.11992
36.4727,1.11992
36.4742,1.11992
36.4757,1.11992
36.4771,1.11992
36.4786,1.11991
36.4801,1.11991
36.4816,1.11991
36.4831,1.11991
36.4846,1.11991
36.4861,1.1199
36.4876,1.1199
36.4891,1.1199
36.4906,1.1199
36.4921,1.1199
36.4936,1.11989
36.4951,1.11989
36.4966,1.11989
36.4981,1.11989
36.4996,1.11988
36.5011,1.11988
36.5026,1.11988
36.5041,1.11988
36.5056,1.11987
36.5071,1.11987
36.5086,1.11987
36.5101,1.11987
36.5116,1.11987
36.5131,1.11987
36.5146,1.11986
36.5161,1.11986
36.5176,1.11986
36.5191,1.11986
36.5206,1.11985
36.5221,1.11985
36.5236,1.11985
36.5251,1.11985
36.5266,1.11985
36.5281,1.11984
36.5296,1.11984
36.5311,1.11984
36.5326,1.11984
36.5341,1.11983
36.5356,1.11983
36.5371,1.11983
36.5386,1.11983
36.5401,1.11982
36.5416,1.11982
36.5431,1.11982
36.5446,1.11982
36.5461,1.11981
36.5476,1.11981
36.5491,1.11981
36.5506,1.11981
36.5521,1.1198
36.5536,1.1198
36.5551,1.1198
36.5566,1.1198
36.5581,1.1198
36.5596,1.11979
36.5611,1.11979
36.5626,1.11979
36.5641,1.11979
36.5656,1.11978
36.5671,1.11978
36.5686,1.11978
36.5701,1.11978
36.5716,1.11978
36.5731,1.11977
36.5746,1.11977
36.5761,1.11977
36.5776,1.11977
36.5791,1.11976
36.5806,1.11976
36.5821,1.11976
36.5836,1.11976
36.5851,1.11975
36.5866,1.11975
36.5881,1.11975
36.5896,1.11975
36.5911,1.11975
36.5926,1.11975
36.5941,1.11974
36.5956,1.11974
36.5971,1.11974
36.5986,1.11974
36.6001,1.11973
36.6016,1.11973
36.6031,1.11973
36.6046,1.11973
36.6061,1.11973
36.6076,1.11973
36.6091,1.11972
36.6106,1.11972
36.6121,1.11972
36.6136,1.11972
36.6151,1.11972
36.6166,1.11972
36.6181,1.11971
36.6196,1.11971
36.6211,1.11971
36.6226,1.11971
36.6241,1.11971
36.6256,1.11971
36.6271,1.1197
36.6286,1.1197
36.6301,1.1197
36.6316,1.1197
36.6331,1.1197
36.6346,1.1197
36.6361,1.11969
36.6376,1.11969
36.6391,1.11969
36.6406,1.11969
36.6421,1.11969
36.6436,1.11969
36.6451,1.11969
36.6466,1.11969
36.6481,1.11968
36.6496,1.11968
36.6511,1.11968
36.6526,1.11968
36.6541,1.11968
36.6556,1.11968
36.6571,1.11968
36.6586,1.11967
36.66,1.11967
36.6615,1.11967
36.663,1.11967
36.6645,1.11967
36.666,1.11967
36.6675,1.11967
36.669,1.11967
36.6705,1.11967
36.672,1.11967
36.6735,1.11966
36.675,1.11966
36.6765,1.11966
36.678,1.11966
36.6795,1.11966
36.681,1.11966
36.6825,1.11966
36.684,1.11966
36.6855,1.11966
36.687,1.11966
36.6885,1.11966
36.69,1.11966
36.6915,1.11966
36.693,1.11966
36.6945,1.11966
36.696,1.11966
36.6975,1.11966
36.699,1.11966
36.7005,1.11966
36.702,1.11966
36.7035,1.11966
36.705,1.11966
36.7065,1.11966
36.708,1.11966
36.7095,1.11966
36.711,1.11966
36.7125,1.11966
36.714,1.11966
36.7155,1.11966
36.717,1.11966
36.7185,1.11966
36.72,1.11966
36.7215,1.11966
36.723,1.11967
36.7245,1.11967
36.726,1.11967
36.7275,1.11967
36.729,1.11967
36.7305,1.11967
36.732,1.11967
36.7335,1.11967
36.735,1.11968
36.7365,1.11968
36.738,1.11968
36.7395,1.11968
36.741,1.11968
36.7425,1.11968
36.744,1.11968
36.7455,1.11968
36.747,1.11968
36.7485,1.11968
36.75,1.11969
36.7515,1.11969
36.753,1.11969
36.7545,1.11969
36.756,1.11969
36.7575,1.11969
36.759,1.11969
36.7605,1.11969
36.762,1.11969
36.7635,1.1197
36.765,1.1197
36.7665,1.1197
36.768,1.1197
36.7695,1.1197
36.771,1.1197
36.7725,1.1197
36.774,1.1197
36.7755,1.1197
36.777,1.1197
36.7785,1.1197
36.78,1.1197
36.7815,1.1197
36.783,1.1197
36.7845,1.1197
36.786,1.1197
36.7875,1.1197
36.789,1.1197
36.7905,1.1197
36.792,1.1197
36.7935,1.1197
36.795,1.1197
36.7965,1.1197
36.798,1.1197
36.7995,1.1197
36.801,1.1197
36.8025,1.1197
36.804,1.1197
36.8055,1.11969
36.807,1.11969
36.8085,1.11969
36.81,1.11969
36.8115,1.11969
36.813,1.11969
36.8145,1.11968
36.816,1.11968
36.8175,1.11968
36.819,1.11968
36.8205,1.11967
36.822,1.11967
36.8235,1.11967
36.825,1.11967
36.8265,1.11966
36.828,1.11966
36.8295,1.11966
36.831,1.11965
36.8325,1.11965
36.834,1.11965
36.8355,1.11965
36.837,1.11964
36.8385,1.11964
36.84,1.11963
36.8414,1.11963
36.8429,1.11963
36.8444,1.11962
36.8459,1.11962
36.8474,1.11962
36.8489,1.11961
36.8504,1.11961
36.8519,1.1196
36.8534,1.1196
36.8549,1.11959
36.8564,1.11959
36.8579,1.11959
36.8594,1.11958
36.8609,1.11958
36.8624,1.11957
36.8639,1.11957
36.8654,1.11957
36.8669,1.11956
36.8684,1.11956
36.8699,1.11955
36.8714,1.11955
36.8729,1.11954
36.8744,1.11954
36.8759,1.11953
36.8774,1.11953
36.8789,1.11952
36.8804,1.11952
36.8819,1.11951
36.8834,1.11951
36.8849,1.11951
36.8864,1.1195
36.8879,1.1195
36.8894,1.11949
36.8909,1.11949
36.8924,1.11948
36.8939,1.11948
36.8954,1.11948
36.8969,1.11947
36.8984,1.11947
36.8999,1.11946
36.9014,1.11946
36.9029,1.11945
36.9044,1.11945
36.9059,1.11944
36.9074,1.11944
36.9089,1.11944
36.9104,1.11943
36.9119,1.11943
36.9134,1.11942
36.9149,1.11942
36.9164,1.11942
36.9179,1.11941
36.9194,1.11941
36.9209,1.1194
36.9224,1.1194
36.9239,1.1194
36.9254,1.11939
36.9269,1.11939
36.9284,1.11939
36.9299,1.11938
36.9314,1.11938
36.9329,1.11938
36.9344,1.11937
36.9359,1.11937
36.9374,1.11937
36.9389,1.11936
36.9404,1.11936
36.9419,1.11936
36.9434,1.11935
36.9449,1.11935
36.9464,1.11935
36.9479,1.11934
36.9494,1.11934
36.9509,1.11934
36.9524,1.11933
36.9539,1.11933
36.9554,1.11933
36.9569,1.11933
36.9584,1.11932
36.9599,1.11932
36.9614,1.11932
36.9629,1.11931
36.9644,1.11931
36.9659,1.11931
36.9674,1.11931
36.9689,1.11931
36.9704,1.1193
36.9719,1.1193
36.9734,1.1193
36.9749,1.1193
36.9764,1.11929
36.9779,1.11929
36.9794,1.11929
36.9809,1.11929
36.9824,1.11928
36.9839,1.11928
36.9854,1.11928
36.9869,1.11928
36.9884,1.11928
36.9899,1.11927
36.9914,1.11927
36.9929,1.11927
36.9944,1.11927
36.9959,1.11927
36.9974,1.11926
36.9989,1.11926
37.0004,1.11926
37.0019,1.11926
37.0034,1.11926
37.0049,1.11926
37.0064,1.11925
37.0079,1.11925
37.0094,1.11925
37.0109,1.11925
37.0124,1.11925
37.0139,1.11925
37.0154,1.11925
37.0169,1.11925
37.0184,1.11924
37.0199,1.11924
37.0214,1.11924
37.0229,1.11924
37.0243,1.11924
37.0258,1.11924
37.0273,1.11923
37.0288,1.11923
37.0303,1.11923
37.0318,1.11923
37.0333,1.11923
37.0348,1.11923
37.0363,1.11923
37.0378,1.11923
37.0393,1.11923
37.0408,1.11922
37.0423,1.11922
37.0438,1.11922
37.0453,1.11922
37.0468,1.11922
37.0483,1.11922
37.0498,1.11922
37.0513,1.11922
37.0528,1.11922
37.0543,1.11922
37.0558,1.11922
37.0573,1.11922
37.0588,1.11922
37.0603,1.11922
37.0618,1.11921
37.0633,1.11921
37.0648,1.11921
37.0663,1.11921
37.0678,1.11921
37.0693,1.11921
37.0708,1.11921
37.0723,1.11921
37.0738,1.11921
37.0753,1.11921
37.0768,1.11921
37.0783,1.11921
37.0798,1.11921
37.0813,1.11921
37.0828,1.11921
37.0843,1.11921
37.0858,1.11921
37.0873,1.11921
37.0888,1.11921
37.0903,1.11921
37.0918,1.11921
37.0933,1.11921
37.0948,1.11921
37.0963,1.11921
37.0978,1.11921
37.0993,1.11921
37.1008,1.11921
37.1023,1.11921
37.1038,1.11922
37.1053,1.11922
37.1068,1.11922
37.1083,1.11922
37.1098,1.11922
37.1113,1.11922
37.1128,1.11922
37.1143,1.11922
37.1158,1.11922
37.1173,1.11922
37.1188,1.11922
37.1203,1.11922
37.1218,1.11922
37.1233,1.11923
37.1248,1.11922
37.1263,1.11923
37.1278,1.11923
37.1293,1.11923
37.1308,1.11923
37.1323,1.11923
37.1338,1.11923
37.1353,1.11923
37.1368,1.11923
37.1383,1.11923
37.1398,1.11924
37.1413,1.11924
37.1428,1.11924
37.1443,1.11924
37.1458,1.11924
37.1473,1.11924
37.1488,1.11924
37.1503,1.11924
37.1518,1.11924
37.1533,1.11924
37.1548,1.11925
37.1563,1.11925
37.1578,1.11925
37.1593,1.11925
37.1608,1.11925
37.1623,1.11925
37.1638,1.11925
37.1653,1.11925
37.1668,1.11926
37.1683,1.11926
37.1698,1.11926
37.1713,1.11926
37.1728,1.11926
37.1743,1.11926
37.1758,1.11926
37.1773,1.11926
37.1788,1.11927
37.1803,1.11927
37.1818,1.11927
37.1833,1.11927
37.1848,1.11927
37.1863,1.11927
37.1878,1.11927
37.1893,1.11927
37.1908,1.11927
37.1923,1.11927
37.1938,1.11928
37.1953,1.11928
37.1968,1.11928
37.1983,1.11928
37.1998,1.11928
37.2013,1.11928
37.2028,1.11928
37.2043,1.11928
37.2057,1.11928
37.2072,1.11928
37.2087,1.11928
37.2102,1.11929
37.2117,1.11929
37.2132,1.11929
37.2147,1.11929
37.2162,1.11929
37.2177,1.11929
37.2192,1.11929
37.2207,1.11929
37.2222,1.11929
37.2237,1.11929
37.2252,1.11929
37.2267,1.11929
37.2282,1.11929
37.2297,1.1193
37.2312,1.1193
37.2327,1.1193
37.2342,1.1193
37.2357,1.1193
37.2372,1.1193
37.2387,1.1193
37.2402,1.1193
37.2417,1.1193
37.2432,1.1193
37.2447,1.1193
37.2462,1.1193
37.2477,1.1193
37.2492,1.1193
37.2507,1.1193
37.2522,1.1193
37.2537,1.1193
37.2552,1.1193
37.2567,1.1193
37.2582,1.1193
37.2597,1.1193
37.2612,1.11931
37.2627,1.11931
37.2642,1.1193
37.2657,1.11931
37.2672,1.11931
37.2687,1.11931
37.2702,1.11931
37.2717,1.11931
37.2732,1.11931
37.2747,1.11931
37.2762,1.11931
37.2777,1.11931
37.2792,1.11931
37.2807,1.11931
37.2822,1.11931
37.2837,1.11932
37.2852,1.11932
37.2867,1.11932
37.2882,1.11932
37.2897,1.11932
37.2912,1.11932
37.2927,1.11932
37.2942,1.11932
37.2957,1.11932
37.2972,1.11932
37.2987,1.11933
37.3002,1.11933
37.3017,1.11933
37.3032,1.11933
37.3047,1.11933
37.3062,1.11933
37.3077,1.11933
37.3092,1.11933
37.3107,1.11934
37.3122,1.11934
37.3137,1.11934
37.3152,1.11934
37.3167,1.11934
37.3182,1.11935
37.3197,1.11935
37.3212,1.11935
37.3227,1.11935
37.3242,1.11935
37.3257,1.11936
37.3272,1.11936
37.3287,1.11936
37.3302,1.11936
37.3317,1.11936
37.3332,1.11937
37.3347,1.11937
37.3362,1.11937
37.3377,1.11937
37.3392,1.11938
37.3407,1.11938
37.3422,1.11938
37.3437,1.11938
37.3452,1.11938
37.3467,1.11939
37.3482,1.11939
37.3497,1.11939
37.3512,1.11939
37.3527,1.1194
37.3542,1.1194
37.3557,1.1194
37.3572,1.1194
37.3587,1.11941
37.3602,1.11941
37.3617,1.11941
37.3632,1.11942
37.3647,1.11942
37.3662,1.11942
37.3677,1.11943
37.3692,1.11943
37.3707,1.11943
37.3722,1.11943
37.3737,1.11944
37.3752,1.11944
37.3767,1.11944
37.3782,1.11945
37.3797,1.11945
37.3812,1.11945
37.3827,1.11946
37.3842,1.11946
37.3857,1.11946
37.3871,1.11946
37.3886,1.11947
37.3901,1.11947
37.3916,1.11948
37.3931,1.11948
37.3946,1.11948
37.3961,1.11949
37.3976,1.11949
37.3991,1.11949
37.4006,1.1195
37.4021,1.1195
37.4036,1.1195
37.4051,1.11951
37.4066,1.11951
37.4081,1.11952
37.4096,1.11952
37.4111,1.11952
37.4126,1.11953
37.4141,1.11953
37.4156,1.11953
37.4171,1.11954
37.4186,1.11954
37.4201,1.11954
37.4216,1.11955
37.4231,1.11955
37.4246,1.11956
37.4261,1.11956
37.4276,1.11956
37.4291,1.11957
37.4306,1.11957
37.4321,1.11957
37.4336,1.11958
37.4351,1.11958
37.4366,1.11959
37.4381,1.11959
37.4396,1.11959
37.4411,1.1196
37.4426,1.1196
37.4441,1.1196
37.4456,1.11961
37.4471,1.11961
37.4486,1.11962
37.4501,1.11962
37.4516,1.11962
37.4531,1.11963
37.4546,1.11963
37.4561,1.11964
37.4576,1.11964
37.4591,1.11964
37.4606,1.11965
37.4621,1.11965
37.4636,1.11965
37.4651,1.11966
37.4666,1.11966
37.4681,1.11967
37.4696,1.11967
37.4711,1.11967
37.4726,1.11968
37.4741,1.11968
37.4756,1.11968
37.4771,1.11969
37.4786,1.11969
37.4801,1.11969
37.4816,1.1197
37.4831,1.1197
37.4846,1.11971
37.4861,1.11971
37.4876,1.11971
37.4891,1.11972
37.4906,1.11972
37.4921,1.11972
37.4936,1.11973
37.4951,1.11973
37.4966,1.11973
37.4981,1.11974
37.4996,1.11974
37.5011,1.11975
37.5026,1.11975
37.5041,1.11975
37.5056,1.11975
37.5071,1.11976
37.5086,1.11976
37.5101,1.11977
37.5116,1.11977
37.5131,1.11977
37.5146,1.11977
37.5161,1.11978
37.5176,1.11978
37.5191,1.11978
37.5206,1.11979
37.5221,1.11979
37.5236,1.11979
37.5251,1.1198
37.5266,1.1198
37.5281,1.1198
37.5296,1.11981
37.5311,1.11981
37.5326,1.11981
37.5341,1.11982
37.5356,1.11982
37.5371,1.11982
37.5386,1.11983
37.5401,1.11983
37.5416,1.11983
37.5431,1.11983
37.5446,1.11984
37.5461,1.11984
37.5476,1.11984
37.5491,1.11984
37.5506,1.11985
37.5521,1.11985
37.5536,1.11985
37.5551,1.11986
37.5566,1.11986
37.5581,1.11986
37.5596,1.11986
37.5611,1.11987
37.5626,1.11987
37.5641,1.11987
37.5656,1.11987
37.5671,1.11988
37.5686,1.11988
37.57,1.11988
37.5715,1.11988
37.573,1.11988
37.5745,1.11989
37.576,1.11989
37.5775,1.11989
37.579,1.11989
37.5805,1.11989
37.582,1.1199
37.5835,1.1199
37.585,1.1199
37.5865,1.1199
37.588,1.1199
37.5895,1.1199
37.591,1.11991
37.5925,1.11991
37.594,1.11991
37.5955,1.11991
37.597,1.11991
37.5985,1.11991
37.6,1.11991
37.6015,1.11991
37.603,1.11992
37.6045,1.11992
37.606,1.11992
37.6075,1.11992
37.609,1.11992
37.6105,1.11992
37.612,1.11992
37.6135,1.11992
37.615,1.11992
37.6165,1.11992
37.618,1.11992
37.6195,1.11992
37.621,1.11992
37.6225,1.11992
37.624,1.11992
37.6255,1.11992
37.627,1.11992
37.6285,1.11992
37.63,1.11992
37.6315,1.11992
37.633,1.11992
37.6345,1.11992
37.636,1.11992
37.6375,1.11992
37.639,1.11992
37.6405,1.11992
37.642,1.11992
37.6435,1.11992
37.645,1.11992
37.6465,1.11992
37.648,1.11992
37.6495,1.11992
37.651,1.11992
37.6525,1.11992
37.654,1.11992
37.6555,1.11992
37.657,1.11992
37.6585,1.11992
37.66,1.11992
37.6615,1.11992
37.663,1.11992
37.6645,1.11992
37.666,1.11992
37.6675,1.11991
37.669,1.11991
37.6705,1.11991
37.672,1.11991
37.6735,1.11991
37.675,1.11991
37.6765,1.11991
37.678,1.11991
37.6795,1.11991
37.681,1.11991
37.6825,1.1199
37.684,1.1199
37.6855,1.1199
37.687,1.1199
37.6885,1.1199
37.69,1.1199
37.6915,1.1199
37.693,1.11989
37.6945,1.11989
37.696,1.11989
37.6975,1.11989
37.699,1.11989
37.7005,1.11989
37.702,1.11989
37.7035,1.11989
37.705,1.11989
37.7065,1.11988
37.708,1.11988
37.7095,1.11988
37.711,1.11988
37.7125,1.11988
37.714,1.11988
37.7155,1.11987
37.717,1.11987
37.7185,1.11987
37.72,1.11987
37.7215,1.11987
37.723,1.11987
37.7245,1.11987
37.726,1.11986
37.7275,1.11986
37.729,1.11986
37.7305,1.11986
37.732,1.11986
37.7335,1.11985
37.735,1.11985
37.7365,1.11985
37.738,1.11985
37.7395,1.11985
37.741,1.11985
37.7425,1.11984
37.744,1.11984
37.7455,1.11984
37.747,1.11984
37.7485,1.11984
37.75,1.11983
37.7514,1.11983
37.7529,1.11983
37.7544,1.11983
37.7559,1.11983
37.7574,1.11983
37.7589,1.11982
37.7604,1.11982
37.7619,1.11982
37.7634,1.11982
37.7649,1.11981
37.7664,1.11981
37.7679,1.11981
37.7694,1.11981
37.7709,1.11981
37.7724,1.11981
37.7739,1.1198
37.7754,1.1198
37.7769,1.1198
37.7784,1.1198
37.7799,1.11979
37.7814,1.11979
37.7829,1.11979
37.7844,1.11979
37.7859,1.11978
37.7874,1.11978
37.7889,1.11978
37.7904,1.11978
37.7919,1.11978
37.7934,1.11977
37.7949,1.11977
37.7964,1.11977
37.7979,1.11977
37.7994,1.11976
37.8009,1.11976
37.8024,1.11976
37.8039,1.11976
37.8054,1.11975
37.8069,1.11975
37.8084,1.11975
37.8099,1.11975
37.8114,1.11975
37.8129,1.11974
37.8144,1.11974
37.8159,1.11974
37.8174,1.11974
37.8189,1.11973
37.8204,1.11973
37.8219,1.11973
37.8234,1.11973
37.8249,1.11972
37.8264,1.11972
37.8279,1.11972
37.8294,1.11972
37.8309,1.11972
37.8324,1.11971
37.8339,1.11971
37.8354,1.11971
37.8369,1.11971
37.8384,1.1197
37.8399,1.1197
37.8414,1.1197
37.8429,1.11969
37.8444,1.11969
37.8459,1.11969
37.8474,1.11969
37.8489,1.11969
37.8504,1.11968
37.8519,1.11968
37.8534,1.11968
37.8549,1.11968
37.8564,1.11967
37.8579,1.11967
37.8594,1.11967
37.8609,1.11967
37.8624,1.11966
37.8639,1.11966
37.8654,1.11966
37.8669,1.11966
37.8684,1.11965
37.8699,1.11965
37.8714,1.11965
37.8729,1.11965
37.8744,1.11965
37.8759,1.11964
37.8774,1.11964
37.8789,1.11964
37.8804,1.11964
37.8819,1.11964
37.8834,1.11963
37.8849,1.11963
37.8864,1.11963
37.8879,1.11963
37.8894,1.11963
37.8909,1.11962
37.8924,1.11962
37.8939,1.11962
37.8954,1.11962
37.8969,1.11962
37.8984,1.11961
37.8999,1.11961
37.9014,1.11961
37.9029,1.11961
37.9044,1.11961
37.9059,1.11961
37.9074,1.11961
37.9089,1.1196
37.9104,1.1196
37.9119,1.1196
37.9134,1.1196
37.9149,1.1196
37.9164,1.1196
37.9179,1.1196
37.9194,1.11959
37.9209,1.11959
37.9224,1.11959
37.9239,1.11959
37.9254,1.11959
37.9269,1.11959
37.9284,1.11959
37.9299,1.11959
37.9314,1.11959
37.9328,1.11959
37.9343,1.11958
37.9358,1.11958
37.9373,1.11958
37.9388,1.11958
37.9403,1.11958
37.9418,1.11958
37.9433,1.11958
37.9448,1.11958
37.9463,1.11958
37.9478,1.11958
37.9493,1.11958
37.9508,1.11958
37.9523,1.11958
37.9538,1.11958
37.9553,1.11958
37.9568,1.11958
37.9583,1.11958
37.9598,1.11958
37.9613,1.11958
37.9628,1.11958
37.9643,1.11958
37.9658,1.11958
37.9673,1.11958
37.9688,1.11958
37.9703,1.11958
37.9718,1.11958
37.9733,1.11958
37.9748,1.11958
37.9763,1.11958
37.9778,1.11958
37.9793,1.11958
37.9808,1.11958
37.9823,1.11958
37.9838,1.11958
37.9853,1.11958
37.9868,1.11958
37.9883,1.11958
37.9898,1.11959
37.9913,1.11959
37.9928,1.11959
37.9943,1.11959
37.9958,1.11959
37.9973,1.11959
37.9988,1.11959
38.0003,1.11959
38.0018,1.11959
38.0033,1.11959
38.0048,1.11959
38.0063,1.11959
38.0078,1.11959
38.0093,1.11959
38.0108,1.1196
38.0123,1.1196
38.0138,1.1196
38.0153,1.1196
38.0168,1.1196
38.0183,1.1196
38.0198,1.1196
38.0213,1.1196
38.0228,1.1196
38.0243,1.1196
38.0258,1.1196
38.0273,1.11961
38.0288,1.11961
38.0303,1.11961
38.0318,1.11961
38.0333,1.11961
38.0348,1.11961
38.0363,1.11961
38.0378,1.11961
38.0393,1.11961
38.0408,1.11961
38.0423,1.11961
38.0438,1.11961
38.0453,1.11962
38.0468,1.11962
38.0483,1.11962
38.0498,1.11962
38.0513,1.11962
38.0528,1.11962
38.0543,1.11962
38.0558,1.11962
38.0573,1.11962
38.0588,1.11962
38.0603,1.11963
38.0618,1.11963
38.0633,1.11963
38.0648,1.11963
38.0663,1.11963
38.0678,1.11963
38.0693,1.11963
38.0708,1.11963
38.0723,1.11963
38.0738,1.11963
38.0753,1.11963
38.0768,1.11963
38.0783,1.11963
38.0798,1.11964
38.0813,1.11964
38.0828,1.11964
38.0843,1.11964
38.0858,1.11964
38.0873,1.11964
38.0888,1.11964
38.0903,1.11964
38.0918,1.11964
38.0933,1.11964
38.0948,1.11964
38.0963,1.11964
38.0978,1.11964
38.0993,1.11964
38.1008,1.11964
38.1023,1.11965
38.1038,1.11965
38.1053,1.11965
38.1068,1.11965
38.1083,1.11965
38.1098,1.11965
38.1113,1.11965
38.1128,1.11965
38.1143,1.11965
38.1157,1.11965
38.1172,1.11965
38.1187,1.11965
38.1202,1.11965
38.1217,1.11965
38.1232,1.11965
38.1247,1.11966
38.1262,1.11966
38.1277,1.11966
38.1292,1.11966
38.1307,1.11966
38.1322,1.11966
38.1337,1.11966
38.1352,1.11966
38.1367,1.11966
38.1382,1.11966
38.1397,1.11966
38.1412,1.11966
38.1427,1.11966
38.1442,1.11966
38.1457,1.11966
38.1472,1.11966
38.1487,1.11967
38.1502,1.11966
38.1517,1.11967
38.1532,1.11967
38.1547,1.11967
38.1562,1.11967
38.1577,1.11967
38.1592,1.11967
38.1607,1.11967
38.1622,1.11967
38.1637,1.11967
38.1652,1.11967
38.1667,1.11967
38.1682,1.11967
38.1697,1.11967
38.1712,1.11967
38.1727,1.11968
38.1742,1.11968
38.1757,1.11968
38.1772,1.11968
38.1787,1.11968
38.1802,1.11968
38.1817,1.11968
38.1832,1.11968
38.1847,1.11968
38.1862,1.11968
38.1877,1.11969
38.1892,1.11969
38.1907,1.11969
38.1922,1.11969
38.1937,1.11969
38.1952,1.11969
38.1967,1.11969
38.1982,1.11969
38.1997,1.11969
38.2012,1.11969
38.2027,1.1197
38.2042,1.1197
38.2057,1.1197
38.2072,1.1197
38.2087,1.1197
38.2102,1.1197
38.2117,1.1197
38.2132,1.1197
38.2147,1.1197
38.2162,1.1197
38.2177,1.1197
38.2192,1.11971
38.2207,1.11971
38.2222,1.11971
38.2237,1.11971
38.2252,1.11971
38.2267,1.11971
38.2282,1.11971
38.2297,1.11971
38.2312,1.11971
38.2327,1.11972
38.2342,1.11972
38.2357,1.11972
38.2372,1.11972
38.2387,1.11972
38.2402,1.11972
38.2417,1.11972
38.2432,1.11972
38.2447,1.11972
38.2462,1.11972
38.2477,1.11972
38.2492,1.11973
38.2507,1.11973
38.2522,1.11973
38.2537,1.11973
38.2552,1.11973
38.2567,1.11973
38.2582,1.11973
38.2597,1.11973
38.2612,1.11973
38.2627,1.11974
38.2642,1.11974
38.2657,1.11974
38.2672,1.11974
38.2687,1.11974
38.2702,1.11974
38.2717,1.11974
38.2732,1.11974
38.2747,1.11974
38.2762,1.11974
38.2777,1.11975
38.2792,1.11975
38.2807,1.11975
38.2822,1.11975
38.2837,1.11975
38.2852,1.11975
38.2867,1.11975
38.2882,1.11975
38.2897,1.11976
38.2912,1.11976
38.2927,1.11976
38.2942,1.11976
38.2957,1.11976
38.2971,1.11976
38.2986,1.11976
38.3001,1.11976
38.3016,1.11976
38.3031,1.11977
38.3046,1.11977
38.3061,1.11977
38.3076,1.11977
38.3091,1.11977
38.3106,1.11977
38.3121,1.11977
38.3136,1.11977
38.3151,1.11978
38.3166,1.11978
38.3181,1.11978
38.3196,1.11978
38.3211,1.11978
38.3226,1.11978
38.3241,1.11978
38.3256,1.11979
38.3271,1.11979
38.3286,1.11979
38.3301,1.11979
38.3316,1.11979
38.3331,1.11979
38.3346,1.11979
38.3361,1.11979
38.3376,1.1198
38.3391,1.1198
38.3406,1.1198
38.3421,1.1198
38.3436,1.1198
38.3451,1.1198
38.3466,1.1198
38.3481,1.1198
38.3496,1.11981
38.3511,1.11981
38.3526,1.11981
38.3541,1.11981
38.3556,1.11981
38.3571,1.11981
38.3586,1.11981
38.3601,1.11982
38.3616,1.11982
38.3631,1.11982
38.3646,1.11982
38.3661,1.11982
38.3676,1.11982
38.3691,1.11982
38.3706,1.11983
38.3721,1.11983
38.3736,1.11983
38.3751,1.11983
38.3766,1.11983
38.3781,1.11983
38.3796,1.11983
38.3811,1.11983
38.3826,1.11984
38.3841,1.11984
38.3856,1.11984
38.3871,1.11984
38.3886,1.11984
38.3901,1.11984
38.3916,1.11984
38.3931,1.11984
38.3946,1.11984
38.3961,1.11984
38.3976,1.11985
38.3991,1.11985
38.4006,1.11985
38.4021,1.11985
38.4036,1.11985
38.4051,1.11985
38.4066,1.11985
38.4081,1.11985
38.4096,1.11985
38.4111,1.11986
38.4126,1.11986
38.4141,1.11986
38.4156,1.11986
38.4171,1.11986
38.4186,1.11986
38.4201,1.11986
38.4216,1.11986
38.4231,1.11986
38.4246,1.11986
38.4261,1.11986
38.4276,1.11986
38.4291,1.11986
38.4306,1.11987
38.4321,1.11987
38.4336,1.11987
38.4351,1.11987
38.4366,1.11987
38.4381,1.11987
38.4396,1.11987
38.4411,1.11987
38.4426,1.11987
38.4441,1.11987
38.4456,1.11987
38.4471,1.11987
38.4486,1.11988
38.4501,1.11988
38.4516,1.11988
38.4531,1.11988
38.4546,1.11988
38.4561,1.11988
38.4576,1.11988
38.4591,1.11988
38.4606,1.11988
38.4621,1.11988
38.4636,1.11988
38.4651,1.11989
38.4666,1.11988
38.4681,1.11989
38.4696,1.11989
38.4711,1.11989
38.4726,1.11989
38.4741,1.11989
38.4756,1.11989
38.4771,1.11989
38.4785,1.11989
38.48,1.11989
38.4815,1.11989
38.483,1.1199
38.4845,1.1199
38.486,1.1199
38.4875,1.1199
38.489,1.1199
38.4905,1.1199
38.492,1.1199
38.4935,1.1199
38.495,1.1199
38.4965,1.1199
38.498,1.1199
38.4995,1.11991
38.501,1.11991
38.5025,1.11991
38.504,1.11991
38.5055,1.11991
38.507,1.11991
38.5085,1.11991
38.51,1.11991
38.5115,1.11991
38.513,1.11991
38.5145,1.11992
38.516,1.11992
38.5175,1.11992
38.519,1.11992
38.5205,1.11992
38.522,1.11992
38.5235,1.11992
38.525,1.11992
38.5265,1.11993
38.528,1.11993
38.5295,1.11993
38.531,1.11993
38.5325,1.11993
38.534,1.11993
38.5355,1.11993
38.537,1.11994
38.5385,1.11994
38.54,1.11994
38.5415,1.11994
38.543,1.11994
38.5445,1.11994
38.546,1.11994
38.5475,1.11995
38.549,1.11995
38.5505,1.11995
38.552,1.11995
38.5535,1.11995
38.555,1.11995
38.5565,1.11996
38.558,1.11996
38.5595,1.11996
38.561,1.11996
38.5625,1.11996
38.564,1.11997
38.5655,1.11997
38.567,1.11997
38.5685,1.11997
38.57,1.11997
38.5715,1.11997
38.573,1.11998
38.5745,1.11998
38.576,1.11998
38.5775,1.11998
38.579,1.11998
38.5805,1.11999
38.582,1.11999
38.5835,1.11999
38.585,1.11999
38.5865,1.11999
38.588,1.12
38.5895,1.12
38.591,1.12
38.5925,1.12
38.594,1.12001
38.5955,1.12001
38.597,1.12001
38.5985,1.12001
38.6,1.12002
38.6015,1.12002
38.603,1.12002
38.6045,1.12002
38.606,1.12002
38.6075,1.12003
38.609,1.12003
38.6105,1.12003
38.612,1.12003
38.6135,1.12003
38.615,1.12004
38.6165,1.12004
38.618,1.12004
38.6195,1.12004
38.621,1.12005
38.6225,1.12005
38.624,1.12005
38.6255,1.12006
38.627,1.12006
38.6285,1.12006
38.63,1.12006
38.6315,1.12006
38.633,1.12007
38.6345,1.12007
38.636,1.12007
38.6375,1.12007
38.639,1.12008
38.6405,1.12008
38.642,1.12008
38.6435,1.12008
38.645,1.12009
38.6465,1.12009
38.648,1.12009
38.6495,1.12009
38.651,1.1201
38.6525,1.1201
38.654,1.1201
38.6555,1.1201
38.657,1.12011
38.6585,1.12011
38.66,1.12011
38.6614,1.12011
38.6629,1.12012
38.6644,1.12012
38.6659,1.12012
38.6674,1.12012
38.6689,1.12013
38.6704,1.12013
38.6719,1.12013
38.6734,1.12013
38.6749,1.12014
38.6764,1.12014
38.6779,1.12014
38.6794,1.12014
38.6809,1.12014
38.6824,1.12015
38.6839,1.12015
38.6854,1.12015
38.6869,1.12015
38.6884,1.12015
38.6899,1.12016
38.6914,1.12016
38.6929,1.12016
38.6944,1.12017
38.6959,1.12017
38.6974,1.12017
38.6989,1.12017
38.7004,1.12017
38.7019,1.12018
38.7034,1.12018
38.7049,1.12018
38.7064,1.12018
38.7079,1.12018
38.7094,1.12018
38.7109,1.12019
38.7124,1.12019
38.7139,1.12019
38.7154,1.12019
38.7169,1.12019
38.7184,1.12019
38.7199,1.1202
38.7214,1.1202
38.7229,1.1202
38.7244,1.1202
38.7259,1.1202
38.7274,1.1202
38.7289,1.12021
38.7304,1.12021
38.7319,1.12021
38.7334,1.12021
38.7349,1.12021
38.7364,1.12021
38.7379,1.12022
38.7394,1.12022
38.7409,1.12022
38.7424,1.12022
38.7439,1.12022
38.7454,1.12022
38.7469,1.12022
38.7484,1.12023
38.7499,1.12023
38.7514,1.12023
38.7529,1.12023
38.7544,1.12023
38.7559,1.12023
38.7574,1.12024
38.7589,1.12023
38.7604,1.12024
38.7619,1.12024
38.7634,1.12024
38.7649,1.12024
38.7664,1.12024
38.7679,1.12024
38.7694,1.12024
38.7709,1.12025
38.7724,1.12025
38.7739,1.12025
38.7754,1.12025
38.7769,1.12025
38.7784,1.12025
38.7799,1.12025
38.7814,1.12025
38.7829,1.12026
38.7844,1.12026
38.7859,1.12026
38.7874,1.12026
38.7889,1.12026
38.7904,1.12026
38.7919,1.12026
38.7934,1.12026
38.7949,1.12027
38.7964,1.12027
38.7979,1.12027
38.7994,1.12027
38.8009,1.12027
38.8024,1.12027
38.8039,1.12027
38.8054,1.12028
38.8069,1.12028
38.8084,1.12028
38.8099,1.12028
38.8114,1.12028
38.8129,1.12028
38.8144,1.12028
38.8159,1.12028
38.8174,1.12028
38.8189,1.12029
38.8204,1.12029
38.8219,1.12029
38.8234,1.12029
38.8249,1.12029
38.8264,1.12029
38.8279,1.12029
38.8294,1.1203
38.8309,1.1203
38.8324,1.1203
38.8339,1.1203
38.8354,1.1203
38.8369,1.1203
38.8384,1.1203
38.8399,1.1203
38.8414,1.1203
38.8428,1.12031
38.8443,1.12031
38.8458,1.12031
38.8473,1.12031
38.8488,1.12031
38.8503,1.12031
38.8518,1.12032
38.8533,1.12032
38.8548,1.12032
38.8563,1.12032
38.8578,1.12032
38.8593,1.12032
38.8608,1.12032
38.8623,1.12032
38.8638,1.12033
38.8653,1.12033
38.8668,1.12033
38.8683,1.12033
38.8698,1.12033
38.8713,1.12034
38.8728,1.12034
38.8743,1.12034
38.8758,1.12034
38.8773,1.12034
38.8788,1.12034
38.8803,1.12034
38.8818,1.12035
38.8833,1.12035
38.8848,1.12035
38.8863,1.12035
38.8878,1.12035
38.8893,1.12035
38.8908,1.12036
38.8923,1.12036
38.8938,1.12036
38.8953,1.12036
38.8968,1.12036
38.8983,1.12037
38.8998,1.12037
38.9013,1.12037
38.9028,1.12037
38.9043,1.12037
38.9058,1.12038
38.9073,1.12038
38.9088,1.12038
38.9103,1.12038
38.9118,1.12038
38.9133,1.12039
38.9148,1.12039
38.9163,1.12039
38.9178,1.12039
38.9193,1.12039
38.9208,1.12039
38.9223,1.1204
38.9238,1.1204
38.9253,1.1204
38.9268,1.1204
38.9283,1.12041
38.9298,1.12041
38.9313,1.12041
38.9328,1.12041
38.9343,1.12041
38.9358,1.12042
38.9373,1.12042
38.9388,1.12042
38.9403,1.12042
38.9418,1.12043
38.9433,1.12043
38.9448,1.12043
38.9463,1.12043
38.9478,1.12043
38.9493,1.12044
38.9508,1.12044
38.9523,1.12044
38.9538,1.12044
38.9553,1.12045
38.9568,1.12045
38.9583,1.12045
38.9598,1.12045
38.9613,1.12046
38.9628,1.12046
38.9643,1.12046
38.9658,1.12046
38.9673,1.12046
38.9688,1.12047
38.9703,1.12047
38.9718,1.12047
38.9733,1.12047
38.9748,1.12048
38.9763,1.12048
38.9778,1.12048
38.9793,1.12048
38.9808,1.12049
38.9823,1.12049
38.9838,1.12049
38.9853,1.12049
38.9868,1.1205
38.9883,1.1205
38.9898,1.1205
38.9913,1.1205
38.9928,1.12051
38.9943,1.12051
38.9958,1.12051
38.9973,1.12051
38.9988,1.12052
39.0003,1.12052
39.0018,1.12052
39.0033,1.12052
39.0048,1.12053
39.0063,1.12053
39.0078,1.12053
39.0093,1.12053
39.0108,1.12054
39.0123,1.12054
39.0138,1.12054
39.0153,1.12054
39.0168,1.12055
39.0183,1.12055
39.0198,1.12055
39.0213,1.12055
39.0228,1.12056
39.0243,1.12056
39.0257,1.12056
39.0272,1.12056
39.0287,1.12057
39.0302,1.12057
39.0317,1.12057
39.0332,1.12057
39.0347,1.12058
39.0362,1.12058
39.0377,1.12058
39.0392,1.12058
39.0407,1.12059
39.0422,1.12059
39.0437,1.12059
39.0452,1.12059
39.0467,1.12059
39.0482,1.1206
39.0497,1.1206
39.0512,1.1206
39.0527,1.1206
39.0542,1.12061
39.0557,1.12061
39.0572,1.12061
39.0587,1.12061
39.0602,1.12062
39.0617,1.12062
39.0632,1.12062
39.0647,1.12062
39.0662,1.12062
39.0677,1.12063
39.0692,1.12063
39.0707,1.12063
39.0722,1.12063
39.0737,1.12064
39.0752,1.12064
39.0767,1.12064
39.0782,1.12064
39.0797,1.12065
39.0812,1.12065
39.0827,1.12065
39.0842,1.12065
39.0857,1.12065
39.0872,1.12066
39.0887,1.12066
39.0902,1.12066
39.0917,1.12066
39.0932,1.12066
39.0947,1.12066
39.0962,1.12067
39.0977,1.12067
39.0992,1.12067
39.1007,1.12067
39.1022,1.12068
39.1037,1.12068
39.1052,1.12068
39.1067,1.12068
39.1082,1.12068
39.1097,1.12068
39.1112,1.12069
39.1127,1.12069
39.1142,1.12069
39.1157,1.12069
39.1172,1.12069
39.1187,1.12069
39.1202,1.1207
39.1217,1.1207
39.1232,1.1207
39.1247,1.1207
39.1262,1.1207
39.1277,1.12071
39.1292,1.12071
39.1307,1.12071
39.1322,1.12071
39.1337,1.12071
39.1352,1.12071
39.1367,1.12071
39.1382,1.12072
39.1397,1.12072
39.1412,1.12072
39.1427,1.12072
39.1442,1.12072
39.1457,1.12072
39.1472,1.12072
39.1487,1.12072
39.1502,1.12072
39.1517,1.12073
39.1532,1.12073
39.1547,1.12073
39.1562,1.12073
39.1577,1.12073
39.1592,1.12073
39.1607,1.12073
39.1622,1.12073
39.1637,1.12073
39.1652,1.12073
39.1667,1.12074
39.1682,1.12074
39.1697,1.12074
39.1712,1.12074
39.1727,1.12074
39.1742,1.12074
39.1757,1.12074
39.1772,1.12074
39.1787,1.12074
39.1802,1.12075
39.1817,1.12075
39.1832,1.12075
39.1847,1.12075
39.1862,1.12075
39.1877,1.12075
39.1892,1.12075
39.1907,1.12075
39.1922,1.12075
39.1937,1.12075
39.1952,1.12075
39.1967,1.12075
39.1982,1.12075
39.1997,1.12075
39.2012,1.12075
39.2027,1.12075
39.2042,1.12075
39.2057,1.12075
39.2071,1.12075
39.2086,1.12075
39.2101,1.12075
39.2116,1.12075
39.2131,1.12075
39.2146,1.12075
39.2161,1.12075
39.2176,1.12075
39.2191,1.12075
39.2206,1.12075
39.2221,1.12075
39.2236,1.12075
39.2251,1.12075
39.2266,1.12075
39.2281,1.12075
39.2296,1.12075
39.2311,1.12075
39.2326,1.12075
39.2341,1.12075
39.2356,1.12075
39.2371,1.12075
39.2386,1.12075
39.2401,1.12075
39.2416,1.12075
39.2431,1.12075
39.2446,1.12075
39.2461,1.12075
39.2476,1.12075
39.2491,1.12075
39.2506,1.12075
39.2521,1.12074
39.2536,1.12074
39.2551,1.12074
39.2566,1.12074
39.2581,1.12074
39.2596,1.12074
39.2611,1.12074
39.2626,1.12074
39.2641,1.12074
39.2656,1.12074
39.2671,1.12074
39.2686,1.12073
39.2701,1.12073
39.2716,1.12073
39.2731,1.12073
39.2746,1.12073
39.2761,1.12073
39.2776,1.12073
39.2791,1.12073
39.2806,1.12072
39.2821,1.12072
39.2836,1.12072
39.2851,1.12072
39.2866,1.12072
39.2881,1.12072
39.2896,1.12071
39.2911,1.12071
39.2926,1.12071
39.2941,1.12071
39.2956,1.12071
39.2971,1.12071
39.2986,1.12071
39.3001,1.12071
39.3016,1.1207
39.3031,1.1207
39.3046,1.1207
39.3061,1.1207
39.3076,1.1207
39.3091,1.1207
39.3106,1.12069
39.3121,1.12069
39.3136,1.12069
39.3151,1.12069
39.3166,1.12069
39.3181,1.12069
39.3196,1.12068
39.3211,1.12068
39.3226,1.12068
39.3241,1.12068
39.3256,1.12068
39.3271,1.12068
39.3286,1.12067
39.3301,1.12067
39.3316,1.12067
39.3331,1.12067
39.3346,1.12067
39.3361,1.12066
39.3376,1.12066
39.3391,1.12066
39.3406,1.12066
39.3421,1.12066
39.3436,1.12066
39.3451,1.12065
39.3466,1.12065
39.3481,1.12065
39.3496,1.12065
39.3511,1.12065
39.3526,1.12064
39.3541,1.12064
39.3556,1.12064
39.3571,1.12064
39.3586,1.12064
39.3601,1.12063
39.3616,1.12063
39.3631,1.12063
39.3646,1.12063
39.3661,1.12063
39.3676,1.12063
39.3691,1.12062
39.3706,1.12062
39.3721,1.12062
39.3736,1.12062
39.3751,1.12061
39.3766,1.12061
39.3781,1.12061
39.3796,1.12061
39.3811,1.1206
39.3826,1.1206
39.3841,1.1206
39.3856,1.1206
39.3871,1.1206
39.3885,1.12059
39.39,1.12059
39.3915,1.12059
39.393,1.12059
39.3945,1.12059
39.396,1.12058
39.3975,1.12058
39.399,1.12058
39.4005,1.12058
39.402,1.12057
39.4035,1.12057
39.405,1.12057
39.4065,1.12057
39.408,1.12057
39.4095,1.12056
39.411,1.12056
39.4125,1.12056
39.414,1.12056
39.4155,1.12055
39.417,1.12055
39.4185,1.12055
39.42,1.12055
39.4215,1.12055
39.423,1.12054
39.4245,1.12054
39.426,1.12054
39.4275,1.12054
39.429,1.12053
39.4305,1.12053
39.432,1.12053
39.4335,1.12053
39.435,1.12052
39.4365,1.12052
39.438,1.12052
39.4395,1.12052
39.441,1.12052
39.4425,1.12051
39.444,1.12051
39.4455,1.12051
39.447,1.12051
39.4485,1.1205
39.45,1.1205
39.4515,1.1205
39.453,1.1205
39.4545,1.1205
39.456,1.1205
39.4575,1.12049
39.459,1.12049
39.4605,1.12049
39.462,1.12049
39.4635,1.12048
39.465,1.12048
39.4665,1.12048
39.468,1.12048
39.4695,1.12048
39.471,1.12047
39.4725,1.12047
39.474,1.12047
39.4755,1.12047
39.477,1.12047
39.4785,1.12046
39.48,1.12046
39.4815,1.12046
39.483,1.12046
39.4845,1.12045
39.486,1.12045
39.4875,1.12045
39.489,1.12045
39.4905,1.12045
39.492,1.12044
39.4935,1.12044
39.495,1.12044
39.4965,1.12044
39.498,1.12044
39.4995,1.12043
39.501,1.12043
39.5025,1.12043
39.504,1.12043
39.5055,1.12043
39.507,1.12042
39.5085,1.12042
39.51,1.12042
39.5115,1.12042
39.513,1.12042
39.5145,1.12042
39.516,1.12041
39.5175,1.12041
39.519,1.12041
39.5205,1.12041
39.522,1.12041
39.5235,1.1204
39.525,1.1204
39.5265,1.1204
39.528,1.1204
39.5295,1.1204
39.531,1.1204
39.5325,1.12039
39.534,1.12039
39.5355,1.12039
39.537,1.12039
39.5385,1.12039
39.54,1.12039
39.5415,1.12038
39.543,1.12038
39.5445,1.12038
39.546,1.12038
39.5475,1.12038
39.549,1.12038
39.5505,1.12037
39.552,1.12037
39.5535,1.12037
39.555,1.12037
39.5565,1.12037
39.558,1.12037
39.5595,1.12037
39.561,1.12036
39.5625,1.12036
39.564,1.12036
39.5655,1.12036
39.567,1.12036
39.5685,1.12036
39.57,1.12036
39.5714,1.12036
39.5729,1.12035
39.5744,1.12035
39.5759,1.12035
39.5774,1.12035
39.5789,1.12035
39.5804,1.12035
39.5819,1.12035
39.5834,1.12034
39.5849,1.12034
39.5864,1.12034
39.5879,1.12034
39.5894,1.12034
39.5909,1.12034
39.5924,1.12034
39.5939,1.12034
39.5954,1.12034
39.5969,1.12034
39.5984,1.12033
39.5999,1.12033
39.6014,1.12033
39.6029,1.12033
39.6044,1.12033
39.6059,1.12033
39.6074,1.12033
39.6089,1.12033
39.6104,1.12033
39.6119,1.12033
39.6134,1.12032
39.6149,1.12032
39.6164,1.12032
39.6179,1.12032
39.6194,1.12032
39.6209,1.12032
39.6224,1.12032
39.6239,1.12032
39.6254,1.12032
39.6269,1.12032
39.6284,1.12032
39.6299,1.12031
39.6314,1.12031
39.6329,1.12031
39.6344,1.12031
39.6359,1.12031
39.6374,1.12031
39.6389,1.12031
39.6404,1.12031
39.6419,1.12031
39.6434,1.12031
39.6449,1.12031
39.6464,1.12031
39.6479,1.1203
39.6494,1.12031
39.6509,1.1203
39.6524,1.12031
39.6539,1.1203
39.6554,1.1203
39.6569,1.1203
39.6584,1.1203
39.6599,1.1203
39.6614,1.1203
39.6629,1.1203
39.6644,1.1203
39.6659,1.1203
39.6674,1.1203
39.6689,1.12029
39.6704,1.12029
39.6719,1.12029
39.6734,1.12029
39.6749,1.12029
39.6764,1.12029
39.6779,1.12029
39.6794,1.12029
39.6809,1.12029
39.6824,1.12029
39.6839,1.12029
39.6854,1.12029
39.6869,1.12029
39.6884,1.12029
39.6899,1.12028
39.6914,1.12028
39.6929,1.12028
39.6944,1.12028
39.6959,1.12028
39.6974,1.12028
39.6989,1.12028
39.7004,1.12028
39.7019,1.12028
39.7034,1.12028
39.7049,1.12028
39.7064,1.12028
39.7079,1.12028
39.7094,1.12028
39.7109,1.12028
39.7124,1.12027
39.7139,1.12027
39.7154,1.12027
39.7169,1.12027
39.7184,1.12027
39.7199,1.12027
39.7214,1.12027
39.7229,1.12027
39.7244,1.12027
39.7259,1.12027
39.7274,1.12026
39.7289,1.12027
39.7304,1.12026
39.7319,1.12026
39.7334,1.12026
39.7349,1.12026
39.7364,1.12026
39.7379,1.12026
39.7394,1.12026
39.7409,1.12026
39.7424,1.12026
39.7439,1.12026
39.7454,1.12026
39.7469,1.12025
39.7484,1.12025
39.7499,1.12025
39.7514,1.12025
39.7528,1.12025
39.7543,1.12025
39.7558,1.12025
39.7573,1.12025
39.7588,1.12025
39.7603,1.12025
39.7618,1.12024
39.7633,1.12024
39.7648,1.12024
39.7663,1.12024
39.7678,1.12024
39.7693,1.12024
39.7708,1.12024
39.7723,1.12024
39.7738,1.12024
39.7753,1.12024
39.7768,1.12023
39.7783,1.12023
39.7798,1.12023
39.7813,1.12023
39.7828,1.12023
39.7843,1.12023
39.7858,1.12023
39.7873,1.12023
39.7888,1.12022
39.7903,1.12022
39.7918,1.12022
39.7933,1.12022
39.7948,1.12022
39.7963,1.12022
39.7978,1.12022
39.7993,1.12022
39.8008,1.12022
39.8023,1.12021
39.8038,1.12021
39.8053,1.12021
39.8068,1.12021
39.8083,1.12021
39.8098,1.12021
39.8113,1.12021
39.8128,1.12021
39.8143,1.1202
39.8158,1.1202
39.8173,1.1202
39.8188,1.1202
39.8203,1.1202
39.8218,1.1202
39.8233,1.1202
39.8248,1.12019
39.8263,1.12019
39.8278,1.12019
39.8293,1.12019
39.8308,1.12019
39.8323,1.12019
39.8338,1.12019
39.8353,1.12019
39.8368,1.12018
39.8383,1.12018
39.8398,1.12018
39.8413,1.12018
39.8428,1.12018
39.8443,1.12018
39.8458,1.12017
39.8473,1.12017
39.8488,1.12017
39.8503,1.12017
39.8518,1.12017
39.8533,1.12017
39.8548,1.12016
39.8563,1.12016
39.8578,1.12016
39.8593,1.12016
39.8608,1.12016
39.8623,1.12016
39.8638,1.12016
39.8653,1.12016
39.8668,1.12015
39.8683,1.12015
39.8698,1.12015
39.8713,1.12015
39.8728,1.12015
39.8743,1.12015
39.8758,1.12014
39.8773,1.12014
39.8788,1.12014
39.8803,1.12014
39.8818,1.12014
39.8833,1.12014
39.8848,1.12014
39.8863,1.12013
39.8878,1.12013
39.8893,1.12013
39.8908,1.12013
39.8923,1.12013
39.8938,1.12012
39.8953,1.12012
39.8968,1.12012
39.8983,1.12012
39.8998,1.12012
39.9013,1.12012
39.9028,1.12012
39.9043,1.12011
39.9058,1.12011
39.9073,1.12011
39.9088,1.12011
39.9103,1.12011
39.9118,1.12011
39.9133,1.1201
39.9148,1.1201
39.9163,1.1201
39.9178,1.1201
39.9193,1.1201
39.9208,1.1201
39.9223,1.12009
39.9238,1.12009
39.9253,1.12009
39.9268,1.12009
39.9283,1.12009
39.9298,1.12009
39.9313,1.12009
39.9328,1.12008
39.9342,1.12008
39.9357,1.12008
39.9372,1.12008
39.9387,1.12008
39.9402,1.12008
39.9417,1.12007
39.9432,1.12007
39.9447,1.12007
39.9462,1.12007
39.9477,1.12007
39.9492,1.12007
39.9507,1.12006
39.9522,1.12006
39.9537,1.12006
39.9552,1.12006
39.9567,1.12006
39.9582,1.12006
39.9597,1.12006
39.9612,1.12005
39.9627,1.12005
39.9642,1.12005
39.9657,1.12005
39.9672,1.12005
39.9687,1.12004
39.9702,1.12004
39.9717,1.12004
39.9732,1.12004
39.9747,1.12004
39.9762,1.12004
39.9777,1.12003
39.9792,1.12003
39.9807,1.12003
39.9822,1.12003
39.9837,1.12003
39.9852,1.12003
39.9867,1.12003
39.9882,1.12003
39.9897,1.12002
39.9912,1.12002
39.9927,1.12002
39.9942,1.12002
39.9957,1.12002
39.9972,1.12002
39.9987,1.12002
40.0002,1.12002
40.0017,1.12001
40.0032,1.12001
40.0047,1.12001
40.0062,1.12001
40.0077,1.12001
40.0092,1.12001
40.0107,1.12
40.0122,1.12
40.0137,1.12
40.0152,1.12
40.0167,1.12
40.0182,1.12
40.0197,1.12
40.0212,1.12
40.0227,1.12
40.0242,1.11999
40.0257,1.11999
40.0272,1.11999
40.0287,1.11999
40.0302,1.11999
40.0317,1.11999
40.0332,1.11999
40.0347,1.11999
40.0362,1.11998
40.0377,1.11998
40.0392,1.11998
40.0407,1.11998
40.0422,1.11998
40.0437,1.11998
40.0452,1.11998
40.0467,1.11998
40.0482,1.11998
40.0497,1.11998
40.0512,1.11997
40.0527,1.11997
40.0542,1.11997
40.0557,1.11997
40.0572,1.11997
40.0587,1.11997
40.0602,1.11997
40.0617,1.11997
40.0632,1.11997
40.0647,1.11997
40.0662,1.11997
40.0677,1.11997
40.0692,1.11996
40.0707,1.11996
40.0722,1.11996
40.0737,1.11996
40.0752,1.11996
40.0767,1.11996
40.0782,1.11996
40.0797,1.11996
40.0812,1.11996
40.0827,1.11996
40.0842,1.11996
40.0857,1.11996
40.0872,1.11996
40.0887,1.11996
40.0902,1.11996
40.0917,1.11996
40.0932,1.11996
40.0947,1.11996
40.0962,1.11996
40.0977,1.11996
40.0992,1.11996
40.1007,1.11996
40.1022,1.11996
40.1037,1.11996
40.1052,1.11995
40.1067,1.11995
40.1082,1.11995
40.1097,1.11995
40.1112,1.11996
40.1127,1.11995
40.1142,1.11995
40.1157,1.11995
40.1171,1.11995
40.1186,1.11996
40.1201,1.11995
40.1216,1.11996
40.1231,1.11995
40.1246,1.11996
40.1261,1.11996
40.1276,1.11996
40.1291,1.11996
40.1306,1.11996
40.1321,1.11996
40.1336,1.11996
40.1351,1.11996
40.1366,1.11996
40.1381,1.11996
40.1396,1.11996
40.1411,1.11996
40.1426,1.11996
40.1441,1.11996
40.1456,1.11996
40.1471,1.11996
40.1486,1.11996
40.1501,1.11996
40.1516,1.11996
40.1531,1.11997
40.1546,1.11997
40.1561,1.11997
40.1576,1.11997
40.1591,1.11997
40.1606,1.11997
40.1621,1.11997
40.1636,1.11997
40.1651,1.11997
40.1666,1.11997
40.1681,1.11997
40.1696,1.11997
40.1711,1.11998
40.1726,1.11998
40.1741,1.11998
40.1756,1.11998
40.1771,1.11998
40.1786,1.11998
40.1801,1.11998
40.1816,1.11998
40.1831,1.11998
40.1846,1.11999
40.1861,1.11999
40.1876,1.11999
40.1891,1.11999
40.1906,1.11999
40.1921,1.11999
40.1936,1.11999
40.1951,1.11999
40.1966,1.12
40.1981,1.12
40.1996,1.12
40.2011,1.12
40.2026,1.12
40.2041,1.12001
40.2056,1.12001
40.2071,1.12001
40.2086,1.12001
40.2101,1.12001
40.2116,1.12001
40.2131,1.12002
40.2146,1.12002
40.2161,1.12002
40.2176,1.12002
40.2191,1.12002
40.2206,1.12002
40.2221,1.12003
40.2236,1.12003
40.2251,1.12003
40.2266,1.12003
40.2281,1.12003
40.2296,1.12004
40.2311,1.12004
40.2326,1.12004
40.2341,1.12004
40.2356,1.12004
40.2371,1.12005
40.2386,1.12005
40.2401,1.12005
40.2416,1.12005
40.2431,1.12006
40.2446,1.12006
40.2461,1.12006
40.2476,1.12006
40.2491,1.12006
40.2506,1.12007
40.2521,1.12007
40.2536,1.12007
40.2551,1.12007
40.2566,1.12008
40.2581,1.12008
40.2596,1.12008
40.2611,1.12008
40.2626,1.12009
40.2641,1.12009
40.2656,1.12009
40.2671,1.12009
40.2686,1.1201
40.2701,1.1201
40.2716,1.1201
40.2731,1.1201
40.2746,1.12011
40.2761,1.12011
40.2776,1.12011
40.2791,1.12012
40.2806,1.12012
40.2821,1.12012
40.2836,1.12012
40.2851,1.12013
40.2866,1.12013
40.2881,1.12013
40.2896,1.12013
40.2911,1.12014
40.2926,1.12014
40.2941,1.12014
40.2956,1.12015
40.2971,1.12015
40.2985,1.12015
40.3,1.12015
40.3015,1.12016
40.303,1.12016
40.3045,1.12016
40.306,1.12017
40.3075,1.12017
40.309,1.12017
40.3105,1.12018
40.312,1.12018
40.3135,1.12018
40.315,1.12018
40.3165,1.12019
40.318,1.12019
40.3195,1.12019
40.321,1.1202
40.3225,1.1202
40.324,1.1202
40.3255,1.12021
40.327,1.12021
40.3285,1.12021
40.33,1.12022
40.3315,1.12022
40.333,1.12022
40.3345,1.12023
40.336,1.12023
40.3375,1.12023
40.339,1.12024
40.3405,1.12024
40.342,1.12024
40.3435,1.12025
40.345,1.12025
40.3465,1.12025
40.348,1.12026
40.3495,1.12026
40.351,1.12026
40.3525,1.12027
40.354,1.12027
40.3555,1.12027
40.357,1.12028
40.3585,1.12028
40.36,1.12028
40.3615,1.12029
40.363,1.12029
40.3645,1.12029
40.366,1.1203
40.3675,1.1203
40.369,1.1203
40.3705,1.12031
40.372,1.12031
40.3735,1.12031
40.375,1.12032
40.3765,1.12032
40.378,1.12032
40.3795,1.12033
40.381,1.12033
40.3825,1.12033
40.384,1.12034
40.3855,1.12034
40.387,1.12034
40.3885,1.12035
40.39,1.12035
40.3915,1.12036
40.393,1.12036
40.3945,1.12036
40.396,1.12036
40.3975,1.12037
40.399,1.12037
40.4005,1.12038
40.402,1.12038
40.4035,1.12038
40.405,1.12038
40.4065,1.12039
40.408,1.12039
40.4095,1.1204
40.411,1.1204
40.4125,1.1204
40.414,1.1204
40.4155,1.12041
40.417,1.12041
40.4185,1.12041
40.42,1.12042
40.4215,1.12042
40.423,1.12042
40.4245,1.12043
40.426,1.12043
40.4275,1.12043
40.429,1.12043
40.4305,1.12044
40.432,1.12044
40.4335,1.12045
40.435,1.12045
40.4365,1.12045
40.438,1.12045
40.4395,1.12046
40.441,1.12046
40.4425,1.12046
40.444,1.12047
40.4455,1.12047
40.447,1.12047
40.4485,1.12047
40.45,1.12048
40.4515,1.12048
40.453,1.12048
40.4545,1.12049
40.456,1.12049
40.4575,1.12049
40.459,1.12049
40.4605,1.1205
40.462,1.1205
40.4635,1.1205
40.465,1.1205
40.4665,1.12051
40.468,1.12051
40.4695,1.12051
40.471,1.12052
40.4725,1.12052
40.474,1.12052
40.4755,1.12052
40.477,1.12053
40.4785,1.12053
40.4799,1.12053
40.4814,1.12053
40.4829,1.12054
40.4844,1.12054
40.4859,1.12054
40.4874,1.12054
40.4889,1.12055
40.4904,1.12055
40.4919,1.12055
40.4934,1.12055
40.4949,1.12056
40.4964,1.12056
40.4979,1.12056
40.4994,1.12056
40.5009,1.12056
40.5024,1.12057
40.5039,1.12057
40.5054,1.12057
40.5069,1.12057
40.5084,1.12058
40.5099,1.12058
40.5114,1.12058
40.5129,1.12058
40.5144,1.12059
40.5159,1.12059
40.5174,1.12059
40.5189,1.12059
40.5204,1.12059
40.5219,1.1206
40.5234,1.1206
40.5249,1.1206
40.5264,1.1206
40.5279,1.12061
40.5294,1.12061
40.5309,1.12061
40.5324,1.12061
40.5339,1.12061
40.5354,1.12062
40.5369,1.12062
40.5384,1.12062
40.5399,1.12062
40.5414,1.12062
40.5429,1.12063
40.5444,1.12063
40.5459,1.12063
40.5474,1.12063
40.5489,1.12064
40.5504,1.12064
40.5519,1.12064
40.5534,1.12064
40.5549,1.12064
40.5564,1.12065
40.5579,1.12065
40.5594,1.12065
40.5609,1.12065
40.5624,1.12065
40.5639,1.12066
40.5654,1.12066
40.5669,1.12066
40.5684,1.12066
40.5699,1.12066
40.5714,1.12067
40.5729,1.12067
40.5744,1.12067
40.5759,1.12067
40.5774,1.12067
40.5789,1.12068
40.5804,1.12068
40.5819,1.12068
40.5834,1.12068
40.5849,1.12068
40.5864,1.12068
40.5879,1.12069
40.5894,1.12069
40.5909,1.12069
40.5924,1.12069
40.5939,1.12069
40.5954,1.1207
40.5969,1.1207
40.5984,1.1207
40.5999,1.1207
40.6014,1.1207
40.6029,1.12071
40.6044,1.12071
40.6059,1.12071
40.6074,1.12071
40.6089,1.12071
40.6104,1.12072
40.6119,1.12072
40.6134,1.12072
40.6149,1.12072
40.6164,1.12072
40.6179,1.12072
40.6194,1.12073
40.6209,1.12073
40.6224,1.12073
40.6239,1.12073
40.6254,1.12073
40.6269,1.12073
40.6284,1.12074
40.6299,1.12074
40.6314,1.12074
40.6329,1.12074
40.6344,1.12074
40.6359,1.12075
40.6374,1.12075
40.6389,1.12075
40.6404,1.12075
40.6419,1.12075
40.6434,1.12075
40.6449,1.12076
40.6464,1.12076
40.6479,1.12076
40.6494,1.12076
40.6509,1.12076
40.6524,1.12077
40.6539,1.12077
40.6554,1.12077
40.6569,1.12077
40.6584,1.12077
40.6599,1.12077
40.6614,1.12078
40.6628,1.12078
40.6643,1.12078
40.6658,1.12078
40.6673,1.12078
40.6688,1.12079
40.6703,1.12079
40.6718,1.12079
40.6733,1.12079
40.6748,1.12079
40.6763,1.12079
40.6778,1.1208
40.6793,1.1208
40.6808,1.1208
40.6823,1.1208
40.6838,1.1208
40.6853,1.1208
40.6868,1.12081
40.6883,1.12081
40.6898,1.12081
40.6913,1.12081
40.6928,1.12081
40.6943,1.12082
40.6958,1.12082
40.6973,1.12082
40.6988,1.12082
40.7003,1.12082
40.7018,1.12083
40.7033,1.12083
40.7048,1.12083
40.7063,1.12083
40.7078,1.12083
40.7093,1.12083
40.7108,1.12084
40.7123,1.12084
40.7138,1.12084
40.7153,1.12084
40.7168,1.12084
40.7183,1.12085
40.7198,1.12085
40.7213,1.12085
40.7228,1.12085
40.7243,1.12085
40.7258,1.12086
40.7273,1.12086
40.7288,1.12086
40.7303,1.12086
40.7318,1.12087
40.7333,1.12087
40.7348,1.12087
40.7363,1.12087
40.7378,1.12087
40.7393,1.12087
40.7408,1.12088
40.7423,1.12088
40.7438,1.12088
40.7453,1.12088
40.7468,1.12089
40.7483,1.12089
40.7498,1.12089
40.7513,1.12089
40.7528,1.1209
40.7543,1.1209
40.7558,1.1209
40.7573,1.1209
40.7588,1.1209
40.7603,1.12091
40.7618,1.12091
40.7633,1.12091
40.7648,1.12091
40.7663,1.12091
40.7678,1.12092
40.7693,1.12092
40.7708,1.12092
40.7723,1.12092
40.7738,1.12093
40.7753,1.12093
40.7768,1.12093
40.7783,1.12093
40.7798,1.12093
40.7813,1.12094
40.7828,1.12094
40.7843,1.12094
40.7858,1.12095
40.7873,1.12095
40.7888,1.12095
40.7903,1.12095
40.7918,1.12095
40.7933,1.12096
40.7948,1.12096
40.7963,1.12096
40.7978,1.12096
40.7993,1.12097
40.8008,1.12097
40.8023,1.12097
40.8038,1.12097
40.8053,1.12098
40.8068,1.12098
40.8083,1.12098
40.8098,1.12098
40.8113,1.12099
40.8128,1.12099
40.8143,1.12099
40.8158,1.12099
40.8173,1.121
40.8188,1.121
40.8203,1.121
40.8218,1.121
40.8233,1.12101
40.8248,1.12101
40.8263,1.12101
40.8278,1.12101
40.8293,1.12102
40.8308,1.12102
40.8323,1.12102
40.8338,1.12102
40.8353,1.12103
40.8368,1.12103
40.8383,1.12103
40.8398,1.12103
40.8413,1.12104
40.8428,1.12104
40.8442,1.12104
40.8457,1.12104
40.8472,1.12105
40.8487,1.12105
40.8502,1.12105
40.8517,1.12106
40.8532,1.12106
40.8547,1.12106
40.8562,1.12106
40.8577,1.12106
40.8592,1.12107
40.8607,1.12107
40.8622,1.12107
40.8637,1.12108
40.8652,1.12108
40.8667,1.12108
40.8682,1.12108
40.8697,1.12109
40.8712,1.12109
40.8727,1.12109
40.8742,1.12109
40.8757,1.1211
40.8772,1.1211
40.8787,1.1211
40.8802,1.1211
40.8817,1.12111
40.8832,1.12111
40.8847,1.12111
40.8862,1.12112
40.8877,1.12112
40.8892,1.12112
40.8907,1.12112
40.8922,1.12113
40.8937,1.12113
40.8952,1.12113
40.8967,1.12113
40.8982,1.12114
40.8997,1.12114
40.9012,1.12114
40.9027,1.12114
40.9042,1.12115
40.9057,1.12115
40.9072,1.12115
40.9087,1.12115
40.9102,1.12116
40.9117,1.12116
40.9132,1.12116
40.9147,1.12116
40.9162,1.12117
40.9177,1.12117
40.9192,1.12117
40.9207,1.12118
40.9222,1.12118
40.9237,1.12118
40.9252,1.12118
40.9267,1.12119
40.9282,1.12119
40.9297,1.12119
40.9312,1.12119
40.9327,1.1212
40.9342,1.1212
40.9357,1.1212
40.9372,1.1212
40.9387,1.12121
40.9402,1.12121
40.9417,1.12121
40.9432,1.12121
40.9447,1.12121
40.9462,1.12122
40.9477,1.12122
40.9492,1.12122
40.9507,1.12122
40.9522,1.12123
40.9537,1.12123
40.9552,1.12123
40.9567,1.12124
40.9582,1.12124
40.9597,1.12124
40.9612,1.12124
40.9627,1.12124
40.9642,1.12125
40.9657,1.12125
40.9672,1.12125
40.9687,1.12125
40.9702,1.12126
40.9717,1.12126
40.9732,1.12126
40.9747,1.12126
40.9762,1.12127
40.9777,1.12127
40.9792,1.12127
40.9807,1.12127
40.9822,1.12127
40.9837,1.12128
40.9852,1.12128
40.9867,1.12128
40.9882,1.12128
40.9897,1.12128
40.9912,1.12129
40.9927,1.12129
40.9942,1.12129
40.9957,1.12129
40.9972,1.12129
40.9987,1.1213
41.0002,1.1213
41.0017,1.1213
41.0032,1.1213
41.0047,1.1213
41.0062,1.12131
41.0077,1.12131
41.0092,1.12131
41.0107,1.12131
41.0122,1.12131
41.0137,1.12132
41.0152,1.12132
41.0167,1.12132
41.0182,1.12132
41.0197,1.12132
41.0212,1.12133
41.0227,1.12133
41.0242,1.12133
41.0257,1.12133
41.0271,1.12133
41.0286,1.12133
41.0301,1.12134
41.0316,1.12134
41.0331,1.12134
41.0346,1.12134
41.0361,1.12134
41.0376,1.12134
41.0391,1.12135
41.0406,1.12135
41.0421,1.12135
41.0436,1.12135
41.0451,1.12135
41.0466,1.12135
41.0481,1.12135
41.0496,1.12135
41.0511,1.12135
41.0526,1.12136
41.0541,1.12136
41.0556,1.12136
41.0571,1.12136
41.0586,1.12136
41.0601,1.12136
41.0616,1.12136
41.0631,1.12137
41.0646,1.12137
41.0661,1.12137
41.0676,1.12137
41.0691,1.12137
41.0706,1.12137
41.0721,1.12137
41.0736,1.12137
41.0751,1.12137
41.0766,1.12138
41.0781,1.12138
41.0796,1.12138
41.0811,1.12138
41.0826,1.12138
41.0841,1.12138
41.0856,1.12138
41.0871,1.12138
41.0886,1.12138
41.0901,1.12138
41.0916,1.12138
41.0931,1.12138
41.0946,1.12138
41.0961,1.12138
41.0976,1.12139
41.0991,1.12139
41.1006,1.12139
41.1021,1.12139
41.1036,1.12139
41.1051,1.12139
41.1066,1.12139
41.1081,1.12139
41.1096,1.12139
41.1111,1.12139
41.1126,1.12139
41.1141,1.12139
41.1156,1.12139
41.1171,1.12139
41.1186,1.12139
41.1201,1.12139
41.1216,1.12139
41.1231,1.12139
41.1246,1.12139
41.1261,1.12139
41.1276,1.12139
41.1291,1.12139
41.1306,1.12139
41.1321,1.12139
41.1336,1.12139
41.1351,1.12139
41.1366,1.12139
41.1381,1.12139
41.1396,1.12139
41.1411,1.12139
41.1426,1.12139
41.1441,1.12139
41.1456,1.12139
41.1471,1.12139
41.1486,1.12139
41.1501,1.12139
41.1516,1.12139
41.1531,1.12139
41.1546,1.12139
41.1561,1.12139
41.1576,1.12139
41.1591,1.12139
41.1606,1.12139
41.1621,1.12139
41.1636,1.12139
41.1651,1.12139
41.1666,1.12139
41.1681,1.12139
41.1696,1.12139
41.1711,1.12139
41.1726,1.12138
41.1741,1.12138
41.1756,1.12138
41.1771,1.12138
41.1786,1.12138
41.1801,1.12138
41.1816,1.12138
41.1831,1.12138
41.1846,1.12138
41.1861,1.12138
41.1876,1.12138
41.1891,1.12138
41.1906,1.12137
41.1921,1.12137
41.1936,1.12137
41.1951,1.12137
41.1966,1.12137
41.1981,1.12137
41.1996,1.12137
41.2011,1.12137
41.2026,1.12137
41.2041,1.12137
41.2056,1.12136
41.2071,1.12136
41.2085,1.12136
41.21,1.12136
41.2115,1.12136
41.213,1.12136
41.2145,1.12136
41.216,1.12136
41.2175,1.12135
41.219,1.12135
41.2205,1.12135
41.222,1.12135
41.2235,1.12135
41.225,1.12135
41.2265,1.12135
41.228,1.12134
41.2295,1.12134
41.231,1.12134
41.2325,1.12134
41.234,1.12134
41.2355,1.12134
41.237,1.12134
41.2385,1.12133
41.24,1.12133
41.2415,1.12133
41.243,1.12133
41.2445,1.12133
41.246,1.12133
41.2475,1.12133
41.249,1.12132
41.2505,1.12132
41.252,1.12132
41.2535,1.12132
41.255,1.12132
41.2565,1.12132
41.258,1.12131
41.2595,1.12131
41.261,1.12131
41.2625,1.12131
41.264,1.12131
41.2655,1.1213
41.267,1.1213
41.2685,1.1213
41.27,1.1213
41.2715,1.1213
41.273,1.1213
41.2745,1.12129
41.276,1.12129
41.2775,1.12129
41.279,1.12129
41.2805,1.12129
41.282,1.12128
41.2835,1.12128
41.285,1.12128
41.2865,1.12128
41.288,1.12128
41.2895,1.12127
41.291,1.12127
41.2925,1.12127
41.294,1.12127
41.2955,1.12127
41.297,1.12126
41.2985,1.12126
41.3,1.12126
41.3015,1.12126
41.303,1.12126
41.3045,1.12125
41.306,1.12125
41.3075,1.12125
41.309,1.12125
41.3105,1.12125
41.312,1.12124
41.3135,1.12124
41.315,1.12124
41.3165,1.12124
41.318,1.12124
41.3195,1.12124
41.321,1.12123
41.3225,1.12123
41.324,1.12123
41.3255,1.12123
41.327,1.12123
41.3285,1.12122
41.33,1.12122
41.3315,1.12122
41.333,1.12122
41.3345,1.12122
41.336,1.12121
41.3375,1.12121
41.339,1.12121
41.3405,1.12121
41.342,1.1212
41.3435,1.1212
41.345,1.1212
41.3465,1.1212
41.348,1.1212
41.3495,1.12119
41.351,1.12119
41.3525,1.12119
41.354,1.12119
41.3555,1.12119
41.357,1.12118
41.3585,1.12118
41.36,1.12118
41.3615,1.12118
41.363,1.12118
41.3645,1.12117
41.366,1.12117
41.3675,1.12117
41.369,1.12117
41.3705,1.12116
41.372,1.12116
41.3735,1.12116
41.375,1.12116
41.3765,1.12115
41.378,1.12115
41.3795,1.12115
41.381,1.12115
41.3825,1.12115
41.384,1.12114
41.3855,1.12114
41.387,1.12114
41.3885,1.12114
41.3899,1.12113
41.3914,1.12113
41.3929,1.12113
41.3944,1.12113
41.3959,1.12112
41.3974,1.12112
41.3989,1.12112
41.4004,1.12112
41.4019,1.12112
41.4034,1.12111
41.4049,1.12111
41.4064,1.12111
41.4079,1.12111
41.4094,1.1211
41.4109,1.1211
41.4124,1.1211
41.4139,1.1211
41.4154,1.12109
41.4169,1.12109
41.4184,1.12109
41.4199,1.12109
41.4214,1.12109
41.4229,1.12108
41.4244,1.12108
41.4259,1.12108
41.4274,1.12108
41.4289,1.12107
41.4304,1.12107
41.4319,1.12107
41.4334,1.12107
41.4349,1.12107
41.4364,1.12106
41.4379,1.12106
41.4394,1.12106
41.4409,1.12106
41.4424,1.12105
41.4439,1.12105
41.4454,1.12105
41.4469,1.12105
41.4484,1.12104
41.4499,1.12104
41.4514,1.12104
41.4529,1.12104
41.4544,1.12103
41.4559,1.12103
41.4574,1.12103
41.4589,1.12103
41.4604,1.12102
41.4619,1.12102
41.4634,1.12102
41.4649,1.12101
41.4664,1.12101
41.4679,1.12101
41.4694,1.12101
41.4709,1.121
41.4724,1.121
41.4739,1.121
41.4754,1.121
41.4769,1.12099
41.4784,1.12099
41.4799,1.12099
41.4814,1.12099
41.4829,1.12098
41.4844,1.12098
41.4859,1.12098
41.4874,1.12098
41.4889,1.12097
41.4904,1.12097
41.4919,1.12097
41.4934,1.12096
41.4949,1.12096
41.4964,1.12096
41.4979,1.12096
41.4994,1.12095
41.5009,1.12095
41.5024,1.12095
41.5039,1.12095
41.5054,1.12094
41.5069,1.12094
41.5084,1.12094
41.5099,1.12093
41.5114,1.12093
41.5129,1.12093
41.5144,1.12093
41.5159,1.12092
41.5174,1.12092
41.5189,1.12092
41.5204,1.12091
41.5219,1.12091
41.5234,1.12091
41.5249,1.12091
41.5264,1.1209
41.5279,1.1209
41.5294,1.1209
41.5309,1.1209
41.5324,1.12089
41.5339,1.12089
41.5354,1.12089
41.5369,1.12088
41.5384,1.12088
41.5399,1.12088
41.5414,1.12088
41.5429,1.12087
41.5444,1.12087
41.5459,1.12087
41.5474,1.12086
41.5489,1.12086
41.5504,1.12086
41.5519,1.12086
41.5534,1.12085
41.5549,1.12085
41.5564,1.12085
41.5579,1.12084
41.5594,1.12084
41.5609,1.12084
41.5624,1.12083
41.5639,1.12083
41.5654,1.12083
41.5669,1.12083
41.5684,1.12082
41.5699,1.12082
41.5714,1.12082
41.5728,1.12081
41.5743,1.12081
41.5758,1.12081
41.5773,1.12081
41.5788,1.12081
41.5803,1.1208
41.5818,1.1208
41.5833,1.1208
41.5848,1.12079
41.5863,1.12079
41.5878,1.12079
41.5893,1.12079
41.5908,1.12078
41.5923,1.12078
41.5938,1.12078
41.5953,1.12077
41.5968,1.12077
41.5983,1.12077
41.5998,1.12077
41.6013,1.12077
41.6028,1.12076
41.6043,1.12076
41.6058,1.12076
41.6073,1.12075
41.6088,1.12075
41.6103,1.12075
41.6118,1.12075
41.6133,1.12075
41.6148,1.12074
41.6163,1.12074
41.6178,1.12074
41.6193,1.12073
41.6208,1.12073
41.6223,1.12073
41.6238,1.12073
41.6253,1.12072
41.6268,1.12072
41.6283,1.12072
41.6298,1.12072
41.6313,1.12071
41.6328,1.12071
41.6343,1.12071
41.6358,1.12071
41.6373,1.1207
41.6388,1.1207
41.6403,1.1207
41.6418,1.1207
41.6433,1.1207
41.6448,1.12069
41.6463,1.12069
41.6478,1.12069
41.6493,1.12069
41.6508,1.12068
41.6523,1.12068
41.6538,1.12068
41.6553,1.12068
41.6568,1.12067
41.6583,1.12067
41.6598,1.12067
41.6613,1.12067
41.6628,1.12066
41.6643,1.12066
41.6658,1.12066
41.6673,1.12066
41.6688,1.12066
41.6703,1.12065
41.6718,1.12065
41.6733,1.12065
41.6748,1.12065
41.6763,1.12065
41.6778,1.12064
41.6793,1.12064
41.6808,1.12064
41.6823,1.12063
41.6838,1.12063
41.6853,1.12063
41.6868,1.12063
41.6883,1.12063
41.6898,1.12063
41.6913,1.12062
41.6928,1.12062
41.6943,1.12062
41.6958,1.12062
41.6973,1.12061
41.6988,1.12061
41.7003,1.12061
41.7018,1.12061
41.7033,1.1206
41.7048,1.1206
41.7063,1.1206
41.7078,1.1206
41.7093,1.1206
41.7108,1.12059
41.7123,1.12059
41.7138,1.12059
41.7153,1.12059
41.7168,1.12058
41.7183,1.12058
41.7198,1.12058
41.7213,1.12058
41.7228,1.12057
41.7243,1.12057
41.7258,1.12057
41.7273,1.12057
41.7288,1.12057
41.7303,1.12057
41.7318,1.12056
41.7333,1.12056
41.7348,1.12056
41.7363,1.12056
41.7378,1.12055
41.7393,1.12055
41.7408,1.12055
41.7423,1.12055
41.7438,1.12054
41.7453,1.12054
41.7468,1.12054
41.7483,1.12054
41.7498,1.12053
41.7513,1.12053
41.7528,1.12053
41.7542,1.12053
41.7557,1.12052
41.7572,1.12052
41.7587,1.12052
41.7602,1.12052
41.7617,1.12051
41.7632,1.12051
41.7647,1.12051
41.7662,1.12051
41.7677,1.1205
41.7692,1.1205
41.7707,1.1205
41.7722,1.1205
41.7737,1.12049
41.7752,1.12049
41.7767,1.12049
41.7782,1.12049
41.7797,1.12048
41.7812,1.12048
41.7827,1.12048
41.7842,1.12047
41.7857,1.12047
41.7872,1.12047
41.7887,1.12047
41.7902,1.12046
41.7917,1.12046
41.7932,1.12046
41.7947,1.12045
41.7962,1.12045
41.7977,1.12045
41.7992,1.12045
41.8007,1.12044
41.8022,1.12044
41.8037,1.12044
41.8052,1.12044
41.8067,1.12043
41.8082,1.12043
41.8097,1.12043
41.8112,1.12042
41.8127,1.12042
41.8142,1.12042
41.8157,1.12042
41.8172,1.12041
41.8187,1.12041
41.8202,1.12041
41.8217,1.1204
41.8232,1.1204
41.8247,1.1204
41.8262,1.12039
41.8277,1.12039
41.8292,1.12039
41.8307,1.12038
41.8322,1.12038
41.8337,1.12038
41.8352,1.12038
41.8367,1.12037
41.8382,1.12037
41.8397,1.12037
41.8412,1.12036
41.8427,1.12036
41.8442,1.12036
41.8457,1.12035
41.8472,1.12035
41.8487,1.12035
41.8502,1.12034
41.8517,1.12034
41.8532,1.12034
41.8547,1.12034
41.8562,1.12033
41.8577,1.12033
41.8592,1.12032
41.8607,1.12032
41.8622,1.12032
41.8637,1.12032
41.8652,1.12031
41.8667,1.12031
41.8682,1.12031
41.8697,1.1203
41.8712,1.1203
41.8727,1.1203
41.8742,1.12029
41.8757,1.12029
41.8772,1.12029
41.8787,1.12028
41.8802,1.12028
41.8817,1.12028
41.8832,1.12027
41.8847,1.12027
41.8862,1.12027
41.8877,1.12026
41.8892,1.12026
41.8907,1.12026
41.8922,1.12025
41.8937,1.12025
41.8952,1.12025
41.8967,1.12024
41.8982,1.12024
41.8997,1.12024
41.9012,1.12023
41.9027,1.12023
41.9042,1.12023
41.9057,1.12023
41.9072,1.12022
41.9087,1.12022
41.9102,1.12022
41.9117,1.12021
41.9132,1.12021
41.9147,1.12021
41.9162,1.1202
41.9177,1.1202
41.9192,1.1202
41.9207,1.12019
41.9222,1.12019
41.9237,1.12019
41.9252,1.12018
41.9267,1.12018
41.9282,1.12018
41.9297,1.12017
41.9312,1.12017
41.9327,1.12017
41.9342,1.12016
41.9356,1.12016
41.9371,1.12016
41.9386,1.12016
41.9401,1.12015
41.9416,1.12015
41.9431,1.12015
41.9446,1.12014
41.9461,1.12014
41.9476,1.12014
41.9491,1.12013
41.9506,1.12013
41.9521,1.12013
41.9536,1.12012
41.9551,1.12012
41.9566,1.12012
41.9581,1.12012
41.9596,1.12011
41.9611,1.12011
41.9626,1.12011
41.9641,1.1201
41.9656,1.1201
41.9671,1.1201
41.9686,1.12009
41.9701,1.12009
41.9716,1.12009
41.9731,1.12009
41.9746,1.12008
41.9761,1.12008
41.9776,1.12008
41.9791,1.12007
41.9806,1.12007
41.9821,1.12007
41.9836,1.12006
41.9851,1.12006
41.9866,1.12006
41.9881,1.12006
41.9896,1.12005
41.9911,1.12005
41.9926,1.12005
41.9941,1.12004
41.9956,1.12004
41.9971,1.12004
41.9986,1.12004
42.0001,1.12003
42.0016,1.12003
42.0031,1.12003
42.0046,1.12003
42.0061,1.12002
42.0076,1.12002
42.0091,1.12002
42.0106,1.12002
42.0121,1.12001
42.0136,1.12001
42.0151,1.12001
42.0166,1.12001
42.0181,1.12
42.0196,1.12
42.0211,1.12
42.0226,1.12
42.0241,1.11999
42.0256,1.11999
42.0271,1.11999
42.0286,1.11999
42.0301,1.11998
42.0316,1.11998
42.0331,1.11998
42.0346,1.11998
42.0361,1.11997
42.0376,1.11997
42.0391,1.11997
42.0406,1.11997
42.0421,1.11997
42.0436,1.11996
42.0451,1.11996
42.0466,1.11996
42.0481,1.11996
42.0496,1.11996
42.0511,1.11995
42.0526,1.11995
42.0541,1.11995
42.0556,1.11995
42.0571,1.11995
42.0586,1.11994
42.0601,1.11994
42.0616,1.11994
42.0631,1.11994
42.0646,1.11994
42.0661,1.11993
42.0676,1.11993
42.0691,1.11993
42.0706,1.11993
42.0721,1.11993
42.0736,1.11993
42.0751,1.11992
42.0766,1.11992
42.0781,1.11992
42.0796,1.11992
42.0811,1.11992
42.0826,1.11992
42.0841,1.11992
42.0856,1.11991
42.0871,1.11991
42.0886,1.11991
42.0901,1.11991
42.0916,1.11991
42.0931,1.11991
42.0946,1.11991
42.0961,1.1199
42.0976,1.1199
42.0991,1.1199
42.1006,1.1199
42.1021,1.1199
42.1036,1.1199
42.1051,1.1199
42.1066,1.1199
42.1081,1.11989
42.1096,1.11989
42.1111,1.11989
42.1126,1.11989
42.1141,1.11989
42.1156,1.11989
42.1171,1.11989
42.1185,1.11989
42.12,1.11989
42.1215,1.11989
42.123,1.11989
42.1245,1.11989
42.126,1.11988
42.1275,1.11988
42.129,1.11988
42.1305,1.11988
42.132,1.11988
42.1335,1.11988
42.135,1.11988
42.1365,1.11988
42.138,1.11988
42.1395,1.11988
42.141,1.11988
42.1425,1.11988
42.144,1.11988
42.1455,1.11988
42.147,1.11988
42.1485,1.11988
42.15,1.11988
42.1515,1.11987
42.153,1.11987
42.1545,1.11988
42.156,1.11988
42.1575,1.11988
42.159,1.11988
42.1605,1.11988
42.162,1.11987
42.1635,1.11987
42.165,1.11987
42.1665,1.11987
42.168,1.11987
42.1695,1.11987
42.171,1.11987
42.1725,1.11987
42.174,1.11987
42.1755,1.11987
42.177,1.11988
42.1785,1.11988
42.18,1.11988
42.1815,1.11988
42.183,1.11988
42.1845,1.11988
42.186,1.11988
42.1875,1.11988
42.189,1.11988
42.1905,1.11988
42.192,1.11988
42.1935,1.11988
42.195,1.11988
42.1965,1.11988
42.198,1.11988
42.1995,1.11988
42.201,1.11988
42.2025,1.11988
42.204,1.11988
42.2055,1.11988
42.207,1.11988
42.2085,1.11989
42.21,1.11989
42.2115,1.11989
42.213,1.11989
42.2145,1.11989
42.216,1.11989
42.2175,1.11989
42.219,1.11989
42.2205,1.11989
42.222,1.11989
42.2235,1.11989
42.225,1.11989
42.2265,1.1199
42.228,1.1199
42.2295,1.1199
42.231,1.1199
42.2325,1.1199
42.234,1.1199
42.2355,1.1199
42.237,1.1199
42.2385,1.1199
42.24,1.11991
42.2415,1.11991
42.243,1.11991
42.2445,1.11991
42.246,1.11991
42.2475,1.11991
42.249,1.11991
42.2505,1.11991
42.252,1.11992
42.2535,1.11992
42.255,1.11992
42.2565,1.11992
42.258,1.11992
42.2595,1.11992
42.261,1.11992
42.2625,1.11993
42.264,1.11993
42.2655,1.11993
42.267,1.11993
42.2685,1.11993
42.27,1.11993
42.2715,1.11994
42.273,1.11994
42.2745,1.11994
42.276,1.11994
42.2775,1.11994
42.279,1.11994
42.2805,1.11994
42.282,1.11995
42.2835,1.11995
42.285,1.11995
42.2865,1.11995
42.288,1.11995
42.2895,1.11996
42.291,1.11996
42.2925,1.11996
42.294,1.11996
42.2955,1.11996
42.297,1.11997
42.2985,1.11997
42.2999,1.11997
42.3014,1.11997
42.3029,1.11997
42.3044,1.11997
42.3059,1.11998
42.3074,1.11998
42.3089,1.11998
42.3104,1.11998
42.3119,1.11998
42.3134,1.11999
42.3149,1.11999
42.3164,1.11999
42.3179,1.11999
42.3194,1.11999
42.3209,1.12
42.3224,1.12
42.3239,1.12
42.3254,1.12
42.3269,1.12001
42.3284,1.12001
42.3299,1.12001
42.3314,1.12001
42.3329,1.12001
42.3344,1.12002
42.3359,1.12002
42.3374,1.12002
42.3389,1.12002
42.3404,1.12002
42.3419,1.12002
42.3434,1.12003
42.3449,1.12003
42.3464,1.12003
42.3479,1.12004
42.3494,1.12004
42.3509,1.12004
42.3524,1.12004
42.3539,1.12005
42.3554,1.12005
42.3569,1.12005
42.3584,1.12005
42.3599,1.12005
42.3614,1.12006
42.3629,1.12006
42.3644,1.12006
42.3659,1.12006
42.3674,1.12007
42.3689,1.12007
42.3704,1.12007
42.3719,1.12007
42.3734,1.12008
42.3749,1.12008
42.3764,1.12008
42.3779,1.12008
42.3794,1.12009
42.3809,1.12009
42.3824,1.12009
42.3839,1.12009
42.3854,1.1201
42.3869,1.1201
42.3884,1.1201
42.3899,1.1201
42.3914,1.12011
42.3929,1.12011
42.3944,1.12011
42.3959,1.12011
42.3974,1.12012
42.3989,1.12012
42.4004,1.12012
42.4019,1.12013
42.4034,1.12013
42.4049,1.12013
42.4064,1.12013
42.4079,1.12014
42.4094,1.12014
42.4109,1.12014
42.4124,1.12014
42.4139,1.12015
42.4154,1.12015
42.4169,1.12015
42.4184,1.12015
42.4199,1.12016
42.4214,1.12016
42.4229,1.12016
42.4244,1.12017
42.4259,1.12017
42.4274,1.12017
42.4289,1.12017
42.4304,1.12018
42.4319,1.12018
42.4334,1.12018
42.4349,1.12018
42.4364,1.12019
42.4379,1.12019
42.4394,1.12019
42.4409,1.1202
42.4424,1.1202
42.4439,1.1202
42.4454,1.12021
42.4469,1.12021
42.4484,1.12021
42.4499,1.12021
42.4514,1.12022
42.4529,1.12022
42.4544,1.12022
42.4559,1.12022
42.4574,1.12023
42.4589,1.12023
42.4604,1.12023
42.4619,1.12024
42.4634,1.12024
42.4649,1.12024
42.4664,1.12024
42.4679,1.12025
42.4694,1.12025
42.4709,1.12025
42.4724,1.12026
42.4739,1.12026
42.4754,1.12026
42.4769,1.12026
42.4784,1.12027
42.4799,1.12027
42.4813,1.12027
42.4828,1.12027
42.4843,1.12028
42.4858,1.12028
42.4873,1.12028
42.4888,1.12029
42.4903,1.12029
42.4918,1.12029
42.4933,1.12029
42.4948,1.1203
42.4963,1.1203
42.4978,1.1203
42.4993,1.1203
42.5008,1.12031
42.5023,1.12031
42.5038,1.12031
42.5053,1.12032
42.5068,1.12032
42.5083,1.12032
42.5098,1.12032
42.5113,1.12033
42.5128,1.12033
42.5143,1.12033
42.5158,1.12033
42.5173,1.12034
42.5188,1.12034
42.5203,1.12034
42.5218,1.12034
42.5233,1.12035
42.5248,1.12035
42.5263,1.12035
42.5278,1.12036
42.5293,1.12036
42.5308,1.12036
42.5323,1.12036
42.5338,1.12037
42.5353,1.12037
42.5368,1.12037
42.5383,1.12037
42.5398,1.12038
42.5413,1.12038
42.5428,1.12038
42.5443,1.12038
42.5458,1.12039
42.5473,1.12039
42.5488,1.12039
42.5503,1.12039
42.5518,1.1204
42.5533,1.1204
42.5548,1.1204
42.5563,1.12041
42.5578,1.12041
42.5593,1.12041
42.5608,1.12041
42.5623,1.12041
42.5638,1.12042
42.5653,1.12042
42.5668,1.12042
42.5683,1.12043
42.5698,1.12043
42.5713,1.12043
42.5728,1.12043
42.5743,1.12044
42.5758,1.12044
42.5773,1.12044
42.5788,1.12044
42.5803,1.12045
42.5818,1.12045
42.5833,1.12045
42.5848,1.12045
42.5863,1.12046
42.5878,1.12046
42.5893,1.12046
42.5908,1.12047
42.5923,1.12047
42.5938,1.12047
42.5953,1.12047
42.5968,1.12048
42.5983,1.12048
42.5998,1.12048
42.6013,1.12049
42.6028,1.12049
42.6043,1.12049
42.6058,1.12049
42.6073,1.1205
42.6088,1.1205
42.6103,1.1205
42.6118,1.1205
42.6133,1.12051
42.6148,1.12051
42.6163,1.12051
42.6178,1.12051
42.6193,1.12052
42.6208,1.12052
42.6223,1.12052
42.6238,1.12053
42.6253,1.12053
42.6268,1.12053
42.6283,1.12053
42.6298,1.12054
42.6313,1.12054
42.6328,1.12054
42.6343,1.12054
42.6358,1.12054
42.6373,1.12055
42.6388,1.12055
42.6403,1.12055
42.6418,1.12055
42.6433,1.12056
42.6448,1.12056
42.6463,1.12056
42.6478,1.12057
42.6493,1.12057
42.6508,1.12057
42.6523,1.12057
42.6538,1.12058
42.6553,1.12058
42.6568,1.12058
42.6583,1.12058
42.6598,1.12058
42.6613,1.12059
42.6628,1.12059
42.6642,1.12059
42.6657,1.12059
42.6672,1.1206
42.6687,1.1206
42.6702,1.1206
42.6717,1.1206
42.6732,1.1206
42.6747,1.12061
42.6762,1.12061
42.6777,1.12061
42.6792,1.12061
42.6807,1.12062
42.6822,1.12062
42.6837,1.12062
42.6852,1.12062
42.6867,1.12063
42.6882,1.12063
42.6897,1.12063
42.6912,1.12063
42.6927,1.12063
42.6942,1.12064
42.6957,1.12064
42.6972,1.12064
42.6987,1.12064
42.7002,1.12064
42.7017,1.12065
42.7032,1.12065
42.7047,1.12065
42.7062,1.12065
42.7077,1.12065
42.7092,1.12066
42.7107,1.12066
42.7122,1.12066
42.7137,1.12066
42.7152,1.12066
42.7167,1.12067
42.7182,1.12067
42.7197,1.12067
42.7212,1.12067
42.7227,1.12067
42.7242,1.12067
42.7257,1.12068
42.7272,1.12068
42.7287,1.12068
42.7302,1.12068
42.7317,1.12068
42.7332,1.12068
42.7347,1.12068
42.7362,1.12069
42.7377,1.12069
42.7392,1.12069
42.7407,1.12069
42.7422,1.12069
42.7437,1.12069
42.7452,1.1207
42.7467,1.1207
42.7482,1.1207
42.7497,1.1207
42.7512,1.1207
42.7527,1.1207
42.7542,1.1207
42.7557,1.12071
42.7572,1.12071
42.7587,1.12071
42.7602,1.12071
42.7617,1.12071
42.7632,1.12071
42.7647,1.12071
42.7662,1.12071
42.7677,1.12072
42.7692,1.12072
42.7707,1.12072
42.7722,1.12072
42.7737,1.12072
42.7752,1.12072
42.7767,1.12072
42.7782,1.12072
42.7797,1.12073
42.7812,1.12073
42.7827,1.12073
42.7842,1.12073
42.7857,1.12073
42.7872,1.12073
42.7887,1.12073
42.7902,1.12073
42.7917,1.12073
42.7932,1.12074
42.7947,1.12074
42.7962,1.12074
42.7977,1.12074
42.7992,1.12074
42.8007,1.12074
42.8022,1.12074
42.8037,1.12074
42.8052,1.12074
42.8067,1.12075
42.8082,1.12075
42.8097,1.12075
42.8112,1.12075
42.8127,1.12075
42.8142,1.12075
42.8157,1.12075
42.8172,1.12075
42.8187,1.12076
42.8202,1.12076
42.8217,1.12076
42.8232,1.12076
42.8247,1.12076
42.8262,1.12076
42.8277,1.12076
42.8292,1.12076
42.8307,1.12076
42.8322,1.12077
42.8337,1.12077
42.8352,1.12077
42.8367,1.12077
42.8382,1.12077
42.8397,1.12077
42.8412,1.12077
42.8427,1.12077
42.8442,1.12077
42.8456,1.12078
42.8471,1.12078
42.8486,1.12078
42.8501,1.12078
42.8516,1.12078
42.8531,1.12078
42.8546,1.12078
42.8561,1.12078
42.8576,1.12078
42.8591,1.12079
42.8606,1.12079
42.8621,1.12079
42.8636,1.12079
42.8651,1.12079
42.8666,1.12079
42.8681,1.12079
42.8696,1.12079
42.8711,1.12079
42.8726,1.1208
42.8741,1.1208
42.8756,1.1208
42.8771,1.1208
42.8786,1.1208
42.8801,1.1208
42.8816,1.1208
42.8831,1.1208
42.8846,1.1208
42.8861,1.12081
42.8876,1.12081
42.8891,1.12081
42.8906,1.12081
42.8921,1.12081
42.8936,1.12081
42.8951,1.12081
42.8966,1.12082
42.8981,1.12082
42.8996,1.12082
42.9011,1.12082
42.9026,1.12082
42.9041,1.12082
42.9056,1.12083
42.9071,1.12083
42.9086,1.12083
42.9101,1.12083
42.9116,1.12083
42.9131,1.12083
42.9146,1.12083
42.9161,1.12083
42.9176,1.12084
42.9191,1.12084
42.9206,1.12084
42.9221,1.12084
42.9236,1.12084
42.9251,1.12084
42.9266,1.12084
42.9281,1.12085
42.9296,1.12085
42.9311,1.12085
42.9326,1.12085
42.9341,1.12085
42.9356,1.12085
42.9371,1.12085
42.9386,1.12086
42.9401,1.12086
42.9416,1.12086
42.9431,1.12086
42.9446,1.12086
42.9461,1.12086
42.9476,1.12086
42.9491,1.12087
42.9506,1.12087
42.9521,1.12087
42.9536,1.12087
42.9551,1.12087
42.9566,1.12087
42.9581,1.12087
42.9596,1.12088
42.9611,1.12088
42.9626,1.12088
42.9641,1.12088
42.9656,1.12088
42.9671,1.12088
42.9686,1.12089
42.9701,1.12089
42.9716,1.12089
42.9731,1.12089
42.9746,1.12089
42.9761,1.12089
42.9776,1.12089
42.9791,1.1209
42.9806,1.1209
42.9821,1.1209
42.9836,1.1209
42.9851,1.1209
42.9866,1.1209
42.9881,1.12091
42.9896,1.12091
42.9911,1.12091
42.9926,1.12091
42.9941,1.12091
42.9956,1.12091
42.9971,1.12091
42.9986,1.12092
43.0001,1.12092
43.0016,1.12092
43.0031,1.12092
43.0046,1.12092
43.0061,1.12092
43.0076,1.12093
43.0091,1.12093
43.0106,1.12093
43.0121,1.12093
43.0136,1.12093
43.0151,1.12093
43.0166,1.12093
43.0181,1.12094
43.0196,1.12094
43.0211,1.12094
43.0226,1.12094
43.0241,1.12094
43.0256,1.12094
43.0271,1.12095
43.0285,1.12095
43.03,1.12095
43.0315,1.12095
43.033,1.12095
43.0345,1.12095
43.036,1.12096
43.0375,1.12096
43.039,1.12096
43.0405,1.12096
43.042,1.12096
43.0435,1.12096
43.045,1.12096
43.0465,1.12097
43.048,1.12097
43.0495,1.12097
43.051,1.12097
43.0525,1.12097
43.054,1.12097
43.0555,1.12097
43.057,1.12098
43.0585,1.12098
43.06,1.12098
43.0615,1.12098
43.063,1.12098
43.0645,1.12098
43.066,1.12098
43.0675,1.12099
43.069,1.12099
43.0705,1.12099
43.072,1.12099
43.0735,1.12099
43.075,1.12099
43.0765,1.12099
43.078,1.121
43.0795,1.121
43.081,1.121
43.0825,1.121
43.084,1.121
43.0855,1.121
43.087,1.12101
43.0885,1.12101
43.09,1.12101
43.0915,1.12101
43.093,1.12101
43.0945,1.12101
43.096,1.12101
43.0975,1.12102
43.099,1.12102
43.1005,1.12102
43.102,1.12102
43.1035,1.12102
43.105,1.12102
43.1065,1.12102
43.108,1.12103
43.1095,1.12103
43.111,1.12103
43.1125,1.12103
43.114,1.12103
43.1155,1.12103
43.117,1.12103
43.1185,1.12103
43.12,1.12104
43.1215,1.12104
43.123,1.12104
43.1245,1.12104
43.126,1.12104
43.1275,1.12104
43.129,1.12104
43.1305,1.12104
43.132,1.12105
43.1335,1.12105
43.135,1.12105
43.1365,1.12105
43.138,1.12105
43.1395,1.12105
43.141,1.12105
43.1425,1.12105
43.144,1.12106
43.1455,1.12106
43.147,1.12106
43.1485,1.12106
43.15,1.12106
43.1515,1.12106
43.153,1.12106
43.1545,1.12106
43.156,1.12106
43.1575,1.12107
43.159,1.12107
43.1605,1.12107
43.162,1.12107
43.1635,1.12107
43.165,1.12107
43.1665,1.12107
43.168,1.12107
43.1695,1.12107
43.171,1.12107
43.1725,1.12107
43.174,1.12108
43.1755,1.12108
43.177,1.12108
43.1785,1.12108
43.18,1.12108
43.1815,1.12108
43.183,1.12108
43.1845,1.12108
43.186,1.12108
43.1875,1.12108
43.189,1.12108
43.1905,1.12108
43.192,1.12109
43.1935,1.12109
43.195,1.12109
43.1965,1.12109
43.198,1.12109
43.1995,1.12109
43.201,1.12109
43.2025,1.12109
43.204,1.12109
43.2055,1.12109
43.207,1.12109
43.2085,1.12109
43.2099,1.12109
43.2114,1.1211
43.2129,1.1211
43.2144,1.1211
43.2159,1.1211
43.2174,1.1211
43.2189,1.1211
43.2204,1.1211
43.2219,1.1211
43.2234,1.1211
43.2249,1.1211
43.2264,1.1211
43.2279,1.1211
43.2294,1.1211
43.2309,1.1211
43.2324,1.1211
43.2339,1.1211
43.2354,1.1211
43.2369,1.1211
43.2384,1.12111
43.2399,1.1211
43.2414,1.12111
43.2429,1.12111
43.2444,1.12111
43.2459,1.12111
43.2474,1.12111
43.2489,1.12111
43.2504,1.12111
43.2519,1.12111
43.2534,1.12111
43.2549,1.12111
43.2564,1.12111
43.2579,1.12111
43.2594,1.12111
43.2609,1.12111
43.2624,1.12111
43.2639,1.12111
43.2654,1.12111
43.2669,1.12111
43.2684,1.12111
43.2699,1.12111
43.2714,1.12111
43.2729,1.12111
43.2744,1.12111
43.2759,1.12111
43.2774,1.12111
43.2789,1.12111
43.2804,1.12111
43.2819,1.12111
43.2834,1.12111
43.2849,1.12111
43.2864,1.12111
43.2879,1.12111
43.2894,1.12111
43.2909,1.12111
43.2924,1.12111
43.2939,1.12111
43.2954,1.12111
43.2969,1.12111
43.2984,1.12111
43.2999,1.12111
43.3014,1.12111
43.3029,1.12111
43.3044,1.12111
43.3059,1.12111
43.3074,1.12111
43.3089,1.12111
43.3104,1.12111
43.3119,1.12111
43.3134,1.12111
43.3149,1.12111
43.3164,1.12111
43.3179,1.12111
43.3194,1.12111
43.3209,1.12111
43.3224,1.12111
43.3239,1.12111
43.3254,1.12111
43.3269,1.12111
43.3284,1.12111
43.3299,1.12111
43.3314,1.1211
43.3329,1.1211
43.3344,1.1211
43.3359,1.1211
43.3374,1.1211
43.3389,1.1211
43.3404,1.1211
43.3419,1.1211
43.3434,1.1211
43.3449,1.1211
43.3464,1.1211
43.3479,1.1211
43.3494,1.1211
43.3509,1.1211
43.3524,1.1211
43.3539,1.12109
43.3554,1.12109
43.3569,1.12109
43.3584,1.12109
43.3599,1.12109
43.3614,1.12109
43.3629,1.12109
43.3644,1.12109
43.3659,1.12109
43.3674,1.12109
43.3689,1.12108
43.3704,1.12108
43.3719,1.12108
43.3734,1.12108
43.3749,1.12108
43.3764,1.12108
43.3779,1.12107
43.3794,1.12107
43.3809,1.12107
43.3824,1.12107
43.3839,1.12107
43.3854,1.12107
43.3869,1.12107
43.3884,1.12107
43.3899,1.12106
43.3913,1.12106
43.3928,1.12106
43.3943,1.12106
43.3958,1.12106
43.3973,1.12106
43.3988,1.12106
43.4003,1.12106
43.4018,1.12105
43.4033,1.12105
43.4048,1.12105
43.4063,1.12105
43.4078,1.12104
43.4093,1.12104
43.4108,1.12104
43.4123,1.12104
43.4138,1.12104
43.4153,1.12104
43.4168,1.12103
43.4183,1.12103
43.4198,1.12103
43.4213,1.12103
43.4228,1.12103
43.4243,1.12102
43.4258,1.12102
43.4273,1.12102
43.4288,1.12102
43.4303,1.12102
43.4318,1.12101
43.4333,1.12101
43.4348,1.12101
43.4363,1.12101
43.4378,1.12101
43.4393,1.121
43.4408,1.121
43.4423,1.121
43.4438,1.121
43.4453,1.12099
43.4468,1.12099
43.4483,1.12099
43.4498,1.12099
43.4513,1.12099
43.4528,1.12098
43.4543,1.12098
43.4558,1.12098
43.4573,1.12098
43.4588,1.12097
43.4603,1.12097
43.4618,1.12097
43.4633,1.12097
43.4648,1.12096
43.4663,1.12096
43.4678,1.12096
43.4693,1.12096
43.4708,1.12095
43.4723,1.12095
43.4738,1.12095
43.4753,1.12095
43.4768,1.12094
43.4783,1.12094
43.4798,1.12094
43.4813,1.12094
43.4828,1.12093
43.4843,1.12093
43.4858,1.12093
43.4873,1.12092
43.4888,1.12092
43.4903,1.12092
43.4918,1.12092
43.4933,1.12092
43.4948,1.12091
43.4963,1.12091
43.4978,1.12091
43.4993,1.1209
43.5008,1.1209
43.5023,1.1209
43.5038,1.1209
43.5053,1.12089
43.5068,1.12089
43.5083,1.12089
43.5098,1.12088
43.5113,1.12088
43.5128,1.12088
43.5143,1.12087
43.5158,1.12087
43.5173,1.12087
43.5188,1.12087
43.5203,1.12086
43.5218,1.12086
43.5233,1.12086
43.5248,1.12085
43.5263,1.12085
43.5278,1.12085
43.5293,1.12085
43.5308,1.12084
43.5323,1.12084
43.5338,1.12084
43.5353,1.12083
43.5368,1.12083
43.5383,1.12083
43.5398,1.12082
43.5413,1.12082
43.5428,1.12082
43.5443,1.12082
43.5458,1.12081
43.5473,1.12081
43.5488,1.12081
43.5503,1.1208
43.5518,1.1208
43.5533,1.1208
43.5548,1.12079
43.5563,1.12079
43.5578,1.12079
43.5593,1.12079
43.5608,1.12078
43.5623,1.12078
43.5638,1.12078
43.5653,1.12077
43.5668,1.12077
43.5683,1.12077
43.5698,1.12076
43.5713,1.12076
43.5728,1.12076
43.5742,1.12075
43.5757,1.12075
43.5772,1.12075
43.5787,1.12074
43.5802,1.12074
43.5817,1.12074
43.5832,1.12074
43.5847,1.12073
43.5862,1.12073
43.5877,1.12073
43.5892,1.12072
43.5907,1.12072
43.5922,1.12072
43.5937,1.12071
43.5952,1.12071
43.5967,1.12071
43.5982,1.1207
43.5997,1.1207
43.6012,1.1207
43.6027,1.1207
43.6042,1.12069
43.6057,1.12069
43.6072,1.12069
43.6087,1.12068
43.6102,1.12068
43.6117,1.12068
43.6132,1.12067
43.6147,1.12067
43.6162,1.12067
43.6177,1.12066
43.6192,1.12066
43.6207,1.12066
43.6222,1.12065
43.6237,1.12065
43.6252,1.12065
43.6267,1.12064
43.6282,1.12064
43.6297,1.12064
43.6312,1.12064
43.6327,1.12063
43.6342,1.12063
43.6357,1.12063
43.6372,1.12062
43.6387,1.12062
43.6402,1.12062
43.6417,1.12061
43.6432,1.12061
43.6447,1.12061
43.6462,1.12061
43.6477,1.1206
43.6492,1.1206
43.6507,1.1206
43.6522,1.12059
43.6537,1.12059
43.6552,1.12059
43.6567,1.12059
43.6582,1.12058
43.6597,1.12058
43.6612,1.12058
43.6627,1.12057
43.6642,1.12057
43.6657,1.12057
43.6672,1.12056
43.6687,1.12056
43.6702,1.12056
43.6717,1.12056
43.6732,1.12055
43.6747,1.12055
43.6762,1.12055
43.6777,1.12055
43.6792,1.12054
43.6807,1.12054
43.6822,1.12054
43.6837,1.12053
43.6852,1.12053
43.6867,1.12053
43.6882,1.12053
43.6897,1.12052
43.6912,1.12052
43.6927,1.12052
43.6942,1.12052
43.6957,1.12051
43.6972,1.12051
43.6987,1.12051
43.7002,1.12051
43.7017,1.1205
43.7032,1.1205
43.7047,1.1205
43.7062,1.12049
43.7077,1.12049
43.7092,1.12049
43.7107,1.12049
43.7122,1.12049
43.7137,1.12048
43.7152,1.12048
43.7167,1.12048
43.7182,1.12048
43.7197,1.12047
43.7212,1.12047
43.7227,1.12047
43.7242,1.12047
43.7257,1.12046
43.7272,1.12046
43.7287,1.12046
43.7302,1.12046
43.7317,1.12046
43.7332,1.12045
43.7347,1.12045
43.7362,1.12045
43.7377,1.12045
43.7392,1.12044
43.7407,1.12044
43.7422,1.12044
43.7437,1.12044
43.7452,1.12044
43.7467,1.12043
43.7482,1.12043
43.7497,1.12043
43.7512,1.12043
43.7527,1.12042
43.7542,1.12042
43.7556,1.12042
43.7571,1.12042
43.7586,1.12042
43.7601,1.12042
43.7616,1.12041
43.7631,1.12041
43.7646,1.12041
43.7661,1.12041
43.7676,1.12041
43.7691,1.1204
43.7706,1.1204
43.7721,1.1204
43.7736,1.1204
43.7751,1.1204
43.7766,1.1204
43.7781,1.12039
43.7796,1.12039
43.7811,1.12039
43.7826,1.12039
43.7841,1.12039
43.7856,1.12039
43.7871,1.12038
43.7886,1.12038
43.7901,1.12038
43.7916,1.12038
43.7931,1.12038
43.7946,1.12038
43.7961,1.12038
43.7976,1.12037
43.7991,1.12037
43.8006,1.12037
43.8021,1.12037
43.8036,1.12037
43.8051,1.12037
43.8066,1.12037
43.8081,1.12036
43.8096,1.12036
43.8111,1.12036
43.8126,1.12036
43.8141,1.12036
43.8156,1.12036
43.8171,1.12035
43.8186,1.12035
43.8201,1.12035
43.8216,1.12035
43.8231,1.12035
43.8246,1.12035
43.8261,1.12035
43.8276,1.12035
43.8291,1.12034
43.8306,1.12034
43.8321,1.12034
43.8336,1.12034
43.8351,1.12034
43.8366,1.12034
43.8381,1.12034
43.8396,1.12034
43.8411,1.12034
43.8426,1.12033
43.8441,1.12033
43.8456,1.12033
43.8471,1.12033
43.8486,1.12033
43.8501,1.12033
43.8516,1.12033
43.8531,1.12032
43.8546,1.12032
43.8561,1.12032
43.8576,1.12032
43.8591,1.12032
43.8606,1.12032
43.8621,1.12032
43.8636,1.12032
43.8651,1.12032
43.8666,1.12032
43.8681,1.12031
43.8696,1.12031
43.8711,1.12031
43.8726,1.12031
43.8741,1.12031
43.8756,1.12031
43.8771,1.12031
43.8786,1.12031
43.8801,1.1203
43.8816,1.1203
43.8831,1.1203
43.8846,1.1203
43.8861,1.1203
43.8876,1.1203
43.8891,1.1203
43.8906,1.1203
43.8921,1.1203
43.8936,1.12029
43.8951,1.12029
43.8966,1.12029
43.8981,1.12029
43.8996,1.12029
43.9011,1.12029
43.9026,1.12029
43.9041,1.12029
43.9056,1.12028
43.9071,1.12028
43.9086,1.12028
43.9101,1.12028
43.9116,1.12028
43.9131,1.12028
43.9146,1.12028
43.9161,1.12028
43.9176,1.12028
43.9191,1.12027
43.9206,1.12027
43.9221,1.12027
43.9236,1.12027
43.9251,1.12027
43.9266,1.12027
43.9281,1.12027
43.9296,1.12027
43.9311,1.12026
43.9326,1.12026
43.9341,1.12026
43.9356,1.12026
43.937,1.12026
43.9385,1.12026
43.94,1.12026
43.9415,1.12026
43.943,1.12026
43.9445,1.12025
43.946,1.12025
43.9475,1.12025
43.949,1.12025
43.9505,1.12025
43.952,1.12025
43.9535,1.12025
43.955,1.12024
43.9565,1.12024
43.958,1.12024
43.9595,1.12024
43.961,1.12024
43.9625,1.12024
43.964,1.12024
43.9655,1.12023
43.967,1.12023
43.9685,1.12023
43.97,1.12023
43.9715,1.12023
43.973,1.12023
43.9745,1.12023
43.976,1.12022
43.9775,1.12022
43.979,1.12022
43.9805,1.12022
43.982,1.12022
43.9835,1.12022
43.985,1.12022
43.9865,1.12021
43.988,1.12021
43.9895,1.12021
43.991,1.12021
43.9925,1.12021
43.994,1.12021
